id,probs
1,0.05420737284890653
2,0.1032114145742119
3,0.161435388877054
4,0.1032114145742119
5,0.03686772834215335
6,0.04478180307936397
7,0.05933602744669031
8,0.05359878939865026
9,0.10724861548863329
10,0.04926542602151762
11,0.03262656522446816
12,0.08438615941606242
13,0.05420737284890653
14,0.1358059296991101
15,0.09370487595623134
16,0.034244097218324776
17,0.07385216377472659
18,0.02715466388441856
19,0.0205792198147966
20,0.07117937310516897
21,0.077469195615396
22,0.09243228740625486
23,0.05723616664261977
24,0.21385639831781156
25,0.02641133422809616
26,0.0298396420682544
27,0.024343304212060435
28,0.0279832996058631
29,0.012171897053928182
30,0.05269177049588869
31,0.05350975797163271
32,0.03745631318649689
33,0.04921757517313152
34,0.04179954378731221
35,0.06929956682136851
36,0.041103268424488304
37,0.05104626686367442
38,0.07647802418989391
39,0.14224574949093038
40,0.09065527326543987
41,0.13496751343173585
42,0.07510072349474939
43,0.04202496281816914
44,0.03937776047570807
45,0.0317422353367961
46,0.0583938283990908
47,0.28435871753248854
48,0.06138338758887085
49,0.12642809380821884
50,0.1571397193509998
51,0.03558397267886371
52,0.05644859303125682
53,0.06590252670041075
54,0.03220305949348101
55,0.03783479759066177
56,0.29747593730815325
57,0.2547552390064798
58,0.06367426021592681
59,0.0937836508692581
60,0.11218919533235039
61,0.05224401536498102
62,0.054225093251874856
63,0.0520376596226384
64,0.07908013928304436
65,0.14311074060675744
66,0.2792295272025692
67,0.19138321494392407
68,0.06758960950825188
69,0.0859879420539309
70,0.05595167266387702
71,0.1908892271725946
72,0.24418895627127746
73,0.036069816757340556
74,0.061540093625633174
75,0.08638233667379513
76,0.06537823048518032
77,0.06604266771195388
78,0.23745200963903368
79,0.12771587841171994
80,0.17263918165735015
81,0.20802758482680794
82,0.06751991995831552
83,0.0664279672834216
84,0.16672134622168233
85,0.10501631209539863
86,0.24060512751830754
87,0.04333443713984264
88,0.04333443713984264
89,0.2244880060029384
90,0.04333443713984264
91,0.05360821064077759
92,0.03785509082681782
93,0.05360821064077759
94,0.05685779410098912
95,0.13329783885024749
96,0.19363777995116094
97,0.17045490783751605
98,0.07772945855415636
99,0.05677697342636545
100,0.047476497797039
101,0.2603961121069046
102,0.22862834384553887
103,0.2513182905928303
104,0.2751109082677312
105,0.12457418110432095
106,0.11074446313442676
107,0.0713885209509999
108,0.05898230248650116
109,0.1866504576014436
110,0.06848037247566363
111,0.1402166422458624
112,0.09715236986909814
113,0.10260581004462621
114,0.10260581004462621
115,0.0823142273132329
116,0.0844152319021515
117,0.08108008224360197
118,0.12829871135433346
119,0.009019641815380286
120,0.2448505433314042
121,0.20417653194195662
122,0.23694352700811216
123,0.11861244810346028
124,0.21067313968134682
125,0.1268852334426961
126,0.0955638956913143
127,0.07050766321970481
128,0.1495851683906575
129,0.01360073963234043
130,0.13099168439123898
131,0.06874013687807179
132,0.33382956031428446
133,0.2309973688257584
134,0.04360411878509085
135,0.07356926903261585
136,0.007400291989769325
137,0.05748716446438984
138,0.10164852770173471
139,0.07304509408841453
140,0.2034164461796113
141,0.12335093021260735
142,0.08045644920831874
143,0.045512944691115886
144,0.009543451633918454
145,0.08400106053459433
146,0.08379406388062771
147,0.05189221061958271
148,0.21357286637906137
149,0.08375328841878626
150,0.08333694374927958
151,0.09584363870542645
152,0.06179955776440571
153,0.10016730972659849
154,0.13909995060544222
155,0.1565673276052415
156,0.48110630109156705
157,0.4669899739035923
158,0.0073580631630114635
159,0.23790046533988252
160,0.05800335769490217
161,0.2975707320610438
162,0.20778434332309126
163,0.007424151324243788
164,0.15344721938344663
165,0.01565257638612505
166,0.12376586903032416
167,0.548184989153474
168,0.034970835860618554
169,0.2973448312094773
170,0.034970835860618554
171,0.12368773644983677
172,0.35555995780654814
173,0.6699058082099375
174,0.37277378797142935
175,0.0951252308489251
176,0.4276017988497516
177,0.1376066003496187
178,0.10398468195158272
179,0.4631656282147687
180,0.13617199394566104
181,0.12580670181201048
182,0.4451544440965117
183,0.30242873826455907
184,0.0997498221476576
185,0.09961544490879426
186,0.22127596047169962
187,0.29658554427672235
188,0.04927617807923135
189,0.0688903889189294
190,0.17026728522932133
191,0.23408270995662728
192,0.5207361359309165
193,0.19343792683145122
194,0.610576296980359
195,0.3763741426131074
196,0.12491369204649316
197,0.054352853406297585
198,0.30643628720537275
199,0.1037870583974213
200,0.4461827214355113
201,0.04668521805354331
202,0.12026892113939547
203,0.15125545441278965
204,0.18132883334853134
205,0.3576849785953141
206,0.18295104322617772
207,0.12325876417607817
208,0.24250990705118658
209,0.008879512014163371
210,0.05464402086222275
211,0.3626478974666335
212,0.008728088402091938
213,0.01560268867053205
214,0.21168875145374078
215,0.09312111904671971
216,0.22666501082166735
217,0.12158173164853037
218,0.17742098941375795
219,0.25416433770938607
220,0.3125845825669874
221,0.14890029035767094
222,0.09751743494793041
223,0.14652658132827356
224,0.1214199509940479
225,0.11111357275820177
226,0.20262676313728
227,0.16426054865113637
228,0.0871850175972041
229,0.13333147190679617
230,0.09921849557600071
231,0.09755902647568526
232,0.09755902647568526
233,0.23202347175407212
234,0.11695538249789661
235,0.0280107832590204
236,0.19540667155546354
237,0.1720589379816272
238,0.09106993586732104
239,0.07362894417625954
240,0.1538496345835635
241,0.43699054180956565
242,0.040931782471360534
243,0.05677660030740861
244,0.10135337903065067
245,0.16509887691735603
246,0.06445664256383499
247,0.10770466143521051
248,0.029934045770109385
249,0.31861070535626024
250,0.09900865656604929
251,0.12976637542289593
252,0.055212972722970544
253,0.038609104260457494
254,0.14805416307418207
255,0.07230475016066062
256,0.06202114175844187
257,0.0532413875896377
258,0.08038237592237607
259,0.08131957886214569
260,0.05911199938167444
261,0.08866343459829551
262,0.17396962592745135
263,0.05158261695568933
264,0.04291048817287013
265,0.08184815382397415
266,0.024665906894012157
267,0.08311419398146302
268,0.03280126412246975
269,0.0305554253569692
270,0.0305554253569692
271,0.0305554253569692
272,0.03217528451331353
273,0.06758131168585291
274,0.10195726116744308
275,0.04191141160236034
276,0.03136575605991376
277,0.07457694548419014
278,0.03994530636793803
279,0.12018505825341941
280,0.2380557061027404
281,0.1028784166376403
282,0.057854637460490355
283,0.1101270520878278
284,0.04801380764303276
285,0.06244822564733232
286,0.05824345861434044
287,0.046265225264222165
288,0.05387381135677338
289,0.027525640546768204
290,0.1613057964130895
291,0.13512135129568814
292,0.4028668611769751
293,0.04422739757828542
294,0.051034601984971895
295,0.072198900438737
296,0.0339017996011326
297,0.07302531781984456
298,0.07269417730028249
299,0.08777689210297401
300,0.12181667247406047
301,0.023971917741220206
302,0.02026294362025627
303,0.12893323099599496
304,0.06553198528567772
305,0.14389136145980164
306,0.048596709458422094
307,0.07334742426239316
308,0.0671458827724356
309,0.06824057520739579
310,0.10227341042792137
311,0.01872484167714361
312,0.16244286622158344
313,0.033751069258236566
314,0.07033502880413967
315,0.09516879976612991
316,0.08826836807727367
317,0.06355545455032818
318,0.03958342735786469
319,0.05814124291303169
320,0.05960554741015989
321,0.0367555756393696
322,0.01791263250180275
323,0.0273328239734838
324,0.03704986482602024
325,0.008509458470586928
326,0.020787535710255822
327,0.028787080921038655
328,0.051839060017933924
329,0.03691198789453898
330,0.024581691974251973
331,0.0341729857948051
332,0.05488501209003305
333,0.0341729857948051
334,0.031581645429223815
335,0.029317035545651682
336,0.03193208403038239
337,0.025348355042227877
338,0.1359132253554921
339,0.023015567143430338
340,0.1240082570024047
341,0.06395797709589413
342,0.055052336533529034
343,0.027337562353181966
344,0.02193605207882543
345,0.03719063514680321
346,0.07943135851337024
347,0.04983004194240248
348,0.06048343714783677
349,0.02375700818166193
350,0.058463431591059156
351,0.05787560633100486
352,0.045508339867750935
353,0.06957959179318973
354,0.02665972263516403
355,0.04761478335222391
356,0.017414007376393204
357,0.05299926931109045
358,0.1370256814777404
359,0.02742794947979621
360,0.04481205740844951
361,0.07906537866029362
362,0.03449466068421658
363,0.0928666973253569
364,0.01602018561021923
365,0.025692194447351602
366,0.06051262244142197
367,0.020284401021138043
368,0.034762357326816984
369,0.0381189075679651
370,0.023639354369254684
371,0.023639354369254684
372,0.024576192486250203
373,0.024576192486250203
374,0.016657018365716314
375,0.02594391783754524
376,0.09220620427293147
377,0.0837355942287763
378,0.03286599733551654
379,0.03666692892507051
380,0.016329618709758686
381,0.01933990163695054
382,0.025478735209351067
383,0.015454244219424762
384,0.03802621375848436
385,0.01682904442172839
386,0.02501634264245689
387,0.04977225879251568
388,0.06689023151208895
389,0.04668880196303127
390,0.03164681572829109
391,0.018045825444613528
392,0.03963436793966124
393,0.0799620492099109
394,0.016758948762203407
395,0.017442708545238106
396,0.06904706142450323
397,0.07650891350764255
398,0.022699691174420278
399,0.03347777860635537
400,0.031651979902848626
401,0.04775554407448912
402,0.018953789385226294
403,0.04880385481549354
404,0.007480120428853709
405,0.028823777688761543
406,0.029767612875760907
407,0.023658080906066692
408,0.033001525052241965
409,0.01812764529343558
410,0.027726938743186658
411,0.041001705242302955
412,0.01750666623002306
413,0.04758320739172284
414,0.025310132666341856
415,0.026455513229900807
416,0.027861699092311842
417,0.02810205287235945
418,0.03897370873453487
419,0.03301302595011657
420,0.05347534276882593
421,0.032603971501324214
422,0.09224560877149712
423,0.034200191508416244
424,0.032324304765251166
425,0.029023670553510184
426,0.015826611340560626
427,0.02950786031146857
428,0.02191849914659949
429,0.05014073056793844
430,0.15027656784282772
431,0.041131313810514825
432,0.12188930339167947
433,0.10824949649990756
434,0.05051219148832742
435,0.09340089470368595
436,0.02649208432534278
437,0.03987888222310987
438,0.01063732083529667
439,0.027555232642255456
440,0.030680204364284203
441,0.028466869334797806
442,0.017390547934841183
443,0.019109263378614072
444,0.04715864492154942
445,0.019109263378614072
446,0.03125536744411794
447,0.013398332523170242
448,0.02598639422920168
449,0.028920461736563485
450,0.06000662847520266
451,0.02947504552296265
452,0.08875552155788569
453,0.04534395877610198
454,0.014800314964407257
455,0.02485703814874629
456,0.01812793411000213
457,0.03134664633130013
458,0.051670641367279946
459,0.00926684300284808
460,0.00926684300284808
461,0.00926684300284808
462,0.00926684300284808
463,0.00926684300284808
464,0.00926684300284808
465,0.00926684300284808
466,0.00926684300284808
467,0.00926684300284808
468,0.00926684300284808
469,0.024621075799762693
470,0.03684329597766922
471,0.02702471800667461
472,0.024568128783093557
473,0.02616750844681981
474,0.03126308606394246
475,0.01805921785245257
476,0.030708541006995382
477,0.030648034387019685
478,0.03859757540173869
479,0.03859757540173869
480,0.043775260245822345
481,0.03372601300117517
482,0.059011048225247054
483,0.03885161639520773
484,0.027882884493750648
485,0.025198926560959345
486,0.020457803795152274
487,0.020356224538145007
488,0.04016055495407278
489,0.017993162939722973
490,0.11136001444081578
491,0.015078680800177602
492,0.06721566349731378
493,0.019125206762161118
494,0.02393795194573478
495,0.051186028659034544
496,0.05377155694083369
497,0.016709753759884816
498,0.05068401343969564
499,0.043750290357872035
500,0.020110383085179873
501,0.023194336126239
502,0.019179332330027554
503,0.01727594935452259
504,0.045875065004432614
505,0.01900149785805383
506,0.012843446102084766
507,0.021634164664418143
508,0.01420958425364427
509,0.02245645934396656
510,0.027347892187169376
511,0.018666334071758994
512,0.029951305104055748
513,0.01573316707577921
514,0.02027648407578475
515,0.012923521541709171
516,0.01699268253669428
517,0.021047280593006645
518,0.01826617659788965
519,0.030636921360222114
520,0.010692502206886334
521,0.019725246339962643
522,0.026207208587919473
523,0.019416709791004072
524,0.023308543400058723
525,0.023308543400058723
526,0.0235451325081244
527,0.016171240495644112
528,0.017587418950168354
529,0.017587418950168354
530,0.02204691312336049
531,0.03467632405218202
532,0.02370700273375581
533,0.028974704174530075
534,0.011419119680876832
535,0.026629065950389608
536,0.080338358886633765
537,0.027562833213398585
538,0.01292749755905076
539,0.028669344100498595
540,0.028845206573703264
541,0.04909551361794229
542,0.050610393787644314
543,0.05171189345214644
544,0.027472303021689903
545,0.021157800523603276
546,0.023612560940674654
547,0.021470607781432283
548,0.030210297474119185
549,0.03401687784314311
550,0.04066171495849136
551,0.024629053355318842
552,0.030252553195436405
553,0.03336129197030013
554,0.02319884701633923
555,0.034045760472290465
556,0.021752272963030506
557,0.036352613791764465
558,0.04694705930044829
559,0.053348675250411315
560,0.03904926950416365
561,0.03953824823067631
562,0.007284737481564552
563,0.014855009981133427
564,0.016245481711467002
565,0.02165566128753993
566,0.00549774449935736
567,0.00549774449935736
568,0.00549774449935736
569,0.025142218323433774
570,0.00549774449935736
571,0.01132806278919074
572,0.04004798044059221
573,0.021430164926620865
574,0.021430164926620865
575,0.03667002485036419
576,0.021430164926620865
577,0.011135196969545014
578,0.012656996294548084
579,0.012416128396667392
580,0.012416128396667392
581,0.03137161129467225
582,0.012416128396667392
583,0.14626731676392057
584,0.012416128396667392
585,0.012416128396667392
586,0.012656996294548084
587,0.012416128396667392
588,0.02000096561331144
589,0.012416128396667392
590,0.012416128396667392
591,0.04841801430183834
592,0.012656996294548084
593,0.06390723427981693
594,0.025626782316437446
595,0.010830595069951876
596,0.010616538017193089
597,0.030226657869466544
598,0.022944071306984393
599,0.016372111939346734
600,0.011366361058446128
601,0.037532022995035996
602,0.00895545477055315
603,0.04269524849532824
604,0.04269524849532824
605,0.029238768816041594
606,0.040446195872844704
607,0.0186196094088259
608,0.022422233743455866
609,0.022422233743455866
610,0.019920976933733847
611,0.022422233743455866
612,0.022069273133412337
613,0.02834927405643406
614,0.08429634022291377
615,0.02536420134504125
616,0.031132595203128388
617,0.08429634022291377
618,0.02536420134504125
619,0.02536420134504125
620,0.027916334392769748
621,0.010303276350719592
622,0.016315731385944665
623,0.018443266483330167
624,0.030729517124783667
625,0.016830990104164223
626,0.020864278749908594
627,0.019540680892082274
628,0.026133422703435105
629,0.014382547573779214
630,0.018457267587700277
631,0.03233442432514777
632,0.014042560287301331
633,0.03233442432514777
634,0.033107336057571324
635,0.02424341417138598
636,0.047188239014480104
637,0.047188239014480104
638,0.047371356230394124
639,0.013717246973799058
640,0.05466990298516283
641,0.01326242679609091
642,0.02846080837983389
643,0.046071908873938416
644,0.02185147161092882
645,0.0257113155249713
646,0.03457526716742809
647,0.026622918583246946
648,0.04003189137017493
649,0.013242380235979567
650,0.028785852540947676
651,0.028053906015006902
652,0.014182212353837653
653,0.02208211974596297
654,0.022831866584788196
655,0.0690539345586586
656,0.04010224217033276
657,0.04292404032277375
658,0.004051461841524384
659,0.004051461841524384
660,0.004051461841524384
661,4.772204875514996e-4
662,0.004051461841524384
663,4.772204875514996e-4
664,0.004191643794502875
665,0.004051461841524384
666,0.004051461841524384
667,7.834120090899344e-4
668,0.004051461841524384
669,0.004051461841524384
670,0.005133188395946453
671,0.004051461841524384
672,0.8000910934236943
673,0.11485735566979904
674,0.04327667038326821
675,0.0506202630639655
676,0.0175903132752111
677,0.023077318828011006
678,0.02640519390463869
679,0.018325935843034435
680,0.020273205040351905
681,0.06013232905809618
682,0.02386893832290715
683,0.01655251070693975
684,0.02386893832290715
685,0.024677821474157313
686,0.031555771310554426
687,0.023062613364799645
688,0.023062613364799645
689,0.023062613364799645
690,0.023062613364799645
691,0.0369816863267981
692,0.01197595528018236
693,0.02197642392886423
694,0.02197642392886423
695,0.02197642392886423
696,0.02197642392886423
697,0.02197642392886423
698,0.02197642392886423
699,0.02197642392886423
700,0.017587418950168354
701,0.014764943715418477
702,0.0366335948570492
703,0.015036695582954174
704,0.031010694487360824
705,0.014235143171877573
706,0.024505936123374594
707,0.027354496868623235
708,0.01848534236165078
709,0.028421084679382314
710,0.028680927500022158
711,0.028421084679382314
712,0.028421084679382314
713,0.04963356009180342
714,0.028421084679382314
715,0.028421084679382314
716,0.028421084679382314
717,0.028421084679382314
718,0.028680927500022158
719,0.010863672925205625
720,0.028680927500022158
721,0.028421084679382314
722,0.028421084679382314
723,0.04919350503521924
724,0.028680927500022158
725,0.021041182405710623
726,0.03515066143332335
727,0.02591400620522666
728,0.029172678991070233
729,0.043306942976324536
730,0.029125608418522964
731,0.026991793163535283
732,0.026991793163535283
733,0.0298174126301487
734,0.026991793163535283
735,0.026991793163535283
736,0.030822625920590596
737,0.022068328087272104
738,0.026991793163535283
739,0.037624041736321834
740,0.022068328087272104
741,0.022068328087272104
742,0.022068328087272104
743,0.022068328087272104
744,0.030822625920590596
745,0.022627997692898916
746,0.022068328087272104
747,0.04649838090556069
748,0.022068328087272104
749,0.04649838090556069
750,0.024412973132787452
751,0.020065746899917802
752,0.020065746899917802
753,0.026634579109622858
754,0.031282983790781316
755,0.03064320989049374
756,0.028483465278968056
757,0.03064320989049374
758,0.03064320989049374
759,0.03064320989049374
760,0.028483465278968056
761,0.028483465278968056
762,0.02793150913628395
763,0.028483465278968056
764,0.03064320989049374
765,0.02373766593904647
766,0.01004922573010425
767,0.025380277164970155
768,0.025380277164970155
769,0.025380277164970155
770,0.025380277164970155
771,0.020190233021101234
772,0.1189490940007294
773,0.03910224892096603
774,0.03051503089776375
775,0.03051503089776375
776,0.03051503089776375
777,0.03910224892096603
778,0.028364056044271613
779,0.03394734296139934
780,0.028344201808981673
781,0.030493718278613358
782,0.031519856092079634
783,0.028344201808981673
784,0.031519856092079634
785,0.028344201808981673
786,0.04504079738712918
787,0.025965058630795346
788,0.04007894261339773
789,0.020347725169526987
790,0.038955837024975626
791,0.07074991124555152
792,0.05561483089970354
793,0.038955837024975626
794,0.038955837024975626
795,0.038955837024975626
796,0.04158895070737845
797,0.038955837024975626
798,0.038955837024975626
799,0.05050441328423538
800,0.05537400251285973
801,0.02010275606352563
802,0.03036614501302226
803,0.03036614501302226
804,0.030344933125490137
805,0.030344933125490137
806,0.030344933125490137
807,0.030344933125490137
808,0.030344933125490137
809,0.030344933125490137
810,0.030344933125490137
811,0.028205599468094422
812,0.0475342263969738
813,0.04117188347635503
814,0.021678566305160962
815,0.037763230139956416
816,0.022801225854161
817,0.008243170342914996
818,0.013300711536931353
819,0.02492716491353808
820,0.01493689677515031
821,0.015687071000499708
822,0.01516830116037382
823,0.024279557687913456
824,0.007085561891308156
825,0.027464530607092752
826,0.03240951410321824
827,0.02808732143321968
828,0.02808732143321968
829,0.030217962915255248
830,0.030217962915255248
831,0.040293392088091795
832,0.04950450925631611
833,0.02808732143321968
834,0.007456082575069578
835,0.031213320942055867
836,0.02806765531061095
837,0.02806765531061095
838,0.030196851314872264
839,0.030196851314872264
840,0.030196851314872264
841,0.030196851314872264
842,0.02806765531061095
843,0.030196851314872264
844,0.035406833305933305
845,0.035406833305933305
846,0.023964694484306936
847,0.035125272987303946
848,0.035125272987303946
849,0.028876586936209758
850,0.02381277844382912
851,0.06186326627708538
852,0.03245714434499647
853,0.053436404952969196
854,0.1067161980033895
855,0.03745024341320502
856,0.036984471945496034
857,0.032459408892404173
858,0.03619973196592363
859,0.040497200392645594
860,0.027459215769286227
861,0.039403393248267915
862,0.027459215769286227
863,0.029858568479285363
864,0.0450668226143881
865,0.03096255342217058
866,0.028652429598661433
867,0.04460510177696497
868,0.06562475121178624
869,0.03690019050007365
870,0.03690019050007365
871,0.035648127913934236
872,0.035648127913934236
873,0.03873451922340665
874,0.03684112462249267
875,0.03873451922340665
876,0.033120459018721404
877,0.03690019050007365
878,0.03690019050007365
879,0.1381100860203618
880,0.1970534862535277
881,0.04748073554839971
882,0.029531453787195017
883,0.05157097401553812
884,0.029531453787195017
885,0.030070481498137624
886,0.030070481498137624
887,0.030070481498137624
888,0.030070481498137624
889,0.027949939096927556
890,0.03108283367158604
891,0.023918367893728032
892,0.009019641815380286
893,0.03350193719766403
894,0.05218264979801246
895,0.08204697701294306
896,0.020716497342662565
897,0.02216063894362641
898,0.036193927022568295
899,0.04443518604544694
900,0.1172559795597623
901,0.041717236880853825
902,0.052404639091283345
903,0.04442568048289486
904,0.0341048414514753
905,0.06728430588341394
906,0.07802101644701698
907,0.12200328851823983
908,0.03319244287951262
909,0.04580820682040032
910,0.038443340583743435
911,0.20479288964745523
912,0.04442291773485596
913,0.1477071049870181
914,0.00542093512966757
915,0.00542093512966757
916,0.00542093512966757
917,0.006997406512388893
918,0.00542093512966757
919,0.00542093512966757
920,0.0314330644189057
921,0.0314330644189057
922,0.00542093512966757
923,0.00542093512966757
924,0.00542093512966757
925,0.06288506467308264
926,0.07993800530225714
927,0.05910096890705996
928,0.04651780032302466
929,0.08866147614498165
930,0.019221998679151198
931,0.05891685795253032
932,0.03876153155656992
933,0.04936504858968149
934,0.17446899010926187
935,0.04529685883043755
936,0.06544689569858719
937,0.07692801011266015
938,0.08358810738337275
939,0.05369960477181823
940,0.07496550259675905
941,0.049699040611282164
942,0.049699040611282164
943,0.0557754043118065
944,0.06392914929433169
945,0.09790366678640505
946,0.12243907729180403
947,0.14621553328297565
948,0.0735031237771262
949,0.3385710500451926
950,0.020606281846350716
951,0.03502104709045062
952,0.1478435432969598
953,0.02339836166053233
954,0.01841839494997799
955,0.030245383366282685
956,0.043548011166348766
957,0.14668598741758898
958,0.03475631821389624
959,0.024673244527031124
960,0.03143096585271221
961,0.021304741133085336
962,0.030519154280867378
963,0.038860949973290815
964,0.03362364293005893
965,0.07639479362966295
966,0.08503621130737649
967,0.017041145960596693
968,0.03190003514385087
969,0.05224540706686753
970,0.052139654413505876
971,0.02272809464833503
972,0.018273430412931613
973,0.023499247020360436
974,0.018273430412931613
975,0.017670665400874364
976,0.0674634675142064
977,0.08434131643143628
978,0.03382285979623845
979,0.023499247020360436
980,0.021173993757400145
981,0.033763737525887016
982,0.01980354374817872
983,0.02673679976323251
984,0.0372724523577147
985,0.027640118549996595
986,0.027640118549996595
987,0.03912453466963284
988,0.02808063143318751
989,0.03912453466963284
990,0.04569229964417798
991,0.01702644094220318
992,0.024842187257668624
993,0.0375345248369745
994,0.054114459461058306
995,0.022628661761835533
996,0.02544476112777916
997,0.024611373778485213
998,0.030887936584777842
999,0.029881736345661047
1000,0.027036420801034966
1001,0.029881736345661047
1002,0.029881736345661047
1003,0.029881736345661047
1004,0.047312633884043054
1005,0.028854101145969868
1006,0.06015541969738547
1007,0.0370808521363194
1008,0.025857332328898086
1009,0.016030424142320476
1010,0.014397035510823608
1011,0.020822515159516053
1012,0.022298921727774257
1013,0.014397035510823608
1014,0.022298921727774257
1015,0.018650106385603715
1016,0.05871781398790499
1017,0.0021292852996966927
1018,0.0021292852996966927
1019,0.0021292852996966927
1020,0.028395476186498958
1021,0.04294498286436732
1022,7.04083262969446e-4
1023,8.402397366861214e-4
1024,0.03008818695827009
1025,0.03493578931413688
1026,0.027237628202372632
1027,0.027237628202372632
1028,0.03487975396169629
1029,0.04829189776807574
1030,0.03003968490696618
1031,0.0366761852802745
1032,0.043204519404149044
1033,0.03543144380559016
1034,0.026466223184677284
1035,0.030704079964949615
1036,0.0015077118573140202
1037,0.0015077118573140202
1038,0.0012832949569229202
1039,0.002009096629994822
1040,0.021736537496818364
1041,0.019661175871429015
1042,0.04536713665186842
1043,0.019863885169239426
1044,0.015557270829631209
1045,0.02391933773267474
1046,0.28111322408508266
1047,0.014007988617674605
1048,0.014007988617674605
1049,0.14403213326439068
1050,0.018042772328672685
1051,0.016059977663717473
1052,0.01460472531606316
1053,0.014037880666142533
1054,0.013633209226252663
1055,0.020743310206145282
1056,0.11655591256335873
1057,0.1666104698089701
1058,0.2134235409753773
1059,0.03304017888234656
1060,0.21302793626183258
1061,0.4704657224720674
1062,0.01867839434391494
1063,0.014105239152379712
1064,0.015512553018671271
1065,0.024712643220032637
1066,0.01699013946340755
1067,0.02004104109641147
1068,0.02653990735190237
1069,0.060593281040004277
1070,0.06344601076568501
1071,0.0833592294979445
1072,0.05050176968161979
1073,0.04154677863756673
1074,0.05041081793348212
1075,0.057063434996556195
1076,0.05218278651878627
1077,0.017587418950168354
1078,0.15120504202236473
1079,0.09779330270153885
1080,0.018174532877269
1081,0.01696477498581983
1082,0.016059977663717473
1083,0.07168177443949642
1084,0.08297609191795918
1085,0.07409459868853974
1086,0.008882362064573934
1087,0.01849487448082765
1088,0.03857689449389978
1089,0.03353023745339623
1090,0.030859868810041102
1091,0.03349522471793509
1092,0.07575593355414001
1093,0.023123095713547093
1094,0.009019641815380286
1095,0.020658827082343345
1096,0.016159779026433396
1097,0.016816800930871456
1098,0.02221009039567634
1099,0.017349480835461506
1100,0.13921742992923392
1101,0.014862093603109194
1102,0.040472567227994416
1103,0.02973542104032123
1104,0.027387498626411655
1105,0.020652202557809085
1106,0.02078727193667773
1107,0.026619762486169818
1108,0.04265572287157793
1109,0.04511779670239702
1110,0.12875467581660072
1111,0.045102275499861566
1112,0.026581248226140053
1113,0.35280778673462987
1114,0.023313877916794623
1115,0.02780550150329064
1116,0.02780550150329064
1117,0.011554148117860708
1118,0.034878407327356586
1119,0.16073559538856685
1120,0.009013202650543062
1121,0.033376167635167486
1122,0.0160090224567907
1123,0.038080924421059925
1124,0.051940002678162234
1125,0.07379601537576641
1126,0.23241124328139573
1127,0.05309223329936552
1128,0.5638632977544498
1129,0.7046392104219399
1130,0.7059420742090936
1131,0.040247937356286956
1132,0.3350545951541215
1133,0.03800212684195403
1134,0.03649532511908371
1135,0.017839839347641995
1136,0.018041717094189114
1137,0.09305047221616713
1138,0.013647753264688922
1139,0.0246740792099972
1140,0.013623521693362228
1141,0.010863747140042013
1142,0.15761338623991483
1143,0.07991684072064109
1144,0.014125296525345443
1145,0.18450014856981845
1146,0.16494777161621488
1147,0.28597979800300966
1148,0.026900042423625092
1149,0.016131160298121228
1150,0.01849487448082765
1151,0.020425458357491655
1152,0.024519152776123265
1153,0.025922027639833756
1154,0.22404773896928765
1155,0.5772890385381737
1156,0.049297295813810815
1157,0.017282518226572785
1158,0.03717085062035852
1159,0.015940841884482193
1160,0.020691470871311624
1161,0.024051655498859792
1162,0.06771983553451366
1163,0.14421154354257248
1164,0.021447629714628436
1165,0.014764943715418477
1166,0.00850641889845094
1167,0.0161244661380624
1168,0.014825209214111124
1169,0.009019641815380286
1170,0.023324189188432376
1171,0.025821319659976694
1172,0.031498235951126885
1173,0.017081720988199933
1174,0.23260083865754977
1175,0.18285332785288966
1176,0.17645667166122503
1177,0.19902537989922653
1178,0.04075554881000332
1179,0.061160739797975316
1180,0.021496675312210112
1181,0.035382310749010326
1182,0.033959344099323774
1183,0.033124898365077815
1184,0.13512163632112117
1185,0.2599027768359271
1186,0.027928518515968337
1187,0.0578458532074444
1188,0.014867370174394212
1189,0.014770186312175526
1190,0.04382021923063584
1191,0.01595512431736157
1192,0.019214758566769907
1193,0.03397781970727043
1194,0.016998305196515684
1195,0.026356757172936174
1196,0.019774160723870393
1197,0.04612618183235617
1198,0.021476810599116214
1199,0.015557270829631209
1200,0.024085510950643374
1201,0.07172942491017786
1202,0.015597937191997313
1203,0.024930957334106885
1204,0.017911479701686717
1205,0.021236528241411312
1206,0.03805171052414269
1207,0.03146245984406992
1208,0.0378548153619751
1209,0.020103283691321305
1210,0.018161677772531415
1211,0.014627209444091127
1212,0.06418003776409698
1213,0.068525820555568
1214,0.2710089156460801
1215,0.04862576469596547
1216,0.06542271441707503
1217,0.10466827911749255
1218,0.018785124327484137
1219,0.2790687349839408
1220,0.04174902952572179
1221,0.05236559284693565
1222,0.022673190946645105
1223,0.031509230029571955
1224,0.07215012615945227
1225,0.033591665413792215
1226,0.009649616971484587
1227,0.020299856110085446
1228,0.02042084191478788
1229,0.01728863905370126
1230,0.03658757823099179
1231,0.016717805069146996
1232,0.022918219731952405
1233,0.014027909669941385
1234,0.01913135104665431
1235,0.018303305629257638
1236,0.0160542847224886
1237,0.01793685100358966
1238,0.02797958661615607
1239,0.019054443679425215
1240,0.11462632865398703
1241,0.05818965247942942
1242,0.08892534730480461
1243,0.019736216322507993
1244,0.017294762010449327
1245,0.035281385222228345
1246,0.01700689061660332
1247,0.01860125413536129
1248,0.01728863905370126
1249,0.02987365557322974
1250,0.017593078056399647
1251,0.03027291870824822
1252,0.01700689061660332
1253,0.023118412952525813
1254,0.023118412952525813
1255,0.017587418950168354
1256,0.024519152776123265
1257,0.019760113370132726
1258,0.02283777702007761
1259,0.01816810420896231
1260,0.05880849384515685
1261,0.019434486787889615
1262,0.01993552810259791
1263,0.01641459584781868
1264,0.016065672590734215
1265,0.2608372696683099
1266,0.35168408964514586
1267,0.24565500535300488
1268,0.011354440975841373
1269,0.03462647166784394
1270,0.04299077086558023
1271,0.46799045454329635
1272,0.012013315659316515
1273,0.08220946075192193
1274,0.122517802822254
1275,0.770774506926694
1276,0.09760363549954021
1277,0.019149568411380602
1278,0.22467567442596403
1279,0.4314127649346098
1280,0.18418805756388956
1281,0.5414634476471041
1282,0.03177909855772976
1283,0.11635002866541078
1284,0.01913135104665431
1285,0.41376616948495926
1286,0.4005607342367514
1287,0.17310773659004797
1288,0.4760979098685
1289,0.031705559498516056
1290,0.010371251727402164
1291,0.10619544955151716
1292,0.07637695853638715
1293,0.016266671832963153
1294,0.024354057162804255
1295,0.016787258363936353
1296,0.025168992415442792
1297,0.05789253482379697
1298,0.08885445019908078
1299,0.015669098467904874
1300,0.05859252348546928
1301,0.01658896895139661
1302,0.026491323865733385
1303,0.017294762010449327
1304,0.024562599515790318
1305,0.02157693118936388
1306,0.06962306772401416
1307,0.4708716274485343
1308,0.07925943255657464
1309,0.13131678365975286
1310,0.1359068515377695
1311,0.037280941706184345
1312,0.03085611457165549
1313,0.017294762010449327
1314,0.02382733135447379
1315,0.035817661609485074
1316,0.02080127698536538
1317,0.08182107954930817
1318,0.020096186752300738
1319,0.024729058717711916
1320,0.019062737367773863
1321,0.015041268062356616
1322,0.01460472531606316
1323,0.014100229197158143
1324,0.014100229197158143
1325,0.07359962204646864
1326,0.20203681457889
1327,0.020110383085179873
1328,0.02392852934009071
1329,0.02466042207064989
1330,0.026647786418313113
1331,0.044100755649854606
1332,0.009013202650543062
1333,0.04089829713919868
1334,0.044541387726909076
1335,0.018877042681828438
1336,0.03514621763393888
1337,0.07571194668208547
1338,0.9776996610187574
1339,0.034798739982571214
1340,0.045741385778755306
1341,0.14715612253739152
1342,0.4293291707454946
1343,0.18151993907970077
1344,0.23239857361880167
1345,0.01798146092345776
1346,0.026646589960580336
1347,0.037276495724410386
1348,0.07286164047448351
1349,0.027764106087096008
1350,0.04535462509819921
1351,0.019109960014176086
1352,0.01818096377819678
1353,0.015960782666127105
1354,0.06786066254441392
1355,0.07122140018308842
1356,0.04013186359383092
1357,0.023290328972972896
1358,0.025365353437121874
1359,0.022934133150139147
1360,0.047671623321338785
1361,0.01977603879550527
1362,0.018142411847043793
1363,0.01686425543253811
1364,0.07211671533884001
1365,0.017815803353458448
1366,0.2098822004322891
1367,0.09755902647568526
1368,0.05171873923550052
1369,0.04873264392526644
1370,0.017282518226572785
1371,0.07274485086684479
1372,0.1097970123280746
1373,0.07579579972518546
1374,0.05907485912267885
1375,0.12151837756709705
1376,0.23812270080394116
1377,0.23812270080394116
1378,0.03775922717857283
1379,0.019155222313056663
1380,0.030445123381126926
1381,0.03903935238416145
1382,0.01883307467325701
1383,0.028164720375864594
1384,0.01867080709560931
1385,0.04935264384115112
1386,0.12003148055938873
1387,0.10118171489675232
1388,0.04704231147970428
1389,0.028235056883266885
1390,0.055067529748085375
1391,0.05016528964403866
1392,0.043548829940874834
1393,0.033987882554221804
1394,0.06114922737062012
1395,0.03545445101281797
1396,0.04272647348553338
1397,0.044135391607045715
1398,0.06696345063319975
1399,0.036523313159048665
1400,0.047802409911378074
1401,0.18529661172886658
1402,0.08418609928069365
1403,0.058218617673580164
1404,0.10923322555653425
1405,0.07152676019062443
1406,0.04413047397658609
1407,0.08543764885922933
1408,0.09755902647568526
1409,0.19286272255442127
1410,0.0524286028705786
1411,0.060389064654778335
1412,0.11830262615286613
1413,0.0700276968863549
1414,0.5600262954552324
1415,0.1804040880379546
1416,0.03923979036041736
1417,0.0834496271837315
1418,0.13175546177981767
1419,0.06874013687807179
1420,0.015710192493527453
1421,0.08177063749892843
1422,0.13586914137099937
1423,0.1133343731641222
1424,0.11942996523927618
1425,0.07246481816007755
1426,0.17075519042949194
1427,0.13619397066450611
1428,0.039297163903808774
1429,0.06715656783894242
1430,0.2800965524818172
1431,0.2514222945283725
1432,0.08313474678395272
1433,0.09656563956406328
1434,0.12737613562240235
1435,0.08527468501928148
1436,0.3145972207406458
1437,0.14428198667462133
1438,0.1504233563329228
1439,0.06802261641695773
1440,0.19615407853571798
1441,0.06920246772880123
1442,0.17921391870668968
1443,0.05642481318652348
1444,0.09804092853974833
1445,0.051132532464168934
1446,0.10789114126755617
1447,0.05379441319978473
1448,0.07357075148981718
1449,0.19707964337121353
1450,0.15435658087159954
1451,0.13104045360676042
1452,0.14187936678727076
1453,0.13735652297403045
1454,0.14619502055268385
1455,0.07796868983651417
1456,0.049265801571657164
1457,0.04607031128318062
1458,0.1868399542437298
1459,0.05414342206444178
1460,0.045955623960885816
1461,0.179766241265096
1462,0.0752390415036297
1463,0.08845482589613463
1464,0.09871937317582413
1465,0.09904043541825869
1466,0.07967863556078414
1467,0.08811298545378932
1468,0.04372449079342122
1469,0.14315697009877437
1470,0.5189005997230397
1471,0.23054961741374957
1472,0.21411042220870824
1473,0.05451421140292456
1474,0.06713972707616656
1475,0.013953221826733975
1476,0.042337257574665554
1477,0.2185238877513297
1478,0.10860821124999487
1479,0.035634198921622784
1480,0.14214981269490634
1481,0.18963682421374095
1482,0.11078606630807308
1483,0.16191537849874116
1484,0.26914097759298405
1485,0.12822841198582136
1486,0.21633779284631782
1487,0.1812081656225497
1488,0.15134253518543372
1489,0.16124580477339756
1490,0.04570118204491269
1491,0.20174016560832442
1492,0.11179312448419765
1493,0.11628127815255329
1494,0.06813692151198514
1495,0.06813692151198514
1496,0.21323320877923424
1497,0.43771656002183845
1498,0.13263765510711156
1499,0.12376586903032416
1500,0.1266474889603343
1501,0.1634526194522089
1502,0.49511668891239213
1503,0.37436665040365136
1504,0.053819198872682716
1505,0.05955426111674034
1506,0.09840669561309756
1507,0.19895602999583628
1508,0.11319618860856429
1509,0.1394225756544859
1510,0.11402420353655585
1511,0.4504763374971863
1512,0.15364183941074394
1513,0.4175716498348617
1514,0.07876329934310256
1515,0.2919142247111034
1516,0.5054332320653987
1517,0.23734936258036232
1518,0.518784578125715
1519,0.518784578125715
1520,0.12622610057357553
1521,0.30876951153105947
1522,0.0645164736200523
1523,0.05319780296489807
1524,0.45333527037278853
1525,0.07990097694769693
1526,0.5086660158714984
1527,0.49521575384368133
1528,0.04435046780694407
1529,0.050357896303586336
1530,0.1904806258354118
1531,0.30023419219833025
1532,0.15164219572823134
1533,0.23474251020881998
1534,0.07481496166818524
1535,0.12425309034152965
1536,0.09730901387810476
1537,0.20023850308762692
1538,0.16183321386851401
1539,0.11431384896162511
1540,0.22405771509336636
1541,0.06630818707585939
1542,0.10388611683063231
1543,0.44979778231210876
1544,0.290202902036121
1545,0.23709914709568625
1546,0.16665921770153191
1547,0.06733640155233633
1548,0.1533043668333881
1549,0.2415142984445432
1550,0.07676219597023248
1551,0.0528894519423162
1552,0.2959904280348943
1553,0.22685821972041365
1554,0.1689302980853955
1555,0.1093879107732274
1556,0.15115328700186703
1557,0.164882567762346
1558,0.2581976672251429
1559,0.13987570632962798
1560,0.12481241455116143
1561,0.18028441410254636
1562,0.2873727729673239
1563,0.0602632381700543
1564,0.076157226197932415
1565,0.2908107885076875
1566,0.1802311701597087
1567,0.5806556744805061
1568,0.0627939578681247
1569,0.15125545441278965
1570,0.15125545441278965
1571,0.1983146624997706
1572,0.08270152480968207
1573,0.15125545441278965
1574,0.14997381917579755
1575,0.05350718111722319
1576,0.10436463159092235
1577,0.09333095018854953
1578,0.1288837099833171
1579,0.1433864351384273
1580,0.1857855714448985
1581,0.32024620964866723
1582,0.13309168229268298
1583,0.048454096041936845
1584,0.04646121718894913
1585,0.3261588136878415
1586,0.07382646774204837
1587,0.23133908942334647
1588,0.2969576807213796
1589,0.33786197520396
1590,0.27762663915227725
1591,0.09460612588191131
1592,0.1822272593715356
1593,0.0983317785804485
1594,0.05546392672920253
1595,0.07018694537432568
1596,0.4753048171131834
1597,0.05431173854053928
1598,0.22641682876327462
1599,0.3171582800967473
1600,0.08689088877085516
1601,0.11297885050211187
1602,0.1055664245213217
1603,0.06627548250293058
1604,0.06985257103665687
1605,0.15525308354266798
1606,0.03813586725888107
1607,0.16108429483395104
1608,0.22995068208252445
1609,0.14534424790549327
1610,0.08035257989109201
1611,0.14203469674579217
1612,0.23415650205178695
1613,0.1230819422892464
1614,0.4988983308291267
1615,0.06781197226529523
1616,0.1323123272287421
1617,0.5816572726704984
1618,0.16338743839998038
1619,0.1699103646777247
1620,0.0937769127446465
1621,0.09261768863172393
1622,0.4120143503387146
1623,0.045914699219641975
1624,0.026343833585878662
1625,0.09249663213490167
1626,0.0376743092171401
1627,0.006201728417981167
1628,0.014003012713676877
1629,0.014625482412032986
1630,0.018947070504671926
1631,0.08325836329869196
1632,0.5025890431538278
1633,0.173549130838206
1634,0.06134661431213273
1635,0.08358574203476998
1636,0.11493739129824565
1637,0.19580490945055262
1638,0.23902316196663553
1639,0.17030499245129205
1640,0.23402522571479867
1641,0.3244053884512159
1642,0.11142345692763811
1643,0.2018345615850038
1644,0.1495699468499032
1645,0.12434984521146908
1646,0.6892115316636711
1647,0.1291814249176213
1648,0.04366167577818181
1649,0.03539440307335673
1650,0.17140259480328213
1651,0.24601013872478406
1652,0.36285986354500765
1653,0.19823644817711827
1654,0.15182505372820598
1655,0.0635209499781696
1656,0.06180339850460237
1657,0.6174217184609667
1658,0.28821448434524854
1659,0.06774596299744073
1660,0.10408408785217904
1661,0.07097754664979872
1662,0.07354123748778507
1663,0.1920156692398275
1664,0.05852617937042848
1665,0.029156299212999337
1666,0.02853493317695266
1667,0.08860751246378729
1668,0.07203927836057844
1669,0.06090234603708433
1670,0.27361244541830887
1671,0.22561684627989365
1672,0.12609368368348806
1673,0.17997176477605625
1674,0.11648914125770404
1675,0.03565804951757223
1676,0.03390046533657465
1677,0.03717048600872852
1678,0.0232431848502046
1679,0.30400961404383064
1680,0.06376721737358271
1681,0.09902796979303341
1682,0.12085931556793195
1683,0.050838214855664754
1684,0.039284973116703426
1685,0.2467844133300643
1686,0.15219629541443924
1687,0.14180811620125544
1688,0.12013817945490646
1689,0.20593736778565486
1690,0.08818349007300363
1691,0.05658877726014144
1692,0.13814539581626784
1693,0.2964647202952675
1694,0.18060316956857092
1695,0.040676315771962734
1696,0.0758013939228136
1697,0.13887526943050843
1698,0.0305554253569692
1699,0.05885051041849687
1700,0.11471825531541036
1701,0.08680934151414066
1702,0.12376586903032416
1703,0.10745946553362817
1704,0.11442998915667868
1705,0.07150940644855563
1706,0.13311752903269858
1707,0.057615073917375415
1708,0.17790366372824662
1709,0.03949087874635204
1710,0.08864769034764941
1711,0.08106633968194032
1712,0.13023122804136844
1713,0.019172575683802373
1714,0.08173994066474066
1715,0.07284891469773813
1716,0.08173994066474066
1717,0.019172575683802373
1718,0.144783490997208
1719,0.14423848179731025
1720,0.061978556926111095
1721,0.020340174855580928
1722,0.05199409483109496
1723,0.1084347784997437
1724,0.08182107954930817
1725,0.01923514093785683
1726,0.06824057520739579
1727,0.02440201264807995
1728,0.1965153876119069
1729,0.02993500288466522
1730,0.09304968172629158
1731,0.06550992309449244
1732,0.0323528896039843
1733,0.0390846972891814
1734,0.037104832332369164
1735,0.06530314623476852
1736,0.01972520332453076
1737,0.01972520332453076
1738,0.01972520332453076
1739,0.07510045734845705
1740,0.027234817063216954
1741,0.0759932531999209
1742,0.10349304455065
1743,0.04822746203629724
1744,0.07312825243109333
1745,0.07312825243109333
1746,0.10240862622828273
1747,0.06570921656400641
1748,0.08597019896501457
1749,0.03731131974433166
1750,0.02972339821613712
1751,0.09956439010147977
1752,0.01902029118991666
1753,0.12183498264451142
1754,0.05528685494190333
1755,0.013691606513848598
1756,0.013691606513848598
1757,0.013691606513848598
1758,0.027706562987715233
1759,0.027706562987715233
1760,0.027706562987715233
1761,0.027706562987715233
1762,0.056417618927528945
1763,0.21480992097856555
1764,0.025946473247267732
1765,0.028044724185841252
1766,0.031509230029571955
1767,0.02534949850726831
1768,0.07010899922174763
1769,0.021498184216222294
1770,0.02670392039123437
1771,0.04984226061258701
1772,0.019601205780707565
1773,0.022403210807436125
1774,0.04681394797938698
1775,0.02107985638283494
1776,0.017706972380791552
1777,0.023812102058908158
1778,0.021320090517726098
1779,0.045943646640969615
1780,0.11707622139219909
1781,0.04623389292377211
1782,0.04623389292377211
1783,0.12384593490172602
1784,0.04623389292377211
1785,0.1062633953866462
1786,0.04623389292377211
1787,0.02675390007795808
1788,0.04592464266028329
1789,0.08197161971972111
1790,0.10975162459937948
1791,0.0222799830741095
1792,0.008648831586881678
1793,0.027542022867463545
1794,0.027542022867463545
1795,0.027542022867463545
1796,0.02333832305526984
1797,0.027542022867463545
1798,0.027542022867463545
1799,0.05063019997929952
1800,0.041946811363304914
1801,0.06968576630019163
1802,0.030805117834736162
1803,0.14643488546877192
1804,0.0337748174468272
1805,0.034690566681730095
1806,0.07102081639394164
1807,0.045025118441316514
1808,0.07903855367784274
1809,0.033121944950767146
1810,0.06251314765324456
1811,0.033121944950767146
1812,0.023192577724746144
1813,0.13270411401089566
1814,0.028372286463929974
1815,0.02177417529651171
1816,0.03141357234910236
1817,0.04648904772948015
1818,0.032679551691749964
1819,0.032679551691749964
1820,0.03246962731091596
1821,0.03141357234910236
1822,0.026302630615262945
1823,0.05677911835998417
1824,0.06813516802507702
1825,0.026966366466542713
1826,0.043665963555391984
1827,0.05224932684487871
1828,0.05224932684487871
1829,0.0360935339242241
1830,0.049816723617752245
1831,0.036209802745245656
1832,0.03235196258413642
1833,0.04712150277355964
1834,0.04712150277355964
1835,0.0252082802123742
1836,0.04632301124830207
1837,0.04741177527462748
1838,0.007482884330294093
1839,0.03481078570477447
1840,0.03681997680015647
1841,0.04855017351672397
1842,0.02367924615224859
1843,0.03466879434273473
1844,0.08641037379892724
1845,0.015669098467904874
1846,0.015669098467904874
1847,0.02800832454213742
1848,0.0350387374171065
1849,0.013839347690208448
1850,0.025781833974393487
1851,0.10219680510240903
1852,0.03259154126883412
1853,0.029360700362195513
1854,0.037060670279953856
1855,0.02006151123689104
1856,0.03311502269897326
1857,0.030029050990763806
1858,0.022769843506970533
1859,0.022769843506970533
1860,0.03682046306281095
1861,0.046386737831214164
1862,0.02449347683273384
1863,0.028110509934427208
1864,0.03332552014118784
1865,0.022765548745727116
1866,0.14018897353946091
1867,0.028204866769354187
1868,0.03195208292927121
1869,0.047692367290817494
1870,0.06110174133621282
1871,0.01602126757579747
1872,0.021971705945609044
1873,0.02236984325650959
1874,0.02057072041801178
1875,0.03249889224252467
1876,0.015109472079269493
1877,0.04571289625550612
1878,0.0347183184396882
1879,0.023017079802285068
1880,0.016809647947753303
1881,0.06995413144160534
1882,0.03511367628406703
1883,0.02406386550083217
1884,0.024169309219764346
1885,0.08054716026764552
1886,0.013704019698450365
1887,0.01352588934010679
1888,0.013704019698450365
1889,0.013704019698450365
1890,0.04253119569540531
1891,0.026720784733938796
1892,0.03915003863268063
1893,0.014323091565924484
1894,0.010596399968508585
1895,0.01829682705407376
1896,0.034456766233216474
1897,0.09964028617526477
1898,0.023535062486206182
1899,0.019997086909401718
1900,0.016154051288434612
1901,0.024688307732865455
1902,0.04360023998474938
1903,0.004803766578284074
1904,0.025526811082897782
1905,0.036034164235886124
1906,0.036034164235886124
1907,0.036034164235886124
1908,0.036034164235886124
1909,0.036034164235886124
1910,0.036034164235886124
1911,0.036034164235886124
1912,0.03148673676156144
1913,0.02649208432534278
1914,0.08337834648073883
1915,0.02658937878283596
1916,0.023060333231871066
1917,0.023060333231871066
1918,0.02091393326021662
1919,0.02033410992211282
1920,0.01757632707703627
1921,0.026992005889739823
1922,0.01757632707703627
1923,0.018950247628190198
1924,0.01848322106933553
1925,0.018950247628190198
1926,0.01766364655412722
1927,0.030630691545877275
1928,0.03526727585327327
1929,0.05481559386353019
1930,0.037075547306055334
1931,0.07349317406853295
1932,0.1041191427250392
1933,0.02350725870345549
1934,0.03917950645133872
1935,0.02350725870345549
1936,0.008716055234511244
1937,0.018172220833369557
1938,0.015088615616786982
1939,0.021023545667388288
1940,0.04470916391754309
1941,0.017878609917519772
1942,0.029475985250348002
1943,0.041586519453342796
1944,0.06831140053251905
1945,0.04642878112618909
1946,0.019914279614985486
1947,0.017472770243841307
1948,0.04650861077330537
1949,0.06395978119400136
1950,0.019581949506815355
1951,0.02467273332757003
1952,0.018327031576431785
1953,0.05427894703498892
1954,0.031720784918728984
1955,0.032216917230238784
1956,0.022195161108803485
1957,0.04749052801947162
1958,0.018082634442914802
1959,0.01664103053944166
1960,0.018082634442914802
1961,0.018082634442914802
1962,0.019191082810344207
1963,0.018082634442914802
1964,0.018082634442914802
1965,0.03714160818836365
1966,0.018082634442914802
1967,0.018082634442914802
1968,0.019963913752169993
1969,0.018082634442914802
1970,0.018082634442914802
1971,0.016883880112947947
1972,0.03462464868735504
1973,0.01952627705937182
1974,0.02172110681662498
1975,0.018999986264294444
1976,0.014759602421658635
1977,0.014759602421658635
1978,0.015264611042350662
1979,0.015264611042350662
1980,0.020163512698339603
1981,0.016883880112947947
1982,0.017692358788321316
1983,0.027422631418725363
1984,0.026533479022459727
1985,0.01812182583492028
1986,0.022468978094967174
1987,0.026660723808154985
1988,0.017692358788321316
1989,0.05119676436807097
1990,0.028204866769354187
1991,0.09592769871903328
1992,0.028094366248025415
1993,0.019962930197911066
1994,0.02422924676178806
1995,0.00901642166336769
1996,0.024572021552518253
1997,0.05260014279948533
1998,0.03913670368334654
1999,0.019537643021096285
2000,0.028495149736018854
2001,0.01971107564614194
2002,0.027668816917177153
2003,0.1530716554288415
2004,0.04297986106146112
2005,0.03368663071614875
2006,0.018040476738492406
2007,0.019097571862343843
2008,0.03390072370250086
2009,0.05686140740299095
2010,0.016165508761945557
2011,0.01611972677056328
2012,0.02257963669719376
2013,0.04005314834600704
2014,0.023749807056984706
2015,0.01835976148222207
2016,0.02955429630603179
2017,0.027524180208314597
2018,0.061188955768987086
2019,0.021645618699433378
2020,0.027808493214871555
2021,0.027808493214871555
2022,0.02829731084756204
2023,0.027808493214871555
2024,0.027808493214871555
2025,0.027808493214871555
2026,0.06752590068274922
2027,0.0542790920398335
2028,0.04069701765361833
2029,0.018972877471591265
2030,0.024255537871513133
2031,0.014394118971031489
2032,0.009218349655277125
2033,0.04875652404620123
2034,0.018038969545702832
2035,0.019760113370132726
2036,0.05339543787044321
2037,0.012829952858440685
2038,0.038593191159280615
2039,0.02990353640981347
2040,0.03701232885862482
2041,0.02971291902555684
2042,0.024132868279288844
2043,0.023404185536543776
2044,0.021617337361867883
2045,0.04110680631906238
2046,0.01767390570644034
2047,0.020411361785507176
2048,0.018587503661327553
2049,0.017638334666285393
2050,0.017133596455290667
2051,0.01700689061660332
2052,0.01728863905370126
2053,0.023733103805036793
2054,0.1111195580308596
2055,0.032689395896265405
2056,0.026356757172936174
2057,0.095478325847558
2058,0.017542298623385966
2059,0.016059977663717473
2060,0.017294762010449327
2061,0.02073242452657731
2062,0.029929034742191885
2063,0.015272401898040466
2064,0.0376743092171401
2065,0.028332360161803183
2066,0.014381322693543086
2067,0.016171240495644112
2068,0.030827554292021664
2069,0.04074666664507054
2070,0.016933216767661685
2071,0.0157269169491564
2072,0.020110383085179873
2073,0.016165508761945557
2074,0.016171240495644112
2075,0.017104860771461117
2076,0.014867370174394212
2077,0.014867370174394212
2078,0.014867370174394212
2079,0.00901642166336769
2080,0.023373490075333292
2081,0.018187396912491383
2082,0.03152022782047925
2083,0.020110383085179873
2084,0.014946348222178107
2085,0.022808704207224806
2086,0.02857751981856005
2087,0.017581194236186426
2088,0.055670405762531905
2089,0.034530241783421345
2090,0.02223201939254238
2091,0.09343114026302857
2092,0.0415184080188723
2093,0.008950741134009288
2094,0.012763860402166372
2095,0.012923521541709171
2096,0.015374010188401455
2097,0.05903337372596906
2098,0.03518966928131917
2099,0.033630203661053626
2100,0.014242716986201942
2101,0.27873289241923693
2102,0.05723888617178963
2103,0.02316170361155523
2104,0.019189078316733887
2105,0.02298680497243244
2106,0.023553418161133877
2107,0.02432483623213566
2108,0.016154051288434612
2109,0.0497097986315056
2110,0.068428980147339
2111,0.030322696704717544
2112,0.01557756788396325
2113,0.05616611353430345
2114,0.05265530687005038
2115,0.012891559469599967
2116,0.02518575586815819
2117,0.011102109732663679
2118,0.019454470961561277
2119,0.019817359430883696
2120,0.014864580804567873
2121,0.02089653050429574
2122,0.056810077477169485
2123,0.10230523441528205
2124,0.02114521373506051
2125,0.022968551818677074
2126,0.034388064665388685
2127,0.038543889026179334
2128,0.03746456975930046
2129,0.05935817951091382
2130,0.01860838830648437
2131,0.02300032225099624
2132,0.10074139527227077
2133,0.02275050289290348
2134,0.02902865774765684
2135,0.0293907686661804
2136,0.04409177633055483
2137,0.03723817204403912
2138,0.03247507343976186
2139,0.03516409274755938
2140,0.026969582119785285
2141,0.08105445605385575
2142,0.01988867018435525
2143,0.02350860784885922
2144,0.016597637663128162
2145,0.022457884671881145
2146,0.030113754461432052
2147,0.06563019810035597
2148,0.01689596116830261
2149,0.031480232735350056
2150,0.023930600539139424
2151,0.04230037624052618
2152,0.014448080211991843
2153,0.015451791696288408
2154,0.014835738401139498
2155,0.023498918518853773
2156,0.008231835762246953
2157,0.015936866448956977
2158,0.01700689061660332
2159,0.025055800397457473
2160,0.026933318708940446
2161,0.012176527072519816
2162,0.02840356154060275
2163,0.024085510950643374
2164,0.014113461253651982
2165,0.017167635900766864
2166,0.02223208606343441
2167,0.01700689061660332
2168,0.016677737187379194
2169,0.015108855923199549
2170,0.024983891084673582
2171,0.017044386574730175
2172,0.017716536937368854
2173,0.017716536937368854
2174,0.04036457654560577
2175,0.022239853478950855
2176,0.014123492188596654
2177,0.009458771671351118
2178,0.013914564916029493
2179,0.015363141702153804
2180,0.023443264639255945
2181,0.10991205517030234
2182,0.026980216545757774
2183,0.02186182701235284
2184,0.017834201988971343
2185,0.017834201988971343
2186,0.016260906833646782
2187,0.024729058717711916
2188,0.011641213178703591
2189,0.012733775489492394
2190,0.012582418602716028
2191,0.010725047776087293
2192,0.008787701289014627
2193,0.019371151023110378
2194,0.02840356154060275
2195,0.059868299107528
2196,0.015991793239755525
2197,0.018938749205141825
2198,0.018314447485884178
2199,0.008439826743259493
2200,0.018314447485884178
2201,0.010826735443153046
2202,0.00549774449935736
2203,0.03754118015895447
2204,0.04400173683072306
2205,0.02089653050429574
2206,0.007096393569201553
2207,0.012695270205731801
2208,0.03461442880698529
2209,0.03461442880698529
2210,0.02932896044769462
2211,0.007480120428853709
2212,0.07679765629908475
2213,0.0352936516435608
2214,0.017000867813333764
2215,0.017000867813333764
2216,0.01787066200480425
2217,0.017587418950168354
2218,0.014862093603109194
2219,0.013642903552558705
2220,0.017294762010449327
2221,0.016136880052792013
2222,0.017587418950168354
2223,0.01700689061660332
2224,0.024060115007829674
2225,0.034481874108013844
2226,0.007381923000502222
2227,0.010830595069951876
2228,0.0134840592665888
2229,0.01862387099916274
2230,0.023345872298921932
2231,0.04198642795538943
2232,0.01627042302416626
2233,0.015960782666127105
2234,0.03100304366934492
2235,0.016244743608657353
2236,0.0074614176861654835
2237,0.020707676337300862
2238,0.021828318485744735
2239,0.036397710294031826
2240,0.024085510950643374
2241,0.01971989322533163
2242,0.017522244025687583
2243,0.019061179884631407
2244,0.03225386781008366
2245,0.04154476386922179
2246,0.051655905524506496
2247,0.06564330908519911
2248,0.02232282617769732
2249,0.02232282617769732
2250,0.013184452715170547
2251,0.03338021554995674
2252,0.045741385778755306
2253,0.047660664949967124
2254,0.011452769191603096
2255,0.010654648270772449
2256,0.010654648270772449
2257,0.014285843658362163
2258,0.016709753759884816
2259,0.019644826395452064
2260,0.012671374632016397
2261,0.03792335864121621
2262,0.018877862355904385
2263,0.023373420063355743
2264,0.011959901751796065
2265,0.034326871548625904
2266,0.015502614867171083
2267,0.03997558650309396
2268,0.015521146518204687
2269,0.021736572563689105
2270,0.017987873705762047
2271,0.01767390570644034
2272,0.022584825169714495
2273,0.019753135136293065
2274,0.024093982073363107
2275,0.016059977663717473
2276,0.01923514093785683
2277,0.01700689061660332
2278,0.014123492188596654
2279,0.018066027401204554
2280,0.01699484710609822
2281,0.02393795194573478
2282,0.0221657015737573
2283,0.018030590322816953
2284,0.016392831790231877
2285,0.01874896199148457
2286,0.01874896199148457
2287,0.0162282148913101
2288,0.01874896199148457
2289,0.016953904649644524
2290,0.016953904649644524
2291,0.01874896199148457
2292,0.030662910496778273
2293,0.013662312603934468
2294,0.014151365279822525
2295,0.013667169119898626
2296,0.014807184428583642
2297,0.022087130937497923
2298,0.025613633414566794
2299,0.026428082637702577
2300,0.02780528628975587
2301,0.0253285003414504
2302,0.0253285003414504
2303,0.023410290296196345
2304,0.04472609532651661
2305,0.029012657075673576
2306,0.029556806101208588
2307,0.01689596116830261
2308,0.022123958146542
2309,0.023026633417651987
2310,0.023026633417651987
2311,0.017509842065988046
2312,0.019705967003745717
2313,0.01388272685990699
2314,0.038220905140046835
2315,0.029417326078811423
2316,0.011952497062599043
2317,0.02469199206026218
2318,0.021537490637811407
2319,0.02408668914945411
2320,0.015363141702153804
2321,0.015623631990537734
2322,0.009894565145182388
2323,0.019619942886402453
2324,0.025668828488346618
2325,0.025668828488346618
2326,0.025668828488346618
2327,0.026401464057083768
2328,0.018100071171737286
2329,0.025668828488346618
2330,0.03143505878591446
2331,0.025668828488346618
2332,0.03143505878591446
2333,0.031370930727590673
2334,0.025668828488346618
2335,0.025668828488346618
2336,0.0136289820395461
2337,0.06328258307715584
2338,0.026563795431830295
2339,0.07431121141694574
2340,0.015041556089164132
2341,0.052685880165077914
2342,0.01961679310401032
2343,0.04396679453036312
2344,0.018049070491219288
2345,0.030817859586162344
2346,0.015379291772982473
2347,0.04741955953327792
2348,0.029438047542072576
2349,0.02657311445899091
2350,0.02372505943059544
2351,0.05539048753441811
2352,0.026401464057083768
2353,0.014856818876287314
2354,0.0382142527694056
2355,0.024631079332871897
2356,0.013638055539939575
2357,0.060520771859839284
2358,0.018173946705827504
2359,0.0221657015737573
2360,0.018108703319627772
2361,0.008957136078751704
2362,0.023584667503307788
2363,0.016692001852187333
2364,0.012420830975275576
2365,0.011977127178218083
2366,0.019569300095119146
2367,0.022917661838354086
2368,0.08464096017115352
2369,0.04079766757264225
2370,0.007371369361700686
2371,0.023605207592691135
2372,0.09996829625873149
2373,0.020134264044685768
2374,0.016686088670378574
2375,0.017373730571558443
2376,0.019712928909494276
2377,0.017516041967780005
2378,0.04021971826371584
2379,0.023790844985943416
2380,0.032526895105167375
2381,0.017930678537618316
2382,0.009019641815380286
2383,0.0157269169491564
2384,0.023437157847326806
2385,0.012161140378042723
2386,0.012205962158837291
2387,0.033886827832972366
2388,0.017949723728175937
2389,0.015313952298214861
2390,0.009481657825006096
2391,0.029004328670111823
2392,0.01843442527060446
2393,0.026465192471818333
2394,0.016171240495644112
2395,0.00901642166336769
2396,0.014867370174394212
2397,0.04011655017240778
2398,0.024060115007829674
2399,0.03305169279050024
2400,0.02534949850726831
2401,0.016976797553562628
2402,0.037229451911322875
2403,0.022419894899594728
2404,0.013667169119898626
2405,0.016171240495644112
2406,0.02187857549643346
2407,0.02628263142255116
2408,0.02628263142255116
2409,0.026596546544159216
2410,0.03505112618822037
2411,0.02052271711262066
2412,0.028881110390119202
2413,0.012337766323859634
2414,0.03442240496634297
2415,0.03459035519891929
2416,0.01822660578914792
2417,0.02329852709878577
2418,0.025143359891979578
2419,0.012563251651276364
2420,0.020710489073698768
2421,0.016709753759884816
2422,0.015363141702153804
2423,0.029837953062403444
2424,0.024852244282828062
2425,0.023950367405670914
2426,0.011943989354259998
2427,0.01687124702602605
2428,0.016719079575699736
2429,0.03766766868369664
2430,0.022231921457122716
2431,0.021112232347634152
2432,0.023390419234765036
2433,0.01074599680746302
2434,0.026126484610097478
2435,0.017972861066763324
2436,0.017987873705762047
2437,0.043994933882117504
2438,0.04391790626242964
2439,0.02054733187695157
2440,0.036329102615021536
2441,0.04784678305625201
2442,0.013667169119898626
2443,0.014105239152379712
2444,0.013667169119898626
2445,0.033327638312980135
2446,0.016140304976239195
2447,0.010830595069951876
2448,0.012021872147979784
2449,0.020025196645081067
2450,0.01528159449716504
2451,0.018488334635479164
2452,0.03988683811060412
2453,0.09244554022624929
2454,0.017004250262435683
2455,0.08413237476974911
2456,0.020546005433906056
2457,0.02596274482416605
2458,0.05628565954475784
2459,0.027302105218334982
2460,0.027759221056211425
2461,0.017280317661675926
2462,0.027024272994889076
2463,0.030610200743038662
2464,0.04416171393578083
2465,0.07612227700348007
2466,0.02645184240569276
2467,0.042387720455304034
2468,0.02491029700441527
2469,0.0315368255091808
2470,0.022986977758407634
2471,0.016802450955559545
2472,0.02335123263482697
2473,0.027740522933523915
2474,0.031319885308172424
2475,0.022695853349841366
2476,0.015865146291316523
2477,0.017864510704550085
2478,0.025124419108999985
2479,0.01073833854460804
2480,0.012939707628186414
2481,0.019757574705376313
2482,0.030587455764926275
2483,0.033107336057571324
2484,0.0363552539144697
2485,0.01877131206894489
2486,0.026334947192318214
2487,0.01920378756446417
2488,0.05347368604870273
2489,0.019760113370132726
2490,0.0652843140625603
2491,0.018480120770701047
2492,0.04895878207857085
2493,0.0346961632902113
2494,0.029828599651720134
2495,0.031951023860777195
2496,0.022213611340918815
2497,0.01747307163545908
2498,0.01709770243934816
2499,0.04777196011099771
2500,0.032760621832532144
2501,0.17711374444845773
2502,0.14094394269874422
2503,0.16267012401116465
2504,0.17711374444845773
2505,0.087615582510717
2506,0.0942109692350529
2507,0.13538899269483706
2508,0.15536622509228715
2509,0.1786418479269014
2510,0.24760723123844808
2511,0.29003636035045255
2512,0.29003636035045255
2513,0.24760723123844808
2514,0.24760723123844808
2515,0.6614607766582243
2516,0.3189538635368041
2517,0.3189538635368041
2518,0.24760723123844808
2519,0.16489945251692106
2520,0.24760723123844808
2521,0.10603340343899759
2522,0.027456747185388708
2523,0.043331788782713154
2524,0.046589570415193626
2525,0.03093427523688652
2526,0.02747599736447648
2527,0.02747599736447648
2528,0.0452320332814663
2529,0.04430253966934328
2530,0.08564080417785791
2531,0.016140543997841927
2532,0.023279187269762636
2533,0.0236115288462021
2534,0.025009014169837918
2535,0.015617516130310372
2536,0.027394389300522737
2537,0.07054924848595356
2538,0.036585952261824595
2539,0.08421744239451545
2540,0.05157068950809551
2541,0.02529954884378116
2542,0.04660583276899399
2543,0.025401704423514637
2544,0.018607233284725466
2545,0.11782551137724817
2546,0.12890030535092778
2547,0.084471343427449
2548,0.049410699975638184
2549,0.018585739259236345
2550,0.07171493267527507
2551,0.025007581482551222
2552,0.034066324275981774
2553,0.012573903854702695
2554,0.021478179456468016
2555,0.013657457789797656
2556,0.014762460717216541
2557,0.018807450712529428
2558,0.02077730218159146
2559,0.015363141702153804
2560,0.012919944184935694
2561,0.019773440363596295
2562,0.02417306004344144
2563,0.017638483865741073
2564,0.009946603450152858
2565,0.01241408925882781
2566,0.031032714569089848
2567,0.02417306004344144
2568,0.012131385579209564
2569,0.02077730218159146
2570,0.016738234256367668
2571,0.03337277863028565
2572,0.036566822234160634
2573,0.02386229732731271
2574,0.021997387054158213
2575,0.01911844837090937
2576,0.026378438466068355
2577,0.013301083659855273
2578,0.008901415136017277
2579,0.04649263440572937
2580,0.015241119760484034
2581,0.016703834396247896
2582,0.022937219805489906
2583,0.031942871606863044
2584,0.03456629773405839
2585,0.00901642166336769
2586,0.020372287432186664
2587,0.03996696643101105
2588,0.0440893362801148
2589,0.01274382445616895
2590,0.020639764063427046
2591,0.015560457847137998
2592,0.015560457847137998
2593,0.023942894901814116
2594,0.014703723562904836
2595,0.013899309212182187
2596,0.03784004689789611
2597,0.03784004689789611
2598,0.018585739259236345
2599,0.02928196055132859
2600,0.02725553189616914
2601,0.01700689061660332
2602,0.03655568144311039
2603,0.013647753264688922
2604,0.01700689061660332
2605,0.024085510950643374
2606,0.024930957334106885
2607,0.015082069832728973
2608,0.01700689061660332
2609,0.01700689061660332
2610,0.024912801660217254
2611,0.024823039760194288
2612,0.026646589960580336
2613,0.022095521263484352
2614,0.016294022726458857
2615,0.01817262238546724
2616,0.011242565603219679
2617,0.01689596116830261
2618,0.02724145620316798
2619,0.024876861051446375
2620,0.02492219945695251
2621,0.04309078251638998
2622,0.014536591964738776
2623,0.01659448428309518
2624,0.027803229517150085
2625,0.028175551578847657
2626,0.02654994324833615
2627,0.02220551165852691
2628,0.020708016933521756
2629,0.028204428208122856
2630,0.016933438532958367
2631,0.0225397114743513
2632,0.03941105952420021
2633,0.02957411650587094
2634,0.024820448050625776
2635,0.011795154243924855
2636,0.04961653935734134
2637,0.022613969716831828
2638,0.05639331789470392
2639,0.06386281661634219
2640,0.056685818923911335
2641,0.0327923026075434
2642,0.026506817438197938
2643,0.020272066623065577
2644,0.059031548992187766
2645,0.03421652534212449
2646,0.019976442055996357
2647,0.016986664678110497
2648,0.029305707394701064
2649,0.026499435391550308
2650,0.024802563197073524
2651,0.021970907324508016
2652,0.010620518027490755
2653,0.022938300550195856
2654,0.03522011470081754
2655,0.04235906443996551
2656,0.03653518355032748
2657,0.09804080305175311
2658,0.020910607592041663
2659,0.05332040169050434
2660,0.012122752101491163
2661,0.017294762010449327
2662,0.016723729299390366
2663,0.0306825680192917
2664,0.024060115007829674
2665,0.02529954884378116
2666,0.025134778595919505
2667,0.058138605952915645
2668,0.038282087448449964
2669,0.025176702612844326
2670,0.01994897099494919
2671,0.016697917093912995
2672,0.017444238448864113
2673,0.013546265438777572
2674,0.03479084545117017
2675,0.024600970987351145
2676,0.014011853751600856
2677,0.017613527028658038
2678,0.017638483865741073
2679,0.016059977663717473
2680,0.03821144749593741
2681,0.04643451821511102
2682,0.03821144749593741
2683,0.042855778400032185
2684,0.019236607800237282
2685,0.013226401981999092
2686,0.01588846776078756
2687,0.02315449554061999
2688,0.017000867813333764
2689,0.015357691919861027
2690,0.01213570459516733
2691,0.03743991772376043
2692,0.01128185063418985
2693,0.012056158345475021
2694,0.017522244025687583
2695,0.0365293479344293
2696,0.017522244025687583
2697,0.026452573101335086
2698,0.015779119283610088
2699,0.01588846776078756
2700,0.03294260900073753
2701,0.017566514939428624
2702,0.034602389984426996
2703,0.010830595069951876
2704,0.02180524936623185
2705,0.01849487448082765
2706,0.015194122250248632
2707,0.02022586341175825
2708,0.01696477498581983
2709,0.024521078800083362
2710,0.03269453233283781
2711,0.1609429560060347
2712,0.01853155123871464
2713,0.022706187881003315
2714,0.023370630885373056
2715,0.017587418950168354
2716,0.018480120770701047
2717,0.018480120770701047
2718,0.017294762010449327
2719,0.017294762010449327
2720,0.021238856610982015
2721,0.05838918808712246
2722,0.017587418950168354
2723,0.042829769332104806
2724,0.01621766846638706
2725,0.02751453707578977
2726,0.016756034494279426
2727,0.05554246104555016
2728,0.027997076841587587
2729,0.024085510950643374
2730,0.03894006635660274
2731,0.026304505983080873
2732,0.04081177072796449
2733,0.025990260410139854
2734,0.17437956202748428
2735,0.23374130601631726
2736,0.01911844837090937
2737,0.02235494208604083
2738,0.02235494208604083
2739,0.02213587011091067
2740,0.033144369207077085
2741,0.017993378231047963
2742,0.03317353549351487
2743,0.0240178464643247
2744,0.039925281439622484
2745,0.03100327479926357
2746,0.02774315391122717
2747,0.030535312001348847
2748,0.024884053575791376
2749,0.02387467450863001
2750,0.01750364431958995
2751,0.08734490973313225
2752,0.0209607909301347
2753,0.04392482028989286
2754,0.03031080630409244
2755,0.043350214166377965
2756,0.020330468436379534
2757,0.019760113370132726
2758,0.015784716214927497
2759,0.026159672548419333
2760,0.01795786072815464
2761,0.033275203455156555
2762,0.014218926245668562
2763,0.015607586620800418
2764,0.018994012166657637
2765,0.033195299763236985
2766,0.02758641077839552
2767,0.020433413029434022
2768,0.019760113370132726
2769,0.02932175817823368
2770,0.017574971685904273
2771,0.03778355228906349
2772,0.017294762010449327
2773,0.017587418950168354
2774,0.032290233716000816
2775,0.04003643327330564
2776,0.03499943437762054
2777,0.027766565873630022
2778,0.028056699592322154
2779,0.017104860771461117
2780,0.024930957334106885
2781,0.022893677784520117
2782,0.03572889515366584
2783,0.03572889515366584
2784,0.017303066772707876
2785,0.01603338451014591
2786,0.02224704241414499
2787,0.026568963206508034
2788,0.036135792738732686
2789,0.01974615931715651
2790,0.01824262864235915
2791,0.024060115007829674
2792,0.04824191164725988
2793,0.01974615931715651
2794,0.01879176714574149
2795,0.06985704059928666
2796,0.03715018119445168
2797,0.025120847868954854
2798,0.02669891460173346
2799,0.019603863734859228
2800,0.01992473577744225
2801,0.030917235402527554
2802,0.022926594900548936
2803,0.04278760297972917
2804,0.03501723526101175
2805,0.027453391276874184
2806,0.027453391276874184
2807,0.0393951378518268
2808,0.01743030796708389
2809,0.059582333405396426
2810,0.011977127178218083
2811,0.028587556139683667
2812,0.025279506724989242
2813,0.03768271626463682
2814,0.06761897309754783
2815,0.018388286333945292
2816,0.019338581789015263
2817,0.09816094322287805
2818,0.04081177072796449
2819,0.03923702991189071
2820,0.03957931909121959
2821,0.01213570459516733
2822,0.013065252091268409
2823,0.04081177072796449
2824,0.016791512194053393
2825,0.01194860377860063
2826,0.031611133804999136
2827,0.020317121697158935
2828,0.016573455002143356
2829,0.008879190484422539
2830,0.03145289144722785
2831,0.0245885124784333
2832,0.017541658113446656
2833,0.021863861321235967
2834,0.03372914990374398
2835,0.048187031846496975
2836,0.025982211111623355
2837,0.014538788949526649
2838,0.02624188420530138
2839,0.013282137914747638
2840,0.02513750978468321
2841,0.027111508109055493
2842,0.015617586238249603
2843,0.0245885124784333
2844,0.02891861058775691
2845,0.026718669064614065
2846,0.04109217880209881
2847,0.016732073493824884
2848,0.01866941674095346
2849,0.024474582281712287
2850,0.017280317661675926
2851,0.02624188420530138
2852,0.02185449971428788
2853,0.013628787657246733
2854,0.021291600304433556
2855,0.007406979987333195
2856,0.02044969367148397
2857,0.3903970344544587
2858,0.012017593151387063
2859,0.011979149823689306
2860,0.06726640451724242
2861,0.01967653375847711
2862,0.22039703125023224
2863,0.012058194174503267
2864,0.02703279516922852
2865,0.026223475353635894
2866,0.039286228876661444
2867,0.03095588593784715
2868,0.012122752101491163
2869,0.036276860647612263
2870,0.06699513068929519
2871,0.026253557776624525
2872,0.01948974424937666
2873,0.01948974424937666
2874,0.038051487696487474
2875,0.018725442518374824
2876,0.021610317620753383
2877,0.048208606572514356
2878,0.027691972152247057
2879,0.013244617557615523
2880,0.013880752004033714
2881,0.02179756495811902
2882,0.03823080609193963
2883,0.018185215586428605
2884,0.01274167598214515
2885,0.021576464356403036
2886,0.016806041488059198
2887,0.05122334102646242
2888,0.012320743877099471
2889,0.03538703268654253
2890,0.015093122157289751
2891,0.023723216524921376
2892,0.01699330334824678
2893,0.017556317010015587
2894,0.013662312603934468
2895,0.07457168985037266
2896,0.015865947044751305
2897,0.011339422541284061
2898,0.036464702371360014
2899,0.017587418950168354
2900,0.07307868011082908
2901,0.01588846776078756
2902,0.026646589960580336
2903,0.1057502258612869
2904,0.08272049634956113
2905,0.02427078030262053
2906,0.02624188420530138
2907,0.017587418950168354
2908,0.023763615680244876
2909,0.029795447689506593
2910,0.008150023759400105
2911,0.026409546709194043
2912,0.01837442090165431
2913,0.053214215704512235
2914,0.02100719285840802
2915,0.018960470786690498
2916,0.024729058717711916
2917,0.016171240495644112
2918,0.017574971685904273
2919,0.022531971625966873
2920,0.014642402556255374
2921,0.0740039379798686
2922,0.04566079980540039
2923,0.050941220245746766
2924,0.044493930305085305
2925,0.01154525987803301
2926,0.06654443551235767
2927,0.061305446088329996
2928,0.0262389244014134
2929,0.04087462135011177
2930,0.015557119787584561
2931,0.01879176714574149
2932,0.028408116818669504
2933,0.023243120548539276
2934,0.01897146859601484
2935,0.03507707011027694
2936,0.03246085040738622
2937,0.017572734549093583
2938,0.015767931278565572
2939,0.01658896895139661
2940,0.015069409120742283
2941,0.026120572846920043
2942,0.017235602952004214
2943,0.020385582885633524
2944,0.019559978860627547
2945,0.03896704501369419
2946,0.014607058601109557
2947,0.03588789270787662
2948,0.020382245877261673
2949,0.017587418950168354
2950,0.018455669428087296
2951,0.028533486544342512
2952,0.017587418950168354
2953,0.019125206762161118
2954,0.013662312603934468
2955,0.008901415136017277
2956,0.018455669428087296
2957,0.04397357083724884
2958,0.04397357083724884
2959,0.020036786375900006
2960,0.0156414766789702
2961,0.009019641815380286
2962,0.017587418950168354
2963,0.017587418950168354
2964,0.031541231083483834
2965,0.026121729255614623
2966,0.015800641880089006
2967,0.013292517785749691
2968,0.014819947381050191
2969,0.017080645834201102
2970,0.019301121550136302
2971,0.026207208587919473
2972,0.035301656095870215
2973,0.03289004998046996
2974,0.017336639340081672
2975,0.03384251186055187
2976,0.024093982073363107
2977,0.015871574277649958
2978,0.017568751298597696
2979,0.024665027185316712
2980,0.03195213071648351
2981,0.0830759581075996
2982,0.016543654332585866
2983,0.03404732668760213
2984,0.03346920296659839
2985,0.07403404821450021
2986,0.01838426060550602
2987,0.025614970753352728
2988,0.029394275269734926
2989,0.015628735645535685
2990,0.024934643398340284
2991,0.0416629490011059
2992,0.010134353276996744
2993,0.027278320782007204
2994,0.029757025442035512
2995,0.02488112291124467
2996,0.021989441557141554
2997,0.019709530848247003
2998,0.043807241701212085
2999,0.06843586456467432
3000,0.028639316025885653
3001,0.028639316025885653
3002,0.014264788919214899
3003,0.025201991816631075
3004,0.021199765397884374
3005,0.017459526410369186
3006,0.021037461643237387
3007,0.03660480211748307
3008,0.04142699008284467
3009,0.01982768115244593
3010,0.027502900369622885
3011,0.037974289476455536
3012,0.019723459537731136
3013,0.028559074451381727
3014,0.020320511791617535
3015,0.014559112589410894
3016,0.01370901415979675
3017,0.02170827529913022
3018,0.01849487448082765
3019,0.03303622740969525
3020,0.03285239134503104
3021,0.016703834396247896
3022,0.02070943141177617
3023,0.018730258229264107
3024,0.012325287844512811
3025,0.020646934021986696
3026,0.018359091682577655
3027,0.03869612411979517
3028,0.023732342690026886
3029,0.02527928453585171
3030,0.021498184216222294
3031,0.02780550150329064
3032,0.032457529788832096
3033,0.013288118264562332
3034,0.04891011296595571
3035,0.020656205651897075
3036,0.09022845465424145
3037,0.0464543027400639
3038,0.02829629289737834
3039,0.023413258364144984
3040,0.025141352857177335
3041,0.035006395643906174
3042,0.038995623627731124
3043,0.013235138537889712
3044,0.02389147495906374
3045,0.07607820346237537
3046,0.025633153444499457
3047,0.02624188420530138
3048,0.013306528363086101
3049,0.03334732619487746
3050,0.01716100309353219
3051,0.012092582693956966
3052,0.0682027064921833
3053,0.0682027064921833
3054,0.01613527337781273
3055,0.028201667363210614
3056,0.017429439221070875
3057,0.22795566047221738
3058,0.018785124327484137
3059,0.026960685571746246
3060,0.043885270398659415
3061,0.012417583778687735
3062,0.018785124327484137
3063,0.017786500988993037
3064,0.04006552233051952
3065,0.04101835760300898
3066,0.03202436834546318
3067,0.02040651083158973
3068,0.017302756811623965
3069,0.03328679644574395
3070,0.0185946773864758
3071,0.03655568144311039
3072,0.014144669714760028
3073,0.04884224958939387
3074,0.07224035516085259
3075,0.017468526986847532
3076,0.014633162137572264
3077,0.017581194236186426
3078,0.015555857933819861
3079,0.02406976594047039
3080,0.014622283563579863
3081,0.016385202524366815
3082,0.019530565879049
3083,0.03714388114217071
3084,0.01557064637218819
3085,0.01879176714574149
3086,0.029329129397071885
3087,0.032275048852382526
3088,0.027546516392268683
3089,0.017466585386027522
3090,0.026665632360597713
3091,0.026627904968696825
3092,0.04222616321414563
3093,0.015636713575973515
3094,0.02943579678097541
3095,0.02491275530924153
3096,0.0388716305674256
3097,0.02551220495383466
3098,0.0347520644669409
3099,0.023965448428052816
3100,0.01706234917181071
3101,0.020135040468922227
3102,0.021320970072038703
3103,0.025215233005814075
3104,0.04001375060555623
3105,0.04001375060555623
3106,0.02538797622991218
3107,0.02538797622991218
3108,0.02538797622991218
3109,0.02600135070466092
3110,0.03862216303921073
3111,0.01344552201207505
3112,0.017315009877365894
3113,0.01344552201207505
3114,0.012769050655698444
3115,0.02538797622991218
3116,0.024005708008765003
3117,0.011703374924204923
3118,0.018797806360260072
3119,0.02264809374899779
3120,0.02264809374899779
3121,0.011703374924204923
3122,0.02264809374899779
3123,0.02264809374899779
3124,0.026483115322398665
3125,0.02264809374899779
3126,0.02264809374899779
3127,0.02264809374899779
3128,0.009649616971484587
3129,0.019753135136293065
3130,0.016574128680953315
3131,0.013866311925584629
3132,0.04268175171012156
3133,0.034100389513255225
3134,0.022022870508449643
3135,0.017556317010015587
3136,0.02217451300894968
3137,0.03396447040806372
3138,0.04914078616337447
3139,0.04914078616337447
3140,0.01729984622979175
3141,0.019760113370132726
3142,0.014977910133007644
3143,0.013379463486873133
3144,0.03479021184099773
3145,0.03095588593784715
3146,0.021837987414334736
3147,0.01729984622979175
3148,0.017972967307627985
3149,0.036972075484563716
3150,0.027816812618278952
3151,0.007410886728136501
3152,0.021369504000377737
3153,0.04335209464771439
3154,0.0157269169491564
3155,0.0157269169491564
3156,0.029570894030703787
3157,0.05929599893770365
3158,0.0156601240659745
3159,0.015041556089164132
3160,0.023817796134330882
3161,0.05662914887177062
3162,0.019559978860627547
3163,0.017587418950168354
3164,0.017587418950168354
3165,0.013642903552558705
3166,0.01849487448082765
3167,0.02247730318553698
3168,0.021135178792232368
3169,0.021447629714628436
3170,0.01840185352459145
3171,0.021426884294009962
3172,0.014856818876287314
3173,0.014809429232717997
3174,0.018071941592618046
3175,0.016131160298121228
3176,0.018970354842013704
3177,0.025572973687644662
3178,0.021371838710528057
3179,0.017581194236186426
3180,0.016703834396247896
3181,0.0355327622801459
3182,0.013072536934546797
3183,0.017723015665519704
3184,0.018656514903320875
3185,0.07381041510382047
3186,0.03998444315206129
3187,0.018333803149817696
3188,0.03519607524087465
3189,0.013983129341266665
3190,0.033673291925558346
3191,0.014738758213524328
3192,0.01788856332944566
3193,0.01788856332944566
3194,0.013652604676908875
3195,0.019097571862343843
3196,0.01832091244359202
3197,0.021409850071525294
3198,0.02617045077765512
3199,0.026152090691176744
3200,0.012999673141145807
3201,0.014598267058145598
3202,0.012120144124262544
3203,0.012120144124262544
3204,0.012120144124262544
3205,0.01972919975919296
3206,0.01588846776078756
3207,0.017649918646634344
3208,0.01158758036570895
3209,0.021863861321235967
3210,0.02403342823334187
3211,0.026694556749224496
3212,0.04422902149551511
3213,0.025667050693374494
3214,0.04156877043937268
3215,0.040229076459173174
3216,0.018656218249120005
3217,0.01211843763869036
3218,0.01351997326171539
3219,0.01351997326171539
3220,0.027845464941321563
3221,0.04031431480520786
3222,0.03253199189762579
3223,0.05255914483640167
3224,0.01808824897441852
3225,0.016069838260117764
3226,0.01974615931715651
3227,0.05791867924842009
3228,0.026307824970505433
3229,0.028423456139232917
3230,0.017587165669524896
3231,0.035979718274067984
3232,0.016872036888683772
3233,0.007661894253577106
3234,0.026470983242684265
3235,0.03260973266471101
3236,0.02803464932750066
3237,0.007480120428853709
3238,0.01054110775982886
3239,0.0141946756013962
3240,0.012667026623552569
3241,0.040472565252074544
3242,0.014415252136690482
3243,0.029668085582902792
3244,0.03638328377300748
3245,0.04018425631474243
3246,0.017553352924357557
3247,0.04535494955354635
3248,0.034206774523591776
3249,0.06344581199038202
3250,0.013018179179558609
3251,0.023623439116198353
3252,0.020881791040132103
3253,0.014931987698721838
3254,0.017264168515768952
3255,0.0183609985087948
3256,0.013310772871540366
3257,0.01894705273975561
3258,0.028453323402551356
3259,0.021856156719142983
3260,0.020096186752300738
3261,0.020621444778861187
3262,0.018155253567231244
3263,0.059123898875355185
3264,0.03325317954595475
3265,0.07058414627069198
3266,0.03585802187895748
3267,0.031045513176139794
3268,0.014192025254128993
3269,0.016941519864432486
3270,0.03712290023790632
3271,0.044835789475414
3272,0.033480861205262946
3273,0.03820521690652978
3274,0.02312119465332585
3275,0.03281525531797669
3276,7.661991404701585e-4
3277,0.018039998547128566
3278,0.022844655407978753
3279,0.03200019131777054
3280,0.027192119199940024
3281,0.05740025115700487
3282,0.029710513333654376
3283,0.026406215236616792
3284,0.029305707394701064
3285,0.021863861321235967
3286,0.053330456316271646
3287,0.04017887268413689
3288,0.03667993700347183
3289,0.04063617119535168
3290,0.03934205137659874
3291,0.018242566679554928
3292,0.013789823530406586
3293,0.013034966631661593
3294,0.016850437577748845
3295,0.030977511253451162
3296,0.13738628323675461
3297,0.04208307173478798
3298,0.045011324353372184
3299,0.022358445049529774
3300,0.043046798049081514
3301,0.05890564430141865
3302,0.031060208556526803
3303,0.04743284449327123
3304,0.10036195768864986
3305,0.06333483498229664
3306,0.03749124847442853
3307,0.03719805977461477
3308,0.1324761690303996
3309,0.0244734282165604
3310,0.14320439307756527
3311,0.09394996806538558
3312,0.045532704502725174
3313,0.04435067688250793
3314,0.02612721187087874
3315,0.0505527546511676
3316,0.07898977990758949
3317,0.012496879201046807
3318,0.0383620940465933
3319,0.051776682449407585
3320,0.008939478863359662
3321,0.03930649871673153
3322,0.020448472959776254
3323,0.029978297548524768
3324,0.022362317622426908
3325,0.029063564388351337
3326,0.029939354279766905
3327,0.015036218641209964
3328,0.01767390570644034
3329,0.03262110163055276
3330,0.04409848027313168
3331,0.03895064998178199
3332,0.029491652738764418
3333,0.02992486902178948
3334,0.0722930758780157
3335,0.02660551639940989
3336,0.015257829861492267
3337,0.06287375115006744
3338,0.04019222228276309
3339,0.021982362740398997
3340,0.017076919304818805
3341,0.036923786043477014
3342,0.043415258181035976
3343,0.01849487448082765
3344,0.027573789102601665
3345,0.016709753759884816
3346,0.017546275983550852
3347,0.0453563467936845
3348,0.018488334635479164
3349,0.030618444431135816
3350,0.019653886649836583
3351,0.01849487448082765
3352,0.017243641969474033
3353,0.017243641969474033
3354,0.017243641969474033
3355,0.01814883159231695
3356,0.019610790290243707
3357,0.016662456528473424
3358,0.03997787893601379
3359,0.026866466783079912
3360,0.02152570075956317
3361,0.013300566621570753
3362,0.027743622530906564
3363,0.08821137447680649
3364,0.05894896834551511
3365,0.020380567553334616
3366,0.04362052218385215
3367,0.02787735580002948
3368,0.0279417755948157
3369,0.029334083533963606
3370,0.12577893916624638
3371,0.007474772045513167
3372,0.02343594784807157
3373,0.021228151824901342
3374,0.02381433466876559
3375,0.027364223634515183
3376,0.054499412225593735
3377,0.014861463561779309
3378,0.0443822331746665
3379,0.0234160657317537
3380,0.056250797915387674
3381,0.026560119574605245
3382,0.022068328087272104
3383,0.03634834506837503
3384,0.03634834506837503
3385,0.04050757954930018
3386,0.025336227902465702
3387,0.018059639085734158
3388,0.022068328087272104
3389,0.021086847695621302
3390,0.07093180892052531
3391,0.044847305517987546
3392,0.03376439862013214
3393,0.031661971370081976
3394,0.02149600080643066
3395,0.029975918827603865
3396,0.019124689015301954
3397,0.045133322993837655
3398,0.01815294393057243
3399,0.046554516834024784
3400,0.03450943148380259
3401,0.02079460775229891
3402,0.03863985326533015
3403,0.017638334666285393
3404,0.022333919276812053
3405,0.02298680497243244
3406,0.029520016085660017
3407,0.02298680497243244
3408,0.05731863164537254
3409,0.04572057068519475
3410,0.036686456213488094
3411,0.01845984998546657
3412,0.01845984998546657
3413,0.03131272227075865
3414,0.02454302319758528
3415,0.057490400026318444
3416,0.026316890250103087
3417,0.019104938612788835
3418,0.034830383415047295
3419,0.02241199525508486
3420,0.02241199525508486
3421,0.02241199525508486
3422,0.02241199525508486
3423,0.02241199525508486
3424,0.02241199525508486
3425,0.02241199525508486
3426,0.02241199525508486
3427,0.031214998443577446
3428,0.03580749406867456
3429,0.0362701907075329
3430,0.016680177547794717
3431,0.023430456499388908
3432,0.019104938612788835
3433,0.02519134620521557
3434,0.04083194963750614
3435,0.01813318191452662
3436,0.046797025243281665
3437,0.04739697693210143
3438,0.04168121063738017
3439,0.029907302511159584
3440,0.01901209602341336
3441,0.06261329104309454
3442,0.01667597978190316
3443,0.04150630710981096
3444,0.021337431076773994
3445,0.00739235580298736
3446,0.015212067743155977
3447,0.11715052632332945
3448,0.025956335982696865
3449,0.03211098979406124
3450,0.008952257327295987
3451,0.06197485456111618
3452,0.02327516471249369
3453,0.03679882537721768
3454,0.029239954512861988
3455,0.036936134654997566
3456,0.026978406984545122
3457,0.034316020640350664
3458,0.04407050882816299
3459,0.028041825348403604
3460,0.015634990223076017
3461,0.024319065610820645
3462,0.02315196648815443
3463,0.04897862444505219
3464,0.01701986293203095
3465,0.03147398774587673
3466,0.04878234926570557
3467,0.023144622442212714
3468,0.010830595069951876
3469,0.017130187590986723
3470,0.023475664501550586
3471,0.01711805828763624
3472,0.009013202650543062
3473,0.016891280446742263
3474,0.020308383380357342
3475,0.06258587535653193
3476,0.03767706203224186
3477,0.12946150373747445
3478,0.03368498393922603
3479,0.04040392230151901
3480,0.04351350806293608
3481,0.029778153732549217
3482,0.05913298951962587
3483,0.027965749944191765
3484,0.0327960067459544
3485,0.0221600846448744
3486,0.016125442537602286
3487,0.018481797059095695
3488,0.016723729299390366
3489,0.027711100578982517
3490,0.04457114736416656
3491,0.01818096377819678
3492,0.07556913238347407
3493,0.01349504528117651
3494,0.03093716535231794
3495,0.01735624007752279
3496,0.015485772853827351
3497,0.024325543357239576
3498,0.016578917908681046
3499,0.021714927838009768
3500,0.02564241745158602
3501,0.02179093510635255
3502,0.07070398340531481
3503,0.030738215297616445
3504,0.02216705261248686
3505,0.022702628706987915
3506,0.02172897854366418
3507,0.05147293320776747
3508,0.10487793461960238
3509,0.03745402429729572
3510,0.01568323223504231
3511,0.016985916738234907
3512,0.04935967128586416
3513,0.017132021143196008
3514,0.034315868292011165
3515,0.03802741387163244
3516,0.034736401693709285
3517,0.024652276369314108
3518,0.017132021143196008
3519,0.027882811816793973
3520,0.01936727628340207
3521,0.052404153833483846
3522,0.028369282569952525
3523,0.03721900946077972
3524,0.0431819232129691
3525,0.05352525355534765
3526,0.027263737419096046
3527,0.03217767513682357
3528,0.027263737419096046
3529,0.03217767513682357
3530,0.020561113870248504
3531,0.02860707785971628
3532,0.020561113870248504
3533,0.020561113870248504
3534,0.02860707785971628
3535,0.020561113870248504
3536,0.04540621819487356
3537,0.037803099887650404
3538,0.03221880709700908
3539,0.03468873585291776
3540,0.02078727193667773
3541,0.01984681334268812
3542,0.02802219016269558
3543,0.02458863103733422
3544,0.06919439471763478
3545,0.03990495308368813
3546,0.03171136340036684
3547,0.035974534757421406
3548,0.035974534757421406
3549,0.03706272248019982
3550,0.09588718275040908
3551,0.021601118590978685
3552,0.02947419695838638
3553,0.029948710230207065
3554,0.06700122675853404
3555,0.018641248740986938
3556,0.0367436804534389
3557,0.01591293371325997
3558,0.023345872298921932
3559,0.025628176619495346
3560,0.029015370586950362
3561,0.04062424901734085
3562,0.024394740424113492
3563,0.04062424901734085
3564,0.04089829713919868
3565,0.03838237967268432
3566,0.07619617534001133
3567,0.022941109278973415
3568,0.08106732661671412
3569,0.029249441292727996
3570,0.07095909861766525
3571,0.0806433602638561
3572,0.030756819316168582
3573,0.053089131637583886
3574,0.041590534390240075
3575,0.04831791340023084
3576,0.03330892603328062
3577,0.054582085962909144
3578,0.02598905358956871
3579,0.03664209849209121
3580,0.07109985075563918
3581,0.029487729384229167
3582,0.028545777146198548
3583,0.10920525298178008
3584,0.038610306437354636
3585,0.04931291252591585
3586,0.060163709326148895
3587,0.04565955673948974
3588,0.06177879819948462
3589,0.03954711722679738
3590,0.03338069627700646
3591,0.10089142482422442
3592,0.05503212707233596
3593,0.05965706267386339
3594,0.05965706267386339
3595,0.03313412295642437
3596,0.0803477282877827
3597,0.030712273729853856
3598,0.02012063441204648
3599,0.02012063441204648
3600,0.025395938276580265
3601,0.025395938276580265
3602,0.04738061911867342
3603,0.04070428333854914
3604,0.034751296671710064
3605,0.03016244748690211
3606,0.034751296671710064
3607,0.03383511823659069
3608,0.026653819042730897
3609,0.028170622779615573
3610,0.02861323745746558
3611,0.05208046503444008
3612,0.02270761931514964
3613,0.0431819232129691
3614,0.034751296671710064
3615,0.0079116421111044
3616,0.02009363525132135
3617,0.025383068841897005
3618,0.04078175854936694
3619,0.034497020769863385
3620,0.059146937370628816
3621,0.02620838584821339
3622,0.033524539056076
3623,0.055638520435245975
3624,0.009000337983214868
3625,0.009000337983214868
3626,0.047441724729080925
3627,0.03496185665867402
3628,0.020448888257350806
3629,0.02294637767421681
3630,0.023313877916794623
3631,0.020659491713186817
3632,0.026934912183418702
3633,0.025624155378571212
3634,0.07035333566376367
3635,0.04105491194359667
3636,0.0229492565882623
3637,0.033263142969713555
3638,0.05415222521886498
3639,0.021168153307564497
3640,0.026989778484624583
3641,0.025398522860980655
3642,0.05418781821731755
3643,0.09477344803792986
3644,0.022938300550195856
3645,0.02813809622769836
3646,0.022978904369404196
3647,0.048659735896311895
3648,0.015693485539592822
3649,0.017026319227091857
3650,0.02677289548183659
3651,0.020970846844680868
3652,0.022418203827376137
3653,0.07102547857704056
3654,0.03148329429047392
3655,0.022185607036222188
3656,0.03423454847021079
3657,0.022665611432493238
3658,0.009646174097847293
3659,0.08748937255683797
3660,0.03923462394836408
3661,0.03923462394836408
3662,0.011354440975841373
3663,0.03923462394836408
3664,0.03923462394836408
3665,0.03923462394836408
3666,0.03923462394836408
3667,0.02220578628848191
3668,0.03923462394836408
3669,0.031951023860777195
3670,0.3508238064414517
3671,0.024690652618383102
3672,0.031036481357784584
3673,0.03198184047477326
3674,0.026929717141952247
3675,0.023321883869158233
3676,0.046839456219056275
3677,0.05775710132949741
3678,0.017060291697996943
3679,0.02845459861282107
3680,0.01529675752388493
3681,0.041603813306818394
3682,0.036535667951034356
3683,0.04031898220931773
3684,0.04416877032234734
3685,0.02578686900583127
3686,0.04392077187220811
3687,0.03122639743734168
3688,0.03036614501302226
3689,0.03036614501302226
3690,0.028225359436981345
3691,0.03036614501302226
3692,0.03036614501302226
3693,0.03036614501302226
3694,0.028225359436981345
3695,0.03036614501302226
3696,0.029746272697131593
3697,0.029746272697131593
3698,0.028225359436981345
3699,0.03250123487259804
3700,0.05119737114607403
3701,0.03603955780765966
3702,0.007480120428853709
3703,0.07767214598840044
3704,0.0446456478565731
3705,0.05485037643551116
3706,0.0758510621244366
3707,0.07748834522282066
3708,0.04977423599449804
3709,0.24436795792704424
3710,0.09406802130181147
3711,0.02964361893280487
3712,0.02964361893280487
3713,0.06771933721210821
3714,0.06433046853170588
3715,0.0514273214210359
3716,0.03418862705159953
3717,0.019159210956988693
3718,0.016391341805676807
3719,0.029015283355559918
3720,0.02355447909340802
3721,0.023708070416073035
3722,0.04051529956941269
3723,0.07296840714940112
3724,0.04286423816038154
3725,0.02134994869204454
3726,0.03533303558503065
3727,0.053889464893262184
3728,0.03356407499305902
3729,0.05660132799237949
3730,0.023544468775829386
3731,0.05660132799237949
3732,0.021393009381981742
3733,0.15672950121661355
3734,0.06828956568077216
3735,0.08011873789772539
3736,0.10666318681118914
3737,0.01599779520178879
3738,0.046232444565112774
3739,0.02154045448577635
3740,0.02297871395268014
3741,0.027178031378279677
3742,0.023789614544748594
3743,0.01599779520178879
3744,0.20916394843043173
3745,0.018391254949710056
3746,0.033098212157603224
3747,0.03324310073211256
3748,0.030330477060459993
3749,0.021265107310708964
3750,0.03365925677514403
3751,0.04621568825623634
3752,0.034663984102783374
3753,0.02718711615224989
3754,0.02718711615224989
3755,0.0437749348039107
3756,0.014265976170769412
3757,0.03207306753170425
3758,0.034663984102783374
3759,0.030484301992086626
3760,0.0683823505094554
3761,0.030210966074740386
3762,0.03289434830103388
3763,0.02087204228289863
3764,0.02972314893615391
3765,0.06333284597418443
3766,0.010605189530396464
3767,0.05178919043397545
3768,0.07442650989494037
3769,0.018956688940781397
3770,0.019623076559639907
3771,0.03990861782003585
3772,0.02925282344949276
3773,0.02782635957952917
3774,0.009554048448951802
3775,0.026972463357667342
3776,0.020081726423884727
3777,0.07639950398302175
3778,0.043639719311935665
3779,0.023341788689992593
3780,0.07165186362765508
3781,0.05681332215184487
3782,0.02896974321908463
3783,0.02430927175415165
3784,0.06537487633564953
3785,0.07789485006714114
3786,0.07789485006714114
3787,0.007464086662331781
3788,0.03047004973995171
3789,0.017255416509145638
3790,0.02443280432475814
3791,0.016249634603136442
3792,0.030806219351327546
3793,0.03593169896005899
3794,0.03355659076153672
3795,0.01695722630305374
3796,0.016767069547552138
3797,0.03593169896005899
3798,0.014481740507143015
3799,0.01735822109894214
3800,0.03593169896005899
3801,0.035994161202035135
3802,0.03593169896005899
3803,0.047151345786871635
3804,0.03133471977955471
3805,0.018624571920352717
3806,0.026643749467217703
3807,0.019589117345062856
3808,0.07415088570538453
3809,0.10352139890761625
3810,0.02188650633643796
3811,0.036524125222758275
3812,0.0242003173048011
3813,0.01516830116037382
3814,0.014449036184147612
3815,0.02599781970503834
3816,0.03682117625053494
3817,0.02279364610634116
3818,0.07724687253490281
3819,0.00926155707459253
3820,0.06282976413928798
3821,0.04609116228191412
3822,0.040951720970728855
3823,0.033007378262270515
3824,0.043301674942382684
3825,0.02000500974709485
3826,0.019346252663836605
3827,0.019346252663836605
3828,0.019346252663836605
3829,0.02786256523097419
3830,0.034191899793018066
3831,0.02000500974709485
3832,0.03031465288700297
3833,0.007987310338990805
3834,0.06357352492742574
3835,0.06858913516430032
3836,0.033573574636350245
3837,0.016777527749611054
3838,0.023483414409029235
3839,0.03057106273760324
3840,0.0594526867303673
3841,0.0496321592786344
3842,0.10301195178338085
3843,0.020094628012920945
3844,0.01516830116037382
3845,0.03263393064488063
3846,0.01516830116037382
3847,0.03263393064488063
3848,0.023483414409029235
3849,0.03384074704810636
3850,0.03612436888159254
3851,0.01826105285167512
3852,0.030635201038262116
3853,0.02598646371826252
3854,0.030667319036171703
3855,0.023483414409029235
3856,0.025447488868668877
3857,0.026308424995731827
3858,0.025789870244842805
3859,0.025447488868668877
3860,0.025447488868668877
3861,0.01516830116037382
3862,0.025447488868668877
3863,0.02811611524920188
3864,0.029506526470196692
3865,0.022298921727774257
3866,0.018041389142783304
3867,0.057739416023134704
3868,0.02625882371343291
3869,0.0611114600486522
3870,0.018150057369554218
3871,0.053119628887209225
3872,0.07364171681013654
3873,0.052378866585865214
3874,0.0243263704062604
3875,0.0188590501150111
3876,0.043883386364181654
3877,0.08965408946246367
3878,0.037117652853940086
3879,0.030539042373246894
3880,0.020331627718206735
3881,0.023478733490766568
3882,0.3111306431201605
3883,0.08803468822860938
3884,0.027352895048052495
3885,0.028882308361433018
3886,0.05410051392690274
3887,0.058202824912361395
3888,0.01582616939283321
3889,0.05854790947322486
3890,0.028222860255905702
3891,0.05721621723897086
3892,0.018174532877269
3893,0.01751286502735605
3894,0.03265343896841333
3895,0.04289303686082957
3896,0.030662718467907135
3897,0.07227820267072493
3898,0.07227820267072493
3899,0.0748980898113244
3900,0.007480120428853709
3901,0.03318240097763492
3902,0.029993209771523643
3903,0.019812877647303884
3904,0.016170789082496584
3905,0.029993209771523643
3906,0.02330377860992161
3907,0.0648018857688556
3908,0.024946452226628613
3909,0.040551985022790116
3910,0.05890517505429749
3911,0.03777428410913042
3912,0.01987487053329451
3913,0.05140978338288271
3914,0.05281855256751167
3915,0.05846064650442773
3916,0.02248458649803675
3917,0.05218028404847852
3918,0.09421761377086713
3919,0.09771279901044616
3920,0.024112223738452343
3921,0.018734171245539222
3922,0.014430404189166413
3923,0.008417682480561517
3924,0.03626426535434668
3925,0.15216015696234086
3926,0.1361885438808481
3927,0.05557145328576707
3928,0.05026925132454829
3929,0.045846926214606176
3930,0.017080440142727582
3931,0.15585117610602317
3932,0.16651102963685194
3933,0.04999760245157503
3934,0.02886255611462729
3935,0.06716403592048459
3936,0.0483747861378675
3937,0.03487707403405005
3938,0.025033978301697624
3939,0.026481114579635978
3940,0.023639533660756107
3941,0.01548457833500394
3942,0.029610741061032897
3943,0.019194397371016247
3944,0.06662953951637751
3945,0.13358645699243454
3946,0.052465464929327243
3947,0.045046434755262044
3948,0.04782464467420611
3949,0.027565370933181566
3950,0.05017418719884814
3951,0.05465857391810036
3952,0.007359446801940783
3953,0.03661465595707203
3954,0.02383843087294979
3955,0.12356249631421135
3956,0.041985087576253965
3957,0.021330506410965344
3958,0.02228518132910584
3959,0.023258262346273928
3960,0.014409919907572899
3961,0.018990696523597417
3962,0.014903144913316901
3963,0.015815510747764328
3964,0.030952993062308143
3965,0.024441394535025807
3966,0.03439753180776528
3967,0.019307391673521135
3968,0.038809543626398435
3969,0.02097403952593424
3970,0.060334765662463985
3971,0.007456082575069578
3972,0.07331676346502303
3973,0.03441673893953312
3974,0.040092712707407774
3975,0.12424119314994775
3976,0.047516522360703695
3977,0.06476121716571548
3978,0.0614646481992881
3979,0.02873961516611201
3980,0.07664231739759786
3981,0.07031842675618283
3982,0.01849064953149726
3983,0.02672872938771187
3984,0.03556820119027959
3985,0.021026623421394608
3986,0.08727648076376504
3987,0.1497109498782596
3988,0.09370612538379908
3989,0.038981970898329776
3990,0.017090572267287052
3991,0.017090572267287052
3992,0.08178458224198804
3993,0.08551040446345948
3994,0.02002678340641506
3995,0.03599033876650404
3996,0.02661856725227274
3997,0.03076376359637667
3998,0.023373490075333292
3999,0.02451163888558283
4000,0.037498057131539086
4001,0.029015283355559918
4002,0.028035313646503135
4003,0.021789455304140004
4004,0.025905045026287876
4005,0.02965738063989476
4006,0.04664442261435364
4007,0.03535661867745177
4008,0.042230745193402974
4009,0.026111521676721594
4010,0.022466579464585634
4011,0.028420990643630906
4012,0.059205538057504614
4013,0.11628033021753859
4014,0.0311125549304877
4015,0.061167941959209604
4016,0.026530571838788708
4017,0.02722798672772886
4018,0.04671704061024884
4019,0.07099069849346129
4020,0.09039616294056907
4021,0.04695462562981001
4022,0.11193491213228579
4023,0.04810037700633896
4024,0.05826293072499322
4025,0.024198060416168787
4026,0.1746810957241165
4027,0.03171079127211163
4028,0.09630459845125405
4029,0.03593329195113815
4030,0.03166729932981305
4031,0.056135239793471015
4032,0.1073954948442738
4033,0.13978907834133014
4034,0.06388449226558213
4035,0.01794199232574356
4036,0.11456516970369801
4037,0.027187236613936183
4038,0.034733840583296316
4039,0.06350053303263847
4040,0.048079920326004166
4041,0.05152814897106628
4042,0.05410301511519022
4043,0.04414150684081597
4044,0.04563048436794204
4045,0.033363516667014204
4046,0.055392660574265395
4047,0.0567767236401896
4048,0.048249960414838644
4049,0.03504877791644301
4050,0.021807845867075515
4051,0.14576353266700315
4052,0.09235286084729366
4053,0.07284895346674602
4054,0.05059328661547802
4055,0.03381278555538769
4056,0.019117729635717562
4057,0.026465506864056132
4058,0.08755651202404435
4059,0.2418086453310131
4060,0.024069867491256614
4061,0.08597300854000511
4062,0.07324428588297327
4063,0.07376266474924564
4064,0.07913039119720577
4065,0.030474181038105286
4066,0.040112669263559386
4067,0.02274586456495964
4068,0.10387308822736774
4069,0.053380638391498536
4070,0.03993284059533553
4071,0.02877207809416249
4072,0.16771719145864716
4073,0.17453227448666886
4074,0.12185779464465474
4075,0.021800790391826586
4076,0.1435398153423526
4077,0.0766804794363346
4078,0.022955046969789783
4079,0.029889585923448814
4080,0.029209797243243685
4081,0.16419748908969078
4082,0.02596274482416605
4083,0.04999093250427722
4084,0.31023221029567627
4085,0.033705140039909987
4086,0.04051144221422387
4087,0.13659860952538538
4088,0.03625702537842068
4089,0.050110121523275875
4090,0.09733081730656656
4091,0.25982781050604786
4092,0.11045452915393772
4093,0.02780071128975392
4094,0.15968499742318865
4095,0.04033126673043175
4096,0.12052115204444558
4097,0.04480088534544102
4098,0.0070690846619722025
4099,0.07999875777588472
4100,0.20634796259644717
4101,0.03718942533863567
4102,0.0943345194300047
4103,0.17106362118152463
4104,0.042042672010954796
4105,0.10695987149469166
4106,0.06445138993506938
4107,0.03940121595401602
4108,0.19183244624566598
4109,0.16112803326002267
4110,0.047411849041257614
4111,0.12274511577615421
4112,0.10047405383031416
4113,0.051217965892928485
4114,0.07904222392868243
4115,0.03357065618864796
4116,0.06069162671207262
4117,0.09786198774993338
4118,0.007480120428853709
4119,0.10632567679675153
4120,0.14784322670908723
4121,0.11831590103196077
4122,0.028836052556700187
4123,0.05498139087761267
4124,0.024501881476677756
4125,0.019126059112856586
4126,0.023925713243483138
4127,0.018103356219558386
4128,0.016125442537602286
4129,0.08247097112783486
4130,0.08119668413914172
4131,0.03280382098106893
4132,0.05175451359144778
4133,0.14851627872761364
4134,0.06999955091252175
4135,0.049874843895222565
4136,0.06827872724368789
4137,0.08723016344300771
4138,0.06543987272001672
4139,0.122694272023676
4140,0.11751759244407167
4141,0.0517505844912598
4142,0.018919915311559565
4143,0.036587561985143235
4144,0.03414916488815034
4145,0.05358519894343694
4146,0.08086166913156667
4147,0.023376575952624434
4148,0.007256129826030078
4149,0.14877767830526367
4150,0.2974047292318507
4151,0.0766965991788725
4152,0.033569551345707827
4153,0.06200531428735445
4154,0.11107470629366778
4155,0.0871558073018851
4156,0.08885878553749549
4157,0.03789908528147179
4158,0.02846594773112543
4159,0.021060734879908782
4160,0.007426807069843111
4161,0.09526160434112396
4162,0.021671322341767274
4163,0.028002539369339274
4164,0.05852280833557988
4165,0.028002539369339274
4166,0.07556477735123757
4167,0.11448990839921291
4168,0.4012212116762951
4169,0.12652943521142845
4170,0.17689323620498565
4171,0.10022335220653555
4172,0.03366192090867415
4173,0.11149552965987675
4174,0.026694556749224496
4175,0.08026182985187613
4176,0.051029341770706726
4177,0.19327714276951158
4178,0.18418073501622578
4179,0.4087876235603458
4180,0.009019641815380286
4181,0.02336663349834467
4182,0.05158579862365731
4183,0.04399625105417959
4184,0.055799205373951555
4185,0.21040572425670323
4186,0.04100425931957563
4187,0.05239301080919889
4188,0.030503370360386195
4189,0.03880701275261744
4190,0.07502194091057479
4191,0.07912966026287638
4192,0.032493320468855225
4193,0.031199006504273985
4194,0.09499714538836179
4195,0.3101755311452441
4196,0.02460927012810965
4197,0.10479004260640346
4198,0.15088337243021743
4199,0.024145999274641228
4200,0.02126574774063772
4201,0.0893624620436505
4202,0.04304573831640257
4203,0.024729402880428908
4204,0.03859539708042936
4205,0.1449420875239782
4206,0.08928378772053491
4207,0.19618442924188406
4208,0.3025428143527885
4209,0.2009798152022425
4210,0.02386567366397485
4211,0.049172798818717056
4212,0.11990873096727384
4213,0.4159837985585402
4214,0.08440054024174903
4215,0.09314854048156795
4216,0.03773726445638981
4217,0.06337182085704696
4218,0.08389986169060848
4219,0.17611857493362149
4220,0.05979960057426226
4221,0.027277638729784504
4222,0.09798930803178929
4223,0.15760266503130105
4224,0.09717102014052303
4225,0.02832735039420975
4226,0.030584832956286667
4227,0.007480120428853709
4228,0.03693082552896698
4229,0.034656538411853344
4230,0.04155533867214389
4231,0.04155533867214389
4232,0.03353182058159754
4233,0.032447590834137285
4234,0.019990064581585032
4235,0.04099187856628983
4236,0.024079461891174825
4237,0.034961441476870636
4238,0.03342828591513902
4239,0.0819608373959857
4240,0.12814026364295417
4241,0.2209283113457694
4242,0.022088695873070163
4243,0.17372296932341924
4244,0.0437745549312929
4245,0.1341538793917758
4246,0.15401109423145376
4247,0.08058492524950345
4248,0.16239733650832644
4249,0.015831110068018517
4250,0.0937205944247278
4251,0.08087131687581983
4252,0.02454427169881701
4253,0.026413533609552564
4254,0.03370106805681261
4255,0.08472268885982259
4256,0.10202651205960245
4257,0.12090805222770373
4258,0.1489567086294733
4259,0.03632502102330648
4260,0.03058401889217177
4261,0.0932944739024002
4262,0.23379792335512373
4263,0.04845109547669246
4264,0.032313727927019587
4265,0.1651880460915478
4266,0.07470059393331085
4267,0.06400585924561719
4268,0.08094459503772677
4269,0.027777351840234665
4270,0.028455626052833027
4271,0.04761302036897752
4272,0.03139662559363532
4273,0.024506457359158018
4274,0.050728540649108256
4275,0.22976854904598265
4276,0.040044965622826334
4277,0.26620680410151776
4278,0.3603898868039702
4279,0.0864264431063233
4280,0.13098170537216536
4281,0.13911441540056335
4282,0.13930084363950412
4283,0.1052552383896791
4284,0.019363357690954097
4285,0.06368306689950587
4286,0.14115281080633824
4287,0.2666672783038515
4288,0.03647397952371967
4289,0.030826145984806375
4290,0.035963117943682565
4291,0.19463399739202847
4292,0.09765947707143785
4293,0.02620944068696096
4294,0.28528128008241216
4295,0.14766586839718887
4296,0.33310129611966377
4297,0.019472747213408192
4298,0.1994282685004649
4299,0.05749162553965159
4300,0.042031620348324084
4301,0.055716932093954674
4302,0.16249359457580714
4303,0.008990701424823389
4304,0.515558122698567
4305,0.06167295842803244
4306,0.0699974387379344
4307,0.05347069974251972
4308,0.0276755616820753
4309,0.06544989799280476
4310,0.04679893644314137
4311,0.6289937728483506
4312,0.8174328282347179
4313,0.02364317114430048
4314,0.02249250460106178
4315,0.03234992932670988
4316,0.0465552013209688
4317,0.024797295381491335
4318,0.023984592448099695
4319,0.03465644732257467
4320,0.029745818727054618
4321,0.023123095713547093
4322,0.29479179375840814
4323,0.11071638062275635
4324,0.14627762087408602
4325,0.12665682429373593
4326,0.02188708963466368
4327,0.053681904937227465
4328,0.16114888415341422
4329,0.21234044405100783
4330,0.026591818617600627
4331,0.02510187634821881
4332,0.10702866599832639
4333,0.04052910268626686
4334,0.03795847840617672
4335,0.06382787589578087
4336,0.022225645241170655
4337,0.03327460578721875
4338,0.18651460978282208
4339,0.04930193035444075
4340,0.28340762631591787
4341,0.08870112419200848
4342,0.07717788646777979
4343,0.07457840781561098
4344,0.047685493828376835
4345,0.022178295714426977
4346,0.5347241792210786
4347,0.20436071526263533
4348,0.3124786593220482
4349,0.03641174460585994
4350,0.02674765366026366
4351,0.1495762464860918
4352,0.24775598286615796
4353,0.04463912239961909
4354,0.38765194837068817
4355,0.09280821127015981
4356,0.13056789140448777
4357,0.29966766869611083
4358,0.13392570915451363
4359,0.12440100665124487
4360,0.03736554332469666
4361,0.0457154056443686
4362,0.19410200482961137
4363,0.2263579919216392
4364,0.40923712768343623
4365,0.46656643292022637
4366,0.05347368604870273
4367,0.05347368604870273
4368,0.05209505638300449
4369,0.05368615540434296
4370,0.16229847776627693
4371,0.09143982685810825
4372,0.04082480848454584
4373,0.062314634328020646
4374,0.31499828574736755
4375,0.10765517308796246
4376,0.02675107409075883
4377,0.04341231685877178
4378,0.15594859683091844
4379,0.29528781980490637
4380,0.1530434578353691
4381,0.15237357831585419
4382,0.3113294440377635
4383,0.11771460865356076
4384,0.104102169321875
4385,0.22774596394475932
4386,0.1271421200981151
4387,0.07341265231291882
4388,0.2176721738007874
4389,0.1656375573130926
4390,0.08738477355930152
4391,0.13753576439180237
4392,0.13502631842813628
4393,0.1852319543766472
4394,0.634517290963551
4395,0.05726518062876884
4396,0.08362181975239491
4397,0.045764935106733295
4398,0.07441178060802611
4399,0.0912678695398732
4400,0.2066979051529888
4401,0.04801978464455359
4402,0.7835524954187728
4403,0.2849664990320918
4404,0.2621022315526079
4405,0.5995561807271808
4406,0.11772311541187264
4407,0.11307495020974578
4408,0.11095927130174232
4409,0.1110839726296502
4410,0.07785828004542517
4411,0.10014825774796332
4412,0.0444180124887128
4413,0.12317011385840493
4414,0.06672546527597578
4415,0.07714152761335769
4416,0.22167780547991622
4417,0.04604316090425187
4418,0.1497662526631537
4419,0.2400182676680226
4420,0.060094335012489064
4421,0.09532828938276494
4422,0.09532828938276494
4423,0.04983861461365391
4424,0.06690840187416836
4425,0.3281457026570096
4426,0.062002747129777935
4427,0.02354242207272128
4428,0.1026390796548553
4429,0.10823930150208128
4430,0.42185807808820264
4431,0.0974929408088171
4432,0.34944647899070425
4433,0.2230204297850651
4434,0.05832399085546869
4435,0.08175757828553365
4436,0.08529460957668566
4437,0.06343601398160759
4438,0.06343601398160759
4439,0.08837130706701102
4440,0.24190291459398694
4441,0.3275817072917523
4442,0.23729010479382906
4443,0.035466745818926504
4444,0.1140499160352868
4445,0.12548368561384493
4446,0.04312279917797002
4447,0.26498808079347724
4448,0.2652688998889452
4449,0.3034300071537004
4450,0.07955419531126051
4451,0.6796337999277691
4452,0.2418357375663439
4453,0.4774696287050534
4454,0.23221528192901764
4455,0.10990445116475678
4456,0.19214938260748526
4457,0.27249495617849273
4458,0.2736292547029515
4459,0.290496704045321
4460,0.18451831227029836
4461,0.1536313446362163
4462,0.14337465845734965
4463,0.23376982436590354
4464,0.07727984692560752
4465,0.27678448974773606
4466,0.17066542798040651
4467,0.1149147454486461
4468,0.2841742777007117
4469,0.32141573495281295
4470,0.4093454883087717
4471,0.08986693602478202
4472,0.007186382989429196
4473,0.24921970745058641
4474,0.11831590103196077
4475,0.686208804789327
4476,0.24266860201944407
4477,0.060082763945949025
4478,0.3938588105430153
4479,0.16227358175029227
4480,0.2445503707596567
4481,0.45384303720319197
4482,0.29588929453350965
4483,0.0074534164394780555
4484,0.229632136177077
4485,0.2275859412237049
4486,0.5811427732299844
4487,0.3916859299182557
4488,0.5704591699730257
4489,0.26197688993985513
4490,0.3901586732124305
4491,0.04363605950637428
4492,0.08780805539138303
4493,0.11129232167415148
4494,0.10092440635796529
4495,0.30907886306794297
4496,0.053095140033253774
4497,0.4945137045949175
4498,0.5461184490329621
4499,0.16337053583458683
4500,0.07243638310355982
4501,0.34722415352107494
4502,0.39500364363626606
4503,0.11963381770995962
4504,0.18295387256027007
4505,0.09309631743134628
4506,0.31448777638691305
4507,0.20501494116269092
4508,0.010826735443153046
4509,0.37946071511488955
4510,0.2872654741219314
4511,0.04301884076460172
4512,0.1853735141155759
4513,0.05390578974784488
4514,0.12165095778837942
4515,0.45172782970923886
4516,0.15470046801566828
4517,0.2459683422586164
4518,0.2778237758821095
4519,0.21446516633687995
4520,0.1593621663714624
4521,0.15182003260820376
4522,0.197333457190762
4523,0.08065260858096956
4524,0.2337745241454262
4525,0.032209336359976914
4526,0.5022496736738729
4527,0.6248564368295206
4528,0.4388184355401995
4529,0.0842094042929753
4530,0.2361855927915959
4531,0.5127267099469108
4532,0.514518543769213
4533,0.3993105246463863
4534,0.08794005477168465
4535,0.30906504104103083
4536,0.08686631314068205
4537,0.13254658286769128
4538,0.3290036290558671
4539,0.12436176301539359
4540,0.19705738149345797
4541,0.2995713257219246
4542,0.12041503326644065
4543,0.19118208694582906
4544,0.8233347883757165
4545,0.24884526027707687
4546,0.303334880180123
4547,0.5796788586175998
4548,0.3345025955071107
4549,0.42235287102607544
4550,0.2998687692365536
4551,0.42556070345555197
4552,0.2946524766307981
4553,0.22395672464619443
4554,0.20075809758866947
4555,0.2798699020444706
4556,0.4478296820803058
4557,0.41573465207334503
4558,0.18335168480033937
4559,0.06183705588798183
4560,0.08680309101945494
4561,0.13035236725465893
4562,0.1038924342758698
4563,0.4914199076754273
4564,0.16178319127026153
4565,0.16639964574163335
4566,0.4278302275677959
4567,0.3317483871399206
4568,0.3665964208647946
4569,0.1952364424334243
4570,0.1653559863101861
4571,0.120922923405818
4572,0.19868860057045756
4573,0.2614420896522157
4574,0.4067587516689891
4575,0.3157855208630663
4576,0.199206864996325
4577,0.14621739345545937
4578,0.2721391045024779
4579,0.2766095721565124
4580,0.30820430630625717
4581,0.024304190240859502
4582,0.6191502463797427
4583,0.1585952292159356
4584,0.4947024730803665
4585,0.4141825152662024
4586,0.20700579256949203
4587,0.23965416976138487
4588,0.3133913278723113
4589,0.24644916730846245
4590,0.5529433467332272
4591,0.26205329970125457
4592,0.22793294537716458
4593,0.14402731115974432
4594,0.5268306405732291
4595,0.33104138535452954
4596,0.3351376548384599
4597,0.3460212798383009
4598,0.09938231066040037
4599,0.047284786293558256
4600,0.1910250628087079
4601,0.0544563147539755
4602,0.5289842876326234
4603,0.10060252804256742
4604,0.06668712834187873
4605,0.2424687763452661
4606,0.11417669416461829
4607,0.34350540627035053
4608,0.496795360458119
4609,0.3588168251307987
4610,0.4679556347120074
4611,0.2573637874839557
4612,0.33487711810382526
4613,0.32292136857490217
4614,0.5012795594271865
4615,0.16773532328420582
4616,0.2316737310393786
4617,0.533948994525614
4618,0.8840767298222845
4619,0.6941297457259745
4620,0.2709662744880488
4621,0.6470883231143507
4622,0.2899778379199236
4623,0.3478586777090795
4624,0.24272492200818307
4625,0.4504601108415116
4626,0.5935504742357873
4627,0.025729991553347542
4628,0.33576640529629853
4629,0.07285215255084543
4630,0.43047498916531757
4631,0.4766072160256106
4632,0.5857636063313536
4633,0.059209012593402166
4634,0.15223219817340883
4635,0.12762360674073792
4636,0.06165715246173853
4637,0.08531594855700986
4638,0.2784407782438767
4639,0.07602485444318374
4640,0.17975748619753273
4641,0.06316108271190046
4642,0.2386706693638162
4643,0.40404579828510445
4644,0.23080953322898567
4645,0.23689826102390377
4646,0.562121684776614
4647,0.09756657947666336
4648,0.43433276243299446
4649,0.23967896416877155
4650,0.37458476647531147
4651,0.3841861780280501
4652,0.15099805784206877
4653,0.10882946734627397
4654,0.5056487170777973
4655,0.21343325307205474
4656,0.08430981411548732
4657,0.06894113881023611
4658,0.29400634640889023
4659,0.0754205295628334
4660,0.12193953958683723
4661,0.6946851195497468
4662,0.31375090873716605
4663,0.0754205295628334
4664,0.1182783177016733
4665,0.3203210489684575
4666,0.17558954642210223
4667,0.32569803192132873
4668,0.19316951753065859
4669,0.3656460891876423
4670,0.20427533475127535
4671,0.15271552429906832
4672,0.20439994329095834
4673,0.03371286478967117
4674,0.4183100979999548
4675,0.26681930824878153
4676,0.49850865498545704
4677,0.05876928292310746
4678,0.16515934124163523
4679,0.3117446179538178
4680,0.27435955853791394
4681,0.6815399351216835
4682,0.10960985373787913
4683,0.18967363852964658
4684,0.19882871176404204
4685,0.25327823382231907
4686,0.2509004704707427
4687,0.09084149065135383
4688,0.32424286218512
4689,0.5279708879001666
4690,0.3653507291043723
4691,0.24569143090127532
4692,0.08004798129012314
4693,0.1950456095807669
4694,0.21762079488422248
4695,0.03803449781817525
4696,0.178560069463372
4697,0.5823875816133487
4698,0.23987037337815953
4699,0.036059406467955135
4700,0.6513039990254661
4701,0.23407631592328892
4702,0.08079885594145209
4703,0.481930708505643
4704,0.3036194538119874
4705,0.42577403167323635
4706,0.12788730900429413
4707,0.30717233211728345
4708,0.636017934150713
4709,0.667686048581911
4710,0.6487395367396946
4711,0.3254827800434771
4712,0.05805494099119046
4713,0.24539056340573095
4714,0.27332546634762145
4715,0.47650514513074604
4716,0.15814628489339067
4717,0.23514109989735554
4718,0.17022895990713893
4719,0.2775478599787755
4720,0.35125391997156985
4721,0.1344116211562042
4722,0.15114871117831952
4723,0.4942062074616441
4724,0.20781631534554357
4725,0.05961197909954674
4726,0.24207168002453616
4727,0.18525355787705478
4728,0.46336536839441966
4729,0.43026850140384376
4730,0.17368968216154956
4731,0.2721391045024779
4732,0.33647108827436856
4733,0.133827722061437
4734,0.047122726583629926
4735,0.053030937570774594
4736,0.05145820132817425
4737,0.39653568844985754
4738,0.25543241485839974
4739,0.08378198373641788
4740,0.44112486406236395
4741,0.44112486406236395
4742,0.05388400667836135
4743,0.2209134485218326
4744,0.38684422250700035
4745,0.33594217162012074
4746,0.2843371542816876
4747,0.30079975857215324
4748,0.07069422806884074
4749,0.14555695748943442
4750,0.19369358816414606
4751,0.06768864994929302
4752,0.31831259743193563
4753,0.5071846718158037
4754,0.07480587109101555
4755,0.3491973163838261
4756,0.12778081247231543
4757,0.160006170313006
4758,0.2721620457078282
4759,0.530338112260803
4760,0.17323282526029693
4761,0.49644619939745294
4762,0.7573039604330596
4763,0.1629894281898383
4764,0.09957448688856152
4765,0.25899579615001467
4766,0.2204135419351282
4767,0.3632572509855003
4768,0.06345720231900787
4769,0.42085002017595463
4770,0.3632428174515261
4771,0.2556257781088189
4772,0.47023011888901955
4773,0.05003647688869617
4774,0.11656180488476187
4775,0.3398212577687918
4776,0.3634182060105867
4777,0.6087698281954477
4778,0.1880763866824342
4779,0.041533917383206775
4780,0.056470279095143794
4781,0.4894969592183097
4782,0.16477374336562212
4783,0.4280938079816241
4784,0.2149832583133684
4785,0.1372388294783471
4786,0.4525589186290506
4787,0.0285892256545911
4788,0.13191207086108103
4789,0.32003476535825326
4790,0.05697992257879181
4791,0.07441178060802611
4792,0.030332517282363414
4793,0.30427166237070846
4794,0.19044302990396744
4795,0.06256145015922654
4796,0.21660753860450888
4797,0.18267260599154955
4798,0.030581569661314978
4799,0.12455107496131634
4800,0.30228330369250456
4801,0.17242224330126232
4802,0.06916081718959854
4803,0.1645841980543492
4804,0.2654880847321076
4805,0.13788972746629113
4806,0.5133798602754451
4807,0.06560395948883979
4808,0.21615962867145944
4809,0.39144630334873864
4810,0.10389852288217527
4811,0.1452997087790059
4812,0.18554397592829008
4813,0.22437901987993036
4814,0.030217296968843343
4815,0.2763653286297574
4816,0.06267636843594593
4817,0.24287580396711006
4818,0.35494055107222433
4819,0.2781114146103034
4820,0.10965930094569909
4821,0.19156645119322535
4822,0.2596602949738597
4823,0.04477139457269397
4824,0.21331293019611175
4825,0.24036192470023054
4826,0.035258303658289414
4827,0.07237188881368128
4828,0.26756901199684135
4829,0.12253962402351304
4830,0.18142477388150124
4831,0.19363414165645332
4832,0.03399106524378759
4833,0.17338229618960876
4834,0.14006212544597885
4835,0.009646174097847293
4836,0.057243716403040934
4837,0.15684063581689545
4838,0.45416071103957734
4839,0.13041362110372334
4840,0.04838727542327026
4841,0.36538795992254136
4842,0.05209360880111291
4843,0.11462072955762659
4844,0.4251814769495629
4845,0.20643456416541894
4846,0.10385015884390514
4847,0.03603937506080279
4848,0.06069302968843182
4849,0.2959848374704258
4850,0.03102483206482809
4851,0.025988954345081305
4852,0.023332167603132836
4853,0.012044945455303324
4854,0.022610510053631128
4855,0.24375242413955134
4856,0.03617127660322317
4857,0.022467496471669124
4858,0.11208408332682185
4859,0.12943002561701566
4860,0.03514920518842146
4861,0.04728440315106508
4862,0.3106276371640776
4863,0.046031512434873356
4864,0.08178428229209611
4865,0.2958224495090953
4866,0.020121179448434168
4867,0.051116330240220775
4868,0.03266894719977087
4869,0.06731586907799825
4870,0.11516281896844249
4871,0.1506968323223905
4872,0.1031654081697555
4873,0.14348533125767338
4874,0.21875670702687589
4875,0.06524034235057108
4876,0.02307919690824578
4877,0.022321513827280315
4878,0.02307919690824578
4879,0.2092017795144313
4880,0.04791044345128592
4881,0.07133923070557746
4882,0.0757839943052383
4883,0.10142322750465671
4884,0.06440922408873528
4885,0.1727946004486144
4886,0.039547401527492365
4887,0.1626513697412505
4888,0.06411141920393504
4889,0.07728292670308012
4890,0.10013421589767568
4891,0.054674477396952637
4892,0.04573139260472803
4893,0.03698968029615435
4894,0.06795415696273577
4895,0.18505285405760874
4896,0.1662949586276925
4897,0.23806373362296107
4898,0.19981852664727162
4899,0.1337032382490354
4900,0.12466462651162258
4901,0.025636251200816695
4902,0.24210446542567765
4903,0.16026906089112292
4904,0.038983490738066506
4905,0.12843987186155337
4906,0.12473149528496319
4907,0.024528876300202285
4908,0.0755126972941993
4909,0.07215012615945227
4910,0.0647944171114565
4911,0.03021589872162922
4912,0.05527991660126552
4913,0.12532463638224145
4914,0.02344063559233356
4915,0.026517819450002533
4916,0.11090183131399434
4917,0.21185178363991242
4918,0.11913398162149513
4919,0.041555588813657396
4920,0.15710677313476962
4921,0.04491756073897579
4922,0.11191023220054852
4923,0.02562125699367246
4924,0.027684856845723194
4925,0.046767539885675946
4926,0.07113617426041918
4927,0.029073866653583136
4928,0.23774726273726277
4929,0.20264917267089055
4930,0.03544083996846337
4931,0.018273430412931613
4932,0.023499247020360436
4933,0.040872881880570366
4934,0.08710609470345432
4935,0.03544100032214281
4936,0.034275628474089825
4937,0.02907491578498289
4938,0.02810283031280958
4939,0.07518539530870338
4940,0.03544100032214281
4941,0.05434469637885364
4942,0.03270534204750419
4943,0.03027974037122927
4944,0.02673679976323251
4945,0.00901642166336769
4946,0.06013640279701593
4947,0.033864317256622756
4948,0.10103374512337182
4949,0.1219259476733825
4950,0.03607579721002929
4951,0.03118756844446835
4952,0.44175127202092135
4953,0.023978588888147412
4954,0.05244821479599171
4955,0.009202880892405285
4956,0.0938729773561866
4957,0.026694556749224496
4958,0.06876371842192575
4959,0.07416971566533725
4960,0.09427929356874798
4961,0.042115720869325024
4962,0.07416971566533725
4963,0.07093561124854808
4964,0.06950575978342655
4965,0.16892189007808223
4966,0.1264536804257531
4967,0.06325434324457357
4968,0.021214383656435354
4969,0.10529435184904334
4970,0.08551402372701633
4971,0.10033864243010493
4972,0.0852466928091754
4973,0.15334746643163155
4974,0.14783171054791888
4975,0.06653597702585345
4976,0.04483865878011184
4977,0.2803025835888282
4978,0.08108167840876457
4979,0.08520771050878295
4980,0.2192386892410514
4981,0.2192386892410514
4982,0.01972148056261236
4983,0.11131175185285536
4984,0.10293136189408758
4985,0.045999192222950125
4986,0.09025306251332021
4987,0.14647909007991744
4988,0.141937816762727
4989,0.03914667975017483
4990,0.03265075896966696
4991,0.12809277277465514
4992,0.14157509678566027
4993,0.061987445009266895
4994,0.04224789076749902
4995,0.1190179136628261
4996,0.13757418484551998
4997,0.10285045627371159
4998,0.10511754933929385
4999,0.09547955643714456
5000,0.039174074674395376
5001,0.08864271262667656
5002,0.040480117182620345
5003,0.08592190913748698
5004,0.0532421846118496
5005,0.04765942657899791
5006,0.039174074674395376
5007,0.04707188420020836
5008,0.029105901780347665
5009,0.05324018558598553
5010,0.03368581969876294
5011,0.01850465114588451
5012,0.03545019604992283
5013,0.07848078498900368
5014,0.07534348606643881
5015,0.030621935064417016
5016,0.026582441830090953
5017,0.050657285883067615
5018,0.022262372540586273
5019,0.12742329754715165
5020,0.06055410348180734
5021,0.018953172174993815
5022,0.04905523805200773
5023,0.04905523805200773
5024,0.10715394210883422
5025,0.13116893648875771
5026,0.09987898127607875
5027,0.0728326356086364
5028,0.07187351170617251
5029,0.07555071959958282
5030,0.06553198528567772
5031,0.05218776911051459
5032,0.09763786378133599
5033,0.06982947596301847
5034,0.07052903908492048
5035,0.11817432540720052
5036,0.023565266889913894
5037,0.019307391673521135
5038,0.02231697209623784
5039,0.025300866167028313
5040,0.12053580352804039
5041,0.1749527672872242
5042,0.37680689118163946
5043,0.007946617039034765
5044,0.030889081132420504
5045,0.05204441080108779
5046,0.021451416014388158
5047,0.026659765510202882
5048,0.021300420205584758
5049,0.021300420205584758
5050,0.06015541969738547
5051,0.025144506450736848
5052,0.02066480071222132
5053,0.03935789861146477
5054,0.029508251183109846
5055,0.09136138598294374
5056,0.04067111164021775
5057,0.08600583615244539
5058,0.02023371263277851
5059,0.05779937115788558
5060,0.05219810788226742
5061,0.06955212406885436
5062,0.014562766928292503
5063,0.015773874505191854
5064,0.10670327048043804
5065,0.08893752251270703
5066,0.09103939042059606
5067,0.11304894529809717
5068,0.07322278260345272
5069,0.10699194758322583
5070,0.010601409368968029
5071,0.019539232700081288
5072,0.01694528457532929
5073,0.038628835159550845
5074,0.038628835159550845
5075,0.029159679849846576
5076,0.044608320609228036
5077,0.04320174962661938
5078,0.018345695810007556
5079,0.047813399380454924
5080,0.044462979484445664
5081,0.04320174962661938
5082,0.019686236020890813
5083,0.03205268838393183
5084,0.060644960114401014
5085,0.016719199613788538
5086,0.015174977144236546
5087,0.032475148334198845
5088,0.04495831929052785
5089,0.039720937607943374
5090,0.020431057513446427
5091,0.05891619580648122
5092,0.007480120428853709
5093,0.02556525537305443
5094,0.03427106987793904
5095,0.1099568208766597
5096,0.049219906354863396
5097,0.17132288192497058
5098,0.029041074608976425
5099,0.01878092857335223
5100,0.032639722642083036
5101,0.035699731802814605
5102,0.014397035510823608
5103,0.033610859127299664
5104,0.014397035510823608
5105,0.022298921727774257
5106,0.04395788446946902
5107,0.007480120428853709
5108,0.028704892491185796
5109,0.026233505046556527
5110,0.03211774074289808
5111,0.026233505046556527
5112,0.020170971920641878
5113,0.014397035510823608
5114,0.014397035510823608
5115,0.026233505046556527
5116,0.01592576062372497
5117,0.028138459369733138
5118,0.026233505046556527
5119,0.04307796954032139
5120,0.04669920371833702
5121,0.028982108029779963
5122,0.07486992868368969
5123,0.03614226645362095
5124,0.008965053892068253
5125,0.013541828916845744
5126,0.04007387515971528
5127,0.032280267337936985
5128,0.03854084098809296
5129,0.020660046461471127
5130,0.023996710287531697
5131,0.0318192076445688
5132,0.02654992683892543
5133,0.023420401863437856
5134,0.019936398941330036
5135,0.026259465649669966
5136,0.030783634121660297
5137,0.023420401863437856
5138,0.03683193984707622
5139,0.02080636338671582
5140,0.022951239655082056
5141,0.009478274303754364
5142,0.022774894863057615
5143,0.07854861666954316
5144,0.023882655802950126
5145,0.021333587248613894
5146,0.043335141131706334
5147,0.02420171861506004
5148,0.02420171861506004
5149,0.02947464749237394
5150,0.0255910926413061
5151,0.019170784341779767
5152,0.0298830568943087
5153,0.019936398941330036
5154,0.047108723124019924
5155,0.02264343126667845
5156,0.027953572108963987
5157,0.017294762010449327
5158,0.02668183100866306
5159,0.032587147328041244
5160,0.05493706836825951
5161,0.0449478350902639
5162,0.042186598762297245
5163,0.028438025400523648
5164,0.07152419131283938
5165,0.04437172584219551
5166,0.04437172584219551
5167,0.04794394783533973
5168,0.027647041530121874
5169,0.02648462621970704
5170,0.037995344637914874
5171,0.03124413023063677
5172,0.04192323319828517
5173,0.02902451096929115
5174,0.03191760570255242
5175,0.03712872422266389
5176,0.05556487953025391
5177,0.057088530567297346
5178,0.06449389913733128
5179,0.0231564172169344
5180,0.017383141880089936
5181,0.03364598852817724
5182,0.024931504719093778
5183,0.011451569820006169
5184,0.007480120428853709
5185,0.035487060780691304
5186,0.044709679062594265
5187,0.0021292852996966927
5188,0.00206812896194819
5189,0.027071293550986364
5190,0.03325202916866199
5191,0.07088851278768504
5192,0.029745391235038054
5193,0.0271935924083484
5194,0.026466223184677284
5195,0.0686715951819118
5196,0.026304471961591025
5197,0.0366761852802745
5198,0.10246473812312196
5199,0.02745854452307117
5200,7.15102247891175e-4
5201,8.12048038093538e-4
5202,4.4908454725500757e-4
5203,0.03616623456460477
5204,0.026880412794641928
5205,0.01911844837090937
5206,0.01911844837090937
5207,0.03712047566375121
5208,0.018161677772531415
5209,0.02455506496229909
5210,0.02455506496229909
5211,0.02455506496229909
5212,0.02114816413504994
5213,0.06256393151286521
5214,0.023513913284502808
5215,0.02893589388622697
5216,0.024637701053497385
5217,0.02120339138375571
5218,0.024637701053497385
5219,0.023764882362200535
5220,0.06384850623523197
5221,0.02213220422905371
5222,0.015885134558063063
5223,0.029424392326477977
5224,0.029424392326477977
5225,0.03380161326214948
5226,0.02270898972740143
5227,0.02514392689429945
5228,0.03377990165522149
5229,0.01806309023663144
5230,0.024810671934563433
5231,0.024810671934563433
5232,0.01695060148388494
5233,0.03497279477822801
5234,0.05120538878364578
5235,0.019337673128679067
5236,0.05438397354673674
5237,0.03828534279775908
5238,0.02253889268333753
5239,0.03767706203224186
5240,0.07793029337825264
5241,0.05163712499283357
5242,0.02624188420530138
5243,0.03397464496725966
5244,0.025767781878954787
5245,0.08448899683854172
5246,0.03748548322955836
5247,0.025049985774251216
5248,0.02921374843161928
5249,0.018828479160698408
5250,0.018828479160698408
5251,0.05449741821848675
5252,0.07688130631026957
5253,0.025049985774251216
5254,0.2714594784893398
5255,0.381607827232759
5256,0.8226146619807814
5257,0.06516205631687078
5258,0.4490704461961129
5259,0.24619813382158529
5260,0.025429219527212332
5261,0.025429219527212332
5262,0.03894741155629944
5263,0.025429219527212332
5264,0.025429219527212332
5265,0.01537052935379668
5266,0.03685808955619485
5267,0.010865968437821505
5268,0.01979728809739012
5269,0.01537052935379668
5270,0.07796767241824432
5271,0.032065870816434416
5272,0.08211804251492538
5273,0.02945440173354219
5274,0.025815694707061354
5275,0.017000840253642346
5276,0.03173024471283592
5277,0.018259716116369784
5278,0.03083352833647468
5279,0.07650036844457087
5280,0.02670913382393436
5281,0.021348164705618733
5282,0.040819627920940404
5283,0.020814711582783363
5284,0.01826617659788965
5285,0.04666308246334716
5286,0.052665537805327345
5287,0.027321258203319543
5288,0.022975864898803544
5289,0.05423481229694649
5290,0.057322783428512936
5291,0.01818096377819678
5292,0.016171240495644112
5293,0.045192144606643114
5294,0.035316683282080485
5295,0.04899110202812895
5296,0.02426006095199551
5297,0.04163478292281686
5298,0.015335596930745043
5299,0.025064951685828007
5300,0.01987349409858119
5301,0.03894006635660274
5302,0.05427862408445017
5303,0.023870763328836087
5304,0.022505163990809374
5305,0.044977626737246035
5306,0.017868769604280854
5307,0.02034867852365585
5308,0.02034867852365585
5309,0.029191813917856635
5310,0.007389712285069128
5311,0.013472546743232061
5312,0.054189663437797964
5313,0.030911297275641902
5314,0.016145816297698068
5315,0.022128843247134156
5316,0.025812823227212678
5317,0.029594262882370215
5318,0.01777464451287314
5319,0.11997426068724781
5320,0.01726808392395196
5321,0.04929360317320863
5322,0.09825825267884081
5323,0.053067609476015076
5324,0.034257285810170734
5325,0.04085319877341742
5326,0.06871091710265087
5327,0.016381215881814182
5328,0.02521718802024009
5329,0.06645847542981653
5330,0.027287605666537984
5331,0.019411430772292237
5332,0.0260723160951557
5333,0.04782747371116092
5334,0.05134733453432139
5335,0.02545911323155714
5336,0.01654312446752426
5337,0.015789874149213734
5338,0.2040730402499361
5339,0.23143804505094823
5340,0.0726520449573258
5341,0.037068470503802464
5342,0.037068470503802464
5343,0.047298718704836706
5344,0.016114062085095804
5345,0.0353756629449834
5346,0.02896845916541846
5347,0.04435167836131493
5348,0.04579820452981864
5349,0.030977511253451162
5350,0.05655854674157368
5351,0.02974581159346046
5352,0.03475341543055266
5353,0.034965255154966735
5354,0.03294599775748752
5355,0.019818794959283403
5356,0.022852925666160928
5357,0.01401117607287361
5358,0.04945849852038431
5359,0.015612552483165731
5360,0.08348072845002374
5361,0.07704929420990259
5362,0.030297747607160086
5363,0.01882592186138221
5364,0.023874257162088686
5365,0.01460286064516314
5366,0.026719700360645193
5367,0.030767152465544734
5368,0.040842717846519605
5369,0.021599296774687637
5370,0.023740270125010454
5371,0.03120807021231453
5372,0.015647025563952366
5373,0.017768353897858358
5374,0.025013661162594403
5375,0.048748553713920506
5376,0.03297553027476274
5377,0.019100853856347078
5378,0.024469838842433922
5379,0.015419977965916987
5380,0.01705544289747085
5381,0.06989695025654785
5382,0.07228287688436741
5383,0.09295794623734677
5384,0.032177721397991355
5385,0.021039020066180414
5386,0.04607278410227711
5387,0.03083456534227469
5388,0.08617363979886805
5389,0.054370789244381545
5390,0.04651435724540365
5391,0.06112106536952122
5392,0.035776026920042
5393,0.09513433804028659
5394,0.0448763992973944
5395,0.01879176714574149
5396,0.10328305571910046
5397,0.031722497330247235
5398,0.054786436280006456
5399,0.032112365301048884
5400,0.05015192722295014
5401,0.020009525237584924
5402,0.01851623249299217
5403,0.036849835348837345
5404,0.028127646744947832
5405,0.041844129115817696
5406,0.03724965195936003
5407,0.042081442741608965
5408,0.021673552494526183
5409,0.022409745272293446
5410,0.04453116720678918
5411,0.01878682702472756
5412,0.02569349525966691
5413,0.035127527376580425
5414,0.019335392105767624
5415,0.034381237945029675
5416,0.019057728133695218
5417,0.06036009736877812
5418,0.04566820526363791
5419,0.02029517208865217
5420,0.023648050600775905
5421,0.023648050600775905
5422,0.032924107692990257
5423,0.023029711700520705
5424,0.04110115656251989
5425,0.07180084112194729
5426,0.03428333645674475
5427,0.03428333645674475
5428,0.08436988271807588
5429,0.030681972481468867
5430,0.06868124126216124
5431,0.056505605179015705
5432,0.022681021518088706
5433,0.033677639110312185
5434,0.029425917402060686
5435,0.033677639110312185
5436,0.019348548086337347
5437,0.025025068113324944
5438,0.04754622338964676
5439,0.02734492809661826
5440,0.05398430658905573
5441,0.03727020910175294
5442,0.09099587600136727
5443,0.029488319164908683
5444,0.014172627259285364
5445,0.06036873268501164
5446,0.04159299377013659
5447,0.021459959398367312
5448,0.011989432043276071
5449,0.040239708046223455
5450,0.030468951846704506
5451,0.014730368318719989
5452,0.024815319029472205
5453,0.019612065066440976
5454,0.014012424778097388
5455,0.026852416426889958
5456,0.018745315759792436
5457,0.03067652671233445
5458,0.012375522892867696
5459,0.013531528926880587
5460,0.013670637606395641
5461,0.012325090956164297
5462,0.020617184521396492
5463,0.022719842809895252
5464,0.017566642842943958
5465,0.02380188143791573
5466,0.04611135019319168
5467,0.020175939974321655
5468,0.027945902463831662
5469,0.028328120257458456
5470,0.07228672193596353
5471,0.03447161841681423
5472,0.01891559360816608
5473,0.05600995663033337
5474,0.04063104151182173
5475,0.03650783418887871
5476,0.03772847613638286
5477,0.02060608529184349
5478,0.05629496234881137
5479,0.017495190143059336
5480,0.021752498914315854
5481,0.014862093603109194
5482,0.009019641815380286
5483,0.03158596168818539
5484,0.031162038394446978
5485,0.019400230595060686
5486,0.01966391562209524
5487,0.04012393041489748
5488,0.08246533018026092
5489,0.06874365950051242
5490,0.07483105028906045
5491,0.019043646771414346
5492,0.025379831058534585
5493,0.022940437567058325
5494,0.053067609476015076
5495,0.036238576523081156
5496,0.048115033973057386
5497,0.019506145909855666
5498,0.020950611717664436
5499,0.07161993393329125
5500,0.03280386918862732
5501,0.01880981064034204
5502,0.040336968741344736
5503,0.030880758510638318
5504,0.014212959135817549
5505,0.019474333269651756
5506,0.013357524361931827
5507,0.02083994095898356
5508,0.05577630040741244
5509,0.040620220627856085
5510,0.039302477031428196
5511,0.019683372245340225
5512,0.02159131449394336
5513,0.0703315782996663
5514,0.051969507323993414
5515,0.040152231265630056
5516,0.021845560567591016
5517,0.02177072568273586
5518,0.247937864451523
5519,0.030977511253451162
5520,0.09875473928238554
5521,0.019810675545813616
5522,0.028525482445839967
5523,0.031045026173853962
5524,0.041309035026659724
5525,0.027922325846166274
5526,0.019803320483425813
5527,0.026488097780696718
5528,0.031403292879003564
5529,0.022201285582839847
5530,0.02070049858457801
5531,0.03218059308516319
5532,0.015279096478454712
5533,0.05088364134602108
5534,0.11593899258085671
5535,0.014714176886897024
5536,0.032579313974339774
5537,0.030806031607407136
5538,0.03597723366732386
5539,0.03730236655328456
5540,0.030138830881069167
5541,0.03439267035695148
5542,0.04143469661935639
5543,0.050119738438815675
5544,0.025371683135000045
5545,0.04935220621414815
5546,0.016885205316506835
5547,0.0312707789217882
5548,0.017884938016067164
5549,0.020074910656141753
5550,0.08156493781469398
5551,0.02200949119204343
5552,0.04991511427487694
5553,0.07672071904603694
5554,0.0452738306157332
5555,0.019905494364164777
5556,0.02986657847272267
5557,0.016171240495644112
5558,0.027029688068363034
5559,0.028862239495166087
5560,0.015915193027425723
5561,0.03705119078838637
5562,0.025428753531824055
5563,0.019905494364164777
5564,0.07051454699309867
5565,0.056770613853678764
5566,0.03442077757932238
5567,0.017884938016067164
5568,0.04747112753845384
5569,0.016108301214239784
5570,0.016754512059667048
5571,0.0129886913884395
5572,0.014879614297946153
5573,0.02862023919781842
5574,0.030969830331876058
5575,0.016931941045243093
5576,0.03967979495457319
5577,0.034817458608764396
5578,0.06585064178303102
5579,0.01829450494836138
5580,0.015386562641298118
5581,0.016397716716477606
5582,0.014793665795350575
5583,0.018423060850338735
5584,0.017913105351340275
5585,0.02084690843466852
5586,0.014856818876287314
5587,0.051469211384228664
5588,0.04278551152039767
5589,0.06277217562806714
5590,0.023430040045586464
5591,0.017658512962953288
5592,0.053232229770360906
5593,0.021103593323453795
5594,0.051526452708561044
5595,0.034265767015182025
5596,0.05035909673665884
5597,0.014104608711824396
5598,0.012263832925542117
5599,0.019554445081546024
5600,0.012819112618437711
5601,0.024940661048248325
5602,0.022034985662486628
5603,0.026892363333878566
5604,0.023992520113436
5605,0.02783956390332265
5606,0.04140113069060225
5607,0.03102335523520494
5608,0.0461449566023302
5609,0.04867860418109504
5610,0.031939880717023916
5611,0.016284470816378405
5612,0.04651075265189686
5613,0.015271986263802328
5614,0.030563790442717065
5615,0.017616708816153293
5616,0.016797462111552308
5617,0.017616708816153293
5618,0.023902484711075256
5619,0.04546033850406539
5620,0.014606817040442088
5621,0.029130038543826897
5622,0.03779853276005096
5623,0.01508459251532801
5624,0.03427827086128499
5625,0.017549222417789
5626,0.0204859220657011
5627,0.020227238706413186
5628,0.02965834404733414
5629,0.013345650950473575
5630,0.015687920441151526
5631,0.023712808327758128
5632,0.03115489242041969
5633,0.03284299427711235
5634,0.013018632890687831
5635,0.009405903400516391
5636,0.040031129755037975
5637,0.013861745799770953
5638,0.014896231282245043
5639,0.025830385125842126
5640,0.0185493029880055
5641,0.01879415650539218
5642,0.03634907818909361
5643,0.019091163695849844
5644,0.01704065483758399
5645,0.012071078534425572
5646,0.014012966264707272
5647,0.024238080531605255
5648,0.07228541210528461
5649,0.0476931946020952
5650,0.02111414225272301
5651,0.03947095623778629
5652,0.021476146664125895
5653,0.021193015691617467
5654,0.02787732977749613
5655,0.02298624000809546
5656,0.04345873941073597
5657,0.024085510950643374
5658,0.025280029479955446
5659,0.035483068946123075
5660,0.02079460775229891
5661,0.05222283374140857
5662,0.02371910634703933
5663,0.10626287546032853
5664,0.012991735367157475
5665,0.017892216756057455
5666,0.03031218439076344
5667,0.023950367405670914
5668,0.023950367405670914
5669,0.032731705348365114
5670,0.0315249979495319
5671,0.03936074625490693
5672,0.03411030800691206
5673,0.07389415031319824
5674,0.04035136059370925
5675,0.040142583957324174
5676,0.022880649687958443
5677,0.025272905960382563
5678,0.01953925913505583
5679,0.024981640070068534
5680,0.019532357341209727
5681,0.13381354795957834
5682,0.010492842868880636
5683,0.013000126215795715
5684,0.022861805824818893
5685,0.01657262249552416
5686,0.01657262249552416
5687,0.01657262249552416
5688,0.03092110866903186
5689,0.014152503643300562
5690,0.029080666894286122
5691,0.06902899491083214
5692,0.02585057287722614
5693,0.03766766065599436
5694,0.01944478962138818
5695,0.04952948059359563
5696,0.038846388017029
5697,0.04202254464734001
5698,0.015363141702153804
5699,0.020746179635750428
5700,0.027279548871111725
5701,0.016684398596989558
5702,0.03207698880501586
5703,0.04100138347251747
5704,0.031347137581726914
5705,0.018446796863531678
5706,0.13955948037730337
5707,0.049200649145295317
5708,0.025347959297199796
5709,0.013010984478123433
5710,0.03005301244865677
5711,0.03005301244865677
5712,0.018741071788045738
5713,0.03606953855884398
5714,0.018741071788045738
5715,0.03005301244865677
5716,0.03910212695402471
5717,0.018741071788045738
5718,0.03005301244865677
5719,0.03005301244865677
5720,0.022228598554570822
5721,0.03005301244865677
5722,0.028812527156961587
5723,0.04643853041529855
5724,0.03894940206180453
5725,0.024795355866743862
5726,0.026128670412169708
5727,0.024795355866743862
5728,0.007316207975728184
5729,0.05114489384232357
5730,0.020768221362157835
5731,0.024795355866743862
5732,0.024795355866743862
5733,0.021030765727064304
5734,0.03919448042519569
5735,0.027836815965120665
5736,0.03327116397185981
5737,0.02523248586082072
5738,0.012981645503091555
5739,0.027431660986393713
5740,0.01305792665598382
5741,0.02420694657970135
5742,0.031969028996098325
5743,0.06573504154548948
5744,0.015624203580110074
5745,0.018753671627390056
5746,0.02061416876477906
5747,0.014115264327253518
5748,0.04439347354871137
5749,0.0316337786329276
5750,0.0316337786329276
5751,0.0316337786329276
5752,0.0316337786329276
5753,0.0316337786329276
5754,0.02316075897580483
5755,0.009649616971484587
5756,0.023349002372830996
5757,0.018781195039541343
5758,0.04573188020854513
5759,0.06979041757156279
5760,0.017007147907018183
5761,0.015787795833260176
5762,0.02077730218159146
5763,0.009506233094733307
5764,0.019975089011578517
5765,0.027994008633853706
5766,0.03463693516983779
5767,0.017250324784849447
5768,0.036180007525126734
5769,0.023807587884863257
5770,0.33418394709830723
5771,0.01242581403382459
5772,0.011382790035374568
5773,0.008839721396926126
5774,0.009975535866283414
5775,0.02793188190906415
5776,0.02228636324874378
5777,0.05395966881873937
5778,0.02077730218159146
5779,0.03894557944387955
5780,0.03246085040738622
5781,0.02077730218159146
5782,0.05155022800687348
5783,0.026815723216518483
5784,0.1426426581302075
5785,0.08901296516483881
5786,0.05835877651588284
5787,0.013748147965493174
5788,0.02547316583984771
5789,0.03376221172444904
5790,0.024481999698181878
5791,0.02270965135799441
5792,0.020211587240404505
5793,0.02853798923442874
5794,0.03418495676379241
5795,0.021617271876653077
5796,0.019294090090821947
5797,0.008264258164279448
5798,0.009649616971484587
5799,0.01338116042674009
5800,0.019077947172289944
5801,0.018172883941568574
5802,0.009019641815380286
5803,0.024051655498859792
5804,0.0486751597001841
5805,0.021431406006173548
5806,0.016165508761945557
5807,0.014856818876287314
5808,0.014841005756354053
5809,0.03714870276566484
5810,0.01995825538327889
5811,0.027400904322110065
5812,0.026409546709194043
5813,0.041303951023489716
5814,0.026571926424381997
5815,0.026478883130800268
5816,0.03803966611368026
5817,0.019443931775124268
5818,0.018084734350686027
5819,0.012128616149121085
5820,0.06222106736750643
5821,0.04021971826371584
5822,0.01728863905370126
5823,0.01728863905370126
5824,0.022998747565280975
5825,0.04415161370702103
5826,0.09984914143983326
5827,0.03198747078004616
5828,0.020710489073698768
5829,0.019232181859544117
5830,0.02388748958021003
5831,0.030165968188658354
5832,0.026208011726998937
5833,0.023929534335987768
5834,0.020507109740666718
5835,0.024604003183599454
5836,0.021529674823987488
5837,0.03602786243508882
5838,0.03346783501896322
5839,0.018259716116369784
5840,0.0901378502131509
5841,0.0546073798923189
5842,0.06396462984877127
5843,0.025464222467029507
5844,0.030565855875979264
5845,0.047602082008670776
5846,0.026581248226140053
5847,0.029365187101973333
5848,0.014862093603109194
5849,0.026581248226140053
5850,0.04369904079130227
5851,0.02380197969981157
5852,0.04575647131541427
5853,0.0254280281154724
5854,0.04363566308947897
5855,0.024285428996538738
5856,0.03497493671113572
5857,0.028674138164551
5858,0.01708669640872318
5859,0.02403970763389618
5860,0.03392949707809223
5861,0.10628483612100903
5862,0.019826239507295007
5863,0.010440117363015311
5864,0.022675614485167972
5865,0.025694642021164227
5866,0.041650400339379834
5867,0.02415672867971852
5868,0.10173923440164478
5869,0.10173923440164478
5870,0.020764811737493005
5871,0.027112744993667115
5872,0.04443494063511755
5873,0.023327340827931864
5874,0.05896764950542732
5875,0.012960183043253082
5876,0.03411673308147978
5877,0.027129394827825948
5878,0.05206210295800506
5879,0.02814566891548065
5880,0.07921358033228498
5881,0.042974533694871586
5882,0.04822128314393059
5883,0.07463342061748846
5884,0.09491592015997552
5885,0.08381085730625826
5886,0.007222464530995065
5887,0.05049652639984048
5888,0.020119446391851814
5889,0.024136852839159673
5890,0.02624188420530138
5891,0.038162226078671035
5892,0.045881295497620433
5893,0.045881295497620433
5894,0.025912440946048165
5895,0.03886646045805253
5896,0.0595763181889678
5897,0.06541627286169094
5898,0.08284984025006614
5899,0.021035895519667114
5900,0.054496285020940616
5901,0.032478053513170346
5902,0.0595763181889678
5903,0.034346106961059886
5904,0.03632717369983807
5905,0.046017071747246674
5906,0.019418898242833826
5907,0.013867126171941857
5908,0.02897723399158514
5909,0.041865402042958966
5910,0.03769359137843098
5911,0.02626611971363846
5912,0.014573644078548442
5913,0.06736970873756398
5914,0.021837381327531324
5915,0.054971978508923325
5916,0.05774131943195093
5917,0.029853508463617673
5918,0.03619930387646497
5919,0.01409481646768862
5920,0.01395818028824558
5921,0.06931548376669461
5922,0.04879428034252298
5923,0.029529770489683527
5924,0.044098357236183716
5925,0.016267905039821007
5926,0.03129579429966056
5927,0.03925645209528261
5928,0.10025255167283864
5929,0.07393578125586575
5930,0.035500323523593225
5931,0.03251973162970667
5932,0.030654576076095563
5933,0.21314334873017582
5934,0.03854338226753595
5935,0.04581189133099639
5936,0.9601586472907674
5937,0.7803213753488922
5938,0.6614607766582243
5939,0.6614607766582243
5940,0.7279497058199631
5941,0.6614607766582243
5942,0.6614607766582243
5943,0.21435794987537615
5944,0.7332882551842168
5945,0.16240878035374318
5946,0.7803213753488922
5947,0.6614607766582243
5948,0.25147296139451747
5949,0.5078394619937404
5950,0.4271331962064674
5951,0.039950433538400554
5952,0.3007693413642143
5953,0.0753672198955826
5954,0.061933037131716495
5955,0.061933037131716495
5956,0.08752309850484641
5957,0.048585478822438244
5958,0.024297505880492176
5959,0.011251375779475659
5960,0.1485607799564762
5961,0.09930497986526943
5962,0.28216483631947786
5963,0.21271887165126835
5964,0.024529756851017992
5965,0.2648043492997244
5966,0.18272965847318046
5967,0.1258648678225065
5968,0.13757746164283913
5969,0.1260585809636824
5970,0.059608223421307116
5971,0.025947227490333624
5972,0.03225197487155951
5973,0.023099219098143053
5974,0.7182786681648711
5975,0.01767390570644034
5976,0.10055762430705073
5977,0.040149601867046414
5978,0.037482707499289614
5979,0.01879245242860572
5980,0.026263619192307464
5981,0.028302208510382565
5982,0.02796588868554517
5983,0.08167756180180652
5984,0.0633848897171636
5985,0.0391419269687987
5986,0.21105450132203452
5987,0.08944687333508117
5988,0.021845685754539268
5989,0.024827391182132064
5990,0.02253095568639818
5991,0.022393799369077927
5992,0.028838280409752115
5993,0.016065672590734215
5994,0.027863539989669506
5995,0.012206996536670345
5996,0.039806447396727784
5997,0.027772795847943232
5998,0.015623631990537734
5999,0.01877842977207289
6000,0.023345872298921932
6001,0.023345872298921932
6002,0.0185946773864758
6003,0.030063844965277475
6004,0.042335875315370086
6005,0.05721884737353555
6006,0.03357426834302679
6007,0.03535219954512847
6008,0.015623631990537734
6009,0.025647803193016627
6010,0.02995592586946172
6011,0.023929534335987768
6012,0.02053906741716749
6013,0.016042904794717927
6014,0.02253095568639818
6015,0.02010718257090005
6016,0.024594694713304888
6017,0.027176384174046664
6018,0.0270707305192589
6019,0.01702841668146171
6020,0.09457623841357088
6021,0.023929534335987768
6022,0.03433669338275569
6023,0.04528277133883196
6024,0.01786030831004315
6025,0.044479392735263024
6026,0.032414166514025844
6027,0.025589105488390107
6028,0.01957439633774516
6029,0.027573682003531275
6030,0.02248031802571271
6031,0.023929534335987768
6032,0.033878653108144974
6033,0.023559786904747138
6034,0.012273577357931331
6035,0.020780248412978874
6036,0.040142583957324174
6037,0.013953037018943681
6038,0.09075995395629188
6039,0.1328997846881873
6040,0.020251617620173912
6041,0.05313033656932875
6042,0.05094793962415933
6043,0.03515721399992244
6044,0.0157269169491564
6045,0.0334537720505822
6046,0.016933438532958367
6047,0.015580348638250974
6048,0.05028720232387418
6049,0.03597610705646481
6050,0.02458002641340551
6051,0.015194776470906723
6052,0.02077193971083069
6053,0.03823794143238812
6054,0.036825383755795804
6055,0.020306132382527764
6056,0.024528876300202285
6057,0.02136196255697198
6058,0.026627904968696825
6059,0.021817153212758233
6060,0.021763389245868958
6061,0.04787121291738561
6062,0.016709753759884816
6063,0.04574937985264804
6064,0.045858648497520194
6065,0.0171819877074193
6066,0.023345872298921932
6067,0.07192159994704761
6068,0.01878060137623372
6069,0.01878060137623372
6070,0.07874402717608298
6071,0.030559933508190973
6072,0.061215704819354455
6073,0.013447226355794428
6074,0.013902130738830842
6075,0.02084921897485481
6076,0.024093982073363107
6077,0.03803062046393335
6078,0.03705606740282441
6079,0.02052427719361216
6080,0.03803062046393335
6081,0.017126272030113854
6082,0.014198737836910058
6083,0.026455910263606386
6084,0.007474772045513167
6085,0.024529189263211126
6086,0.029495667833548178
6087,0.017626850667655347
6088,0.017626850667655347
6089,0.028029026482097708
6090,0.028029026482097708
6091,0.028029026482097708
6092,0.028029026482097708
6093,0.028029026482097708
6094,0.010785802827188107
6095,0.028029026482097708
6096,0.02010718257090005
6097,0.02377660091297773
6098,0.02234542259954575
6099,0.01559594771893591
6100,0.04803047665172244
6101,0.015618091269961165
6102,0.026975989033604653
6103,0.02168160281041487
6104,0.013708411629890449
6105,0.0315417867493798
6106,0.022225025314088875
6107,0.03782855890210468
6108,0.03954842363943312
6109,0.04295592974673834
6110,0.050460371809777804
6111,0.059632336522628226
6112,0.02595782195085128
6113,0.021864837548095428
6114,0.02042682601959067
6115,0.06076519352034593
6116,0.02590205256418454
6117,0.025469332658613952
6118,0.07415333065126006
6119,0.030566957150899854
6120,0.03178823905267614
6121,0.017960801509109614
6122,0.019011981540691947
6123,0.011461817237790384
6124,0.011461817237790384
6125,0.03006718343567827
6126,0.03476795805845967
6127,0.022190144264438993
6128,0.02258249659713696
6129,0.018238185272402063
6130,0.03156124380894798
6131,0.02987365557322974
6132,0.042279128581911074
6133,0.021501601281625926
6134,0.021501601281625926
6135,0.021501601281625926
6136,0.02326405503074991
6137,0.02987365557322974
6138,0.02696239685442492
6139,0.02987365557322974
6140,0.02326405503074991
6141,0.03828751250848583
6142,0.02326405503074991
6143,0.02326405503074991
6144,0.02987365557322974
6145,0.02987365557322974
6146,0.02987365557322974
6147,0.02987365557322974
6148,0.03828751250848583
6149,0.02326405503074991
6150,0.02987365557322974
6151,0.024286785685515455
6152,0.02326405503074991
6153,0.02326405503074991
6154,0.026141014714502697
6155,0.023593822891764815
6156,0.02987365557322974
6157,0.02326405503074991
6158,0.02326405503074991
6159,0.02326405503074991
6160,0.02987365557322974
6161,0.018461588367583714
6162,0.015471943730899995
6163,0.0160542847224886
6164,0.03122500199957612
6165,0.03083832300671774
6166,0.026089786976733476
6167,0.04144785794133887
6168,0.042669261355599564
6169,0.024085510950643374
6170,0.01588846776078756
6171,0.026590573208785218
6172,0.026590573208785218
6173,0.014626814265712218
6174,0.026646589960580336
6175,0.026637245871124704
6176,0.027620266705593144
6177,0.02241020661823445
6178,0.038798888477661664
6179,0.022967717815401745
6180,0.023921119613690367
6181,0.059806641716352416
6182,0.02848029543031516
6183,0.020676808652084322
6184,0.04613852237818028
6185,0.04255220610700339
6186,0.035904964203444245
6187,0.017062506739916383
6188,0.018560144435937787
6189,0.03519719486892081
6190,0.04218324619657976
6191,0.03122458109789028
6192,0.0633498045014218
6193,0.05542797692821544
6194,0.050260626169510325
6195,0.024112018461811435
6196,0.10002208841202587
6197,0.016142601802286327
6198,0.026545166913405804
6199,0.07390512336825006
6200,0.027124409595562726
6201,0.018488334635479164
6202,0.014565624919135933
6203,0.016079772162353456
6204,0.04209730532310274
6205,0.02973849405288631
6206,0.029542223689414504
6207,0.027434415171026183
6208,0.016059977663717473
6209,0.048041300607407855
6210,0.022213611340918815
6211,0.019037530107603895
6212,0.024093982073363107
6213,0.013189141638591861
6214,0.024085510950643374
6215,0.027599648570425406
6216,0.01588846776078756
6217,0.015722384684642488
6218,0.025847698193633306
6219,0.018819241737330628
6220,0.0458908393689238
6221,0.02289402571631549
6222,0.019160204186506324
6223,0.020069635638935823
6224,0.023895892762101578
6225,0.02358605571816763
6226,0.014752580517447322
6227,0.026526177716748145
6228,0.03329016887909986
6229,0.027279548871111725
6230,0.03320008711074163
6231,0.015376008587276946
6232,0.01909273787582333
6233,0.017353415250300763
6234,0.030337095373408673
6235,0.05056692101408522
6236,0.04657461682266495
6237,0.02386145589307931
6238,0.03009512385926416
6239,0.018035737107223837
6240,0.01838031144135277
6241,0.03213810712161491
6242,0.03397068599864117
6243,0.03482234584623056
6244,0.03482234584623056
6245,0.018172220833369557
6246,0.03397068599864117
6247,0.02258217303471788
6248,0.05352067483091083
6249,0.017467294724035964
6250,0.013573450734172154
6251,0.03366638641871933
6252,0.028104330151045076
6253,0.019518534513246144
6254,0.02159712959001514
6255,0.07872555318243335
6256,0.07446048250308457
6257,0.02159712959001514
6258,0.025317764104922702
6259,0.037608448436344366
6260,0.022917871441092807
6261,0.020255681232965173
6262,0.020255681232965173
6263,0.020255681232965173
6264,0.081893140599963
6265,0.047165397210146676
6266,0.024767725410965946
6267,0.020255681232965173
6268,0.020255681232965173
6269,0.020255681232965173
6270,0.016806041488059198
6271,0.05870504993328218
6272,0.020434042939275088
6273,0.031020141022891634
6274,0.052659140624446654
6275,0.01860125413536129
6276,0.013696781245046807
6277,0.06272554735596603
6278,0.0328192158495314
6279,0.016171240495644112
6280,0.023081118011006763
6281,0.01755010310729277
6282,0.02526403107407249
6283,0.027551236068909968
6284,0.01849487448082765
6285,0.03491995869366582
6286,0.02057436881030439
6287,0.016171240495644112
6288,0.016171240495644112
6289,0.025565626821711263
6290,0.024093982073363107
6291,0.02080127698536538
6292,0.03152022782047925
6293,0.04270311659376225
6294,0.044847305517987546
6295,0.02662454670425396
6296,0.027088851823108606
6297,0.027727541466129768
6298,0.028680832805341616
6299,0.024413744053158548
6300,0.0416989071494801
6301,0.025284734294156008
6302,0.012767196040605389
6303,0.025284734294156008
6304,0.02223201939254238
6305,0.04937920220734193
6306,0.02314752607166548
6307,0.05307147677097557
6308,0.02314752607166548
6309,0.021602447596172136
6310,0.027610662286352117
6311,0.05630912298292712
6312,0.020910484972309185
6313,0.018841308351935315
6314,0.04553193286911905
6315,0.02079460775229891
6316,0.01849487448082765
6317,0.021915139679189566
6318,0.024085510950643374
6319,0.03233269074539835
6320,0.04607359236432795
6321,0.04633519593646607
6322,0.019109263378614072
6323,0.029279409665446843
6324,0.0156439541172535
6325,0.026665566110904204
6326,0.03190587531272393
6327,0.03190587531272393
6328,0.03190587531272393
6329,0.03190587531272393
6330,0.055086438250226855
6331,0.03190587531272393
6332,0.014105346141715214
6333,0.024008085855957928
6334,0.03950738351983907
6335,0.017092826447017706
6336,0.035476393853077326
6337,0.017289972751338256
6338,0.017289972751338256
6339,0.02610187605387493
6340,0.029556838732007096
6341,0.03382473299080513
6342,0.014867370174394212
6343,0.02903466750847883
6344,0.035201899781226564
6345,0.06120721123035211
6346,0.05389819575733912
6347,0.035201899781226564
6348,0.048008074419374935
6349,0.02043266915362507
6350,0.018199820370727315
6351,0.028514427164148648
6352,0.048008074419374935
6353,0.01490313056098147
6354,0.016171240495644112
6355,0.03357426834302679
6356,0.018488334635479164
6357,0.018488334635479164
6358,0.015646237887343317
6359,0.022837669971516594
6360,0.024093982073363107
6361,0.024093982073363107
6362,0.024085510950643374
6363,0.01849487448082765
6364,0.00896033524877915
6365,0.021664440787858563
6366,0.014148390332556438
6367,0.05275420131478481
6368,0.04516311276865559
6369,0.016753508153303787
6370,0.02806831952164479
6371,0.024126351794999
6372,0.016709753759884816
6373,0.04799753636676807
6374,0.01795040912195789
6375,0.024534257731312126
6376,0.03462647166784394
6377,0.03969282368020122
6378,0.039900639503017254
6379,0.24697548573071104
6380,0.02922344000681354
6381,0.02646600330212845
6382,0.05183270724816835
6383,0.11586407906391416
6384,0.015314378570010168
6385,0.019302577869414472
6386,0.023354089508333065
6387,0.019082311464754698
6388,0.02581117520770415
6389,0.08002529287385174
6390,0.026928739260188683
6391,0.030868150731514055
6392,0.023929534335987768
6393,0.023877995030648136
6394,0.024077042732777443
6395,0.08169063081463912
6396,0.057698040059364075
6397,0.02517465466438029
6398,0.058297960953367034
6399,0.016686088670378574
6400,0.056450868121844744
6401,0.016703834396247896
6402,0.050958434910461925
6403,0.013896598791482861
6404,0.010073356741836403
6405,0.02538386959918093
6406,0.048919758359698085
6407,0.02547816363152744
6408,0.11709288794015682
6409,0.04671881223307095
6410,0.048919758359698085
6411,0.009649616971484587
6412,0.03434225808689406
6413,0.04214610988845369
6414,0.02350725870345549
6415,0.046356839969754815
6416,0.02043266915362507
6417,0.033734019892908695
6418,0.051054341865747865
6419,0.04005477148360237
6420,0.02043266915362507
6421,0.02998848456618164
6422,0.03357426834302679
6423,0.027051133979845154
6424,0.02043266915362507
6425,0.00845347788037576
6426,0.05648926561140999
6427,0.02547976149187281
6428,0.021192289746143067
6429,0.029905460042540355
6430,0.030653427783216447
6431,0.13222606183349772
6432,0.02041825005304332
6433,0.03647523418050802
6434,0.077762233120725055
6435,0.020607857439889465
6436,0.015931061827752835
6437,0.01589156729434249
6438,0.02354150138850908
6439,0.059044208483178484
6440,0.021194657937603667
6441,0.014931579616663693
6442,0.01886726625059698
6443,0.03444855331511276
6444,0.034808927263381695
6445,0.021194657937603667
6446,0.021194657937603667
6447,0.03487772180050841
6448,0.027191995440699612
6449,0.01886726625059698
6450,0.007454768860679084
6451,0.027191995440699612
6452,0.0013019730214033354
6453,0.041728707789583264
6454,0.03271494510961204
6455,0.03271494510961204
6456,0.017314554970922935
6457,0.030092564416632328
6458,0.023841108176147485
6459,0.021045691279075185
6460,0.02280329699507677
6461,0.02673032120093799
6462,0.015723284034395157
6463,0.06824936375896018
6464,0.03931741126029786
6465,0.033001525052241965
6466,0.019173172936933214
6467,0.025695013567464065
6468,0.025639838770654788
6469,0.018014118207969165
6470,0.029361494029832014
6471,0.04583786417758651
6472,0.02638769422960119
6473,0.017433827847065375
6474,0.01516421089942055
6475,0.022493590133950137
6476,0.016074415489763183
6477,0.014860514972149574
6478,0.01699906592481326
6479,0.014952975801385993
6480,0.025809933617838787
6481,0.014677279452009917
6482,0.014860514972149574
6483,0.020470551348265253
6484,0.014860514972149574
6485,0.014860514972149574
6486,0.04325544772978007
6487,0.014860514972149574
6488,0.0221986664956475
6489,0.01673001337336355
6490,0.01673001337336355
6491,0.025639025165508977
6492,0.030138830881069167
6493,0.030138830881069167
6494,0.022878906092332674
6495,0.02308529966921624
6496,0.021035247455231
6497,0.014860514972149574
6498,0.05746944911693108
6499,0.01516421089942055
6500,0.061637329018542686
6501,0.02127572678979084
6502,0.027047305720942605
6503,0.019559978860627547
6504,0.02564823999199828
6505,0.01818771040267786
6506,0.02970703156061083
6507,0.04851527770496278
6508,0.009464752173173885
6509,0.02043266915362507
6510,0.016171240495644112
6511,0.016171240495644112
6512,0.018065859973611986
6513,0.024957939409896324
6514,0.014841005756354053
6515,0.014841005756354053
6516,0.022056890838838328
6517,0.025059227152650076
6518,0.014680153716242317
6519,0.04089829713919868
6520,0.01894875167033938
6521,0.03332034135782125
6522,0.030516184841699157
6523,0.02456338658784496
6524,0.016990559243276193
6525,0.050181499073728264
6526,0.02014279919737849
6527,0.02014279919737849
6528,0.035935632636180825
6529,0.02014279919737849
6530,0.02014279919737849
6531,0.02014279919737849
6532,0.02014279919737849
6533,0.02014279919737849
6534,0.02014279919737849
6535,0.06255863903654679
6536,0.02014279919737849
6537,0.013212890438549563
6538,0.029940748725375332
6539,0.03361496853874324
6540,0.12185237955441708
6541,0.03713217089508303
6542,0.021361991664077373
6543,0.021513741332884417
6544,0.01618862942592514
6545,0.0231159073385383
6546,0.023197056923132342
6547,0.01946315515478425
6548,0.041274492332755486
6549,0.014449036184147612
6550,0.018604891187737005
6551,0.014448851653171335
6552,0.020228318487996444
6553,0.02020970024410329
6554,0.02038302839216144
6555,0.016458992990922683
6556,0.01845736415028798
6557,0.06694217795006352
6558,0.02476315051513145
6559,0.043023153739362385
6560,0.03639154292503488
6561,0.025589000919126526
6562,0.08494308803713635
6563,0.04017755421379088
6564,0.011803823460846519
6565,0.060059313670028036
6566,0.020748348961520113
6567,0.022360230602613607
6568,0.01742892892661929
6569,0.04808010313536326
6570,0.041094967294473705
6571,0.05698320375762589
6572,0.028911209337770694
6573,0.05958827448913784
6574,0.023469108391375948
6575,0.028328948891248706
6576,0.08525549118768483
6577,0.03105428901775764
6578,0.04392368960157844
6579,0.027517219555742378
6580,0.021471666811932133
6581,0.028408623205496752
6582,0.056472521666217745
6583,0.04809273512021217
6584,0.03053568522653627
6585,0.027042274158638135
6586,0.04387870128224036
6587,0.07793131982807722
6588,0.1438633104663799
6589,0.06194557201128603
6590,0.053309487478754525
6591,0.03068831308515041
6592,0.022254529100154352
6593,0.05654936889894191
6594,0.07324315376607826
6595,0.06399212704850443
6596,0.11694907658718479
6597,0.05511994814769927
6598,0.02043266915362507
6599,0.021358596301339516
6600,0.04404993318460637
6601,0.014534978823622868
6602,0.021736572563689105
6603,0.023222014754076037
6604,0.035980071476709674
6605,0.028058491249664308
6606,0.02036513885741298
6607,0.02217732276084572
6608,0.10076537873635172
6609,0.019525176910199615
6610,0.04040519595863845
6611,0.0194523717900843
6612,0.01852993907952083
6613,0.020816602278906138
6614,0.017606082215012808
6615,0.052266206263945514
6616,0.030044672968143282
6617,0.017606082215012808
6618,0.028789939750570426
6619,0.062006494553372815
6620,0.06370846226430482
6621,0.02352354269726753
6622,0.02414595677916964
6623,0.03470035882825029
6624,0.02929583752845133
6625,0.02929583752845133
6626,0.21243983515594034
6627,0.04084179805754329
6628,0.04690381955572165
6629,0.016999849400902267
6630,0.016999849400902267
6631,0.019469533210560885
6632,0.019469533210560885
6633,0.016999849400902267
6634,0.019469533210560885
6635,0.028266804352375607
6636,0.016164539567612546
6637,0.016999849400902267
6638,0.019469533210560885
6639,0.023642889743024087
6640,0.019469533210560885
6641,0.016999849400902267
6642,0.018385730976311354
6643,0.025977840772306693
6644,0.021735276738328424
6645,0.019469533210560885
6646,0.019469533210560885
6647,0.02283663715525497
6648,0.016999849400902267
6649,0.019469533210560885
6650,0.026292194436341676
6651,0.016999849400902267
6652,0.019469533210560885
6653,0.016999849400902267
6654,0.016999849400902267
6655,0.016999849400902267
6656,0.04401825880639332
6657,0.05560842678994149
6658,0.016999849400902267
6659,0.02020819580472133
6660,0.020204367841395343
6661,0.020203802562071438
6662,0.021599296774687637
6663,0.04525209068192837
6664,0.08140756537733307
6665,0.026752830301554842
6666,0.01233147880195562
6667,0.02663963284792059
6668,0.05719934856393305
6669,0.035043300922621534
6670,0.01911844837090937
6671,0.009013202650543062
6672,0.016059977663717473
6673,0.025895540459270117
6674,0.025757296996679613
6675,0.014426704681050895
6676,0.015376008587276946
6677,0.025443235697154898
6678,0.027648579610994317
6679,0.03479749171643165
6680,0.018249965736713447
6681,0.0241289818010878
6682,0.0501971225152954
6683,0.05540692092003241
6684,0.028474365580680394
6685,0.03122605310118054
6686,0.03680272039447352
6687,0.02047012460697173
6688,0.0255652666064502
6689,0.023989598342575857
6690,0.0255652666064502
6691,0.00204764585853634
6692,0.019061179884631407
6693,0.024394360777564628
6694,0.041952241835693904
6695,0.0255652666064502
6696,0.07170504577575143
6697,0.04561572618792764
6698,0.028939972010187942
6699,0.025696604788055466
6700,0.019033457798053766
6701,0.019198187547153522
6702,0.033254211651668086
6703,0.030300268119679785
6704,0.022007354432489024
6705,0.05175175455910608
6706,0.029126222570462934
6707,0.026921171659859744
6708,0.014925035549246068
6709,0.04813153970725337
6710,0.07410818719624701
6711,0.039003355128593764
6712,0.046230144382561345
6713,0.034416580643726546
6714,0.034416580643726546
6715,0.02560048397425385
6716,0.025621701696111443
6717,0.04828182072550924
6718,0.06030988307675744
6719,0.0077703527105991155
6720,0.017566570822144856
6721,0.017566570822144856
6722,0.017566570822144856
6723,0.017566570822144856
6724,0.035954889853385796
6725,0.017566570822144856
6726,0.023922325185175675
6727,0.03140023845733586
6728,0.026473031910557943
6729,0.054582085962909144
6730,0.027231139210265654
6731,0.024156544454055018
6732,0.04435067061687581
6733,0.0314452423979078
6734,0.06653386908456027
6735,0.055488504473446665
6736,0.06419628046428438
6737,0.04392870640131985
6738,0.026915226984523533
6739,0.03043210971578192
6740,0.03989217837574488
6741,0.018498548579993224
6742,0.07560939807436462
6743,0.11126968699222617
6744,0.05282295462159092
6745,0.014298053829796098
6746,0.06122198049588634
6747,0.02038419565141736
6748,0.04828312969556314
6749,0.02034652879302723
6750,0.02034652879302723
6751,0.020844487445304982
6752,0.020175456238799572
6753,0.01668371029739646
6754,0.020175456238799572
6755,0.022979983979442342
6756,0.01668371029739646
6757,0.021121208201222985
6758,0.020844487445304982
6759,0.01668371029739646
6760,0.044942099138086666
6761,0.027577695277495762
6762,0.02446859699771131
6763,0.04392403505974485
6764,0.027534037969953906
6765,0.05878776115139728
6766,0.05930334912279389
6767,0.046628401874960534
6768,0.039509439338836105
6769,0.04710087336260138
6770,0.03766399958986644
6771,0.06019577219764882
6772,0.047068539096482453
6773,0.03328817225390601
6774,0.017080645834201102
6775,0.04657051342779772
6776,0.07988270810511544
6777,0.038579318690565745
6778,0.042095439026620274
6779,0.04431722952359751
6780,0.030667319036171703
6781,0.009019641815380286
6782,0.04046290549923004
6783,0.00947151084840736
6784,0.08824634888540939
6785,0.01806375335189303
6786,0.03980518598114713
6787,0.04113136867317013
6788,0.012262879407059613
6789,0.024051612954248625
6790,0.024528876300202285
6791,0.020962379883524784
6792,0.029361442375301028
6793,0.0480735009809784
6794,0.0777563806001188
6795,0.020431068888917436
6796,0.020431068888917436
6797,0.01975856471680315
6798,0.024862283057199397
6799,0.016059921444175784
6800,0.016171240495644112
6801,0.016039914971771818
6802,0.12014508515109179
6803,0.03480294747720902
6804,0.022618144665652706
6805,0.04642977959749384
6806,0.01829332911677717
6807,0.020549607967531358
6808,0.02124845252907792
6809,0.05707508700562258
6810,0.03420551135463923
6811,0.055728113215280484
6812,0.031806506682769076
6813,0.05035464091816155
6814,0.05035464091816155
6815,0.031806506682769076
6816,0.015909818151102484
6817,0.01767930582295396
6818,0.01767930582295396
6819,0.01767930582295396
6820,0.01767930582295396
6821,0.015458995481991145
6822,0.0048393117843813505
6823,0.004292741067139283
6824,0.063913168415482
6825,0.055765017642332104
6826,0.03741048339272335
6827,0.06810701722839985
6828,0.11503008330983977
6829,0.06062215809995297
6830,0.025480887142709796
6831,0.03941990672643314
6832,0.02790190137458426
6833,0.06426923981650301
6834,0.11036601583843941
6835,0.03161925241340169
6836,0.010033908678975023
6837,0.08578073014051346
6838,0.024629929292975805
6839,0.01439002116764787
6840,0.035367167622876616
6841,0.035367167622876616
6842,0.019768073098088812
6843,0.020375052505637647
6844,0.02670392039123437
6845,0.03273289759526943
6846,0.024506331537965886
6847,0.03903158989864741
6848,0.041508723700899086
6849,0.024115746360287127
6850,0.014714721074504444
6851,0.03270467092657614
6852,0.0333629623969075
6853,0.0333629623969075
6854,0.012549245517342045
6855,0.012549245517342045
6856,0.045061695006819225
6857,0.0327160718720555
6858,0.026870048508921607
6859,0.02108200464606569
6860,0.016059977663717473
6861,0.03665824567607068
6862,0.03435658931457819
6863,0.014851735589718862
6864,0.02876454254950145
6865,0.052476102060105
6866,0.025320679958828807
6867,0.02132724690053167
6868,0.03261349446681794
6869,0.035903908564340004
6870,0.032351938528822455
6871,0.020808617638332527
6872,0.014762376958236234
6873,0.02670392039123437
6874,0.02316803582388549
6875,0.02316803582388549
6876,0.027615752640476332
6877,0.02240750308471784
6878,0.05698762255034662
6879,0.1102171015515635
6880,0.014970960459168348
6881,0.016277243777498285
6882,0.02671320828989454
6883,0.06088370330778303
6884,0.027615752640476332
6885,0.018928627022268385
6886,0.06206716540578561
6887,0.03808240693426257
6888,0.05029896037933734
6889,0.02670392039123437
6890,0.028514427164148648
6891,0.032450983746966644
6892,0.015901082273001244
6893,0.031304459090183756
6894,0.007308361298004162
6895,0.023733954942621094
6896,0.028417604787051798
6897,0.016638857289905773
6898,0.02377958102944111
6899,0.010601603538593185
6900,0.042969394651116044
6901,0.046704842438240024
6902,0.04895010368269592
6903,0.024462747698109744
6904,0.06431104278844813
6905,0.01901565122566784
6906,0.03277519842980181
6907,0.01339732361005852
6908,0.01764614284557764
6909,0.017549222417789
6910,0.013608261653511922
6911,0.024503429824842438
6912,0.0485693509814944
6913,0.04144874407182486
6914,0.05987669488666558
6915,0.028428521245714822
6916,0.057593873915183336
6917,0.06692963378862093
6918,0.027703744947403464
6919,0.061249861320980314
6920,0.02665021297043335
6921,0.029668085582902792
6922,0.03240532366070248
6923,0.04153761464537886
6924,0.0453722309054676
6925,0.022091911674821607
6926,0.014902432376272867
6927,0.04084717577217112
6928,0.0223279336052159
6929,0.022604899970759207
6930,0.04881095788506307
6931,0.06919423530386726
6932,0.05256861578948813
6933,0.03484914898969271
6934,0.018862953407155603
6935,0.09319133894351983
6936,0.07318032241242645
6937,0.04437022522894851
6938,0.08277206905248968
6939,0.053625810575045785
6940,0.12859112576015064
6941,0.11592190831109184
6942,0.03958067940344756
6943,0.008957136078751704
6944,0.05468555285125498
6945,0.011485860984304819
6946,0.05468555285125498
6947,0.05468555285125498
6948,0.05468555285125498
6949,0.1689579905809827
6950,0.03022761956224329
6951,0.03950293004414496
6952,0.02974520229215538
6953,0.08912991014454263
6954,0.027930802476631933
6955,0.018989138641025916
6956,0.021741428154827935
6957,0.07106055923584842
6958,0.04801041791689631
6959,0.025682258872855912
6960,0.01682934254100832
6961,0.04589423715914309
6962,0.09371788318961394
6963,0.10650012776303375
6964,0.3036942826152277
6965,0.037308254043943
6966,0.055468396664266395
6967,0.046704842438240024
6968,0.03885458505290529
6969,0.10555990501631196
6970,0.02851351719166595
6971,0.027930802476631933
6972,0.26884354129726085
6973,0.08683675746979713
6974,0.02977854866393803
6975,0.05652198195017888
6976,0.037600278139266696
6977,0.07652955825994201
6978,0.04213925119102768
6979,0.02248158977216974
6980,0.029342321024261264
6981,0.02814597641344241
6982,0.0406677542872369
6983,0.12265712205353207
6984,0.04654610972843776
6985,0.06806978308925848
6986,0.08846013860920432
6987,0.03940461145667962
6988,0.05830187485646454
6989,0.025502866332181573
6990,0.09294349615605313
6991,0.050815032036647945
6992,0.020968949623888955
6993,0.06632360691375827
6994,0.06119849957398138
6995,0.0413249079616268
6996,0.016412051895810742
6997,0.07776388382213895
6998,0.16606455866593317
6999,0.050460371809777804
7000,0.12877480303306288
7001,0.10762656159012474
7002,0.13374408259435833
7003,0.025857926530331588
7004,0.026785430509713826
7005,0.027667889550148317
7006,0.04832022340871067
7007,0.038665432924944065
7008,0.024144304062418853
7009,0.08132266095972673
7010,0.0572000034948531
7011,0.0696009929120035
7012,0.09287965366059092
7013,0.05587226516939847
7014,0.04890326913999221
7015,0.0806518895376318
7016,0.08627567268341663
7017,0.08376322889956322
7018,0.0460129204228632
7019,0.020124284574662643
7020,0.03300723091597357
7021,0.07991714807655104
7022,0.0420228904984723
7023,0.050243011564451545
7024,0.035239240304482
7025,0.030393343225904812
7026,0.05293773335854579
7027,0.043046798049081514
7028,0.05202211363183118
7029,0.02801715413469097
7030,0.02801715413469097
7031,0.0266772418590302
7032,0.0266772418590302
7033,0.1579630023835129
7034,0.28462412650780455
7035,0.061264547676222136
7036,0.061264547676222136
7037,0.15614014618649308
7038,0.23143907469932568
7039,0.02063406550729263
7040,0.057298524602827805
7041,0.030281967049895275
7042,0.17398352635884384
7043,0.168730055582493
7044,0.03872566211639783
7045,0.3795670635455215
7046,0.0416134661905857
7047,0.1088199415853156
7048,0.1596016706874206
7049,0.04918338009686141
7050,0.12674161676713824
7051,0.037614518702134725
7052,0.03970250168948253
7053,0.5771242860409139
7054,0.03970250168948253
7055,0.05894228281335623
7056,0.027593582149177176
7057,0.09561796049182336
7058,0.048705029383216525
7059,0.09104849503228107
7060,0.1747240319193497
7061,0.1747240319193497
7062,0.055737416371128834
7063,0.0100661729661633
7064,0.07413222794554486
7065,0.14967999982527114
7066,0.21133611408671737
7067,0.1611587935525276
7068,0.14556949208960013
7069,0.036092090360186124
7070,0.04970060129354237
7071,0.05171423352156612
7072,0.12208273571688621
7073,0.3000116385204453
7074,0.04613355916176054
7075,0.024661371969744383
7076,0.026841024205626618
7077,0.0787270275127484
7078,0.031705559498516056
7079,0.15312782819410908
7080,0.1463635546272074
7081,0.3627977077901212
7082,0.06317279805168907
7083,0.1970180188965447
7084,0.051118498776991594
7085,0.08482086189426163
7086,0.08545582593475753
7087,0.04129197005748653
7088,0.041156295273677146
7089,0.024035932075347932
7090,0.018693050901098074
7091,0.03132054517553584
7092,0.0435067483716981
7093,0.07221381651834502
7094,0.043532793363739275
7095,0.04140368307074027
7096,0.016332815946727086
7097,0.07198430712133075
7098,0.042371488819226366
7099,0.029972250340627227
7100,0.02726050594720042
7101,0.02899989649483481
7102,0.11718721097219431
7103,0.057949171802049615
7104,0.019071205156741322
7105,0.02705270801090054
7106,0.038461423645507975
7107,0.027975602801903476
7108,0.028514427164148648
7109,0.05124585055780495
7110,0.053063843346512374
7111,0.029558478193331794
7112,0.016159183443975045
7113,0.03684704668642513
7114,0.04611811296293589
7115,0.06011782395191445
7116,0.10754542095061992
7117,0.08280848930720375
7118,0.08719755439139909
7119,0.016073140557428256
7120,0.030139332368586236
7121,0.027809905535512547
7122,0.082418298259332
7123,0.04197107468663941
7124,0.08468084998476666
7125,0.07596856951954478
7126,0.04790929991948012
7127,0.039866125182402845
7128,0.04478037989389361
7129,0.059946447774888556
7130,0.03365871474433624
7131,0.08721864546330316
7132,0.030468951846704506
7133,0.0663446450566263
7134,0.01410237446492113
7135,0.06352531563477537
7136,0.039903016366500066
7137,0.031145642386487093
7138,0.05099314476673078
7139,0.05099314476673078
7140,0.030147828591759462
7141,0.030147828591759462
7142,0.01750264397509471
7143,0.019363040363172823
7144,0.06819476732594132
7145,0.18801935875660303
7146,0.23299074687110477
7147,0.028544371147928516
7148,0.042279128581911074
7149,0.03198751881417783
7150,0.07768860176393422
7151,0.037807707043964744
7152,0.039070047952652565
7153,0.037807707043964744
7154,0.002163401891519534
7155,0.05423027195789942
7156,0.01911844837090937
7157,0.024901546199581515
7158,0.054395071612580836
7159,0.11926536795189002
7160,0.007480120428853709
7161,0.007480120428853709
7162,0.04369099707708213
7163,0.03630206386503998
7164,0.07094757917625305
7165,0.04614589362749599
7166,0.04248695024541249
7167,0.04369099707708213
7168,0.04248695024541249
7169,0.05099380047219004
7170,0.03705746500676532
7171,0.04369099707708213
7172,0.045104593597783516
7173,0.05895184818341004
7174,0.0375174150935258
7175,0.041337029392011004
7176,0.07768860176393422
7177,0.01923575094286256
7178,0.00791631368910839
7179,0.057228111764174416
7180,0.0365283614911045
7181,0.03449341693830621
7182,0.07092771444356727
7183,0.06344284176940362
7184,0.02551535256114601
7185,0.03105428901775764
7186,0.13587410642534736
7187,0.06355243556981582
7188,0.1420223853290824
7189,0.06121914036901688
7190,0.0444606677539755
7191,0.019240619945888993
7192,0.09267204687906294
7193,0.05924957971852063
7194,0.04524150983576236
7195,0.04321642876740772
7196,0.05016023164066907
7197,0.04320153207084565
7198,0.050797655163501765
7199,0.057227678042818475
7200,0.04351138219514894
7201,0.0723126412825078
7202,0.023731262963162414
7203,0.08204270995515961
7204,0.07291735924839016
7205,0.03407202139974885
7206,0.06523726612640757
7207,0.12171107977513529
7208,0.08292612752235529
7209,0.06471360196328568
7210,0.04282682874681509
7211,0.05631024313814981
7212,0.05722398969792497
7213,0.04570060819195798
7214,0.04570060819195798
7215,0.037630138884100606
7216,0.001310884207060603
7217,0.04570060819195798
7218,0.12076603114991935
7219,0.037227462985719106
7220,0.07379075951071501
7221,0.08574201392728631
7222,0.03549442541774217
7223,0.02772020732835201
7224,0.297514778458114
7225,0.14410374770910905
7226,0.11305414310344974
7227,0.07694385738675447
7228,0.052442482330114726
7229,0.05143234770951799
7230,0.0702407188441585
7231,0.04275270816184462
7232,0.04972771766221795
7233,0.05370983920500427
7234,0.15902994725516584
7235,0.021040114335299842
7236,0.04154063752793091
7237,0.03648789997319479
7238,0.01908469152489156
7239,0.030730286399939133
7240,0.05381288342493218
7241,0.03111251395629666
7242,0.04756696397851401
7243,0.03763788775827748
7244,0.2569779144244917
7245,0.038718519773095594
7246,0.057192134758117796
7247,0.016239283172128305
7248,0.018960470786690498
7249,0.19882296414745193
7250,0.02832989318819168
7251,0.02832989318819168
7252,0.02832989318819168
7253,0.02832989318819168
7254,0.031453470580306564
7255,0.024645453596013
7256,0.13598472827550667
7257,0.03699368033723294
7258,0.02624188420530138
7259,0.041126070815653226
7260,0.018260670171930116
7261,0.05618302640263073
7262,0.02981825532226201
7263,0.02228550928887918
7264,0.04424489440757018
7265,0.025472877569394647
7266,0.01543855607317679
7267,0.03805480183487575
7268,0.0746732423489882
7269,0.02844093840581008
7270,0.03966334058864385
7271,0.02319837252091006
7272,0.0217217657848634
7273,0.021007688454016238
7274,0.0217217657848634
7275,0.03263535801687478
7276,0.0233835148279653
7277,0.022616072368930817
7278,0.022616072368930817
7279,0.022616072368930817
7280,0.06256552454564601
7281,0.07137116116394049
7282,0.10082236315297488
7283,0.016657616708112832
7284,0.016657616708112832
7285,0.028330601717054926
7286,0.03913820250555633
7287,0.05634299864104775
7288,0.05795324748735409
7289,0.09566606030888358
7290,0.007472099277277655
7291,0.03553296218883961
7292,0.03651130676149694
7293,0.03276198332567859
7294,0.039886529976318585
7295,0.028595287624787247
7296,0.02513966361625719
7297,0.0463274213323156
7298,0.020211587240404505
7299,0.02591902183316508
7300,0.0413320789644912
7301,0.11072546505894154
7302,0.07045361048184229
7303,0.03751602609654314
7304,0.0407573038117407
7305,0.018988982885753125
7306,0.045251516962872995
7307,0.11891167267891967
7308,0.08111999133727543
7309,0.024621885846341618
7310,0.07333989579907951
7311,0.022213611340918815
7312,0.04399142885407614
7313,0.0175276512228435
7314,0.023354089508333065
7315,0.05897184615674056
7316,0.14102932691763037
7317,0.05634699020236311
7318,0.01900597968801443
7319,0.03570342897670009
7320,0.04719426656187198
7321,0.04555343953209645
7322,0.059384613749024484
7323,0.02417134779081742
7324,0.03225454669996941
7325,0.15022566126337566
7326,0.028514427164148648
7327,0.17628008269008
7328,0.0557823130367634
7329,0.021110257735516003
7330,0.06745580048766342
7331,0.02013465509685164
7332,0.03189729625641857
7333,0.06505745958683984
7334,0.0306755527842425
7335,0.03618155336881945
7336,0.03708557182799699
7337,0.010172133413988593
7338,0.03739170946545756
7339,0.03618155336881945
7340,0.03170760935585992
7341,0.02557759779755764
7342,0.024946521153697887
7343,0.02557759779755764
7344,0.018925528260529068
7345,0.03618155336881945
7346,0.0306755527842425
7347,0.036535667951034356
7348,0.06960317498569213
7349,0.036535667951034356
7350,0.04966971517285257
7351,0.03984829258146794
7352,0.031102539569575094
7353,0.08731094101403447
7354,0.07621273479952195
7355,0.07621273479952195
7356,0.04016684130193249
7357,0.03414393606318
7358,0.05810854628209616
7359,0.018938913600954232
7360,0.041698495424861926
7361,0.022830699526714127
7362,0.07276564117840956
7363,0.0676607586220318
7364,0.040354796652882996
7365,0.09475076747447297
7366,0.08809424464925775
7367,0.025609639962933417
7368,0.041698495424861926
7369,0.04474454404788397
7370,0.031998327454020314
7371,0.06977137583231596
7372,0.020104830076950964
7373,0.02017873213345145
7374,0.057704591016821016
7375,0.04709554884237788
7376,0.013701649843307573
7377,0.04686698156010771
7378,0.07563955629395702
7379,0.020515108897942058
7380,0.035581192215549784
7381,0.015356614813562985
7382,0.04906252258088839
7383,0.036182336019931594
7384,0.01876210288930047
7385,0.024941549158794207
7386,0.09414101812495268
7387,0.021520101913822254
7388,0.06829662796555713
7389,0.01829177735853882
7390,0.029465679019805457
7391,0.21541587435863707
7392,0.03525026028624323
7393,0.03711749722423696
7394,0.014560397104610101
7395,0.015988249751705208
7396,0.042298870545690925
7397,0.07697571377521262
7398,0.07313739373780859
7399,0.06648107273397208
7400,0.07498955596225143
7401,0.06042039409736333
7402,0.04105085591366242
7403,0.04452659662577385
7404,0.07562135413066529
7405,0.030201468742520277
7406,0.06693550299875739
7407,0.01526569367162911
7408,0.21815617393327202
7409,0.026389811311517963
7410,0.03434428112893617
7411,0.20954106224066127
7412,0.036142182558022484
7413,0.031012857434773
7414,0.13740476814721425
7415,0.09995933226555087
7416,0.16342802728582884
7417,0.07842195915278782
7418,0.19576333054656114
7419,0.08161615431746727
7420,0.033907072967250595
7421,0.14363828349722008
7422,0.0780419122124133
7423,0.09469055940815352
7424,0.03060231211221609
7425,0.01824890252803646
7426,0.06151001287734592
7427,0.027749798205295217
7428,0.022035657339015913
7429,0.010056397534159545
7430,0.03376265476561979
7431,0.1303438324672277
7432,0.0370536292784418
7433,0.024472848760908605
7434,0.024816455438930296
7435,0.021430827866454116
7436,0.022022402910951033
7437,0.02354459990489477
7438,0.07220986559872267
7439,0.02597134076983476
7440,0.015903411868810613
7441,0.0600170345136124
7442,0.049126906715293406
7443,0.20370320867120495
7444,0.016150585627481173
7445,0.015768633218029127
7446,0.052995611441346235
7447,0.04273098329365044
7448,0.02683358282009296
7449,0.019003913368328407
7450,0.04092473441501254
7451,0.04824934872704034
7452,0.03245284932374892
7453,0.07680346067865107
7454,0.05149577685038931
7455,0.017366558639329455
7456,0.03949020717616525
7457,0.171605633448755
7458,0.1420900039894447
7459,0.028787683071665793
7460,0.015237208186684503
7461,0.02109227854866569
7462,0.1746503618157762
7463,0.027061837244620413
7464,0.03980305014399921
7465,0.016402428038850947
7466,0.01546047966493369
7467,0.06778378681911701
7468,0.017654986447688703
7469,0.05930889238652093
7470,0.02900450473411309
7471,0.03965586194189685
7472,0.029101021550254513
7473,0.06284738547306101
7474,0.020471091543784903
7475,0.020471091543784903
7476,0.02889070983793174
7477,0.059083437242895
7478,0.04470353348464995
7479,0.045589296782656885
7480,0.07534573478498108
7481,0.010594047077316593
7482,0.07532063497328922
7483,0.015253436924751118
7484,0.044865720103541507
7485,0.06038413096738893
7486,0.1131577228231817
7487,0.04623850450679334
7488,0.06449191718582414
7489,0.07620227647869626
7490,0.04256722579179606
7491,0.06691300212962814
7492,0.024058754267658022
7493,0.07802457833906074
7494,0.03284405397360779
7495,0.03676240274570142
7496,0.030503101299334867
7497,0.1278067139748431
7498,0.021495930528821372
7499,0.02900450473411309
7500,0.03316298221231362
7501,0.029938419804616756
7502,0.03092869636171025
7503,0.021495930528821372
7504,0.188927089487136
7505,0.049622084012663326
7506,0.019752702925383225
7507,0.017262148846013625
7508,0.05343722224857561
7509,0.04121530646345706
7510,0.025390619144592397
7511,0.02984279091296249
7512,0.02984279091296249
7513,0.02984279091296249
7514,0.17396404020183742
7515,0.11396488140287186
7516,0.015346957157812091
7517,0.017262148846013625
7518,0.02900450473411309
7519,0.03256768936071952
7520,0.020752988482910295
7521,0.02512409364322954
7522,0.03475618739733921
7523,0.021085965399083473
7524,0.06111044130843113
7525,0.05901518541713058
7526,0.018796820828711036
7527,0.08709192563757406
7528,0.06073835847330611
7529,0.01810168703128545
7530,0.0331622097438824
7531,0.020197320937984098
7532,0.02602734234984594
7533,0.05347368604870273
7534,0.042991477007402246
7535,0.05039135720219823
7536,0.020113073789197244
7537,0.07852646705791966
7538,0.026160312302766497
7539,0.026089768804808955
7540,0.04730658631195461
7541,0.018682690536946822
7542,0.03844147609293547
7543,0.07031827508828858
7544,0.073252347614302
7545,0.07971816586333891
7546,0.04813425053621945
7547,0.026160312302766497
7548,0.14196880973989923
7549,0.031509230029571955
7550,0.022155730939806717
7551,0.02044592846928117
7552,0.0202959517046154
7553,0.026160312302766497
7554,0.021454575808066756
7555,0.05468385260264219
7556,0.020556172629168645
7557,0.023268410742967482
7558,0.05004034211632857
7559,0.09312647082939007
7560,0.0536654450149161
7561,0.031252128375317545
7562,0.06993412129556731
7563,0.03095588593784715
7564,0.12914342676462198
7565,0.12337454702279915
7566,0.04073416962129428
7567,0.040107510066736185
7568,0.04207197234408533
7569,0.027626357166460003
7570,0.27482180445551796
7571,0.029728212553954636
7572,0.07006708995472133
7573,0.07975125734762223
7574,0.06364676122700164
7575,0.035775706378263994
7576,0.04118079631665572
7577,0.08992808636546634
7578,0.0771127197891106
7579,0.10837677196168571
7580,0.22484522317053013
7581,0.15400299714348786
7582,0.03415686091693171
7583,0.15315912900199946
7584,0.029099257617488106
7585,0.13577928134249173
7586,0.06094076446267149
7587,0.20324737648804014
7588,0.02764917432317804
7589,0.08584004625292918
7590,0.05529270283626253
7591,0.06591713059535476
7592,0.06349390075061756
7593,0.18420886834894512
7594,0.03795846575383133
7595,0.09482064925042955
7596,0.0645628256896914
7597,0.09116441778891882
7598,0.18727484608316702
7599,0.0502282286896526
7600,0.2260754293607956
7601,0.2424885455940755
7602,0.09728316355721
7603,0.07532439908653299
7604,0.02753663938520423
7605,0.07322380404484485
7606,0.04017089151358555
7607,0.15232876025196473
7608,0.13752532796297656
7609,0.036753154964928925
7610,0.039646233769141226
7611,0.037501202544983014
7612,0.2707178198972814
7613,0.03960326815824189
7614,0.031039821607211193
7615,0.026206907258109924
7616,0.04034466745675691
7617,0.10960286917782491
7618,0.03950074988928576
7619,0.02762056940824742
7620,0.031498235951126885
7621,0.15623604529405444
7622,0.03152022782047925
7623,0.03514908624234114
7624,0.4001854598558825
7625,0.03626380044255073
7626,0.18915519613004028
7627,0.019734647474476175
7628,0.22548778702178895
7629,0.035770775325767334
7630,0.21519644624241185
7631,0.03696771919720965
7632,0.07316444614974638
7633,0.035770775325767334
7634,0.08630328193576342
7635,0.013663975593128819
7636,0.06984146743254305
7637,0.10491003433581403
7638,0.07421847850982244
7639,0.035770775325767334
7640,0.17883019932090105
7641,0.03996113059705664
7642,0.026689348602657703
7643,0.038709151966398014
7644,0.07627977176665579
7645,0.06736720672535135
7646,0.06984146743254305
7647,0.022381679855844272
7648,0.03518056906291267
7649,0.12958411312214457
7650,0.08694847192771327
7651,0.09900653461558973
7652,0.15145227795456673
7653,0.13410061796171224
7654,0.15145227795456673
7655,0.025410211197066657
7656,0.02068533075015455
7657,0.1614042265055271
7658,0.02228152672020478
7659,0.026321783989989855
7660,0.05764608317428843
7661,0.02385416657595918
7662,0.1637279210723186
7663,0.053645941399843466
7664,0.15882389996546153
7665,0.03184256811401487
7666,0.043093687691904026
7667,0.043634377024873605
7668,0.17339406054362438
7669,0.11970138126267038
7670,0.28756819845124715
7671,0.32640792923450224
7672,0.009967101800776867
7673,0.4303429381851377
7674,0.014560325234817428
7675,0.09973590169671853
7676,0.10547710845745273
7677,0.2664883223587814
7678,0.19719762894212955
7679,0.03936401571527415
7680,0.04231666579615112
7681,0.04231666579615112
7682,0.13555604481861616
7683,0.09555949995109148
7684,0.08540739763502636
7685,0.020934594388119065
7686,0.020934594388119065
7687,0.3138490820409572
7688,0.15932125784697182
7689,0.02060921504184865
7690,0.02328187046825103
7691,0.13618153714529502
7692,0.02250257025951441
7693,0.07849349322409915
7694,0.18087223267660946
7695,0.03313063686935158
7696,0.03437765513461066
7697,0.057353610381147946
7698,0.02667792234227151
7699,0.00896033524877915
7700,0.020178618290024763
7701,0.185905308187017
7702,0.08595592068274993
7703,0.20061785541496735
7704,0.1853537130734958
7705,0.02412575144244533
7706,0.2535567438679982
7707,0.07259240506912534
7708,0.5116632447106263
7709,0.007480120428853709
7710,0.4590484407528336
7711,0.12450945645336953
7712,0.10383341392747159
7713,0.07619475838657574
7714,0.01997987736026341
7715,0.12055889309865575
7716,0.19709542925739154
7717,0.038423885298838445
7718,0.16165722299781782
7719,0.038423885298838445
7720,0.02978877075360753
7721,0.14558039626637687
7722,0.11199179199033238
7723,0.17078968562032582
7724,0.09715058831841261
7725,0.01956453873409303
7726,0.13407816073206213
7727,0.0322288270624409
7728,0.05347368604870273
7729,0.09201918652994634
7730,0.16699345470964877
7731,0.1281933175019978
7732,0.02287434191009985
7733,0.07264562257106355
7734,0.07853715397881156
7735,0.4525797150522036
7736,0.03756545400338873
7737,0.03322887046698031
7738,0.08011240986289714
7739,0.16257951141952098
7740,0.14243548647126458
7741,0.10460187695857182
7742,0.035657096122807985
7743,0.1768531110112166
7744,0.10281740066411105
7745,0.025649016639152533
7746,0.02472754613923167
7747,0.03266509715022714
7748,0.032271288111083374
7749,0.04702704139959468
7750,0.0625742253650422
7751,0.11912333608477599
7752,0.18765451660333488
7753,0.06788335109989696
7754,0.15578946994567944
7755,0.058382953954883576
7756,0.10794250840561936
7757,0.3377178035473938
7758,0.14700539116774902
7759,0.10932684588290909
7760,0.3091247881920013
7761,0.02674644941108184
7762,0.052324744963492154
7763,0.07828646253350557
7764,0.02285632904178958
7765,0.40155860212354666
7766,0.087831264942557
7767,0.03389679908406651
7768,0.034771932508314785
7769,0.03485726087820462
7770,0.13469930359156623
7771,0.018868563487966394
7772,0.08825214680753546
7773,0.06757403259241124
7774,0.13712433880664843
7775,0.08842998044145434
7776,0.07324405575322246
7777,0.13092704484593298
7778,0.34009702709215073
7779,0.17149063105293272
7780,0.17090245278639993
7781,0.06728027957081573
7782,0.3024783474855086
7783,0.08530325210647705
7784,0.09101023015015441
7785,0.06045197829815119
7786,0.1329811431457879
7787,0.16902501817868487
7788,0.16902501817868487
7789,0.07617036990123138
7790,0.0752246850858902
7791,0.025643119134708847
7792,0.09639498175527261
7793,0.13704837164759753
7794,0.06136430858108821
7795,0.04365685555488841
7796,0.0687637996806616
7797,0.28024179345586797
7798,0.11726973972312793
7799,0.02525262484096269
7800,0.18343360617265814
7801,0.04742298917662735
7802,0.3589958470590011
7803,0.08712687461676005
7804,0.27592869744360615
7805,0.0629139716226349
7806,0.6711802882616833
7807,0.046831517503897135
7808,0.14228037607479072
7809,0.0940629363341341
7810,0.16448413245450766
7811,0.23923738483601176
7812,0.033425244468568094
7813,0.02398582960074125
7814,0.021241368717202502
7815,0.03976127771780713
7816,0.040270316890201
7817,0.023919738332807472
7818,0.16471183385100285
7819,0.05928876592626464
7820,0.04157772396035819
7821,0.04296031979196069
7822,0.05928876592626464
7823,0.05063020399454343
7824,0.05928876592626464
7825,0.04296031979196069
7826,0.04296031979196069
7827,0.04157772396035819
7828,0.082973592368904
7829,0.04157772396035819
7830,0.04296031979196069
7831,0.10142745805352982
7832,0.040364926940179124
7833,0.09622330330217799
7834,0.06246351763131652
7835,0.08786732939125452
7836,0.19617344383273438
7837,0.09281533044026502
7838,0.05296244645126835
7839,0.08126917636758302
7840,0.08085997546816281
7841,0.19445974553725887
7842,0.13827922363622447
7843,0.04004064670213647
7844,0.014529708735647184
7845,0.08085997546816281
7846,0.04449680300692893
7847,0.06473958224274845
7848,0.07094930721208326
7849,0.077343124456564
7850,0.07706497216349995
7851,0.09451564145962998
7852,0.09451564145962998
7853,0.2931856770607244
7854,0.18793288875203895
7855,0.13529925865815795
7856,0.0874436974041839
7857,0.2468185791713443
7858,0.04903967091874062
7859,0.24211895610813028
7860,0.1217817539809617
7861,0.1620596015956477
7862,0.09247892330103458
7863,0.024481315164688544
7864,0.09852611705326075
7865,0.10418574369568123
7866,0.03836664168387216
7867,0.43000228527172313
7868,0.11968583974540559
7869,0.023728748724928472
7870,0.14734275546804254
7871,0.12569260711768115
7872,0.2248385784173912
7873,0.16959236473718076
7874,0.071594503322709
7875,0.030142363842895814
7876,0.03881359163743625
7877,0.08286082524818827
7878,0.09678012789431001
7879,0.31547941872161467
7880,0.07588186613224557
7881,0.14061724595179192
7882,0.20663771077901016
7883,0.05552258247830233
7884,0.08869302842975635
7885,0.1468783697930619
7886,0.1468783697930619
7887,0.06001191382659776
7888,0.33258955246087063
7889,0.045207428811288364
7890,0.01585908905567779
7891,0.029317021466108928
7892,0.35332798267733456
7893,0.10382217515844949
7894,0.4829166291318293
7895,0.1330449746421617
7896,0.16819874371486876
7897,0.09918357697445945
7898,0.14342686062782217
7899,0.06725687593316731
7900,0.07746642731905562
7901,0.053067609476015076
7902,0.07794329253620835
7903,0.08043367696641812
7904,0.2045394743750154
7905,0.11373262584829458
7906,0.08236274820717115
7907,0.0765833582525991
7908,0.10198237583767211
7909,0.25065893871881695
7910,0.03594927376713697
7911,0.09590821975616592
7912,0.21008744768548948
7913,0.03861245123534596
7914,0.03441967735955731
7915,0.035665742751599394
7916,0.03754727755708853
7917,0.06650413924856546
7918,0.04676968036756557
7919,0.2293505265515713
7920,0.1499980280034775
7921,0.10917896708078645
7922,0.17341145254608925
7923,0.1030585382997401
7924,0.08046013749577208
7925,0.0775273128104238
7926,0.44561757840910765
7927,0.26544881321456126
7928,0.05536003504264164
7929,0.2652041791374852
7930,0.047918884002178586
7931,0.05559930118929268
7932,0.30637557566030404
7933,0.3252068523834938
7934,0.20187100788046153
7935,0.14843900897004547
7936,0.02874895569468172
7937,0.02946812392164111
7938,0.1315133320126619
7939,0.14843900897004547
7940,0.34798143768370127
7941,0.11208945098338319
7942,0.11208945098338319
7943,0.1508417744719167
7944,0.04366920388546114
7945,0.35376168168937216
7946,0.29977090681760565
7947,0.036227689942541996
7948,0.4020829139480463
7949,0.16626169222883047
7950,0.0950612020826056
7951,0.19456591235068932
7952,0.2186299456815698
7953,0.166887446313992
7954,0.41208833618219687
7955,0.08120562342120774
7956,0.12643937284927265
7957,0.3109964835393746
7958,0.04888892241881648
7959,0.2451020172343329
7960,0.2551818205315952
7961,0.536934114823826
7962,0.2851822806113484
7963,0.0983565897426083
7964,0.0983565897426083
7965,0.016850923754736402
7966,0.1176448247598395
7967,0.018209073026749012
7968,0.11414532355191376
7969,0.030923365520316715
7970,0.06745588728969032
7971,0.27557383182467476
7972,0.17325476942101448
7973,0.06624598204311605
7974,0.09197955821050419
7975,0.053932846865445416
7976,0.045522385428270695
7977,0.07022878395432619
7978,0.08361442730654178
7979,0.0782640817627529
7980,0.036041273036056976
7981,0.09409364627292927
7982,0.010974198073531616
7983,0.1920024259885088
7984,0.18350269487574367
7985,0.059057607674508295
7986,0.07525837981225225
7987,0.12124514927182928
7988,0.15721755531549753
7989,0.15121098207405592
7990,0.1564751559911347
7991,0.05171328328951086
7992,0.053067609476015076
7993,0.06842843556783285
7994,0.2271623221556618
7995,0.31051870885379607
7996,0.14755625530809158
7997,0.337959394770577
7998,0.06441416513632248
7999,0.12877269307983552
8000,0.14149918305634634
8001,0.18596105773747018
8002,0.06225004350499863
8003,0.1094790253244382
8004,0.11954986776963272
8005,0.0752745914546763
8006,0.13834948779365075
8007,0.13728542524046317
8008,0.34691077831986206
8009,0.29198382560072855
8010,0.1676166203206937
8011,0.1536830431766698
8012,0.05989722496807859
8013,0.05811146669992928
8014,0.37139877177290814
8015,0.6069907172090263
8016,0.12018178285924164
8017,0.1369017868876179
8018,0.11933641610756385
8019,0.4846516751944525
8020,0.254716034101093
8021,0.26425453282727784
8022,0.30941186147725985
8023,0.3135526942488025
8024,0.28157452804871497
8025,0.07497275204022491
8026,0.5621667027452704
8027,0.2552182262588505
8028,0.23117302355170033
8029,0.2885396953004745
8030,0.06378837314981145
8031,0.4551027225121951
8032,0.26231645166461115
8033,0.007480120428853709
8034,0.09907296207042926
8035,0.29870245116501515
8036,0.2765198151208045
8037,0.3121066146685656
8038,0.4473006977792039
8039,0.07658532587976818
8040,0.04932387373699443
8041,0.33600996808188954
8042,0.09555949995109148
8043,0.2250349975388597
8044,0.49586086491038917
8045,0.4662383084400752
8046,0.14889187392339331
8047,0.1374671428822022
8048,0.26335689417364705
8049,0.055797254776191574
8050,0.42894068345733993
8051,0.6958674756574281
8052,0.3062701367537992
8053,0.04784050181011246
8054,0.09409364627292927
8055,0.22139801056919328
8056,0.5135327191181762
8057,0.0990848046453151
8058,0.5791362217347603
8059,0.2097878274230358
8060,0.26155469223993544
8061,0.5314628129312864
8062,0.12512565264869602
8063,0.19871722398766822
8064,0.19247924667304117
8065,0.1447927162899224
8066,0.4453663124802345
8067,0.11129333951235354
8068,0.13948532798533575
8069,0.12203635569685733
8070,0.07101680894455176
8071,0.10896994039206087
8072,0.4204936606519656
8073,0.2034077674172141
8074,0.618498023839827
8075,0.2849096431742544
8076,0.33814197544745117
8077,0.3693518939946723
8078,0.05852046100058972
8079,0.14242088490385052
8080,0.3514231141630513
8081,0.11762503450197048
8082,0.7956547366596265
8083,0.11392253344815062
8084,0.12623344735893127
8085,0.17686392962071928
8086,0.1641558874607586
8087,0.5217790796447168
8088,0.11720042171099476
8089,0.10929136027421682
8090,0.07270947467183064
8091,0.41608718509428355
8092,0.28547975846931883
8093,0.07074737154737809
8094,0.16641348366902298
8095,0.12010907438065554
8096,0.07458360828630617
8097,0.23867478930745678
8098,0.30229292503905714
8099,0.09747695851581872
8100,0.3475746282809252
8101,0.37469654715491985
8102,0.24643077568105065
8103,0.4863110565535361
8104,0.22619590878318285
8105,0.5336291327905828
8106,0.04356712406243457
8107,0.2078254794673121
8108,0.04562736316142191
8109,0.515052418646587
8110,0.39029990579357554
8111,0.058651547667527226
8112,0.07241138040038608
8113,0.07664480172624588
8114,0.1477565938478128
8115,0.3699833324084868
8116,0.06101979958397674
8117,0.5215775509052873
8118,0.3248850157489316
8119,0.11838963671933322
8120,0.14929291866239247
8121,0.5205860795655559
8122,0.08859902003697973
8123,0.461614879913663
8124,0.29816785695428105
8125,0.1353127957254152
8126,0.09464253325224292
8127,0.16150026613246315
8128,0.34749001896098297
8129,0.204144383746647
8130,0.10913360867402955
8131,0.8398592544102647
8132,0.34749001896098297
8133,0.5071006151652955
8134,0.3393723778361497
8135,0.057182489133364434
8136,0.1558104688199402
8137,0.7729832247913178
8138,0.4982410658866576
8139,0.2592110406778739
8140,0.22717702758362346
8141,0.27185553616217417
8142,0.09433507765675453
8143,0.4916961703136089
8144,0.6220630856086611
8145,0.2640784195475232
8146,0.12278211310231313
8147,0.49475905147991117
8148,0.6185610534161283
8149,0.09157024985387263
8150,0.2948479100251963
8151,0.049135426950468575
8152,0.17783118654322172
8153,0.14689008604025322
8154,0.14713987167302467
8155,0.08936136157467123
8156,0.08746780780392638
8157,0.21230560122377717
8158,0.08303094398736888
8159,0.5129624304407239
8160,0.3258407321222314
8161,0.09396245107712398
8162,0.25459110192685486
8163,0.7939530297750972
8164,0.538875550229817
8165,0.43978272562943144
8166,0.21009698148198985
8167,0.5253602483095761
8168,0.04915312982096265
8169,0.10848928784197975
8170,0.14351499470455886
8171,0.6460061529896314
8172,0.1826575119312568
8173,0.6717995693783019
8174,0.07777228913432022
8175,0.26167766627831157
8176,0.4034509411720275
8177,0.43340575698744443
8178,0.443568721080162
8179,0.5955297795646939
8180,0.3564934959509435
8181,0.16546858012068455
8182,0.6196076421577987
8183,0.4823661907915082
8184,0.4530254899136654
8185,0.753562519113834
8186,0.3071549105383029
8187,0.8223122688373794
8188,0.5103132017250491
8189,0.29002355369226773
8190,0.9114245827889501
8191,0.6586892109071327
8192,0.18884265904286268
8193,0.429823754638467
8194,0.19986728956103184
8195,0.24799095542428895
8196,0.061299062366146906
8197,0.06663478649284249
8198,0.1508313054186372
8199,0.5958316739076259
8200,0.297790975351389
8201,0.18727395804010982
8202,0.3726106307678232
8203,0.32947757429029434
8204,0.38427143073043746
8205,0.24081487283774872
8206,0.2560719216460643
8207,0.3642397029477903
8208,0.09922635420888948
8209,0.4408466755448085
8210,0.2883665827148363
8211,0.28127517312353223
8212,0.4165294063183772
8213,0.168842637537701
8214,0.6311076396862108
8215,0.5062863923672206
8216,0.5734492014678324
8217,0.5523477392008436
8218,0.08655928234814803
8219,0.37891764746940637
8220,0.16374167347129553
8221,0.26971397563977206
8222,0.10421079281616863
8223,0.12873415937738752
8224,0.5070045255022617
8225,0.23437692436400503
8226,0.8903946434578713
8227,0.055467426777461415
8228,0.610642330390666
8229,0.07072031922603383
8230,0.0113845014911228
8231,0.783143040896715
8232,0.1564138469349623
8233,0.15292719832879798
8234,0.5444775411890208
8235,0.1888485524009207
8236,0.7521437608295896
8237,0.6017636543862084
8238,0.6652866676049727
8239,0.7673664690159143
8240,0.6086021941238535
8241,0.35666336656473085
8242,0.0480320413222165
8243,0.11440314847155997
8244,0.13283424428241908
8245,0.4364502011795349
8246,0.10164382660172244
8247,0.10164382660172244
8248,0.8176608149980028
8249,0.07598170784344638
8250,0.1042986457876931
8251,0.34366286443164273
8252,0.5317030113094032
8253,0.25203648789725264
8254,0.23044336838508894
8255,0.15421356494267835
8256,0.5131808326150662
8257,0.2648557636269996
8258,0.7168838375112196
8259,0.34738296593228013
8260,0.5068239875840417
8261,0.3977610328973967
8262,0.4874516490559083
8263,0.27621360004992024
8264,0.7234355207544633
8265,0.10409906985483175
8266,0.10409906985483175
8267,0.4274810250672054
8268,0.35004573160712216
8269,0.498275700607853
8270,0.4890074329000841
8271,0.5094858165804523
8272,0.4133819710489688
8273,0.8631295536750844
8274,0.12776890827242904
8275,0.09237713128468783
8276,0.057291992425754
8277,0.13393818651078426
8278,0.5417794189984684
8279,0.16131639399272868
8280,0.11842204337638684
8281,0.6602350633358979
8282,0.6192311162468358
8283,0.41941922322591774
8284,0.08876370933323341
8285,0.6497907508978571
8286,0.6276471405511497
8287,0.15734056867582957
8288,0.1646051218595943
8289,0.6154136289514016
8290,0.1772909092102748
8291,0.06478270648481665
8292,0.3379699395125685
8293,0.2592512027929421
8294,0.05689126531118982
8295,0.21376411618720748
8296,0.11615174084898405
8297,0.09526585916001606
8298,0.1455567331896762
8299,0.17057946487707287
8300,0.6571246448479324
8301,0.1455567331896762
8302,0.45826813434879143
8303,0.11586467642039322
8304,0.15370296403760297
8305,0.06574145869570036
8306,0.006953687503717498
8307,0.12299870535922142
8308,0.502659760918279
8309,0.35575940775028025
8310,0.35575940775028025
8311,0.04829523598080465
8312,0.04829523598080465
8313,0.04829523598080465
8314,0.6711605140378835
8315,0.6711605140378835
8316,0.410508631278228
8317,0.8499425195214747
8318,0.3240987313810487
8319,0.4658226177554986
8320,0.14885633813502663
8321,0.4519605635974172
8322,0.38208172848590816
8323,0.23500978371208947
8324,0.4584670653653682
8325,0.07210541722893526
8326,0.2036173455353154
8327,0.09200505583706997
8328,0.008941157199281458
8329,0.4305516581095006
8330,0.5424379899317606
8331,0.06698506700892082
8332,0.1656822332542558
8333,0.5786065784550245
8334,0.49668113529666014
8335,0.09369029839763177
8336,0.4035016285308507
8337,0.3606467499254421
8338,0.27377815460389876
8339,0.4090194427777155
8340,0.7925208823108977
8341,0.1696397074316025
8342,0.22625123996294083
8343,0.3893684111850002
8344,0.43699844841926805
8345,0.26539756550783045
8346,0.17081020386146606
8347,0.44368230006601683
8348,0.25222089500172884
8349,0.19553920294593385
8350,0.2783124741198556
8351,0.663971905353625
8352,0.1832419091779336
8353,0.37120785229841724
8354,0.5794617245372962
8355,0.12295527330035738
8356,0.3389070868426396
8357,0.1667632953262621
8358,0.09006910145787139
8359,0.4538944281264773
8360,0.2870686882820538
8361,0.461515767428998
8362,0.6001181133740305
8363,0.5087953799898446
8364,0.5082699621349488
8365,0.8935728075686885
8366,0.46647610802897266
8367,0.14601761561121207
8368,0.3633278718964541
8369,0.2476165968673789
8370,0.24130824435537868
8371,0.7654718538929947
8372,0.18558081918705316
8373,0.22445462001172556
8374,0.07504367005895884
8375,0.10202157893020092
8376,0.23845967892784525
8377,0.22928617845063137
8378,0.2847578767199276
8379,0.37183669904077
8380,0.8583329363008431
8381,0.0896477176966225
8382,0.1650084706278312
8383,0.07646000169109046
8384,0.7075710708826775
8385,0.8339874240335102
8386,0.05735040402369562
8387,0.04868798923999251
8388,0.34708295494964914
8389,0.08514407298626159
8390,0.6460483341476004
8391,0.8364187195232347
8392,0.07026692821104008
8393,0.34684294383587344
8394,0.0707509060383269
8395,0.12943002561701566
8396,0.2950002176598471
8397,0.2982853061878261
8398,0.380928343366145
8399,0.598702853721806
8400,0.05906978606461488
8401,0.13520160961295924
8402,0.06825292348955869
8403,0.26268049082431744
8404,0.14476749532072541
8405,0.47955643922680957
8406,0.7345852928211205
8407,0.11123661896824077
8408,0.3592119752287434
8409,0.3232367673523424
8410,0.2424747379488167
8411,0.6279119232264507
8412,0.3772940862964391
8413,0.14190128055221773
8414,0.21115890584522512
8415,0.296805897735395
8416,0.07856141507374814
8417,0.15734056867582957
8418,0.2766628127962041
8419,0.7787463598787946
8420,0.40939127113614016
8421,0.7871256589356084
8422,0.6099559727734507
8423,0.36465159982344575
8424,0.7889466329733007
8425,0.3078239148066778
8426,0.17371957105473101
8427,0.47475280948409493
8428,0.5750450908181133
8429,0.26272388371598376
8430,0.8083842133354997
8431,0.18725321894441216
8432,0.36725758115098395
8433,0.007480120428853709
8434,0.48051783375001145
8435,0.09714697601946864
8436,0.10478961172756196
8437,0.10478961172756196
8438,0.17819839002694882
8439,0.6858981275655838
8440,0.17496859507399687
8441,0.21277508908341403
8442,0.6441862113604795
8443,0.2326566863340197
8444,0.38496670017384427
8445,0.6844516437002359
8446,0.5227808899432203
8447,0.06475225549559305
8448,0.38935960739251596
8449,0.47413102047626177
8450,0.3300888117225972
8451,0.5370678114665122
8452,0.5777848133686758
8453,0.40227602981729615
8454,0.6954306329839439
8455,0.24755413190288422
8456,0.10003100909590545
8457,0.2806571837397115
8458,0.30521281014083457
8459,0.47107500768412747
8460,0.19307936926386093
8461,0.17794789241547082
8462,0.07282390293269114
8463,0.12499281286944897
8464,0.9569677000132575
8465,0.07644147607306517
8466,0.08481012587814851
8467,0.5073749611216937
8468,0.05694269471165492
8469,0.12596459153773643
8470,0.435749972475744
8471,0.6616133612031881
8472,0.11571046345986025
8473,0.11039617908879706
8474,0.4609651120691788
8475,0.2289505689357485
8476,0.5449363594485632
8477,0.3880631691492036
8478,0.14495338331168062
8479,0.07188640970512883
8480,0.11003485709705485
8481,0.22099928601712338
8482,0.09752527977532754
8483,0.13997464216943512
8484,0.29119716407509355
8485,0.04090339244283281
8486,0.08711914434113333
8487,0.39873566368168745
8488,0.1263971503026743
8489,0.08753098182696317
8490,0.03507931677290588
8491,0.8301963759208573
8492,0.08439519818716634
8493,0.057277596017311194
8494,0.1380852287672708
8495,0.25348861501510567
8496,0.2529006882853131
8497,0.07384946212552845
8498,0.030427198952739265
8499,0.03244181755772424
8500,0.030825592940897262
8501,0.030825592940897262
8502,0.030825592940897262
8503,0.027022727648439826
8504,0.03044615545042384
8505,0.026214275640708218
8506,0.038622384236690066
8507,0.038622384236690066
8508,0.038622384236690066
8509,0.06796981779491917
8510,0.033309611323788846
8511,0.038622384236690066
8512,0.038622384236690066
8513,0.038622384236690066
8514,0.038622384236690066
8515,0.038622384236690066
8516,0.024601759850319094
8517,0.027388241818872117
8518,0.027388241818872117
8519,0.027388241818872117
8520,0.027388241818872117
8521,0.027388241818872117
8522,0.027388241818872117
8523,0.009359016799900144
8524,0.039841194026513316
8525,0.024601759850319094
8526,0.041201448259450824
8527,0.038528838359072615
8528,0.038528838359072615
8529,0.08336530948574661
8530,0.02306826395978301
8531,0.02306826395978301
8532,0.009794554070597483
8533,0.02306826395978301
8534,0.02306826395978301
8535,0.02084280570488306
8536,0.02084280570488306
8537,0.02084280570488306
8538,0.008838061931621621
8539,0.02084280570488306
8540,0.02678336319298258
8541,0.03211412570757732
8542,0.02084280570488306
8543,0.02084280570488306
8544,0.03213335301582332
8545,0.03213335301582332
8546,0.03213335301582332
8547,0.03213335301582332
8548,0.03213335301582332
8549,0.03213335301582332
8550,0.03213335301582332
8551,0.03213335301582332
8552,0.03213335301582332
8553,0.03213335301582332
8554,0.030378887846552072
8555,0.007430860723203758
8556,0.012880250477343202
8557,0.008912466369370153
8558,0.03843550999719092
8559,0.046475391925478005
8560,0.03843550999719092
8561,0.03452715601218115
8562,0.03452715601218115
8563,0.03843550999719092
8564,0.03452715601218115
8565,0.033086819413601476
8566,0.023011489412519848
8567,0.023011489412519848
8568,0.023011489412519848
8569,0.00977012145256606
8570,0.023011489412519848
8571,0.023011489412519848
8572,0.010435299249960228
8573,0.03283107702742383
8574,0.022001289381217037
8575,0.00933566039109024
8576,0.022001289381217037
8577,0.025584397889391153
8578,0.012440456488058027
8579,0.055602321656502696
8580,0.009460626059877408
8581,0.03310495169428196
8582,0.049251947081517033
8583,0.026685196300524683
8584,0.018857616098784002
8585,0.016950947342348588
8586,0.03701825704975226
8587,0.03936443049605465
8588,0.022339379403815585
8589,0.04100262744854455
8590,0.03834239868910816
8591,0.03834239868910816
8592,0.01820887377845759
8593,0.0094748919783596
8594,0.04133836600056562
8595,0.016200211397757514
8596,0.02169367849563064
8597,0.026655689508787273
8598,0.05192132248934356
8599,0.05192132248934356
8600,0.03766399958986644
8601,0.048163061332146095
8602,0.02074010200448695
8603,0.02074010200448695
8604,0.02074010200448695
8605,0.0775047460061804
8606,0.025637553916870948
8607,0.02183373093126517
8608,0.02183373093126517
8609,0.008805061377558765
8610,0.024601808466631292
8611,0.02183373093126517
8612,0.02183373093126517
8613,0.044769025881374436
8614,0.027606159837456068
8615,0.02414595677916964
8616,0.009586208219034331
8617,0.06845797180937807
8618,0.029918884360531695
8619,0.03753361427959301
8620,0.02072547054228313
8621,0.14664376386333378
8622,0.02072547054228313
8623,0.02072547054228313
8624,0.008787701289014627
8625,0.041294767431678925
8626,0.02072547054228313
8627,0.02072547054228313
8628,0.04904245372358629
8629,0.027882771355015712
8630,0.03422189324505165
8631,0.08679302808478084
8632,0.05317237267419617
8633,0.04090356175679333
8634,0.03435938834292818
8635,0.0398722781484635
8636,0.0174517592392599
8637,0.05317237267419617
8638,0.027551889257494078
8639,0.038249503973655785
8640,0.038249503973655785
8641,0.038249503973655785
8642,0.02303580463526833
8643,0.03175258081468668
8644,0.02303580463526833
8645,0.02303580463526833
8646,0.02303580463526833
8647,0.02303580463526833
8648,0.02303580463526833
8649,0.02303580463526833
8650,0.02303580463526833
8651,0.02303580463526833
8652,0.02303580463526833
8653,0.02303580463526833
8654,0.057837025790047014
8655,0.012012286465338473
8656,0.0758510621244366
8657,0.0680680714791373
8658,0.05347368604870273
8659,0.03149440515720392
8660,0.021893004845295994
8661,0.021893004845295994
8662,0.039521059020312
8663,0.03149440515720392
8664,0.03149440515720392
8665,0.021893004845295994
8666,0.021893004845295994
8667,0.03149440515720392
8668,0.017012987679125846
8669,0.052803817781258755
8670,0.03248311820141747
8671,0.04458621773500049
8672,0.07030768762646855
8673,0.03149440515720392
8674,0.04046217505716532
8675,0.058765266641670366
8676,0.007430860723203758
8677,0.047936617402034365
8678,0.046742712413295195
8679,0.01986272856053528
8680,0.04781106701271909
8681,0.04781106701271909
8682,0.06726488932105001
8683,0.05881566946763006
8684,0.09255714261060255
8685,0.0390179271228992
8686,0.03904981958436926
8687,0.02591329001193654
8688,0.03721075118934647
8689,0.02624188420530138
8690,0.026232678208162996
8691,0.02619588563560571
8692,0.02414595677916964
8693,0.07076626584072665
8694,0.045656505957323845
8695,0.12835377340224707
8696,0.02068893607592437
8697,0.02068893607592437
8698,0.02068893607592437
8699,0.02068893607592437
8700,0.02068893607592437
8701,0.02068893607592437
8702,0.02068893607592437
8703,0.033237881074671405
8704,0.07670147048903742
8705,0.02697451537674611
8706,0.07365109216131926
8707,0.015658129146142508
8708,0.05858061173423723
8709,0.06844667237262259
8710,0.05228388246366511
8711,0.07776449003134589
8712,0.12018763618626582
8713,0.07852786128017186
8714,0.045050931479080236
8715,0.04815329776907418
8716,0.045050931479080236
8717,0.045050931479080236
8718,0.04815329776907418
8719,0.045050931479080236
8720,0.04815329776907418
8721,0.045050931479080236
8722,0.05748613849155071
8723,0.05748613849155071
8724,0.045050931479080236
8725,0.045050931479080236
8726,0.045050931479080236
8727,0.045050931479080236
8728,0.05748613849155071
8729,0.045050931479080236
8730,0.04815329776907418
8731,0.01290010102769279
8732,0.01290010102769279
8733,0.04056745713092158
8734,0.06687480825335756
8735,0.0827983888574717
8736,0.054924937434055354
8737,0.08401427020083052
8738,0.044197249774065805
8739,0.022841983210164174
8740,0.026558288276555486
8741,0.023149607770293956
8742,0.022841983210164174
8743,0.028493812574095334
8744,0.03606792871196152
8745,0.022841983210164174
8746,0.038156825390433524
8747,0.03985848615881049
8748,0.03985848615881049
8749,0.062185423503771764
8750,0.038156825390433524
8751,0.1205517426267727
8752,0.03985848615881049
8753,0.038156825390433524
8754,0.02742916672394513
8755,0.10317556812969708
8756,0.03039290164339936
8757,0.07502526459127323
8758,0.07502526459127323
8759,0.094883708387897725
8760,0.052877573469818806
8761,0.038168539385374456
8762,0.08517142910065056
8763,0.0784894748825532
8764,0.07979604139225005
8765,0.06285667998130362
8766,0.021839058130607936
8767,0.021839058130607936
8768,0.025396431905186256
8769,0.031417559502921355
8770,0.031417559502921355
8771,0.06842783754586124
8772,0.021839058130607936
8773,0.021839058130607936
8774,0.031417559502921355
8775,0.03176171186079613
8776,0.031417559502921355
8777,0.14309121767692434
8778,0.03874364481809123
8779,0.027140271979829822
8780,0.1604407495090171
8781,0.03848259243725549
8782,0.08707388720600984
8783,0.028166996892320495
8784,0.028166996892320495
8785,0.04306997740798624
8786,0.021839058130607936
8787,0.03259165118370788
8788,0.0634711402877487
8789,0.05858061173423723
8790,0.04044175912096992
8791,0.07807813294729105
8792,0.0456588775731811
8793,0.08575246490484056
8794,0.059664368322396966
8795,0.04915348859638702
8796,0.08440138069060465
8797,0.04911550178221846
8798,0.04074554812691422
8799,0.06609798726120963
8800,0.026522143258182695
8801,0.02632309312585579
8802,0.02719375444600447
8803,0.026522143258182695
8804,0.05838599176053061
8805,0.061862680005320025
8806,0.03734005844156929
8807,0.1287766195615082
8808,0.10974859235655365
8809,0.08751266272569969
8810,0.059033877743797425
8811,0.13466837797041142
8812,0.17514720016329977
8813,0.0427777187823275
8814,0.1581072854216452
8815,0.18222527158877844
8816,0.056890415292070284
8817,0.03350569328339814
8818,0.11519599906250799
8819,0.11541536514248552
8820,0.017350966341993623
8821,0.047337988828848765
8822,0.17514720016329977
8823,0.04017801067053728
8824,0.028463033804957738
8825,0.0399136815675758
8826,0.038064362479809155
8827,0.03419240698793591
8828,0.03419240698793591
8829,0.11541536514248552
8830,0.019803965853291472
8831,0.03057790216538747
8832,0.09724224823540895
8833,0.08573501225142233
8834,0.01841177768238167
8835,0.07534612795084106
8836,0.07403241828405671
8837,0.0506415162085645
8838,0.021785241385674836
8839,0.021785241385674836
8840,0.021785241385674836
8841,0.021785241385674836
8842,0.021785241385674836
8843,0.021785241385674836
8844,0.03502519558587214
8845,0.050073766052503355
8846,0.03866264543351716
8847,0.03866264543351716
8848,0.07106389674010116
8849,0.020356132858870724
8850,0.02068931113971406
8851,0.02068931113971406
8852,0.020356132858870724
8853,0.020356132858870724
8854,0.1265526293892818
8855,0.08804569984174915
8856,0.11028231588662729
8857,0.02068931113971406
8858,0.024064009517860696
8859,0.07633362643309582
8860,0.030742471733740007
8861,0.045437205712381745
8862,0.030742471733740007
8863,0.03172442937965758
8864,0.02058697463257797
8865,0.02058697463257797
8866,0.067874919027482
8867,0.02058697463257797
8868,0.03468316322175702
8869,0.06703742273597035
8870,0.036780493422871596
8871,0.11263280983594182
8872,0.04801611237354764
8873,0.027408806933906127
8874,0.0916236103832464
8875,0.09406166800026206
8876,0.0401489322795614
8877,0.08804569984174915
8878,0.047868092005090124
8879,0.08668145810635852
8880,0.21687412663076822
8881,0.08668145810635852
8882,0.04670649717880726
8883,0.03934363105224914
8884,0.0379721147829184
8885,0.0379721147829184
8886,0.0379721147829184
8887,0.0379721147829184
8888,0.08675868909089557
8889,0.036182336019931594
8890,0.04199392476567676
8891,0.02999343360608453
8892,0.009019641815380286
8893,0.029519493848518708
8894,0.09656730746103526
8895,0.07188880637803263
8896,0.06381939550287885
8897,0.04620719476925517
8898,0.042698677995030354
8899,0.025580137511721834
8900,0.025580137511721834
8901,0.025580137511721834
8902,0.040566815488956354
8903,0.025580137511721834
8904,0.025580137511721834
8905,0.040566815488956354
8906,0.058724558231407986
8907,0.009334079874572798
8908,0.040566815488956354
8909,0.05560553733797147
8910,0.05245068477417769
8911,0.04192288428122781
8912,0.060705088424151565
8913,0.02677661699122247
8914,0.02679094696991624
8915,0.03316877118413353
8916,0.059283001224315846
8917,0.05704039044199627
8918,0.027601920108747735
8919,0.04225309778566899
8920,0.28235201708824753
8921,0.03660481911070501
8922,0.008839721396926126
8923,0.33325811928565297
8924,0.07189755211762172
8925,0.049438445706444845
8926,0.057093243638043356
8927,0.026694556749224496
8928,0.10402732784063295
8929,0.019724149089610732
8930,0.02840199553106315
8931,0.019724149089610732
8932,0.04226768189162211
8933,0.04199902571159231
8934,0.07526348730968024
8935,0.042464662490871885
8936,0.049880216617677386
8937,0.040626774749856875
8938,0.2531956036746623
8939,0.10403362001008654
8940,0.045037620434400294
8941,0.0310727968995671
8942,0.10400003833724225
8943,0.019413273274324627
8944,0.08773833664046227
8945,0.20374794937301965
8946,0.052411033901770376
8947,0.042956159344777034
8948,0.05006999639187615
8949,0.05006999639187615
8950,0.1382530538249035
8951,0.019413273274324627
8952,0.06251951712985893
8953,0.14739506729495955
8954,0.07255202609442313
8955,0.04047914496484817
8956,0.1412556891487029
8957,0.03693393270352885
8958,0.033019134218024715
8959,0.17639202929622233
8960,0.04422965958723668
8961,0.11104839720074933
8962,0.11115515340626014
8963,0.12682404567422567
8964,0.09016700014346746
8965,0.2970911081450538
8966,0.04415839746519745
8967,0.056046095876362556
8968,0.049914409128006265
8969,0.02314146080363677
8970,0.02314146080363677
8971,0.07149588446540711
8972,0.0326060637388621
8973,0.0285779482631221
8974,0.0285779482631221
8975,0.0285779482631221
8976,0.0285779482631221
8977,0.0285779482631221
8978,0.0285779482631221
8979,0.0285779482631221
8980,0.0285779482631221
8981,0.0285779482631221
8982,0.0285779482631221
8983,0.034960174098175645
8984,0.009773428973818832
8985,0.0285779482631221
8986,0.0285779482631221
8987,0.0285779482631221
8988,0.0285779482631221
8989,0.0285779482631221
8990,0.0285779482631221
8991,0.018782971729324194
8992,0.04373586154926834
8993,0.04373586154926834
8994,0.1187469462541173
8995,0.1342209397767561
8996,0.11878465843191688
8997,0.06230613512595451
8998,0.1395840001527784
8999,0.041087414406738354
9000,0.0703623876049343
9001,0.10919962848704734
9002,0.027865253963239467
9003,0.10686236926156878
9004,0.0910461691496618
9005,0.08686328367038765
9006,0.04883212465649789
9007,0.06673243122058325
9008,0.040641975143735354
9009,0.02660823820833791
9010,0.040993830927754216
9011,0.05957719377483117
9012,0.05858061173423723
9013,0.04984226061258701
9014,0.04266252018900352
9015,0.041152997306056704
9016,0.06453541004923269
9017,0.05858061173423723
9018,0.04671260653895648
9019,0.05418082382458256
9020,0.042888534167611625
9021,0.026472028456634544
9022,0.05957719377483117
9023,0.04984226061258701
9024,0.08486379893860851
9025,0.06986601548142868
9026,0.040441502529767415
9027,0.07147852851865655
9028,0.03825402201973638
9029,0.020485505175218077
9030,0.032060068526360896
9031,0.058532061714616446
9032,0.020485505175218077
9033,0.020485505175218077
9034,0.03893258085778317
9035,0.03893258085778317
9036,0.020485505175218077
9037,0.04555762172383182
9038,0.03893258085778317
9039,0.03825402201973638
9040,0.03825402201973638
9041,0.020485505175218077
9042,0.008684728996242841
9043,0.049436183142826606
9044,0.048600469021522485
9045,0.17291605726097958
9046,0.040790133143417506
9047,0.17286453052958595
9048,0.050895482908484224
9049,0.01829813628914867
9050,0.07078996414572991
9051,0.05152484730933582
9052,0.0403518934719993
9053,0.04259672159683947
9054,0.05997232166038802
9055,0.1052869566092215
9056,0.15060421526022294
9057,0.0651027448961089
9058,0.15666762787353317
9059,0.12395290796347247
9060,0.033154319366487495
9061,0.10646407312443817
9062,0.010811426558577697
9063,0.025028765433232292
9064,0.034302668086839794
9065,0.020969215653441675
9066,0.024440746823604198
9067,0.03516640956469208
9068,0.020969215653441675
9069,0.020969215653441675
9070,0.038976352351919985
9071,0.048138311548448165
9072,0.025028765433232292
9073,0.019130265979798833
9074,0.019130265979798833
9075,0.0445783280764801
9076,0.019130265979798833
9077,0.03862694455855342
9078,0.0445783280764801
9079,0.025028765433232292
9080,0.019130265979798833
9081,0.025028765433232292
9082,0.025028765433232292
9083,0.07448718103741059
9084,0.07277740585720405
9085,0.0445783280764801
9086,0.025028765433232292
9087,0.0881427137999159
9088,0.025028765433232292
9089,0.011174184674480836
9090,0.010785802827188107
9091,0.10464751088451729
9092,0.08645611293815036
9093,0.0445783280764801
9094,0.019130265979798833
9095,0.07215560381261898
9096,0.026632259284456783
9097,0.0508085127823652
9098,0.057647980912334695
9099,0.26361995092804513
9100,0.03481497507828468
9101,0.04979492985017697
9102,0.022617870700390563
9103,0.02629869482672942
9104,0.022617870700390563
9105,0.022617870700390563
9106,0.022617870700390563
9107,0.02629869482672942
9108,0.022617870700390563
9109,0.022617870700390563
9110,0.11911674201724454
9111,0.0794096470700042
9112,0.028608117302351133
9113,0.0371055755046209
9114,0.05567323659482559
9115,0.09116141299315272
9116,0.03348767083508819
9117,0.03348767083508819
9118,0.13192413665066127
9119,0.07533595258362236
9120,0.06661929472987127
9121,0.038568872887871364
9122,0.02662910061040802
9123,0.026868837722656358
9124,0.03393186745652277
9125,0.06724198484075872
9126,0.3750296053195482
9127,0.02614336739549028
9128,0.08287522072314113
9129,0.08504515052829109
9130,0.05791021852824829
9131,0.06119449485754003
9132,0.08287522072314113
9133,0.13893352791447888
9134,0.19941148255260244
9135,0.13181731358876758
9136,0.02043495423136299
9137,0.02043495423136299
9138,0.02043495423136299
9139,0.02043495423136299
9140,0.008663040627918561
9141,0.02043495423136299
9142,0.1007357091978448
9143,0.10013428124398838
9144,0.02043495423136299
9145,0.02043495423136299
9146,0.030517796765512806
9147,0.02043495423136299
9148,0.04702493757419379
9149,0.10336853202393181
9150,0.06969045731991064
9151,0.02336002404725579
9152,0.05439461990828687
9153,0.039896118790578416
9154,0.03714942742384664
9155,0.12679289236850733
9156,0.12687270246496596
9157,0.13996639840200353
9158,0.029143077469373058
9159,0.0993030020856398
9160,0.028717922927529727
9161,0.028717922927529727
9162,0.029143077469373058
9163,0.028717922927529727
9164,0.028717922927529727
9165,0.022513199954780294
9166,0.06418601667002888
9167,0.022513199954780294
9168,0.028717922927529727
9169,0.1033972049158256
9170,0.027640311937291995
9171,0.04410072377371732
9172,0.045630161044198925
9173,0.04410072377371732
9174,0.045630161044198925
9175,0.04410072377371732
9176,0.044511469938146586
9177,0.044511469938146586
9178,0.044511469938146586
9179,0.044511469938146586
9180,0.04757853789096789
9181,0.044511469938146586
9182,0.044511469938146586
9183,0.044511469938146586
9184,0.044511469938146586
9185,0.044511469938146586
9186,0.044511469938146586
9187,0.044511469938146586
9188,0.044511469938146586
9189,0.044511469938146586
9190,0.0372019162303624
9191,0.044511469938146586
9192,0.044511469938146586
9193,0.044511469938146586
9194,0.044511469938146586
9195,0.044511469938146586
9196,0.06752464976196293
9197,0.07425153821307584
9198,0.048130041634670606
9199,0.12160847269329589
9200,0.035434040673045786
9201,0.12637098175004724
9202,0.0372019162303624
9203,0.044511469938146586
9204,0.046125001328507276
9205,0.06096852289095778
9206,0.0275013864732786
9207,0.029241714763134197
9208,0.00957682079375144
9209,0.07914663213847906
9210,0.022562179039801067
9211,0.022562179039801067
9212,0.08080046326171697
9213,0.049944263355941376
9214,0.03496017682801644
9215,0.033850492594137416
9216,0.033850492594137416
9217,0.053463529515495156
9218,0.02927919305218929
9219,0.04408374234332879
9220,0.07361776577727863
9221,0.08143092024339893
9222,0.06321924385145983
9223,0.12478834856430876
9224,0.028463904054744305
9225,0.02284786131036698
9226,0.02284786131036698
9227,0.12056232494230723
9228,0.06103044019839898
9229,0.02284786131036698
9230,0.02809852837946747
9231,0.02284786131036698
9232,0.02284786131036698
9233,0.0637877476702734
9234,0.1190868723759555
9235,0.11934706256882466
9236,0.03424124025244757
9237,0.06012923307196549
9238,0.02624883842457426
9239,0.03572627642935511
9240,0.009559869745399352
9241,0.009559869745399352
9242,0.03519087494015616
9243,0.05153894283651772
9244,0.0620583511254269
9245,0.05856230767509485
9246,0.020384525433284173
9247,0.020384525433284173
9248,0.03141596926128243
9249,0.020384525433284173
9250,0.020384525433284173
9251,0.020384525433284173
9252,0.020384525433284173
9253,0.020384525433284173
9254,0.020384525433284173
9255,0.020384525433284173
9256,0.020384525433284173
9257,0.020384525433284173
9258,0.1350097906605755
9259,0.1350097906605755
9260,0.09794432565935907
9261,0.1350097906605755
9262,0.1350097906605755
9263,0.1350097906605755
9264,0.1350097906605755
9265,0.1350097906605755
9266,0.1350097906605755
9267,0.1350097906605755
9268,0.1350097906605755
9269,0.1350097906605755
9270,0.180237923677676
9271,0.06279540802514005
9272,0.04463283090667758
9273,0.04152245645182662
9274,0.04152245645182662
9275,0.04152245645182662
9276,0.04152245645182662
9277,0.04152245645182662
9278,0.04152245645182662
9279,0.05921141033937227
9280,0.04152245645182662
9281,0.04152245645182662
9282,0.04776990666787129
9283,0.011400738402136512
9284,0.009013202650543062
9285,0.2972385122018588
9286,0.1595981104210349
9287,0.22870186264281944
9288,0.1595981104210349
9289,0.1595981104210349
9290,0.22870186264281944
9291,0.1595981104210349
9292,0.15985371105926027
9293,0.09528569045957713
9294,0.15985371105926027
9295,0.06802594204657342
9296,0.13933831500662797
9297,0.021546809716858517
9298,0.021546809716858517
9299,0.008045561480890528
9300,0.008045561480890528
9301,0.008681208387877781
9302,0.008045561480890528
9303,0.008045561480890528
9304,0.004006694503261743
9305,0.06651753012127593
9306,0.009190408692636431
9307,0.009361483353346967
9308,0.009361483353346967
9309,0.07123662201232284
9310,0.038597337673509924
9311,0.03975102185502022
9312,0.05124562921232445
9313,0.02165657284331346
9314,0.044621182722293984
9315,0.044621182722293984
9316,0.044621182722293984
9317,0.044621182722293984
9318,0.017316151136635427
9319,0.044621182722293984
9320,0.044621182722293984
9321,0.044621182722293984
9322,0.044621182722293984
9323,0.019870661330503414
9324,0.044621182722293984
9325,0.044621182722293984
9326,0.04490582588104797
9327,0.044621182722293984
9328,0.044621182722293984
9329,0.044621182722293984
9330,0.044621182722293984
9331,0.044621182722293984
9332,0.044621182722293984
9333,0.044621182722293984
9334,0.044621182722293984
9335,0.044621182722293984
9336,0.026268014417278218
9337,0.026268014417278218
9338,0.030176933138932993
9339,0.05628942822380889
9340,0.03979861506512394
9341,0.03954968557593952
9342,0.021346983354524007
9343,0.020018043324233403
9344,0.028821389975964395
9345,0.020018043324233403
9346,0.03545737187321396
9347,0.06130959304195871
9348,0.03714620820626646
9349,0.03714620820626646
9350,0.009752527763328578
9351,0.03714620820626646
9352,0.04526415827845587
9353,0.06736348187204355
9354,0.01770385917945705
9355,0.04545365992728467
9356,0.05801056369835411
9357,0.009937574097229729
9358,0.00844301149111093
9359,0.00844301149111093
9360,0.009109770922727467
9361,0.00844301149111093
9362,0.0032559423640438068
9363,0.00844301149111093
9364,0.009937574097229729
9365,0.009109770922727467
9366,0.00844301149111093
9367,0.078264059103483
9368,0.022305656865981516
9369,0.024997605809603973
9370,0.057331886968942425
9371,0.00739235580298736
9372,0.0381451843709667
9373,0.02028403314567684
9374,0.02028403314567684
9375,0.02920086876664918
9376,0.02028403314567684
9377,0.02028403314567684
9378,0.0059832566882156435
9379,0.0059832566882156435
9380,0.008555290436496943
9381,0.0059832566882156435
9382,0.008555290436496943
9383,0.0059832566882156435
9384,0.03543018325769509
9385,0.03713846751138339
9386,0.024344741732466257
9387,0.03125155458741746
9388,0.024344741732466257
9389,0.024344741732466257
9390,0.02418582073173925
9391,0.022305736005158394
9392,0.009785072040879306
9393,0.016793477267776025
9394,0.022305736005158394
9395,0.009785072040879306
9396,0.022305736005158394
9397,0.022305736005158394
9398,0.009785072040879306
9399,0.009785072040879306
9400,0.016793477267776025
9401,0.009785072040879306
9402,0.022305736005158394
9403,0.016793477267776025
9404,0.022305736005158394
9405,0.016248880630001628
9406,0.009785072040879306
9407,0.03561214371550925
9408,0.05051004004533144
9409,0.02675736125826822
9410,0.02675736125826822
9411,0.02675736125826822
9412,0.025655115054791566
9413,0.025792168954731354
9414,0.025792168954731354
9415,0.02675736125826822
9416,0.025792168954731354
9417,0.025792168954731354
9418,0.025792168954731354
9419,0.025792168954731354
9420,0.02158648354543824
9421,0.02158648354543824
9422,0.02158648354543824
9423,0.02158648354543824
9424,0.02158648354543824
9425,0.02158648354543824
9426,0.02158648354543824
9427,0.1011280535056347
9428,0.05519426660321125
9429,0.1011280535056347
9430,0.31194266431467255
9431,0.028228180475975084
9432,0.05372970925952392
9433,0.037223684132889234
9434,0.0631078223632564
9435,0.04787461618614186
9436,0.03243354306612567
9437,0.03243354306612567
9438,0.031050660811481223
9439,0.03999685087626548
9440,0.03999685087626548
9441,0.04705651677180667
9442,0.03999685087626548
9443,0.03999685087626548
9444,0.031050660811481223
9445,0.03862048164927867
9446,0.06622790506573117
9447,0.0476131203604262
9448,0.04115385935201887
9449,0.04952659839358442
9450,0.07150365401659708
9451,0.04408434059301636
9452,0.03684222434292961
9453,0.03684222434292961
9454,0.04408434059301636
9455,0.04408434059301636
9456,0.04408434059301636
9457,0.04408434059301636
9458,0.04408434059301636
9459,0.04408434059301636
9460,0.04408434059301636
9461,0.04408434059301636
9462,0.04408434059301636
9463,0.04408434059301636
9464,0.04408434059301636
9465,0.04408434059301636
9466,0.03684222434292961
9467,0.04408434059301636
9468,0.027057854041907636
9469,0.04408434059301636
9470,0.04408434059301636
9471,0.04408434059301636
9472,0.04408434059301636
9473,0.06850185697063682
9474,0.09029068858743572
9475,0.07010140920616781
9476,0.09029068858743572
9477,0.06850185697063682
9478,0.06132021467012638
9479,0.03214365236951311
9480,0.10978013880689674
9481,0.10978013880689674
9482,0.07193341064085612
9483,0.06906559573966131
9484,0.045527100668952825
9485,0.030229260933071656
9486,0.05096950729220062
9487,0.030229260933071656
9488,0.045848761664351256
9489,0.05821821870370614
9490,0.03233880025320501
9491,0.048550958306215586
9492,0.048550958306215586
9493,0.07254943109791945
9494,0.029153087209690787
9495,0.008870823706371711
9496,0.008870823706371711
9497,0.008870823706371711
9498,0.008870823706371711
9499,0.008870823706371711
9500,0.008870823706371711
9501,0.008870823706371711
9502,0.008870823706371711
9503,0.08365062202986784
9504,0.008870823706371711
9505,0.008870823706371711
9506,0.008870823706371711
9507,0.008870823706371711
9508,0.008870823706371711
9509,0.008870823706371711
9510,0.03901309212952997
9511,0.052318929037359796
9512,0.049892118182834344
9513,0.040045397028036445
9514,0.040045397028036445
9515,0.05301987382527329
9516,0.03150623231059546
9517,0.03572360208644021
9518,0.17496503058277268
9519,0.046077463984865896
9520,0.007912923108030712
9521,0.007912923108030712
9522,0.007912923108030712
9523,0.007912923108030712
9524,0.007912923108030712
9525,0.007912923108030712
9526,0.007912923108030712
9527,0.011455020112248304
9528,0.007912923108030712
9529,0.010329845845575392
9530,0.007912923108030712
9531,0.011455020112248304
9532,0.007912923108030712
9533,0.011455020112248304
9534,0.007912923108030712
9535,0.011455020112248304
9536,0.011455020112248304
9537,0.007912923108030712
9538,0.007912923108030712
9539,0.007912923108030712
9540,0.007912923108030712
9541,0.011455020112248304
9542,0.007912923108030712
9543,0.007912923108030712
9544,0.007912923108030712
9545,0.011455020112248304
9546,0.007912923108030712
9547,0.03015040808727687
9548,0.030679092828498677
9549,0.03015040808727687
9550,0.05787092117538706
9551,0.031906929130601
9552,0.021427243942056418
9553,0.021427243942056418
9554,0.021427243942056418
9555,0.01947074954070882
9556,0.013934783508038895
9557,0.03840288007436998
9558,0.07947276980165618
9559,0.030093726151946276
9560,0.020421536221306935
9561,0.030093726151946276
9562,0.020421536221306935
9563,0.020421536221306935
9564,0.01977213121990018
9565,0.01977213121990018
9566,0.018285690810140975
9567,0.023957270637150252
9568,0.03461225458043149
9569,0.05307366280583137
9570,0.011863497356783048
9571,0.0033336576263970352
9572,0.004305752138869856
9573,0.005559728149057586
9574,0.004305752138869856
9575,0.006243316593392723
9576,0.0032746176210630695
9577,0.004305752138869856
9578,0.0032746176210630695
9579,0.004305752138869856
9580,0.004305752138869856
9581,0.004305752138869856
9582,0.0032746176210630695
9583,0.0032746176210630695
9584,0.004305752138869856
9585,0.004305752138869856
9586,0.004229569128983424
9587,0.01020930519515173
9588,0.005559728149057586
9589,0.004201625037457912
9590,0.007003213600040192
9591,0.0032746176210630695
9592,0.0032746176210630695
9593,0.004750391027921519
9594,0.0071289978315633995
9595,0.03579468426900445
9596,0.004201625037457912
9597,0.06130600665790431
9598,0.03646040505758763
9599,0.01722153941142479
9600,0.01722763902071678
9601,0.04506871930068834
9602,0.04856865346347705
9603,0.0292543507603108
9604,0.0292543507603108
9605,0.04194569606756937
9606,0.0292543507603108
9607,0.0292543507603108
9608,0.04653080048464042
9609,0.0292543507603108
9610,0.0292543507603108
9611,0.0292543507603108
9612,0.0292543507603108
9613,0.0292543507603108
9614,0.0292543507603108
9615,0.0292543507603108
9616,0.0292543507603108
9617,0.0292543507603108
9618,0.0292543507603108
9619,0.0292543507603108
9620,0.0292543507603108
9621,0.0292543507603108
9622,0.037500524189685414
9623,0.0292543507603108
9624,0.0292543507603108
9625,0.0292543507603108
9626,0.029443988401657184
9627,0.03726098953015955
9628,0.03726098953015955
9629,0.03726098953015955
9630,0.03726098953015955
9631,0.03726098953015955
9632,0.03726098953015955
9633,0.05477985920843831
9634,0.07765898896514778
9635,0.06000571732522453
9636,0.06927404874377796
9637,0.04317759783577124
9638,0.05355667568107436
9639,0.023439944898422382
9640,0.022135952722662555
9641,0.022135952722662555
9642,0.022135952722662555
9643,0.022135952722662555
9644,0.0318404318555614
9645,0.029909135106500173
9646,0.029909135106500173
9647,0.022135952722662555
9648,0.022135952722662555
9649,0.015459107846789055
9650,0.022883798117626086
9651,0.051653653213556416
9652,0.07375740327359348
9653,0.12128674706966402
9654,0.03821702568503016
9655,0.022234547032911056
9656,0.022234547032911056
9657,0.022234547032911056
9658,0.022234547032911056
9659,0.022234547032911056
9660,0.03317525729161064
9661,0.03838258404599382
9662,0.043588354340210245
9663,0.004599051434174051
9664,0.037869522219606266
9665,0.004599051434174051
9666,0.004599051434174051
9667,0.004599051434174051
9668,0.004599051434174051
9669,0.035914283524865476
9670,0.024062600426082437
9671,0.05703298979256588
9672,0.05473579313059518
9673,0.040294660131509286
9674,0.036759273617890886
9675,0.026798205967512922
9676,0.03109224208550654
9677,0.04486471977937234
9678,0.09440377465482086
9679,0.027232313530840213
9680,0.019879525500606343
9681,0.03557561895267258
9682,0.029501660082914882
9683,0.011792313881022864
9684,0.03257390348292877
9685,0.009591253266362454
9686,0.026571850793306595
9687,0.0298399248523068
9688,0.038237684738797406
9689,0.04760429296749835
9690,0.07710941346472433
9691,0.047809467272649675
9692,0.05265291620673784
9693,0.042471595935758555
9694,0.23878893561663628
9695,0.025926685933137295
9696,0.03029587859392524
9697,0.08872419649366814
9698,0.09403691018986626
9699,0.0666815132325006
9700,0.22427130300149667
9701,0.058741109347554055
9702,0.12238481875594709
9703,0.09385335764114
9704,0.07529180285889547
9705,0.017043883257574444
9706,0.050657285883067615
9707,0.13480011640050304
9708,0.002467908797231355
9709,0.002467908797231355
9710,0.002467908797231355
9711,0.048385653276177165
9712,0.002205210553997028
9713,0.002205210553997028
9714,0.06487251845776798
9715,0.07078996414572991
9716,0.08580885945247141
9717,0.001722280110208585
9718,0.001722280110208585
9719,0.23677211361542272
9720,0.001722280110208585
9721,0.10898140413366075
9722,0.07950696237407007
9723,0.09832463949052317
9724,0.06984146743254305
9725,0.09776782170041365
9726,0.10062653384984754
9727,0.1367591552631019
9728,0.12311824478144084
9729,0.08528482392655046
9730,0.07324759835141903
9731,0.05506216943949671
9732,0.1775309363235814
9733,0.07630506057973307
9734,0.03966475623092891
9735,0.027457053164741896
9736,0.028901899221393856
9737,0.05416096857913677
9738,0.04244082162945595
9739,0.03421316108512207
9740,0.04121530646345706
9741,0.03922545226889351
9742,0.0319413422258501
9743,0.025771399908650072
9744,0.029918868179552915
9745,0.09740536960666035
9746,0.026198272145138923
9747,0.06242775462400263
9748,0.024034299982726326
9749,0.03926969780276546
9750,0.048422547631584156
9751,0.03905123667603061
9752,0.039521059020312
9753,0.047318457969525274
9754,0.03681605220289963
9755,0.04705030469773508
9756,0.027187882543011632
9757,0.06918197860465658
9758,0.03763788775827748
9759,0.04083818970977415
9760,0.11658575640201974
9761,0.031450349445589665
9762,0.030951779309810412
9763,0.030951779309810412
9764,0.04434587596299078
9765,0.032608852788427956
9766,0.02624188420530138
9767,0.04308123166256983
9768,0.03536891029653422
9769,0.03904981958436926
9770,0.032687689472141734
9771,0.03447101029511568
9772,0.026872412274805968
9773,0.03362368254277881
9774,0.029557683116535838
9775,0.02901129808441283
9776,0.021888207575179064
9777,0.02769198012518359
9778,0.08307243016610777
9779,0.07983639445705548
9780,0.04955448806335705
9781,0.028548214689373852
9782,0.02216059344625254
9783,0.018394258589624513
9784,0.04633476014283011
9785,0.02356993071066049
9786,0.04100044862001795
9787,0.016807326720252536
9788,0.035177636813572
9789,0.04689440731419814
9790,0.06666772107681784
9791,0.05484168380889032
9792,0.0568126363994268
9793,0.04918332071443843
9794,0.04691815685226919
9795,0.0375075893188388
9796,0.060858941378312714
9797,0.030015009447369456
9798,0.037062545821486936
9799,0.041818045217170696
9800,0.05202332769987661
9801,0.05573599098322635
9802,0.025613143295141083
9803,0.008364382113587143
9804,0.010787557970478034
9805,0.008364382113587143
9806,0.010787557970478034
9807,0.010787557970478034
9808,0.010787557970478034
9809,0.010787557970478034
9810,0.010787557970478034
9811,0.019287921483938764
9812,0.0083093479287083
9813,0.0083093479287083
9814,0.0083093479287083
9815,0.0083093479287083
9816,0.013811922190726689
9817,0.0083093479287083
9818,0.010787557970478034
9819,0.013735366951198702
9820,0.0083093479287083
9821,0.0083093479287083
9822,0.06860179890745688
9823,0.04234449553099917
9824,0.013989477085550206
9825,0.14043458182491153
9826,0.07282178923310323
9827,0.057238896940914774
9828,0.038201058165803214
9829,0.05497720556183783
9830,0.02590812739426296
9831,0.00901642166336769
9832,0.04019385364987638
9833,0.04056348820748357
9834,0.03502191699080115
9835,0.029379860949118042
9836,0.03667890238836391
9837,0.035050166527174076
9838,0.09421364333421589
9839,0.047220976076739696
9840,0.04024474019431512
9841,0.057179077604045725
9842,0.02780248688352438
9843,0.03521434410791957
9844,0.07581923646646394
9845,0.03029204023005616
9846,0.02832423210795265
9847,0.051528907087302844
9848,0.11442096148042069
9849,0.030313018262863034
9850,0.028179163920985517
9851,0.03752300514162943
9852,0.044437695514697895
9853,0.030623159570765668
9854,0.24323502378519957
9855,0.011221530445144845
9856,0.03867638581928967
9857,0.04773465363901175
9858,0.050895056575729236
9859,0.031235834213697466
9860,0.032497853780481645
9861,0.025913757280377814
9862,0.025842755626550362
9863,0.02893304883417358
9864,0.033968653639755764
9865,0.0298277908524045
9866,0.03457121286114251
9867,0.022832160240760513
9868,0.0231643415012468
9869,0.017351296719358977
9870,0.02819526840941733
9871,0.043176264152847366
9872,0.023564710933991817
9873,0.04235211345570977
9874,0.041131211456662875
9875,0.024205078019532644
9876,0.024082197083198587
9877,0.023955495303428775
9878,0.030580402523052164
9879,0.03296402631574269
9880,0.03296402631574269
9881,0.0498742007821934
9882,0.03571358958256554
9883,0.02550273793017821
9884,0.044091001303081856
9885,0.0307799721736296
9886,0.03060611073619013
9887,0.01995188653068447
9888,0.04604266629570708
9889,0.04465867518397182
9890,0.0396624232567484
9891,0.03709569571796856
9892,0.028324989204012607
9893,0.05309594918457239
9894,0.04002737443686555
9895,0.034940582972273315
9896,0.02717639438527153
9897,0.03091377275330176
9898,0.026577650404443598
9899,0.04253361533397604
9900,0.02706986533526423
9901,0.03566635092699255
9902,0.03601499199304514
9903,0.026298047572040573
9904,0.044505590744365886
9905,0.06291238272799793
9906,0.04582307105109762
9907,0.035450161668331925
9908,0.024273840471516595
9909,0.04138047504220688
9910,0.04138047504220688
9911,0.04138047504220688
9912,0.040432779850535616
9913,0.029791631379221806
9914,0.029698384070877437
9915,0.017143724275338057
9916,0.035316619974176344
9917,0.024352108152030927
9918,0.028706983243477646
9919,0.020645131439980147
9920,0.0402344813127028
9921,0.030063652361627446
9922,0.02443451187490553
9923,0.046021588576419026
9924,0.03246190689258199
9925,0.057114968021172774
9926,0.04144768856110448
9927,0.03332562557454222
9928,0.05583907285397238
9929,0.03900748946286958
9930,0.07461267562954765
9931,0.03096167463197186
9932,0.038341385124379235
9933,0.032819152119653694
9934,0.027042088692356914
9935,0.03942983081375229
9936,0.04292061736707786
9937,0.03627221988205176
9938,0.028217875137093174
9939,0.037878866715051585
9940,0.038483837113383434
9941,0.09474711991897666
9942,0.01075951028449773
9943,0.04572037010271057
9944,0.027913234213771787
9945,0.09694180200171776
9946,0.055870691242281056
9947,0.06317956966506677
9948,0.03502045444644364
9949,0.034911026941284895
9950,0.0814223444121267
9951,0.043181204562824704
9952,0.03773468075993314
9953,0.022854812985247164
9954,0.05521559320074043
9955,0.04894071256309773
9956,0.051456221795149304
9957,0.19725456715173095
9958,0.0442001362998965
9959,0.028302549231223884
9960,0.028272835628850856
9961,0.02301248974698078
9962,0.040556162140419794
9963,0.028272835628850856
9964,0.02301248974698078
9965,0.026086663556210032
9966,0.0357159570780603
9967,0.04282153745674511
9968,0.04361801236482954
9969,0.04440570518024067
9970,0.03507715468372041
9971,0.07004829494278464
9972,0.022219773115093266
9973,0.09215633090547382
9974,0.045619137186667436
9975,0.03757798842732685
9976,0.03719806455347652
9977,0.054107554599627794
9978,0.042762499967705314
9979,0.03429538133609922
9980,0.041735335698333986
9981,0.0417785895371221
9982,0.037404873930782956
9983,0.046145473136136594
9984,0.022796129277407262
9985,0.03693440416992988
9986,0.027670061409911795
9987,0.03451949555759626
9988,0.05126378404242671
9989,0.030950775060916813
9990,0.049996308065920925
9991,0.06202558088741006
9992,0.06202558088741006
9993,1.4686501581540057e-4
9994,1.8986788058961146e-4
9995,0.07152431021955685
9996,0.03918455728762715
9997,0.04237064755275499
9998,0.032147588833644214
9999,0.039463803405738074
10000,0.05098411030564631
10001,0.035151192375588725
10002,0.028616948347861437
10003,0.036506592082635736
10004,0.039656435853737126
10005,0.044641749801495045
10006,0.025540621223879123
10007,0.04091990367590992
10008,0.029675681375171625
10009,0.02874543677975394
10010,0.04185259907286243
10011,3.2478392700996395e-4
10012,3.2478392700996395e-4
10013,4.2745251314624255e-4
10014,4.717836977066181e-4
10015,3.2478392700996395e-4
10016,3.2478392700996395e-4
10017,3.2478392700996395e-4
10018,3.2478392700996395e-4
10019,3.2478392700996395e-4
10020,3.2478392700996395e-4
10021,5.824284226141341e-4
10022,3.2478392700996395e-4
10023,5.824284226141341e-4
10024,3.2478392700996395e-4
10025,5.824284226141341e-4
10026,0.04073725726081312
10027,0.03691052977780218
10028,0.03691052977780218
10029,0.0582367346879058
10030,0.033113156156842405
10031,0.050160334281588836
10032,0.055752647561965296
10033,0.050160334281588836
10034,0.07125553826248132
10035,0.03163854703861735
10036,0.029615954132150346
10037,0.05695969314271265
10038,0.05695969314271265
10039,0.036147601503454085
10040,0.04348711921516324
10041,0.04715207691235179
10042,0.31789464243134113
10043,0.052148793737521904
10044,0.039049143746412884
10045,0.03666892118715381
10046,0.03666892118715381
10047,0.03664347295838832
10048,6.467481935579222e-5
10049,0.04012103987456794
10050,1.0592228869688025e-4
10051,4.4517596733406606e-5
10052,4.645934187286205e-5
10053,1.0592228869688025e-4
10054,0.09240248669565787
10055,0.05004185892592372
10056,0.04091499531051146
10057,0.06226953173434002
10058,0.07492874598443566
10059,0.06226953173434002
10060,0.040159796009343274
10061,0.08761674435859979
10062,0.024357540871593586
10063,0.03801020968304014
10064,2.9723927613456436e-4
10065,2.545100438714476e-4
10066,0.04716252377134145
10067,8.395698027588994e-4
10068,0.0010851802096008
10069,8.395698027588994e-4
10070,0.0010851802096008
10071,0.0010851802096008
10072,8.395698027588994e-4
10073,0.04924647085917666
10074,1.3701359969475746e-4
10075,1.3701359969475746e-4
10076,0.11806938486155061
10077,0.07284007641930124
10078,8.465029164195226e-5
10079,8.465029164195226e-5
10080,6.282628043530192e-5
10081,0.11592628429748764
10082,0.04845563585162738
10083,0.07475410147205064
10084,0.049687549155530975
10085,0.037976946290817604
10086,0.045556531141795586
10087,0.04242202951017926
10088,0.04242202951017926
10089,0.06038270996311779
10090,0.06038270996311779
10091,0.06038270996311779
10092,0.062457406985363395
10093,0.07632755082782672
10094,0.05250236147171239
10095,0.0740345538212619
10096,0.03653441986749473
10097,0.09899568038057527
10098,0.699718999105581
10099,0.034372395605827166
10100,0.04135790426915986
10101,0.04135790426915986
10102,0.04135790426915986
10103,0.04135790426915986
10104,0.04135790426915986
10105,0.05373447348152349
10106,0.7276831672008393
10107,0.07495952992371202
10108,0.04135790426915986
10109,0.04135790426915986
10110,0.3214853817498252
10111,0.04135790426915986
10112,0.04135790426915986
10113,0.05373447348152349
10114,0.08527972820308982
10115,0.04135790426915986
10116,0.04135790426915986
10117,0.16690286975504898
10118,0.04135790426915986
10119,0.5571376031210222
10120,0.04135790426915986
10121,0.04135790426915986
10122,0.04135790426915986
10123,0.013132971910918112
10124,0.04135790426915986
10125,0.04135790426915986
10126,0.04135790426915986
10127,0.04135790426915986
10128,0.04135790426915986
10129,0.04135790426915986
10130,0.04135790426915986
10131,0.04135790426915986
10132,0.04135790426915986
10133,0.05373447348152349
10134,0.04135790426915986
10135,0.04135790426915986
10136,0.04135790426915986
10137,0.06726136034981867
10138,0.1644248818728561
10139,0.04135790426915986
10140,0.04135790426915986
10141,0.04135790426915986
10142,0.05653695328317221
10143,0.8114356825540924
10144,0.06703602879704684
10145,0.04091661423701687
10146,0.04439964769866689
10147,0.04516878168380645
10148,0.040603919509405895
10149,0.058634003771622645
10150,0.047424922659561886
10151,0.04817963322552421
10152,0.04864905867898728
10153,0.06368794335712247
10154,0.06368794335712247
10155,0.01088254185490023
10156,0.01088254185490023
10157,0.01088254185490023
10158,0.01088254185490023
10159,0.004821511378127474
10160,0.002467185699533858
10161,0.0027715947589046497
10162,0.10272423649224616
10163,0.058753450048079636
10164,0.02866792612822955
10165,0.0394404390104941
10166,0.04039331343689101
10167,0.04903068894006013
10168,0.036503472631175704
10169,0.03294593407076307
10170,0.044960113803324764
10171,0.014272478492286744
10172,0.05720516369423334
10173,0.06062405694400308
10174,0.054311699806199765
10175,0.054311699806199765
10176,0.11437991136247583
10177,0.14473307891650822
10178,0.00896033524877915
10179,0.04469060856515894
10180,0.03441887373439245
10181,0.026864153914974986
10182,0.038185250464627285
10183,0.05655945277603358
10184,0.04592453222068282
10185,0.045049385904181616
10186,0.06417051913128902
10187,0.027659269038662004
10188,0.07881947110279097
10189,0.20016485836339837
10190,0.1095116638355016
10191,0.034854562356460006
10192,0.02772718526921647
10193,0.03150274749823612
10194,0.041653781369310305
10195,0.022127197042923874
10196,0.07888392371349173
10197,0.09171371215940871
10198,0.051402938910288465
10199,0.03664334034494143
10200,0.049383845874729215
10201,0.041510179995226215
10202,0.04856239751619307
10203,0.02605928917702849
10204,0.03419341709727819
10205,0.03429774723201451
10206,0.05353080314729741
10207,0.049408790823821325
10208,0.049408790823821325
10209,0.22021931368149794
10210,0.08871702049217878
10211,0.03066088008020096
10212,0.03066088008020096
10213,0.05654328644311568
10214,0.1184197909330218
10215,0.03817560570634193
10216,0.03728760272829823
10217,0.0357048886853083
10218,0.0837579318737145
10219,7.687023909852542e-6
10220,5.945757096559312e-6
10221,5.945757096559312e-6
10222,0.03591137846162973
10223,8.4069641543838e-6
10224,8.4069641543838e-6
10225,8.4069641543838e-6
10226,0.0332552711553592
10227,2.2370800258120216e-4
10228,2.2370800258120216e-4
10229,2.2370800258120216e-4
10230,2.2370800258120216e-4
10231,2.2370800258120216e-4
10232,2.2370800258120216e-4
10233,2.2370800258120216e-4
10234,2.2370800258120216e-4
10235,0.06542725565106222
10236,0.06997975988452099
10237,0.23280214804526067
10238,0.06992728753947619
10239,0.06992728753947619
10240,0.0242663668808194
10241,0.27280272913539216
10242,0.0476569756651819
10243,0.04206125791970339
10244,0.041248917923197626
10245,0.012960552369678413
10246,0.011384308464887138
10247,0.012965162711284894
10248,0.018483044929644366
10249,0.01871289042098545
10250,0.01872612824094
10251,0.015555857933819861
10252,0.01872612824094
10253,0.023922301032267335
10254,0.01871950818311674
10255,0.02680278129477598
10256,0.03438238571587371
10257,0.038666119380737496
10258,0.038719730205567515
10259,0.01958808970114978
10260,0.01958808970114978
10261,0.01958808970114978
10262,0.01958808970114978
10263,0.03984446002745379
10264,0.03984446002745379
10265,0.03984446002745379
10266,0.03984446002745379
10267,0.036951380602349704
10268,0.036951380602349704
10269,0.036951380602349704
10270,0.036951380602349704
10271,0.036951380602349704
10272,0.036951380602349704
10273,0.036951380602349704
10274,0.036951380602349704
10275,0.036951380602349704
10276,0.036951380602349704
10277,0.036951380602349704
10278,0.036951380602349704
10279,0.021137954967276662
10280,0.019122094191513117
10281,0.019122094191513117
10282,0.019122094191513117
10283,0.019122094191513117
10284,0.028576053580207317
10285,0.008100222662229317
10286,0.03310288663977745
10287,0.007480120428853709
10288,0.019074842143427917
10289,0.019074842143427917
10290,0.019074842143427917
10291,0.019074842143427917
10292,0.019074842143427917
10293,0.029418812565497943
10294,0.029418812565497943
10295,0.03148018250732365
10296,0.00807998208363514
10297,0.04155950333328229
10298,0.04155950333328229
10299,0.04155950333328229
10300,0.04155950333328229
10301,0.04155950333328229
10302,0.04155950333328229
10303,0.04155950333328229
10304,0.04155950333328229
10305,0.04155950333328229
10306,0.04155950333328229
10307,0.04443262456077546
10308,0.04443262456077546
10309,0.04443262456077546
10310,0.04443262456077546
10311,0.04443262456077546
10312,0.019460783791634184
10313,0.019460783791634184
10314,0.019460783791634184
10315,0.019460783791634184
10316,0.019460783791634184
10317,0.056561656494480195
10318,0.012875669936187939
10319,0.02148409334067869
10320,0.038266150610516414
10321,0.024992772116881334
10322,0.02198593296379625
10323,0.027035262992790465
10324,0.012960552369678413
10325,0.012946731050009097
10326,0.018693050901098074
10327,0.010919338116723742
10328,0.009917582368001332
10329,0.026457098392354772
10330,0.026591767220026208
10331,0.026475666788120633
10332,0.028331624810345013
10333,0.03997878912208519
10334,0.04250451269748634
10335,0.03553854893885067
10336,0.026694556749224496
10337,0.027835986306301574
10338,0.037727831718527116
10339,0.04855037284170227
10340,0.029433203028246813
10341,0.02724145620316798
10342,0.02923340532243579
10343,0.05697178259497493
10344,0.05745669151595123
10345,0.11371801924319869
10346,0.027865253963239467
10347,0.05396325086161302
10348,0.048308742702026786
10349,0.03402516024595015
10350,0.027826237057922976
10351,0.05499638685341057
10352,0.07270525084004109
10353,0.037095193316695196
10354,0.0449802618595917
10355,0.05858061173423723
10356,0.0871305666614326
10357,0.026647786418313113
10358,0.026694556749224496
10359,0.02219796392994977
10360,0.02670392039123437
10361,0.06288249039602833
10362,0.16345753353751802
10363,0.15341169091754292
10364,0.2507589274798282
10365,0.008898236813760785
10366,0.011474281728505176
10367,0.053775795729304354
10368,0.07204186973445015
10369,0.036570646753502634
10370,0.07168137491485671
10371,0.044197249774065805
10372,0.03681979316677386
10373,0.04873016160065402
10374,0.036744360184896685
10375,0.02089492445348151
10376,0.03960589166494011
10377,0.03960589166494011
10378,0.07311931556207063
10379,0.1609906923262645
10380,0.042553247466895816
10381,0.048702121979853796
10382,0.10145608381143334
10383,0.012965162711284894
10384,0.18490321321411973
10385,0.09042153601117109
10386,0.043570797240744086
10387,0.048468853703098835
10388,0.07933235125457883
10389,0.16259269567841605
10390,0.08631392249070158
10391,0.04585801404994427
10392,0.0408673817543892
10393,0.04192094656326051
10394,0.04337821846712542
10395,0.04192094656326051
10396,0.04192094656326051
10397,0.04192094656326051
10398,0.08638683446447448
10399,0.04337821846712542
10400,0.06401061063079061
10401,0.0468353604004198
10402,0.0558472057411985
10403,0.03131853311363186
10404,0.03131853311363186
10405,0.03131853311363186
10406,0.03131853311363186
10407,0.03131853311363186
10408,0.03131853311363186
10409,0.03131853311363186
10410,0.03131853311363186
10411,0.03131853311363186
10412,0.03131853311363186
10413,0.03131853311363186
10414,0.03131853311363186
10415,0.03131853311363186
10416,0.03131853311363186
10417,0.03131853311363186
10418,0.06117461118799883
10419,0.05118123623283233
10420,0.029146350163803403
10421,0.03847781529914629
10422,0.008957136078751704
10423,0.0100661729661633
10424,0.009019641815380286
10425,0.013866855891191077
10426,0.012965162711284894
10427,0.012960552369678413
10428,0.012965162711284894
10429,0.02103390352191048
10430,0.10015682913499491
10431,0.042720703064671905
10432,0.09122227858622933
10433,0.029015283355559918
10434,0.04984226061258701
10435,0.08129435583362588
10436,0.11419385532278958
10437,0.01829813628914867
10438,0.0495279496443537
10439,0.045680734861648364
10440,0.06697017280580164
10441,0.09002541112022322
10442,0.0526158591123137
10443,0.0849582676418632
10444,0.11376751886736569
10445,0.03140898161569927
10446,0.03140898161569927
10447,0.03140898161569927
10448,0.03140898161569927
10449,0.03140898161569927
10450,0.039615291597722924
10451,0.011139614306526102
10452,0.13092832169230628
10453,0.06507829039802349
10454,0.06765491003482282
10455,0.025736639454344346
10456,0.025736639454344346
10457,0.017448043711845274
10458,0.02661617297610286
10459,0.18556972326541477
10460,0.15202113106724013
10461,0.031920099521257184
10462,0.03329347455695497
10463,0.18556972326541477
10464,0.03299663791188023
10465,0.04723249753002845
10466,0.03299663791188023
10467,0.04723249753002845
10468,0.04723249753002845
10469,0.03299663791188023
10470,0.04225176844356726
10471,0.03299663791188023
10472,0.04298324503679962
10473,0.03357350335153142
10474,0.03357350335153142
10475,0.008950741134009288
10476,0.03091182891611144
10477,0.24870132566769076
10478,0.009586208219034331
10479,0.09390411401657806
10480,0.07364721017765141
10481,0.06867334680863468
10482,0.20716155071313502
10483,0.12478085270841399
10484,0.022137008293737992
10485,0.022137008293737992
10486,0.10728383278045872
10487,0.036118463854505456
10488,0.03442753654210018
10489,0.10207642627661684
10490,0.07850122379259239
10491,0.09911376515008263
10492,0.13962314961096411
10493,0.12009583703658411
10494,0.17482842308617097
10495,0.02665713410402848
10496,0.09299023063321399
10497,0.09352265906466584
10498,0.03098140109950065
10499,0.030894976983131817
10500,0.03080878628602901
10501,0.0271323681721517
10502,0.028485526129082617
10503,0.02804614711599096
10504,0.03958424494335999
10505,0.0529773636503823
10506,0.05076679852194621
10507,0.04862441897219427
10508,0.1782687166979373
10509,0.05436674561509858
10510,0.16090223151153504
10511,0.057510997521627694
10512,0.057510997521627694
10513,0.1580547512209921
10514,0.1580547512209921
10515,0.04834665439689878
10516,0.008953938040626164
10517,0.0361933017136592
10518,0.03799251849119745
10519,0.03799251849119745
10520,0.03799251849119745
10521,0.03396404021007193
10522,0.09955847467011836
10523,0.04355063021963823
10524,0.04379140913080115
10525,0.06539916779146793
10526,0.012937524918999355
10527,0.03485342639071032
10528,0.027383689502117448
10529,0.06272666545912686
10530,0.07385021987416485
10531,0.08519228673638601
10532,0.13112787757221112
10533,0.13741209631309925
10534,0.13741209631309925
10535,0.11509807337606548
10536,0.057233823028314146
10537,0.14309468897679778
10538,0.12200525175124255
10539,0.06747330677415986
10540,0.04903037826387857
10541,0.008965053892068253
10542,0.15787239968711175
10543,0.17389731163781064
10544,0.16356891016313635
10545,0.1484307652969603
10546,0.16378759700651568
10547,0.22361149497246602
10548,0.13935975514352605
10549,0.17389731163781064
10550,0.1812601288640514
10551,0.1812601288640514
10552,0.24452498962858926
10553,0.3187637580370458
10554,0.2725892739205097
10555,0.2574138758669884
10556,0.028178800944875904
10557,0.039605126068395724
10558,0.038326186485771574
10559,0.16248902332821225
10560,0.017847002384293487
10561,0.15030662889417012
10562,0.17807118055425641
10563,0.2005330135396025
10564,0.16248902332821225
10565,0.18982989350120583
10566,0.39001642193822683
10567,0.18308259931910897
10568,0.16073395065791662
10569,0.12526394856157874
10570,0.18880822360333138
10571,0.18977448311907508
10572,0.11478630647402754
10573,0.028016694937579745
10574,0.15175183068454967
10575,0.20321704533104457
10576,0.041088421968201394
10577,0.15175183068454967
10578,0.1523092612274286
10579,0.16158515443109234
10580,0.1523092612274286
10581,0.15175183068454967
10582,0.18977448311907508
10583,0.15175183068454967
10584,0.2234974657788813
10585,0.15256411440782258
10586,0.16243999347596538
10587,0.1820890818000479
10588,0.14744392798879258
10589,0.15175183068454967
10590,0.17709896245430623
10591,0.18749009878227674
10592,0.33477349812986146
10593,0.41224605219125054
10594,0.15175183068454967
10595,0.011687852275551469
10596,0.1523092612274286
10597,0.1279202893428183
10598,0.026489362718118303
10599,0.026286177165278812
10600,0.06049292283229224
10601,0.07892644578632635
10602,0.11636578100420902
10603,0.015658129146142508
10604,0.00898477286024546
10605,0.10322093711336333
10606,0.027099185871460985
10607,0.1037321828875809
10608,0.11109273238750761
10609,0.09694574264223255
10610,0.07281819077278606
10611,0.15153902623380366
10612,0.047193050992921814
10613,0.11962120661816256
10614,0.047193050992921814
10615,0.06883152366718559
10616,0.12685935850041874
10617,0.12357464206390589
10618,0.026280748314293834
10619,0.08228924302829632
10620,0.013696781245046807
10621,0.00946813091348353
10622,0.2850533026234935
10623,0.021425071063041146
10624,0.021425071063041146
10625,0.0635191784565502
10626,0.09699679553796647
10627,0.06354499143819903
10628,0.06983572039020458
10629,0.08961300690177387
10630,0.021627294063169322
10631,0.06381939550287885
10632,0.12554922019145143
10633,0.04898362357539865
10634,0.08805238805917148
10635,0.06123079104838469
10636,0.0486293962069253
10637,0.10482076707209464
10638,0.04891960718238586
10639,0.25660580255750354
10640,0.015268807614739921
10641,0.20135162705055942
10642,0.027548182959413636
10643,0.03831922898105622
10644,0.03959794595259081
10645,0.03833250961511869
10646,0.04024166551409614
10647,0.03901999217995189
10648,0.05643857854574008
10649,0.026694556749224496
10650,0.033026689407492094
10651,0.027408806933906127
10652,0.027389602503857136
10653,0.02665713410402848
10654,0.06490706110428557
10655,0.026675839044109084
10656,0.027567495427819555
10657,0.04406240644495685
10658,0.1034169433383082
10659,0.027606159837456068
10660,0.032746707009910114
10661,0.12537608117914267
10662,0.08356189807958314
10663,0.02632309312585579
10664,0.026475666788120633
10665,0.03798341360131485
10666,0.026134666176703458
10667,0.03777918435401495
10668,0.21106778002828008
10669,0.07591971008429121
10670,0.07279347636873135
10671,0.07591971008429121
10672,0.07328792840322051
10673,0.07279347636873135
10674,0.07288578265500045
10675,0.07279347636873135
10676,0.07279347636873135
10677,0.18175295210627262
10678,0.14439908095179754
10679,0.15182505372820598
10680,0.04099009248933283
10681,0.0670369024202887
10682,0.06411147155916319
10683,0.11672439688442515
10684,0.04771375466024408
10685,0.037028616548908544
10686,0.08019309123412643
10687,0.060170742298510604
10688,0.14228037607479072
10689,0.09772947222202844
10690,0.1559950108880468
10691,0.00991404484444458
10692,0.11071766641515868
10693,0.05229137265021855
10694,0.08500919812696461
10695,0.08559497370602931
10696,0.12196757156561344
10697,0.013841427734156864
10698,0.2068582802602772
10699,0.07786064622443378
10700,0.026960368482796038
10701,0.028159072626098514
10702,0.026960368482796038
10703,0.026960368482796038
10704,0.026960368482796038
10705,0.026960368482796038
10706,0.026960368482796038
10707,0.028188670136478966
10708,0.026591767220026208
10709,0.027141881102623167
10710,0.02712285848290219
10711,0.0275868210510265
10712,0.028188670136478966
10713,0.03833250961511869
10714,0.03831922898105622
10715,0.039792153212484305
10716,0.039447484614427375
10717,0.04049291470094385
10718,0.041574949929074845
10719,0.03934556166941383
10720,0.028188670136478966
10721,0.02767257496292863
10722,0.03008729705894353
10723,0.020688095400061113
10724,0.028228180475975084
10725,0.029623964676189107
10726,0.02267897530778218
10727,0.024461093449279936
10728,0.06377083472773515
10729,0.02267897530778218
10730,0.02267897530778218
10731,0.02267897530778218
10732,0.060293939482892855
10733,0.06754369561112605
10734,0.06754369561112605
10735,0.07661354719768665
10736,0.04417083890408968
10737,0.029248484977407396
10738,0.09817850956388474
10739,0.09279568436032815
10740,0.01392040555624896
10741,0.026574459603627587
10742,0.11865908228456157
10743,0.16873340609543486
10744,0.04593453627462185
10745,0.07466094405331525
10746,0.027865253963239467
10747,0.03377175307925573
10748,0.028301881571882626
10749,0.03889963197177049
10750,0.07877017061578617
10751,0.06458613323014817
10752,0.08425349750538347
10753,0.06038876507404112
10754,0.05517580727565363
10755,0.07750153388559844
10756,0.02746792427159661
10757,0.05219810788226742
10758,0.060293939482892855
10759,0.04557044886987183
10760,0.060293939482892855
10761,0.060293939482892855
10762,0.00896033524877915
10763,0.04046992065102695
10764,0.05528496826396556
10765,0.041853558313145744
10766,0.026489362718118303
10767,0.060293939482892855
10768,0.08175722726394019
10769,0.05728529439040586
10770,0.025704538214430528
10771,0.1596397421139707
10772,0.1866080066982969
10773,0.054865915921587294
10774,0.04698286479060687
10775,0.04698286479060687
10776,0.04698286479060687
10777,0.04698286479060687
10778,0.04698286479060687
10779,0.04698286479060687
10780,0.030292704539197413
10781,0.07672631186982748
10782,0.07672631186982748
10783,0.08346765683274959
10784,0.1967660016617344
10785,0.07830791386709446
10786,0.07568763411107982
10787,0.04698286479060687
10788,0.02074341126479451
10789,0.02074341126479451
10790,0.011135124073363034
10791,0.011135124073363034
10792,0.011135124073363034
10793,0.011135124073363034
10794,0.09799510001986877
10795,0.04217100590444334
10796,0.046245180046891377
10797,0.011135124073363034
10798,0.05419790819252479
10799,0.0852758464282386
10800,0.0654025793959242
10801,0.03468006939911239
10802,0.03468006939911239
10803,0.06340481163149692
10804,0.030671103562526558
10805,0.07316831210238284
10806,0.028198542684319094
10807,0.028178800944875904
10808,0.02944349824424697
10809,0.02712285848290219
10810,0.027141881102623167
10811,0.04017944391359307
10812,0.04049291470094385
10813,0.04009615016829393
10814,0.11881460555095302
10815,0.032613577600027366
10816,0.02267897530778218
10817,0.028683427019155272
10818,0.03581057577936986
10819,0.03219556975544857
10820,0.02696751185095414
10821,0.023703685417180598
10822,0.026976968583613314
10823,0.013527697941787098
10824,0.04256229271270562
10825,0.0168084046687188
10826,0.07782384778726703
10827,0.09708868116044089
10828,0.029412623067225807
10829,0.04292838523889975
10830,0.12450565132847369
10831,0.03587815929488514
10832,0.03587815929488514
10833,0.0633317836223285
10834,0.12454493391159838
10835,0.07655280038613232
10836,0.09023260610458206
10837,0.07838464014494229
10838,0.0754930253673547
10839,0.09669819144245717
10840,0.13515457560418098
10841,0.03503737617165048
10842,0.03503737617165048
10843,0.00934074611808644
10844,0.06885209502738487
10845,0.06885209502738487
10846,0.007417584229119201
10847,0.05777261096325037
10848,0.09751384168938937
10849,0.03380343096742522
10850,0.11725841599162867
10851,0.08178428229209611
10852,0.02646150086168131
10853,0.03379166433499947
10854,0.12939561149566137
10855,0.07608353746241037
10856,0.07608353746241037
10857,0.07608353746241037
10858,0.04765338995502877
10859,0.07608353746241037
10860,0.025781121315837652
10861,0.07608353746241037
10862,0.07608353746241037
10863,0.033681439490018006
10864,0.03503737617165048
10865,0.03503737617165048
10866,0.007417584229119201
10867,0.00901642166336769
10868,0.058835619134163686
10869,0.02663844192078102
10870,0.028344574432647707
10871,0.020963450187365118
10872,0.03815065781994442
10873,0.09247339304023827
10874,0.05409688306476523
10875,0.10636772081733803
10876,0.025641445687820674
10877,0.08422812793241541
10878,0.2631422447508396
10879,0.025704538214430528
10880,0.08856640612864097
10881,0.05533490358637483
10882,0.028304905924401935
10883,0.08161861661376124
10884,0.070248224105256
10885,0.05692685892051996
10886,0.032400935621297644
10887,0.007480120428853709
10888,0.09124254931090858
10889,0.028833368957798866
10890,0.08554254174847564
10891,0.05732203637441491
10892,0.08554254174847564
10893,0.08554254174847564
10894,0.06478058001108322
10895,0.018265800870669535
10896,0.05374126951017899
10897,0.029322068248256783
10898,0.08860957082450138
10899,0.007317449334810822
10900,0.20357917535566006
10901,0.04132194481837692
10902,0.04132194481837692
10903,0.04030878378654745
10904,0.15709810910209543
10905,0.5106704389710877
10906,0.09504713855157698
10907,0.0519964221983692
10908,0.12656389739611973
10909,0.038571938809520034
10910,0.0949450762976598
10911,0.03886334527071844
10912,0.12228761871678318
10913,0.12228761871678318
10914,0.0958517249820191
10915,0.16196476190003084
10916,0.21231987976185618
10917,0.035811005986792654
10918,0.09921032848319644
10919,0.028228180475975084
10920,0.035811005986792654
10921,0.05138878509191003
10922,0.035811005986792654
10923,0.035811005986792654
10924,0.0345359758129411
10925,0.035811005986792654
10926,0.07164966595757594
10927,0.0693620711450591
10928,0.14943804134012462
10929,0.04106657833483174
10930,0.034387607548955534
10931,0.034387607548955534
10932,0.034387607548955534
10933,0.02665713410402848
10934,0.027480692792569705
10935,0.02759648879831189
10936,0.02670392039123437
10937,0.033269201236285406
10938,0.047388614571408194
10939,0.034387607548955534
10940,0.1443454004144925
10941,0.0324190928395347
10942,0.04289175652307886
10943,0.09838603228377751
10944,0.07100564948623889
10945,0.07614623363757755
10946,0.07670577552957925
10947,0.059322441049942776
10948,0.09632662090969712
10949,0.06835540161398435
10950,0.02663844192078102
10951,0.03143166305047551
10952,0.018634997020802513
10953,0.025641445687820674
10954,0.07637658725250207
10955,0.033095116788656065
10956,0.02531790582837745
10957,0.03828997731935613
10958,0.028940022864690107
10959,0.03828997731935613
10960,0.03828997731935613
10961,0.08337576728660501
10962,0.03101301776369647
10963,0.07138648042198825
10964,0.0985307833888005
10965,0.04365581511953498
10966,0.03419360971527319
10967,0.025542604828813653
10968,0.04008324128132246
10969,0.06252948695959415
10970,0.036535667951034356
10971,0.043535623565685855
10972,0.13311955673709763
10973,0.10355535580897313
10974,0.021784173249145722
10975,0.051118715990018826
10976,0.02780719235592566
10977,0.02523231802474457
10978,0.05828948269498746
10979,0.022133481733662252
10980,0.024890986318474306
10981,0.027991922567059513
10982,0.057467909419192775
10983,0.07936841602464795
10984,0.0844752144562162
10985,0.07019511749275142
10986,0.021035895519667114
10987,0.028228180475975084
10988,0.04237181359376707
10989,0.0503180158187182
10990,0.04673352966804556
10991,0.04370989994787566
10992,0.08109313665518458
10993,0.04954818927156124
10994,0.04439713129553724
10995,0.080338358886633765
10996,0.02228323685047151
10997,0.032179259679572136
10998,0.02228323685047151
10999,0.02862234097920069
11000,0.05028358955965062
11001,0.04773500339839187
11002,0.09035516834928725
11003,0.06942370329337755
11004,0.09617806540613971
11005,0.052875938315120274
11006,0.05223605650081797
11007,0.05221593746894515
11008,0.046439798794407516
11009,0.026489362718118303
11010,0.06679620043706358
11011,0.015555857933819861
11012,0.13181179169002533
11013,0.02089187319782837
11014,0.010667852739090544
11015,0.0396957388063095
11016,0.02813807167055382
11017,0.007434779965328153
11018,0.019906108330341454
11019,0.020741496022638306
11020,0.041764850912374474
11021,0.02410380967834247
11022,0.06048250040785497
11023,0.07638906931190792
11024,0.0843218594938745
11025,0.0263149184223741
11026,0.03942910730414195
11027,0.03998410671515573
11028,0.02380231156376933
11029,0.02587177792554307
11030,0.02528116171129391
11031,0.025265692248835125
11032,0.05277412381712265
11033,0.061007268048362207
11034,0.047599526292779415
11035,0.019870988911936616
11036,0.030199077501418814
11037,0.030199077501418814
11038,0.022195342413049213
11039,0.0445081440023547
11040,0.037505562512944346
11041,0.078008696646932
11042,0.027264489914129775
11043,0.02856229266168009
11044,0.0752496704904475
11045,0.0546168961217558
11046,0.0168650169555572
11047,0.022236183237776763
11048,0.03273750297318634
11049,0.028228180475975084
11050,0.042065737863731356
11051,0.023001892970711313
11052,0.029427169240723527
11053,0.026232678208162996
11054,0.04508118094203506
11055,0.07494699880158606
11056,0.05379912553090871
11057,0.022045252957818673
11058,0.01080745770549063
11059,0.008957136078751704
11060,0.008953938040626164
11061,0.035102728911757364
11062,0.0660367310011446
11063,0.026619762486169818
11064,0.1235915820664466
11065,0.020961819559147332
11066,0.04893894605695992
11067,0.026267264600809304
11068,0.03156251542088995
11069,0.02082564014381061
11070,0.048187031846496975
11071,0.04773500339839187
11072,0.07920909653333019
11073,0.026375373872281282
11074,0.03786645919539433
11075,0.01983593019909613
11076,0.03711147300726392
11077,0.01758767588580168
11078,0.07160430291446662
11079,0.05025492312813673
11080,0.02809996810815485
11081,0.014823444443405775
11082,0.022776615017736646
11083,0.08293803536950606
11084,0.0777499299534341
11085,0.020984015503969555
11086,0.042805773286525906
11087,0.0357555874048715
11088,0.028492390825750502
11089,0.03549474034246658
11090,0.017858896156660364
11091,0.022150170344520936
11092,0.021879046982513195
11093,0.04571960883499393
11094,0.048643934577555115
11095,0.02043266915362507
11096,0.08269532696233861
11097,0.03091267914136442
11098,0.009409261332467667
11099,0.06765838401950708
11100,0.0693242910117774
11101,0.037621644207414984
11102,0.020961819559147332
11103,0.027383689502117448
11104,0.04281499995279603
11105,0.031622683242709226
11106,0.04595601092093127
11107,0.019814924068243922
11108,0.026694556749224496
11109,0.026685196300524683
11110,0.030948964664683998
11111,0.020746640053274534
11112,0.019765994488214478
11113,0.09581161801268756
11114,0.033200331402771455
11115,0.05428381929319803
11116,0.019800932091308954
11117,0.029960951301915117
11118,0.019752036365838554
11119,0.029960951301915117
11120,0.02847168209499229
11121,0.05599963431921706
11122,0.05842820741352028
11123,0.029960951301915117
11124,0.029960951301915117
11125,0.029960951301915117
11126,0.029960951301915117
11127,0.029960951301915117
11128,0.029960951301915117
11129,0.029960951301915117
11130,0.0396957388063095
11131,0.029960951301915117
11132,0.008800264722258477
11133,0.029960951301915117
11134,0.029960951301915117
11135,0.029960951301915117
11136,0.008898236813760785
11137,0.029960951301915117
11138,0.029960951301915117
11139,0.029960951301915117
11140,0.029960951301915117
11141,0.03839842174792385
11142,0.020902742636962568
11143,0.03497107862369475
11144,0.05118659141344328
11145,0.03852009623141961
11146,0.026685196300524683
11147,0.042454290165048536
11148,0.0223858557538269
11149,0.02192902718432188
11150,0.026647786418313113
11151,0.03640479369613636
11152,0.030231725001564902
11153,0.04017601198144927
11154,0.03904981958436926
11155,0.03366192090867415
11156,0.06238404564669786
11157,0.023984607043851525
11158,0.016230091783424494
11159,0.01863998074808637
11160,0.005928544980169703
11161,0.016230091783424494
11162,0.01863998074808637
11163,0.06136989719402486
11164,0.08330817111570243
11165,0.016230091783424494
11166,0.016230091783424494
11167,0.048878050246558336
11168,0.01863998074808637
11169,0.02604488115819681
11170,0.04813003471513888
11171,0.02379995360021292
11172,0.02520438002868086
11173,0.02520438002868086
11174,0.0638007724589158
11175,0.03399136091632837
11176,0.05210309513094269
11177,0.02059562567051343
11178,0.0279625256934094
11179,0.04774129227190005
11180,0.030540220414114194
11181,0.07437834266953203
11182,0.032222451650373296
11183,0.02974169163149787
11184,0.028188670136478966
11185,0.009003552443241913
11186,0.03427425118189342
11187,0.03568465381918251
11188,0.02959290602772424
11189,0.026647786418313113
11190,0.027682271906987577
11191,0.03123031752879757
11192,0.023502684677161656
11193,0.048227267154286824
11194,0.023746802917746668
11195,0.011351910969636614
11196,0.022441804673527965
11197,0.022288375938550153
11198,0.045725385279380415
11199,0.03816199470876702
11200,0.04483187299964353
11201,0.033398574646380186
11202,0.026226488343822685
11203,0.029553911058191384
11204,0.033398574646380186
11205,0.04318476735472443
11206,0.040917518293625554
11207,0.037022148786458486
11208,0.05733297312898422
11209,0.029875042355284154
11210,0.06648228650101085
11211,0.05349026356758735
11212,0.032860878730202936
11213,0.02247858010491055
11214,0.05558061583998952
11215,0.05741262667635916
11216,0.020574669528343748
11217,0.06802056513924781
11218,0.10938188518297476
11219,0.02293444902005226
11220,0.02293444902005226
11221,0.035296108881213484
11222,0.02293444902005226
11223,0.02293444902005226
11224,0.02293444902005226
11225,0.04555630667704458
11226,0.159709407112141
11227,0.06745228038481155
11228,0.05339001376815422
11229,0.08004760213293816
11230,0.01891763446498229
11231,0.0737894554325621
11232,0.03902766761392584
11233,0.14562589744756016
11234,0.08897903504865112
11235,0.03931715981141104
11236,0.04444296451473162
11237,0.04444296451473162
11238,0.035296108881213484
11239,0.08004760213293816
11240,0.09528286894665838
11241,0.10938188518297476
11242,0.021645218683777667
11243,0.02293444902005226
11244,0.02293444902005226
11245,0.02293444902005226
11246,0.012552753524809557
11247,0.01880112631720865
11248,0.024808531327551786
11249,0.023588669624876046
11250,0.11581430054878694
11251,0.04616259882787277
11252,0.04616259882787277
11253,0.057872783760607005
11254,0.02389290178261283
11255,0.06529394824446844
11256,0.011433482865197964
11257,0.016776142133450023
11258,0.009649616971484587
11259,0.009649616971484587
11260,0.04584150732912373
11261,0.033579969932917564
11262,0.04371602958712062
11263,0.048738284827275824
11264,0.12310214038976564
11265,0.026482573154341105
11266,0.021623604815398045
11267,0.025690889070856482
11268,0.060900508203820314
11269,0.02601043974792472
11270,0.008949061015340876
11271,0.026619762486169818
11272,0.026694556749224496
11273,0.026619762486169818
11274,0.04271839213380679
11275,0.034279313911317444
11276,0.017280317661675926
11277,0.012965162711284894
11278,0.010755675714262725
11279,0.03715913219881639
11280,0.008882362064573934
11281,0.008882362064573934
11282,0.008882362064573934
11283,0.008882362064573934
11284,0.02639220872255632
11285,0.04817958270808553
11286,0.03693450941174092
11287,0.008882362064573934
11288,0.008882362064573934
11289,0.007420237643118277
11290,0.013756552180538062
11291,0.061012720832058887
11292,0.010647054407882939
11293,0.051449735000481
11294,0.010647054407882939
11295,0.04274675931750327
11296,0.026975370187828362
11297,0.0463909123116254
11298,0.0463909123116254
11299,0.01991458718640926
11300,0.03399702209368638
11301,0.03190274317335984
11302,0.020553203075603044
11303,0.03402698505229351
11304,0.024900291424251098
11305,0.028475556050026274
11306,0.040422972935803214
11307,0.07854527796330724
11308,0.07902178969287998
11309,0.007429463758337196
11310,0.03152022782047925
11311,0.02754223669201261
11312,0.027557837549792685
11313,0.07759669454882434
11314,0.10912373817973653
11315,0.026288877367619867
11316,0.04813003471513888
11317,0.019407637869870653
11318,0.04766215600012291
11319,0.02355149906537013
11320,0.026442942131162273
11321,0.053490497937489834
11322,0.053490497937489834
11323,0.026545172070307488
11324,0.024363165764709205
11325,0.026336712264310558
11326,0.019483213232146634
11327,0.030977511253451162
11328,0.018829945264652315
11329,0.027730806166415434
11330,0.020562757091817874
11331,0.05585639583126889
11332,0.022240301932692774
11333,0.031517924397239216
11334,0.028228180475975084
11335,0.0377922851753949
11336,0.03767453474632576
11337,0.04035314689753189
11338,0.037208031157811905
11339,0.02669218363034309
11340,0.021810964716019843
11341,0.021219577195201733
11342,0.021665375579050017
11343,0.05992471173787273
11344,0.08502066758685389
11345,0.05938357973855157
11346,0.01401207760981582
11347,0.010872548875271115
11348,0.057230374137626105
11349,0.08820970938025396
11350,0.08820970938025396
11351,0.02792047577701573
11352,0.05329250505168348
11353,0.00957573055507277
11354,0.061704085442678025
11355,0.01703654342125338
11356,0.03951032824664091
11357,0.02054689048445446
11358,0.023324971415365936
11359,0.04866348324427894
11360,0.02445331695653652
11361,0.02445331695653652
11362,0.030716888616533322
11363,0.08584701102308545
11364,0.024480844876135
11365,0.02153472166186088
11366,0.04137100452564402
11367,0.03367364393751626
11368,0.040765396576073476
11369,0.043046798049081514
11370,0.04103019017093357
11371,0.06808163337568063
11372,0.02801956778903636
11373,0.030749089539222285
11374,0.0602142633482563
11375,0.04505430865462223
11376,0.04430604639699598
11377,0.04136677634568264
11378,0.024281989482048627
11379,0.0638356608839935
11380,0.03339245367469368
11381,0.02417000096461619
11382,0.09536939318040549
11383,0.06039211383632492
11384,0.1689444786539568
11385,0.04055931767387322
11386,0.04055931767387322
11387,0.05223736846397076
11388,0.03207971407736554
11389,0.023042534271907278
11390,0.11603368495644228
11391,0.03208001537961125
11392,0.09286595945287512
11393,0.026295401430150855
11394,0.029929034742191885
11395,0.08814294881069518
11396,0.051446091318997245
11397,0.06302228294973944
11398,0.00896033524877915
11399,0.05062075907031993
11400,0.07873728353082632
11401,0.029856093391311234
11402,0.033333287752385754
11403,0.018327108731869268
11404,0.03992051666726626
11405,0.00896033524877915
11406,0.027824126271725147
11407,0.12977234549637495
11408,0.12977234549637495
11409,0.28197306231398855
11410,0.13783954481560867
11411,0.02811725431245682
11412,0.24533147425418145
11413,0.11695077246268204
11414,0.04040935121924161
11415,0.031991973041591404
11416,0.17487616439718356
11417,0.03436662880128516
11418,0.30167801892479496
11419,0.08298388200388818
11420,0.1293342532506997
11421,0.01969459613207336
11422,0.0438221386419656
11423,0.3933992224598454
11424,0.03828001643513723
11425,0.02366647688534551
11426,0.1266345412433525
11427,0.024001375256576085
11428,0.03824297042075575
11429,0.02366647688534551
11430,0.019688796590176527
11431,0.06387484320441694
11432,0.036535667951034356
11433,0.023901691068815456
11434,0.0735310957867723
11435,0.034198028504161204
11436,0.0735310957867723
11437,0.02984403554955095
11438,0.023792648483012768
11439,0.01956608905098378
11440,0.020966397737970932
11441,0.08855793585954519
11442,0.04164546838439809
11443,0.04164546838439809
11444,0.04276828660249887
11445,0.050182643246451275
11446,0.012779841099374023
11447,0.04164546838439809
11448,0.05938357973855157
11449,0.03672839981425591
11450,0.050182643246451275
11451,0.03455487808390456
11452,0.02804614711599096
11453,0.026531448071323238
11454,0.026531448071323238
11455,0.026531448071323238
11456,0.01573503900282025
11457,0.013254644908894608
11458,0.023156253703928154
11459,0.037115844553972765
11460,0.01611856679850865
11461,0.05210603807345482
11462,0.02624188420530138
11463,0.03130318904475715
11464,0.035103183874426125
11465,0.01841177768238167
11466,0.00896033524877915
11467,0.02753729633583324
11468,0.024992670085137503
11469,0.04132564181906773
11470,0.00896033524877915
11471,0.012960552369678413
11472,0.011541809070119258
11473,0.019827822831308795
11474,0.01707883412421085
11475,0.03386907732466726
11476,0.03532317946913155
11477,0.033497329764249795
11478,0.02079460775229891
11479,0.05993899870669339
11480,0.035733003900640825
11481,0.0271323681721517
11482,0.0271323681721517
11483,0.022256281292505897
11484,0.04301149997156417
11485,0.02566105946199837
11486,0.019913139507545696
11487,0.041320920560240615
11488,0.0241289818010878
11489,0.013392984810620567
11490,0.009257246193929203
11491,0.013392984810620567
11492,0.03194960153410409
11493,0.03987758802251373
11494,0.030716466240551465
11495,0.03004670405720644
11496,0.030199077501418814
11497,0.05644840298871556
11498,0.02228486341601621
11499,0.039836326477058814
11500,0.03248653191215145
11501,0.022686511141346788
11502,0.03418618382020322
11503,0.034244633087402665
11504,0.026694556749224496
11505,0.026694556749224496
11506,0.026685196300524683
11507,0.0184353313191995
11508,0.04097212216523838
11509,0.03717202630897143
11510,0.021121208201222985
11511,0.04473892749784725
11512,0.04892003137944789
11513,0.033457703770292335
11514,0.047848897299263116
11515,0.04745644184026321
11516,0.047848897299263116
11517,0.04701858579642082
11518,0.03288276031871695
11519,0.03980697337741801
11520,0.04815398962387463
11521,0.048936799068759695
11522,0.035469739585688664
11523,0.06240320337342897
11524,0.0997755358192316
11525,0.03652439304961763
11526,0.028784376729677708
11527,0.04009434020423719
11528,0.017290566253419848
11529,0.057310964821333354
11530,0.04006431001283817
11531,0.02317670397771532
11532,0.03423380438001011
11533,0.07720129000109699
11534,0.02231247299654948
11535,0.044070385682155266
11536,0.03547780981167825
11537,0.04332661645363023
11538,0.03376590358748399
11539,0.020984015503969555
11540,0.09612837886324077
11541,0.046162651406936206
11542,0.035581192215549784
11543,0.023066717245132873
11544,0.032740566027271045
11545,0.032740566027271045
11546,0.023066717245132873
11547,0.032740566027271045
11548,0.07562082612319432
11549,0.02964361893280487
11550,0.03067326778994295
11551,0.04162908986086811
11552,0.02882081270010539
11553,0.021724696244023067
11554,0.04582568641600926
11555,0.04106547530011584
11556,0.008617310524980493
11557,0.01606399827047056
11558,0.01606399827047056
11559,0.08153070540279006
11560,0.0338372530165032
11561,0.023758919287593327
11562,0.05841930249348415
11563,0.008953938040626164
11564,0.038681729280429455
11565,0.0335378469843034
11566,0.020403459953831304
11567,0.03388907094143745
11568,0.03388907094143745
11569,0.03388907094143745
11570,0.03406741181200601
11571,0.05727652340632006
11572,0.043383287322362185
11573,0.05787712474845408
11574,0.030706255952889894
11575,0.037993173935581215
11576,0.027016394246568987
11577,0.037993173935581215
11578,0.027016394246568987
11579,0.037993173935581215
11580,0.04364535194126995
11581,0.03420998610759063
11582,0.04240887096090751
11583,0.05536603061370249
11584,0.09172882513509462
11585,0.04021971826371584
11586,0.033163059118183735
11587,0.03401893503925513
11588,0.01510692787376311
11589,0.04405664014653321
11590,0.050314509189867795
11591,0.06453011078595328
11592,0.06949357189158856
11593,0.04311020031648183
11594,0.04276069708609398
11595,0.04276069708609398
11596,0.03556878745820924
11597,0.06788804932881698
11598,0.0736267987938729
11599,0.042830655678089746
11600,0.059655030875337745
11601,0.048942830160853545
11602,0.048942830160853545
11603,0.18167593470024368
11604,0.09463366154249175
11605,0.04036832194590623
11606,0.045291593726324963
11607,0.04841057214256905
11608,0.05765635647842238
11609,0.09884700999276419
11610,0.030021535453086834
11611,0.048335959184862
11612,0.049975643886602805
11613,0.06573284387853684
11614,0.05309223329936552
11615,0.0466729587224024
11616,0.05655135173769721
11617,0.03181625124554133
11618,0.03775265337400213
11619,0.03950388454778819
11620,0.03744910154085768
11621,0.035080985098451145
11622,0.06382074015659633
11623,0.03892658374957547
11624,0.03958424494335999
11625,0.07645485919063666
11626,0.040326466726415267
11627,0.037748821344305794
11628,0.02331459451053819
11629,0.023380325216222797
11630,0.07976819413733183
11631,0.08357204145811348
11632,0.016766042604651976
11633,0.047537950359787584
11634,0.03562490851662381
11635,0.03351735372071751
11636,0.03683526766613865
11637,0.03420368270006224
11638,0.02666238562982559
11639,0.028994188045261216
11640,0.033457703770292335
11641,0.07736285150389721
11642,0.03690180076591598
11643,0.07797112278184659
11644,0.022248441551002807
11645,0.05732945211049423
11646,0.050095305649237365
11647,0.046064834533523835
11648,0.040970838699279644
11649,0.10454934497010138
11650,0.07650575999487275
11651,0.04155911409520141
11652,0.028764236988791936
11653,0.06107091268878795
11654,0.04154476386922179
11655,0.03490472426322899
11656,0.023499711044262628
11657,0.020895369488097337
11658,0.039737613379448034
11659,0.038455871802263064
11660,0.13985135404980908
11661,0.05058957092667504
11662,0.06892697499900169
11663,0.016084803908193446
11664,0.03617189688281364
11665,0.02632097745862161
11666,0.11365783423665399
11667,0.0354748102106035
11668,0.040420795206691396
11669,0.054242117109737364
11670,0.04053388263897906
11671,0.10996511928777619
11672,0.05835087560421204
11673,0.0778708335835735
11674,0.07829422901154315
11675,0.018845455729605276
11676,0.03400817518803345
11677,0.04098007601904874
11678,0.022689671614169127
11679,0.08680189205783939
11680,0.05586301895520085
11681,0.051975007431851905
11682,0.022689671614169127
11683,0.022689671614169127
11684,0.022689671614169127
11685,0.022689671614169127
11686,0.043110911296134646
11687,0.02270853307347187
11688,0.02270853307347187
11689,0.03914691497391731
11690,0.03400817518803345
11691,0.04593453627462185
11692,0.0684794775889056
11693,0.011656413416547995
11694,0.020560458022869543
11695,0.03775161098830937
11696,0.03311687693253018
11697,0.03367364393751626
11698,0.03430913077849673
11699,0.04404923840891195
11700,0.08807463624568523
11701,0.03926997707132451
11702,0.02453439816703984
11703,0.06720924186260602
11704,0.03422189324505165
11705,0.053001731359771154
11706,0.02987826911095126
11707,0.23635070813986914
11708,0.07556967677444792
11709,0.039013314978946334
11710,0.03971358543354708
11711,0.022946899261362397
11712,0.02826181832678276
11713,0.11578084353669804
11714,0.02478504179485297
11715,0.05492948700466438
11716,0.04856126929574889
11717,0.007681573321611901
11718,0.04488582989095535
11719,0.029707547766887887
11720,0.057680959726117975
11721,0.17696032873436895
11722,0.02762385861459371
11723,0.06735423878910973
11724,0.028035313646503135
11725,0.12716001059687632
11726,0.06132282979275572
11727,0.03366192090867415
11728,0.039797971098936014
11729,0.028723998521067884
11730,0.072028629158571
11731,0.031791520367230985
11732,0.07286614671845504
11733,0.15144828959345014
11734,0.033599157196157914
11735,0.07408346661639265
11736,0.07236931639006794
11737,0.06320268753696845
11738,0.039880671156735104
11739,0.034667998816141354
11740,0.02800587251686859
11741,0.040053136392407596
11742,0.039922082928774416
11743,0.08030954189065809
11744,0.03651030869509353
11745,0.10406941435424355
11746,0.01565257638612505
11747,0.0462348471524936
11748,0.04195799524760635
11749,0.03332261252550539
11750,0.010749827964510628
11751,0.06355889655424651
11752,0.015341486006784644
11753,0.017768173346401572
11754,0.07671523392384905
11755,0.0462446808080319
11756,0.035458827812179905
11757,0.09164665748854628
11758,0.020813822845591856
11759,0.034116386230258366
11760,0.020447824245315327
11761,0.04413055863308446
11762,0.0436734428860881
11763,0.10409452687523724
11764,0.033885908171772505
11765,0.05860430718338627
11766,0.044100169088433505
11767,0.07992601523373077
11768,0.08304499043441393
11769,0.04307226717240775
11770,0.028045134034139663
11771,0.03089109764208231
11772,0.0389248523084158
11773,0.0338152015537273
11774,0.03304433787406358
11775,0.05026638479614498
11776,0.07435580013817056
11777,0.016488396695100493
11778,0.050000862564015036
11779,0.0414444449385285
11780,0.03450374820073465
11781,0.03914580746790097
11782,0.0335056832156404
11783,0.03367364393751626
11784,0.034072162600191525
11785,0.042465023878357044
11786,0.11537611264545744
11787,0.04348215781112574
11788,0.04046633227446195
11789,0.03877391954212239
11790,0.027606677548049796
11791,0.04518488345055993
11792,0.050221700380321144
11793,0.058618555097480374
11794,0.05039906416046602
11795,0.0335258190673422
11796,0.022409050813545273
11797,0.09993549055134765
11798,0.11461034780915957
11799,0.020041101904557657
11800,0.03943502559161771
11801,0.033073800647736906
11802,0.033624329916401074
11803,0.033073800647736906
11804,0.033624329916401074
11805,0.03462184245954247
11806,0.033624329916401074
11807,0.033624329916401074
11808,0.03405555652933445
11809,0.03475456370764851
11810,0.034706244783533235
11811,0.033624329916401074
11812,0.033624329916401074
11813,0.033624329916401074
11814,0.033073800647736906
11815,0.03462184245954247
11816,0.03462184245954247
11817,0.03462184245954247
11818,0.034706244783533235
11819,0.033624329916401074
11820,0.03462184245954247
11821,0.034706244783533235
11822,0.03422189324505165
11823,0.030308662927717944
11824,0.033624329916401074
11825,0.045201344891183104
11826,0.032772318176423565
11827,0.261117692195048
11828,0.05588384404698732
11829,0.033624329916401074
11830,0.03145746699286178
11831,0.05575599936095588
11832,0.01664873189020133
11833,0.09014421455938981
11834,0.042551213266947
11835,0.036706612507963476
11836,0.037113353461326604
11837,0.037113353461326604
11838,0.037113353461326604
11839,0.037113353461326604
11840,0.031372426708926926
11841,0.042426025668669154
11842,0.05043027845249248
11843,0.033095116788656065
11844,0.06101188101178612
11845,0.024589802568429908
11846,0.03419380350362289
11847,0.028981197138113868
11848,0.04105293866019022
11849,0.03603600671464191
11850,0.0642307344775066
11851,0.033450707759520526
11852,0.017701747572906767
11853,0.03306035528407114
11854,0.15755745019331968
11855,0.05138733413530572
11856,0.04189548315020519
11857,0.04748766892276468
11858,0.026032628374983657
11859,0.03536401502062925
11860,0.048928710709189915
11861,0.038795436570134956
11862,0.04049470700676139
11863,0.10075160904750569
11864,0.03179174298462428
11865,0.03208643167234193
11866,0.047468989213792945
11867,0.031957879780228016
11868,0.03467697584253027
11869,0.009594676727785578
11870,0.027641132795517276
11871,0.032401512358288365
11872,0.15949094548642107
11873,0.03135911171105599
11874,0.021821090368471685
11875,0.042768211718345106
11876,0.03497963334922871
11877,0.03144962519396077
11878,0.04075102729333713
11879,0.04402366152927395
11880,0.03997506604599854
11881,0.04338985462839029
11882,0.11294523822577585
11883,0.05911067330316455
11884,0.04280473723003286
11885,0.03380946793992734
11886,0.029490003268802578
11887,0.03438130602522238
11888,0.04032844354732401
11889,0.07558205245716187
11890,0.09095183778735172
11891,0.059711415865325024
11892,0.020599073426300518
11893,0.2315824260433168
11894,0.03653808403371961
11895,0.060252804715641095
11896,0.13036350506985717
11897,0.028045134034139663
11898,0.039670891176310064
11899,0.010685077337773352
11900,0.044374483537286014
11901,0.031455255484429845
11902,0.12304398818553008
11903,0.029912907920016996
11904,0.08602284019928241
11905,0.03307268080194359
11906,0.12101172518817238
11907,0.03507707011027694
11908,0.1191592780045545
11909,0.011630421108845823
11910,0.02928365112267084
11911,0.03365543909536617
11912,0.027870247968483697
11913,0.027870247968483697
11914,0.027997442380913062
11915,0.038092714775079806
11916,0.06040657687545081
11917,0.04943167347895261
11918,0.036059666963536574
11919,0.050026764036537386
11920,0.21372430058907232
11921,0.05805241212839052
11922,0.05391399993821755
11923,0.033859117536387595
11924,0.06220992287122651
11925,0.05938594186964363
11926,0.05924901376839009
11927,0.02097340475491072
11928,0.03971233793508888
11929,0.03163660960124104
11930,0.029950879196502744
11931,0.15940323729396166
11932,0.04892003137944789
11933,0.033521231947713837
11934,0.0476392571641896
11935,0.06563993054413542
11936,0.0828833440193828
11937,0.2411598752864773
11938,0.027429707254988833
11939,0.04493461727406867
11940,0.08412845738422636
11941,0.0432285164971401
11942,0.04706980490036883
11943,0.045602034739884334
11944,0.03586980246688187
11945,0.05190734836996824
11946,0.051999519069140465
11947,0.0812206654203742
11948,0.07068307348198533
11949,0.018500647759788658
11950,0.12190585056590686
11951,0.013191632826524358
11952,0.030752792040440458
11953,0.05507508290368324
11954,0.043172665078702877
11955,0.06092746156189588
11956,0.033928696530332814
11957,0.043172665078702877
11958,0.04137194632365482
11959,0.043172665078702877
11960,0.06151950118853666
11961,0.034979163663869106
11962,0.033928696530332814
11963,0.03745254953810506
11964,0.045693561834877494
11965,0.018171522510647686
11966,0.043172665078702877
11967,0.043172665078702877
11968,0.043172665078702877
11969,0.03337335598289848
11970,0.033095116788656065
11971,0.021976317150880664
11972,0.033928696530332814
11973,0.043172665078702877
11974,0.037627257525537305
11975,0.043172665078702877
11976,0.043172665078702877
11977,0.043172665078702877
11978,0.027004458166178802
11979,0.042987023995480156
11980,0.040947620105714844
11981,0.10127096896186172
11982,0.03768343319190304
11983,0.03768343319190304
11984,0.04031898220931773
11985,0.022590451330817607
11986,0.029014357876769536
11987,0.042898514413864386
11988,0.042898514413864386
11989,0.033074864548200855
11990,0.07049817360130362
11991,0.07103677726916346
11992,0.06947027513243387
11993,0.04315778278702109
11994,0.026694556749224496
11995,0.022590451330817607
11996,0.0411087391222803
11997,0.04278834332907733
11998,0.05625950318265105
11999,0.11465778560716766
12000,0.06533876996496801
12001,0.10455532516396837
12002,0.05548172428852116
12003,0.11167175334307333
12004,0.07992877423609046
12005,0.05251564096170802
12006,0.020834610031203682
12007,0.022625858740857097
12008,0.022625858740857097
12009,0.04856725647003457
12010,0.03230149501194857
12011,0.04008103860961865
12012,0.03201297077970178
12013,0.028767857164770705
12014,0.02835702946556673
12015,0.06141606432814206
12016,0.08346242322442732
12017,0.018984357360358972
12018,0.02923771844121592
12019,0.03374824504667617
12020,0.02923771844121592
12021,0.06513030345358006
12022,0.019963877107656236
12023,0.0396957388063095
12024,0.050568147591737
12025,0.0632923223337376
12026,0.034688291193293974
12027,0.018176531416030373
12028,0.05604132612812662
12029,0.04737138215689696
12030,0.030901226346251587
12031,0.033095116788656065
12032,0.5570028486091816
12033,0.057801484829454686
12034,0.05124695343743424
12035,0.048428853302765806
12036,0.06113669820349332
12037,0.09970842471148311
12038,0.03068106067531784
12039,0.061890569371171766
12040,0.03886218979952072
12041,0.041916300189081435
12042,0.024053801334433245
12043,0.04610618568779312
12044,0.1147736111517883
12045,0.0279386625372835
12046,0.052714362345126053
12047,0.026403677762736666
12048,0.07172876824170371
12049,0.03948077595707489
12050,0.06113669820349332
12051,0.02790931999084001
12052,0.02279279160014447
12053,0.06297308089013254
12054,0.04520695875127212
12055,0.04524414225408657
12056,0.08581746750116404
12057,0.02624188420530138
12058,0.042628325641587805
12059,0.04527264863167968
12060,0.052714362345126053
12061,0.02277656384483906
12062,0.056254020315041786
12063,0.02975898968909474
12064,0.022852090655318236
12065,0.03985768396785583
12066,0.03306820134447974
12067,0.04456362877681008
12068,0.05650869414471793
12069,0.04263763382569341
12070,0.04121530646345706
12071,0.03470609384016021
12072,0.0326792918507105
12073,0.09037795682489702
12074,0.02269715700891184
12075,0.025903214601713076
12076,0.03360065025407033
12077,0.04748766892276468
12078,0.025968752006207185
12079,0.04737370884792613
12080,0.06261329104309454
12081,0.05899357066014488
12082,0.03497107862369475
12083,0.058278582992818295
12084,0.024336904150405347
12085,0.05878192265473592
12086,0.06661547211331109
12087,0.029983380767684586
12088,0.03413862716088212
12089,0.02313414171156203
12090,0.026694556749224496
12091,0.057513506230322586
12092,0.044389685871847884
12093,0.04130164768951794
12094,0.04458835295504837
12095,0.08692649324730461
12096,0.07563084635415263
12097,0.04546331692089578
12098,0.08812036488862485
12099,0.04734967549699165
12100,0.03968200535852062
12101,0.0227756927097148
12102,0.034011941988808636
12103,0.0609129815339261
12104,0.041325134816525555
12105,0.03422189324505165
12106,0.07531946055714467
12107,0.062341906045093265
12108,0.046744356535249554
12109,0.043776323306764064
12110,0.028673777248065746
12111,0.04014184845251234
12112,0.04014184845251234
12113,0.051495901411022116
12114,0.03988614148623204
12115,0.04162499846988643
12116,0.03785762765497225
12117,0.027006914525391057
12118,0.06153797464272437
12119,0.024598683214833272
12120,0.04527264863167968
12121,0.03574922549129267
12122,0.07373850186271269
12123,0.09765619757316812
12124,0.0962696056311263
12125,0.07605849277337673
12126,0.05231388204330423
12127,0.06408446209963936
12128,0.08402933884373254
12129,0.05191385187997122
12130,0.05229602085794449
12131,0.031225539104521416
12132,0.04604192924153916
12133,0.0276987973506857
12134,0.033871680525767056
12135,0.022941349737534145
12136,0.044957455562977144
12137,0.0447739530409732
12138,0.03145920337324237
12139,0.046358629217471026
12140,0.018894290522138757
12141,0.026094964798363596
12142,0.026094964798363596
12143,0.02005941067031325
12144,0.013923244549088665
12145,0.040155734391573494
12146,0.023871766737813327
12147,0.038451194139911604
12148,0.04667853248890064
12149,0.013576333891597181
12150,0.1178933198270814
12151,0.1970379763106942
12152,0.02799560043985827
12153,0.02799560043985827
12154,0.024134589153825048
12155,0.02881114357832082
12156,0.0921424059186533
12157,0.26465203477133326
12158,0.03191760570255242
12159,0.02881114357832082
12160,0.01647436435010985
12161,0.018920011656235136
12162,0.022513084112388726
12163,0.11317842285414126
12164,0.0333350718663632
12165,0.0651184625564577
12166,0.03377001271881652
12167,0.031737035056243035
12168,0.04372520180013295
12169,0.04372520180013295
12170,0.04372520180013295
12171,0.06528122657128366
12172,0.043269970936237634
12173,0.019924488862904544
12174,0.04451508007872251
12175,0.06150391217293738
12176,0.04686904221498167
12177,0.037491227933005744
12178,0.022132867631339037
12179,0.027680968443177134
12180,0.03700548101895429
12181,0.031737035056243035
12182,0.031737035056243035
12183,0.03223846990234691
12184,0.007474772045513167
12185,0.048836220697557775
12186,0.026194168104446303
12187,0.026983830466313363
12188,0.0337032390607066
12189,0.023406391979860164
12190,0.07480371709186551
12191,0.04295743053199175
12192,0.04166098470197088
12193,0.07871783892905937
12194,0.06501491476756172
12195,0.007480120428853709
12196,0.007480120428853709
12197,0.01734200925287943
12198,0.04298706802491559
12199,0.03404231292403448
12200,0.03404231292403448
12201,0.03404231292403448
12202,0.03171354780881408
12203,0.03404231292403448
12204,0.03404231292403448
12205,0.033797244908721824
12206,0.054570045805581335
12207,0.04821202522150647
12208,0.03342996865777015
12209,0.02535063824119388
12210,0.0438051705533441
12211,0.02534217039211506
12212,0.06153906820834787
12213,0.049882541404834946
12214,0.048857411909606574
12215,0.010872548875271115
12216,0.017331103925864233
12217,0.02928073029073963
12218,0.05232805427972287
12219,0.030287726602315712
12220,0.033406690310800236
12221,0.058329010728839115
12222,0.040919389189939315
12223,0.030907061424411908
12224,0.021342828553229443
12225,0.023116395949089208
12226,0.04165169670813684
12227,0.0546469790896803
12228,0.04595033010375871
12229,0.05461568667044947
12230,0.06421686646566682
12231,0.04503269730510284
12232,0.0647944171114565
12233,0.03495635848047296
12234,0.052300704350891625
12235,0.053273605357075926
12236,0.017161109938245045
12237,0.13102199595326092
12238,0.04740558934987216
12239,0.05079939232913688
12240,0.03437817992562853
12241,0.03437817992562853
12242,0.022721625060487805
12243,0.009019641815380286
12244,0.028355411623234072
12245,0.04148770293169757
12246,0.03439014352011094
12247,0.03285161600235498
12248,0.08477337610123603
12249,0.05323892607814451
12250,0.040399830964902295
12251,0.05505222669868992
12252,0.040399830964902295
12253,0.11682837192026041
12254,0.040399830964902295
12255,0.02891213873972387
12256,0.08929165307072306
12257,0.018427055775617984
12258,0.10515959836960687
12259,0.040399830964902295
12260,0.040399830964902295
12261,0.030145410888892665
12262,0.03244126023236882
12263,0.05143391354768001
12264,0.05360039205111766
12265,0.040399830964902295
12266,0.04058114329815432
12267,0.040415757729275636
12268,0.03934076647818385
12269,0.03211683521643094
12270,0.03551205620732678
12271,0.045508041833667634
12272,0.04312647890598842
12273,0.048849553337126594
12274,0.048849553337126594
12275,0.08643130022643475
12276,0.13461753045923996
12277,0.14611824015774666
12278,0.05414693369210044
12279,0.0680882893903999
12280,0.059509377863538715
12281,0.04665817647592485
12282,0.017337900428910924
12283,0.04173535738245937
12284,0.03315948777375377
12285,0.05121458754758368
12286,0.04406258071239999
12287,0.05699432034543239
12288,0.02373795885363894
12289,0.05562201379295806
12290,0.01987529421727341
12291,0.03330999412767188
12292,0.03910079982649495
12293,0.03497107862369475
12294,0.03910079982649495
12295,0.047516977407658034
12296,0.03910079982649495
12297,0.047516977407658034
12298,0.03910079982649495
12299,0.03910079982649495
12300,0.0499795769987732
12301,0.03910079982649495
12302,0.04099261854516778
12303,0.024910909245968615
12304,0.05854111871236256
12305,0.1370876914500323
12306,0.08690701683890234
12307,0.06078497110240555
12308,0.1045678738102307
12309,0.047516977407658034
12310,0.04916150944353537
12311,0.06280661496352369
12312,0.05775331423752028
12313,0.050899764930641966
12314,0.028205922906512693
12315,0.03308358827086033
12316,0.06350934232755978
12317,0.10536361909558267
12318,0.07720505086318785
12319,0.03483295913451345
12320,0.12863985888769225
12321,0.03549668590938748
12322,0.025068177695881988
12323,0.02098115402684464
12324,0.041648639554837774
12325,0.021654830977506756
12326,0.07770402038839597
12327,0.045820670891912774
12328,0.09171746194099695
12329,0.02012712441411102
12330,0.05998635082529502
12331,0.048166682128901406
12332,0.03181525419686482
12333,0.03437065259082073
12334,0.047625285847324395
12335,0.034917501125370176
12336,0.07292192443401246
12337,0.05136066871935785
12338,0.046370547960555175
12339,0.011740956183855511
12340,0.007430860723203758
12341,0.12922449745457032
12342,0.07563304647819735
12343,0.09338503797161024
12344,0.033456132617841305
12345,0.021340860401991235
12346,0.019679797449711822
12347,0.04158372237748076
12348,0.06831522208904883
12349,0.038689608473944315
12350,0.11308687626392022
12351,0.023533535613201595
12352,0.051947114098166214
12353,0.029724583772247182
12354,0.07679872707254853
12355,0.014001581219485582
12356,0.0690463798130706
12357,0.06506109968013873
12358,0.025634287622845586
12359,0.12346439996463354
12360,0.11548897794747326
12361,0.06963532824741958
12362,0.0525865272385706
12363,0.3955904571693545
12364,0.06670767989232129
12365,0.06321495511699537
12366,0.4910716864975957
12367,0.027789685820993504
12368,0.05211231811031225
12369,0.06954551867342018
12370,0.051447700174882316
12371,0.08426808528760021
12372,0.16577659729815808
12373,0.13517229626218286
12374,0.07388059332875452
12375,0.040119280379196876
12376,0.09357292497003888
12377,0.05927893966209419
12378,0.051447700174882316
12379,0.03214361453878267
12380,0.1346687161201776
12381,0.02641696565292362
12382,0.05226731976396759
12383,0.0416630241014615
12384,0.11369580975417826
12385,0.028490170178847918
12386,0.04549607821686785
12387,0.021495815859903455
12388,0.03497107862369475
12389,0.08224772296649607
12390,0.020108921174929684
12391,0.023682431482634603
12392,0.07203885643617003
12393,0.028537672603131448
12394,0.02383761949420382
12395,0.029686508776515796
12396,0.02843928108059135
12397,0.03842225215170281
12398,0.0990843621384414
12399,0.04332795176549997
12400,0.05531512058755339
12401,0.05701922088037714
12402,0.0929485176099254
12403,0.027915536669887997
12404,0.03208908629279994
12405,0.023113791543019513
12406,0.04257169703691244
12407,0.05471909222392635
12408,0.033095116788656065
12409,0.04663045255312648
12410,0.1045657954469783
12411,0.055844017416254776
12412,0.21185868499579696
12413,0.13077114387721112
12414,0.06679968855301666
12415,0.06679968855301666
12416,0.06679968855301666
12417,0.05100397477622187
12418,0.05100397477622187
12419,0.05100397477622187
12420,0.07219602006471748
12421,0.0862958105990782
12422,0.08139935441067658
12423,0.03968200535852062
12424,0.11220272539921605
12425,0.030864873764411938
12426,0.04589285917115904
12427,0.03962711710424416
12428,0.014485263978176177
12429,0.017696901464966275
12430,0.020633825267865946
12431,0.01377612065576439
12432,0.016523811245003905
12433,0.0836257518014748
12434,0.04689440731419814
12435,0.05663323676410137
12436,0.16257776302336502
12437,0.045484211448360345
12438,0.016409127816830127
12439,0.10497095999520467
12440,0.07226736411071177
12441,0.062372409695722
12442,0.030366952789729562
12443,0.023447262331632968
12444,0.045719445973985584
12445,0.07596683947931082
12446,0.0649151755436922
12447,0.05891272951839166
12448,0.030710639805891615
12449,0.0294526688436606
12450,0.030051493327576173
12451,0.035456872643810255
12452,0.056123794297275875
12453,0.0475599921944283
12454,0.12929081333206704
12455,0.1494260856645132
12456,0.13881261549094837
12457,0.12498982754902044
12458,0.04489507580809993
12459,0.05445829989054507
12460,0.043292773124177786
12461,0.06475837094848291
12462,0.04072474735187004
12463,0.09501664761111395
12464,0.05140092007198238
12465,0.0395599021073183
12466,0.05891280763937212
12467,0.0361415583275978
12468,0.055005774593074874
12469,0.055626170606905334
12470,0.028967586975364612
12471,0.036834309976575996
12472,0.021543206823562255
12473,0.021543206823562255
12474,0.05422885981954606
12475,0.0681196469188049
12476,0.0844797651424204
12477,0.06671052031056113
12478,0.06661810827473835
12479,0.0844797651424204
12480,0.02218443398795522
12481,0.007171106100090752
12482,0.15710603367905307
12483,0.07283678605548449
12484,0.07339033033249942
12485,0.043292773124177786
12486,0.043292773124177786
12487,0.044768832158689986
12488,0.07689377878341697
12489,0.04192962504251341
12490,0.035051569894223644
12491,0.03758277076794758
12492,0.08451415281433672
12493,0.0737605120621555
12494,0.04480698534204319
12495,0.0574849762935663
12496,0.03413348983483078
12497,0.09182069389109149
12498,0.024715539908720108
12499,0.058452997385947114
12500,0.04327861282693257
12501,0.0494169231025533
12502,0.06748640007529438
12503,0.04613355916176054
12504,0.028403667545381595
12505,0.04613355916176054
12506,0.0857987657301269
12507,0.1511742164362183
12508,0.07144707402353545
12509,0.03991676737635119
12510,0.05092164079015549
12511,0.03997859914106505
12512,0.05537161828599202
12513,0.08915333043885709
12514,0.049682363102054095
12515,0.06528913371030454
12516,0.04367086131167841
12517,0.04014540156908453
12518,0.05255504272552847
12519,0.0365656086662427
12520,0.04827619796063609
12521,0.03820150969637692
12522,0.09701056451571866
12523,0.12284546902370119
12524,0.06595162793943987
12525,0.03861304948366384
12526,0.09411572865983131
12527,0.08886570504512048
12528,0.19828304905204597
12529,0.0396957388063095
12530,0.07538492100407845
12531,0.03083672314085195
12532,0.04477478560124459
12533,0.033495219763467476
12534,0.05430643584079298
12535,0.04155227689139396
12536,0.04155227689139396
12537,0.05066351771691113
12538,0.04155227689139396
12539,0.027979691084187186
12540,0.04155227689139396
12541,0.04155227689139396
12542,0.04155227689139396
12543,0.06655363679722559
12544,0.04155227689139396
12545,0.04819417876886711
12546,0.05729650249636142
12547,0.04155227689139396
12548,0.04155227689139396
12549,0.04155227689139396
12550,0.04155227689139396
12551,0.04155227689139396
12552,0.04155227689139396
12553,0.04155227689139396
12554,0.04105062494938816
12555,0.04155227689139396
12556,0.04155227689139396
12557,0.04155227689139396
12558,0.07807953344413254
12559,0.04649815953825909
12560,0.052265748640717646
12561,0.04155227689139396
12562,0.10718047881842419
12563,0.04155227689139396
12564,0.04349851361876933
12565,0.02804837140253391
12566,0.054604101112944003
12567,0.047802142854417196
12568,0.039394653059261486
12569,0.03340061118582183
12570,0.02320038826990911
12571,0.0452608829457577
12572,0.15635918574421648
12573,0.05967918389968718
12574,0.04077592405806485
12575,0.030202660317546925
12576,0.05281585633922803
12577,0.03508106949144674
12578,0.03508106949144674
12579,0.1556634698148588
12580,0.07027236919569957
12581,0.035101411548688954
12582,0.07896118074343839
12583,0.05748695633981382
12584,0.0462446808080319
12585,0.04997463461741092
12586,0.050674016388796095
12587,0.07363697214065157
12588,0.06513226523555393
12589,0.08937112564844452
12590,0.06221564662392731
12591,0.040219299693972976
12592,0.23967251906742404
12593,0.018263858421977308
12594,0.04737138215689696
12595,0.047079547786816334
12596,0.033095116788656065
12597,0.011952728641219879
12598,0.05337741368470472
12599,0.05750648285755888
12600,0.03153504677869856
12601,0.04735512413452858
12602,0.03938101950571704
12603,0.056969049101565084
12604,0.22078834570044192
12605,0.13036350506985717
12606,0.10167507204607329
12607,0.07412033810466001
12608,0.013219976429100555
12609,0.007379283185634744
12610,0.013971147756946412
12611,0.013971147756946412
12612,0.07869158762768658
12613,0.03731155356997895
12614,0.017989147194907185
12615,0.03430836626513656
12616,0.06052261226721478
12617,0.012101246534364396
12618,0.04824607625302069
12619,0.04824607625302069
12620,0.04824607625302069
12621,0.03447092781910299
12622,0.04824607625302069
12623,0.03447092781910299
12624,0.03447092781910299
12625,0.043561857063706966
12626,0.02922134569589474
12627,0.02398457522454933
12628,0.029379933965927307
12629,0.025867610491205784
12630,0.03447092781910299
12631,0.054221862068676185
12632,0.054221862068676185
12633,0.04280677078915707
12634,0.431925037997402
12635,0.04957146188269701
12636,0.04182841733765019
12637,0.04169016433102246
12638,0.11365562180249544
12639,0.14218394710756443
12640,0.08301421648702167
12641,0.07971125730255191
12642,0.05859971904342698
12643,0.07923190167035521
12644,0.04821505416424143
12645,0.18310097114121238
12646,0.026531448071323238
12647,0.043100625478759924
12648,0.10920331537788552
12649,0.02829684698483448
12650,0.03289938342350296
12651,0.0921907516940742
12652,0.06324907946914271
12653,0.02829684698483448
12654,0.04397075034708675
12655,0.052285019985742864
12656,0.0922665312524934
12657,0.07661682144687487
12658,0.08830554326438633
12659,0.11525967042702934
12660,0.06634446448308062
12661,0.07964741009447829
12662,0.11487409448406638
12663,0.029293173429680963
12664,0.047917383912981615
12665,0.04591967405495889
12666,0.05082804909574601
12667,0.04591967405495889
12668,0.04591967405495889
12669,0.04591967405495889
12670,0.04591967405495889
12671,0.05289167566167241
12672,0.06284762915088549
12673,0.040305042189276774
12674,0.051633058608804405
12675,0.08008274111258062
12676,0.04352970821353874
12677,0.10690494403808937
12678,0.007480120428853709
12679,0.08895636810622765
12680,0.03133646291603098
12681,0.06662502279365123
12682,0.062943744357421
12683,0.039342764529498475
12684,0.039923751545385855
12685,0.039923751545385855
12686,0.048403581802942464
12687,0.09081342058602093
12688,0.11739742832281241
12689,0.02851452656949527
12690,0.10189476619287852
12691,0.18966524019390907
12692,0.1549822790208063
12693,0.05156252721358612
12694,0.03518814108146129
12695,0.04304511469215522
12696,0.04304511469215522
12697,0.046149418111533946
12698,0.09242477031976137
12699,0.20198869016466792
12700,0.051383825468797495
12701,0.03911292891041085
12702,0.065645409748467
12703,0.10147759047904248
12704,0.04761609994646532
12705,0.03570354931518127
12706,0.13470373933378443
12707,0.27152274509875485
12708,0.04645306759982848
12709,0.008158153397639367
12710,0.01737452598532474
12711,0.045207428811288364
12712,0.09228126106217815
12713,0.08585054190414498
12714,0.028431231366840337
12715,0.07451903658507941
12716,0.04434508055122266
12717,0.04349851361876933
12718,0.03589062548003641
12719,0.19218689191099514
12720,0.07200025058791026
12721,0.05013121155048039
12722,0.07627511765072648
12723,0.07484410929403174
12724,0.008104465022957474
12725,0.15612366494630936
12726,0.04661933689334696
12727,0.05368831042600486
12728,0.008104465022957474
12729,0.11762890529298453
12730,0.04737138215689696
12731,0.12962714658268504
12732,0.07087170704870183
12733,0.008104465022957474
12734,0.05368831042600486
12735,0.01045313619640409
12736,0.008104465022957474
12737,0.008104465022957474
12738,0.05858061173423723
12739,0.02511399694594363
12740,0.10834341606024311
12741,0.05354076842119848
12742,0.07792908113792008
12743,0.07951420988960844
12744,0.09313410451408333
12745,0.024478028252386874
12746,0.07833456135387062
12747,0.034934615726311624
12748,0.05390075050760934
12749,0.0862334132490038
12750,0.5102201864381097
12751,0.10711631406637878
12752,0.0345245394013004
12753,0.059945222133082954
12754,0.13366115292623482
12755,0.07102948647824847
12756,0.10112387654799848
12757,0.07102948647824847
12758,0.03749515100140122
12759,0.0345245394013004
12760,0.0345245394013004
12761,0.10687054606700941
12762,0.10772195657141004
12763,0.048483764779993055
12764,0.0438689873768866
12765,0.06359619901247149
12766,0.0655198377611439
12767,0.030006989655216754
12768,0.034946765952261205
12769,0.036363015128589526
12770,0.21415160967991842
12771,0.029418036898989253
12772,0.08939616566810027
12773,0.07260780171225734
12774,0.05811464940795952
12775,0.05191257227808954
12776,0.06304056170400862
12777,0.05612697389647936
12778,0.04560567479034017
12779,0.05696404920116638
12780,0.01871950818311674
12781,0.20683427973719748
12782,0.06365822173214097
12783,0.05307179528031214
12784,0.060124810529686656
12785,0.04217521807628577
12786,0.04595033010375871
12787,0.07971125730255191
12788,0.060226701799273585
12789,0.05210138853922863
12790,0.03303751297299973
12791,0.03303751297299973
12792,0.03303751297299973
12793,0.062341906045093265
12794,0.06499805644376944
12795,0.04648316369767869
12796,0.02768558500850926
12797,0.02768558500850926
12798,0.02768558500850926
12799,0.035935657976934654
12800,0.04586131428218476
12801,0.048942830160853545
12802,0.09238692534454163
12803,0.0393265305267253
12804,0.03523354038143334
12805,0.03523354038143334
12806,0.03344310061921962
12807,0.051559353302484956
12808,0.059732119160253894
12809,0.033095116788656065
12810,0.01476242628036939
12811,0.036048048964651525
12812,0.042674089510676416
12813,0.07541149440860284
12814,0.036901603410460226
12815,0.036901603410460226
12816,0.05904591804570247
12817,0.06415205727813311
12818,0.03932916706456402
12819,0.07664231739759786
12820,0.0672978025425992
12821,0.02564228610783237
12822,0.03632014643034909
12823,0.05748695633981382
12824,0.11774070409043114
12825,0.10033342328883577
12826,0.0736183607830938
12827,0.0813724154356712
12828,0.05054234070077257
12829,0.10000863479841571
12830,0.06992635170176609
12831,0.05510693743319617
12832,0.060934433930929344
12833,0.07618782542065194
12834,0.1027418615020883
12835,0.0390179271228992
12836,0.05472550033242307
12837,0.033026364203831204
12838,0.04828274153271894
12839,0.08367609631913797
12840,0.2094770814344481
12841,0.035957313010133274
12842,0.042770556979230046
12843,0.15839488716713135
12844,0.05268944502777362
12845,0.03498716368808408
12846,0.15181832227927583
12847,0.12576636869502156
12848,0.39970854757510776
12849,0.2516255408001187
12850,0.24010127462435737
12851,0.05370584193973138
12852,0.03604484943217401
12853,0.07943026284891208
12854,0.06256327087468572
12855,0.03408180199080113
12856,0.19596412594211332
12857,0.07802767404531064
12858,0.1585728945340844
12859,0.0985307833888005
12860,0.02787719075748918
12861,0.018380108797577344
12862,0.02787719075748918
12863,0.02787719075748918
12864,0.028122354957545337
12865,0.3378248248026876
12866,0.07007169669810409
12867,0.0986708464726076
12868,0.04065449857298509
12869,0.07814616546224928
12870,0.11529093347621178
12871,0.10750024063314223
12872,0.07774542931663309
12873,0.03920123039547785
12874,0.10528750329379033
12875,0.061468237389318725
12876,0.06461625278787786
12877,0.02580604385798113
12878,0.05154039218862838
12879,0.05658557184085067
12880,0.039648007696378884
12881,0.03619018589683254
12882,0.039648007696378884
12883,0.039648007696378884
12884,0.039648007696378884
12885,0.09106724436434177
12886,0.22289840102532954
12887,0.5041303501587635
12888,0.0505618397089318
12889,0.13003692839089642
12890,0.041150896934453174
12891,0.2327219290204714
12892,0.09220483617310005
12893,0.02992818901592409
12894,0.03706168287364109
12895,0.008642870200831876
12896,0.03706168287364109
12897,0.028146263849605724
12898,0.05448202965200166
12899,0.03137004138719102
12900,0.06642509184144907
12901,0.23572517940338356
12902,0.03263144158655906
12903,0.07596994717726491
12904,0.08828686723774659
12905,0.09610703543923704
12906,0.07139425837107183
12907,0.14772508922911487
12908,0.063171383753998
12909,0.0837044664224611
12910,0.08001708447966449
12911,0.06337932698133897
12912,0.09192829541368874
12913,0.040846683489741076
12914,0.054016935117416676
12915,0.03454725041488904
12916,0.07261744276500393
12917,0.05199264524385461
12918,0.08822753485713242
12919,0.11495750478079358
12920,0.1113783266641637
12921,0.07615022715782127
12922,0.0295767078603012
12923,0.08828686723774659
12924,0.08450507237219163
12925,0.09858990262334244
12926,0.0743958891745573
12927,0.036612088905774165
12928,0.04896383734108267
12929,0.04909824563059051
12930,0.05622199693881069
12931,0.029966456964575006
12932,0.06159041233880114
12933,0.06659364494509712
12934,0.0383018626741648
12935,0.024590233486807
12936,0.03650329912547978
12937,0.029966456964575006
12938,0.03650329912547978
12939,0.03650329912547978
12940,0.028895614613007825
12941,0.0644978995453872
12942,0.2284758996586591
12943,0.08203053923291503
12944,0.06447997822100782
12945,0.05405041555932455
12946,0.10766808383138005
12947,0.28339712578559395
12948,0.04549799809616295
12949,0.794222009772968
12950,0.1325347619597378
12951,0.030758667988616706
12952,0.06840430193653724
12953,0.07416102892285215
12954,0.14517977599853815
12955,0.026535368354192568
12956,0.04114700773642588
12957,0.038840157934329156
12958,0.025040967241814593
12959,0.07428731621295281
12960,0.03552246011333593
12961,0.06068196889333677
12962,0.02345339010700631
12963,0.02210430543085784
12964,0.07235493249829572
12965,0.04264164475887311
12966,0.02210430543085784
12967,0.08126970175318138
12968,0.09185828008149044
12969,0.04110929873517433
12970,0.05608632106605904
12971,0.02506737190189101
12972,0.10860529733681468
12973,0.059446601598245774
12974,0.09595334504291642
12975,0.07218355380791508
12976,0.07386178926562281
12977,0.030210134783107523
12978,0.030210134783107523
12979,0.030210134783107523
12980,0.034656583484066195
12981,0.04626604212579388
12982,0.045417185513004
12983,0.04706360010900601
12984,0.027917666784532336
12985,0.04706360010900601
12986,0.04626604212579388
12987,0.04626604212579388
12988,0.04626604212579388
12989,0.05494747239256359
12990,0.06435870961650358
12991,0.06553198528567772
12992,0.03922729588957774
12993,0.10716827098522963
12994,0.05924452454498519
12995,0.03336572913490432
12996,0.08843558023009479
12997,0.04660334620174533
12998,0.3788375888436427
12999,0.04660334620174533
13000,0.15773874548163125
13001,0.092073310154691
13002,0.4248520836714116
13003,0.16957587172515143
13004,0.026616968714914813
13005,0.03394728736961394
13006,0.06038235775440559
13007,0.09734909973833883
13008,0.03558435979742958
13009,0.06124547777382572
13010,0.07670115846515635
13011,0.11730815897869806
13012,0.056135504375985024
13013,0.057134140067337635
13014,0.14287126165197106
13015,0.06425725997304188
13016,0.03995821507049235
13017,0.04132579676177195
13018,0.20172898590273303
13019,0.032136894493919654
13020,0.06549600232491382
13021,0.06365720462625168
13022,0.055840943263962384
13023,0.06365720462625168
13024,0.055840943263962384
13025,0.055840943263962384
13026,0.06409922824264369
13027,0.1395969609646831
13028,0.04513985771848528
13029,0.030113348968744402
13030,0.06365720462625168
13031,0.007283501631124567
13032,0.24724024448172022
13033,0.07491660307463599
13034,0.0251694122813787
13035,0.0849208967722549
13036,0.09838315479415238
13037,0.06713755469648519
13038,0.018654441428595847
13039,0.037445827723452285
13040,0.08682067615583755
13041,0.030686799630474604
13042,0.1631535319730144
13043,0.08936953163086403
13044,0.1530538957440044
13045,0.03500551509813521
13046,0.06675745070418837
13047,0.05208694814431314
13048,0.06675745070418837
13049,0.04880867001417577
13050,0.06675745070418837
13051,0.06675745070418837
13052,0.05649863113278286
13053,0.04895960526233878
13054,0.44329459402535565
13055,0.11481220316969787
13056,0.07122346377495659
13057,0.07122346377495659
13058,0.07122346377495659
13059,0.07122346377495659
13060,0.05444271403319623
13061,0.07122346377495659
13062,0.07122346377495659
13063,0.08689205950853407
13064,0.13463485859818503
13065,0.04228397716733934
13066,0.06648813199523629
13067,0.12700711968655576
13068,0.12700711968655576
13069,0.07304376366439103
13070,0.08707873168125935
13071,0.18246995917919373
13072,0.10975983706119097
13073,0.07822555713502144
13074,0.06788816224095418
13075,0.02715024064541227
13076,0.03991880544956772
13077,0.02715024064541227
13078,0.3164171172657677
13079,0.09568782331217018
13080,0.02715024064541227
13081,0.07636566101163011
13082,0.05228375347569614
13083,0.0504693435371667
13084,0.0793463683626946
13085,0.1555949377781759
13086,0.1112779251006546
13087,0.03857018558404257
13088,0.09059691382550328
13089,0.07134972167410525
13090,0.06237589442117997
13091,0.074368053160081
13092,0.074368053160081
13093,0.05601500088637912
13094,0.05601500088637912
13095,0.07333262271286911
13096,0.03025595167743511
13097,0.11124816774787072
13098,0.05683715847407922
13099,0.04001564861557971
13100,0.05296438829474992
13101,0.05552849026644879
13102,0.05792724280992467
13103,0.020361378991453738
13104,0.020361378991453738
13105,0.0748883394112353
13106,0.10422439140945183
13107,0.08712406442164256
13108,0.16602107183208148
13109,0.10775644295790832
13110,0.040605366030972756
13111,0.17036250807742037
13112,0.05314020542717801
13113,0.06833843467978395
13114,0.036734223606315064
13115,0.08898015055838526
13116,0.04804222123612423
13117,0.024117269298878474
13118,0.1168535083427189
13119,0.15142985030495426
13120,0.1115462361716838
13121,0.06656640288528881
13122,0.07715352028345879
13123,0.04777473239836494
13124,0.042712391812590456
13125,0.03497107862369475
13126,0.05181279534811012
13127,0.04476132778546349
13128,0.08927627383286307
13129,0.07597520719798367
13130,0.08939353080084078
13131,0.08939353080084078
13132,0.041269473462261175
13133,0.0993437334462105
13134,0.12406921415350247
13135,0.09264015132293646
13136,0.03373491176451371
13137,0.02995801016302635
13138,0.03414046208286026
13139,0.08216073241008626
13140,0.15902492077128738
13141,0.09409410895472214
13142,0.05028579251101317
13143,0.03763331573217432
13144,0.1401091258672258
13145,0.088295993178935
13146,0.18809048490832658
13147,0.041269473462261175
13148,0.04805710223301929
13149,0.028047866751726547
13150,0.038103386550939033
13151,0.1198135631308026
13152,0.08311328392464479
13153,0.1163691588301512
13154,0.06171131174166311
13155,0.1160218269457991
13156,0.027303706944746042
13157,0.12549120574587458
13158,0.03626426535434668
13159,0.07123972776532006
13160,0.09069289619626064
13161,0.06483447135755205
13162,0.07984931442720111
13163,0.07959884550907481
13164,0.1581591798673464
13165,0.1005517478026795
13166,0.10032385787062204
13167,0.1010416321051465
13168,0.03868998483942043
13169,0.040824057396470326
13170,0.02770659960464661
13171,0.07866211679514468
13172,0.051198872846002996
13173,0.07563084635415263
13174,0.06716032708088326
13175,0.04431092104265888
13176,0.08254814461968718
13177,0.04431092104265888
13178,0.05225042532086932
13179,0.05102941048443865
13180,0.025097985152903513
13181,0.08236760882180538
13182,0.028514427164148648
13183,0.04655861888823809
13184,0.032541614402083696
13185,0.06617790846365945
13186,0.02422656918973054
13187,0.07441178060802611
13188,0.07410973466302373
13189,0.07410973466302373
13190,0.03175120167183543
13191,0.07410973466302373
13192,0.07410973466302373
13193,0.09377823490367354
13194,0.08235469192833578
13195,0.08423739181479306
13196,0.07615956003139523
13197,0.03605737136920939
13198,0.059426952284764356
13199,0.07615956003139523
13200,0.05056484511314785
13201,0.1848369857612212
13202,0.07470296291516365
13203,0.11833629035018323
13204,0.07953902103365429
13205,0.15865037096731782
13206,0.05009168498432881
13207,0.06085218728934483
13208,0.3391456869332812
13209,0.06085218728934483
13210,0.06085218728934483
13211,0.042994984713968676
13212,0.06409947496133805
13213,0.06085218728934483
13214,0.14095993615274538
13215,0.047878586452450134
13216,0.03343021957243231
13217,0.08502656562112265
13218,0.041612013098040856
13219,0.07561694819102927
13220,0.14421794016806277
13221,0.03540505200946442
13222,0.03559097085364327
13223,0.0841776047380225
13224,0.04252651524596873
13225,0.1314349165315819
13226,0.10302123261207974
13227,0.10272364955962665
13228,0.06941268199812567
13229,0.048241256973355684
13230,0.05484941209989713
13231,0.10768653134528983
13232,0.08469077853203033
13233,0.21927892488705292
13234,0.07649659087572969
13235,0.09016656294817604
13236,0.08072613051729349
13237,0.07482659505666678
13238,0.18254542877003543
13239,0.027946335026128755
13240,0.04009366389874247
13241,0.0384160866187222
13242,0.13292711768532162
13243,0.16911968788834286
13244,0.2471061455557535
13245,0.04129592792561432
13246,0.09941908274885325
13247,0.14614239152726183
13248,0.24142952386612382
13249,0.06854944271068297
13250,0.0940315078748597
13251,0.07482659505666678
13252,0.13265530956618743
13253,0.05186676169006599
13254,0.060553035715487424
13255,0.17473161551514604
13256,0.0930101695552864
13257,0.132011759350514
13258,0.09328410449646618
13259,0.06777887388713255
13260,0.03537799319048007
13261,0.05186676169006599
13262,0.06928101430339972
13263,0.08217716599137337
13264,0.05186676169006599
13265,0.08062674880127019
13266,0.05234083271963075
13267,0.051449312852289375
13268,0.05186676169006599
13269,0.05892732751435681
13270,0.15456256781202327
13271,0.1470189705396593
13272,0.03488605552493562
13273,0.1080174102795125
13274,0.030239350463218573
13275,0.030239350463218573
13276,0.030239350463218573
13277,0.2005207732884825
13278,0.05181279534811012
13279,0.007480120428853709
13280,0.007480120428853709
13281,0.007480120428853709
13282,0.007480120428853709
13283,0.007480120428853709
13284,0.009019641815380286
13285,0.009019641815380286
13286,0.009019641815380286
13287,0.08525109413159782
13288,0.10722311070100277
13289,0.037569070400501725
13290,0.14246148049766538
13291,0.06441194188829025
13292,0.028016694937579745
13293,0.028188670136478966
13294,0.10933050608882922
13295,0.10416858646505778
13296,0.04625433501384868
13297,0.07034607844325635
13298,0.08143358370815112
13299,0.03131665578472298
13300,0.06262655164799891
13301,0.032137530269172765
13302,0.032137530269172765
13303,0.07477683397516033
13304,0.07477683397516033
13305,0.16161880643588444
13306,0.10507934886884762
13307,0.07477683397516033
13308,0.07477683397516033
13309,0.16161880643588444
13310,0.0920113892973351
13311,0.07500469500409923
13312,0.0918910450141095
13313,0.050093271491189584
13314,0.13700208814875914
13315,0.07477683397516033
13316,0.10507934886884762
13317,0.07477683397516033
13318,0.12076659018763836
13319,0.1065714823107401
13320,0.09358932535084996
13321,0.18770612293718525
13322,0.06464518095797067
13323,0.10907236699170031
13324,0.04780981097988857
13325,0.11537249182711773
13326,0.07916607083897609
13327,0.12197812534163399
13328,0.1217853016631042
13329,0.08525109413159782
13330,0.01554482572948468
13331,0.07414927003949379
13332,0.0781414080744024
13333,0.20992852733657386
13334,0.027619371408001747
13335,0.03366192090867415
13336,0.044868854810716785
13337,0.10598680973576868
13338,0.14691003593946672
13339,0.0940356412383705
13340,0.11726175943707728
13341,0.08377498208982836
13342,0.08849600568082627
13343,0.025977009584613242
13344,0.02754694721894324
13345,0.08178951555686165
13346,0.08178951555686165
13347,0.08444173772597652
13348,0.12960342766431143
13349,0.20149919853045795
13350,0.03903037585298941
13351,0.002119062837464214
13352,0.002119062837464214
13353,0.0010914421173887634
13354,0.002119062837464214
13355,0.003075668838342316
13356,0.002119062837464214
13357,0.03903037585298941
13358,0.03903037585298941
13359,0.22015094481409636
13360,0.3060516773288706
13361,0.08706296379882306
13362,0.18008340127496458
13363,0.1519071281822164
13364,0.0902613424920563
13365,0.0902613424920563
13366,0.3023119625900027
13367,0.013629774653626914
13368,0.1486138999058787
13369,0.06367451691152515
13370,0.06367451691152515
13371,0.07263009325704206
13372,0.07280016598564476
13373,0.15759916553571962
13374,0.02952654869870386
13375,0.02051236412370483
13376,0.02952654869870386
13377,0.02051236412370483
13378,0.02952654869870386
13379,0.02051236412370483
13380,0.046703379867736206
13381,0.046703379867736206
13382,0.02051236412370483
13383,0.02051236412370483
13384,0.18092618227372548
13385,0.026913999310568926
13386,0.097184430655613
13387,0.09876175244302976
13388,0.08589961121605283
13389,0.15759916553571962
13390,0.008740906931210768
13391,0.07172327200456685
13392,0.07179527635612515
13393,0.07780825274434511
13394,0.07179527635612515
13395,0.032348552709063005
13396,0.032348552709063005
13397,0.032348552709063005
13398,0.14782442316708955
13399,0.032348552709063005
13400,0.08261907098862231
13401,0.18865409356740093
13402,0.07632498271926225
13403,0.0757919995683749
13404,0.04843901871517842
13405,0.030512904662357676
13406,0.032348552709063005
13407,0.09997816446836261
13408,0.03379252777874042
13409,0.11008109538121735
13410,0.09502814606577215
13411,0.09997816446836261
13412,0.09604698536291534
13413,0.032348552709063005
13414,0.05358568755929305
13415,0.032348552709063005
13416,0.06684114252181816
13417,0.04785988768081684
13418,0.052385941402172564
13419,0.06684114252181816
13420,0.034006106669414504
13421,0.06670437407411034
13422,0.046149418111533946
13423,0.028228180475975084
13424,0.07343687493084661
13425,0.11542764953915374
13426,0.07135179171533668
13427,0.16780671779964917
13428,0.03772451407249511
13429,0.10755159266111713
13430,0.07769509379768691
13431,0.06990856503894893
13432,0.13095435620487417
13433,0.05872794485979904
13434,0.06013575451146447
13435,0.05370824133372343
13436,0.03143454157538672
13437,0.09333539201704155
13438,0.09016343972895502
13439,0.06871447857145474
13440,0.03968200535852062
13441,0.08679510076341623
13442,0.040004900104376406
13443,0.03626908562874276
13444,0.030648552077945146
13445,0.07409340955915966
13446,0.05370824133372343
13447,0.040004900104376406
13448,0.09892326206857738
13449,0.02788368313408862
13450,0.07867964597779209
13451,0.09502503635118265
13452,0.07679872707254853
13453,0.05792227011523521
13454,0.04230644354592206
13455,0.06010080472838375
13456,0.04038617556426283
13457,0.06698633167679813
13458,0.06592569988711805
13459,0.06698633167679813
13460,0.04038617556426283
13461,0.05762016348396659
13462,0.04038617556426283
13463,0.05762016348396659
13464,0.11892028425907164
13465,0.06592569988711805
13466,0.06592569988711805
13467,0.06592569988711805
13468,0.028020384355702532
13469,0.04632968246527991
13470,0.054266932883067165
13471,0.04535784785447128
13472,0.07441377790622727
13473,0.06437138415711052
13474,0.06437138415711052
13475,0.07086244066137071
13476,0.07170867740731424
13477,0.17621875689300426
13478,0.06447415156309244
13479,0.04512545931612477
13480,0.1438197008321559
13481,0.057230870644495724
13482,0.04637275309728206
13483,0.1383422787058909
13484,0.04423160966513895
13485,0.03614399276241287
13486,0.038896512299253505
13487,0.08179748261719622
13488,0.04722732634429483
13489,0.049581291250104575
13490,0.1161164527100147
13491,0.0750337160219906
13492,0.06771085387169906
13493,0.10753374469376564
13494,0.072339391781963025
13495,0.29255710416549086
13496,0.04867093189265925
13497,0.09490426849185751
13498,0.10396172608954424
13499,0.48974523336094666
13500,0.02219796392994977
13501,0.3507914589129627
13502,0.025258569947537612
13503,0.04164076273865802
13504,0.025258569947537612
13505,0.130649054163388
13506,0.02549077140372691
13507,0.02549077140372691
13508,0.06377599213092489
13509,0.06377599213092489
13510,0.0476143980100443
13511,0.0476143980100443
13512,0.04929463169979853
13513,0.09449708716313243
13514,0.10902222372211501
13515,0.1780732170705679
13516,0.10099000068063746
13517,0.07270293668276506
13518,0.501169853609478
13519,0.1537077424062846
13520,0.14516551506062536
13521,0.03229045049423662
13522,0.1718576369617364
13523,0.08223671734178029
13524,0.1071689118538468
13525,0.07362952137775969
13526,0.04520085736616919
13527,0.054297688345080086
13528,0.10457830007965652
13529,0.14383072104473427
13530,0.32532121412566684
13531,0.04114417044491547
13532,0.09310388088668942
13533,0.08410950151021113
13534,0.06277417016629894
13535,0.36387817027892233
13536,0.049348010232313166
13537,0.03429658125220181
13538,0.0678819365183545
13539,0.03429658125220181
13540,0.03258566929003126
13541,0.03258566929003126
13542,0.03429658125220181
13543,0.08075372846214379
13544,0.0678819365183545
13545,0.0474784851155472
13546,0.07968317808926018
13547,0.08958541477003867
13548,0.08552911615798187
13549,0.09832750917638433
13550,0.026531448071323238
13551,0.026205079068368553
13552,0.06327902269007557
13553,0.008953938040626164
13554,0.008937964814770827
13555,0.07345325275669112
13556,0.08552911615798187
13557,0.03072357644561463
13558,0.07835214593039297
13559,0.05302729862361388
13560,0.0642373948877546
13561,0.2290527365787156
13562,0.04342361534991146
13563,0.05780546519393259
13564,0.04342361534991146
13565,0.09047213081718819
13566,0.06613653216651716
13567,0.053614353255414526
13568,0.08768914956660323
13569,0.06451114641942957
13570,0.02635681722428329
13571,0.09484123097711306
13572,0.10362440385744909
13573,0.0807379257261166
13574,0.10266205594650457
13575,0.092045701644072
13576,0.07895541046564247
13577,0.14547502850421656
13578,0.04032469072932099
13579,0.07850557183947338
13580,0.02978406550480761
13581,0.027812755381881993
13582,0.04138038672323041
13583,0.049965791254030445
13584,0.06050198641270632
13585,0.07096272935420511
13586,0.09415229137892633
13587,0.029480782758466773
13588,0.0346806436167566
13589,0.05089112694426112
13590,0.06600880738963699
13591,0.07780794312341932
13592,0.029742444081269803
13593,0.1434167018758361
13594,0.08784398639730884
13595,0.0761652446051313
13596,0.059231662075391656
13597,0.07850557183947338
13598,0.0854198432077603
13599,0.06323526582910688
13600,0.022969484782761174
13601,0.15186722936136854
13602,0.08528106691807769
13603,0.0642790822393785
13604,0.019862089042286812
13605,0.1477430759952707
13606,0.03575381247299547
13607,0.06708094312740753
13608,0.052791716753451734
13609,0.24586648094143615
13610,0.09630019436243653
13611,0.08060828284617205
13612,0.08372884865699637
13613,0.028177538858371043
13614,0.0379108341915273
13615,0.05934336450658273
13616,0.0379108341915273
13617,0.0379108341915273
13618,0.03533523412172801
13619,0.006894224851856756
13620,0.10181182897444496
13621,0.0379108341915273
13622,0.06940813039417737
13623,0.08325098186951785
13624,0.0896360020852307
13625,0.08420395976289763
13626,0.12642657340327368
13627,0.10469154099791356
13628,0.1392992556283308
13629,0.008979834114445806
13630,0.07627348389621547
13631,0.061608761335158024
13632,0.07409251594420141
13633,0.1721395093526763
13634,0.07688356035680288
13635,0.06076509760900106
13636,0.03846669523454216
13637,0.03846669523454216
13638,0.051200497523098853
13639,0.03846669523454216
13640,0.03913505416295526
13641,0.05641767436501066
13642,0.03983850451572557
13643,0.07409251594420141
13644,0.011441631150423182
13645,0.2989183958417393
13646,0.2734995503539345
13647,0.057155129642406655
13648,0.07730413161256544
13649,0.042986777391391895
13650,0.042986777391391895
13651,0.05256892994432538
13652,0.18438420955071644
13653,0.09472100782955095
13654,0.06184874255046957
13655,0.06576761383330043
13656,0.12655012534800614
13657,0.040258985894209065
13658,0.07769936131514732
13659,0.06614923269827244
13660,0.07530075429218308
13661,0.06504495559985624
13662,0.06260048184852118
13663,0.06504495559985624
13664,0.06614923269827244
13665,0.06504495559985624
13666,0.04014036963572043
13667,0.06504495559985624
13668,0.06504495559985624
13669,0.034191606785829
13670,0.08992735272504959
13671,0.06260048184852118
13672,0.009917456875842223
13673,0.03742585230882223
13674,0.03742585230882223
13675,0.04786183075301309
13676,0.03742585230882223
13677,0.009153915797640244
13678,0.07989780741164798
13679,0.2203025298993616
13680,0.030960526765052565
13681,0.04549969285725686
13682,0.06828160556053409
13683,0.011376200532866032
13684,0.09386494296963666
13685,0.053307131410395114
13686,0.05364407197279841
13687,0.0779241651316882
13688,0.11356399482686075
13689,0.06941182729776052
13690,0.06941182729776052
13691,0.06987330015264537
13692,0.043776323306764064
13693,0.04379140913080115
13694,0.06941182729776052
13695,0.04883375400186285
13696,0.06941182729776052
13697,0.06941182729776052
13698,0.06941182729776052
13699,0.06941182729776052
13700,0.054969088232192154
13701,0.06828160556053409
13702,0.06941182729776052
13703,0.06941182729776052
13704,0.04883375400186285
13705,0.06941182729776052
13706,0.042126770944759806
13707,0.04970574874389855
13708,0.06941182729776052
13709,0.06941182729776052
13710,0.06941182729776052
13711,0.009461374627064423
13712,0.05628125968757525
13713,0.05592873377687879
13714,0.06041841506871071
13715,0.14502570444852347
13716,0.0787280367024994
13717,0.0597887240838465
13718,0.03495392763354821
13719,0.05592873377687879
13720,0.05592873377687879
13721,0.0850610317867061
13722,0.0850610317867061
13723,0.11545217501019678
13724,0.06934830716735696
13725,0.1651913249123932
13726,0.05592873377687879
13727,0.05592873377687879
13728,0.05592873377687879
13729,0.07070416546964131
13730,0.12503857351983805
13731,0.06441845800505674
13732,0.06629937979983747
13733,0.08955626018911844
13734,0.07744379038504212
13735,0.0540784635947511
13736,0.07490449309715286
13737,0.03492962645427933
13738,0.03492962645427933
13739,0.049409432066598424
13740,0.1356275818682543
13741,0.10964752368548025
13742,0.07070416546964131
13743,0.06719391920105777
13744,0.07070416546964131
13745,0.07070416546964131
13746,0.0822607441761466
13747,0.10716385727666089
13748,0.02700690295024888
13749,0.10698755991909337
13750,0.10489748973411717
13751,0.06251128229750846
13752,0.07094505761944392
13753,0.09978438793822375
13754,0.04595033010375871
13755,0.06449389913733128
13756,0.11252108748548095
13757,0.3609225480390559
13758,0.08360918541876583
13759,0.06574769889906207
13760,0.2017165992117509
13761,0.10427409563958656
13762,0.07098115434521912
13763,0.0661507854359189
13764,0.08736657813944826
13765,0.08260491376179713
13766,0.08736657813944826
13767,0.07980912725277423
13768,0.07070899524613006
13769,0.20145963388233756
13770,0.06962757642577144
13771,0.03659270397250047
13772,0.052296123363389735
13773,0.03659270397250047
13774,0.09119241145670454
13775,0.08958589589050747
13776,0.13678880758856538
13777,0.07710295129867317
13778,0.05008267266786315
13779,0.16895109350698112
13780,0.08955423124173878
13781,0.04998214650234267
13782,0.06025761027330789
13783,0.08781378194457157
13784,0.32610218737682795
13785,0.11825204771912623
13786,0.2091914571156498
13787,0.25391604380683996
13788,0.049761979148863045
13789,0.1543447742224332
13790,0.035450934811335766
13791,0.049761979148863045
13792,0.049761979148863045
13793,0.059196497288258265
13794,0.049761979148863045
13795,0.05418677917484449
13796,0.14394214422457008
13797,0.02606733849310361
13798,0.04880046014456607
13799,0.08903377032346516
13800,0.06899934395802965
13801,0.07722557371344885
13802,0.049761979148863045
13803,0.04185211357598828
13804,0.14492491849886735
13805,0.024749245460487956
13806,0.061776406851769994
13807,0.055217027247443706
13808,0.043119476654751354
13809,0.03965189225022614
13810,0.2109889357191198
13811,0.11508620540147418
13812,0.07936938945373162
13813,0.027794924255158504
13814,0.030420046734471073
13815,0.04691322394473407
13816,0.21403757462566175
13817,0.03294554823792484
13818,0.06206864572703341
13819,0.11770742645250243
13820,0.1057525914301114
13821,0.049803769382254615
13822,0.09740130878813891
13823,0.11362833862026456
13824,0.059632733989251396
13825,0.06728504035778826
13826,0.06749307910306279
13827,0.05643558393222026
13828,0.06778802146367369
13829,0.09486068879354725
13830,0.06619731867653522
13831,0.06751576092073197
13832,0.05307412124953492
13833,0.06109320594099166
13834,0.06284403091269763
13835,0.1583486143269479
13836,0.00896033524877915
13837,0.08952051853204968
13838,0.04693266031104182
13839,0.03968814286156508
13840,0.03968814286156508
13841,0.03968814286156508
13842,0.06561524574449629
13843,0.11889465258186382
13844,0.04693266031104182
13845,0.13221744639647748
13846,0.04693266031104182
13847,0.07556097289035169
13848,0.0462928782063492
13849,0.06561524574449629
13850,0.04693266031104182
13851,0.07233481694229993
13852,0.06561524574449629
13853,0.06561524574449629
13854,0.06561524574449629
13855,0.06561524574449629
13856,0.06561524574449629
13857,0.05219783738899608
13858,0.5295957565440712
13859,0.06561524574449629
13860,0.07495361452089921
13861,0.06561524574449629
13862,0.06561524574449629
13863,0.06561524574449629
13864,0.04693266031104182
13865,0.06561524574449629
13866,0.06561524574449629
13867,0.21767635151006426
13868,0.037890273315384526
13869,0.05404515877702065
13870,0.09723906351686273
13871,0.11259906080613336
13872,0.03984502465039408
13873,0.11298970916078355
13874,0.0430305159943678
13875,0.050657285883067615
13876,0.06663845423388426
13877,0.08360285392483413
13878,0.10770041269520714
13879,0.0505031295353221
13880,0.07542919508522827
13881,0.05761482120704342
13882,0.04515311153712054
13883,0.03535617245556111
13884,0.04515311153712054
13885,0.06512551473441963
13886,0.027981046908882812
13887,0.2130309750455448
13888,0.06269436977816856
13889,0.07006350872110623
13890,0.0895772128270459
13891,0.09777811810288017
13892,0.1228943835731987
13893,0.19269378489471667
13894,0.1048837750604148
13895,0.05379157062393869
13896,0.16917032667381282
13897,0.03281420254902545
13898,0.03281420254902545
13899,0.025768850324771053
13900,0.20988554456191255
13901,0.03281420254902545
13902,0.03228667646578276
13903,0.03281420254902545
13904,0.030263433200653722
13905,0.06247028741358929
13906,0.06300689189456488
13907,0.03236557689831887
13908,0.024561519959751088
13909,0.03858736966632126
13910,0.14159973868613474
13911,0.11259217683252232
13912,0.21094309000489497
13913,0.10385039258201012
13914,0.03858736966632126
13915,0.025972935300621947
13916,0.05800362326510977
13917,0.12863121618117712
13918,0.0821252961329787
13919,0.49239263703812197
13920,0.06694971313829312
13921,0.09510836038555237
13922,0.056338169300687024
13923,0.09021172519531906
13924,0.05371278980020089
13925,0.05166909933351593
13926,0.15416917254811924
13927,0.04616528224915495
13928,0.23434940411778393
13929,0.10383335188831755
13930,0.030263579665562923
13931,0.06952572000214119
13932,0.22083776045793635
13933,0.18989664996500932
13934,0.08091779330712523
13935,0.07246961781515593
13936,0.11750486826821449
13937,0.02022869757668866
13938,0.039881904693117365
13939,0.08092295961981955
13940,0.06476989291555246
13941,0.07407005849600512
13942,0.08179994240852961
13943,0.05563694848437062
13944,0.05247716072364983
13945,0.12256690164551831
13946,0.08174494043924518
13947,0.12718211367060372
13948,0.04878405701750599
13949,0.088167135918371
13950,0.09789380398684855
13951,0.04471735763759266
13952,0.03970033991427646
13953,0.08988082896249872
13954,0.08554220613651586
13955,0.10627392082113296
13956,0.10163158824386254
13957,0.06694110734805236
13958,0.03821637849844339
13959,0.03821637849844339
13960,0.6657043188688185
13961,0.087431491145319
13962,0.034683176807173366
13963,0.14581095784978904
13964,0.24872633935893462
13965,0.07072022634230835
13966,0.033961386379845915
13967,0.03385876100663687
13968,0.06717458688180578
13969,0.1163691588301512
13970,0.061769996502143876
13971,0.03770314590860868
13972,0.0597056016404629
13973,0.08700248851429537
13974,0.08700248851429537
13975,0.09643565067900539
13976,0.0971811291629201
13977,0.0500616552293609
13978,0.01734008949532395
13979,0.04351350806293608
13980,0.03227008247992602
13981,0.07299257838529938
13982,0.10568520901143663
13983,0.08985954657588857
13984,0.05764962245012395
13985,0.036388309452907386
13986,0.03965784585717691
13987,0.06030582634186532
13988,0.007472099277277655
13989,0.16879802021722057
13990,0.03405129427314946
13991,0.08264067662705021
13992,0.025567279065778936
13993,0.06399123155745923
13994,0.09166513909632801
13995,0.05130944352934286
13996,0.04887210264894426
13997,0.04464290042528629
13998,0.05542836823672359
13999,0.06049292283229224
14000,0.03765160560865455
14001,0.13156532660110998
14002,0.04601657003818738
14003,0.03983223892777654
14004,0.05468182475839756
14005,0.05389562350461019
14006,0.05750348494951496
14007,0.04590192281751915
14008,0.06926776103283994
14009,0.04006219398097488
14010,0.08926259869662345
14011,0.07683656398631811
14012,0.032300408576565576
14013,0.08139521849753173
14014,0.0577774974789651
14015,0.03784793780998219
14016,0.028938399178310426
14017,0.041963794712483904
14018,0.15968690294487187
14019,0.0654167002012459
14020,0.0654167002012459
14021,0.0654167002012459
14022,0.0654167002012459
14023,0.0623532704583909
14024,0.04678781577260538
14025,0.00676449080696262
14026,0.04072333102413983
14027,0.0654167002012459
14028,0.0654167002012459
14029,0.0654167002012459
14030,0.04678781577260538
14031,0.0654167002012459
14032,0.0654167002012459
14033,0.04678781577260538
14034,0.04072333102413983
14035,0.0654167002012459
14036,0.0654167002012459
14037,0.0654167002012459
14038,0.3538493177873069
14039,0.04678781577260538
14040,0.04072333102413983
14041,0.04345355987289945
14042,0.052029092081366524
14043,0.052029092081366524
14044,0.04072333102413983
14045,0.04072333102413983
14046,0.014790217668336103
14047,0.04072333102413983
14048,0.04072333102413983
14049,0.04072333102413983
14050,0.04072333102413983
14051,0.05171941038600114
14052,0.04072333102413983
14053,0.007151513818160926
14054,0.04072333102413983
14055,0.04678781577260538
14056,0.04072333102413983
14057,0.04072333102413983
14058,0.04072333102413983
14059,0.04072333102413983
14060,0.04072333102413983
14061,0.04072333102413983
14062,0.04967342057827384
14063,0.05473267989821684
14064,0.03272283839502421
14065,0.03272283839502421
14066,0.05318766446201251
14067,0.05424891586458602
14068,0.06895010306344385
14069,0.06885763390082311
14070,0.04568318002341909
14071,0.03352038427430881
14072,0.06192224060033391
14073,0.0565103795698646
14074,0.055631246250433586
14075,0.09149416946852684
14076,0.10268667789652519
14077,0.09880773386470176
14078,0.04772680033076737
14079,0.03943123166036622
14080,0.1079927602319426
14081,0.11987925699079582
14082,0.056683533122274254
14083,0.031014625326267975
14084,0.047222768428526574
14085,0.09140744092254272
14086,0.00947151084840736
14087,0.06438482998436434
14088,0.04185681879689396
14089,0.08236855859118442
14090,0.1146858802255245
14091,0.08356458507392206
14092,0.3160783685325601
14093,0.44065155987153815
14094,0.06270384814854124
14095,0.08600289549596052
14096,0.051861508097411746
14097,0.15604954312801955
14098,0.11583816683840664
14099,0.06142927816932087
14100,0.07325285179776664
14101,0.0798078222994163
14102,0.08438615941606242
14103,0.06752971582430956
14104,0.13121167738455308
14105,0.04335388007109009
14106,0.07026838584000195
14107,0.052413698823443045
14108,0.045676008204909024
14109,0.24801774645966745
14110,0.059047333854277184
14111,0.05291706311520228
14112,0.05291706311520228
14113,0.07558196423250596
14114,0.09086504455890121
14115,0.09086504455890121
14116,0.02773221224264133
14117,0.028427443784455386
14118,0.04804918683756898
14119,0.3373433668996658
14120,0.04364383855238352
14121,0.03056431653291436
14122,0.060012687127046216
14123,0.19144195404553366
14124,0.03166931441077181
14125,0.1642029999791883
14126,0.02921871968405132
14127,0.05429842983057609
14128,0.03649050382818453
14129,0.02624321682424746
14130,0.11123315918027399
14131,0.06466051337359335
14132,0.13232644693221118
14133,0.07325285179776664
14134,0.19922630685148945
14135,0.04259741124717964
14136,0.04290394890644533
14137,0.27334844831347915
14138,0.0573357645538658
14139,0.13806109305772518
14140,0.09917046500156501
14141,0.13771688242313884
14142,0.06471128189330977
14143,0.051470531906571915
14144,0.08964560056308479
14145,0.04160695514093016
14146,0.07567142696854023
14147,0.039743903062429586
14148,0.06777641631139075
14149,0.0928589980010528
14150,0.08198860484970527
14151,0.08433049439780693
14152,0.045944983916293425
14153,0.09562635328514557
14154,0.042287537165318856
14155,0.07487020952553702
14156,0.184958926875754
14157,0.18818746142227027
14158,0.10329372890503408
14159,0.09264435458563469
14160,0.05208213055000166
14161,0.06229506790488892
14162,0.03342822672337087
14163,0.03342822672337087
14164,0.06383854977493619
14165,0.06798769745649758
14166,0.06207496442581484
14167,0.042338267088719794
14168,0.23041746436330812
14169,0.042338267088719794
14170,0.042338267088719794
14171,0.05049815250667289
14172,0.07073319567400027
14173,0.00898477286024546
14174,0.14617409656884672
14175,0.10194175165947339
14176,0.06485729967067377
14177,0.138419071612772
14178,0.05805173733602953
14179,0.11370745523737047
14180,0.024975434325479884
14181,0.07277435458768455
14182,0.14981643824380364
14183,0.07770006902949278
14184,0.11819355024205891
14185,0.031660231564542785
14186,0.035151517597852955
14187,0.035151517597852955
14188,0.15974983945758514
14189,0.04719330940521982
14190,0.12910809430489922
14191,0.047950393796249324
14192,0.06010816708379596
14193,0.26964905180919285
14194,0.13104164528979956
14195,0.13623316716688816
14196,0.0883492152819767
14197,0.09014564370044675
14198,0.10268190004623867
14199,0.0718176170639474
14200,0.06602457134398643
14201,0.07847441934680977
14202,0.14684771822982345
14203,0.06734179754777347
14204,0.04299662776866964
14205,0.08823035617674735
14206,0.08823035617674735
14207,0.11640621560856623
14208,0.03367364393751626
14209,0.07501286375816274
14210,0.05983933835873967
14211,0.039787989850112004
14212,0.1423537533319753
14213,0.07840885807366893
14214,0.07280405978287552
14215,0.04630172836632984
14216,0.08038995940555183
14217,0.27702838339953784
14218,0.129918471249879
14219,0.04258840260035168
14220,0.09628742756727537
14221,0.11539484881104134
14222,0.1474044553912245
14223,0.08225534191811879
14224,0.2888774554525223
14225,0.062399775545805114
14226,0.10936467925841131
14227,0.5408277541921127
14228,0.35816450075808715
14229,0.048548228220888556
14230,0.09865144977043727
14231,0.20025776442801346
14232,0.13549393079443395
14233,0.17254282667174126
14234,0.04985215769434315
14235,0.08131426610004688
14236,0.05286359551334352
14237,0.06818905804021624
14238,0.5017308033045061
14239,0.06365277716500983
14240,0.14381729750150274
14241,0.05374069478768362
14242,0.0445449645435666
14243,0.10427978416725914
14244,0.04904097798299756
14245,0.14434224184362432
14246,0.03054271027019395
14247,0.07929270168901237
14248,0.29428857818496346
14249,0.07723911378208759
14250,0.07129123474417987
14251,0.13308849584919713
14252,0.08700570082530956
14253,0.0526895495134545
14254,0.14567122851496817
14255,0.10322520720200823
14256,0.05220161140486468
14257,0.041181326615160496
14258,0.09957809681486907
14259,0.16001680564736553
14260,0.033034694886763694
14261,0.033034694886763694
14262,0.033034694886763694
14263,0.14430692758218078
14264,0.053149422091292586
14265,0.1154690002689992
14266,0.0755287187224023
14267,0.09344711980507348
14268,0.034492183073942084
14269,0.06611072179471322
14270,0.11051177405373258
14271,0.033034694886763694
14272,0.06581105023906508
14273,0.0680498346727254
14274,0.06598094773947871
14275,0.057181111293369336
14276,0.11735894249690526
14277,0.057185873251035746
14278,0.09230638479802233
14279,0.29676394593105726
14280,0.0700208941833469
14281,0.05983445784943331
14282,0.0623831882046324
14283,0.035182664366086636
14284,0.026186695341408828
14285,0.07168752649785837
14286,0.12824155724776098
14287,0.23400926439058367
14288,0.040735377017763086
14289,0.02654398115312606
14290,0.13783288132510507
14291,0.04008232171096393
14292,0.050771394860373964
14293,0.14673946504107893
14294,0.1945897174565624
14295,0.07127895000203266
14296,0.12221690990376377
14297,0.09536830972980903
14298,0.5414540601678904
14299,0.042347764409367716
14300,0.04726914267786597
14301,0.1319545466695451
14302,0.12021389117423142
14303,0.1338410144344071
14304,0.031032771127025405
14305,0.037823423034123116
14306,0.03666686521554163
14307,0.03666686521554163
14308,0.03666686521554163
14309,0.15603811060536021
14310,0.1045371870957269
14311,0.19433747116487843
14312,0.11895436417658245
14313,0.03064560185745946
14314,0.12209680100984899
14315,0.031000258898678967
14316,0.0832819916645614
14317,0.1188792630115757
14318,0.04430071352508547
14319,0.12146193414114803
14320,0.1772228795392965
14321,0.04350340386012186
14322,0.07843974095725159
14323,0.1464418942920941
14324,0.030378606157191568
14325,0.10487434689899222
14326,0.030305180809913734
14327,0.05309703929347154
14328,0.1804609150896962
14329,0.070048867397415
14330,0.09004881910814777
14331,0.05787064624427474
14332,0.07492874598443566
14333,0.2513104763122086
14334,0.03768456242042262
14335,0.1494562815945779
14336,0.03214519962930518
14337,0.23024910800871223
14338,0.3118076490866206
14339,0.03389150376359418
14340,0.4317280455275436
14341,0.041156137260854986
14342,0.03768456242042262
14343,0.05984633820688534
14344,0.1442020478213275
14345,0.060461929932406844
14346,0.07449387137688279
14347,0.03833250961511869
14348,0.09195021037578044
14349,0.0336033648264199
14350,0.0336033648264199
14351,0.07833392482642443
14352,0.06162594558449752
14353,0.1406339291015256
14354,0.03519406364149713
14355,0.04379140913080115
14356,0.16714557873030655
14357,0.16714557873030655
14358,0.09228168962581706
14359,0.2886446126756075
14360,0.048050046063998986
14361,0.07076371749619281
14362,0.2369442839781043
14363,0.06732475951101335
14364,0.08725674080475765
14365,0.13640391691172882
14366,0.06626690588071515
14367,0.04447991188684153
14368,0.033397390299354957
14369,0.059412936452005294
14370,0.06990993026523706
14371,0.08677637977873831
14372,0.26176995159113436
14373,0.049892935355165924
14374,0.029320827517909542
14375,0.031396960836436394
14376,0.04985739194830541
14377,0.08260166160491311
14378,0.11264396441736424
14379,0.07052155684102068
14380,0.08738000595600348
14381,0.08488764551264172
14382,0.058842155390201656
14383,0.053468543523489176
14384,0.0368270099454745
14385,0.04235638829772226
14386,0.036334865798133165
14387,0.05291866027285408
14388,0.029149768197123782
14389,0.0368270099454745
14390,0.028976912788187592
14391,0.1252295416286071
14392,0.08557851215295964
14393,0.023284190054937315
14394,0.10164697965650538
14395,0.03763788775827748
14396,0.12273007619516885
14397,0.02900457380904864
14398,0.09940727812648853
14399,0.07784054588009082
14400,0.06376996936301527
14401,0.03771576048214309
14402,0.03771576048214309
14403,0.24448378135701254
14404,0.037133455752753064
14405,0.029624453668294914
14406,0.2561932843473854
14407,0.046077463984865896
14408,0.09159266967544177
14409,0.3594909150536494
14410,0.14171818299644545
14411,0.07566733685068439
14412,0.1154156065733336
14413,0.24549292298342673
14414,0.06499122119370793
14415,0.10565682416787603
14416,0.07038383106167867
14417,0.13603705308691227
14418,0.07520177230246161
14419,0.18516295702002605
14420,0.2092832666948795
14421,0.06540595251552817
14422,0.18033926938863065
14423,0.05586894374857343
14424,0.08131745374789956
14425,0.063682450579161
14426,0.06413623456463458
14427,0.10719884213060493
14428,0.05200259320762779
14429,0.2670488246891254
14430,0.04432164712110476
14431,0.11410391934309927
14432,0.04513956697737198
14433,0.07820815423798211
14434,0.07210403372016672
14435,0.06415786589183947
14436,0.04509956789380831
14437,0.13469786909581205
14438,0.1979089944066349
14439,0.03132560139338625
14440,0.10816828582318327
14441,0.05944887570303736
14442,0.04610003896255932
14443,0.034235018897192604
14444,0.04156387128943362
14445,0.07853046314219714
14446,0.031107659934242138
14447,0.23737331344489543
14448,0.03237554184764613
14449,0.08299907601042089
14450,0.12471695649442782
14451,0.08299907601042089
14452,0.4753986265091843
14453,0.1830472123173823
14454,0.05207851036714106
14455,0.16076343771192447
14456,0.12709240192457827
14457,0.1222767567245373
14458,0.1432486765057951
14459,0.08646977395899902
14460,0.11818726044074157
14461,0.047967682717033444
14462,0.21368092295149854
14463,0.03438217618277317
14464,0.044366343817599296
14465,0.031881810187805004
14466,0.06210269987848149
14467,0.08906989268623089
14468,0.154335715691029
14469,0.036529208686721715
14470,0.2593093258693837
14471,0.046070751624288975
14472,0.02461537957173643
14473,0.3968601904671505
14474,0.2860745020956854
14475,0.06036120222203156
14476,0.04146643766638136
14477,0.026716034027585156
14478,0.05036518473148088
14479,0.12940619213307925
14480,0.03978426265756718
14481,0.0780186969081722
14482,0.04292661576811674
14483,0.03393872826529576
14484,0.10318083596245542
14485,0.048633900786204554
14486,0.04933301348331287
14487,0.04933301348331287
14488,0.04933301348331287
14489,0.026387341884091087
14490,0.026647786418313113
14491,0.1371632100082626
14492,0.17244824089063449
14493,0.06633907132489325
14494,0.032877918721865074
14495,0.06315551253875806
14496,0.07975776404715296
14497,0.0678989411252241
14498,0.045869302058951233
14499,0.04756291705488913
14500,0.11705469740051222
14501,0.05450326658582261
14502,0.1735941789597869
14503,0.07009454140446869
14504,0.06647888130668955
14505,0.04029565803980806
14506,0.06759492195006234
14507,0.05993858911725358
14508,0.09743141065115957
14509,0.06749307910306279
14510,0.026618957309100133
14511,0.06011429538358315
14512,0.2919142247111034
14513,0.0502962934152793
14514,0.09911965076446594
14515,0.0502962934152793
14516,0.04745483698842723
14517,0.2698927312998223
14518,0.056010892825614333
14519,0.08530003885311732
14520,0.12359165459845001
14521,0.10063826122175756
14522,0.08311660115334552
14523,0.10235954973620698
14524,0.10235954973620698
14525,0.15591509453687746
14526,0.29316498076889996
14527,0.06647888130668955
14528,0.08331437900161232
14529,0.06433910758277117
14530,0.06840055667820366
14531,0.05556941162230922
14532,0.0716212382980076
14533,0.028504447266374244
14534,0.4482682514431059
14535,0.04573583665910752
14536,0.1017183490842346
14537,0.44380471811203837
14538,0.027577156594546626
14539,0.0355509014745069
14540,0.03340494954744466
14541,0.1511767969968395
14542,0.18607787279410015
14543,0.1630846256930596
14544,0.1123285045697282
14545,0.07700823526805423
14546,0.049478721818192684
14547,0.05714525315105412
14548,0.05203527533591901
14549,0.09883485459048658
14550,0.05572770836190066
14551,0.10454934497010138
14552,0.0455397856693992
14553,0.0455397856693992
14554,0.0455397856693992
14555,0.052456551328401435
14556,0.0455397856693992
14557,0.0455397856693992
14558,0.0455397856693992
14559,0.0455397856693992
14560,0.046355828576108205
14561,0.054602706362504194
14562,0.04256734125828743
14563,0.2166314027467786
14564,0.0455397856693992
14565,0.0455397856693992
14566,0.0455397856693992
14567,0.0455397856693992
14568,0.0455397856693992
14569,0.0256196152244742
14570,0.0455397856693992
14571,0.04256734125828743
14572,0.04256734125828743
14573,0.0455397856693992
14574,0.0455397856693992
14575,0.0455397856693992
14576,0.08962891232444925
14577,0.0455397856693992
14578,0.0455397856693992
14579,0.39245239660492326
14580,0.0455397856693992
14581,0.0455397856693992
14582,0.046355828576108205
14583,0.054356034827927946
14584,0.0038547425731729756
14585,0.0038547425731729756
14586,0.0026027159947599188
14587,0.0038547425731729756
14588,0.0038547425731729756
14589,0.0038547425731729756
14590,0.0038547425731729756
14591,0.0038547425731729756
14592,0.0038547425731729756
14593,0.0038547425731729756
14594,0.17465997313864867
14595,0.13280187919347286
14596,0.16109197849010015
14597,0.0740379784386247
14598,0.025566296082936257
14599,0.0345131495213058
14600,0.024262037340759712
14601,0.06490117138454066
14602,0.1334080006933095
14603,0.03737985251042664
14604,0.05971217427399689
14605,0.03679341112376455
14606,0.14191032234078582
14607,0.04420876596098544
14608,0.06706641864729956
14609,0.06357707780627042
14610,0.049214627105400366
14611,0.1604636895582059
14612,0.04420876596098544
14613,0.04420876596098544
14614,0.09967773291791393
14615,0.02708733693847276
14616,0.11262818416592102
14617,0.10270861991394764
14618,0.08072698437862857
14619,0.06904565224399428
14620,0.024493705951996292
14621,0.08266701052205638
14622,0.08447515788542959
14623,0.08157327179886809
14624,0.08555031890122888
14625,0.02878489820543373
14626,0.046184103297647994
14627,0.09404273597186441
14628,0.12463499418200297
14629,0.09147633032018787
14630,0.16157739988488473
14631,0.07324795016934316
14632,0.13157577478984794
14633,0.03838396801468669
14634,0.28984262358029145
14635,0.1284335461841718
14636,0.25632521863770186
14637,0.053792303035943956
14638,0.15528765236230657
14639,0.0356736628238864
14640,0.163886963212441
14641,0.11354590653480479
14642,0.12795303906499023
14643,0.15290145465183436
14644,0.033214137459713244
14645,0.04291070782029838
14646,0.08311075617132113
14647,0.07279739235661586
14648,0.013733874476744234
14649,0.17269397013496923
14650,0.02527837502330088
14651,0.8447158958901577
14652,0.03871841923586972
14653,0.10162888144955873
14654,0.10995145994137501
14655,0.354724868440508
14656,0.08162738915028966
14657,0.08280208656290389
14658,0.04626992913371364
14659,0.05549582186514379
14660,0.059234862292166235
14661,0.06549713535623314
14662,0.10637640184547681
14663,0.04746946581385558
14664,0.03059212665894817
14665,0.16714658897560175
14666,0.06643384420729848
14667,0.24940821322888107
14668,0.07531483054910515
14669,0.06878474141055824
14670,0.1503393764115164
14671,0.04889338495440154
14672,0.06432460680496299
14673,0.0936596914717136
14674,0.04889338495440154
14675,0.10497235026293039
14676,0.04885988324342805
14677,0.024484376083459214
14678,0.021014895890290486
14679,0.02345298439156729
14680,0.04952515456711282
14681,0.09035198335354389
14682,0.04865141883219226
14683,0.222299980384695
14684,0.09358607827576704
14685,0.031782543020185794
14686,0.0509462178196145
14687,0.031782543020185794
14688,0.04166134343920358
14689,0.0497263266423047
14690,0.04083593732349389
14691,0.046097980286121
14692,0.045741385778755306
14693,0.06406622999119327
14694,0.049153330379733795
14695,0.10280021264582773
14696,0.026815965537925424
14697,0.023835617004661303
14698,0.08806355090175355
14699,0.035783771306212575
14700,0.055607588690511967
14701,0.033095116788656065
14702,0.06558205764423941
14703,0.1389131775643202
14704,0.11093718092125426
14705,0.2509982241072355
14706,0.1594773342155521
14707,0.34307713204867396
14708,0.08583331519539761
14709,0.0630465229505095
14710,0.05893102682233642
14711,0.051085253868195624
14712,0.16584653295374185
14713,0.11855862049313515
14714,0.26754994412931576
14715,0.03379305181901415
14716,0.026683518496790848
14717,0.03377857691815722
14718,0.026683518496790848
14719,0.2324069885742892
14720,0.05277811143409339
14721,0.09698261201522596
14722,0.038173433293431924
14723,0.02905536076344195
14724,0.06816545851407096
14725,0.06816545851407096
14726,0.05202591788345712
14727,0.05202591788345712
14728,0.05202591788345712
14729,0.06816545851407096
14730,0.05202591788345712
14731,0.06816545851407096
14732,0.06816545851407096
14733,0.06816545851407096
14734,0.04879467155035255
14735,0.10914959705347937
14736,0.04879467155035255
14737,0.06816545851407096
14738,0.06816545851407096
14739,0.07117192111317339
14740,0.04879467155035255
14741,0.04879467155035255
14742,0.06816545851407096
14743,0.06816545851407096
14744,0.030165752270973734
14745,0.10001186629259484
14746,0.14059208606598106
14747,0.06816545851407096
14748,0.030294049896906428
14749,0.057691305123127035
14750,0.06037149461667701
14751,0.05697178259497493
14752,0.0573304837279478
14753,0.08000491087842887
14754,0.08698758953184116
14755,0.042701142110675105
14756,0.06965474471786792
14757,0.08166061583862472
14758,0.17124801975656212
14759,0.037833808827729354
14760,0.06180694070330517
14761,0.08291388087022711
14762,0.026470723379567018
14763,0.02126302934693336
14764,0.06198197625630708
14765,0.05944994220083133
14766,0.03530434586226239
14767,0.11000795921415885
14768,0.1034180456419227
14769,0.0634711402877487
14770,0.04432663236743073
14771,0.03959794595259081
14772,0.03959794595259081
14773,0.04271414021218356
14774,0.09129698512261597
14775,0.08704074017434005
14776,0.038266150610516414
14777,0.0377922851753949
14778,0.03800874141941202
14779,0.07218690474736711
14780,0.0320806391731715
14781,0.10273828720066847
14782,0.0438750135834759
14783,0.026059778497042774
14784,0.04923017174416211
14785,0.1079558007175232
14786,0.06811308732678911
14787,0.10296472108783261
14788,0.1991754205776104
14789,0.052482885897747855
14790,0.05021842931161735
14791,0.028595570694410766
14792,0.05773977857919421
14793,0.034229715876471944
14794,0.038719730205567515
14795,0.018284555592273155
14796,0.026976968583613314
14797,0.026976968583613314
14798,0.026976968583613314
14799,0.026976968583613314
14800,0.042348955920435305
14801,0.4343772858609698
14802,0.03117708385345075
14803,0.049808458127454824
14804,0.06702496437292016
14805,0.06172933240548284
14806,0.04254016573143904
14807,0.03564341317623998
14808,0.029063590885484825
14809,0.08199540809849093
14810,0.057918949776774364
14811,0.14670084596646782
14812,0.21383795502983038
14813,0.07245627493524276
14814,0.06120264605661152
14815,0.07245627493524276
14816,0.04892289014052209
14817,0.11556287612515703
14818,0.08374146739801203
14819,0.09860598612679461
14820,0.03977823624442289
14821,0.07055586175428319
14822,0.19272778376350275
14823,0.3068553605188462
14824,0.08227360714035103
14825,0.14502570444852347
14826,0.13550173197329207
14827,0.09616003541756557
14828,0.08558053661067455
14829,0.06988616313301887
14830,0.10193326991772877
14831,0.05813171538550421
14832,0.052533602184843486
14833,0.05813171538550421
14834,0.04435867866014187
14835,0.06775219367582963
14836,0.08003610971584607
14837,0.16309155708450218
14838,0.09826680756978812
14839,0.07440463044838785
14840,0.24380674717387107
14841,0.039689530353673064
14842,0.10583414276547842
14843,0.14338269079019073
14844,0.05711426777118367
14845,0.07534155374857787
14846,0.07013051650748758
14847,0.3742913505343628
14848,0.045051727876982084
14849,0.39533202404129175
14850,0.11261303775228992
14851,0.12038450840490178
14852,0.15895552269877522
14853,0.07644734063310954
14854,0.10444818762034036
14855,0.06283383201722659
14856,0.07387222365773993
14857,0.07308452871942239
14858,0.10022376139110811
14859,0.08303529298334411
14860,0.15511668974328596
14861,0.17311032166335538
14862,0.06814012298734484
14863,0.35816450075808715
14864,0.05217111333546276
14865,0.14178249328455617
14866,0.13239050628952975
14867,0.06816916830031816
14868,0.06816916830031816
14869,0.03872834484200849
14870,0.1058148211860267
14871,0.043446610537774655
14872,0.09228431334861975
14873,0.04053169009158719
14874,0.025156010795479355
14875,0.06419336855819091
14876,0.06419336855819091
14877,0.2808211585438394
14878,0.04053169009158719
14879,0.04999515715212566
14880,0.0289055636490142
14881,0.10630436889602035
14882,0.03168233283825861
14883,0.0564946765119998
14884,0.08671278089815149
14885,0.06467523232607664
14886,0.05629797692597793
14887,0.05784366567333976
14888,0.28067563710525945
14889,0.08307558264256543
14890,0.03561547747023275
14891,0.024809257946452057
14892,0.05999816600842489
14893,0.04053169009158719
14894,0.05759342650708443
14895,0.08156702788255377
14896,0.02797232131819094
14897,0.03416239750793604
14898,0.037781678867866875
14899,0.02530199561213564
14900,0.056662814619928614
14901,0.10664083575276906
14902,0.10482077099718978
14903,0.15771177226210153
14904,0.1082284636602775
14905,0.10194983049113526
14906,0.03697241906867288
14907,0.25239687073658523
14908,0.039949013532192934
14909,0.037851741197614586
14910,0.053847350361506674
14911,0.2841808088523107
14912,0.1500849977709452
14913,0.07172078884206601
14914,0.07859918012502454
14915,0.33278238350479794
14916,0.1165345728191367
14917,0.0889471600803593
14918,0.07391113970679053
14919,0.3168681858748801
14920,0.14907780275670368
14921,0.031155323696115178
14922,0.05267337060358368
14923,0.1032019972578122
14924,0.10638138290924726
14925,0.0592479981621965
14926,0.15674586643629074
14927,0.032301711863262694
14928,0.5365519706989288
14929,0.0895661471031981
14930,0.030204476719645212
14931,0.15415239650652324
14932,0.4201466465723064
14933,0.186704745267131
14934,0.1277525192464395
14935,0.23550352923406093
14936,0.057454295232622576
14937,0.17766529770485107
14938,0.0533805529891781
14939,0.0533805529891781
14940,0.1848167905368543
14941,0.1730093049600263
14942,0.125947143674757
14943,0.08283700900057622
14944,0.09084587378651054
14945,0.181881538462348
14946,0.010830595069951876
14947,0.06757151452728527
14948,0.03468456798457831
14949,0.15809468320871278
14950,0.024321663270047145
14951,0.08668538992622543
14952,0.06105870870499808
14953,0.03906208613733042
14954,0.09576840736465231
14955,0.024321663270047145
14956,0.024321663270047145
14957,0.15878000941122172
14958,0.12399818321374934
14959,0.024321663270047145
14960,0.024321663270047145
14961,0.08073967309489671
14962,0.08073967309489671
14963,0.049451552479871985
14964,0.15727838124813143
14965,0.07115099136069114
14966,9.22979494084819e-4
14967,0.001192961702128681
14968,0.0016433282246440806
14969,0.001192961702128681
14970,9.22979494084819e-4
14971,0.12200931467626108
14972,0.0554308373677741
14973,0.09401984334813995
14974,0.1999042435794901
14975,0.047766741649141964
14976,0.056781054998543246
14977,0.11599882731657596
14978,0.03662438494994902
14979,0.030235646313451214
14980,0.12060788480959916
14981,0.030906141103884788
14982,0.02755449112233055
14983,0.08702283317869763
14984,0.057711266469336
14985,0.06072523910068639
14986,0.10605546669692123
14987,0.08330715429383206
14988,0.06606982789967253
14989,0.31057102549762294
14990,0.0516508559398009
14991,0.08065302807844443
14992,0.08150100751634182
14993,0.09099327610529118
14994,0.08005012287122926
14995,0.24173956344435565
14996,0.0855529968079154
14997,0.25144668275948967
14998,0.061241084737274964
14999,0.06072523910068639
15000,0.0877746060182808
15001,0.03450360445326872
15002,0.13261395102640972
15003,0.10896469168194267
15004,0.06065577285236756
15005,0.185302475027177
15006,0.06553352693397785
15007,0.08669833498540236
15008,0.07961257862673876
15009,0.03267547388296488
15010,0.09677906852710039
15011,0.06951256855818677
15012,0.11413245799593863
15013,0.07989394392040527
15014,0.04500131318156897
15015,0.0780033539600199
15016,0.1068643453864
15017,0.05373872442185568
15018,0.2446317441698187
15019,0.09894205446587157
15020,0.25209207018440283
15021,0.1688083233419847
15022,0.2701771040548463
15023,0.4016741781531177
15024,0.1859212018202493
15025,0.07364171681013654
15026,0.04589565450945843
15027,0.07364171681013654
15028,0.04558234915628667
15029,0.3272155795533098
15030,0.025511896633769737
15031,0.17441751326996668
15032,0.07364171681013654
15033,0.1854551841701878
15034,0.09810245101978277
15035,0.2578016309576163
15036,0.023230852132427926
15037,0.2968507323708327
15038,0.015586094230879644
15039,0.0748923908329241
15040,0.1448309964676483
15041,0.032315737934137
15042,0.3238204828322231
15043,0.0906811659224932
15044,0.007428203538909939
15045,0.10854185588421406
15046,0.23133164187713506
15047,0.25784593536838984
15048,0.057798618723118644
15049,0.18878634485833
15050,0.04876257186911681
15051,0.05275777871474374
15052,0.08796090926993172
15053,0.08496098954076825
15054,0.1191033358187964
15055,0.10477542929370276
15056,0.1150289921613209
15057,0.1845914054851786
15058,0.09613480476424108
15059,0.08086931557610733
15060,0.10317446084507964
15061,0.24742929518983303
15062,0.17998970378303392
15063,0.08568020851967029
15064,0.42201798125772405
15065,0.07343352087063681
15066,0.07324405575322246
15067,0.05564048335410032
15068,0.10573615755475563
15069,0.1786520430592874
15070,0.07902232064658055
15071,0.07362170236120835
15072,0.10392902074514498
15073,0.027843909930946542
15074,0.22571127049868867
15075,0.0924408685924889
15076,0.054917186892119774
15077,0.22317390512030255
15078,0.1987594457129339
15079,0.025651050710039813
15080,0.13651584033877961
15081,0.08326412449605969
15082,0.09297134260118978
15083,0.0336033648264199
15084,0.21805847535150524
15085,0.022776248087556517
15086,0.15293410361772597
15087,0.05012858469778525
15088,0.06435341176171527
15089,0.12348907077727989
15090,0.058260107949617446
15091,0.1473852879923373
15092,0.19822955382094576
15093,0.07257365260278303
15094,0.034318840374911286
15095,0.12694744282739268
15096,0.2566507764178666
15097,0.1408417302582241
15098,0.1699555598362139
15099,0.10719150980679781
15100,0.07180698661050877
15101,0.17376848074945206
15102,0.03934556166941383
15103,0.041783267228703624
15104,0.03961165150846324
15105,0.11495727439820647
15106,0.48816759354736083
15107,0.08627930921626226
15108,0.12956581332442985
15109,0.11011150052632468
15110,0.3395145595175565
15111,0.09274875934763815
15112,0.22282933800795712
15113,0.07753888804614151
15114,0.07435823203821224
15115,0.06835135207290699
15116,0.12254534611850931
15117,0.1101605022961405
15118,0.09173674701880274
15119,0.4834417059827081
15120,0.02993242107538141
15121,0.24198592237149297
15122,0.10503987497888978
15123,0.11539819593980227
15124,0.051296731538966744
15125,0.06421546037851056
15126,0.06421546037851056
15127,0.06421546037851056
15128,0.06421546037851056
15129,0.052678746200564674
15130,0.06421546037851056
15131,0.06421546037851056
15132,0.13086868172212318
15133,0.04591979250112299
15134,0.06421546037851056
15135,0.06421546037851056
15136,0.06747371870183527
15137,0.06421546037851056
15138,0.06421546037851056
15139,0.06421546037851056
15140,0.06421546037851056
15141,0.06421546037851056
15142,0.10204157951590187
15143,0.07254045527183206
15144,0.09089041202701731
15145,0.49507057904680385
15146,0.055727265211779176
15147,0.20341739302432937
15148,0.10912948797208166
15149,0.10912948797208166
15150,0.10912948797208166
15151,0.10458308331119393
15152,0.1627846955023574
15153,0.3885548927246074
15154,0.08816520536364669
15155,0.12854386518884808
15156,0.04971304553150002
15157,0.02567837914301707
15158,0.07441178060802611
15159,0.05952957492430244
15160,0.08286072866140803
15161,0.10159598799755243
15162,0.1284495601040353
15163,0.041811659663332335
15164,0.06340479983526848
15165,0.07291141577232163
15166,0.21412528411728537
15167,0.055548598087387546
15168,0.35129727451425585
15169,0.1039257529876475
15170,0.05130046781068387
15171,0.05130046781068387
15172,0.036552015087308876
15173,0.20452186631762592
15174,0.03613603508805818
15175,0.0506616416449559
15176,0.07743341302961193
15177,0.17900949065937666
15178,0.08497786684475217
15179,0.12537305352541295
15180,0.02503259697136262
15181,0.047893541686179764
15182,0.033207623300584466
15183,0.09230370572316715
15184,0.1656996806405413
15185,0.055482344315886944
15186,0.13091335433612694
15187,0.6498137687005451
15188,0.19589871180061058
15189,0.16841154969246475
15190,0.0435118302323515
15191,0.09337965967010153
15192,0.584964101565151
15193,0.1920190962008097
15194,0.04827839034654813
15195,0.11776876284621429
15196,0.15519048120163936
15197,0.0735044680893403
15198,0.18910015473706465
15199,0.07921160428015461
15200,0.11594621604287325
15201,0.060702592693343216
15202,0.2022516125153726
15203,0.08183935021295052
15204,0.06086331781937471
15205,0.06930915444688246
15206,0.05903492448842462
15207,0.08623249636816754
15208,0.05146307055292698
15209,0.0961571459086702
15210,0.08804940379214976
15211,0.02598574190386349
15212,0.08221457424883183
15213,0.06762221535603907
15214,0.06762221535603907
15215,0.04158598408349745
15216,0.03876444087606257
15217,0.06769040280219829
15218,0.30402646194043226
15219,0.10467159757142286
15220,0.04012705131013916
15221,0.10448189712659439
15222,0.10662455463106657
15223,0.08525855961949669
15224,0.31121855498885087
15225,0.1359312127959108
15226,0.09215286813810064
15227,0.0973045320687832
15228,0.055863844237175386
15229,0.09048884458949191
15230,0.08417479710222386
15231,0.11466137447840064
15232,0.256286970072356
15233,0.0973045320687832
15234,0.0973045320687832
15235,0.07384653104532501
15236,0.2567387303263561
15237,0.09813659121440244
15238,0.049408790823821325
15239,0.08652820952993134
15240,0.06219377345532795
15241,0.06469236506601839
15242,0.07654038025503118
15243,0.05879589695463039
15244,0.053470049664988806
15245,0.4367851325823022
15246,0.1405803231577517
15247,0.08021723059792651
15248,0.06750321770690104
15249,0.13356597862073405
15250,0.2550824336341544
15251,0.17188174625038577
15252,0.03158912693484739
15253,0.008944350713729676
15254,0.3201113024797969
15255,0.17314777752931543
15256,0.05714931047679506
15257,0.07565604108255375
15258,0.1702056122648511
15259,0.1348356896850953
15260,0.03215247161712098
15261,0.07193529834020329
15262,0.048209443019146314
15263,0.0377922851753949
15264,0.03905413207134678
15265,0.03776608789582925
15266,0.036035530144055805
15267,0.11141743438069829
15268,0.05156007724908107
15269,0.07029427190497406
15270,0.04387098196661576
15271,0.16057212949766608
15272,0.13261606378659252
15273,0.15172804687609198
15274,0.02497127275521327
15275,0.04536303504280759
15276,0.2949114937562949
15277,0.21038444676828472
15278,0.055629317117099064
15279,0.3710467592245965
15280,0.3630317711035982
15281,0.03158878851685898
15282,0.03331872198653696
15283,0.08092274059550164
15284,0.010830595069951876
15285,0.14584705672156983
15286,0.060547067566601664
15287,0.1531616377256364
15288,0.03319615799579634
15289,0.11412916313655519
15290,0.06011058157094884
15291,0.09261318555125608
15292,0.05122569491664486
15293,0.04425039996942137
15294,0.10454934497010138
15295,0.039184330011936
15296,0.26181106004587695
15297,0.09974801218251683
15298,0.07506440529431502
15299,0.08398828776810818
15300,0.18361993341200977
15301,0.08438204221340384
15302,0.04672439533677564
15303,0.024537284618961097
15304,0.06297134561759066
15305,0.03726594815078155
15306,0.03726594815078155
15307,0.03386141701862566
15308,0.01533958285659831
15309,0.03726594815078155
15310,0.04452238853859081
15311,0.03726594815078155
15312,0.03726594815078155
15313,0.010836602565267084
15314,0.03726594815078155
15315,0.14594067473783034
15316,0.03726594815078155
15317,0.13000394519791847
15318,0.03726594815078155
15319,0.16638341608736784
15320,0.08065302807844443
15321,0.042680775261072945
15322,0.033612169300734074
15323,0.04403452227534199
15324,0.08700273078833942
15325,0.06786056499791837
15326,0.048483764779993055
15327,0.10149610933999731
15328,0.07287494672875561
15329,0.315452506007305
15330,0.047983303358372975
15331,0.02435995087981957
15332,0.09170788917366113
15333,0.20028501269423482
15334,0.09115489695109213
15335,0.09308215310647039
15336,0.1068306126063473
15337,0.0393872476003444
15338,0.05557150050369142
15339,0.07005190594275768
15340,0.11455134940459621
15341,0.10461764990944822
15342,0.0405512504053015
15343,0.087262067977673
15344,0.1099089726867486
15345,0.03478601696154471
15346,0.04498555684260319
15347,0.03227330864394318
15348,0.05814673280272187
15349,0.0656927670154569
15350,0.061578395551807996
15351,0.19761734159687327
15352,0.03314646929870757
15353,0.04654610972843776
15354,0.10760895029146922
15355,0.28279931687979465
15356,0.18306653805442474
15357,0.06114452301815587
15358,0.08155250811109171
15359,0.16623738204627436
15360,0.04380166299391908
15361,0.09984789084877821
15362,0.03520199042251615
15363,0.14082827457085922
15364,0.055566072977866976
15365,0.026387084776302583
15366,0.023210117680793507
15367,0.043819079837934316
15368,0.038226388169030345
15369,0.04386439438259693
15370,0.039094720519391224
15371,0.03169043531626703
15372,0.07330263754703259
15373,0.0346447802115476
15374,0.027465917329661416
15375,0.03226245839807296
15376,0.03531164407754861
15377,0.18384951146512407
15378,0.08420119216734967
15379,0.029251945018601067
15380,0.03500250374259528
15381,0.044526355699146536
15382,0.054412674267613315
15383,0.051808315621617806
15384,0.02892534769290156
15385,0.027567495427819555
15386,0.027548182959413636
15387,0.027255537187208856
15388,0.04123172487162241
15389,0.049920599707307556
15390,0.03929111974446964
15391,0.03408078301351247
15392,0.1776281714898964
15393,0.10882362110211996
15394,0.03934556166941383
15395,0.04800361369993156
15396,0.03802191869956251
15397,0.04001596694100851
15398,0.04001596694100851
15399,0.049218000747763835
15400,0.056006876499399394
15401,0.20492394812065473
15402,0.07816198127469354
15403,0.02983544411270367
15404,0.07392245214993975
15405,0.10131815103241137
15406,0.06329781872807361
15407,0.07986659188476863
15408,0.097985248507933
15409,0.02727365298505169
15410,0.07770501885985348
15411,0.05135917156178915
15412,0.18565734483490703
15413,0.17240337611199552
15414,0.43972878145395844
15415,0.5640053470436666
15416,0.06922907368937614
15417,0.15719574593514696
15418,0.04519694101017879
15419,0.04115540304875975
15420,0.1666318033499189
15421,0.06299715489723956
15422,0.06546126148420606
15423,0.12704791858004016
15424,0.06722386417401338
15425,0.08992935036605032
15426,0.04908035617261741
15427,0.06467622892518732
15428,0.05522354610147695
15429,0.033251459720195164
15430,0.09601650259744976
15431,0.09251675447155105
15432,0.08826628574550854
15433,0.14952323647071541
15434,0.07003310508042104
15435,0.06731271256778615
15436,0.08485531586318917
15437,0.03448766951211424
15438,0.051603218662030215
15439,0.20862733999621375
15440,0.12728788928375934
15441,0.06915394065069325
15442,0.048806956627799436
15443,0.0903488290813621
15444,0.04410150414985359
15445,0.11461143299579957
15446,0.0908535310588362
15447,0.03571244447706934
15448,0.045736714502262465
15449,0.07166510035428175
15450,0.04718841227217152
15451,0.03101590943325594
15452,0.12532271515282822
15453,0.0755542844977729
15454,0.10609063341689084
15455,0.12823830932847557
15456,0.038970956635734244
15457,0.02897847771639772
15458,0.08370419018959252
15459,0.0764385674688961
15460,0.15957549059399256
15461,0.09729365150174596
15462,0.06639314093236237
15463,0.028852182626189493
15464,0.053211446399572204
15465,0.051269077953455366
15466,0.04350578847176767
15467,0.09207329775878192
15468,0.06163056691815072
15469,0.06406554211248694
15470,0.22239123783613457
15471,0.030211043102307822
15472,0.04647861049856372
15473,0.11161641370136843
15474,0.062298768588176956
15475,0.07997935725415528
15476,0.03017938808612186
15477,0.12165095778837942
15478,0.09134518949537584
15479,0.03763668868458925
15480,0.07456483642467426
15481,0.06486849226493996
15482,0.09297755493588866
15483,0.05140743069909959
15484,0.0639962171931775
15485,0.055564561937494594
15486,0.05310257130910301
15487,0.05140743069909959
15488,0.055564561937494594
15489,0.12622014240733959
15490,0.05071103579341929
15491,0.04696463927334038
15492,0.05938210782319431
15493,0.18130625940895917
15494,0.1493223417052617
15495,0.051716735722049156
15496,0.05915936290201551
15497,0.37907526728714547
15498,0.1308513681927661
15499,0.028659616752018557
15500,0.05138537187830261
15501,0.05138537187830261
15502,0.11809437392045397
15503,0.14766600310037414
15504,0.13117955661680913
15505,0.08542449204929203
15506,0.16504351178910404
15507,0.3757386122736148
15508,0.04696463927334038
15509,0.14500326404603203
15510,0.050890333452923486
15511,0.045311460871620635
15512,0.042922719764833306
15513,0.05138537187830261
15514,0.12696732031374647
15515,0.16408453475279072
15516,0.17232238485470341
15517,0.11433224466189362
15518,0.18435240658016483
15519,0.1481578551341559
15520,0.08165440503326171
15521,0.06151014238110197
15522,0.09286717756318275
15523,0.07216863178288935
15524,0.057360315964480324
15525,0.05375568108658502
15526,0.06151014238110197
15527,0.14667489453995564
15528,0.08973474150949823
15529,0.049813681714702684
15530,0.1478763542420528
15531,0.04918412939742378
15532,0.03271220655619078
15533,0.09382464640360866
15534,0.11267166173092835
15535,0.36653982304082033
15536,0.03448074641768506
15537,0.0349817483798921
15538,0.09527524894801997
15539,0.08417246804089895
15540,0.06020452425253231
15541,0.07043462820785495
15542,0.028865625505975046
15543,0.13857866972172017
15544,0.10902300229442774
15545,0.05544967860264227
15546,0.030165471734891813
15547,0.12173025274273652
15548,0.055476723930445115
15549,0.12844180552409334
15550,0.05404528968043987
15551,0.013537318270648746
15552,0.19602182017954783
15553,0.06137356657901205
15554,0.17294020045547354
15555,0.18384577566001115
15556,0.06450055410249322
15557,0.03873693899842712
15558,0.060198662940942116
15559,0.04738057615544955
15560,0.05410058109275395
15561,0.10565595749812862
15562,0.18706948840386806
15563,0.11280291896222017
15564,0.07867836404805761
15565,0.02490519907038935
15566,0.08907825783979428
15567,0.04259741454168975
15568,0.07139911263294518
15569,0.06167755766109706
15570,0.1337465150853535
15571,0.09104851795883118
15572,0.032058365243380904
15573,0.08706296379882306
15574,0.04671054237519012
15575,0.04790066045006103
15576,0.0479322103068377
15577,0.06549873340760326
15578,0.16715601093431598
15579,0.15598948778037225
15580,0.05932088545885961
15581,0.07557474936030917
15582,0.1388739130904758
15583,0.055133052068855326
15584,0.14105945268208686
15585,0.06875926106324148
15586,0.08624029071773731
15587,0.11455713424468195
15588,0.04304544485835482
15589,0.13052695504500045
15590,0.04478180307936397
15591,0.08981025918953911
15592,0.15622845523211115
15593,0.13678706374949223
15594,0.07818837356404573
15595,0.06841412780893585
15596,0.17570570985478373
15597,0.07299980419204855
15598,0.3705838329507297
15599,0.21983587258848603
15600,0.08011600349798365
15601,0.05546551816769363
15602,0.05118372460200671
15603,0.1156679599694932
15604,0.05507951531931943
15605,0.16026950725472244
15606,0.08907755542057372
15607,0.06169784778749232
15608,0.08240685080632426
15609,0.16339410171848323
15610,0.05546551816769363
15611,0.06169784778749232
15612,0.06169784778749232
15613,0.06169784778749232
15614,0.06169784778749232
15615,0.18941644296830218
15616,0.06169784778749232
15617,0.1908640709780134
15618,0.06031317035856454
15619,0.6858964846035689
15620,0.11559970973909373
15621,0.2403647568364916
15622,0.09810703942822707
15623,0.08254318635171742
15624,0.08254318635171742
15625,0.26295051318432605
15626,0.18229889064745963
15627,0.07756974291331897
15628,0.17013579770301146
15629,0.04633510328605139
15630,0.04633510328605139
15631,0.05021744254590699
15632,0.023260526091368083
15633,0.11129284491182667
15634,0.06532272141927187
15635,0.05128457051164281
15636,0.06969927734041081
15637,0.03242204841703
15638,0.05128457051164281
15639,0.18334509943082233
15640,0.09249651051076446
15641,0.05582672805566791
15642,0.057333104297892734
15643,0.1412401177558107
15644,0.12378213590959086
15645,0.07062635441593712
15646,0.08287076791639347
15647,0.1019473528935797
15648,0.3492552845906952
15649,0.09409752569380336
15650,0.12374305991258916
15651,0.10864968479384263
15652,0.011287389152419447
15653,0.04490888166178042
15654,0.09923425919715412
15655,0.10235827127816322
15656,0.12831536924854703
15657,0.14359396647722333
15658,0.07053180752769972
15659,0.035502537715021765
15660,0.07395902450168235
15661,0.11240171779845087
15662,0.11240171779845087
15663,0.10494319170484423
15664,0.12403526017368005
15665,0.1583967770927096
15666,0.14427415338839344
15667,0.10517195376076571
15668,0.03408282445094768
15669,0.08345174657625132
15670,0.1438447739741019
15671,0.08345174657625132
15672,0.03474076498040435
15673,0.034752850213143005
15674,0.21270687294106283
15675,0.08883634529233597
15676,0.14597048776685284
15677,0.05328630277778179
15678,0.03924195916767326
15679,0.15434043122121255
15680,0.06342748947349108
15681,0.11085226254679648
15682,0.06603664503624984
15683,0.07317542858292458
15684,0.17365207462793575
15685,0.14700199798357927
15686,0.07388502283666765
15687,0.0688689003334394
15688,0.2205229917592837
15689,0.009573238872480294
15690,0.11185522355849686
15691,0.14681902781367906
15692,0.1073069581199323
15693,0.03382900286199553
15694,0.03394697289690085
15695,0.039737636393161635
15696,0.2011441551950227
15697,0.14784322670908723
15698,0.5601339630564587
15699,0.04010325074154042
15700,0.033764590033130815
15701,0.03391510808338449
15702,0.04011712388684918
15703,0.02978881319429072
15704,0.22373068510137462
15705,0.17080034903902686
15706,0.3740612721445413
15707,0.0699338994843427
15708,0.11654683972296731
15709,0.0636547804014449
15710,0.0455032133195854
15711,0.0636547804014449
15712,0.0636547804014449
15713,0.0636547804014449
15714,0.1045488590497714
15715,0.37254390798821346
15716,0.0636547804014449
15717,0.0636547804014449
15718,0.0636547804014449
15719,0.03474141291969246
15720,0.08703432805160416
15721,0.0455032133195854
15722,0.0636547804014449
15723,0.0636547804014449
15724,0.0636547804014449
15725,0.0455032133195854
15726,0.05747152061152527
15727,0.08607079443026011
15728,0.0636547804014449
15729,0.0636547804014449
15730,0.0636547804014449
15731,0.0636547804014449
15732,0.0636547804014449
15733,0.3737814448435254
15734,0.06350224444556696
15735,0.03932620118089314
15736,0.11989445069748816
15737,0.1933290247361411
15738,0.12963966308695485
15739,0.08505730055654614
15740,0.046860779992416335
15741,0.08241977514585996
15742,0.20125469839214383
15743,0.0630637196176127
15744,0.0630637196176127
15745,0.06375450248062653
15746,0.0630637196176127
15747,0.10156310398832191
15748,0.09440230208170486
15749,0.09349720513034898
15750,0.12258756494292
15751,0.11691297280701984
15752,0.17466912479146968
15753,0.12566973940373283
15754,0.1518544269033265
15755,0.08550381329568346
15756,0.05635743488639666
15757,0.18313339186938138
15758,0.03263099164393912
15759,0.05635743488639666
15760,0.027605949054527068
15761,0.06581282261104182
15762,0.07126142021802961
15763,0.1275322790724306
15764,0.04280158126582789
15765,0.22569948751997715
15766,0.1125163213604149
15767,0.0666670803306928
15768,0.10778194642033312
15769,0.10338069141776218
15770,0.05999782656672836
15771,0.12191275222933629
15772,0.08502926304763891
15773,0.08454067831306344
15774,0.050825293868480115
15775,0.1680772705128818
15776,0.02785374547858266
15777,0.039962483349868405
15778,0.1743178766250646
15779,0.17721249341558187
15780,0.12871951665772974
15781,0.1960686202070997
15782,0.06017989973809357
15783,0.0666670803306928
15784,0.08234655609438468
15785,0.1974986303327798
15786,0.07189161390187815
15787,0.017347860312495023
15788,0.017430820412625003
15789,0.024969431194492242
15790,0.025087908268438874
15791,0.11783555490040643
15792,0.025087908268438874
15793,0.006448834641586965
15794,0.03750063669014492
15795,0.03732578508813189
15796,0.03750063669014492
15797,0.0399619211606429
15798,0.01732166091232845
15799,0.06625406838546533
15800,0.01732166091232845
15801,0.017347860312495023
15802,0.06769221182623142
15803,0.026274829608055605
15804,0.13536173836357202
15805,0.14178067512182935
15806,0.04324452395666123
15807,0.07329106141118469
15808,0.1634794585039483
15809,0.08002242775084534
15810,0.24319004367765729
15811,0.06303222723700053
15812,0.07132977135993834
15813,0.08481781878911643
15814,0.09958108226217566
15815,0.139134884947956
15816,0.2689802278879383
15817,0.16338092967221673
15818,0.06551132356252443
15819,0.1363770734940125
15820,0.134080844648494
15821,0.11877325307973219
15822,0.0872988150398718
15823,0.09154344951979587
15824,0.07486236656658929
15825,0.037969055083280634
15826,0.32695360721583466
15827,0.012548763355333725
15828,0.03838170827331566
15829,0.012548763355333725
15830,0.012548763355333725
15831,0.152114412206087
15832,0.11254262342445065
15833,0.12119718523643608
15834,0.08594081324417757
15835,0.02708775004294972
15836,0.037900291704380806
15837,0.14216130877568234
15838,0.03239944839095621
15839,0.07226641662561872
15840,0.14738099784300163
15841,0.1375947584951016
15842,0.09608188988674837
15843,0.18119223803465445
15844,0.10813839793673463
15845,0.09608188988674837
15846,0.09608188988674837
15847,0.3113494939943845
15848,0.20658306072446309
15849,0.1375947584951016
15850,0.18732625074071907
15851,0.09608188988674837
15852,0.09608188988674837
15853,0.11742616611158352
15854,0.10046252941628331
15855,0.22174063101423236
15856,0.008441809218013963
15857,0.04477686793766844
15858,0.06437969878423211
15859,0.12685870787778164
15860,0.1205474045037308
15861,0.1528060297569498
15862,0.015550340868755397
15863,0.30020400296255656
15864,0.05780211699592763
15865,0.44361052956611513
15866,0.09128072451954805
15867,0.03411279798990907
15868,0.04710212732212804
15869,0.03619474354910568
15870,0.3518960616900536
15871,0.05073656314587549
15872,0.08520850425412085
15873,0.18300807059729596
15874,0.10591551214086758
15875,0.08304870941326548
15876,0.11744726898470348
15877,0.21277508908341403
15878,0.08270978625918557
15879,0.03398244124398542
15880,0.1808163593120804
15881,0.03619474354910568
15882,0.09234636444787214
15883,0.045904591815023044
15884,0.03402978799492151
15885,0.06468160150628766
15886,0.19258170217068538
15887,0.16295422605798005
15888,0.12318991991356532
15889,0.030630021301084387
15890,0.06006790291797859
15891,0.03619474354910568
15892,0.03619474354910568
15893,0.060981496484315056
15894,0.17064504715751905
15895,0.058621442090518894
15896,0.04710987944753875
15897,0.03154994871700223
15898,0.23302157410591018
15899,0.23651381812896477
15900,0.23651381812896477
15901,0.07849005174951207
15902,0.07951511408728917
15903,0.5827170790689873
15904,0.06631391982784662
15905,0.08469104863698007
15906,0.04599244261151314
15907,0.03118319259930613
15908,0.1162054689385329
15909,0.029180677714193526
15910,0.17690085566712999
15911,0.04059167443030576
15912,0.09795208276939138
15913,0.41907075075118894
15914,0.054924937434055354
15915,0.1390961489037308
15916,0.13379497537869012
15917,0.16202755902901111
15918,0.25212800910655453
15919,0.3100543813278974
15920,0.03961624889650972
15921,0.0444606677539755
15922,0.03961624889650972
15923,0.0444606677539755
15924,0.14992009406301243
15925,0.06943430455955946
15926,0.19967325095580934
15927,0.22986042552930674
15928,0.09764489561801981
15929,0.17879756757537857
15930,0.15852812796636073
15931,0.09669881210556863
15932,0.4229308997784703
15933,0.40639157506380186
15934,0.13227248620056764
15935,0.06402041331321962
15936,0.06088373466646235
15937,0.012579809764656336
15938,0.12419793145835423
15939,0.035178642936628646
15940,0.049341029881793785
15941,0.043231950435283495
15942,0.043231950435283495
15943,0.05734948019425612
15944,0.05207462367208604
15945,0.05207462367208604
15946,0.010353203933414434
15947,0.1299794522619676
15948,0.03212243698373918
15949,0.03330219638627152
15950,0.03494721903074238
15951,0.06601051990426576
15952,0.05039133937268314
15953,0.040310054570588005
15954,0.05039133937268314
15955,0.07272829884802756
15956,0.06601051990426576
15957,0.05039133937268314
15958,0.06601051990426576
15959,0.06601051990426576
15960,0.08372388273664022
15961,0.06601051990426576
15962,0.03945271275987694
15963,0.06601051990426576
15964,0.06601051990426576
15965,0.06601051990426576
15966,0.030292704539197413
15967,0.1135406327176035
15968,0.07862398723252007
15969,0.08020706002851663
15970,0.13719001772992012
15971,0.21968179924935793
15972,0.15527892735195548
15973,0.23158692752141607
15974,0.1890446581575692
15975,7.490317880907149e-4
15976,0.16681177035006745
15977,0.16681177035006745
15978,0.42885353628448797
15979,0.08095763236708675
15980,7.490317880907149e-4
15981,6.357285803524348e-4
15982,7.490317880907149e-4
15983,6.357285803524348e-4
15984,0.0411659318009171
15985,0.5553018167781087
15986,0.15930183981486712
15987,0.041731002427517705
15988,0.06304989255076265
15989,0.10051190536131893
15990,0.02525400283485313
15991,0.044629532353520074
15992,0.05767415166812073
15993,0.3810988787499048
15994,0.0623565224280761
15995,0.07959170575703123
15996,0.05748796005427459
15997,0.07959170575703123
15998,0.07959170575703123
15999,0.11673077058114278
16000,0.13074945588857012
16001,0.13074945588857012
16002,0.09160398703228545
16003,0.02525400283485313
16004,0.07959170575703123
16005,0.02795894322025516
16006,0.07959170575703123
16007,0.038558774132646745
16008,0.16024881774201172
16009,0.06802445350008246
16010,0.20369237017906083
16011,0.10055709411357805
16012,0.07959170575703123
16013,0.044893785666734964
16014,0.15911546993042947
16015,0.06559729981156082
16016,0.1356168079736979
16017,0.07520596429939841
16018,0.04876444418342818
16019,0.12245646046416725
16020,0.009464752173173885
16021,0.09963607664398377
16022,0.1135855177101659
16023,0.22114013298859414
16024,0.09075978324548728
16025,0.04876444418342818
16026,0.062182315913629216
16027,0.09596262938265021
16028,0.0404021799165194
16029,0.08380865057928888
16030,0.08380865057928888
16031,0.17181164833270413
16032,0.059861189499508805
16033,0.16797272406258945
16034,0.11295310298974948
16035,0.04616652220154438
16036,0.07716027322603303
16037,0.07728678192365024
16038,0.10431728647156757
16039,0.20442241447877885
16040,0.24202660701834977
16041,0.08468605980500477
16042,0.080584435618136
16043,0.11346417314801771
16044,0.4808122120413878
16045,0.05330835940180734
16046,0.12950754607589798
16047,0.04250898461886843
16048,0.06863992034331201
16049,0.043965674600564664
16050,0.16131687292826724
16051,0.09373253423656969
16052,0.05404753889106706
16053,0.03833501191825217
16054,0.1395786511449335
16055,0.0834181641552062
16056,0.03833501191825217
16057,0.03833501191825217
16058,0.009093960946965574
16059,0.06955360676616384
16060,0.10557850861526574
16061,0.04930020382604783
16062,0.10916774455341416
16063,0.1334604421392812
16064,0.09646308002001369
16065,0.09880758060132622
16066,0.15051858662686468
16067,0.12344932593356206
16068,0.06527281709018484
16069,0.2364305385073715
16070,0.40779163502652993
16071,0.1373134240397329
16072,0.009826056346271539
16073,0.09813313210360097
16074,0.05719080470376825
16075,0.09779956812355284
16076,0.14670448039486228
16077,0.18110591296473377
16078,0.06251314765324456
16079,0.14544085025683007
16080,0.18973408709552442
16081,0.028024749282258177
16082,0.2527992674960503
16083,0.1756890666533908
16084,0.17187467564722214
16085,0.06553992066798886
16086,0.06553992066798886
16087,0.05868763966112567
16088,0.050829491069830146
16089,0.20024130317467825
16090,0.056133623650956976
16091,0.14230997791319078
16092,0.08018173422308439
16093,0.07533043713428134
16094,0.05360693117297799
16095,0.07921570259533561
16096,0.2865695670164037
16097,0.10944453582582714
16098,0.05846417513435176
16099,0.19428575779341906
16100,0.07827984915841202
16101,0.15517715941766896
16102,0.009019641815380286
16103,0.05114503854073693
16104,0.03121464082013059
16105,0.03048113905496308
16106,0.05861483290235481
16107,0.06830448766333741
16108,0.049407804446992665
16109,0.039762313601727106
16110,0.07119017346814571
16111,0.2648557636269996
16112,0.06676493405031392
16113,0.049546782386837074
16114,0.0392684845632576
16115,0.19404285268098043
16116,0.0820402722973339
16117,0.10058841845195599
16118,0.05020372817693053
16119,0.010830595069951876
16120,0.011806048813569281
16121,0.14030905413776318
16122,0.10099360133232593
16123,0.06745136816145247
16124,0.10099360133232593
16125,0.10099360133232593
16126,0.10099360133232593
16127,0.06745136816145247
16128,0.10099360133232593
16129,0.10099360133232593
16130,0.011806048813569281
16131,0.011806048813569281
16132,0.10099360133232593
16133,0.011806048813569281
16134,0.025986227319079735
16135,0.011806048813569281
16136,0.011806048813569281
16137,0.004213337862879918
16138,0.011806048813569281
16139,0.0820402722973339
16140,0.011806048813569281
16141,0.011806048813569281
16142,0.17242178653154494
16143,0.13878508863691486
16144,0.052971379472894986
16145,0.09917882826325186
16146,0.04363073827540187
16147,0.0820402722973339
16148,0.04757314546738978
16149,0.10357805889572969
16150,0.09917882826325186
16151,0.09917882826325186
16152,0.09917882826325186
16153,0.0378277902065598
16154,0.09336682909647653
16155,0.09698511678610999
16156,0.053805029027101825
16157,0.11680093324445884
16158,0.06500114319578865
16159,0.06500114319578865
16160,0.06500114319578865
16161,0.06500114319578865
16162,0.050854831717435656
16163,0.06500114319578865
16164,0.06500114319578865
16165,0.10230482760816928
16166,0.15230808974786492
16167,0.028820003899577396
16168,0.028820003899577396
16169,0.05035678127854337
16170,0.019008008723694347
16171,0.11646226304975149
16172,0.12037855601454195
16173,0.48906653424882507
16174,8.409490122893715e-4
16175,0.08563353614760716
16176,0.06754593392987984
16177,0.1208183155263578
16178,0.04184286126467285
16179,0.10944602703929229
16180,0.12100839148076681
16181,0.13269445649119194
16182,0.08619001466204945
16183,0.08562410561461564
16184,0.08930885561819768
16185,0.08957296597710784
16186,0.1545930771506353
16187,0.08957296597710784
16188,0.07757873887908628
16189,0.05076544362787516
16190,0.042788713860614
16191,0.11521523220863417
16192,0.0470851392232422
16193,0.15570484940118412
16194,0.18053338082549886
16195,0.04568415699085204
16196,0.11263650910341305
16197,0.04920600426856647
16198,0.4371452337378485
16199,0.07509987027048437
16200,0.09264054251545084
16201,0.09754433211231861
16202,0.032323874163801
16203,0.11522238101017346
16204,0.04662181325667891
16205,0.007513515560801043
16206,0.19605958527975187
16207,0.03403336781131738
16208,0.08348879994522385
16209,0.0960278811689973
16210,0.07544565994727581
16211,0.07365805980694762
16212,0.06861844451689059
16213,0.03379166433499947
16214,0.07721959302234527
16215,0.0445280044599341
16216,0.11044191101724699
16217,0.12565111922192118
16218,0.09077211288259246
16219,0.033721147503077864
16220,0.15601657383780587
16221,0.12269171574427129
16222,0.06595097982779663
16223,0.09292141755396688
16224,0.11027777475159406
16225,0.14121286551775292
16226,0.030356822017095886
16227,0.08461662015194238
16228,0.028830821072550306
16229,0.036484733510311895
16230,0.11254424176379085
16231,0.1756890666533908
16232,0.3143030282186876
16233,0.008950741134009288
16234,0.04172721556565573
16235,0.07074552286100677
16236,0.03054271027019395
16237,0.15276420993628814
16238,0.1077725605928137
16239,0.1774881945994975
16240,0.1200250649192598
16241,0.05131532343817391
16242,0.02710559387789646
16243,0.047317560250975665
16244,0.10131792623936353
16245,0.12045805681017097
16246,0.07918228493131263
16247,0.27847799824613295
16248,0.17237431178990137
16249,0.36748941716712313
16250,0.17237431178990137
16251,0.17237431178990137
16252,0.17237431178990137
16253,0.2582321185224208
16254,0.17237431178990137
16255,0.12463954798867993
16256,0.05342839677903066
16257,0.16020101349319693
16258,0.13607995553921637
16259,0.1742784829193489
16260,0.07406440405592929
16261,0.11115120484966068
16262,0.05411997102817956
16263,0.07624091599121297
16264,0.053819261810906904
16265,0.07588684877283591
16266,0.046419925594235245
16267,0.11318819178048012
16268,0.028421510350419066
16269,0.05626003187179529
16270,0.15504013857957621
16271,0.0665516793814348
16272,0.007480120428853709
16273,0.001241332208514745
16274,0.06359388611357819
16275,0.23563631515619177
16276,0.37646526882879794
16277,0.10512981998446469
16278,0.2727823403615186
16279,0.0818203749065366
16280,0.1210962726670054
16281,0.0333901356239924
16282,0.09986679778706653
16283,0.04886620819217602
16284,0.12795859636113538
16285,0.12634910057816162
16286,0.35711316937986115
16287,0.2013169662550338
16288,0.00951099697566904
16289,0.00951099697566904
16290,0.10776699317020433
16291,0.06559558435514645
16292,0.09799510001986877
16293,0.00951099697566904
16294,0.00951099697566904
16295,0.1451298402869705
16296,0.00951099697566904
16297,0.15694990658092167
16298,0.14814192070494125
16299,0.309077718316786
16300,0.13797318273746395
16301,0.06633240540525309
16302,0.03373070973591119
16303,0.08453320359011218
16304,0.32245315404719765
16305,0.1803853901049981
16306,0.09523434847646195
16307,0.08615599654957617
16308,0.06775083933271275
16309,0.0113478676962393
16310,0.06775083933271275
16311,0.00786390282705729
16312,0.2819644371917357
16313,0.18974601004248048
16314,0.01942838519803436
16315,0.041785114161149384
16316,0.05752512247990382
16317,0.10179628963223697
16318,0.0508959562084208
16319,0.09150715608245752
16320,0.0462446808080319
16321,0.03295423767635364
16322,0.0986743850456353
16323,0.06507836348486884
16324,0.09150715608245752
16325,0.0469556733166252
16326,0.05949721650504858
16327,0.05651344075746012
16328,0.08335439839282155
16329,0.5321293542630161
16330,0.046492627621222304
16331,0.14856931387385242
16332,0.10060002637978838
16333,0.18394906094991081
16334,0.24328726176483828
16335,0.15014447113394824
16336,0.153131694588025
16337,0.04280819713688966
16338,0.2093016136814051
16339,0.07835208184709386
16340,0.07113821492874817
16341,0.10989603165580164
16342,0.006676529833878675
16343,0.13177751222866008
16344,0.15970276136225348
16345,0.05813763624962187
16346,0.04745961967587298
16347,0.14568787385205895
16348,0.07832606537105369
16349,0.0613144422689218
16350,0.0815983068686863
16351,0.0613144422689218
16352,0.5013469821577223
16353,0.21696523710798177
16354,0.0613144422689218
16355,0.0815983068686863
16356,0.0613144422689218
16357,0.06044536341947215
16358,0.051237716986570425
16359,0.03852600291408814
16360,0.06305648099755035
16361,0.10654928738029179
16362,0.11951413689277623
16363,0.08667252274298065
16364,0.1605091153164092
16365,0.0613144422689218
16366,0.0613144422689218
16367,0.0613144422689218
16368,0.05926235565200144
16369,0.09321914704443146
16370,0.0815983068686863
16371,0.11432358144234744
16372,0.09799510001986877
16373,0.0815983068686863
16374,0.0815983068686863
16375,0.0613144422689218
16376,0.0460398964734976
16377,0.15314197633333715
16378,0.0815983068686863
16379,0.035710592028397437
16380,0.0815983068686863
16381,0.049542805625856334
16382,0.19519948433219036
16383,0.05639450736469498
16384,0.14932883015637866
16385,0.14980300904289645
16386,0.07912023238685939
16387,0.06035386733519854
16388,0.14152397584260346
16389,0.05632420142333627
16390,0.027394155775914086
16391,0.060619685184049144
16392,0.013050627322956032
16393,0.06436464928292496
16394,0.039331944409604525
16395,0.0377922851753949
16396,0.10475947090565407
16397,0.03669285836043967
16398,0.04693441171802448
16399,0.04391958042297328
16400,0.02861900570112952
16401,0.13557010819152426
16402,0.09449592190599843
16403,0.09616772100962134
16404,0.052043561887079814
16405,0.21126616364315476
16406,0.4388600621531751
16407,0.07559660381086641
16408,0.09253388986328936
16409,0.0626053536092972
16410,0.05551080237974815
16411,0.16126693793882296
16412,0.05551080237974815
16413,0.05551080237974815
16414,0.043700968544006624
16415,0.007480120428853709
16416,0.024966075805154198
16417,0.024966075805154198
16418,0.024966075805154198
16419,0.024966075805154198
16420,0.03540761783008317
16421,0.017148941076140956
16422,0.024966075805154198
16423,0.06442339180017653
16424,0.06442339180017653
16425,0.06442339180017653
16426,0.19739409264679253
16427,0.19804103488560842
16428,0.06442339180017653
16429,0.1921732386843915
16430,0.06865494161879915
16431,0.29993812728604274
16432,0.15015742293372547
16433,0.13854729192877513
16434,0.06286977910378455
16435,0.06286977910378455
16436,0.031105229103557508
16437,0.030068948739549017
16438,0.030068948739549017
16439,0.030068948739549017
16440,0.03335207580052091
16441,0.0401283726352325
16442,0.030068948739549017
16443,0.054100389920277214
16444,0.06299224139277715
16445,0.12512413676329848
16446,0.030068948739549017
16447,0.14728352855400617
16448,0.08988587989352148
16449,0.06299224139277715
16450,0.06299224139277715
16451,0.06299224139277715
16452,0.06299224139277715
16453,0.06299224139277715
16454,0.06299224139277715
16455,0.06299224139277715
16456,0.045020517708791896
16457,0.06299224139277715
16458,0.33621485063780243
16459,0.06299224139277715
16460,0.06299224139277715
16461,0.06299224139277715
16462,0.045020517708791896
16463,0.06299224139277715
16464,0.06299224139277715
16465,0.06299224139277715
16466,0.045020517708791896
16467,0.06299224139277715
16468,0.045020517708791896
16469,0.041784090778604344
16470,0.06299224139277715
16471,0.06410001790759168
16472,0.030068948739549017
16473,0.07671876868876526
16474,0.11011445326164315
16475,0.14583277186059895
16476,0.3007309103483956
16477,0.1207417268773131
16478,0.06701291289681688
16479,0.07215710984096935
16480,0.03216645557340547
16481,0.03197101082785825
16482,0.10548441509779061
16483,0.028315498001340145
16484,0.013775282796896215
16485,0.0715871126142994
16486,0.044147594980670335
16487,0.14369440271801448
16488,0.056659439722331895
16489,0.07129145785165247
16490,0.10710814443382022
16491,0.1431273770624535
16492,0.03406269031066478
16493,0.0614846905055747
16494,0.015658129146142508
16495,0.04368591245268083
16496,0.04585727070923229
16497,0.03801951619854593
16498,0.03801951619854593
16499,0.14574713966486952
16500,0.07960853311255278
16501,0.048612674106572884
16502,0.177183893864031
16503,0.03801951619854593
16504,0.10159598799755243
16505,0.02557883506173142
16506,0.08407819199452182
16507,0.03385612700384022
16508,0.07520943790505641
16509,0.032689026293607815
16510,0.039934783800688045
16511,0.03175581182297027
16512,0.003920486234204823
16513,0.04104552593499178
16514,0.1521750985827096
16515,0.03812501723855177
16516,0.25146738149106296
16517,0.03092298950048422
16518,0.16605238653127574
16519,0.046826841560909216
16520,0.15172746922359814
16521,0.0914218934189136
16522,0.1164607927821737
16523,0.07330734530364824
16524,0.03372934112389059
16525,0.048154794304496984
16526,0.046826841560909216
16527,0.030801666364923985
16528,0.12231138839610445
16529,0.047557452076329
16530,0.09985429167056448
16531,0.041206188877678795
16532,0.02900283103303103
16533,0.1271896987326896
16534,0.14916165249377433
16535,0.1055713207184451
16536,0.07578888279979579
16537,0.1370281602067437
16538,0.03649763541847306
16539,0.045605036743019856
16540,0.027732470796716258
16541,0.04835167978119925
16542,0.10269755927453572
16543,0.057692053225531725
16544,0.41990100698083854
16545,0.07362985818906209
16546,0.10269755927453572
16547,0.10111592741594078
16548,0.14634399362797657
16549,0.03888722931770838
16550,0.03396739598969789
16551,0.0987021535948851
16552,0.059229208698768576
16553,0.042139498954903876
16554,0.2592033391649281
16555,0.34517894621870016
16556,0.21532745609573156
16557,0.07941616854295841
16558,0.08868906598830417
16559,0.0466949868830876
16560,0.14683281886294297
16561,0.03027444966740933
16562,0.4505300640316281
16563,0.03028266525233092
16564,0.09664420444889243
16565,0.09056975121031685
16566,0.08103718371404489
16567,0.07510769079301505
16568,0.08250513525856362
16569,0.06984127663931106
16570,0.07277014057089815
16571,0.03395788277356593
16572,0.12273748261129824
16573,0.03395788277356593
16574,0.10515543789957893
16575,0.07485776586538917
16576,0.1041037519860305
16577,0.26315232911332465
16578,0.02509574394646441
16579,0.08960660310936275
16580,0.10309186130837311
16581,0.12941792980437694
16582,0.08657519442054273
16583,0.06859026032961757
16584,0.021617034596813745
16585,0.03395788277356593
16586,0.06306212378572273
16587,0.0397621603683751
16588,0.028554111048373465
16589,0.059343666415575425
16590,0.03661587112913267
16591,0.035114875933676126
16592,0.12148855418449489
16593,0.35239650294489944
16594,0.03759169191989642
16595,0.152604426275042
16596,0.152604426275042
16597,0.20976987615815457
16598,0.03942819584856749
16599,0.08048221296776492
16600,0.06986483051471948
16601,0.06986483051471948
16602,0.06986483051471948
16603,0.06986483051471948
16604,0.06986483051471948
16605,0.06986483051471948
16606,0.06986483051471948
16607,0.06986483051471948
16608,0.06986483051471948
16609,0.06986483051471948
16610,0.06986483051471948
16611,0.06986483051471948
16612,0.09951116000230953
16613,0.06986483051471948
16614,0.06986483051471948
16615,0.06986483051471948
16616,0.07108429895843238
16617,0.06986483051471948
16618,0.011780680843426095
16619,0.07108429895843238
16620,0.06812395292106488
16621,0.05003705911139367
16622,0.06986483051471948
16623,0.0498162119335136
16624,0.07587924835069826
16625,0.07049409178522648
16626,0.02543293104508948
16627,0.09320860544846132
16628,0.09320860544846132
16629,0.12718211367060372
16630,0.07767876652340666
16631,0.046353159909501396
16632,0.06136380049468515
16633,0.043731095583487756
16634,0.02774867330963937
16635,0.037401378257293505
16636,0.07429444017774356
16637,0.043438585148286024
16638,0.08232427722675217
16639,0.10891373797490056
16640,0.043445687240405095
16641,0.03187079713756891
16642,0.03187079713756891
16643,0.06049292283229224
16644,0.15682554088590528
16645,0.09680189449269816
16646,0.1620482701027729
16647,0.06794539546700518
16648,0.033340371823986525
16649,0.029710115481308197
16650,0.20588092922129986
16651,0.06563289225894153
16652,0.06761132396881953
16653,0.0342305468233739
16654,0.307586759390162
16655,0.031677090028123356
16656,0.09267345588272069
16657,0.0328940175935587
16658,0.09009913528864089
16659,0.04844761208078219
16660,0.058807134473213285
16661,0.04754113338105881
16662,0.054013498339309796
16663,0.062032482090797925
16664,0.05211951023611838
16665,0.038478384977458924
16666,0.031122060232340987
16667,0.039501585037730824
16668,0.05680780599810242
16669,0.06562663512308975
16670,0.06673743971333823
16671,0.031498235951126885
16672,0.03975502986668511
16673,0.030198129550586872
16674,0.06566519790739844
16675,0.07750172469485328
16676,0.026777243699039
16677,0.04884589911922266
16678,0.05270916855576768
16679,0.05270916855576768
16680,0.03643188541447928
16681,0.1239688115828873
16682,0.045649432488632624
16683,0.11288569381599434
16684,0.08050691489096407
16685,0.050558224574615895
16686,0.07921011274553669
16687,0.15125420506275922
16688,0.040522837726192806
16689,0.045649432488632624
16690,0.06566519790739844
16691,0.05272945545643182
16692,0.01884884316706925
16693,0.17344988109443882
16694,0.05053277843206683
16695,0.0887858764556042
16696,0.10106701727758882
16697,0.04534273644879194
16698,0.09090127091970412
16699,0.1776070452223213
16700,0.07661682144687487
16701,0.12543802541683635
16702,0.22811917958289962
16703,0.12591527990342843
16704,0.10203966176158696
16705,0.2317437590923771
16706,0.03387523652790614
16707,0.04562958392159622
16708,0.043233059877183067
16709,0.0488316251452533
16710,0.06420231100903973
16711,0.08723787346555256
16712,0.08976210315429789
16713,0.088927174455169955
16714,0.09064636152177807
16715,0.17185478955944178
16716,0.454463616570395
16717,0.09230520616910476
16718,0.08085636455025158
16719,0.03387523652790614
16720,0.044115624989220614
16721,0.03881471198562225
16722,0.1209414522528457
16723,0.06325042173767903
16724,0.05470711136321027
16725,0.04166272971772522
16726,0.0902670963638279
16727,0.15364408157921594
16728,0.12500601122348642
16729,0.07337768692721258
16730,0.09221080143804206
16731,0.06946995514782917
16732,0.05778729406971794
16733,0.09221080143804206
16734,0.06893825193717407
16735,0.06730429625985179
16736,0.08016208203421171
16737,0.03918145095682246
16738,0.08618772426717713
16739,0.3352699714102275
16740,0.06099218967250353
16741,0.08455971861078415
16742,0.11274457735336796
16743,0.07188332717255996
16744,0.08712579100035178
16745,0.10697769201017926
16746,0.024518875948336016
16747,0.07226989635905556
16748,0.26825323554023406
16749,0.05994806481775039
16750,0.06199580520670578
16751,0.04976474448084378
16752,0.2292843634928481
16753,0.0312649527066724
16754,0.0635388574888438
16755,0.03786793203811889
16756,0.15024118914073403
16757,0.05267339649530389
16758,0.05748310214847829
16759,0.10011911447570632
16760,0.04986739371851645
16761,0.0734166838959529
16762,0.13771518184021792
16763,0.09079755091228803
16764,0.1280847558181557
16765,0.04495569379627884
16766,0.035130001022356305
16767,0.035130001022356305
16768,0.028389010715564877
16769,0.030466813427637907
16770,0.13099591503945163
16771,0.1110794172474121
16772,0.057590908644632455
16773,0.13255336809019513
16774,0.09042823341864115
16775,0.03309195019741984
16776,0.12950754607589798
16777,0.14415433661607102
16778,0.05174220996793455
16779,0.0672711915404598
16780,0.028483327423559746
16781,0.029332891007516904
16782,0.071666101746647
16783,0.06725217301027697
16784,0.06725217301027697
16785,0.10898369859877133
16786,0.07692127206017796
16787,0.039379492406162675
16788,0.045622348402437285
16789,0.05859337308376056
16790,0.022868894414298846
16791,0.03131190349550228
16792,0.07692127206017796
16793,0.14778833175453632
16794,0.02830960692839901
16795,0.05129176810408842
16796,0.046985452124541416
16797,0.0965980914868867
16798,0.06538076706269846
16799,0.0907643758709662
16800,0.08500485432526417
16801,0.0630333170361046
16802,0.21431637347890398
16803,0.09055050301994605
16804,0.07805785990335046
16805,0.07025361333952918
16806,0.07025361333952918
16807,0.06375527807447712
16808,0.06196629643464979
16809,0.13506479358581536
16810,0.06196629643464979
16811,0.04859393270141288
16812,0.06497516924457258
16813,0.06575145282464623
16814,0.0944247841550866
16815,0.04081309894691476
16816,0.07850721894939827
16817,0.06938012479461197
16818,0.03474081137064189
16819,0.12275302811151212
16820,0.1531952940514899
16821,0.0168084046687188
16822,0.04378766932491662
16823,0.0168084046687188
16824,0.013050627322956032
16825,0.05122700772654476
16826,0.05122700772654476
16827,0.05696155842558692
16828,0.09204033872363071
16829,0.05571904079932244
16830,0.05696336537451152
16831,0.026878500508868308
16832,0.06964391482471355
16833,0.06281714941299932
16834,0.12157239982395063
16835,0.22362702031806114
16836,0.04316927556871353
16837,0.06464767701984275
16838,0.05185620371902788
16839,0.07852752861154577
16840,0.025533637715427826
16841,0.0925786560161066
16842,0.08597143536702578
16843,0.07277287248067765
16844,0.07277287248067765
16845,0.04794844750874594
16846,0.03721414823009961
16847,0.04565285731306079
16848,0.10912373817973653
16849,0.10668501999804902
16850,0.06432019548950385
16851,0.06432019548950385
16852,0.06432019548950385
16853,0.06432019548950385
16854,0.15168818771207282
16855,0.07504810529335726
16856,0.07504810529335726
16857,0.031552473342334686
16858,0.02529735139232292
16859,0.0336172650675004
16860,0.024439041149221463
16861,0.034954904394239095
16862,0.025609725026374486
16863,0.034870593944893
16864,0.04547552278254319
16865,0.05779428282908494
16866,0.06069415161963687
16867,0.03831922898105622
16868,0.049167302979266636
16869,0.01476371874836302
16870,0.017079377277150143
16871,0.05096621654146993
16872,0.06960736728688055
16873,0.04049128059487739
16874,0.09514048682932119
16875,0.25051035825152734
16876,0.040170743962891775
16877,0.13839681020432082
16878,0.09661130949566266
16879,0.03267937514597452
16880,0.04792572399279604
16881,0.05793641273430983
16882,0.09462314467610677
16883,0.07084068191761062
16884,0.0472206151055512
16885,0.03355831674623255
16886,0.04193522803352401
16887,0.1295448475725246
16888,0.1189670607058857
16889,0.1400852834677172
16890,0.5123810891920856
16891,0.15782147652353984
16892,0.2590743712293162
16893,0.08950341177814247
16894,0.09688728456830686
16895,0.16470392265250633
16896,0.12545867042715686
16897,0.0168084046687188
16898,0.3215030767618925
16899,0.11502273755138248
16900,0.15212633140552323
16901,0.05540328334663058
16902,0.1463139844660689
16903,0.11607723049785224
16904,0.3527774779338321
16905,0.2525898157074965
16906,0.1513079429191545
16907,0.30735889644185843
16908,0.09696037190668572
16909,0.042715233988017576
16910,0.06827086556943973
16911,0.416957204222813
16912,0.26076002509440144
16913,0.26076002509440144
16914,0.14344079273906052
16915,0.36292395052743176
16916,0.33321406946929266
16917,0.20171920455909442
16918,0.3296285522317637
16919,0.13482923034051153
16920,0.02680926023847885
16921,0.01571848591527003
16922,0.028097528981715025
16923,0.24071807375836463
16924,0.25433059402161484
16925,0.25433059402161484
16926,0.29652347791491807
16927,0.3715493483336554
16928,0.08094782592953309
16929,0.2004402470621628
16930,0.12430458593423366
16931,0.02551571268440711
16932,0.2051763528570275
16933,0.08070770288489726
16934,0.057222854968933756
16935,0.15988802816156245
16936,0.08220774863365232
16937,0.06827197441590505
16938,0.021348000568143455
16939,0.07282427209928088
16940,0.04557689475086979
16941,0.152661719624812
16942,0.03258464894104318
16943,0.03258464894104318
16944,0.04256937259673754
16945,0.03258464894104318
16946,0.03258464894104318
16947,0.19060534962071263
16948,0.1311741936271571
16949,0.11553293810929044
16950,0.045833076511384685
16951,0.20292330148880422
16952,0.02546201108609769
16953,0.025381665014563626
16954,0.06351313202622377
16955,0.025654721445361184
16956,0.025654721445361184
16957,0.04260863784093827
16958,0.29778596559764514
16959,0.04509674297415123
16960,0.027477782616265878
16961,0.10668568206591222
16962,0.08902300296138155
16963,0.021104691919059282
16964,0.10799270723536991
16965,0.056209534735982
16966,0.039489022188950784
16967,0.0824157688230831
16968,0.0824157688230831
16969,0.09242594182266917
16970,0.15643206087565753
16971,0.022225645241170655
16972,0.053300634571087135
16973,0.04285820044047206
16974,0.025470953702548926
16975,0.056415088534260915
16976,0.20860296322754068
16977,0.07684736788785373
16978,0.12351928286890956
16979,0.04870738592689283
16980,0.03840514783868065
16981,0.03233886305475098
16982,0.08641784827939392
16983,0.062398816696213166
16984,0.028559773311600978
16985,0.04388880635740566
16986,0.04128182411892756
16987,0.026677957637054606
16988,0.007847052920360698
16989,0.04348192933491901
16990,0.040742876963654195
16991,0.06269460449484143
16992,0.05429030595442197
16993,0.05177453593587744
16994,0.08377566398274883
16995,0.034795433205338844
16996,0.062138922921410544
16997,0.08145856149313457
16998,0.11756139555361744
16999,0.04994804647891393
17000,0.021863567029439368
17001,0.04052409623743114
17002,0.06229285902284154
17003,0.03376281372154932
17004,0.07406446564012292
17005,0.07406446564012292
17006,0.03856754914419136
17007,0.02515129333134003
17008,0.02829969662838039
17009,0.052458569963476864
17010,0.07406446564012292
17011,0.04006492066026768
17012,0.04018688720739727
17013,0.035156116054837816
17014,0.02954476346079493
17015,0.058664895614131574
17016,0.09884185991493744
17017,0.05284749568832692
17018,0.08253991021131857
17019,0.09926357841386169
17020,0.03212320320658113
17021,0.039708570161905765
17022,0.07743218643765504
17023,0.0433336208260362
17024,0.07302575368904951
17025,0.09046037635696969
17026,0.030045860442207806
17027,0.0803260630303162
17028,0.08451589013310334
17029,0.08743445450764942
17030,0.03543523877074595
17031,0.02536384389395785
17032,0.06854448999880891
17033,0.03722735612605488
17034,0.023768414956022
17035,0.04962112316553291
17036,0.4861317018054282
17037,0.06238404564669786
17038,0.05458636683369855
17039,0.039673589789551156
17040,0.058560639849887575
17041,0.01571848591527003
17042,0.10368746015148622
17043,0.0676506808581987
17044,0.032122723928017294
17045,0.06079316351492714
17046,0.045400183332748756
17047,0.025492019421129997
17048,0.05404347937443177
17049,0.08164316681265305
17050,0.059078870442364595
17051,0.0305811392456381
17052,0.022554948885716852
17053,0.10155803380166051
17054,0.11725791947003317
17055,0.057729354969453195
17056,0.06494290223210775
17057,0.0557814689677526
17058,0.09771418362677153
17059,0.049873484152458514
17060,0.03747168500427889
17061,0.051675169785709074
17062,0.046010286829044844
17063,0.039489022188950784
17064,0.02552892504979054
17065,0.06698518195749648
17066,0.059265919829232794
17067,0.013847160339519382
17068,0.06562338588823502
17069,0.02552892504979054
17070,0.010597824641680353
17071,0.05976792911056816
17072,0.12724857624635455
17073,0.0877531116496274
17074,0.05828885159431674
17075,0.06531452151324901
17076,0.1025152859942885
17077,0.10179816605487246
17078,0.0838147214113415
17079,0.11836767092331102
17080,0.04865871628106211
17081,0.03786699012024708
17082,0.046617925037039876
17083,0.12908625827147346
17084,0.034403348276311196
17085,0.034901032904198326
17086,0.07337098310362256
17087,0.07703496360609141
17088,0.06207054798455203
17089,0.049193261968627056
17090,0.13319056899822657
17091,0.034403348276311196
17092,0.007480120428853709
17093,0.03934334143894491
17094,0.0356062742685056
17095,0.03337118247269932
17096,0.040685160122031605
17097,0.03315948777375377
17098,0.08994949140575625
17099,0.028171168850815054
17100,0.09868025742811626
17101,0.04876666872180113
17102,0.15026642250270206
17103,0.029194197165543057
17104,0.21672527890149507
17105,0.1858344271471274
17106,0.01571848591527003
17107,0.010872548875271115
17108,0.03988002858778228
17109,0.0576067028711591
17110,0.1426238676702022
17111,0.0494367339163172
17112,0.029304529842493876
17113,0.03070486911402781
17114,0.03070486911402781
17115,0.04060400027955502
17116,0.040685160122031605
17117,0.04348874651818391
17118,0.03934334143894491
17119,0.03070486911402781
17120,0.03070486911402781
17121,0.03934334143894491
17122,0.07997801137646532
17123,0.050286068055934496
17124,0.03070486911402781
17125,0.03934334143894491
17126,0.039495505200231484
17127,0.0403843437041157
17128,0.050286068055934496
17129,0.03934334143894491
17130,0.055215612533758396
17131,0.03070486911402781
17132,0.050286068055934496
17133,0.03070486911402781
17134,0.043717822892389124
17135,0.05380425319294735
17136,0.08862765961107932
17137,0.07108404878156815
17138,0.04720063869586122
17139,0.07586034588655244
17140,0.032414482626688446
17141,0.07508095417423999
17142,0.038237410334488686
17143,0.07582970611656725
17144,0.03190702227042952
17145,0.040345473109228425
17146,0.07706949946355768
17147,0.032842433731437914
17148,0.030507365876742853
17149,0.04996910557201073
17150,0.07706949946355768
17151,0.020596005774815462
17152,0.06484830401477981
17153,0.0709898979359419
17154,0.03153650161343957
17155,0.039092513867629464
17156,0.031509230029571955
17157,0.03824257518598495
17158,0.05534969498568809
17159,0.022429364317138933
17160,0.05588125317612558
17161,0.03813042402200084
17162,0.04376124244184365
17163,0.040084161833149334
17164,0.0336033648264199
17165,0.10730411676564833
17166,0.07676802302508179
17167,0.03405486665982249
17168,0.05046326324326311
17169,0.027891244184623853
17170,0.0275868210510265
17171,0.17442383945259432
17172,0.05403004489771157
17173,0.05459731653227429
17174,0.03035516843540953
17175,0.025381665014563626
17176,0.026450281871848835
17177,0.08483658499511826
17178,0.025257172827260144
17179,0.02657114865481447
17180,0.025140294422040577
17181,0.07151105002300706
17182,0.036276860647612263
17183,0.03855141446405608
17184,0.025439438447558138
17185,0.026196657775464316
17186,0.026196657775464316
17187,0.022344786232740166
17188,0.056228653239344006
17189,0.03652298620551442
17190,0.13764780746166416
17191,0.02570632537405726
17192,0.03223350326228347
17193,0.027303242742581002
17194,0.036913415782931835
17195,0.15852490551330045
17196,0.048954359476367504
17197,0.04991450265132413
17198,0.041294347056441305
17199,0.06550253857837884
17200,0.052293142185031005
17201,0.010677462021307926
17202,0.0477127390262172
17203,0.08270852737097978
17204,0.026692983047034047
17205,0.028503661551550485
17206,0.07006412966513043
17207,0.03617917342066146
17208,0.03455332340190209
17209,0.041246552472496534
17210,0.02585559885460842
17211,0.05520337119777374
17212,0.06321651542162854
17213,0.056048739038273676
17214,0.1066369628930589
17215,0.03455332340190209
17216,0.028092356748386393
17217,0.04590972019430306
17218,0.0967243065540897
17219,0.03436769601066092
17220,0.026858357761222917
17221,0.02816130560906105
17222,0.03436769601066092
17223,0.05690061168310534
17224,0.036293505365404766
17225,0.09940412074004734
17226,0.033509879546030796
17227,0.05661398894890424
17228,0.06592728519849378
17229,0.04382021923063584
17230,0.030760283033399394
17231,0.045951959400726605
17232,0.04843380870973513
17233,0.031509230029571955
17234,0.044887244412808225
17235,0.0277044016486806
17236,0.0969998490130588
17237,0.03552966831272952
17238,0.03705802905669753
17239,0.0962596504720108
17240,0.05431292841587654
17241,0.032306475877248
17242,0.03767706203224186
17243,0.052469646514568535
17244,0.16093582936523643
17245,0.02859360041160608
17246,0.031607475447407496
17247,0.031607475447407496
17248,0.056486858953201824
17249,0.05747895278443871
17250,0.048632073988677194
17251,0.06356303149590714
17252,0.021371278764959256
17253,0.051851611238661555
17254,0.038968772524107465
17255,0.03469413039197489
17256,0.03332558942957897
17257,0.010872548875271115
17258,0.04595455660502046
17259,0.10007744898555615
17260,0.10788181919914874
17261,0.1505947930902396
17262,0.12695766833727384
17263,0.0773007411708323
17264,0.02494979141453857
17265,0.07062968337528919
17266,0.01967468176587217
17267,0.15697086439458385
17268,0.045055079160619904
17269,0.022301083036564306
17270,0.05384818304380257
17271,0.024323551883725036
17272,0.06435684610266479
17273,0.1551178689903433
17274,0.03046811367930269
17275,0.03046811367930269
17276,0.03046811367930269
17277,0.04984226061258701
17278,0.159849560647073
17279,0.10048073503335742
17280,0.03046811367930269
17281,0.024735158867276952
17282,0.022301083036564306
17283,0.0267479793923725
17284,0.026710483910155625
17285,0.007712228852041703
17286,0.047477910132868506
17287,0.05923258923977259
17288,0.029503466278202328
17289,0.0828037424933139
17290,0.12077821559965363
17291,0.12077821559965363
17292,0.07423443305114152
17293,0.034399284018337806
17294,0.06489073737046558
17295,0.07842306219372641
17296,0.04919264085679209
17297,0.1283806761845082
17298,0.048776873425486644
17299,0.029037806731913918
17300,0.09393114985369166
17301,0.08389618328638948
17302,0.04679440363585996
17303,0.04679440363585996
17304,0.04679440363585996
17305,0.04679440363585996
17306,0.05266105292619461
17307,0.02844819375724217
17308,0.06445352991047038
17309,0.1637547502731993
17310,0.04971149550302778
17311,0.028092356748386393
17312,0.22129674854307047
17313,0.03667495544964072
17314,0.05536885010979342
17315,0.04384829714227856
17316,0.02489215204190931
17317,0.04192883732169117
17318,0.03227814683647556
17319,0.06448796975837956
17320,0.13354666571452345
17321,0.028398440604272657
17322,0.010830595069951876
17323,0.05836240465309339
17324,0.03761346310216074
17325,0.029015283355559918
17326,0.057742692694807474
17327,0.05221941160924293
17328,0.040754326924767215
17329,0.09644570251585904
17330,0.047961839840402365
17331,0.12751786209667038
17332,0.046281644509828634
17333,0.07225312243833448
17334,0.01206898336144846
17335,0.02374613529095071
17336,0.04660662837827001
17337,0.05559512814835321
17338,0.08829671318657328
17339,0.03349826755924368
17340,0.08576320395614767
17341,0.12609995796277396
17342,0.05157179257797495
17343,0.056027724100015996
17344,0.09297576582398093
17345,0.07155601612460438
17346,0.042865593984690586
17347,0.03595162455382683
17348,0.05199891565408932
17349,0.013844573967026319
17350,0.058469509305034584
17351,0.0391476479069186
17352,0.04485952619212197
17353,0.0389793349511397
17354,0.06426263713246161
17355,0.04213120717554908
17356,0.029009191632968334
17357,0.02522171300937648
17358,0.05006350374817059
17359,0.10916282253357024
17360,0.06546581943130614
17361,0.08126162779229762
17362,0.2867377041393223
17363,0.026545172070307488
17364,0.04051593147272836
17365,0.0543097673912013
17366,0.06698518195749648
17367,0.05145605903706485
17368,0.05088506313987462
17369,0.03319729311163788
17370,0.03319729311163788
17371,0.04936249884237265
17372,0.05811160684735717
17373,0.05526136914616897
17374,0.0464252283365405
17375,0.059005071574145807
17376,0.06384627048053881
17377,0.03572921403224316
17378,0.03130938599829436
17379,0.02514210564245356
17380,0.032928572056477146
17381,0.027998909428196606
17382,0.0648335825643156
17383,0.08161317264855783
17384,0.08415440143876096
17385,0.05189383226841027
17386,0.025212855635085574
17387,0.08131856186147624
17388,0.05742841413585442
17389,0.025350257362800055
17390,0.057513486527318136
17391,0.06407278639221248
17392,0.012696134931705627
17393,0.06765491003482282
17394,0.06765491003482282
17395,0.01075951028449773
17396,0.02187719634311558
17397,0.06314743587596483
17398,0.04789200783224146
17399,0.08118698203530916
17400,0.04680828994368358
17401,0.047994125167378554
17402,0.08681350772529817
17403,0.08681350772529817
17404,0.08681350772529817
17405,0.07632685069011436
17406,0.035453110060317705
17407,0.06681693113994835
17408,0.03772972412208975
17409,0.059275139249116426
17410,0.029765797491892232
17411,0.04317764383147016
17412,0.03546543399104041
17413,0.05532930038766071
17414,0.040990099212635855
17415,0.09264796254936025
17416,0.0364023417075694
17417,0.07876022975344377
17418,0.09158211519060777
17419,0.05069819020520039
17420,0.04351350806293608
17421,0.048187031846496975
17422,0.08803564267433228
17423,0.07396478543666218
17424,0.024323914361392918
17425,0.02670392039123437
17426,0.059826266003729534
17427,0.03337623279561075
17428,0.029669134572775424
17429,0.04290392972384327
17430,0.03884750447498986
17431,0.03361035112066768
17432,0.05176310847924903
17433,0.031045661491557186
17434,0.027278588802605475
17435,0.04107957678181573
17436,0.07185125579870055
17437,0.02716394373015607
17438,0.025296894950061377
17439,0.060141653722150634
17440,0.04560096517475554
17441,0.037670368627145456
17442,0.028974704174530075
17443,0.028974704174530075
17444,0.028974704174530075
17445,0.028974704174530075
17446,0.022736717690716612
17447,0.03543205910069114
17448,0.022173290476723118
17449,0.05913378078613718
17450,0.007308361298004162
17451,0.04577586297863345
17452,0.03865736184309465
17453,0.02148584177341817
17454,0.07762276732126538
17455,0.41859365690602024
17456,0.10074109102014861
17457,0.12104797439879844
17458,0.06092885949346938
17459,0.04375582048631277
17460,0.04582101785626924
17461,0.010673656376660734
17462,0.12066865632500745
17463,0.045616649794798625
17464,0.02874027059512163
17465,0.03919120435467771
17466,0.06344324445731087
17467,0.08516951804481032
17468,0.041446504951942686
17469,0.026616968714914813
17470,0.02925771109709241
17471,0.048539515469385175
17472,0.05732162280886499
17473,0.02497122914287353
17474,0.05869663846066964
17475,0.0732651149388337
17476,0.0726072864771734
17477,0.030745164684467863
17478,0.035980193583443065
17479,0.3553579282456152
17480,0.06417216924734748
17481,0.11028068252706558
17482,0.08376331156972538
17483,0.02811670957670409
17484,0.11225475610991675
17485,0.03896111238888145
17486,0.03425655185636045
17487,0.0673171179601556
17488,0.025469911781523136
17489,0.10933293594009597
17490,0.02678586797752347
17491,0.061383630880826545
17492,0.065145549891929
17493,0.0484591121279756
17494,0.06189569863616473
17495,0.08451069183126403
17496,0.03362430606322575
17497,0.044477424688228906
17498,0.05651418743106462
17499,0.028933514312369568
17500,0.032665037960308174
17501,0.06793591322250958
17502,0.04201620196387856
17503,0.024865627452797856
17504,0.11047170866316036
17505,0.03446079537273461
17506,0.03379481336085122
17507,0.1250100791697606
17508,0.04602711317704489
17509,0.05292463770824263
17510,0.11797428756276473
17511,0.10643633802138996
17512,0.08374708261787966
17513,0.0909947809119297
17514,0.07802136315582286
17515,0.03744326390810815
17516,0.03372984134242374
17517,0.07800680342052502
17518,0.0794907292105701
17519,0.1416066076953314
17520,0.047230122209651615
17521,0.040968024074201415
17522,0.21271087299932168
17523,0.06328182955588968
17524,0.036062882230143756
17525,0.050359445889426646
17526,0.14761298718206983
17527,0.08172638566436963
17528,0.04548309854258403
17529,0.07035237617432277
17530,0.08355097199847594
17531,0.03151921524425405
17532,0.06901453996015439
17533,0.03149722405840638
17534,0.028284842504585073
17535,0.06258434560103154
17536,0.06468581414170516
17537,0.18661808538748192
17538,0.1040301566733488
17539,0.11720516280935278
17540,0.12895395015849498
17541,0.10518184404725262
17542,0.02579729752049187
17543,0.03151921524425405
17544,0.03149722405840638
17545,0.03149722405840638
17546,0.09416641383593927
17547,0.05213846286757551
17548,0.03151921524425405
17549,0.048689344446001925
17550,0.042392844332576396
17551,0.131226146320503
17552,0.08978523130044758
17553,0.02813289219009918
17554,0.0725922636607319
17555,0.1214130554761943
17556,0.09440721882719927
17557,0.030821283271801225
17558,0.0395963897351026
17559,0.10849284371908496
17560,0.09440721882719927
17561,0.007379283185634744
17562,0.07273140467756656
17563,0.06607376332240233
17564,0.048689344446001925
17565,0.04343320135375339
17566,0.056797629026198004
17567,0.10268321373850953
17568,0.05063620088952325
17569,0.08866965129103832
17570,0.02816609999938946
17571,0.05574456063290234
17572,0.030877027706481264
17573,0.1505947930902396
17574,0.14619906105038172
17575,0.024888054858278497
17576,0.07965835099351404
17577,0.03940034474961762
17578,0.2997543056158729
17579,0.09736962941807203
17580,0.029927859010725255
17581,0.06927005907450201
17582,0.06907235405199119
17583,0.161610260932333
17584,0.153475434846556
17585,0.19947767870593702
17586,0.3524615768832584
17587,0.022641677907696667
17588,0.03548573455055681
17589,0.07283887861795124
17590,0.24342837194921774
17591,0.11765291032445024
17592,0.06434534820977678
17593,0.8054983316511661
17594,0.05423739620465151
17595,0.10083712947300583
17596,0.14629199148094507
17597,0.2878463982533025
17598,0.148818921454816
17599,0.148818921454816
17600,0.05931456387741374
17601,0.10741689315099612
17602,0.019815420895311853
17603,0.03591991998641131
17604,0.21388097535442274
17605,0.09072860486964751
17606,0.12296528061963874
17607,0.08515017080878784
17608,0.0231268447533457
17609,0.0231268447533457
17610,0.023323025625568428
17611,0.024436602882701552
17612,0.0231268447533457
17613,0.08187055158715151
17614,0.0231268447533457
17615,0.054210648396876726
17616,0.02504582764915486
17617,0.03372276862820933
17618,0.024583059752084302
17619,0.03511347747200977
17620,0.05784832455338729
17621,0.05005941184641327
17622,0.023973328210335376
17623,0.07482843661723326
17624,0.33875330845115237
17625,0.9899310304387137
17626,0.062288843324460164
17627,0.04057987512382355
17628,0.08364899989790153
17629,0.0231268447533457
17630,0.010707759441495601
17631,0.10298573687151269
17632,0.04492096380734023
17633,0.09548636851998482
17634,0.1090635120912331
17635,0.04479579551801416
17636,0.01295422538188351
17637,0.04467759410594907
17638,0.0363206237635868
17639,0.025286314180991587
17640,0.02837507512090809
17641,0.048093778435783996
17642,0.025286314180991587
17643,0.03488619000709692
17644,0.0793599218424279
17645,0.6199529867037833
17646,0.26278062037861494
17647,0.028751614107443202
17648,0.05399453298000212
17649,0.05259790054721292
17650,0.17320693004452148
17651,0.17222796163975784
17652,0.028751614107443202
17653,0.028751614107443202
17654,0.028225370818665607
17655,0.0680680714791373
17656,0.17966063970531176
17657,0.12308390074257591
17658,0.03162060921294396
17659,0.03416239750793604
17660,0.03595894321395432
17661,0.06280622505326194
17662,0.06768763512372278
17663,0.0911250496708722
17664,0.06739262723844786
17665,0.1456697857064354
17666,0.05860975945134661
17667,0.027649866334742312
17668,0.15891603746189165
17669,0.04595455660502046
17670,0.05196865927683725
17671,0.03904981958436926
17672,0.0532293792513715
17673,0.08015504210634783
17674,0.08527579605389657
17675,0.048351274933947086
17676,0.05823226676940374
17677,0.07416035574904967
17678,0.05894065168625706
17679,0.08606625738938134
17680,0.07878876627017262
17681,0.06420089697364106
17682,0.02143584787415931
17683,0.0547540633379332
17684,0.027540678347847125
17685,0.05329309161324636
17686,0.18144998162808346
17687,0.06201511196430998
17688,0.04574216079186544
17689,0.07779285175784434
17690,0.11410967645348025
17691,0.09637730481145035
17692,0.15160772624433783
17693,0.08134728425767346
17694,0.038622423308025455
17695,0.08067751650860189
17696,0.05219810788226742
17697,0.0928371432026488
17698,0.08440372717430156
17699,0.026739037449625913
17700,0.038270946415956075
17701,0.04351210898583591
17702,0.13184472073809383
17703,0.02239980852935508
17704,0.09892991445267008
17705,0.025650337796624956
17706,0.03570833524872785
17707,0.05507585826888017
17708,0.045593377003017355
17709,0.06225014209318147
17710,0.061224079161143585
17711,0.07113126667773606
17712,0.07912127970277161
17713,0.0547304446963236
17714,0.14702913582153476
17715,0.12091321230577945
17716,0.07657899314076089
17717,0.0556388148261453
17718,0.04892386196235854
17719,0.0424114435474966
17720,0.05058801630462517
17721,0.02793042054443462
17722,0.025771799253427985
17723,0.07353199306034985
17724,0.08713932589588513
17725,0.0373203967735799
17726,0.03773954195484108
17727,0.09182356203453657
17728,0.0492735658922514
17729,0.03186223577476577
17730,0.1020986891048925
17731,0.1421095388817437
17732,0.04514990868369584
17733,0.03368082693605523
17734,0.05236060748149329
17735,0.08951019057690779
17736,0.04829643197459965
17737,0.04262770849885422
17738,0.03431576808275216
17739,0.0633015313329065
17740,0.03944663547448213
17741,0.030522266858156732
17742,0.026625864684654332
17743,0.10409138551474073
17744,0.0826981341887848
17745,0.04873085407891131
17746,0.06060322886445091
17747,0.07533905789928075
17748,0.029658340157214802
17749,0.11980207356418504
17750,0.06060322886445091
17751,0.03289736124240361
17752,0.0410261573643631
17753,0.025247270273527134
17754,0.10138931065518875
17755,0.05137900354854097
17756,0.03535670408022995
17757,0.05003342812358613
17758,0.13433006619745835
17759,0.0962044163968444
17760,0.05566693526841748
17761,0.07518516495680572
17762,0.07291590645107826
17763,0.028787999365249894
17764,0.05734606328841052
17765,0.028787999365249894
17766,0.028787999365249894
17767,0.05734606328841052
17768,0.028787999365249894
17769,0.028787999365249894
17770,0.028787999365249894
17771,0.028787999365249894
17772,0.0962044163968444
17773,0.03939346326983506
17774,0.11757637783554653
17775,0.037381838826676894
17776,0.06662627943250965
17777,0.12849123687166186
17778,0.1718168089018891
17779,0.05107078562869238
17780,0.038113078283368074
17781,0.019185732364435992
17782,0.02661014733810385
17783,0.0401478816130203
17784,0.16985392039221958
17785,0.06360433776579322
17786,0.05911067330316455
17787,0.031061084516474158
17788,0.08452036925694284
17789,0.11705096519211933
17790,0.03824029090763337
17791,0.08673888252818485
17792,0.022647028274192738
17793,0.06499340831834777
17794,0.042158587733674535
17795,0.05656859606177578
17796,0.025933193586615944
17797,0.0907675802715523
17798,0.04409188574872713
17799,0.0889825529272199
17800,0.04182805999722472
17801,0.04193613301643484
17802,0.04226588459382363
17803,0.047794665659911306
17804,0.07746750694898141
17805,0.030319998156252748
17806,0.03193847659072846
17807,0.2014945803968602
17808,0.05415906671402371
17809,0.03513932995547531
17810,0.03834271764057817
17811,0.0442002225507212
17812,0.02612459424341218
17813,0.03899091466707594
17814,0.09712857784806972
17815,0.033386930989996455
17816,0.07981538090079521
17817,0.028957055362647366
17818,0.03430765059193741
17819,0.1064787949094117
17820,0.03438959644178119
17821,0.07225677234684369
17822,0.08848709221306916
17823,0.14159432346660594
17824,0.08765060943223268
17825,0.033435835191333085
17826,0.059011030782851304
17827,0.059434452129414006
17828,0.027816970413943043
17829,0.0922593851727691
17830,0.040383026546262135
17831,0.07400833792386308
17832,0.031889848810119026
17833,0.03711211724732533
17834,0.13770425025099886
17835,0.039906490317891286
17836,0.15699112903232393
17837,0.037383030250905724
17838,0.06050028753122172
17839,0.03145429673865163
17840,0.03114837865706288
17841,0.03114837865706288
17842,0.03114837865706288
17843,0.03114837865706288
17844,0.03114837865706288
17845,0.039906490317891286
17846,0.0409908269056668
17847,0.03831562994922988
17848,0.03114837865706288
17849,0.04922534442669013
17850,0.032507874140351056
17851,0.03114837865706288
17852,0.03114837865706288
17853,0.029504665486944748
17854,0.04150141069268687
17855,0.0396659442334516
17856,0.039009275860369286
17857,0.028747728640105885
17858,0.033695108332810975
17859,0.026054023013888927
17860,0.06347797160003388
17861,0.046653720855658554
17862,0.032541614402083696
17863,0.02609319334597171
17864,0.08047841382001353
17865,0.02609319334597171
17866,0.02609319334597171
17867,0.02609319334597171
17868,0.03327588945853743
17869,0.02609319334597171
17870,0.02609319334597171
17871,0.026201754820819767
17872,0.02609319334597171
17873,0.043237066114207856
17874,0.02609319334597171
17875,0.0763156567306833
17876,0.06549207770632992
17877,0.03604484943217401
17878,0.04989586385297884
17879,0.024596593271378864
17880,0.05989683432631998
17881,0.11487523434673452
17882,0.03326430013588133
17883,0.0994644902539118
17884,0.06866852013534319
17885,0.18265312829961322
17886,0.03326430013588133
17887,0.027922100038958675
17888,0.17907179505830984
17889,0.2076308209321126
17890,0.07917207423242922
17891,0.04888366573307712
17892,0.032530272207228594
17893,0.03194008888532385
17894,0.053193008686428955
17895,0.029282038361621132
17896,0.16459069875645282
17897,0.027021843239516508
17898,0.42269306855373123
17899,0.026021637703050327
17900,0.07689945530503206
17901,0.06266506072555333
17902,0.19471449549672415
17903,0.09458046587467983
17904,0.034327544247897523
17905,0.06038570249746911
17906,0.05841545734947873
17907,0.03590170043889862
17908,0.09692965466484549
17909,0.04837488597253381
17910,0.03442029623966625
17911,0.04796645823840573
17912,0.021005123803310877
17913,0.03193115220002307
17914,0.04125517553084723
17915,0.0287087932843767
17916,0.043857778752174004
17917,0.043857778752174004
17918,0.0905910166692091
17919,0.043857778752174004
17920,0.0407182015875176
17921,0.029985072526594214
17922,0.05338602469585163
17923,0.052582028641629974
17924,0.052582028641629974
17925,0.052582028641629974
17926,0.03663766291496562
17927,0.043857778752174004
17928,0.03739599903553337
17929,0.037623318797371574
17930,0.03408382526125653
17931,0.039009275860369286
17932,0.07066167991673011
17933,0.02885334518763616
17934,0.05906782734164384
17935,0.07674998919221132
17936,0.03326060622508664
17937,0.04907933658975183
17938,0.03559795984352887
17939,0.04694067542638969
17940,0.037383030250905724
17941,0.02782102689798638
17942,0.04654376102380153
17943,0.06374570883604525
17944,0.04521093863112102
17945,0.03594769010943788
17946,0.03693450941174092
17947,0.046268241438794266
17948,0.06140523771110318
17949,0.05124934318313534
17950,0.04934564422380705
17951,0.04764113028203487
17952,0.0848019839595312
17953,0.033567627637762554
17954,0.033567627637762554
17955,0.025831177023218133
17956,0.05958644197326424
17957,0.12259848842665888
17958,0.03745022756515326
17959,0.0456999915740518
17960,0.0456999915740518
17961,0.0456999915740518
17962,0.0237234711584301
17963,0.04845420873396755
17964,0.04674257575237317
17965,0.031716632664856026
17966,0.04184617095294496
17967,0.12759409775865993
17968,0.029375045359594232
17969,0.027174072063956833
17970,0.1615403625530536
17971,0.05660023930344926
17972,0.027438160658437072
17973,0.0325075992774575
17974,0.04898770939159103
17975,0.0758327057839675
17976,0.04959083146630405
17977,0.05939706763666508
17978,0.025525052545935845
17979,0.032287626296892524
17980,0.032160404451706204
17981,0.025525052545935845
17982,0.025525052545935845
17983,0.03065959315291855
17984,0.02253563881497922
17985,0.018263858421977308
17986,0.02813838867380003
17987,0.029710513333654376
17988,0.03317840758100021
17989,0.07678984643267706
17990,0.0364248465621535
17991,0.03618528419119338
17992,0.06498500752075642
17993,0.07424617937322076
17994,0.024383702405203156
17995,0.027712235337277624
17996,0.0732674154848586
17997,0.0648677276765639
17998,0.02736450217585107
17999,0.028834396322468203
18000,0.035921488651146305
18001,0.04049291470094385
18002,0.03833250961511869
18003,0.04357087363541201
18004,0.031509230029571955
18005,0.05382027700057901
18006,0.03491308885203959
18007,0.12451625677105549
18008,0.03246724045994387
18009,0.020459108016514627
18010,0.05401326962843611
18011,0.03865852287827709
18012,0.21040797202853045
18013,0.05199621071552274
18014,0.03643188292832389
18015,0.11514113569570106
18016,0.01074216700098396
18017,0.0168084046687188
18018,0.028027366279579358
18019,0.05511913763067877
18020,0.06462779255858309
18021,0.023191390493432995
18022,0.025767781878954787
18023,0.04913593341152778
18024,0.16190482005861484
18025,0.05548172428852116
18026,0.04345336048821258
18027,0.052479791423886035
18028,0.026448234568771323
18029,0.049940136922337675
18030,0.05357545992969481
18031,0.05532090243724641
18032,0.06323204834054097
18033,0.05776614199362873
18034,0.04659061998550085
18035,0.053620405928672454
18036,0.041115189805114416
18037,0.03201321540068469
18038,0.031784817175721236
18039,0.05516471378178234
18040,0.14714737237417452
18041,0.056597136575028295
18042,0.05437287017272452
18043,0.007428203538909939
18044,0.04590799727779005
18045,0.032541614402083696
18046,0.021118127543606313
18047,0.13672806375770585
18048,0.05513391380719557
18049,0.015399311261282356
18050,0.024340660329611796
18051,0.056563664398226465
18052,0.06772013163256363
18053,0.17741422658198458
18054,0.040100397115011344
18055,0.03290226639127447
18056,0.04114692272444653
18057,0.04133221436015588
18058,0.04924504403637231
18059,0.04106167644839409
18060,0.025409236035120242
18061,0.02700299229920955
18062,0.027197168869470545
18063,0.04766510941255797
18064,0.0359815863342936
18065,0.0811675013765043
18066,0.07042315816764066
18067,0.054773576438292726
18068,0.05488274777459634
18069,0.0523869732004566
18070,0.04803639468959142
18071,0.08891784823918691
18072,0.04892687743054824
18073,0.02876384827246936
18074,0.03748458679366318
18075,0.04366003218617842
18076,0.04660662837827001
18077,0.03270542630735751
18078,0.052790419347984785
18079,0.12176252804236187
18080,0.13815710660827785
18081,0.10094714107901259
18082,0.046775616602533265
18083,0.02841412422953693
18084,0.02841412422953693
18085,0.04681320265122102
18086,0.05156319912287288
18087,0.027521422585354283
18088,0.027116695644137323
18089,0.028404178410845637
18090,0.04892217766984586
18091,0.04892217766984586
18092,0.049322552122174956
18093,0.03544509296747944
18094,0.042383250789165716
18095,0.05570875013248899
18096,0.044665515885538354
18097,0.03374313977366561
18098,0.05430820224866062
18099,0.0450469409780857
18100,0.08094162192188992
18101,0.048613147468442586
18102,0.06317618503877942
18103,0.095397085301961
18104,0.051069077127986695
18105,0.06903210864738507
18106,0.025453487803755004
18107,0.03904981958436926
18108,0.05115977450692377
18109,0.03392699229949159
18110,0.031196736227195654
18111,0.03368034250364571
18112,0.10376374532942823
18113,0.04316823527611202
18114,0.028083483608109416
18115,0.0589456829123699
18116,0.07846828928452942
18117,0.025686496370951883
18118,0.0429970914744926
18119,0.0429970914744926
18120,0.05724461578727713
18121,0.0429970914744926
18122,0.0429970914744926
18123,0.0429970914744926
18124,0.11664683976346502
18125,0.015880346716763527
18126,0.10465478187310284
18127,0.06547002800924628
18128,0.0775040062026483
18129,0.04630496670990114
18130,0.04841111980016344
18131,0.04817925638132137
18132,0.09287653534423301
18133,0.19824210662670838
18134,0.04289300276062924
18135,0.03383263820055049
18136,0.036134228823004544
18137,0.04099827376783216
18138,0.036134228823004544
18139,0.0947370197878693
18140,0.06874956592763093
18141,0.01834897257720569
18142,0.12677441335419626
18143,0.03135950014124167
18144,0.04098410891719839
18145,0.04099827376783216
18146,0.1586160591903164
18147,0.0793891505621942
18148,0.0717096425095003
18149,0.043759344545485135
18150,0.07576282176846327
18151,0.0462446808080319
18152,0.07795482042709923
18153,0.07319512033863118
18154,0.03326361436320069
18155,0.06173282353502718
18156,0.028683427019155272
18157,0.11669777351562183
18158,0.05829656069069178
18159,0.03466445059527201
18160,0.030355207421459696
18161,0.0390179271228992
18162,0.0273786449716934
18163,0.028673389718114617
18164,0.040622935837303586
18165,0.035903095835373544
18166,0.04587303924924513
18167,0.049219819959048894
18168,0.04783376129739714
18169,0.05501154804130948
18170,0.07112975762938101
18171,0.03828517865218628
18172,0.05479176718357681
18173,0.054139555760085445
18174,0.04666473469860444
18175,0.05152409605385344
18176,0.12888215752147925
18177,0.04744851014801499
18178,0.028365084204893143
18179,0.1327277213400203
18180,0.09461348204565911
18181,0.0454613237826863
18182,0.024095066753774708
18183,0.06937246313582579
18184,0.08011533012312089
18185,0.027116252923781836
18186,0.0678573937238216
18187,0.028901641574087256
18188,0.06464957822162354
18189,0.2589780612304937
18190,0.06433910758277117
18191,0.06863317676402414
18192,0.03782178696281091
18193,0.19860824256131548
18194,0.03501614152875465
18195,0.026070991900420615
18196,0.026955561434242714
18197,0.20872497063822948
18198,0.16899255261794144
18199,0.09222549282369141
18200,0.08818818165857112
18201,0.042961086935330184
18202,0.08603308169324897
18203,0.04383957329881405
18204,0.22478101455284738
18205,0.13287901609186448
18206,0.03386618360667093
18207,0.0280390072584783
18208,0.03780434559275925
18209,0.06718347650682943
18210,0.053686090912806406
18211,0.03574505700152941
18212,0.06355295947969519
18213,0.01658979440374575
18214,0.06084088689761846
18215,0.026767228559427703
18216,0.056872178706222076
18217,0.07986724917659038
18218,0.03777419615293631
18219,0.12207254287669833
18220,0.04624146820413588
18221,0.12543049190600974
18222,0.06604472318422183
18223,0.0259922673082994
18224,0.05189164782715194
18225,0.0259922673082994
18226,0.0259922673082994
18227,0.026396680259611727
18228,0.0259922673082994
18229,0.0259922673082994
18230,0.03611950720401902
18231,0.03445695203906307
18232,0.026396680259611727
18233,0.0259922673082994
18234,0.026396680259611727
18235,0.026396680259611727
18236,0.0259922673082994
18237,0.0259922673082994
18238,0.0259922673082994
18239,0.06575708199835006
18240,0.025484603229786185
18241,0.03874224332698839
18242,0.10865588666652792
18243,0.26085297022967247
18244,0.0384522636780108
18245,0.05338508203669201
18246,0.055018242821935126
18247,0.10981928745518021
18248,0.13045295612912733
18249,0.097622057734714
18250,0.167389073780421
18251,0.0454696410341906
18252,0.3514443498550408
18253,0.14714453902422597
18254,0.3261933580683378
18255,0.04086280839739209
18256,0.041736671185062524
18257,0.04083801002292209
18258,0.044480654246646933
18259,0.0344111398688588
18260,0.0670728503082425
18261,0.10440430281297375
18262,0.03303972808167288
18263,0.032143863996305644
18264,0.11048680301823177
18265,0.03769669656908503
18266,0.04729159648297554
18267,0.03791883348169167
18268,0.03791883348169167
18269,0.09436568768325448
18270,0.06893529115948427
18271,0.04434805332223679
18272,0.1312727305662087
18273,0.07805823225686526
18274,0.08123957279328675
18275,0.028112545449956228
18276,0.07305563808684756
18277,0.029725831562189997
18278,0.03476355256566244
18279,0.05796556199118008
18280,0.058874563172124805
18281,0.05572503313939825
18282,0.02862325432233026
18283,0.07303124091638313
18284,0.04232478102154613
18285,0.05324798509456041
18286,0.02743560441183901
18287,0.09613053454156395
18288,0.041717433410948135
18289,0.02743560441183901
18290,0.101643462151358
18291,0.028162462980103387
18292,0.17535486188687754
18293,0.049151793601562965
18294,0.03225286555542195
18295,0.036724338784747235
18296,0.1512761674089078
18297,0.2696236337676112
18298,0.03365077270141292
18299,0.08447800240567693
18300,0.08019416197846307
18301,0.07993193693444223
18302,0.03413862716088212
18303,0.03392541083983247
18304,0.11872914236302234
18305,0.054752036744522115
18306,0.02981016917791557
18307,0.1623087735963743
18308,0.07457132918100606
18309,0.07979953921902194
18310,0.04800201375239421
18311,0.1380215325635542
18312,0.06197666684854064
18313,0.03692169453128047
18314,0.05922830721723249
18315,0.02651490296893011
18316,0.029440053795998566
18317,0.03745924020618541
18318,0.030511216601012525
18319,0.03745924020618541
18320,0.03745924020618541
18321,0.09862503318262728
18322,0.03745924020618541
18323,0.03745924020618541
18324,0.047092968372795085
18325,0.03535219954512847
18326,0.03745924020618541
18327,0.06005638168718319
18328,0.03745924020618541
18329,0.03745924020618541
18330,0.03745924020618541
18331,0.03745924020618541
18332,0.03745924020618541
18333,0.03745924020618541
18334,0.06261126843734266
18335,0.02689400068465686
18336,0.057472675452373334
18337,0.0771263900313911
18338,0.04601778915989996
18339,0.03233803843896654
18340,0.025659456721663587
18341,0.04601778915989996
18342,0.19214558863884346
18343,0.03745924020618541
18344,0.07164994277122716
18345,0.04462873353551833
18346,0.05578241550821006
18347,0.04991985198818738
18348,0.03745924020618541
18349,0.17529136198138473
18350,0.1436677531452284
18351,0.05073436002910292
18352,0.03745924020618541
18353,0.059806144748751344
18354,0.08168473088252493
18355,0.08477505120801021
18356,0.6881036804261988
18357,0.042010402837359684
18358,0.08076551964579992
18359,0.041689010197791365
18360,0.03185177586232779
18361,0.05389562350461019
18362,0.03903630051991025
18363,0.027573682003531275
18364,0.10594965368120124
18365,0.04082922108574372
18366,0.06799997301951954
18367,0.03453094905740561
18368,0.12413448498873048
18369,0.034283455595885415
18370,0.15052684649401948
18371,0.054661284745421534
18372,0.07702559689175115
18373,0.07544244233372577
18374,0.030079152283687183
18375,0.030079152283687183
18376,0.030079152283687183
18377,0.030079152283687183
18378,0.05768322377312718
18379,0.030079152283687183
18380,0.030079152283687183
18381,0.030079152283687183
18382,0.030079152283687183
18383,0.030079152283687183
18384,0.030079152283687183
18385,0.030079152283687183
18386,0.030079152283687183
18387,0.030079152283687183
18388,0.030079152283687183
18389,0.030079152283687183
18390,0.05245854339431588
18391,0.07825088959547255
18392,0.052646463191891146
18393,0.030079152283687183
18394,0.030079152283687183
18395,0.0781047283694295
18396,0.035087870351384276
18397,0.04868007634980043
18398,0.03255296041851097
18399,0.04601304339098233
18400,0.15830079609656755
18401,0.057937065337984484
18402,0.03213233137350513
18403,0.045207428811288364
18404,0.03733350154285131
18405,0.06789669166363599
18406,0.03733350154285131
18407,0.093544375372832
18408,0.010872548875271115
18409,0.08011029193836339
18410,0.030187365227964502
18411,0.06799953133927217
18412,0.10746694787923561
18413,0.06717712808813503
18414,0.04208237368822321
18415,0.06641172078304236
18416,0.11449238006969809
18417,0.058311918072354696
18418,0.0868732951741239
18419,0.05779040406772318
18420,0.04086587834814992
18421,0.04942954100092234
18422,0.0736804076415547
18423,0.11336627404794197
18424,0.036934316200383566
18425,0.032708971841283185
18426,0.356291253525129
18427,0.08307260513905745
18428,0.05700504915991589
18429,0.0711215918307535
18430,0.05960695358450108
18431,0.07318795086113006
18432,0.03790314942404416
18433,0.04243688635865239
18434,0.09623943453592865
18435,0.06571355087764497
18436,0.356291253525129
18437,0.007474772045513167
18438,0.10434320890592919
18439,0.059606107483127
18440,0.06094738379375164
18441,0.03454349073636909
18442,0.10524567813798236
18443,0.03454349073636909
18444,0.04941261325040858
18445,0.05630877952939195
18446,0.06737787828763642
18447,0.04823451077653629
18448,0.049952131486178275
18449,0.12187817209555285
18450,0.0788502802482034
18451,0.025573792286815444
18452,0.09836941907099195
18453,0.06371033435651197
18454,0.06884095959490599
18455,0.06012845538284639
18456,0.041808901185706904
18457,0.041808901185706904
18458,0.05435792870084355
18459,0.047240203721910956
18460,0.025699794838088152
18461,0.045054383080771476
18462,0.06828961043099357
18463,0.08894100612241851
18464,0.01872612824094
18465,0.016545611776617175
18466,0.05572770836190066
18467,0.0388774339195207
18468,0.042912429618918724
18469,0.04989806431336008
18470,0.0642307344775066
18471,0.22129111322780082
18472,0.053221505452924256
18473,0.03782758060451552
18474,0.05178617911636496
18475,0.044724308953565606
18476,0.0755165493676585
18477,0.15846695263958366
18478,0.07088716641481418
18479,0.02840935862914651
18480,0.08012918581044981
18481,0.07170868099281047
18482,0.04018422167916713
18483,0.02375674091417812
18484,0.11743899800807911
18485,0.04907175662333474
18486,0.05366381702544798
18487,0.07997652797480992
18488,0.040758075018374806
18489,0.045655405164945706
18490,0.07415344634638155
18491,0.05479176718357681
18492,0.059480678159824385
18493,0.034232406288544515
18494,0.027534115418486382
18495,0.055762449793938074
18496,0.025533637715427826
18497,0.021880492937486506
18498,0.025324433597423424
18499,0.06446517601146884
18500,0.07973290672906319
18501,0.03222014344442914
18502,0.031242576777112174
18503,0.06907348655637491
18504,0.13262688391748856
18505,0.04570325985765766
18506,0.05230745839264539
18507,0.07794919882095286
18508,0.09699855003127722
18509,0.04430209009028585
18510,0.04627154839091474
18511,0.048527448299354736
18512,0.029546471248160122
18513,0.025641864963997785
18514,0.09408586545544795
18515,0.039674295077620325
18516,0.0896782440053836
18517,0.10381172891600687
18518,0.024291779155805493
18519,0.03751518042022983
18520,0.04660662837827001
18521,0.022972135685655592
18522,0.009649616971484587
18523,0.15278827431990094
18524,0.17341122812790533
18525,0.04570325985765766
18526,0.02632342525615905
18527,0.0430790237220221
18528,0.08677711189968651
18529,0.06393952974502615
18530,0.034572265106741384
18531,0.04690844572079855
18532,0.07233103999899049
18533,0.03616169699718397
18534,0.14097656851957407
18535,0.04454554414234335
18536,0.02673459007381862
18537,0.05480183534066252
18538,0.038376008238342085
18539,0.046066402207154966
18540,0.058075948791328935
18541,0.04815903024158197
18542,0.04178459648637345
18543,0.04638411738894965
18544,0.041248917923197626
18545,0.031172901594561098
18546,0.04659175594164844
18547,0.024131441222350003
18548,0.03213543993983625
18549,0.03614186263306951
18550,0.028513255753084166
18551,0.062079044066443934
18552,0.037720557649499
18553,0.056744193373536866
18554,0.03674324634471482
18555,0.06893529115948427
18556,0.0407776902716791
18557,0.4045250933021891
18558,0.04919264085679209
18559,0.02842925716939959
18560,0.060963478036401786
18561,0.03224618870883533
18562,0.03571414712110066
18563,0.18293607157169167
18564,0.040939733615726226
18565,0.040939733615726226
18566,0.040939733615726226
18567,0.040939733615726226
18568,0.040939733615726226
18569,0.04905766529343447
18570,0.04389333665267947
18571,0.04905766529343447
18572,0.028553207677303516
18573,0.04588881295067204
18574,0.028677846762045545
18575,0.04128725639622699
18576,0.05850322235811334
18577,0.028503276253268317
18578,0.06655754784537271
18579,0.025001989155558846
18580,0.09085276879018511
18581,0.04961183391692836
18582,0.04961183391692836
18583,0.05952045436479958
18584,0.12421394463978663
18585,0.07989408274164167
18586,0.22818438864362556
18587,0.028504447266374244
18588,0.2091978608371916
18589,0.05338218659421434
18590,0.027827894713912116
18591,0.020663093022358803
18592,0.06802863700671802
18593,0.03946265313282116
18594,0.04542121207394212
18595,0.0750843840286538
18596,0.04777562579722716
18597,0.028016580307479333
18598,0.03904981958436926
18599,0.03346328705131085
18600,0.08904314780356315
18601,0.02651284161944545
18602,0.03716546091255657
18603,0.15928367492875783
18604,0.0775669038248894
18605,0.04219703297940447
18606,0.04099827376783216
18607,0.07464828121803546
18608,0.02953340759124179
18609,0.2331673437522066
18610,0.028260549953359138
18611,0.07385084667905573
18612,0.05768322377312718
18613,0.027688642983053957
18614,0.026589455426477504
18615,0.0405753281322625
18616,0.31281693990324433
18617,0.05839663524744476
18618,0.033761574928822924
18619,0.05525244710572774
18620,0.06763831659564312
18621,0.05763804279846607
18622,0.08478964310736803
18623,0.06991602687400045
18624,0.059994096644977235
18625,0.14461711683119582
18626,0.04668081315579109
18627,0.09932635341570362
18628,0.057798597689543096
18629,0.03688934718905179
18630,0.02492266414060995
18631,0.10334334222863795
18632,0.36186403672015455
18633,0.0268010932154622
18634,0.0336632009020057
18635,0.05557302933522312
18636,0.11839430366028425
18637,0.2690204976335826
18638,0.03326631295225402
18639,0.027747719151545502
18640,0.09324666547725047
18641,0.05948747053284431
18642,0.06678461643388434
18643,0.03232412584146038
18644,0.02247564652954781
18645,0.03865736184309465
18646,0.09684264345702676
18647,0.03359849172530227
18648,0.025672741558643852
18649,0.06306458750832289
18650,0.03860380307698874
18651,0.03903777661814789
18652,0.08210585674991566
18653,0.03826280012598793
18654,0.12423589779587163
18655,0.10928382137077619
18656,0.10182589762023797
18657,0.03488354717022568
18658,0.04404708731255558
18659,0.048789728798202425
18660,0.024308989807200643
18661,0.04254342074468309
18662,0.05893114594996207
18663,0.04168934859796525
18664,0.06377465814299765
18665,0.0687749059839281
18666,0.0687749059839281
18667,0.03852047068993458
18668,0.0687749059839281
18669,0.0636945073018822
18670,0.0687749059839281
18671,0.03531666652559062
18672,0.036159336665502084
18673,0.07553904025582048
18674,0.08700273078833942
18675,0.04168934859796525
18676,0.07553904025582048
18677,0.04368218124468315
18678,0.04168934859796525
18679,0.07588353141408966
18680,0.04168934859796525
18681,0.04168934859796525
18682,0.04168934859796525
18683,0.02069683313893511
18684,0.04168934859796525
18685,0.07707199413512722
18686,0.14250741201275097
18687,0.03425600601115286
18688,0.13089024772188984
18689,0.05518999585451123
18690,0.03531666652559062
18691,0.02759997720291829
18692,0.04847197934609293
18693,0.0873026425757597
18694,0.04847197934609293
18695,0.3875895342039888
18696,0.0928326056786356
18697,0.04541922574377988
18698,0.03011346664077852
18699,0.03536511987164026
18700,0.041234670198795786
18701,0.03499558167967143
18702,0.035863931037659835
18703,0.37045931754082373
18704,0.5216802336201403
18705,0.06356262679557456
18706,0.16481199897541388
18707,0.16481199897541388
18708,0.06347689019632452
18709,0.041866160105911265
18710,0.02912788606638106
18711,0.09430526863941502
18712,0.16481199897541388
18713,0.08177078848935626
18714,0.06408778783898195
18715,0.06274064004869706
18716,0.02365263643247628
18717,0.15368049567778053
18718,0.02919814627011541
18719,0.14329870210770113
18720,0.09881466211701828
18721,0.053885737375779064
18722,0.03793193930509198
18723,0.09132216202633747
18724,0.03901685770378294
18725,0.03901685770378294
18726,0.03901685770378294
18727,0.038252892052598075
18728,0.038252892052598075
18729,0.04877385465427475
18730,0.0580445954056058
18731,0.05192973716723981
18732,0.02758665171596597
18733,0.029814708081239094
18734,0.036142062035877554
18735,0.028068024403711922
18736,0.054819534822351135
18737,0.055893491344651824
18738,0.033927442242092876
18739,0.05192973716723981
18740,0.03567338657407859
18741,0.05473581024801877
18742,0.038571007264068924
18743,0.010872548875271115
18744,0.02732288028642016
18745,0.0925721052354116
18746,0.045390611134784487
18747,0.044001592720688265
18748,0.030784476460805732
18749,0.058042559220496615
18750,0.03905398859108722
18751,0.025905901149163135
18752,0.036787694208883726
18753,0.028825045979331443
18754,0.04070795982608244
18755,0.026466381006095885
18756,0.03715545161564249
18757,0.02689442059873659
18758,0.05063959480455804
18759,0.025905901149163135
18760,0.0633879005013257
18761,0.06529268441844971
18762,0.05011428911461546
18763,0.06305573860868718
18764,0.03679430124238192
18765,0.029161372460671187
18766,0.04770565640364466
18767,0.031939880717023916
18768,0.06914798423104873
18769,0.04435363356934818
18770,0.08102263794250508
18771,0.026694745221121696
18772,0.046072639696238094
18773,0.038382596256967716
18774,0.04823877477887639
18775,0.03429925488764907
18776,0.07369687880284892
18777,0.02720205797665809
18778,0.04030795638581064
18779,0.027208200229799306
18780,0.042368073307638476
18781,0.07485457129445428
18782,0.07802698787781304
18783,0.027404149394697264
18784,0.03959130144626988
18785,0.04586741750603085
18786,0.025555830754111053
18787,0.026885808559957702
18788,0.08748757582580413
18789,0.3457234207320443
18790,0.09446905985834231
18791,0.04767967757292768
18792,0.031500405863080116
18793,0.041821093396792186
18794,0.020827147158049786
18795,0.11079587443102423
18796,0.03424058069259861
18797,0.036141498067478794
18798,0.13691953889395048
18799,0.03826916531972657
18800,0.03826916531972657
18801,0.03826916531972657
18802,0.028386845601702126
18803,0.028386845601702126
18804,0.028386845601702126
18805,0.3780856039585845
18806,0.07964011373650615
18807,0.029216241571282775
18808,0.056553263675389265
18809,0.03986527192239209
18810,0.027634911981640364
18811,0.2032977717325316
18812,0.0789240128818377
18813,0.025893623046332803
18814,0.028659913317723995
18815,0.028659913317723995
18816,0.09652894847646842
18817,0.13912840281179306
18818,0.08266964706127977
18819,0.1419982102843308
18820,0.07640810922144792
18821,0.17245009020108726
18822,0.025607419105901807
18823,0.029135876956169482
18824,0.028250195630989072
18825,0.06120096128106822
18826,0.034174288667798924
18827,0.20939503539598614
18828,0.07258860213074869
18829,0.028363918749912287
18830,0.04799997524238797
18831,0.04093162359381175
18832,0.04799997524238797
18833,0.0315562647594696
18834,0.13017360635013386
18835,0.04012690073795688
18836,0.06838317064624067
18837,0.007480120428853709
18838,0.11971506207858806
18839,0.026896055088560744
18840,0.036395519924919184
18841,0.036395519924919184
18842,0.027118323832167612
18843,0.036395519924919184
18844,0.05201888862694515
18845,0.05201888862694515
18846,0.05201888862694515
18847,0.018157211035530585
18848,0.10787224318293509
18849,0.08638582725280575
18850,0.039203960442832586
18851,0.022564479287001116
18852,0.030515414051530243
18853,0.04935858632323997
18854,0.0525371063911555
18855,0.07100189659430378
18856,0.042598210390753954
18857,0.06175205938029993
18858,0.37816638002361513
18859,0.0675099696203384
18860,0.036922924696352055
18861,0.03579287540822795
18862,0.128645046826663
18863,0.06537487633564953
18864,0.26499213913321507
18865,0.0214389131251832
18866,0.02804837140253391
18867,0.0688238648771764
18868,0.04355017961054419
18869,0.03489747556242051
18870,0.042149873083657585
18871,0.033758257312511475
18872,0.045758682799173056
18873,0.07094615499583046
18874,0.042149873083657585
18875,0.025450779343625496
18876,0.037307556178931556
18877,0.027562811687099287
18878,0.11893643552663036
18879,0.05653397219059941
18880,0.03774996447300383
18881,0.03489747556242051
18882,0.05408864284946513
18883,0.061809534926806964
18884,0.01571848591527003
18885,0.010872548875271115
18886,0.053794431701427725
18887,0.06277475571654845
18888,0.049241387436033235
18889,0.05345660007054276
18890,0.05424394227434226
18891,0.07649617174115353
18892,0.03082850231794565
18893,0.025399498330313186
18894,0.0863101667851125
18895,0.02846048479920993
18896,0.027567854728141494
18897,0.05103401260992646
18898,0.018910432577283975
18899,0.1130583246022634
18900,0.1775207845486142
18901,0.054074352822087945
18902,0.038516773520289815
18903,0.049241387436033235
18904,0.06882075640667773
18905,0.038516773520289815
18906,0.054074352822087945
18907,0.054074352822087945
18908,0.03163442259265614
18909,0.038516773520289815
18910,0.056699630035462856
18911,0.06882075640667773
18912,0.06956991784560307
18913,0.049241387436033235
18914,0.04997185834743623
18915,0.054074352822087945
18916,0.049241387436033235
18917,0.054074352822087945
18918,0.054074352822087945
18919,0.054074352822087945
18920,0.049241387436033235
18921,0.035493051359198224
18922,0.03903203577399894
18923,0.05139984763840599
18924,0.02767561801320295
18925,0.06882075640667773
18926,0.049241387436033235
18927,0.04997185834743623
18928,0.06882075640667773
18929,0.038516773520289815
18930,0.06882075640667773
18931,0.06882075640667773
18932,0.038516773520289815
18933,0.03903203577399894
18934,0.02241659260006057
18935,0.048167040859457
18936,0.10584730160839051
18937,0.059327301588913195
18938,0.07747474533205101
18939,0.10375976249697938
18940,0.060886122276276544
18941,0.07222776872861736
18942,0.05309107635918031
18943,0.03356515653312353
18944,0.03935836178507102
18945,0.034861799828095896
18946,0.053208478259030745
18947,0.053208478259030745
18948,0.053208478259030745
18949,0.04833233371808343
18950,0.04631878590665228
18951,0.06548637581670302
18952,0.03566965669018929
18953,0.03566965669018929
18954,0.12303574980938281
18955,0.06393129668825348
18956,0.1349769703160466
18957,0.22577723622664692
18958,0.05349516161708456
18959,0.05349516161708456
18960,0.04686162981621156
18961,0.06302200560086624
18962,0.03912599268353889
18963,0.10719700664674214
18964,0.03287648702641899
18965,0.02562005022281888
18966,0.02562005022281888
18967,0.04164107110257986
18968,0.08112381158233706
18969,0.041082632067063196
18970,0.04091350829076079
18971,0.14495242975872313
18972,0.030539961522229486
18973,0.05189464704315083
18974,0.05189464704315083
18975,0.05189464704315083
18976,0.05189464704315083
18977,0.05189464704315083
18978,0.05555668053219853
18979,0.054582085962909144
18980,0.06022509587863789
18981,0.07543141468001768
18982,0.0953587656179894
18983,0.03540873298364
18984,0.060408902926115116
18985,0.048539354508635
18986,0.03896531184579766
18987,0.02562005022281888
18988,0.07761541118020543
18989,0.0496758664040996
18990,0.03915107271901774
18991,0.06509713009397211
18992,0.1807585931219119
18993,0.068254750347427
18994,0.02816130560906105
18995,0.053794431701427725
18996,0.052145531210485596
18997,0.03423380438001011
18998,0.11797930078196683
18999,0.029968483279225078
19000,0.0753168721930696
19001,0.04379376335789531
19002,0.08457854747140114
19003,0.07164453161172424
19004,0.09542818493545013
19005,0.05249704642755748
19006,0.028771437454891746
19007,0.037621321696809984
19008,0.06542684567018409
19009,0.06471497623439881
19010,0.04101422979311464
19011,0.04101422979311464
19012,0.11909089955897512
19013,0.1073473714655242
19014,0.04942371427132797
19015,0.06731011770372108
19016,0.031311575372332534
19017,0.03321332621634876
19018,0.03766982298263366
19019,0.025502046931010103
19020,0.02818776592485317
19021,0.035775477872966754
19022,0.11965908981306506
19023,0.08563941382665197
19024,0.1234157398990473
19025,0.025274920942370604
19026,0.06542962189593626
19027,0.10577911533074913
19028,0.025775278297587412
19029,0.04467189112505576
19030,0.12063042788857148
19031,0.10842292712822832
19032,0.046742712413295195
19033,0.03704055290663777
19034,0.05069819020520039
19035,0.05191932006403632
19036,0.02694739643588162
19037,0.04774410261121298
19038,0.06948668997090368
19039,0.06292497088027216
19040,0.07181901080771802
19041,0.05221186692098989
19042,0.019031913511797227
19043,0.03919074083494867
19044,0.05707024788967441
19045,0.029017590551004835
19046,0.04218937795556743
19047,0.20181060441972054
19048,0.04374616653457353
19049,0.019510619443254718
19050,0.10265573208459089
19051,0.03124662877525708
19052,0.052887425882782946
19053,0.05893312620176794
19054,0.024023615437974155
19055,0.06497812736981101
19056,0.03169911193837793
19057,0.04084873518973897
19058,0.035653014628342694
19059,0.05777578063096833
19060,0.10242927018111947
19061,0.11621854143083432
19062,0.07451725636611883
19063,0.1061760599178192
19064,0.025439438447558138
19065,0.0634098972958741
19066,0.1061760599178192
19067,0.04535266686488759
19068,0.04535266686488759
19069,0.04781430155020783
19070,0.04588441546779709
19071,0.04783070930284805
19072,0.04781430155020783
19073,0.23130272614538916
19074,0.03476732927630932
19075,0.06352016358483359
19076,0.08609445651075198
19077,0.048238756866920474
19078,0.048238756866920474
19079,0.04108451750781783
19080,0.043263200802134194
19081,0.09790377137841855
19082,0.08448328794622684
19083,0.06764700926600864
19084,0.04797908368462267
19085,0.08113406678364177
19086,0.026308894508802916
19087,0.08561232529250862
19088,0.06738019689584651
19089,0.0908791885283039
19090,0.13275138505759765
19091,0.05086373007482403
19092,0.09499304862128854
19093,0.09499304862128854
19094,0.06263914955117933
19095,0.06263914955117933
19096,0.0908791885283039
19097,0.041902413448853815
19098,0.08056458769783936
19099,0.12034840791851553
19100,0.02693126153749925
19101,0.06137562275487363
19102,0.03250585965506736
19103,0.16937250983353436
19104,0.07901693678379695
19105,0.09499304862128854
19106,0.00299195408534747
19107,0.138049026955415
19108,0.04945949596324706
19109,0.17068282484292818
19110,0.04139981381875568
19111,0.07997253585490505
19112,0.03489000845308887
19113,0.15291485654673942
19114,0.1140709762374087
19115,0.05295883826431258
19116,0.050994788005738534
19117,0.06794134015343711
19118,0.0784894748825532
19119,0.2841531483149602
19120,0.013430315754221267
19121,0.05490996614427579
19122,0.1539060266907425
19123,0.050034728569735565
19124,0.04516239499080754
19125,0.05273424968842366
19126,0.05273424968842366
19127,0.05273424968842366
19128,0.05273424968842366
19129,0.05273424968842366
19130,0.038509124205893475
19131,0.13450363093058793
19132,0.05273424968842366
19133,0.05273424968842366
19134,0.05273424968842366
19135,0.05273424968842366
19136,0.05273424968842366
19137,0.05273424968842366
19138,0.05273424968842366
19139,0.05273424968842366
19140,0.02771170283925395
19141,0.0410352138104535
19142,0.0532001617223431
19143,0.0496410590895624
19144,0.04914045492589747
19145,0.03891388999031675
19146,0.06853815636622951
19147,0.028185716474702027
19148,0.0650428301576832
19149,0.5731674845307473
19150,0.04229827324144542
19151,0.10392387143284454
19152,0.07929976251659643
19153,0.055844017416254776
19154,0.04351350806293608
19155,0.20732830195115493
19156,0.1132293011515787
19157,0.10472921068612462
19158,0.5085485436093637
19159,0.0266960236704874
19160,0.20732830195115493
19161,0.028043207957103577
19162,0.1132293011515787
19163,0.0442304101738249
19164,0.12344860116945322
19165,0.08326044216062278
19166,0.04611927430572638
19167,0.04611927430572638
19168,0.07354140624165184
19169,0.23059400650845263
19170,0.04931066432172282
19171,0.05023485666405503
19172,0.05293583751898212
19173,0.06127543355764209
19174,0.0788288079058791
19175,0.12303636978473709
19176,0.07354140624165184
19177,0.039288790893985626
19178,0.04349851361876933
19179,0.02675225646313839
19180,0.0796102823287076
19181,0.08176585485265686
19182,0.2537471890171754
19183,0.02768259186876776
19184,0.0743637099302158
19185,0.13307885343733894
19186,0.07290236769724101
19187,0.14841023442564139
19188,0.10633327108191604
19189,0.029789281785384647
19190,0.05528611897063995
19191,0.0310588157016074
19192,0.10860558735882198
19193,0.056004631347593814
19194,0.05792136459036712
19195,0.12759584761275244
19196,0.11095072471697975
19197,0.04520660606451343
19198,0.02989806800749517
19199,0.10318083917540877
19200,0.08647096562654666
19201,0.04728645268431364
19202,0.09909500966257645
19203,0.23677197697085095
19204,0.18774944555109618
19205,0.03552615968252004
19206,0.03552615968252004
19207,0.12661651520371797
19208,0.1046295773301934
19209,0.10118274121465931
19210,0.09138414591930466
19211,0.11339797337242019
19212,0.11339797337242019
19213,0.015489780112477147
19214,0.4217893567068912
19215,0.03552615968252004
19216,0.10544396996157823
19217,0.08540230674152316
19218,0.24708040884672366
19219,0.12653772879565328
19220,0.10217144859916905
19221,0.09049807471653826
19222,0.03552615968252004
19223,0.0689328763392163
19224,0.07661456053061955
19225,0.13136478625495196
19226,0.09138414591930466
19227,0.12224057598959281
19228,0.07833920430921404
19229,0.012958054864172674
19230,0.14368261189994136
19231,0.059207216204005486
19232,0.08598230458045475
19233,0.03960280352208201
19234,0.04743766685489581
19235,0.14116688142517042
19236,0.03512764397663659
19237,0.05571057599012308
19238,0.05617219766013104
19239,0.2331400162724444
19240,0.0516379063734872
19241,0.2127190765164908
19242,0.15364324009156227
19243,0.6960966886566831
19244,0.27114233571730895
19245,0.17017803841924228
19246,0.1096981159166186
19247,0.056004631347593814
19248,0.07990119065864498
19249,0.056004631347593814
19250,0.08194921891895623
19251,0.3478404752438222
19252,0.04934726640776266
19253,0.04161568906164825
19254,0.04161568906164825
19255,0.05405005519463846
19256,0.1854447939617112
19257,0.06035440844533568
19258,0.04161568906164825
19259,0.055581044500121135
19260,0.042243722068963985
19261,0.13215920052294727
19262,0.03336686029822622
19263,0.05423481229694649
19264,0.025107059171677548
19265,0.04161568906164825
19266,0.054791798266969116
19267,0.03339011184971474
19268,0.18494276919814834
19269,0.46206483742347526
19270,0.0331791407094868
19271,0.7012320500141023
19272,0.10230913295384103
19273,0.05559601021006344
19274,0.08660667743419725
19275,0.03534013176114548
19276,0.03534013176114548
19277,0.08127347143362706
19278,0.18041335999739605
19279,0.036413587173402484
19280,0.10732237950322654
19281,0.07056205673236726
19282,0.09831082417210213
19283,0.08177169185571154
19284,0.0795229919384961
19285,0.48774121838027484
19286,0.010830595069951876
19287,0.10558839788324781
19288,0.041357669130002384
19289,0.041314832285480274
19290,0.1056402078387706
19291,0.10140000626141077
19292,0.19204004084011916
19293,0.10537286081144537
19294,0.12601772779646292
19295,0.04637968420591054
19296,0.036571687911233663
19297,0.10828297020075106
19298,0.06328435786434017
19299,0.08185428570011677
19300,0.07370625999572578
19301,0.10695134253773297
19302,0.48823278485010113
19303,0.26634984696891684
19304,0.1840997808157555
19305,0.1891681556431638
19306,0.12066250430002223
19307,0.08092685654204268
19308,0.04699173352733854
19309,0.03355619343418492
19310,0.3546817831406175
19311,0.07448900142426529
19312,0.045530103793028576
19313,0.12217997905207845
19314,0.1522054133093651
19315,0.05510300210716523
19316,0.04900026194856766
19317,0.04276345038377938
19318,0.04863532189486908
19319,0.04065354301107349
19320,0.04065354301107349
19321,0.04065354301107349
19322,0.04065354301107349
19323,0.18435027444533414
19324,0.08255544609210552
19325,0.08255544609210552
19326,0.1392027451269623
19327,0.1576610824105401
19328,0.04491203838963598
19329,0.1304061003746535
19330,0.17400489541839714
19331,0.07830680126235923
19332,0.16889357575392605
19333,0.06976438821581943
19334,0.12801055547141693
19335,0.09272870061866811
19336,0.18440446152466172
19337,0.05779699737871735
19338,0.04537647463172323
19339,0.06436016320658855
19340,0.3845762684691738
19341,0.07980527793175374
19342,0.04790046365820588
19343,0.06718005284054274
19344,0.10175921453522419
19345,0.15478038093088542
19346,0.08375660565880927
19347,0.19655049374735578
19348,0.17053603980794774
19349,0.037849832069321354
19350,0.051467215194183735
19351,0.05694025004686476
19352,0.06749773497769185
19353,0.08064469690804565
19354,0.04531502557802625
19355,0.09374658269493097
19356,0.24066217158057446
19357,0.17179886064292238
19358,0.09972464433431094
19359,0.14502222527212005
19360,0.05419491945532762
19361,0.12200687209007266
19362,0.08784755180167714
19363,0.08064469690804565
19364,0.16591834853669973
19365,0.08028862236568324
19366,0.033114375746783775
19367,0.10279054950005662
19368,0.1486230324244957
19369,0.20201691359171847
19370,0.08064469690804565
19371,0.06130406210304795
19372,0.27551003057865
19373,0.12629505468215874
19374,0.03594794650206412
19375,0.0810323696861025
19376,0.0810323696861025
19377,0.07171970947537953
19378,0.10619832959180042
19379,0.10619832959180042
19380,0.07593362504133061
19381,0.07171970947537953
19382,0.05049455881685583
19383,0.07646102280547062
19384,0.34835495408143224
19385,0.31432421376141895
19386,0.245045645370343
19387,0.07643558217204227
19388,0.11055582920805351
19389,0.1702337329814757
19390,0.0492477327505908
19391,0.11811407224789039
19392,0.34376891704136714
19393,0.07827595914642338
19394,0.052210777554777876
19395,0.0693539589058021
19396,0.09520176070872577
19397,0.04587303924924513
19398,0.26316641031840227
19399,0.06937475099006718
19400,0.29903407304462026
19401,0.04643508522210382
19402,0.13458474060080927
19403,0.22086547932021272
19404,0.11637305313417567
19405,0.05546766768106404
19406,0.26391802632764183
19407,0.24790839797540654
19408,0.1349657841974521
19409,0.21440841010134215
19410,0.1290924499097552
19411,0.050353435852944606
19412,0.029583854553047906
19413,0.08470074373426284
19414,0.17870492219163459
19415,0.14483944047411412
19416,0.505932161561394
19417,0.11558523205283233
19418,0.05449410535118726
19419,0.05414251278433213
19420,0.1220976953979045
19421,0.540645772001427
19422,0.540645772001427
19423,0.10076835536074047
19424,0.048279206170280586
19425,0.05414251278433213
19426,0.048279206170280586
19427,0.35843705622325706
19428,0.15115088627132012
19429,0.10114170075698603
19430,0.12700034913773817
19431,0.07447919726758245
19432,0.14477365331748382
19433,0.07318697005171537
19434,0.04565825790107758
19435,0.3774608064731807
19436,0.13264568104037544
19437,0.06753778109676789
19438,0.07349513432232979
19439,0.09821467778351245
19440,0.10843298965529524
19441,0.1285768732329179
19442,0.1363741080515679
19443,0.20008964353124092
19444,0.09676973532203315
19445,0.11922559080736117
19446,0.045499475920969035
19447,0.26079655778234234
19448,0.03626310599571936
19449,0.07638570585023663
19450,0.04565825790107758
19451,0.059006681027789165
19452,0.13424867286381603
19453,0.14230284043290553
19454,0.043356056704609736
19455,0.10362825151881205
19456,0.06695016852916869
19457,0.06695016852916869
19458,0.04847413429704761
19459,0.04689947624144808
19460,0.06918510786440413
19461,0.09687634848959459
19462,0.1658691737042468
19463,0.10193725211057802
19464,0.06558651763684464
19465,0.058690991473652754
19466,0.09335784658984936
19467,0.06558651763684464
19468,0.1606411273865329
19469,0.06558651763684464
19470,0.19970530240108963
19471,0.09335784658984936
19472,0.05494662570426889
19473,0.15050103565529172
19474,0.05494662570426889
19475,0.0885746499190132
19476,0.05494662570426889
19477,0.03328336941081289
19478,0.05494662570426889
19479,0.05494662570426889
19480,0.05494662570426889
19481,0.06742440838352204
19482,0.0886061811609361
19483,0.05494662570426889
19484,0.05494662570426889
19485,0.14873060594410747
19486,0.09810060709329815
19487,0.09813249246975142
19488,0.05494662570426889
19489,0.06875764558540687
19490,0.05494662570426889
19491,0.08196828946265777
19492,0.05494662570426889
19493,0.23909384714260173
19494,0.16680141589538355
19495,0.12485037542563271
19496,0.036089129151590904
19497,0.19101910611873119
19498,0.031107370919550736
19499,0.0474306515229197
19500,0.048243919979835126
19501,0.12786048600151534
19502,0.03162187364469482
19503,0.04316894321703624
19504,0.06580804244893323
19505,0.05522868928898328
19506,0.06557463653292828
19507,0.03162187364469482
19508,0.03162187364469482
19509,0.10414733396798692
19510,0.05264362495594088
19511,0.03162187364469482
19512,0.1284174314423867
19513,0.1284174314423867
19514,0.1284174314423867
19515,0.27988686249442485
19516,0.3565921545429982
19517,0.07348227812746111
19518,0.1339258462910805
19519,0.0554100469958676
19520,0.07898876765030638
19521,0.0692216347524236
19522,0.0692216347524236
19523,0.0692216347524236
19524,0.5697548334940341
19525,0.1550699459048549
19526,0.09014150374922791
19527,0.02184132847715492
19528,0.043443334014716006
19529,0.0618709157748234
19530,0.061897753713516246
19531,0.14550175592138614
19532,0.04833676117507013
19533,0.07404851534443424
19534,0.05343703247015852
19535,0.2653360639316471
19536,0.12084237248501928
19537,0.2809607286429432
19538,0.10603557010771858
19539,0.0326407390456509
19540,0.0326407390456509
19541,0.055681885835373146
19542,0.029831908809560548
19543,0.029831908809560548
19544,0.05508892443212743
19545,0.04480976174044082
19546,0.1752767360139842
19547,0.16508222841226727
19548,0.21044877974945986
19549,0.031232226126778007
19550,0.031232226126778007
19551,0.03883534815576295
19552,0.042991982770971715
19553,0.044780781485717513
19554,0.05508892443212743
19555,0.06968221820556919
19556,0.10881584064226602
19557,0.12562343254953223
19558,0.2039098092962507
19559,0.12252626354140361
19560,0.04356564181074574
19561,0.11878653300703967
19562,0.09578363937515388
19563,0.1367595173474737
19564,0.0967068169911699
19565,0.08157074708639644
19566,0.02690998750150919
19567,0.10012007857114369
19568,0.05157737672351581
19569,0.05157737672351581
19570,0.1589808285282549
19571,0.05157737672351581
19572,0.0487477362748322
19573,0.05157737672351581
19574,0.202612112045071
19575,0.26073179813335334
19576,0.03967681544512236
19577,0.3120875977010489
19578,0.04838584537541013
19579,0.05157737672351581
19580,0.07472019617689174
19581,0.2688520533533024
19582,0.25956808820677246
19583,0.058596334994160726
19584,0.04452754420895333
19585,0.06965886293965062
19586,0.09566795468890188
19587,0.25945073536602314
19588,0.03565120375204678
19589,0.06554985010709646
19590,0.04159969065910385
19591,0.1440330550385751
19592,0.13179919365947823
19593,0.03083190234140576
19594,0.03639841510718955
19595,0.08127637785914266
19596,0.06440699278553597
19597,0.0900676124578692
19598,0.08836664169383168
19599,0.07769877221676647
19600,0.081063857840867
19601,0.12533473577104282
19602,0.04889161257863761
19603,0.04839219096612768
19604,0.07530336104783819
19605,0.11785758243689648
19606,0.011663966851949148
19607,0.0714659578489042
19608,0.07132262530161904
19609,0.17626377856946251
19610,0.030779470487698912
19611,0.030779470487698912
19612,0.16083883276123057
19613,0.09918135661925498
19614,0.04895225122456104
19615,0.1488285782656109
19616,0.02951970269463089
19617,0.05933244979002106
19618,0.10575245987937054
19619,0.19104776976847349
19620,0.0770835250176134
19621,0.10860213477827685
19622,0.07422677364850294
19623,0.09499402624330222
19624,0.1360794113272391
19625,0.10071754590506421
19626,0.05247533822882422
19627,0.07427631037704818
19628,0.17187683391968744
19629,0.07975279809288949
19630,0.08602653768503632
19631,0.07465340110756213
19632,0.10578654060193993
19633,0.12924045201044165
19634,0.0531720074758526
19635,0.047675126433603054
19636,0.05261444476985366
19637,0.11192382362352138
19638,0.038846355841653524
19639,0.15770887742068174
19640,0.038923214204184875
19641,0.1968295474534021
19642,0.06549299411903164
19643,0.07529724660028547
19644,0.0347062953963545
19645,0.03128678411110841
19646,0.24773076331957322
19647,0.1264353004254103
19648,0.07915604296008671
19649,0.13616081794669077
19650,0.12336660261432653
19651,0.1322368159674452
19652,0.1124332554441706
19653,0.12852971340088337
19654,0.7915930844127379
19655,0.11850877613957078
19656,0.055706063161586994
19657,0.20695157749426452
19658,0.1892340233762413
19659,0.11945689362354939
19660,0.06718366984621749
19661,0.1360794113272391
19662,0.24167583771049705
19663,0.04267212811594956
19664,0.150605012361278
19665,0.1300919248433028
19666,0.05719054594688533
19667,0.09472416356124191
19668,0.15339948870062314
19669,0.09472416356124191
19670,0.054258205721709474
19671,0.11098986226542928
19672,0.09472416356124191
19673,0.09472416356124191
19674,0.23557653913006493
19675,0.09472416356124191
19676,0.16229765152341513
19677,0.04034197453598487
19678,0.061807840077231946
19679,0.15385384829729964
19680,0.07825375658705969
19681,0.02809561560524776
19682,0.06095008884588282
19683,0.013050627322956032
19684,0.06962050487622096
19685,0.25102842379691714
19686,0.11368649125976926
19687,0.049862860215988514
19688,0.37038344606408413
19689,0.08266896877837504
19690,0.11375912626955287
19691,0.17279846629600093
19692,0.42391494006194363
19693,0.05199621071552274
19694,0.05083514823325619
19695,0.09280587764811188
19696,0.06573192617550794
19697,0.03283695521416696
19698,0.292351289039704
19699,0.11494310281806475
19700,0.06803067916270711
19701,0.2545817658519144
19702,0.24241619190645802
19703,0.07183306422334879
19704,0.033480020947507017
19705,0.15893071926448732
19706,0.14260956373188782
19707,0.1495282542448808
19708,0.07597853634396956
19709,0.051732848427776146
19710,0.04314794298742397
19711,0.011474281728505176
19712,0.07069972416546388
19713,0.07706783462700673
19714,0.05311035118343643
19715,0.029509381643126775
19716,0.03300299717775268
19717,0.1299965588197738
19718,0.10082625206342688
19719,0.16554616718765736
19720,0.11298021951792825
19721,0.06505824779062386
19722,0.09644035208292523
19723,0.21500869993761185
19724,0.1195691238299198
19725,0.053012781532853714
19726,0.07096764126953292
19727,0.0582948372273181
19728,0.06545170340494111
19729,0.1404691966026601
19730,0.053012781532853714
19731,0.10721515570416684
19732,0.261478696013407
19733,0.10738632606709553
19734,0.08115755371605526
19735,0.12333587441832716
19736,0.0904913481476175
19737,0.03232959233486876
19738,0.038783659242938584
19739,0.22200908774179517
19740,0.3760845137932256
19741,0.2670578190344892
19742,0.04261491891724767
19743,0.10110282197338238
19744,0.14786508792194042
19745,0.09432479945830963
19746,0.11414092523567132
19747,0.1265025932896473
19748,0.16778558752069572
19749,0.03578614515375933
19750,0.28417113360436164
19751,0.023434511915137013
19752,0.05280332006681443
19753,0.03036629169618177
19754,0.16260913332988614
19755,0.035021313894349926
19756,0.18942248226041947
19757,0.06172306931424809
19758,0.0858953564946292
19759,0.0997509842068508
19760,0.0881109936819735
19761,0.34856827790910416
19762,0.060914218745370174
19763,0.13582843676191314
19764,0.15205733005534705
19765,0.05986185849829173
19766,0.1480695356041799
19767,0.04847077522593479
19768,0.11713015769401769
19769,0.10067509807436958
19770,0.051688221362494735
19771,0.13784030615751985
19772,0.16423224095976552
19773,0.06172306931424809
19774,0.1422588669939897
19775,0.09807114699741037
19776,0.11146160307753006
19777,0.26951897616795073
19778,0.031112522466311132
19779,0.07039253018693192
19780,0.23072503381543352
19781,0.0897558919498681
19782,0.18586705807193127
19783,0.10393795055340505
19784,0.2863334376301514
19785,0.07093246665232034
19786,0.0996076288212494
19787,0.038247853790204345
19788,0.13718335281103233
19789,0.08971762545235418
19790,0.03861194298132198
19791,0.10913665050157861
19792,0.04045394783830569
19793,0.13697120643600624
19794,0.16495929740665793
19795,0.08603551412977228
19796,0.16335964649045331
19797,0.07840779181947644
19798,0.0863390710191233
19799,0.06331549953512683
19800,0.12580483457662894
19801,0.19769094063881287
19802,0.22949661586804793
19803,0.1038523868824881
19804,0.10860386895246921
19805,0.3048168921478086
19806,0.08529602748073828
19807,0.20210039764648613
19808,0.16830916877877256
19809,0.09057168852968034
19810,0.050441905820601374
19811,0.20221479030392175
19812,0.050441905820601374
19813,0.050441905820601374
19814,0.05759676578093609
19815,0.050441905820601374
19816,0.07129145785165247
19817,0.050441905820601374
19818,0.032914316055654314
19819,0.2687295817437687
19820,0.10432281230097085
19821,0.02662910061040802
19822,0.05069819020520039
19823,0.06874251602650538
19824,0.08757778017348872
19825,0.035095271948289986
19826,0.08096302633814012
19827,0.23071606021368696
19828,0.19160237429130456
19829,0.03276012092327951
19830,0.06447216231910446
19831,0.17806263275234002
19832,0.18189315353542734
19833,0.05465513692337598
19834,0.034257340441362416
19835,0.20006986176164188
19836,0.0489088770255659
19837,0.1655507285945531
19838,0.12015091328125815
19839,0.1502881777192413
19840,0.046802101716673206
19841,0.08143142383676094
19842,0.061223106107030634
19843,0.08842998044145434
19844,0.08403179616873013
19845,0.5402324736015967
19846,0.08122882767174822
19847,0.09553426805729592
19848,0.12046294418553605
19849,0.144715473417929
19850,0.060250992593338215
19851,0.05131929884355069
19852,0.045504241861487715
19853,0.12015091328125815
19854,0.11829417904408779
19855,0.18611034403745919
19856,0.18163842074780523
19857,0.04474283905793197
19858,0.04817061533840561
19859,0.049972623743371636
19860,0.07267535697772065
19861,0.03250913064394867
19862,0.03443722231044544
19863,0.13829114097947914
19864,0.04055482384452869
19865,0.1348731183974654
19866,0.2204748098394682
19867,0.07560785878102261
19868,0.12966780571658842
19869,0.0913706344818862
19870,0.06746817137816641
19871,0.704721646544857
19872,0.14935679587645556
19873,0.0450189444409369
19874,0.12511551166506996
19875,0.05961177366750359
19876,0.1238757473612695
19877,0.05208993919199689
19878,0.04734482092282699
19879,0.15902065980179947
19880,0.05989177130047574
19881,0.05961177366750359
19882,0.11726617628648972
19883,0.06632063052155435
19884,0.11795728746463041
19885,0.031384314836164995
19886,0.031384314836164995
19887,0.031384314836164995
19888,0.3234683389295062
19889,0.03135722313910283
19890,0.07578433451507016
19891,0.015429243793048775
19892,0.07404309198855086
19893,0.09139266181291883
19894,0.9303607758979847
19895,0.16315091712918173
19896,0.15250669005517148
19897,0.22051296482488292
19898,0.11289836287083732
19899,0.32466754563598954
19900,0.2510102759139451
19901,0.7489065498345173
19902,0.2510102759139451
19903,0.06986324592919346
19904,0.06986324592919346
19905,0.30037099997063343
19906,0.30037099997063343
19907,0.30037099997063343
19908,0.0900814111050593
19909,0.22206931174478683
19910,0.10005044229728788
19911,0.10005044229728788
19912,0.10005044229728788
19913,0.10005044229728788
19914,0.12566909813976468
19915,0.06871466137391213
19916,0.31480978164584894
19917,0.07896515165609042
19918,0.05406084683493373
19919,0.0449786385000327
19920,0.07440827158863206
19921,0.09683279569086345
19922,0.09683279569086345
19923,0.0449786385000327
19924,0.07766472213698339
19925,0.1403431426618218
19926,0.03927680754782947
19927,0.0804038019398462
19928,0.05406084683493373
19929,0.05406084683493373
19930,0.0486425883161371
19931,0.09931897577416537
19932,0.31306610971699034
19933,0.0645602819359683
19934,0.09270223066965033
19935,0.053248512435396855
19936,0.08997194925874352
19937,0.17218712151364235
19938,0.05609900877588836
19939,0.1766581851836052
19940,0.1545267093981274
19941,0.11657687478952294
19942,0.26662661802618415
19943,0.28997281842227163
19944,0.056041091212226446
19945,0.4941275860719424
19946,0.20533651817313558
19947,0.10533724016982915
19948,0.10533724016982915
19949,0.12639642815101004
19950,0.055825021958429866
19951,0.06130156706272538
19952,0.06094024270982357
19953,0.07745928408043079
19954,0.045324200629156985
19955,0.05552192029063707
19956,0.046979452353289264
19957,0.09254618198871523
19958,0.07787017890128534
19959,0.05522517905085356
19960,0.07428808485501293
19961,0.09263494363224622
19962,0.12639642815101004
19963,0.2467024761081864
19964,0.2109108297655078
19965,0.09081986403479769
19966,0.06094024270982357
19967,0.06130156706272538
19968,0.07038808850313438
19969,0.12128658250549773
19970,0.06130156706272538
19971,0.01409001784039321
19972,0.11602836885949919
19973,0.08685933831835846
19974,0.0898006550674777
19975,0.1775970306419541
19976,0.05299509543685588
19977,0.09636173465640252
19978,0.3598527038299274
19979,0.07631389343601036
19980,0.04148861167176754
19981,0.08869967702314363
19982,0.07845040284243665
19983,0.0618173985662408
19984,0.04371951615823477
19985,0.15353906599337153
19986,0.2689927937851285
19987,0.26470676243836433
19988,0.0861026972710548
19989,0.210814655833243
19990,0.21446295080952682
19991,0.210814655833243
19992,0.2770036968706273
19993,0.13835100372089892
19994,0.03239499418676006
19995,0.26590219073593824
19996,0.12342718636381378
19997,0.029603602738337287
19998,0.2469669348807122
19999,0.07844962075091388
20000,0.1276283867822945
20001,0.08245484008381876
20002,0.06244272762663694
20003,0.1192436025723117
20004,0.03211480007947676
20005,0.10771125773070556
20006,0.06165973221750065
20007,0.12334408524376228
20008,0.21612507345313547
20009,0.17864113278332583
20010,0.11215155695804058
20011,0.10710315887219524
20012,0.09578363937515388
20013,0.058240591576826595
20014,0.14711486165748489
20015,0.20579161236380528
20016,0.007678747827886578
20017,0.08200260812903315
20018,0.08200260812903315
20019,0.059939166052293436
20020,0.08477983831998803
20021,0.04868875974758524
20022,0.22128850204208816
20023,0.0842177260040502
20024,0.03161516115996588
20025,0.04667300094876459
20026,0.1482059647445897
20027,0.07798610313805077
20028,0.0752283697558015
20029,0.04667300094876459
20030,0.11354117603083469
20031,0.010675461276034026
20032,0.06984704068823022
20033,0.1849559252667824
20034,0.04204251654760338
20035,0.10327736638696527
20036,0.5944228217846688
20037,0.4805653983215544
20038,0.14049942737044263
20039,0.04656090033386695
20040,0.14130344790050675
20041,0.13148920608718595
20042,0.18029535804266528
20043,0.11335821954718572
20044,0.31061967879264973
20045,0.28475209784236033
20046,0.07837645961632389
20047,0.08396576937504618
20048,0.1128811713912522
20049,0.13583075855326665
20050,0.14455666038247683
20051,0.26614398478775536
20052,0.3025563867118962
20053,0.13025861888753554
20054,0.08152986510146132
20055,0.08707747162524793
20056,0.06005424041350993
20057,0.11036210455812279
20058,0.2003277693810973
20059,0.14596293474508948
20060,0.11399527092351547
20061,0.11399527092351547
20062,0.2954415009016842
20063,0.11399527092351547
20064,0.2070674717527523
20065,0.11400757712575571
20066,0.06139884304193122
20067,0.07035656453576311
20068,0.05611641750041063
20069,0.037799735435186
20070,0.16246001660276999
20071,0.15834556365628882
20072,0.2695915052169088
20073,0.17196091008004066
20074,0.2055689084236808
20075,0.04095461086195884
20076,0.10881157768407734
20077,0.11903236968864972
20078,0.17336513516410146
20079,0.1191835942549726
20080,0.12389411025480268
20081,0.09303962985636349
20082,0.08481080390729201
20083,0.09303962985636349
20084,0.19440593902659564
20085,0.12107011010527402
20086,0.10929443045763865
20087,0.09060137262873225
20088,0.06229585334665888
20089,0.03841764231921585
20090,0.23820178384460466
20091,0.24147032221900366
20092,0.07425086649670498
20093,0.13852798063912108
20094,0.09422872674234994
20095,0.10846083465361189
20096,0.2401552838501474
20097,0.012428309075304567
20098,0.04619702609400245
20099,0.10861683039272785
20100,0.05649018086657909
20101,0.08325995325710567
20102,0.17499369001957354
20103,0.17558947892245436
20104,0.15569738946246092
20105,0.23144800464629323
20106,0.0489178780581091
20107,0.17437031527018731
20108,0.11062759368381125
20109,0.08153070540279006
20110,0.08107317449019447
20111,0.08153070540279006
20112,0.12045195129188002
20113,0.07657827679924911
20114,0.07657827679924911
20115,0.27558802314180586
20116,0.2756296163780214
20117,0.10718066989745767
20118,0.08107317449019447
20119,0.06615865227509576
20120,0.07343737555851393
20121,0.06854598641727261
20122,0.06017601679769047
20123,0.048975995915147896
20124,0.10319875138057988
20125,0.26733824989433497
20126,0.15062897046889256
20127,0.07343737555851393
20128,0.08107317449019447
20129,0.07343737555851393
20130,0.055823476061812594
20131,0.08107317449019447
20132,0.22960913868471722
20133,0.1055451230361738
20134,0.08107317449019447
20135,0.09826110707789182
20136,0.08107317449019447
20137,0.08107317449019447
20138,0.08107317449019447
20139,0.07526990864044336
20140,0.08153070540279006
20141,0.06282344132520867
20142,0.5556517373851422
20143,0.07038808850313438
20144,0.035365984310657295
20145,0.36525216178384323
20146,0.1299507670101382
20147,0.41624253857585103
20148,0.027690405655941164
20149,0.25185882754184896
20150,0.15284767449214598
20151,0.21911332293217545
20152,0.054552054843150066
20153,0.04120195891661316
20154,0.08550306031613297
20155,0.12245074155039104
20156,0.09195310775062138
20157,0.14875661750849767
20158,0.10684642941791378
20159,0.24014259565651086
20160,0.1485201576378148
20161,0.4020139161166668
20162,0.1531724414263389
20163,0.1490736968029872
20164,0.1522615734154641
20165,0.1712311319795401
20166,0.22673941757733673
20167,0.1487109955481033
20168,0.11745642949705304
20169,0.08781821282314672
20170,0.14095581544107072
20171,0.19077353392700502
20172,0.046417969922704194
20173,0.04888990022926232
20174,0.2170099674307887
20175,0.1199568198482931
20176,0.046417969922704194
20177,0.046417969922704194
20178,0.04888990022926232
20179,0.18454599551775996
20180,0.046417969922704194
20181,0.1090106010793781
20182,0.20241107787977397
20183,0.3406764976652632
20184,0.04888990022926232
20185,0.12908140757845976
20186,0.24907760797382006
20187,0.14563625273937209
20188,0.22169803542287914
20189,0.046417969922704194
20190,0.06601488403223099
20191,0.046417969922704194
20192,0.05823957625281029
20193,0.061534456499057755
20194,0.14184971874489616
20195,0.05803929592532464
20196,0.259859398225746
20197,0.14191439770276493
20198,0.14191439770276493
20199,0.1278372908346206
20200,0.01543492636081345
20201,0.14890845340666337
20202,0.10848674314225248
20203,0.05324751241165282
20204,0.30076924671214955
20205,0.07369211661720398
20206,0.4478494124797612
20207,0.07358503212478096
20208,0.23773433147375056
20209,0.056930470803605804
20210,0.04394119550664566
20211,0.0797805621952351
20212,0.09962059464164996
20213,0.13234020119941614
20214,0.13774942872464357
20215,0.05657412223861258
20216,0.0703548412363787
20217,0.12499772615873028
20218,0.0703548412363787
20219,0.10830019584556605
20220,0.15391057107982997
20221,0.2074719331313788
20222,0.11172250431865227
20223,0.07491038543721051
20224,0.1549588975903925
20225,0.1559069511511919
20226,0.040919071036207066
20227,0.08502235012067316
20228,0.079621983783287
20229,0.2129103280574841
20230,0.045099813564358104
20231,0.06119254579853617
20232,0.2503198777370992
20233,0.1504366188687245
20234,0.030760828437824128
20235,0.17137794899941516
20236,0.04888097971190286
20237,0.16141385487778181
20238,0.04915857333687568
20239,0.165472669494256
20240,0.17089231779073155
20241,0.10291541188448572
20242,0.31590855756394476
20243,0.10291541188448572
20244,0.1349551286806736
20245,0.15381500221795208
20246,0.101027219796752
20247,0.19030816117665095
20248,0.04641755375093681
20249,0.06060475004378674
20250,0.06581155243950143
20251,0.06581155243950143
20252,0.06581155243950143
20253,0.08658461645465176
20254,0.03959977095049494
20255,0.03252736395661204
20256,0.05716839181054545
20257,0.047861259826258884
20258,0.051010038085287035
20259,0.00894720521173975
20260,0.08522483497825306
20261,0.08455887140933138
20262,0.14692080055719536
20263,0.08522483497825306
20264,0.10158242178985977
20265,0.04803296876404273
20266,0.16100254011373927
20267,0.030982443107544055
20268,0.061210606191585026
20269,0.32269233432159394
20270,0.12187176828553958
20271,0.150000610267362
20272,0.1289243585860591
20273,0.04774644815509932
20274,0.10936827117466175
20275,0.05063430923207868
20276,0.13700959338752228
20277,0.13700959338752228
20278,0.7617712439425699
20279,0.15634483609299543
20280,0.0454190711651975
20281,0.06765536623432788
20282,0.04771078330102019
20283,0.1796771207659691
20284,0.11005005436022453
20285,0.3023655717591953
20286,0.5642554823442298
20287,0.06630053270180514
20288,0.05470092077078059
20289,0.07799395852907876
20290,0.04514685917118133
20291,0.10741784210505456
20292,0.24631093535564885
20293,0.20486258351889508
20294,0.04317143872692608
20295,0.0955084262745749
20296,0.2892361128638383
20297,0.1837800443416947
20298,0.05768921270884564
20299,0.05768921270884564
20300,0.12798182511216427
20301,0.1925772902556916
20302,0.04784838737249608
20303,0.08290223597202329
20304,0.11468675525744898
20305,0.10568126824764867
20306,0.10968724108437178
20307,0.050526017148210145
20308,0.04420614577381243
20309,0.04845946087242803
20310,0.05974413441446946
20311,0.06462459438625079
20312,0.12494940381051023
20313,0.10475947090565407
20314,0.05573013582711395
20315,0.05433676760362216
20316,0.08666461943594828
20317,0.09658646148427819
20318,0.0806705838999413
20319,0.14206772243664545
20320,0.08842998044145434
20321,0.09409240114306727
20322,0.14540532920085958
20323,0.1663578104291833
20324,0.055825021958429866
20325,0.09434728126162173
20326,0.10623855293934847
20327,0.09278291329944988
20328,0.05690773169956653
20329,0.07536046823495846
20330,0.03216020751121351
20331,0.051724395092512365
20332,0.1364997230184707
20333,0.07559660381086641
20334,0.08294807263972559
20335,0.3217244944056711
20336,0.08387459884658266
20337,0.08387459884658266
20338,0.084389235463187
20339,0.059655550786779865
20340,0.059655550786779865
20341,0.059655550786779865
20342,0.059655550786779865
20343,0.059655550786779865
20344,0.10444553360109654
20345,0.059655550786779865
20346,0.16253428934292757
20347,0.04996924849034723
20348,0.1421214639198205
20349,0.07504449530922463
20350,0.18644164608209146
20351,0.10534119527743979
20352,0.2916077054983104
20353,0.05336760653698347
20354,0.17114006010096106
20355,0.1265423481970519
20356,0.10490054406032179
20357,0.07252592018396575
20358,0.15727893579026753
20359,0.057581530652291546
20360,0.09075564510085232
20361,0.0567271845104278
20362,0.034903085192725225
20363,0.0735470634896006
20364,0.07985287570062227
20365,0.16706333415312158
20366,0.2430074657436455
20367,0.10481353500217838
20368,0.11037505034572526
20369,0.30226314132691345
20370,0.09877677352090675
20371,0.1491004685750007
20372,0.1491004685750007
20373,0.08204400173178505
20374,0.10846164315396467
20375,0.1491004685750007
20376,0.12714145895932183
20377,0.00896033524877915
20378,0.042920988665563486
20379,0.15273380396454772
20380,0.08477002812372236
20381,0.09630029477281632
20382,0.059932042037305844
20383,0.11498400323128755
20384,0.4494965640735271
20385,0.05569162324529531
20386,0.05569162324529531
20387,0.08362147262501707
20388,0.061665141745743
20389,0.061665141745743
20390,0.0809777889523905
20391,0.03461128787598622
20392,0.06240566929781732
20393,0.2043658462728607
20394,0.20096060556352813
20395,0.049448459565273994
20396,0.152549277340992
20397,0.2526914672321128
20398,0.13067859201939802
20399,0.06583436207635385
20400,0.09287680814044941
20401,0.08770016244684431
20402,0.06583436207635385
20403,0.06583436207635385
20404,0.2688288168526157
20405,0.19324186167797708
20406,0.06583436207635385
20407,0.19231810124338156
20408,0.17579678177346103
20409,0.17579678177346103
20410,0.06583436207635385
20411,0.20119526448511127
20412,0.06382921162205135
20413,0.06382921162205135
20414,0.1501539780423664
20415,0.17762199429756986
20416,0.11735292284987964
20417,0.1137752265923827
20418,0.06583436207635385
20419,0.11071088189056821
20420,0.1305862764124751
20421,0.06258665694592247
20422,0.09797089354414801
20423,0.04264799361909766
20424,0.11462632865398703
20425,0.19108055057901896
20426,0.2806847164361572
20427,0.29391276065138683
20428,0.09029234152676524
20429,0.2087011035901335
20430,0.10417733193210976
20431,0.21071477828357887
20432,0.28305458095653013
20433,0.11223941940048987
20434,0.0284971266758407
20435,0.03271130878839701
20436,0.1944920509038116
20437,0.18006755080825787
20438,0.033199470679355914
20439,0.042147557034918126
20440,0.033199470679355914
20441,0.042147557034918126
20442,0.09478095174705503
20443,0.13891923089178648
20444,0.15883696109672873
20445,0.2848330510995709
20446,0.11443090548884594
20447,0.21220665481399015
20448,0.09572406824620927
20449,0.06997719885962417
20450,0.09852954750251808
20451,0.23279513875461533
20452,0.09054424933679106
20453,0.35823231047424986
20454,0.09757321067282354
20455,0.097744530210901015
20456,0.19241502920521014
20457,0.10749922186617944
20458,0.059015960054387806
20459,0.1430424823648958
20460,0.10427713392887616
20461,0.10249107989524131
20462,0.08630477565035888
20463,0.09300770592061658
20464,0.08314074706698615
20465,0.0601888757364214
20466,0.23516652861405807
20467,0.09833481459111815
20468,0.044444157073160184
20469,0.07055553565668204
20470,0.09496342136994063
20471,0.07600758453585754
20472,0.053770645764101066
20473,0.11216088754716635
20474,0.32900012303913684
20475,0.06830023131224305
20476,0.3484059866410406
20477,0.07600758453585754
20478,0.018547559196606778
20479,0.1164659328639257
20480,0.11458361787463223
20481,0.11458361787463223
20482,0.37343266175744605
20483,0.20122064106482673
20484,0.20533700283716338
20485,0.12807110539945843
20486,0.20169156304803448
20487,0.058726179099554354
20488,0.06508289252884869
20489,0.18062201067722716
20490,0.08657554587669947
20491,0.14374917104985063
20492,0.19068236728452315
20493,0.11954814649678058
20494,0.08696265640498879
20495,0.13069787464818994
20496,0.11918082831893306
20497,0.07742024392041269
20498,0.2747486925430196
20499,0.0646416295722797
20500,0.218899283550679
20501,0.15701672744730288
20502,0.03015933925563785
20503,0.05735757694620769
20504,0.1367786459683572
20505,0.12059409286883571
20506,0.06041326786565082
20507,0.4015794572670647
20508,0.08204066873248317
20509,0.06041326786565082
20510,0.03243878151581081
20511,0.10369305010372942
20512,0.23396942508360863
20513,0.1388523033598149
20514,0.03147727332833716
20515,0.05269499982692827
20516,0.09571593825118507
20517,0.10432676373777072
20518,0.24034043691455476
20519,0.05149152440858218
20520,0.3659422159063146
20521,0.06041326786565082
20522,0.06041326786565082
20523,0.14822809052159902
20524,0.3110408424135135
20525,0.05149152440858218
20526,0.044752386082939744
20527,0.24614899040537042
20528,0.06041326786565082
20529,0.13304378483823476
20530,0.1455591197572942
20531,0.07574905813918098
20532,0.07076956194681439
20533,0.09400188357288508
20534,0.09292368069237655
20535,0.04819260747600396
20536,0.051661408124867636
20537,0.12060668789703488
20538,0.11423836991293179
20539,0.04530983913481812
20540,0.1496140539819827
20541,0.16937245794527434
20542,0.16456407289307462
20543,0.07246302708181096
20544,0.09538678154248992
20545,0.06576001174995016
20546,0.09755902647568526
20547,0.0639406461832337
20548,0.06877554474028069
20549,0.03394703933785814
20550,0.12969329355784043
20551,0.07436245780337769
20552,0.2019238566786612
20553,0.08234510366443248
20554,0.30438806775730765
20555,0.14369324151369156
20556,0.07218877384352318
20557,0.07847381343258675
20558,0.1418139684792591
20559,0.048104239960938044
20560,0.11016277538698671
20561,0.10702558825928454
20562,0.04598889662281913
20563,0.023402553387993463
20564,0.1271871669322776
20565,0.08718725271688443
20566,0.08162450072270877
20567,0.12033690047170298
20568,0.04816414932672508
20569,0.08597745593607509
20570,0.05929450399397185
20571,0.09358913958172488
20572,0.08250135460860497
20573,0.07400935038868572
20574,0.04192338324794742
20575,0.04281712227380119
20576,0.05383990895046176
20577,0.07933607808754006
20578,0.07624356303268054
20579,0.19771222001142053
20580,0.1875803488347494
20581,0.03593452784715845
20582,0.03584458599326512
20583,0.09325590957970242
20584,0.02610412376243998
20585,0.20252592202332842
20586,0.12286492812332328
20587,0.14414688192945535
20588,0.04617939870565624
20589,0.040594050008662896
20590,0.04889040512629583
20591,0.1899604542072486
20592,0.0774183245251252
20593,0.1732482917335989
20594,0.1699698370217706
20595,0.0709895174234112
20596,0.16571040848673624
20597,0.16919444224766245
20598,0.1667032969483121
20599,0.3852278751939653
20600,0.18516103429224473
20601,0.2436101203937695
20602,0.1420728755404299
20603,0.05505798582756527
20604,0.03879326702661989
20605,0.20682262727746958
20606,0.11496322061611719
20607,0.032087818724232275
20608,0.15566825648545302
20609,0.03375541593315923
20610,0.053082777143711124
20611,0.08074924413542295
20612,0.1862497229205884
20613,0.24954178178204178
20614,0.31221326771718516
20615,0.13943386741023966
20616,0.12875893565972651
20617,0.060882813164214844
20618,0.11729412230480496
20619,0.032322941825844165
20620,0.055362012231311764
20621,0.07529325350876026
20622,0.060489398539916306
20623,0.026496806156571795
20624,0.08427851197109504
20625,0.05937319275044728
20626,0.09543675005916075
20627,0.1414802033821173
20628,0.05937319275044728
20629,0.05937319275044728
20630,0.08565814705525221
20631,0.05937319275044728
20632,0.05937319275044728
20633,0.05937319275044728
20634,0.13261674092977627
20635,0.011241741011571937
20636,0.1754317600947508
20637,0.06534761797513267
20638,0.09434471247282583
20639,0.06873467963730517
20640,0.07929373991831534
20641,0.15746880551092957
20642,0.3483652946222855
20643,0.03078742124510414
20644,0.07964326926052856
20645,0.013175007679969264
20646,0.13546448357024166
20647,0.04379140913080115
20648,0.08437499542754545
20649,0.08437499542754545
20650,0.25184816980401104
20651,0.08437499542754545
20652,0.06649751780782098
20653,0.08344213322561544
20654,0.06874879908522724
20655,0.07712323344984096
20656,0.10599249261588217
20657,0.07326648306334249
20658,0.07459552856948737
20659,0.053026202958482815
20660,0.05694981972192015
20661,0.05694981972192015
20662,0.16164954539681387
20663,0.1289162895066961
20664,0.12979953065106287
20665,0.21698092862228469
20666,0.08510481449684582
20667,0.04252817246431495
20668,0.05213724448764723
20669,0.16704419216456068
20670,0.08706938817332066
20671,0.05210972617708154
20672,0.1184459312325481
20673,0.13595209313923828
20674,0.07296208817201655
20675,0.05352294270737701
20676,0.04336637964251555
20677,0.14289140358669927
20678,0.05352294270737701
20679,0.08643447933774706
20680,0.41914695979401595
20681,0.09263149596123144
20682,0.14585740731589059
20683,0.1051774771728281
20684,0.1141863621982756
20685,0.09283962050551153
20686,0.06552479671843403
20687,0.06552479671843403
20688,0.02892696040367637
20689,0.13465583308580553
20690,0.00843803140156385
20691,0.045658930389935404
20692,0.06552479671843403
20693,0.06499057454748713
20694,0.045658930389935404
20695,0.06552479671843403
20696,0.3660563920294222
20697,0.06552479671843403
20698,0.3926208863544093
20699,0.06552479671843403
20700,0.09245266884838188
20701,0.2626294758988593
20702,0.0670640351901407
20703,0.08837190538873507
20704,0.06533109178873209
20705,0.07768391600667313
20706,0.3096460199789989
20707,0.07556511571323188
20708,0.13146359532965202
20709,0.06501330179399789
20710,0.06501330179399789
20711,0.08593567028273619
20712,0.043512096046724236
20713,0.04058641552139075
20714,0.23447256264807181
20715,0.5053292025550498
20716,0.062051378521587264
20717,0.08958380557897005
20718,0.14705633775682003
20719,0.09297968308357574
20720,0.09668959776942132
20721,0.16251075140162252
20722,0.13445728995098838
20723,0.22118698656962077
20724,0.08015252809859019
20725,0.08015252809859019
20726,0.2607106024310426
20727,0.05212544512738171
20728,0.17318509111313374
20729,0.05376805710338528
20730,0.06445043232226322
20731,0.054733072946695716
20732,0.12325349506896555
20733,0.04946330686677447
20734,0.07137627382869038
20735,0.06727877598191112
20736,0.4436069113922102
20737,0.17024612843685405
20738,0.1507096643292536
20739,0.10293569166678185
20740,0.06073511182444835
20741,0.10640295975663838
20742,0.11920829452951953
20743,0.19363880989255966
20744,0.025428460418719934
20745,0.06452634121558243
20746,0.36743879549561986
20747,0.18214614721065714
20748,0.08528451621653632
20749,0.09021735339400161
20750,0.1915201348473503
20751,0.17994819845371346
20752,0.08823304847684332
20753,0.07944647475994426
20754,0.12626389238417124
20755,0.03524690635386152
20756,0.11450912857629048
20757,0.12265032825773714
20758,0.0912204009261417
20759,0.039613767759869356
20760,0.03850750289607485
20761,0.06355097556419487
20762,0.08822315772565337
20763,0.052631671190843
20764,0.2508863665769244
20765,0.18472640652674244
20766,0.2640932224054606
20767,0.05254922212035751
20768,0.04379140913080115
20769,0.05753316810193543
20770,0.03657576169057797
20771,0.07444642257808809
20772,0.3744296697403342
20773,0.19164252145685068
20774,0.10858145706168842
20775,0.05083634352927191
20776,0.1466344408549678
20777,0.04950611324744192
20778,0.17899298956799503
20779,0.06281570516619928
20780,0.02884675247479007
20781,0.3188837497091914
20782,0.41917618267945156
20783,0.0509230151066532
20784,0.1706780199983584
20785,0.1706780199983584
20786,0.0622525625067194
20787,0.052401100054484506
20788,0.15604308721873628
20789,0.08961585479778844
20790,0.1251185347678031
20791,0.06702796214096118
20792,0.06702796214096118
20793,0.04402974898917622
20794,0.06070484419467059
20795,0.23144370497070021
20796,0.14126477331572895
20797,0.11198468990071364
20798,0.25656944544538884
20799,0.08659991987140414
20800,0.2192094356945662
20801,0.20028880541548544
20802,0.21788310033699687
20803,0.0498032383455127
20804,0.08653484785798138
20805,0.05305066175528983
20806,0.14206917143279907
20807,0.12044282521086258
20808,0.11269092798315661
20809,0.12604601033047735
20810,0.08955442203852382
20811,0.18219646501564712
20812,0.5431623289792729
20813,0.07405140384188924
20814,0.15081987280601006
20815,0.06037948681659211
20816,0.09176580782505217
20817,0.12938981186490583
20818,0.28354660714830326
20819,0.07348720162188904
20820,0.09806556295015001
20821,0.07827679696678103
20822,0.061310099389849104
20823,0.06810682047012406
20824,0.07827679696678103
20825,0.061310099389849104
20826,0.061310099389849104
20827,0.061310099389849104
20828,0.07827679696678103
20829,0.07728461764001537
20830,0.07827679696678103
20831,0.07827679696678103
20832,0.07827679696678103
20833,0.07827679696678103
20834,0.07827679696678103
20835,0.07827679696678103
20836,0.07827679696678103
20837,0.07827679696678103
20838,0.07827679696678103
20839,0.07827679696678103
20840,0.07728461764001537
20841,0.07827679696678103
20842,0.07597602183109209
20843,0.07827679696678103
20844,0.07827679696678103
20845,0.07827679696678103
20846,0.07827679696678103
20847,0.07827679696678103
20848,0.061310099389849104
20849,0.061310099389849104
20850,0.0326407390456509
20851,0.0326407390456509
20852,0.20414663016929724
20853,0.07827679696678103
20854,0.07728461764001537
20855,0.0326407390456509
20856,0.05307961016605556
20857,0.09284502681024687
20858,0.26385113081161093
20859,0.039321635431477375
20860,0.05515353186288241
20861,0.05515353186288241
20862,0.05845895594402872
20863,0.04907933658975183
20864,0.0670414942184201
20865,0.032739530833169495
20866,0.1575350097391346
20867,0.04892564108831898
20868,0.09284502681024687
20869,0.050258640713676694
20870,0.05703952063751405
20871,0.07051327738167945
20872,0.03919299964698575
20873,0.09284502681024687
20874,0.04892564108831898
20875,0.12588733977262878
20876,0.05688129436033562
20877,0.21135120035248267
20878,0.15573541245850453
20879,0.1033688273461576
20880,0.057781710364536165
20881,0.041022756716357245
20882,0.041022756716357245
20883,0.06252936660305142
20884,0.11742539843538324
20885,0.082002653529896
20886,0.08061060098446271
20887,0.0385681714152476
20888,0.15739536330716153
20889,0.12445064280632068
20890,0.06558407074904027
20891,0.06558407074904027
20892,0.010755675714262725
20893,0.04884229200579193
20894,0.06558407074904027
20895,0.14898230400041246
20896,0.09008400078627221
20897,0.0794480942075324
20898,0.06308083724371216
20899,0.09182606441681562
20900,0.1521995190198997
20901,0.13727307265572208
20902,0.043617192121879755
20903,0.08971347021861342
20904,0.198153445499204
20905,0.0880182230102361
20906,0.0805370697998875
20907,0.05207750534856315
20908,0.06848456840819062
20909,0.0503892394915062
20910,0.12608040762596273
20911,0.05967857140641919
20912,0.12035308151844226
20913,0.06643431681457401
20914,0.026777366069508868
20915,0.1284672326903722
20916,0.09835396928722528
20917,0.08553777913459493
20918,0.08553777913459493
20919,0.09140624002983522
20920,0.060489706435597146
20921,0.16347033795441668
20922,0.11270978318356462
20923,0.06180299950809054
20924,0.1304971532179926
20925,0.6262440820537549
20926,0.05723057484846461
20927,0.043392282221529466
20928,0.09714995439893337
20929,0.03171530930767685
20930,0.04050154721613419
20931,0.11917535395479595
20932,0.015610288739734135
20933,0.07500049152484167
20934,0.03610593204912638
20935,0.0630242271779361
20936,0.07422922440182567
20937,0.07569775536875656
20938,0.05391914415674848
20939,0.030810608509970083
20940,0.10468964274252301
20941,0.0626457531661394
20942,0.11724927217569936
20943,0.03506320773746219
20944,0.2962724319108383
20945,0.13707073475115428
20946,0.13707073475115428
20947,0.32120779472663774
20948,0.13707073475115428
20949,0.05381379151900634
20950,0.060975509092424995
20951,0.10693704250768166
20952,0.07483752562947465
20953,0.18656509627094864
20954,0.04746697766491015
20955,0.08111768894953164
20956,0.37160965610089636
20957,0.03338561102647997
20958,0.07842078568884825
20959,0.04321468263131323
20960,0.035203611674747615
20961,0.07153186996157579
20962,0.06082589839813146
20963,0.06082589839813146
20964,0.04685610710313193
20965,0.10811517156579842
20966,0.08244661221470884
20967,0.028228314905533458
20968,0.07925228250076288
20969,0.11847157037905398
20970,0.04438639219492069
20971,0.04438639219492069
20972,0.04550707304960111
20973,0.03630932473561155
20974,0.23744160540867576
20975,0.07029827264029387
20976,0.0690509443082239
20977,0.08374589709049662
20978,0.4051352522567495
20979,0.1181552464371578
20980,0.09944487914124467
20981,0.07958947385910675
20982,0.10814504249389867
20983,0.0955750583970767
20984,0.06521658537248398
20985,0.06521658537248398
20986,0.12624408114402397
20987,0.09203026996236285
20988,0.04118035366785766
20989,0.06893529115948427
20990,0.03601138630735612
20991,0.09674949740889671
20992,0.030726730753343423
20993,0.2928710755271824
20994,0.06521658537248398
20995,0.06787081977664933
20996,0.08604982981678577
20997,0.051635765299921865
20998,0.13935057652002059
20999,0.07181766994036276
21000,0.08174322382748556
21001,0.04560106030501132
21002,0.10700582928743163
21003,0.05242970551940729
21004,0.12412150916511355
21005,0.19302718362545757
21006,0.13141384471633677
21007,0.03609799569023253
21008,0.2624530602371088
21009,0.215852031988792
21010,0.1501021182368839
21011,0.0697896970078935
21012,0.12476115682813538
21013,0.06521658537248398
21014,0.04862318298310442
21015,0.20508162341472302
21016,0.0973587128648864
21017,0.2041341718725025
21018,0.06433651639235283
21019,0.04243260201792087
21020,0.3096216389979072
21021,0.22653374327856823
21022,0.3729312459288444
21023,0.09303923715142626
21024,0.16148598299992034
21025,0.06485577518602093
21026,0.13079813109513672
21027,0.19056184944857046
21028,0.09233389984241835
21029,0.04390591782843756
21030,0.03293402887390895
21031,0.0619310020771604
21032,0.029572358438687663
21033,0.19668111260119447
21034,0.04337519445083382
21035,0.045692850036979316
21036,0.04337519445083382
21037,0.045692850036979316
21038,0.04337519445083382
21039,0.2444061038441504
21040,0.04337519445083382
21041,0.04337519445083382
21042,0.04337519445083382
21043,0.04337519445083382
21044,0.04337519445083382
21045,0.12449198477647128
21046,0.04337519445083382
21047,0.04337519445083382
21048,0.40531924888764426
21049,0.1033588183137285
21050,0.25602492061133053
21051,0.04337519445083382
21052,0.04337519445083382
21053,0.04337519445083382
21054,0.04337519445083382
21055,0.04337519445083382
21056,0.04337519445083382
21057,0.04337519445083382
21058,0.07359746528541544
21059,0.04337519445083382
21060,0.04337519445083382
21061,0.04337519445083382
21062,0.04337519445083382
21063,0.09473538271352944
21064,0.045692850036979316
21065,0.045692850036979316
21066,0.04876259827323648
21067,0.008971458970131296
21068,0.09943420174106232
21069,0.5662468697787632
21070,0.0259558485532414
21071,0.15275440914813132
21072,0.0638996382833148
21073,0.0895007347925354
21074,0.04364077387478649
21075,0.04364077387478649
21076,0.04364077387478649
21077,0.04364077387478649
21078,0.2478485268941082
21079,0.25580037242442744
21080,0.035446101647992556
21081,0.10568126824764867
21082,0.064093895179679
21083,0.050525052114326785
21084,0.04364077387478649
21085,0.053051822714461294
21086,0.09223935689763152
21087,0.07754978634768728
21088,0.21428161715171978
21089,0.0644779773169385
21090,0.11510350850031525
21091,0.04538359154538607
21092,0.04296838082242915
21093,0.04237737169793776
21094,0.10386148787310323
21095,0.08965034093147783
21096,0.1036264555100399
21097,0.09548139275451539
21098,0.08185016808350642
21099,0.04322098425730525
21100,0.05083327807192917
21101,0.3812525859766269
21102,0.05094861015011409
21103,0.045249193833223456
21104,0.03003312156040361
21105,0.06339817280245696
21106,0.03098667959880641
21107,0.2322134537238454
21108,0.0408597159477081
21109,0.03190462896522428
21110,0.04706254737882143
21111,0.044755417439746314
21112,0.043146542298707624
21113,0.32812687332160007
21114,0.03854578330796077
21115,0.04305737355798356
21116,0.07451384643514247
21117,0.043181891486215096
21118,0.3619151880708569
21119,0.054473473618107504
21120,0.042887338425596666
21121,0.09481771040084852
21122,0.11448800750706012
21123,0.24618686125032052
21124,0.13121876620954043
21125,0.043121615732027996
21126,0.07451384643514247
21127,0.1152082861406779
21128,0.2210879083383972
21129,0.06493724483254903
21130,0.06518874684162657
21131,0.4354170873297073
21132,0.14896239299965297
21133,0.26934514686908007
21134,0.11618785554546107
21135,0.04712841239301491
21136,0.04712841239301491
21137,0.03302825340862159
21138,0.09021058130987769
21139,0.04712841239301491
21140,0.03312003696506738
21141,0.03248031063142187
21142,0.4381563855866826
21143,0.03230554402436747
21144,0.2643881333310397
21145,0.04573492131000423
21146,0.030645839734301794
21147,0.031635154644848784
21148,0.17911724153143482
21149,0.10939701720403927
21150,0.029344512268656642
21151,0.013342162540641134
21152,0.08229632345259819
21153,0.05813710253694737
21154,0.12187763753768222
21155,0.07801635035997534
21156,0.21791952445836782
21157,0.04947301390439418
21158,0.09523031356822531
21159,0.08332745619795612
21160,0.20336353468939572
21161,0.12872716697590647
21162,0.5146024466237444
21163,0.04132939802269198
21164,0.1319300835384467
21165,0.032134372768348296
21166,0.08305030457108586
21167,0.03758205355485633
21168,0.06960838152299254
21169,0.04133446491627446
21170,0.5129151479605638
21171,0.1535629030454656
21172,0.3295069063131467
21173,0.058372017395954545
21174,0.11190070111737005
21175,0.11483038579471005
21176,0.10401383988271062
21177,0.07606789195443608
21178,0.11534734955275416
21179,0.08215296323224386
21180,0.04903199480195741
21181,0.1484612397196966
21182,0.07089160190331623
21183,0.17443345766073048
21184,0.08603016470551472
21185,0.04833394690747683
21186,0.17556462376033988
21187,0.10565981927903689
21188,0.1319384270650631
21189,0.05923633384956506
21190,0.027742250143081404
21191,0.06639068997640296
21192,0.1774283270176844
21193,0.0725007864462146
21194,0.10574939891103574
21195,0.11955405828445209
21196,0.10601102471287516
21197,0.06784940291700303
21198,0.08131292831004955
21199,0.06036245391806716
21200,0.10601102471287516
21201,0.05245604092529221
21202,0.0919004427688962
21203,0.07680325608458394
21204,0.026591767220026208
21205,0.1591144920782266
21206,0.14141166225195667
21207,0.10262987578822469
21208,0.08347971882670402
21209,0.13278670154246552
21210,0.026685196300524683
21211,0.04590940832911328
21212,0.03371400491243881
21213,0.057451370471209406
21214,0.07729241431390821
21215,0.02894739688333392
21216,0.13741200668671016
21217,0.0726328567375848
21218,0.11193835539303931
21219,0.030624138569423698
21220,0.03788420376217749
21221,0.1898763641997272
21222,0.1023611811494648
21223,0.03738583953508445
21224,0.05507605817445427
21225,0.07994612381541122
21226,0.14078138085623992
21227,0.15278436863507272
21228,0.07496236137967893
21229,0.20229527784767043
21230,0.07798864448967324
21231,0.11869026547362471
21232,0.3409572304614731
21233,0.10511246143424735
21234,0.19039114753878228
21235,0.33099274147140334
21236,0.06261170025253016
21237,0.2948617303986738
21238,0.04819075280368823
21239,0.0700035329589378
21240,0.048615551423041414
21241,0.08322721225097907
21242,0.18764297772056748
21243,0.007526510239191153
21244,0.010805011501498929
21245,0.0700035329589378
21246,0.0700035329589378
21247,0.05881222928654106
21248,0.05881222928654106
21249,0.0700035329589378
21250,0.05881222928654106
21251,0.0700035329589378
21252,0.03257974769982652
21253,0.04907204969324763
21254,0.0700035329589378
21255,0.0700035329589378
21256,0.0700035329589378
21257,0.048615551423041414
21258,0.0700035329589378
21259,0.0700035329589378
21260,0.048615551423041414
21261,0.0700035329589378
21262,0.0700035329589378
21263,0.06161476966577273
21264,0.0700035329589378
21265,0.025983192207769013
21266,0.09535517582837261
21267,0.12851507206864543
21268,0.0700035329589378
21269,0.0338352607597876
21270,0.07173538684708847
21271,0.22787829851726216
21272,0.0700035329589378
21273,0.0700035329589378
21274,0.0700035329589378
21275,0.048653393803097966
21276,0.05025437505933561
21277,0.08268494676804361
21278,0.030498064243473788
21279,0.06605168477761991
21280,0.08975136690955787
21281,0.044540243360527865
21282,0.045550026866949755
21283,0.06605168477761991
21284,0.06217393540972904
21285,0.14314745180880206
21286,0.04258953098226803
21287,0.08536511772308963
21288,0.04258953098226803
21289,0.050795126222675346
21290,0.08372777188858305
21291,0.09881583509159708
21292,0.19193158602697047
21293,0.15319291191776496
21294,0.11308136567170379
21295,0.04408970067409557
21296,0.057569358511470714
21297,0.028837553188914566
21298,0.08795522936910305
21299,0.11348442434131434
21300,0.06453934740514677
21301,0.2079615656242223
21302,0.14328406592677845
21303,0.05550633495341295
21304,0.2818821043159362
21305,0.05831520428051706
21306,0.097410625725188
21307,0.35787750707607013
21308,0.045557491804787076
21309,0.1493272239522072
21310,0.1432442907280017
21311,0.1376274292438987
21312,0.11651601508807452
21313,0.03537010832948129
21314,0.05650529752921907
21315,0.047032275985251726
21316,0.049439135676797696
21317,0.10513495714606069
21318,0.11159085842719285
21319,0.09160960613357694
21320,0.5719243052096213
21321,0.03489418238319586
21322,0.0649097230703981
21323,0.09160960613357694
21324,0.07917360475092017
21325,0.03493060460591235
21326,0.3426430206296145
21327,0.09187338519908783
21328,0.22016645105970634
21329,0.199642829904369
21330,0.030629212620151725
21331,0.0537954171536299
21332,0.08914511262754099
21333,0.3391275670019883
21334,0.31297485455419904
21335,0.21797900463665065
21336,0.08806996425363811
21337,0.09145998858017457
21338,0.05263752129350496
21339,0.33820366507667965
21340,0.04663131323708203
21341,0.03564262582613975
21342,0.13452404997259315
21343,0.5429269546990362
21344,0.06272315288842989
21345,0.07788195434733491
21346,0.05909072692331463
21347,0.0424341670516275
21348,0.14400171425500385
21349,0.05787411803025866
21350,0.13024943579635684
21351,0.41083159023819327
21352,0.12191720382771132
21353,0.039838792185146965
21354,0.12564820025414558
21355,0.05871172485931375
21356,0.08192062794428823
21357,0.04206808438525311
21358,0.5368057563212977
21359,0.19745475024021997
21360,0.1117609078729005
21361,0.0929188976138362
21362,0.05260802280619303
21363,0.11548667188073403
21364,0.03438871416237266
21365,0.043539096403611754
21366,0.21665675319379873
21367,0.14684468046266697
21368,0.05998260293969937
21369,0.17641601420483288
21370,0.12643119092336919
21371,0.04406807108131838
21372,0.062063551381015825
21373,0.04659248856779552
21374,0.15387738150372177
21375,0.08567967630386841
21376,0.041930726010963815
21377,0.0623578556262242
21378,0.3714472789598371
21379,0.0518330159084438
21380,0.06336663586103675
21381,0.10623829528444273
21382,0.5423837482931475
21383,0.14049970898718855
21384,0.0380019952073688
21385,0.12316473222832525
21386,0.06661558164940617
21387,0.027679754056265216
21388,0.07851657756208397
21389,0.21790165804325912
21390,0.033196462122041304
21391,0.047198046680478
21392,0.07514139651548768
21393,0.05555101285335684
21394,0.1373939853038405
21395,0.07306365411843796
21396,0.038246785150813145
21397,0.08131021829442453
21398,0.12049222826536643
21399,0.3354559735116275
21400,0.18632599407740402
21401,0.04106004927591689
21402,0.044809504028657354
21403,0.18884082974756156
21404,0.25545755069310794
21405,0.11349944566753833
21406,0.07504129341594001
21407,0.04578254233843837
21408,0.040445043254529356
21409,0.02652668280329129
21410,0.028782176136792348
21411,0.029328061914321912
21412,0.22364542708230584
21413,0.12412235265908667
21414,0.07272611635467652
21415,0.10574939891103574
21416,0.1030987503487445
21417,0.11799643536685145
21418,0.09281256055873066
21419,0.03326830553818827
21420,0.10342551221018026
21421,0.17262089335855513
21422,0.12731390118213515
21423,0.07320800046083131
21424,0.16082183182845056
21425,0.05846165507937573
21426,0.3894901431067128
21427,0.04443701123019428
21428,0.05116690270193913
21429,0.05116690270193913
21430,0.01513683023303003
21431,0.16128863126129755
21432,0.2972833667860467
21433,0.05116690270193913
21434,0.07359050649012411
21435,0.034219451680485236
21436,0.09146170753880045
21437,0.05116690270193913
21438,0.06480185493083823
21439,0.05116690270193913
21440,0.05116690270193913
21441,0.12983310540452386
21442,0.07359050649012411
21443,0.07359050649012411
21444,0.06480185493083823
21445,0.05116690270193913
21446,0.05116690270193913
21447,0.07359050649012411
21448,0.08571865485232999
21449,0.05068279323387248
21450,0.08615847431503909
21451,0.07359050649012411
21452,0.05116690270193913
21453,0.05116690270193913
21454,0.05116690270193913
21455,0.07359050649012411
21456,0.06721500396855806
21457,0.08303690313238199
21458,0.3674509344302693
21459,0.20257590550073767
21460,0.2638498163873798
21461,0.1535577378701236
21462,0.05116690270193913
21463,0.05642893703905716
21464,0.03601518302745055
21465,0.12248064570865269
21466,0.02951023722982349
21467,0.03291129494127354
21468,0.04759192981124649
21469,0.1852465007318137
21470,0.040433714249446195
21471,0.07244328027960978
21472,0.057964119844274964
21473,0.0872235121815883
21474,0.09466579468655756
21475,0.1453547102331303
21476,0.19310650589529743
21477,0.36595281482487196
21478,0.07541806846393906
21479,0.06740735694899835
21480,0.11173382799840648
21481,0.06084719931019278
21482,0.15572975235544273
21483,0.04211193513287137
21484,0.09673483267410532
21485,0.09753342151566691
21486,0.07391494587680514
21487,0.09159636102987967
21488,0.079266378134579707
21489,0.04776759864790536
21490,0.12073977633895971
21491,0.0883801821323772
21492,0.19502480448550996
21493,0.08418001925638041
21494,0.10243039238524165
21495,0.1411304306576454
21496,0.07392904199782457
21497,0.15232826425991053
21498,0.17500163733163465
21499,0.06329037598140597
21500,0.07303762904588473
21501,0.15232826425991053
21502,0.06016732171868677
21503,0.1619015380976896
21504,0.11661337527743176
21505,0.050551638115443276
21506,0.26946692527019733
21507,0.03149706277886466
21508,0.22815324146537996
21509,0.14451262019782474
21510,0.13322942051477737
21511,0.31093999402260253
21512,0.19756587458749075
21513,0.07320428726503347
21514,0.11515012304981176
21515,0.07211396769822542
21516,0.24209682842554536
21517,0.1280140161708634
21518,0.13623309112020254
21519,0.0363203713308351
21520,0.031307729116545446
21521,0.2738791847544042
21522,0.03551857320391638
21523,0.10060860300382612
21524,0.3182103531488071
21525,0.19487163274387487
21526,0.17591146779208766
21527,0.270630001502832
21528,0.17536126023632925
21529,0.2021598056826307
21530,0.05280560155593472
21531,0.026615461365435134
21532,0.061707507349822555
21533,0.07367874432178823
21534,0.11141317114715199
21535,0.14069617228487186
21536,0.11921893633711211
21537,0.11921893633711211
21538,0.04103831410902359
21539,0.06760286012367422
21540,0.0585336143459112
21541,0.072016441628168
21542,0.0585336143459112
21543,0.0671451775328098
21544,0.030535816495829815
21545,0.04103831410902359
21546,0.055748289430798015
21547,0.04429227560853666
21548,0.3244071185520865
21549,0.07397732816255498
21550,0.02856177360562262
21551,0.13429278180143822
21552,0.04209966285849598
21553,0.029826610886458105
21554,0.04382834067832708
21555,0.10373986626135179
21556,0.10057726823728252
21557,0.08070670717403305
21558,0.07027179560718977
21559,0.07112280886540112
21560,0.12794435290069128
21561,0.05244706028938417
21562,0.24264975349769402
21563,0.12813829455546577
21564,0.023341370057195387
21565,0.19783419113326506
21566,0.060332913747763284
21567,0.04655331377985217
21568,0.06264657234594173
21569,0.11188729321908952
21570,0.1299095982111842
21571,0.11407836112702396
21572,0.09976528698123377
21573,0.08658858617521425
21574,0.06264657234594173
21575,0.14616402563669195
21576,0.12909864148003536
21577,0.064474386544905
21578,0.041974887470731526
21579,0.394927272967199
21580,0.04815797086939666
21581,0.04870911585636295
21582,0.1493681183082729
21583,0.04205431186945163
21584,0.1250468916489097
21585,0.062234728414801266
21586,0.12949760040602531
21587,0.20974230260128734
21588,0.14412191904593374
21589,0.16870522829255385
21590,0.16219318023258278
21591,0.06673799685186643
21592,0.030431634552242404
21593,0.04150614544270148
21594,0.043039634938818905
21595,0.06508490805761968
21596,0.09006325304194907
21597,0.06508490805761968
21598,0.025400895787744404
21599,0.1511173050138661
21600,0.09065477390914078
21601,0.09205363437579916
21602,0.05688532575386529
21603,0.06508490805761968
21604,0.19740979952855886
21605,0.052587475127655936
21606,0.04212898795781461
21607,0.28213820767823183
21608,0.18707040767932248
21609,0.02990452330278759
21610,0.06648459465117817
21611,0.06508490805761968
21612,0.06386353643066223
21613,0.03970822417646391
21614,0.35115276771855186
21615,0.2151428098064999
21616,0.06455045694524775
21617,0.07825879436461936
21618,0.04451630029086717
21619,0.08479201982538609
21620,0.06191712215403744
21621,0.036908673583803675
21622,0.12604235634464878
21623,0.06513311223911766
21624,0.11416914373216536
21625,0.11975216664088029
21626,0.11744944431669169
21627,0.0914617514655135
21628,0.15209410185694283
21629,0.09146836614680354
21630,0.02068775554845037
21631,0.12843670398396412
21632,0.12843670398396412
21633,0.12843670398396412
21634,0.12843670398396412
21635,0.12843670398396412
21636,0.12843670398396412
21637,0.12843670398396412
21638,0.16850129958079896
21639,0.13653732670719965
21640,0.19648799028727926
21641,0.04155822058843195
21642,0.21747244700729784
21643,0.0829122032923697
21644,0.05083030431601743
21645,0.2425230373652424
21646,0.20608731421614057
21647,0.06767574408701027
21648,0.14090481271020916
21649,0.22883545842619557
21650,0.2880739781285112
21651,0.10312255920919788
21652,0.06439308933662535
21653,0.07715677110596675
21654,0.32026816673011216
21655,0.039441512255968036
21656,0.2030627313896034
21657,0.08987371669163613
21658,0.1254017295406702
21659,0.09726931099399383
21660,0.22735947261195522
21661,0.15618096217972854
21662,0.1043471167405352
21663,0.023750762410449378
21664,0.07185669058783173
21665,0.10784481531959011
21666,0.13784736265212638
21667,0.5862047225444885
21668,0.4591165940546773
21669,0.184615049449123
21670,0.07689675946644547
21671,0.2825779924421603
21672,0.030992367728453374
21673,0.25343743648147987
21674,0.07349544879708203
21675,0.08087060424443127
21676,0.13118699135177514
21677,0.3137512308366829
21678,0.10549498190145634
21679,0.2435467570424007
21680,0.05417628683055753
21681,0.06102548028374477
21682,0.3286432499361984
21683,0.3286432499361984
21684,0.3122380698940683
21685,0.027947080311432337
21686,0.4455067495797421
21687,0.04910952158657056
21688,0.0386795434142202
21689,0.0531739778210919
21690,0.0380019952073688
21691,0.0663778953453914
21692,0.4319490317862986
21693,0.20770310282332116
21694,0.04424001972213665
21695,0.09898593785455534
21696,0.09898593785455534
21697,0.07831959987545978
21698,0.1265042131309707
21699,0.09759539329465639
21700,0.3506192388574241
21701,0.07780537766684292
21702,0.07162527995038859
21703,0.046069366722196636
21704,0.14617447935932104
21705,0.13479340556635244
21706,0.05540125337371504
21707,0.08206884741483322
21708,0.09745253580434798
21709,0.06844146882435298
21710,0.035643034423753606
21711,0.14589718606262447
21712,0.05893636095644006
21713,0.08498184617704163
21714,0.045258068373469906
21715,0.16312406330995866
21716,0.10856725709988091
21717,0.06401413738387407
21718,0.09629690377864286
21719,0.11741291378952556
21720,0.09676770994176542
21721,0.210814157955029
21722,0.15038402667855277
21723,0.11509356012527783
21724,0.036317924629366116
21725,0.03018305158462653
21726,0.06170349889807769
21727,0.10860213477827685
21728,0.32708266256756613
21729,0.007480120428853709
21730,0.06863027487772999
21731,0.3052364875972281
21732,0.24283917790573606
21733,0.11906703630461257
21734,0.17862859925262664
21735,0.08550091257426895
21736,0.04816053755221339
21737,0.48380284149297303
21738,0.16981799319093382
21739,0.07828508013431679
21740,0.09606771288358307
21741,0.0422503419644098
21742,0.0422503419644098
21743,0.16727297119723306
21744,0.17954719835186772
21745,0.24283917790573606
21746,0.06729078636329178
21747,0.05913133181410546
21748,0.08676022075212242
21749,0.04177936883547284
21750,0.059255280565259416
21751,0.084936182543915
21752,0.20204523152778875
21753,0.15911201530451569
21754,0.10361371165444955
21755,0.18960370436899987
21756,0.1457385281248993
21757,0.26104151454113755
21758,0.09739834470123976
21759,0.21871622343902242
21760,0.1552379106519447
21761,0.08665262815361985
21762,0.06067837732055603
21763,0.08842998044145434
21764,0.09832902981859681
21765,0.20726374715518248
21766,0.06328024447259761
21767,0.028193993859027766
21768,0.058256237608456773
21769,0.21840390220302308
21770,0.058256237608456773
21771,0.06728557792687195
21772,0.058256237608456773
21773,0.058256237608456773
21774,0.009612799859132437
21775,0.13025252126284947
21776,0.060766511048764515
21777,0.12550643910374848
21778,0.3592516855770965
21779,0.09049453654473838
21780,0.3108145919127161
21781,0.1547464463905276
21782,0.026508079602285406
21783,0.1339095532387452
21784,0.03054456819107132
21785,0.1203877840479548
21786,0.19713862593860842
21787,0.18925656163530746
21788,0.40895153512897553
21789,0.15794841366577672
21790,0.15835496073937405
21791,0.28669001075021916
21792,0.017524363093472606
21793,0.08041024576496758
21794,0.28281943851244484
21795,0.06067456023636775
21796,0.13361407246187007
21797,0.38713868932066764
21798,0.2613034725192296
21799,0.39566828254884046
21800,0.28053056016039435
21801,0.15693335075304593
21802,0.04509566750315852
21803,0.15733376316904268
21804,0.026475315971721924
21805,0.0719612934535766
21806,0.1061347344183875
21807,0.14643259754947657
21808,0.1968188459580793
21809,0.007480120428853709
21810,0.04742349213724473
21811,0.06279127159577591
21812,0.027835617980339844
21813,0.31269171668259577
21814,0.134028741178697
21815,0.134028741178697
21816,0.06583844058554533
21817,0.10478480411181501
21818,0.06919206302803915
21819,0.1617389964502267
21820,0.16369018621655596
21821,0.1295862170913824
21822,0.1176110582463592
21823,0.1909092529306644
21824,0.10464266984349468
21825,0.08164934122319367
21826,0.05214140102373532
21827,0.06430002577155036
21828,0.2116128717196356
21829,0.048783323466877415
21830,0.044485657476053375
21831,0.06430002577155036
21832,0.2980458536615054
21833,0.06430002577155036
21834,0.3021439236973793
21835,0.32302427368643116
21836,0.38838047384550456
21837,0.6252972676997923
21838,0.12406469098946149
21839,0.05221919658392371
21840,0.16918785166834616
21841,0.11865800143877825
21842,0.02341108160713179
21843,0.647234915337844
21844,0.28204559397021645
21845,0.07220402738554144
21846,0.0814241227355833
21847,0.1382916075983388
21848,0.04971107173409428
21849,0.2119342962579872
21850,0.08609548800194977
21851,0.19328135480614717
21852,0.0997482875989043
21853,0.05434653545020929
21854,0.0572080227804207
21855,0.08677003585011078
21856,0.08843205567851387
21857,0.047178672000292465
21858,0.08645781868252256
21859,0.023956425144257887
21860,0.026442942131162273
21861,0.05534902286120047
21862,0.21060486396767553
21863,0.32650225768507346
21864,0.06796059663605225
21865,0.06796059663605225
21866,0.06796059663605225
21867,0.08957822232015833
21868,0.14545377163936402
21869,0.20155534266369135
21870,0.4071836711140132
21871,0.32650225768507346
21872,0.45096858761994574
21873,0.10232493676224697
21874,0.12009373379888555
21875,0.06752497719917883
21876,0.20947556789087884
21877,0.254746075724523
21878,0.3355279801193133
21879,0.3096381098921668
21880,0.12167213864711557
21881,0.15637959416243674
21882,0.14318315950396177
21883,0.06695003864292737
21884,0.21757308688534716
21885,0.04020743443538222
21886,0.028013833929915744
21887,0.28490467637813865
21888,0.06342992081433074
21889,0.04909483142950788
21890,0.34196907697684875
21891,0.1288174024387181
21892,0.05639671748734609
21893,0.16926763704373748
21894,0.04857641404829549
21895,0.12083378549034618
21896,0.10300802843669832
21897,0.11034373715757839
21898,0.04272453595925052
21899,0.23549293558483642
21900,0.47889384181833095
21901,0.28453198642812005
21902,0.07813170415500736
21903,0.4674087701922678
21904,0.06014280967820629
21905,0.04595482682076368
21906,0.2364654915251534
21907,0.4501719942195743
21908,0.09135777658809152
21909,0.3186311924732398
21910,0.04272453595925052
21911,0.044825302760260644
21912,0.1259228880785901
21913,0.11112067260479364
21914,0.2646521881151628
21915,0.11874130242307845
21916,0.24149143982073418
21917,0.05474038152104155
21918,0.04522064486181032
21919,0.06101117785808563
21920,0.121834209483063
21921,0.10733884702238383
21922,0.18765840482290208
21923,0.17386522404360205
21924,0.039178339427249576
21925,0.08697708211799426
21926,0.141563728547774
21927,0.18231867955179115
21928,0.19202308952656078
21929,0.043469473249607815
21930,0.23507338746592454
21931,0.16394703800740507
21932,0.25277570647800296
21933,0.42789480525409695
21934,0.036618243649546245
21935,0.046028243345908604
21936,0.06069818271026706
21937,0.21142160973105606
21938,0.12471615280664583
21939,0.06798699022306032
21940,0.16986749278087931
21941,0.04427199064130516
21942,0.11764845784315903
21943,0.1345646775372079
21944,0.19039800633103376
21945,0.16180695317114635
21946,0.15318017651798232
21947,0.23102690762467926
21948,0.07788221957106134
21949,0.2580313795709074
21950,0.027806880990728366
21951,0.04956187160997039
21952,0.03794163039956655
21953,0.034956717824528694
21954,0.024979617626988082
21955,0.07778274521844797
21956,0.2569405208275365
21957,0.013920392437497209
21958,0.02921847221121532
21959,0.20082555817315617
21960,0.29295027861743506
21961,0.09234402300422873
21962,0.04483803311627921
21963,0.09727465667963653
21964,0.06310849457136569
21965,0.45062359458681
21966,0.16651459283025372
21967,0.032318519473614526
21968,0.09492442837139137
21969,0.02846127141831034
21970,0.052709556423122694
21971,0.09065045737184052
21972,0.17511578389944982
21973,0.27516058773375085
21974,0.029136818000689457
21975,0.195091385104875
21976,0.11039822922361497
21977,0.10101097955599914
21978,0.06657852507163997
21979,0.045473410113593404
21980,0.06099226625647636
21981,0.1222000822895899
21982,0.019603563735183904
21983,0.1666474850638623
21984,0.12099051051272214
21985,0.05071955471889167
21986,0.1131085860955292
21987,0.13125720827205545
21988,0.041327222064381997
21989,0.059283036008776935
21990,0.11286859562419327
21991,0.19067993589341958
21992,0.4282965725698973
21993,0.09158117897715945
21994,0.04798454204641367
21995,0.058678233231488575
21996,0.09251742907075011
21997,0.0938807690014326
21998,0.09802578828816333
21999,0.35946516603454803
22000,0.06011194155482347
22001,0.08822315772565337
22002,0.08077790571263221
22003,0.0542415869860412
22004,0.059225711305140316
22005,0.10612481018872288
22006,0.09378675461371588
22007,0.12152549036404003
22008,0.10612481018872288
22009,0.16266058217051382
22010,0.11462121322183993
22011,0.08225606145986952
22012,0.13153564932975426
22013,0.025695676019216407
22014,0.16200221829668104
22015,0.17489993680110172
22016,0.1467745363278844
22017,0.02881460279713466
22018,0.07570413257265596
22019,0.16200221829668104
22020,0.20096863351501115
22021,0.16200221829668104
22022,0.1278830238953791
22023,0.060684502638052584
22024,0.17253604836415448
22025,0.06341169617952425
22026,0.22940315159906244
22027,0.0363406143510443
22028,0.12633270665979424
22029,0.04752241072323671
22030,0.079279384618277
22031,0.058630676543878546
22032,0.4079869030547819
22033,0.062195031248193366
22034,0.16051190022866013
22035,0.03573449857009514
22036,0.10143725937386883
22037,0.09832007521539576
22038,0.09077205288378698
22039,0.1980211047639322
22040,0.10474019108154142
22041,0.08885179418500089
22042,0.050588473143667656
22043,0.09566516512807322
22044,0.0874423421968139
22045,0.020752550643187484
22046,0.19983413945341466
22047,0.1629995098240098
22048,0.025612372842330977
22049,0.08634487020485626
22050,0.0874423421968139
22051,0.08634487020485626
22052,0.08634487020485626
22053,0.0874423421968139
22054,0.05591377549501253
22055,0.08634487020485626
22056,0.0874423421968139
22057,0.3806500371540641
22058,0.46476891587659386
22059,0.026184570761884518
22060,0.09832840216807415
22061,0.08634487020485626
22062,0.0874423421968139
22063,0.0874423421968139
22064,0.061109452007069964
22065,0.03341113462432477
22066,0.5437055521051026
22067,0.08634487020485626
22068,0.0874423421968139
22069,0.0874423421968139
22070,0.04943582549412617
22071,0.09477112196475723
22072,0.18556972326541477
22073,0.07767145801266162
22074,0.22619545611372838
22075,0.0874423421968139
22076,0.08302023719856866
22077,0.10378116408290283
22078,0.0768293462798213
22079,0.08190048977910813
22080,0.06853489551222547
22081,0.06290754612910976
22082,0.06223266943519157
22083,0.04633453191818071
22084,0.17471038596133692
22085,0.05443252927291842
22086,0.07821860412393133
22087,0.10176350837207615
22088,0.09694395752157914
22089,0.04943781417991766
22090,0.3163623825127817
22091,0.20554450601877317
22092,0.10378116408290283
22093,0.06855790170376219
22094,0.1607315174140872
22095,0.18226361294739768
22096,0.04796173786622293
22097,0.12974887503537702
22098,0.07839581864601164
22099,0.13741260436621194
22100,0.0744798968157816
22101,0.21198452175143623
22102,0.18318943859751002
22103,0.031432033582669106
22104,0.06399718088495654
22105,0.07531663637215225
22106,0.24629009944099312
22107,0.06399718088495654
22108,0.07729834515860212
22109,0.06399718088495654
22110,0.08212791245836759
22111,0.06399718088495654
22112,0.06399718088495654
22113,0.06399718088495654
22114,0.06399718088495654
22115,0.08932692605595227
22116,0.09164864237606407
22117,0.14651945830994473
22118,0.18318943859751002
22119,0.046880329174327606
22120,0.21115078253819286
22121,0.537896346392902
22122,0.17692299389709742
22123,0.1334592833112742
22124,0.23390747721079463
22125,0.1313737977507472
22126,0.07379006958045808
22127,0.0381948703592736
22128,0.17004671111821246
22129,0.13236555480603784
22130,0.03975758194660384
22131,0.04550771469490733
22132,0.17867784920610408
22133,0.06223266943519157
22134,0.06223266943519157
22135,0.06223266943519157
22136,0.06223266943519157
22137,0.08793493010177578
22138,0.06223266943519157
22139,0.055003354212804445
22140,0.06223266943519157
22141,0.2719943322668237
22142,0.24062793012711925
22143,0.06223266943519157
22144,0.06223266943519157
22145,0.1752965174560167
22146,0.12018460534234165
22147,0.06223266943519157
22148,0.06223266943519157
22149,0.08072341233979796
22150,0.06223266943519157
22151,0.06223266943519157
22152,0.13257385923829157
22153,0.06223266943519157
22154,0.1392897874869713
22155,0.16818183852574053
22156,0.18254740761177757
22157,0.34360571125511874
22158,0.06761620801260526
22159,0.0888752158165127
22160,0.4183438269097328
22161,0.02793116051269895
22162,0.17174790456005118
22163,0.15441482164357345
22164,0.09362410500705598
22165,0.12630240786833857
22166,0.1000850227379545
22167,0.14217421038761957
22168,0.07227895932993356
22169,0.1114367504899254
22170,0.10206099562465909
22171,0.08878504262078046
22172,0.352423580722356
22173,0.13197793055946183
22174,0.26182208809146634
22175,0.26182208809146634
22176,0.19580078341297713
22177,0.0418329826924293
22178,0.07112774106760811
22179,0.16161060903210345
22180,0.04977221437521395
22181,0.04964123781823904
22182,0.09991690311215362
22183,0.0538276534364035
22184,0.10946979202136864
22185,0.03302696756932777
