id,probs
1,0.048627350479364395
2,0.0935620367527008
3,0.15035200119018555
4,0.0935620367527008
5,0.03443104773759842
6,0.04038042947649956
7,0.05374109745025635
8,0.051454801112413406
9,0.1021524965763092
10,0.04565983638167381
11,0.02906077168881893
12,0.07819543778896332
13,0.048627350479364395
14,0.12351737171411514
15,0.08709496259689331
16,0.030889712274074554
17,0.07374173402786255
18,0.024345804005861282
19,0.019861480221152306
20,0.07927430421113968
21,0.06788652390241623
22,0.08374439179897308
23,0.052454039454460144
24,0.20179009437561035
25,0.024080801755189896
26,0.027898000553250313
27,0.022820385172963142
28,0.024960704147815704
29,0.008237442001700401
30,0.047967106103897095
31,0.047385431826114655
32,0.033602457493543625
33,0.04307074472308159
34,0.03995490446686745
35,0.062834233045578
36,0.03905107453465462
37,0.047705814242362976
38,0.07991901785135269
39,0.13866572082042694
40,0.07768948376178741
41,0.13408172130584717
42,0.07218785583972931
43,0.043277330696582794
44,0.04056574031710625
45,0.03017604723572731
46,0.05225270241498947
47,0.2513248324394226
48,0.05385352298617363
49,0.11693540215492249
50,0.13950951397418976
51,0.03421944007277489
52,0.05525936186313629
53,0.069969043135643
54,0.029140952974557877
55,0.03447180986404419
56,0.2735128104686737
57,0.24751727283000946
58,0.057845938950777054
59,0.09037000685930252
60,0.10987056791782379
61,0.052160121500492096
62,0.053668923676013947
63,0.047068700194358826
64,0.07221952825784683
65,0.12804469466209412
66,0.28254765272140503
67,0.18974097073078156
68,0.06559604406356812
69,0.08234167098999023
70,0.055148884654045105
71,0.18358632922172546
72,0.23292894661426544
73,0.03215483948588371
74,0.058526694774627686
75,0.07604016363620758
76,0.052633389830589294
77,0.06219751015305519
78,0.21754856407642365
79,0.11732859909534454
80,0.1722448617219925
81,0.2098970115184784
82,0.06297086179256439
83,0.06117532402276993
84,0.15435723960399628
85,0.10408909618854523
86,0.2470960021018982
87,0.04008322209119797
88,0.04008322209119797
89,0.22927141189575195
90,0.04008322209119797
91,0.051528945565223694
92,0.034823495894670486
93,0.051528945565223694
94,0.05251271650195122
95,0.1262161135673523
96,0.19133004546165466
97,0.1844450980424881
98,0.07086395472288132
99,0.05753833055496216
100,0.044718824326992035
101,0.23502770066261292
102,0.21322405338287354
103,0.2431885451078415
104,0.23824988305568695
105,0.113136425614357
106,0.1030023917555809
107,0.06847044825553894
108,0.05413832515478134
109,0.19039498269557953
110,0.06566838175058365
111,0.14037051796913147
112,0.09721620380878448
113,0.100223608314991
114,0.100223608314991
115,0.07393158972263336
116,0.08199762552976608
117,0.08036237955093384
118,0.12787213921546936
119,0.008084326051175594
120,0.23572343587875366
121,0.19704777002334595
122,0.2353607714176178
123,0.11740846931934357
124,0.19385473430156708
125,0.11708961427211761
126,0.09461261332035065
127,0.06879142671823502
128,0.14865663647651672
129,0.011038512922823429
130,0.12075535953044891
131,0.06312768906354904
132,0.3149176836013794
133,0.21641255915164948
134,0.040139686316251755
135,0.07336287200450897
136,0.006195470225065947
137,0.053384117782115936
138,0.09720908105373383
139,0.07055682688951492
140,0.19688022136688232
141,0.12058693915605545
142,0.07987057417631149
143,0.041810885071754456
144,0.007768155075609684
145,0.0792507454752922
146,0.07963702082633972
147,0.0483875535428524
148,0.2037416398525238
149,0.08006102591753006
150,0.07722125202417374
151,0.09300583600997925
152,0.0588315948843956
153,0.09614463895559311
154,0.13389064371585846
155,0.14919863641262054
156,0.4556804597377777
157,0.47659528255462646
158,0.006187449209392071
159,0.2348417192697525
160,0.058569200336933136
161,0.2905452847480774
162,0.19816532731056213
163,0.006199984345585108
164,0.15180376172065735
165,0.012627153657376766
166,0.11667469143867493
167,0.5394970774650574
168,0.03408507630228996
169,0.2904948592185974
170,0.03408507630228996
171,0.11665788292884827
172,0.3408944010734558
173,0.644842803478241
174,0.3521823585033417
175,0.08716622740030289
176,0.4198997914791107
177,0.13326163589954376
178,0.09937401860952377
179,0.4692704379558563
180,0.13214850425720215
181,0.13160717487335205
182,0.42633533477783203
183,0.2964531183242798
184,0.0965760126709938
185,0.09658347815275192
186,0.21809837222099304
187,0.3053881525993347
188,0.048706963658332825
189,0.06686953455209732
190,0.15892834961414337
191,0.23351635038852692
192,0.5165566802024841
193,0.18615207076072693
194,0.5811609625816345
195,0.37053221464157104
196,0.11972276121377945
197,0.052541133016347885
198,0.3068229556083679
199,0.0988980159163475
200,0.45020100474357605
201,0.045052967965602875
202,0.11801917105913162
203,0.15298818051815033
204,0.17271386086940765
205,0.3553338646888733
206,0.1738419234752655
207,0.11656558513641357
208,0.23565398156642914
209,0.006790259387344122
210,0.05329094082117081
211,0.3422142565250397
212,0.008152106776833534
213,0.012618021108210087
214,0.21073833107948303
215,0.08760537952184677
216,0.2129083126783371
217,0.11286532878875732
218,0.1746511459350586
219,0.24509701132774353
220,0.3166898190975189
221,0.14223843812942505
222,0.09676148742437363
223,0.14587974548339844
224,0.11907116323709488
225,0.11003711074590683
226,0.1982652097940445
227,0.15446913242340088
228,0.0877159982919693
229,0.1294749230146408
230,0.09785649925470352
231,0.0902612954378128
232,0.0902612954378128
233,0.21504096686840057
234,0.1081298440694809
235,0.026349393650889397
236,0.18728777766227722
237,0.16623827815055847
238,0.08370236307382584
239,0.06704544275999069
240,0.14300675690174103
241,0.41807281970977783
242,0.03913373127579689
243,0.05347522348165512
244,0.09241283684968948
245,0.1521652340888977
246,0.05844341591000557
247,0.10241730511188507
248,0.027000436559319496
249,0.26780787110328674
250,0.09171278029680252
251,0.11313623189926147
252,0.050987813621759415
253,0.03449606895446777
254,0.1385357826948166
255,0.06867777556180954
256,0.05914861336350441
257,0.04663657397031784
258,0.0740821585059166
259,0.07427796721458435
260,0.05537955462932587
261,0.08111520856618881
262,0.16272208094596863
263,0.0573604553937912
264,0.040837232023477554
265,0.08077817410230637
266,0.02316671796143055
267,0.07507278025150299
268,0.030313735827803612
269,0.028961332514882088
270,0.028961332514882088
271,0.028961332514882088
272,0.02930234931409359
273,0.06226451322436333
274,0.0978320837020874
275,0.04035123437643051
276,0.03311299532651901
277,0.06630626320838928
278,0.03833691403269768
279,0.11315800249576569
280,0.23023928701877594
281,0.10131333768367767
282,0.05449116975069046
283,0.10608992725610733
284,0.048335641622543335
285,0.05296573042869568
286,0.05457710102200508
287,0.04525919258594513
288,0.05425054579973221
289,0.025576744228601456
290,0.1509135216474533
291,0.11931353062391281
292,0.37725815176963806
293,0.04464505985379219
294,0.05003777891397476
295,0.06985177099704742
296,0.03259089216589928
297,0.0720219686627388
298,0.07008234411478043
299,0.08526483923196793
300,0.12119452655315399
301,0.02266654185950756
302,0.019193587824702263
303,0.11564189940690994
304,0.060056980699300766
305,0.12859347462654114
306,0.04454786330461502
307,0.06828251481056213
308,0.06232503056526184
309,0.063480444252491
310,0.09427612274885178
311,0.018396319821476936
312,0.149928480386734
313,0.03161277994513512
314,0.06779275834560394
315,0.08805584907531738
316,0.08124124258756638
317,0.05972958356142044
318,0.03940783068537712
319,0.05410254746675491
320,0.05964720994234085
321,0.04278450459241867
322,0.016737544909119606
323,0.027849679812788963
324,0.03222829848527908
325,0.007180423010140657
326,0.018406907096505165
327,0.02661385014653206
328,0.04551248252391815
329,0.03450685366988182
330,0.021663278341293335
331,0.0331973098218441
332,0.050359610468149185
333,0.0331973098218441
334,0.032458897680044174
335,0.02707975171506405
336,0.030831659212708473
337,0.02399042807519436
338,0.12956295907497406
339,0.021888840943574905
340,0.11703374236822128
341,0.060288574546575546
342,0.051781103014945984
343,0.025993406772613525
344,0.020725497975945473
345,0.03363814204931259
346,0.07200802117586136
347,0.04688286781311035
348,0.05913016200065613
349,0.02357364073395729
350,0.05163849517703056
351,0.0511622279882431
352,0.04130564257502556
353,0.06345033645629883
354,0.023919537663459778
355,0.0456240177154541
356,0.016409065574407578
357,0.04743123799562454
358,0.12377742677927017
359,0.02549321949481964
360,0.04061918333172798
361,0.07228190451860428
362,0.03060268796980381
363,0.08711440116167068
364,0.01443322654813528
365,0.024142231792211533
366,0.05605786293745041
367,0.0186252873390913
368,0.029379071667790413
369,0.03349950537085533
370,0.02274232916533947
371,0.02274232916533947
372,0.022454090416431427
373,0.022454090416431427
374,0.015374383889138699
375,0.02466770075261593
376,0.07622556388378143
377,0.08053769916296005
378,0.029320141300559044
379,0.03387434408068657
380,0.0151869161054492
381,0.018455231562256813
382,0.023441066965460777
383,0.012738014571368694
384,0.03425810858607292
385,0.015410191379487514
386,0.02448844537138939
387,0.045823704451322556
388,0.06077516824007034
389,0.04218562692403793
390,0.0288951825350523
391,0.018034562468528748
392,0.03647297993302345
393,0.0724678561091423
394,0.015458747744560242
395,0.016146758571267128
396,0.06170940026640892
397,0.07423276454210281
398,0.021398788318037987
399,0.03025628626346588
400,0.027417395263910294
401,0.04290434345602989
402,0.017183464020490646
403,0.04289169982075691
404,0.006210534833371639
405,0.024853534996509552
406,0.026836272329092026
407,0.022334245964884758
408,0.028575275093317032
409,0.016604114323854446
410,0.026166561990976334
411,0.042199600487947464
412,0.016336603090167046
413,0.03971267491579056
414,0.02281029149889946
415,0.02369944378733635
416,0.023581834509968758
417,0.02552684210240841
418,0.03664252907037735
419,0.02857753075659275
420,0.04479505866765976
421,0.028279755264520645
422,0.0817573294043541
423,0.030218951404094696
424,0.028397949412465096
425,0.0261578056961298
426,0.013725005090236664
427,0.025452937930822372
428,0.019307700917124748
429,0.04558732360601425
430,0.13342303037643433
431,0.03606504946947098
432,0.10653449594974518
433,0.09324562549591064
434,0.04462185129523277
435,0.0976477563381195
436,0.022535812109708786
437,0.03365899622440338
438,0.010261339135468006
439,0.023552270606160164
440,0.02777264267206192
441,0.026215795427560806
442,0.015093943104147911
443,0.016643041744828224
444,0.0454135499894619
445,0.016643041744828224
446,0.027829134836792946
447,0.012486335821449757
448,0.021298931911587715
449,0.02429281175136566
450,0.057471707463264465
451,0.02517458237707615
452,0.07880178838968277
453,0.04075360670685768
454,0.013744484633207321
455,0.021690642461180687
456,0.016951266676187515
457,0.02770022116601467
458,0.04631413519382477
459,0.00327789387665689
460,0.00327789387665689
461,0.00327789387665689
462,0.00327789387665689
463,0.00327789387665689
464,0.00327789387665689
465,0.00327789387665689
466,0.00327789387665689
467,0.00327789387665689
468,0.00327789387665689
469,0.024051649495959282
470,0.03600306063890457
471,0.027734553441405296
472,0.02081390470266342
473,0.02236725576221943
474,0.03084200620651245
475,0.016247954219579697
476,0.02708529308438301
477,0.028947917744517326
478,0.034659288823604584
479,0.034659288823604584
480,0.04074718430638313
481,0.029987115412950516
482,0.052377909421920776
483,0.03354344516992569
484,0.024009278044104576
485,0.02249230071902275
486,0.018115773797035217
487,0.018815672025084496
488,0.035158220678567886
489,0.0159087423235178
490,0.10252685844898224
491,0.014379672706127167
492,0.056787315756082535
493,0.017841024324297905
494,0.020669396966695786
495,0.04448973014950752
496,0.048286356031894684
497,0.014475994743406773
498,0.04894455894827843
499,0.04358464479446411
500,0.018796399235725403
501,0.021429909393191338
502,0.016456037759780884
503,0.015454733744263649
504,0.04305948689579964
505,0.016621725633740425
506,0.011642361991107464
507,0.018619775772094727
508,0.012930924072861671
509,0.019448475912213326
510,0.024107675999403
511,0.01649961620569229
512,0.02846132405102253
513,0.013613283634185791
514,0.017467696219682693
515,0.011591066606342793
516,0.014730877242982388
517,0.019886404275894165
518,0.016882386058568954
519,0.02524678409099579
520,0.008835261687636375
521,0.0172259621322155
522,0.02404920943081379
523,0.018870975822210312
524,0.022076105698943138
525,0.022076105698943138
526,0.021766778081655502
527,0.014988353475928307
528,0.016353638842701912
529,0.016353638842701912
530,0.021832292899489403
531,0.031094688922166824
532,0.021675314754247665
533,0.027497949078679085
534,0.009898479096591473
535,0.023093190044164658
536,0.06991304457187653
537,0.026924338191747665
538,0.012377306818962097
539,0.02703157812356949
540,0.02691432647407055
541,0.04458232969045639
542,0.04145439714193344
543,0.04506287723779678
544,0.02527906931936741
545,0.02036973275244236
546,0.02245345152914524
547,0.019406236708164215
548,0.029306525364518166
549,0.028502264991402626
550,0.03281085565686226
551,0.023532802239060402
552,0.029315797612071037
553,0.03248588740825653
554,0.02133682183921337
555,0.029948662966489792
556,0.019863972440361977
557,0.032074470072984695
558,0.04109632596373558
559,0.04777209088206291
560,0.034803614020347595
561,0.03450744226574898
562,0.006173440255224705
563,0.012921263463795185
564,0.015298486687242985
565,0.021462973207235336
566,0.0013606169959530234
567,0.0013606169959530234
568,0.0013606169959530234
569,0.023406831547617912
570,0.0013606169959530234
571,0.009938347153365612
572,0.03630487620830536
573,0.019155479967594147
574,0.019155479967594147
575,0.0302440132945776
576,0.019155479967594147
577,0.01116744801402092
578,0.010921497829258442
579,0.010874076746404171
580,0.010874076746404171
581,0.025971440598368645
582,0.010874076746404171
583,0.11766699701547623
584,0.010874076746404171
585,0.010874076746404171
586,0.010921497829258442
587,0.010874076746404171
588,0.016875462606549263
589,0.010874076746404171
590,0.010874076746404171
591,0.041429366916418076
592,0.010921497829258442
593,0.04869822412729263
594,0.02108817733824253
595,0.008860979229211807
596,0.008821000345051289
597,0.02618815191090107
598,0.021764758974313736
599,0.015829388052225113
600,0.00988810509443283
601,0.03159593790769577
602,0.008071270771324635
603,0.03652946278452873
604,0.03652946278452873
605,0.034006714820861816
606,0.035079654306173325
607,0.01656557060778141
608,0.02007753774523735
609,0.02007753774523735
610,0.016271453350782394
611,0.02007753774523735
612,0.021147536113858223
613,0.026416931301355362
614,0.0703205093741417
615,0.022742224857211113
616,0.025095678865909576
617,0.0703205093741417
618,0.022742224857211113
619,0.022742224857211113
620,0.031740423291921616
621,0.008761370554566383
622,0.014145661145448685
623,0.01717373915016651
624,0.027671275660395622
625,0.01512889564037323
626,0.019529689103364944
627,0.020023168995976448
628,0.023369332775473595
629,0.013242235407233238
630,0.017974834889173508
631,0.03046375885605812
632,0.012954664416611195
633,0.03046375885605812
634,0.031220829114317894
635,0.023963266983628273
636,0.04349253699183464
637,0.04349253699183464
638,0.04362454265356064
639,0.011059876531362534
640,0.04932676628232002
641,0.012177837081253529
642,0.024509146809577942
643,0.04080146923661232
644,0.01915784925222397
645,0.0228262972086668
646,0.03359939903020859
647,0.023947283625602722
648,0.036338649690151215
649,0.011834408156573772
650,0.02559502050280571
651,0.027460824698209763
652,0.012350424192845821
653,0.019975589588284492
654,0.020681025460362434
655,0.07128240913152695
656,0.040080476552248
657,0.039056628942489624
658,3.258562064729631e-4
659,3.258562064729631e-4
660,3.258562064729631e-4
661,3.788383037317544e-5
662,3.258562064729631e-4
663,3.788383037317544e-5
664,3.376026579644531e-4
665,3.258562064729631e-4
666,3.258562064729631e-4
667,6.554434366989881e-5
668,3.258562064729631e-4
669,3.258562064729631e-4
670,3.9830838795751333e-4
671,3.258562064729631e-4
672,0.8008245229721069
673,0.1123853251338005
674,0.03966255113482475
675,0.0449446439743042
676,0.023052100092172623
677,0.02127452939748764
678,0.022961456328630447
679,0.016162127256393433
680,0.018955983221530914
681,0.05348731577396393
682,0.021223781630396843
683,0.014931155368685722
684,0.021223781630396843
685,0.021972306072711945
686,0.02868892066180706
687,0.021129261702299118
688,0.021129261702299118
689,0.021129261702299118
690,0.021129261702299118
691,0.03108455426990986
692,0.011079905554652214
693,0.01998637616634369
694,0.01998637616634369
695,0.01998637616634369
696,0.01998637616634369
697,0.01998637616634369
698,0.01998637616634369
699,0.01998637616634369
700,0.016353638842701912
701,0.013793897815048695
702,0.036097194999456406
703,0.014224330894649029
704,0.028875185176730156
705,0.014196731150150299
706,0.024018069729208946
707,0.026049744337797165
708,0.016468800604343414
709,0.026923848316073418
710,0.026979397982358932
711,0.026923848316073418
712,0.026923848316073418
713,0.04301391541957855
714,0.026923848316073418
715,0.026923848316073418
716,0.026923848316073418
717,0.026923848316073418
718,0.026979397982358932
719,0.010153274051845074
720,0.026979397982358932
721,0.026923848316073418
722,0.026923848316073418
723,0.04292681813240051
724,0.026979397982358932
725,0.019750390201807022
726,0.03172282129526138
727,0.025020278990268707
728,0.028882509097456932
729,0.042036447674036026
730,0.02700665593147278
731,0.024627164006233215
732,0.024627164006233215
733,0.027313170954585075
734,0.024627164006233215
735,0.024627164006233215
736,0.030327728018164635
737,0.020794233307242393
738,0.024627164006233215
739,0.03585359454154968
740,0.020794233307242393
741,0.020794233307242393
742,0.020794233307242393
743,0.020794233307242393
744,0.030327728018164635
745,0.02134217880666256
746,0.020794233307242393
747,0.040371283888816833
748,0.020794233307242393
749,0.040371283888816833
750,0.02324431575834751
751,0.017854465171694756
752,0.017854465171694756
753,0.024398980662226677
754,0.029357580468058586
755,0.02862425521016121
756,0.02735152281820774
757,0.02862425521016121
758,0.02862425521016121
759,0.02862425521016121
760,0.02735152281820774
761,0.02735152281820774
762,0.024332968518137932
763,0.02735152281820774
764,0.02862425521016121
765,0.0220919381827116
766,0.008711985312402248
767,0.025395134463906288
768,0.025395134463906288
769,0.025395134463906288
770,0.025395134463906288
771,0.020933369174599648
772,0.1152249127626419
773,0.03565509617328644
774,0.028597086668014526
775,0.028597086668014526
776,0.028597086668014526
777,0.03565509617328644
778,0.02732553333044052
779,0.032038718461990356
780,0.02732120454311371
781,0.028592564165592194
782,0.02959311380982399
783,0.02732120454311371
784,0.02959311380982399
785,0.02732120454311371
786,0.04383459314703941
787,0.02451123669743538
788,0.03547806665301323
789,0.019583217799663544
790,0.03598593547940254
791,0.06285442411899567
792,0.05069528892636299
793,0.03598593547940254
794,0.03598593547940254
795,0.03598593547940254
796,0.03470113128423691
797,0.03598593547940254
798,0.03598593547940254
799,0.04487843066453934
800,0.05214190110564232
801,0.01853477582335472
802,0.02856542356312275
803,0.02856542356312275
804,0.028560904785990715
805,0.028560904785990715
806,0.028560904785990715
807,0.028560904785990715
808,0.028560904785990715
809,0.028560904785990715
810,0.028560904785990715
811,0.027290908619761467
812,0.041437793523073196
813,0.040548961609601974
814,0.02098599262535572
815,0.03637520223855972
816,0.02181611768901348
817,0.007921350188553333
818,0.013290416449308395
819,0.023927319794893265
820,0.013812682591378689
821,0.014836596325039864
822,0.014327598735690117
823,0.0240737646818161
824,0.006518548354506493
825,0.02607000432908535
826,0.030224885791540146
827,0.027264971286058426
828,0.027264971286058426
829,0.02853378653526306
830,0.02853378653526306
831,0.038552165031433105
832,0.044278860092163086
833,0.027264971286058426
834,0.006206013727933168
835,0.02952766977250576
836,0.02726065367460251
837,0.02726065367460251
838,0.028529280796647072
839,0.028529280796647072
840,0.028529280796647072
841,0.028529280796647072
842,0.02726065367460251
843,0.028529280796647072
844,0.033112380653619766
845,0.033112380653619766
846,0.023760898038744926
847,0.03409508615732193
848,0.03409508615732193
849,0.027029776945710182
850,0.02255205623805523
851,0.05313912034034729
852,0.030725009739398956
853,0.05193420872092247
854,0.10704737156629562
855,0.03630673512816429
856,0.034321129322052
857,0.033130649477243423
858,0.03349291905760765
859,0.037973519414663315
860,0.026088794693350792
861,0.036907538771629333
862,0.026088794693350792
863,0.030456582084298134
864,0.040541015565395355
865,0.029625581577420235
866,0.02763507515192032
867,0.03968701511621475
868,0.05569598078727722
869,0.035696230828762054
870,0.035696230828762054
871,0.032268304377794266
872,0.032268304377794266
873,0.03763068839907646
874,0.03339306265115738
875,0.03763068839907646
876,0.028793543577194214
877,0.035696230828762054
878,0.035696230828762054
879,0.13539402186870575
880,0.1785891354084015
881,0.04423696920275688
882,0.02918647974729538
883,0.04734569415450096
884,0.02918647974729538
885,0.028502190485596657
886,0.028502190485596657
887,0.028502190485596657
888,0.028502190485596657
889,0.02723473496735096
890,0.02949967235326767
891,0.022301046177744865
892,0.008084326051175594
893,0.03236774727702141
894,0.04936108738183975
895,0.08323775976896286
896,0.02006552927196026
897,0.021643424406647682
898,0.037085019052028656
899,0.045520149171352386
900,0.11424223333597183
901,0.04572826623916626
902,0.05123826488852501
903,0.043708715587854385
904,0.03229556605219841
905,0.06220269575715065
906,0.07630135118961334
907,0.11734272539615631
908,0.03207544982433319
909,0.046894364058971405
910,0.03795254975557327
911,0.18901044130325317
912,0.04353173077106476
913,0.15074165165424347
914,0.001154084224253893
915,0.001154084224253893
916,0.001154084224253893
917,0.0014490257017314434
918,0.001154084224253893
919,0.001154084224253893
920,0.030674733221530914
921,0.030674733221530914
922,0.001154084224253893
923,0.001154084224253893
924,0.001154084224253893
925,0.05815597623586655
926,0.07799770683050156
927,0.05661604180932045
928,0.046289362013339996
929,0.08994194865226746
930,0.01989901065826416
931,0.05480785667896271
932,0.03947271779179573
933,0.053027909249067307
934,0.1741514503955841
935,0.04881441965699196
936,0.06658198684453964
937,0.08003444969654083
938,0.08754589408636093
939,0.0559520460665226
940,0.08007276803255081
941,0.045787982642650604
942,0.045787982642650604
943,0.05401647463440895
944,0.0707298219203949
945,0.10514786094427109
946,0.12368366122245789
947,0.14862225949764252
948,0.07275907695293427
949,0.34995636343955994
950,0.022261247038841248
951,0.037535328418016434
952,0.1517249047756195
953,0.024455195292830467
954,0.019179847091436386
955,0.03269543498754501
956,0.04441395029425621
957,0.14125362038612366
958,0.037623945623636246
959,0.026611384004354477
960,0.03206919878721237
961,0.02142244577407837
962,0.03109661489725113
963,0.03938836604356766
964,0.0366462767124176
965,0.07344106584787369
966,0.09133687615394592
967,0.017081890255212784
968,0.03132890164852142
969,0.05166754126548767
970,0.051158927381038666
971,0.021788161247968674
972,0.018042583018541336
973,0.022556129842996597
974,0.018042583018541336
975,0.017425542697310448
976,0.06634265929460526
977,0.07898346334695816
978,0.0335172638297081
979,0.022556129842996597
980,0.02084444649517536
981,0.03139312565326691
982,0.019446423277258873
983,0.025635892525315285
984,0.03730456531047821
985,0.02653580717742443
986,0.02653580717742443
987,0.039322640746831894
988,0.027040449902415276
989,0.039322640746831894
990,0.0458286851644516
991,0.018353259190917015
992,0.02612033300101757
993,0.03852732107043266
994,0.05527843162417412
995,0.021514147520065308
996,0.02512139081954956
997,0.02426825277507305
998,0.030833832919597626
999,0.02979261614382267
1000,0.028486106544733047
1001,0.02979261614382267
1002,0.02979261614382267
1003,0.02979261614382267
1004,0.05055403336882591
1005,0.0326538160443306
1006,0.0632486417889595
1007,0.03654201701283455
1008,0.026971470564603806
1009,0.015654461458325386
1010,0.014159460552036762
1011,0.01867036521434784
1012,0.022984886541962624
1013,0.014159460552036762
1014,0.022984886541962624
1015,0.017641546204686165
1016,0.058559250086545944
1017,2.699443430174142e-4
1018,2.699443430174142e-4
1019,2.699443430174142e-4
1020,0.028169821947813034
1021,0.04009968787431717
1022,3.35902877850458e-5
1023,3.911140083801001e-5
1024,0.03152620419859886
1025,0.035458169877529144
1026,0.02843800187110901
1027,0.02843800187110901
1028,0.03316982835531235
1029,0.04522930458188057
1030,0.029483869671821594
1031,0.03738022968173027
1032,0.039928093552589417
1033,0.033796265721321106
1034,0.025576945394277573
1035,0.029912933707237244
1036,1.1763606744352728e-4
1037,1.1763606744352728e-4
1038,9.950707317329943e-5
1039,1.6355559637304395e-4
1040,0.021201837807893753
1041,0.01910502463579178
1042,0.035063233226537704
1043,0.016947025433182716
1044,0.013486203737556934
1045,0.020557764917612076
1046,0.2530333399772644
1047,0.01308307982981205
1048,0.01308307982981205
1049,0.13538005948066711
1050,0.016377955675125122
1051,0.015052036382257938
1052,0.013865029439330101
1053,0.013089392334222794
1054,0.012578876689076424
1055,0.01945013366639614
1056,0.11278889328241348
1057,0.1527831256389618
1058,0.20545202493667603
1059,0.030607828870415688
1060,0.1944243311882019
1061,0.4744681417942047
1062,0.017607588320970535
1063,0.013027618639171124
1064,0.014532259665429592
1065,0.018598956987261772
1066,0.01572689786553383
1067,0.018706994131207466
1068,0.024422965943813324
1069,0.055111292749643326
1070,0.05386221408843994
1071,0.07529151439666748
1072,0.04460440203547478
1073,0.03637697175145149
1074,0.04321915656328201
1075,0.052833594381809235
1076,0.04614223167300224
1077,0.016353638842701912
1078,0.1372540444135666
1079,0.09488749504089355
1080,0.016930650919675827
1081,0.015784569084644318
1082,0.015052036382257938
1083,0.07114597409963608
1084,0.08206640183925629
1085,0.07041212916374207
1086,0.008151015266776085
1087,0.01723075844347477
1088,0.03185207396745682
1089,0.03020087629556656
1090,0.02770993299782276
1091,0.030193718150258064
1092,0.07002384960651398
1093,0.021385975182056427
1094,0.008084326051175594
1095,0.018830308690667152
1096,0.014985946007072926
1097,0.015873441472649574
1098,0.02142360992729664
1099,0.016398031264543533
1100,0.1248476579785347
1101,0.013734360225498676
1102,0.04113392531871796
1103,0.02672163024544716
1104,0.024516243487596512
1105,0.019543321803212166
1106,0.01945945806801319
1107,0.025216134265065193
1108,0.037798553705215454
1109,0.04233219474554062
1110,0.12911120057106018
1111,0.04232889041304588
1112,0.024454858154058456
1113,0.47965961694717407
1114,0.022000102326273918
1115,0.025921259075403214
1116,0.025921259075403214
1117,0.010176495648920536
1118,0.03187556937336922
1119,0.15230518579483032
1120,0.008083018474280834
1121,0.033659547567367554
1122,0.01483225543051958
1123,0.03243819624185562
1124,0.04344935342669487
1125,0.07526559382677078
1126,0.2324885129928589
1127,0.05012814700603485
1128,0.5481414198875427
1129,0.6978744864463806
1130,0.7010841369628906
1131,0.04063648730516434
1132,0.32311487197875977
1133,0.04100470617413521
1134,0.030342988669872284
1135,0.014329472556710243
1136,0.01703132502734661
1137,0.07200279086828232
1138,0.01258191466331482
1139,0.02291105128824711
1140,0.012576856650412083
1141,0.009379865601658821
1142,0.1509529948234558
1143,0.07242640852928162
1144,0.01303180679678917
1145,0.16536416113376617
1146,0.164678156375885
1147,0.3034422993659973
1148,0.024489307776093483
1149,0.014979934319853783
1150,0.01723075844347477
1151,0.017841767519712448
1152,0.022441178560256958
1153,0.023573793470859528
1154,0.2172784060239792
1155,0.5895789861679077
1156,0.04839907959103584
1157,0.016068557277321815
1158,0.03429965674877167
1159,0.015026691369712353
1160,0.018728474155068398
1161,0.02057259902358055
1162,0.06501972675323486
1163,0.14032649993896484
1164,0.01953260786831379
1165,0.013793897815048695
1166,0.00717984139919281
1167,0.014007076621055603
1168,0.013726637698709965
1169,0.008084326051175594
1170,0.02196298912167549
1171,0.02437536045908928
1172,0.029972800984978676
1173,0.01602610945701599
1174,0.23043550550937653
1175,0.17867986857891083
1176,0.1702163964509964
1177,0.18258115649223328
1178,0.03807813674211502
1179,0.053748421370983124
1180,0.019578909501433372
1181,0.03267144411802292
1182,0.031636640429496765
1183,0.029770147055387497
1184,0.13204173743724823
1185,0.26751598715782166
1186,0.026591995730996132
1187,0.04627198725938797
1188,0.013735463842749596
1189,0.01379500050097704
1190,0.0406823568046093
1191,0.01511719636619091
1192,0.017788786441087723
1193,0.0316106416285038
1194,0.015163236297667027
1195,0.023984961211681366
1196,0.017828036099672318
1197,0.040850646793842316
1198,0.02066607028245926
1199,0.013486203737556934
1200,0.02057916298508644
1201,0.06436944752931595
1202,0.014466100372374058
1203,0.022833053022623062
1204,0.017102165147662163
1205,0.019742470234632492
1206,0.0355246476829052
1207,0.030018283054232597
1208,0.0346725657582283
1209,0.018794899806380272
1210,0.016927946358919144
1211,0.01281098835170269
1212,0.06602656841278076
1213,0.0664333626627922
1214,0.2769724428653717
1215,0.04463181272149086
1216,0.06300864368677139
1217,0.09502670168876648
1218,0.016354311257600784
1219,0.26003435254096985
1220,0.03817182034254074
1221,0.048591453582048416
1222,0.0224114041775465
1223,0.029975159093737602
1224,0.0708620548248291
1225,0.03209013491868973
1226,0.0077876439318060875
1227,0.01792021282017231
1228,0.019119763746857643
1229,0.016069838777184486
1230,0.03158395364880562
1231,0.01551920734345913
1232,0.019536534324288368
1233,0.013087284751236439
1234,0.01718902960419655
1235,0.017050351947546005
1236,0.015050825662910938
1237,0.017107639461755753
1238,0.024660132825374603
1239,0.016131123527884483
1240,0.10707699507474899
1241,0.049769118428230286
1242,0.07641766220331192
1243,0.01591801643371582
1244,0.016071129590272903
1245,0.032778844237327576
1246,0.01579342968761921
1247,0.017184404656291008
1248,0.016069838777184486
1249,0.027994979172945023
1250,0.015755118802189827
1251,0.02715567871928215
1252,0.01579342968761921
1253,0.02153819613158703
1254,0.02153819613158703
1255,0.016353638842701912
1256,0.022441178560256958
1257,0.017232857644557953
1258,0.021688902750611305
1259,0.016929302364587784
1260,0.051227644085884094
1261,0.018151160329580307
1262,0.01890190877020359
1263,0.01527316588908434
1264,0.015053244307637215
1265,0.25392237305641174
1266,0.33137181401252747
1267,0.22199437022209167
1268,0.010255307890474796
1269,0.029183896258473396
1270,0.036586858332157135
1271,0.45233267545700073
1272,0.010418982245028019
1273,0.07620107382535934
1274,0.10722890496253967
1275,0.7506074905395508
1276,0.09888928383588791
1277,0.016614463180303574
1278,0.2015848010778427
1279,0.40505853295326233
1280,0.18257677555084229
1281,0.5398157835006714
1282,0.027959724888205528
1283,0.10788875818252563
1284,0.01718902960419655
1285,0.3936188519001007
1286,0.41073811054229736
1287,0.16047164797782898
1288,0.49742719531059265
1289,0.0299636572599411
1290,0.009458480402827263
1291,0.10149490833282471
1292,0.07693697512149811
1293,0.014077193103730679
1294,0.022137418389320374
1295,0.015646878629922867
1296,0.024047039449214935
1297,0.056002337485551834
1298,0.08533867448568344
1299,0.016269827261567116
1300,0.056650999933481216
1301,0.014536364935338497
1302,0.024109426885843277
1303,0.016071129590272903
1304,0.02229996584355831
1305,0.02023005485534668
1306,0.05716641619801521
1307,0.43490663170814514
1308,0.07329554110765457
1309,0.12304562330245972
1310,0.12700168788433075
1311,0.03289618715643883
1312,0.029833359643816948
1313,0.016071129590272903
1314,0.021296288818120956
1315,0.03302276134490967
1316,0.01875094696879387
1317,0.08077216148376465
1318,0.018793396651744843
1319,0.02224559709429741
1320,0.01785985939204693
1321,0.01504258718341589
1322,0.013865029439330101
1323,0.013026569038629532
1324,0.013026569038629532
1325,0.07061975449323654
1326,0.19055479764938354
1327,0.018796399235725403
1328,0.022253522649407387
1329,0.023072032257914543
1330,0.02522214874625206
1331,0.03905882313847542
1332,0.008083018474280834
1333,0.035715777426958084
1334,0.041379280388355255
1335,0.017995379865169525
1336,0.03165080025792122
1337,0.07417448610067368
1338,0.9806797504425049
1339,0.03208482638001442
1340,0.03903478384017944
1341,0.13296066224575043
1342,0.41638991236686707
1343,0.15677425265312195
1344,0.18003617227077484
1345,0.015178602188825607
1346,0.02446846105158329
1347,0.034414831548929214
1348,0.06369730085134506
1349,0.027182279154658318
1350,0.04841501638293266
1351,0.017869865521788597
1352,0.016932010650634766
1353,0.015118404291570187
1354,0.060229841619729996
1355,0.06261347234249115
1356,0.03481863811612129
1357,0.021297775208950043
1358,0.023120829835534096
1359,0.021827567368745804
1360,0.04681960493326187
1361,0.01883375458419323
1362,0.016923876479268074
1363,0.015963437035679817
1364,0.06999979168176651
1365,0.01630961336195469
1366,0.19416262209415436
1367,0.0902612954378128
1368,0.05188360810279846
1369,0.046529900282621384
1370,0.016068557277321815
1371,0.0677160769701004
1372,0.10609652101993561
1373,0.07306541502475739
1374,0.05536210164427757
1375,0.12056957930326462
1376,0.22961828112602234
1377,0.22961828112602234
1378,0.03597378730773926
1379,0.01847791112959385
1380,0.029433943331241608
1381,0.040048785507678986
1382,0.01743643917143345
1383,0.02584395743906498
1384,0.01750333234667778
1385,0.04309762269258499
1386,0.10658032447099686
1387,0.09968269616365433
1388,0.04695577174425125
1389,0.026363158598542213
1390,0.05142767354846001
1391,0.048441626131534576
1392,0.042933542281389236
1393,0.0342535674571991
1394,0.05587869510054588
1395,0.036265742033720016
1396,0.04092898219823837
1397,0.043986331671476364
1398,0.06683539599180222
1399,0.03871960565447807
1400,0.047438301146030426
1401,0.17688153684139252
1402,0.07968416064977646
1403,0.05283409729599953
1404,0.09270510077476501
1405,0.06952875107526779
1406,0.03943391516804695
1407,0.07366324961185455
1408,0.0902612954378128
1409,0.1938425600528717
1410,0.0519142709672451
1411,0.05585426464676857
1412,0.11759661883115768
1413,0.06556263566017151
1414,0.5720573663711548
1415,0.17497168481349945
1416,0.03914092853665352
1417,0.0799950510263443
1418,0.12707743048667908
1419,0.06312768906354904
1420,0.014431709423661232
1421,0.07648980617523193
1422,0.13101227581501007
1423,0.10720490664243698
1424,0.1161503940820694
1425,0.06830387562513351
1426,0.15142886340618134
1427,0.12624724209308624
1428,0.03693859279155731
1429,0.06383094191551208
1430,0.2636082172393799
1431,0.23429159820079803
1432,0.08182357251644135
1433,0.0955161601305008
1434,0.12392710894346237
1435,0.08149922639131546
1436,0.3009618818759918
1437,0.13845205307006836
1438,0.14413563907146454
1439,0.06651601940393448
1440,0.1810869425535202
1441,0.06641000509262085
1442,0.16226400434970856
1443,0.05449260398745537
1444,0.08540932089090347
1445,0.05215500295162201
1446,0.10761982202529907
1447,0.050395842641592026
1448,0.07028572261333466
1449,0.16923914849758148
1450,0.14969593286514282
1451,0.12103070318698883
1452,0.13362935185432434
1453,0.13712544739246368
1454,0.14640377461910248
1455,0.07289542257785797
1456,0.04762141406536102
1457,0.043178509920835495
1458,0.1643008440732956
1459,0.051197875291109085
1460,0.04109884798526764
1461,0.1818259060382843
1462,0.06916382163763046
1463,0.08589017391204834
1464,0.09373440593481064
1465,0.09380365163087845
1466,0.07519279420375824
1467,0.08213452994823456
1468,0.040164798498153687
1469,0.13093428313732147
1470,0.5102956891059875
1471,0.21631595492362976
1472,0.20658929646015167
1473,0.050548117607831955
1474,0.06337999552488327
1475,0.011102729476988316
1476,0.03881579264998436
1477,0.20992755889892578
1478,0.10499857366085052
1479,0.03466440364718437
1480,0.1451842486858368
1481,0.17015273869037628
1482,0.10243058949708939
1483,0.14607569575309753
1484,0.2639646530151367
1485,0.11739761382341385
1486,0.20618905127048492
1487,0.17294897139072418
1488,0.14182649552822113
1489,0.16318102180957794
1490,0.04310977831482887
1491,0.18575938045978546
1492,0.11269819736480713
1493,0.11218809336423874
1494,0.06654130667448044
1495,0.06654130667448044
1496,0.20845603942871094
1497,0.42649203538894653
1498,0.12228542566299438
1499,0.11667469143867493
1500,0.13082128763198853
1501,0.1560703068971634
1502,0.5033847093582153
1503,0.3695776164531708
1504,0.05301222577691078
1505,0.05939609929919243
1506,0.09752893447875977
1507,0.19673177599906921
1508,0.10894442349672318
1509,0.14048345386981964
1510,0.10814317315816879
1511,0.4397818446159363
1512,0.15519535541534424
1513,0.4083581268787384
1514,0.07739496231079102
1515,0.2745454013347626
1516,0.4974249303340912
1517,0.23335105180740356
1518,0.4858255684375763
1519,0.4858255684375763
1520,0.1258215308189392
1521,0.29293474555015564
1522,0.06516342610120773
1523,0.05228622630238533
1524,0.47073596715927124
1525,0.07832404971122742
1526,0.48400750756263733
1527,0.49413245916366577
1528,0.042627714574337006
1529,0.048130761831998825
1530,0.17330193519592285
1531,0.29863619804382324
1532,0.14722706377506256
1533,0.22577697038650513
1534,0.07780268043279648
1535,0.1279979795217514
1536,0.0920502096414566
1537,0.20628198981285095
1538,0.15571658313274384
1539,0.11335146427154541
1540,0.21215753257274628
1541,0.06740668416023254
1542,0.09860551357269287
1543,0.45044904947280884
1544,0.29040366411209106
1545,0.23672880232334137
1546,0.16321343183517456
1547,0.06451071053743362
1548,0.15878383815288544
1549,0.2332223355770111
1550,0.07473739236593246
1551,0.04844897985458374
1552,0.3010805547237396
1553,0.22317013144493103
1554,0.1636415719985962
1555,0.09908179193735123
1556,0.1502513587474823
1557,0.1590031385421753
1558,0.25537270307540894
1559,0.14198552072048187
1560,0.1253010630607605
1561,0.17852529883384705
1562,0.2804759740829468
1563,0.06146915629506111
1564,0.06999218463897705
1565,0.24419531226158142
1566,0.1785133332014084
1567,0.5696042776107788
1568,0.05545874312520027
1569,0.15298818051815033
1570,0.15298818051815033
1571,0.1946481168270111
1572,0.08146193623542786
1573,0.15298818051815033
1574,0.14440850913524628
1575,0.05235489085316658
1576,0.10150008648633957
1577,0.0866570845246315
1578,0.12992067635059357
1579,0.13426537811756134
1580,0.1687815636396408
1581,0.3290145993232727
1582,0.13089589774608612
1583,0.04770955070853233
1584,0.04500391706824303
1585,0.32681235671043396
1586,0.07125230133533478
1587,0.21769651770591736
1588,0.3029797077178955
1589,0.3321881592273712
1590,0.25463348627090454
1591,0.0919538140296936
1592,0.1815439909696579
1593,0.09733010828495026
1594,0.049170710146427155
1595,0.0677686259150505
1596,0.430676132440567
1597,0.054296817630529404
1598,0.22041043639183044
1599,0.3051603138446808
1600,0.08561742305755615
1601,0.10788878798484802
1602,0.09764037281274796
1603,0.0628461241722107
1604,0.06888559460639954
1605,0.15513655543327332
1606,0.03733482211828232
1607,0.1605655997991562
1608,0.2265007644891739
1609,0.14330187439918518
1610,0.07993478327989578
1611,0.1324392557144165
1612,0.22871661186218262
1613,0.11576584726572037
1614,0.5180233716964722
1615,0.066631019115448
1616,0.12485220283269882
1617,0.573090136051178
1618,0.1473013162612915
1619,0.1608964055776596
1620,0.08708555996417999
1621,0.08620115369558334
1622,0.4236764907836914
1623,0.041544388979673386
1624,0.020425846800208092
1625,0.08617548644542694
1626,0.035364191979169846
1627,0.004768967162817717
1628,0.013082027435302734
1629,0.013869489543139935
1630,0.01790657266974449
1631,0.07842503488063812
1632,0.4986056983470917
1633,0.16716612875461578
1634,0.059024784713983536
1635,0.0823729857802391
1636,0.1146819218993187
1637,0.18871422111988068
1638,0.2427491396665573
1639,0.16596409678459167
1640,0.21367549896240234
1641,0.3261876106262207
1642,0.11613631993532181
1643,0.19521218538284302
1644,0.14527440071105957
1645,0.12087530642747879
1646,0.675092339515686
1647,0.1189129427075386
1648,0.0433739572763443
1649,0.036951567977666855
1650,0.16560973227024078
1651,0.23061774671077728
1652,0.3477802872657776
1653,0.19438302516937256
1654,0.14088909327983856
1655,0.06020694598555565
1656,0.06292757391929626
1657,0.6131778955459595
1658,0.2672021687030792
1659,0.0649210512638092
1660,0.10024707019329071
1661,0.06958229094743729
1662,0.07561247050762177
1663,0.2002975046634674
1664,0.05293310433626175
1665,0.025608155876398087
1666,0.02615847811102867
1667,0.0796443447470665
1668,0.07020455598831177
1669,0.0561009980738163
1670,0.25362372398376465
1671,0.2129461020231247
1672,0.11519167572259903
1673,0.16783523559570312
1674,0.11516325175762177
1675,0.033975452184677124
1676,0.03126462921500206
1677,0.03534415736794472
1678,0.022056858986616135
1679,0.2956460118293762
1680,0.062117744237184525
1681,0.09731530398130417
1682,0.11707213521003723
1683,0.04761799797415733
1684,0.03641309589147568
1685,0.22823262214660645
1686,0.14584997296333313
1687,0.12322041392326355
1688,0.11345396190881729
1689,0.1997840851545334
1690,0.082279302179813385
1691,0.05261150002479553
1692,0.12860745191574097
1693,0.26946112513542175
1694,0.16218356788158417
1695,0.038901813328266144
1696,0.07184654474258423
1697,0.13415881991386414
1698,0.028961332514882088
1699,0.0554744228720665
1700,0.10674731433391571
1701,0.08762027323246002
1702,0.11667469143867493
1703,0.10557996481657028
1704,0.11173287034034729
1705,0.06850671023130417
1706,0.12481976300477982
1707,0.0565858818590641
1708,0.179523766040802
1709,0.03825545310974121
1710,0.08184771239757538
1711,0.08169052004814148
1712,0.13110245764255524
1713,0.018816307187080383
1714,0.08184344321489334
1715,0.07339933514595032
1716,0.08184344321489334
1717,0.018816307187080383
1718,0.13747136294841766
1719,0.13426688313484192
1720,0.05862102657556534
1721,0.01935666799545288
1722,0.04789586365222931
1723,0.0934779942035675
1724,0.08077216148376465
1725,0.01779305934906006
1726,0.063480444252491
1727,0.024624397978186607
1728,0.1721261739730835
1729,0.0265129916369915
1730,0.09414409101009369
1731,0.06005237624049187
1732,0.029886111617088318
1733,0.035718005150556564
1734,0.0342855378985405
1735,0.07548127323389053
1736,0.018103081732988358
1737,0.018103081732988358
1738,0.018103081732988358
1739,0.07766400277614594
1740,0.02609630860388279
1741,0.07034213095903397
1742,0.09636705368757248
1743,0.047942690551280975
1744,0.06730571389198303
1745,0.06730571389198303
1746,0.08481383323669434
1747,0.06728973239660263
1748,0.08883935958147049
1749,0.034707967191934586
1750,0.02562197856605053
1751,0.0973600521683693
1752,0.01844838447868824
1753,0.11872782558202744
1754,0.04877947270870209
1755,0.012869075872004032
1756,0.012869075872004032
1757,0.012869075872004032
1758,0.026155883446335793
1759,0.026155883446335793
1760,0.026155883446335793
1761,0.026155883446335793
1762,0.05085116624832153
1763,0.18553736805915833
1764,0.025329051539301872
1765,0.029385989531874657
1766,0.029975159093737602
1767,0.023231619969010353
1768,0.061839789152145386
1769,0.018113786354660988
1770,0.025234166532754898
1771,0.0451466366648674
1772,0.01815229468047619
1773,0.021205436438322067
1774,0.041754499077796936
1775,0.020038163289427757
1776,0.016633274033665657
1777,0.022934524342417717
1778,0.02076241560280323
1779,0.03991471976041794
1780,0.1048656776547432
1781,0.04250664263963699
1782,0.04250664263963699
1783,0.10808504372835159
1784,0.04250664263963699
1785,0.09710410237312317
1786,0.04250664263963699
1787,0.023904278874397278
1788,0.04853874817490578
1789,0.0771612673997879
1790,0.10015931725502014
1791,0.022039856761693954
1792,0.00840896088629961
1793,0.02612062357366085
1794,0.02612062357366085
1795,0.02612062357366085
1796,0.023546215146780014
1797,0.02612062357366085
1798,0.02612062357366085
1799,0.04734707251191139
1800,0.03892829269170761
1801,0.06560678035020828
1802,0.029744952917099
1803,0.14250726997852325
1804,0.03370006009936333
1805,0.03254867345094681
1806,0.06686609983444214
1807,0.04363293573260307
1808,0.07501759380102158
1809,0.03115784004330635
1810,0.055629659444093704
1811,0.03115784004330635
1812,0.022240934893488884
1813,0.11474697291851044
1814,0.02664768137037754
1815,0.021270116791129112
1816,0.030807437375187874
1817,0.044993478804826736
1818,0.033084310591220856
1819,0.033084310591220856
1820,0.03188295662403107
1821,0.030807437375187874
1822,0.026120876893401146
1823,0.050357770174741745
1824,0.06054062768816948
1825,0.025913085788488388
1826,0.04223400726914406
1827,0.04931791499257088
1828,0.04931791499257088
1829,0.03275565430521965
1830,0.04526665806770325
1831,0.033434830605983734
1832,0.02947336435317993
1833,0.045311201363801956
1834,0.045311201363801956
1835,0.023609085008502007
1836,0.0416356585919857
1837,0.041767850518226624
1838,0.0066382442601025105
1839,0.030562574043869972
1840,0.03351355716586113
1841,0.04198222607374191
1842,0.026238786056637764
1843,0.033230606466531754
1844,0.07648607343435287
1845,0.016269827261567116
1846,0.016269827261567116
1847,0.027215294539928436
1848,0.03322149068117142
1849,0.013352610170841217
1850,0.022745154798030853
1851,0.09475983679294586
1852,0.0335891954600811
1853,0.0291735976934433
1854,0.034772470593452454
1855,0.019330590963363647
1856,0.03437073156237602
1857,0.028429394587874413
1858,0.022069307044148445
1859,0.022069307044148445
1860,0.03273206576704979
1861,0.041107095777988434
1862,0.02295595407485962
1863,0.025746572762727737
1864,0.0307173915207386
1865,0.020967723801732063
1866,0.1268179714679718
1867,0.024738898500800133
1868,0.031245380640029907
1869,0.04227329418063164
1870,0.06019020825624466
1871,0.014829355292022228
1872,0.02047933079302311
1873,0.02049877494573593
1874,0.02057008258998394
1875,0.03008662723004818
1876,0.01424949336796999
1877,0.04149884358048439
1878,0.03320888802409172
1879,0.021458536386489868
1880,0.016010941937565804
1881,0.06269553303718567
1882,0.031697556376457214
1883,0.024127643555402756
1884,0.02341972477734089
1885,0.08440794795751572
1886,0.012646764516830444
1887,0.01308272872120142
1888,0.012646764516830444
1889,0.012646764516830444
1890,0.040398549288511276
1891,0.023967348039150238
1892,0.03454158455133438
1893,0.014355135150253773
1894,0.009230530820786953
1895,0.017971694469451904
1896,0.030594483017921448
1897,0.09182531386613846
1898,0.02095251902937889
1899,0.018772374838590622
1900,0.01498474832624197
1901,0.021386854350566864
1902,0.03925679624080658
1903,0.0015424150042235851
1904,0.025707416236400604
1905,0.03339799866080284
1906,0.03339799866080284
1907,0.03339799866080284
1908,0.03339799866080284
1909,0.03339799866080284
1910,0.03339799866080284
1911,0.03339799866080284
1912,0.02738483063876629
1913,0.022535812109708786
1914,0.07195308804512024
1915,0.026666121557354927
1916,0.023004842922091484
1917,0.023004842922091484
1918,0.019408782944083214
1919,0.021619310602545738
1920,0.0162860918790102
1921,0.025100862607359886
1922,0.0162860918790102
1923,0.017803946509957314
1924,0.017159659415483475
1925,0.017803946509957314
1926,0.016304373741149902
1927,0.028459925204515457
1928,0.03294191136956215
1929,0.048774223774671555
1930,0.03494710847735405
1931,0.06353407353162766
1932,0.09924712777137756
1933,0.021914662793278694
1934,0.0357748307287693
1935,0.021914662793278694
1936,0.00761027168482542
1937,0.015795350074768066
1938,0.013764123432338238
1939,0.018454065546393394
1940,0.04190998524427414
1941,0.01663968712091446
1942,0.02612350508570671
1943,0.03502723202109337
1944,0.061436381191015244
1945,0.039692237973213196
1946,0.017045659944415092
1947,0.016424333676695824
1948,0.039707764983177185
1949,0.0550597719848156
1950,0.018431179225444794
1951,0.023920569568872452
1952,0.016657507047057152
1953,0.047222819179296494
1954,0.02777492254972458
1955,0.028839189559221268
1956,0.02080204151570797
1957,0.04405669867992401
1958,0.01680045574903488
1959,0.015868034213781357
1960,0.01680045574903488
1961,0.01680045574903488
1962,0.01913934201002121
1963,0.01680045574903488
1964,0.01680045574903488
1965,0.03323117271065712
1966,0.01680045574903488
1967,0.01680045574903488
1968,0.017181426286697388
1969,0.01680045574903488
1970,0.01680045574903488
1971,0.016289666295051575
1972,0.03069177083671093
1973,0.01843801699578762
1974,0.020373795181512833
1975,0.017729738727211952
1976,0.014167968183755875
1977,0.014167968183755875
1978,0.01467137224972248
1979,0.01467137224972248
1980,0.020195340737700462
1981,0.016289666295051575
1982,0.018748948350548744
1983,0.02335112914443016
1984,0.02665344625711441
1985,0.019220661371946335
1986,0.022431660443544388
1987,0.023589516058564186
1988,0.018748948350548744
1989,0.044909894466400146
1990,0.024738898500800133
1991,0.08332084864377975
1992,0.02366863563656807
1993,0.018709445372223854
1994,0.02499319799244404
1995,0.00808367133140564
1996,0.02314494550228119
1997,0.048904288560152054
1998,0.03674424812197685
1999,0.019007505849003792
2000,0.026820125058293343
2001,0.01887267827987671
2002,0.023796329274773598
2003,0.14146383106708527
2004,0.038874488323926926
2005,0.030990002676844597
2006,0.015279138460755348
2007,0.01718215085566044
2008,0.03141463175415993
2009,0.052742257714271545
2010,0.014987149275839329
2011,0.014977529644966125
2012,0.019802726805210114
2013,0.03677042946219444
2014,0.02235383167862892
2015,0.01733318530023098
2016,0.026838060468435287
2017,0.023639816790819168
2018,0.05313596501946449
2019,0.02082809805870056
2020,0.026020007207989693
2021,0.026020007207989693
2022,0.028357820585370064
2023,0.026020007207989693
2024,0.026020007207989693
2025,0.026020007207989693
2026,0.06174379587173462
2027,0.04759414121508598
2028,0.03673643618822098
2029,0.018636280670762062
2030,0.02380465902388096
2031,0.0053578270599246025
2032,0.00868192594498396
2033,0.044685330241918564
2034,0.016879664734005928
2035,0.017232857644557953
2036,0.04810777306556702
2037,0.01161523163318634
2038,0.03405545651912689
2039,0.026272738352417946
2040,0.034206315875053406
2041,0.02777158096432686
2042,0.0214381106197834
2043,0.02190658450126648
2044,0.019603583961725235
2045,0.037398986518383026
2046,0.015212860889732838
2047,0.01876455917954445
2048,0.016552019864320755
2049,0.016435837373137474
2050,0.01577836088836193
2051,0.01579342968761921
2052,0.016069838777184486
2053,0.022350266575813293
2054,0.10156336426734924
2055,0.02700585499405861
2056,0.023984961211681366
2057,0.08705328404903412
2058,0.01637355424463749
2059,0.015052036382257938
2060,0.016071129590272903
2061,0.01760145276784897
2062,0.027609217911958694
2063,0.013564367778599262
2064,0.035364191979169846
2065,0.02521265298128128
2066,0.013398545794188976
2067,0.014988353475928307
2068,0.02790159545838833
2069,0.03651459515094757
2070,0.01580633968114853
2071,0.014435182325541973
2072,0.018796399235725403
2073,0.014987149275839329
2074,0.014988353475928307
2075,0.015750883147120476
2076,0.013735463842749596
2077,0.013735463842749596
2078,0.013735463842749596
2079,0.00808367133140564
2080,0.021973490715026855
2081,0.016933366656303406
2082,0.029977530241012573
2083,0.018796399235725403
2084,0.014142550528049469
2085,0.019782131537795067
2086,0.024904482066631317
2087,0.016352325677871704
2088,0.04789404943585396
2089,0.029165444895625114
2090,0.018933575600385666
2091,0.09175443649291992
2092,0.04129951447248459
2093,0.00811760313808918
2094,0.011693879961967468
2095,0.011591066606342793
2096,0.015196753665804863
2097,0.05107717588543892
2098,0.02968760021030903
2099,0.028944727033376694
2100,0.012440124526619911
2101,0.258103609085083
2102,0.047859810292720795
2103,0.02142307721078396
2104,0.016473744064569473
2105,0.021596038714051247
2106,0.021768510341644287
2107,0.02210613153874874
2108,0.01498474832624197
2109,0.04328461363911629
2110,0.06019336357712746
2111,0.02589222602546215
2112,0.01454254612326622
2113,0.05004876106977463
2114,0.0467839352786541
2115,0.011748302727937698
2116,0.020862054079771042
2117,0.010422595776617527
2118,0.017490830272436142
2119,0.017715774476528168
2120,0.013222970068454742
2121,0.018107468262314796
2122,0.04557620361447334
2123,0.08877456933259964
2124,0.0198019091039896
2125,0.021630816161632538
2126,0.030310261994600296
2127,0.03519388660788536
2128,0.035694900900125504
2129,0.04967845231294632
2130,0.018567467108368874
2131,0.022088466212153435
2132,0.09318017959594727
2133,0.02147514559328556
2134,0.0271224994212389
2135,0.02901177667081356
2136,0.03513256087899208
2137,0.03584897890686989
2138,0.03160054236650467
2139,0.029018988832831383
2140,0.025396721437573433
2141,0.07423483580350876
2142,0.01876281201839447
2143,0.023215601220726967
2144,0.014453930780291557
2145,0.021547917276620865
2146,0.027450835332274437
2147,0.05977380648255348
2148,0.01586174964904785
2149,0.03109283559024334
2150,0.01983417384326458
2151,0.042529355734586716
2152,0.013225783593952656
2153,0.013229523785412312
2154,0.013728844933211803
2155,0.019891168922185898
2156,0.006917975377291441
2157,0.014677571132779121
2158,0.01579342968761921
2159,0.022768355906009674
2160,0.024195954203605652
2161,0.010708770714700222
2162,0.024461690336465836
2163,0.02057916298508644
2164,0.012152761220932007
2165,0.015055075287818909
2166,0.020860059186816216
2167,0.01579342968761921
2168,0.01571456901729107
2169,0.013975244015455246
2170,0.022691242396831512
2171,0.01573825441300869
2172,0.016731949523091316
2173,0.016731949523091316
2174,0.037360209971666336
2175,0.01893508993089199
2176,0.012154713273048401
2177,0.008785883896052837
2178,0.012255553156137466
2179,0.013265357352793217
2180,0.020014038309454918
2181,0.10239417105913162
2182,0.02380523644387722
2183,0.017330318689346313
2184,0.017153790220618248
2185,0.017153790220618248
2186,0.014076060615479946
2187,0.02224559709429741
2188,0.010489317588508129
2189,0.01093647163361311
2190,0.011160898953676224
2191,0.008893116377294064
2192,0.008131282404065132
2193,0.016838345676660538
2194,0.024461690336465836
2195,0.05045854672789574
2196,0.01503754872828722
2197,0.01815981976687908
2198,0.017538849264383316
2199,0.00841156579554081
2200,0.017538849264383316
2201,0.008860263973474503
2202,0.0013606169959530234
2203,0.03376952186226845
2204,0.03881847858428955
2205,0.018107468262314796
2206,0.0017082520062103868
2207,0.01096857339143753
2208,0.029181594029068947
2209,0.029181594029068947
2210,0.024692025035619736
2211,0.006210534833371639
2212,0.06612056493759155
2213,0.03278142958879471
2214,0.015792163088917732
2215,0.015792163088917732
2216,0.016667954623699188
2217,0.016353638842701912
2218,0.013734360225498676
2219,0.012580902315676212
2220,0.016071129590272903
2221,0.014981139451265335
2222,0.016353638842701912
2223,0.01579342968761921
2224,0.020574238151311874
2225,0.029797613620758057
2226,0.006264910567551851
2227,0.008860979229211807
2228,0.012694420292973518
2229,0.019111884757876396
2230,0.020502176135778427
2231,0.03832913190126419
2232,0.014299821108579636
2233,0.015118404291570187
2234,0.02946673519909382
2235,0.014465373009443283
2236,0.006207016296684742
2237,0.018207721412181854
2238,0.019159087911248207
2239,0.03290297091007233
2240,0.02057916298508644
2241,0.017905334010720253
2242,0.014784141443669796
2243,0.01613241620361805
2244,0.02907308004796505
2245,0.036325134336948395
2246,0.044584911316633224
2247,0.05661330372095108
2248,0.019865820184350014
2249,0.019865820184350014
2250,0.011329114437103271
2251,0.02848801016807556
2252,0.03903478384017944
2253,0.03950104862451553
2254,0.00989149883389473
2255,0.008931857533752918
2256,0.008931857533752918
2257,0.012303503230214119
2258,0.014475994743406773
2259,0.016675801947712898
2260,0.011316629126667976
2261,0.0324777327477932
2262,0.017136184498667717
2263,0.019946271553635597
2264,0.01044162642210722
2265,0.03254444897174835
2266,0.014322906732559204
2267,0.03639665246009827
2268,0.013509996235370636
2269,0.019840756431221962
2270,0.016596227884292603
2271,0.015212860889732838
2272,0.0191142987459898
2273,0.017231475561857224
2274,0.020580805838108063
2275,0.015052036382257938
2276,0.01779305934906006
2277,0.01579342968761921
2278,0.012154713273048401
2279,0.015284047462046146
2280,0.015790896490216255
2281,0.020669396966695786
2282,0.018869390711188316
2283,0.016998356208205223
2284,0.015241112560033798
2285,0.01799996942281723
2286,0.01799996942281723
2287,0.015294801443815231
2288,0.01799996942281723
2289,0.01621457375586033
2290,0.01621457375586033
2291,0.01799996942281723
2292,0.027628570795059204
2293,0.012584954500198364
2294,0.01339537650346756
2295,0.01258596871048212
2296,0.013681676238775253
2297,0.020184947177767754
2298,0.02227894403040409
2299,0.024563614279031754
2300,0.025051068514585495
2301,0.02167966030538082
2302,0.02167966030538082
2303,0.020007653161883354
2304,0.040802761912345886
2305,0.03233854100108147
2306,0.025496909394860268
2307,0.01586174964904785
2308,0.019270772114396095
2309,0.020164266228675842
2310,0.020164266228675842
2311,0.014781767502427101
2312,0.017902465537190437
2313,0.011942904442548752
2314,0.03192339465022087
2315,0.028861453756690025
2316,0.010425861924886703
2317,0.021540803834795952
2318,0.018171269446611404
2319,0.020897826179862022
2320,0.013265357352793217
2321,0.013499216176569462
2322,0.009049797430634499
2323,0.017189625650644302
2324,0.022803857922554016
2325,0.022803857922554016
2326,0.022803857922554016
2327,0.023005882278084755
2328,0.016353759914636612
2329,0.022803857922554016
2330,0.026284366846084595
2331,0.022803857922554016
2332,0.026284366846084595
2333,0.028964590281248093
2334,0.022803857922554016
2335,0.022803857922554016
2336,0.011773902922868729
2337,0.05476760119199753
2338,0.022905690595507622
2339,0.059975724667310715
2340,0.012864612974226475
2341,0.04399727284908295
2342,0.01650707609951496
2343,0.03937549144029617
2344,0.015580114908516407
2345,0.02677549421787262
2346,0.013239300809800625
2347,0.04155191779136658
2348,0.025564564391970634
2349,0.022907515987753868
2350,0.020168937742710114
2351,0.04874689504504204
2352,0.023005882278084755
2353,0.013733254745602608
2354,0.03502998128533363
2355,0.022586341947317123
2356,0.01257988903671503
2357,0.059053439646959305
2358,0.016310064122080803
2359,0.018869390711188316
2360,0.016947191208600998
2361,0.008118916302919388
2362,0.020950689911842346
2363,0.014472506009042263
2364,0.01110686082392931
2365,0.010472741909325123
2366,0.017442647367715836
2367,0.020259186625480652
2368,0.07483229786157608
2369,0.0346405953168869
2370,0.006262879818677902
2371,0.020834313705563545
2372,0.08462803065776825
2373,0.017073405906558037
2374,0.014471350237727165
2375,0.01494399644434452
2376,0.017903899773955345
2377,0.014782962389290333
2378,0.03510798141360283
2379,0.020521771162748337
2380,0.027410956099629402
2381,0.016584264114499092
2382,0.008084326051175594
2383,0.014435182325541973
2384,0.019825387746095657
2385,0.010850433260202408
2386,0.010354103520512581
2387,0.030871236696839333
2388,0.016588244587183
2389,0.01322653517127037
2390,0.008535677567124367
2391,0.02548729069530964
2392,0.01724896766245365
2393,0.024571416899561882
2394,0.014988353475928307
2395,0.00808367133140564
2396,0.013735463842749596
2397,0.03429286554455757
2398,0.020574238151311874
2399,0.030610252171754837
2400,0.023231619969010353
2401,0.015787102282047272
2402,0.03401215001940727
2403,0.019462957978248596
2404,0.01258596871048212
2405,0.014988353475928307
2406,0.0197556484490633
2407,0.024718336760997772
2408,0.024718336760997772
2409,0.022830363363027573
2410,0.030744345858693123
2411,0.018945084884762764
2412,0.026492176577448845
2413,0.010564949363470078
2414,0.029850546270608902
2415,0.029176980257034302
2416,0.0162097979336977
2417,0.021299470216035843
2418,0.022140443325042725
2419,0.011437785811722279
2420,0.01759723201394081
2421,0.014475994743406773
2422,0.013265357352793217
2423,0.0240473672747612
2424,0.02281670644879341
2425,0.02055290713906288
2426,0.010424179956316948
2427,0.014987058006227016
2428,0.015674246475100517
2429,0.03650505840778351
2430,0.02337842807173729
2431,0.01901029795408249
2432,0.022037602961063385
2433,0.008845255710184574
2434,0.021714190021157265
2435,0.015480512753129005
2436,0.016596227884292603
2437,0.03616737201809883
2438,0.038287773728370667
2439,0.018746858462691307
2440,0.030797455459833145
2441,0.04004755988717079
2442,0.01258596871048212
2443,0.013027618639171124
2444,0.01258596871048212
2445,0.028315268456935883
2446,0.01405233796685934
2447,0.008860979229211807
2448,0.010420664213597775
2449,0.01793200708925724
2450,0.013249371200799942
2451,0.017229385673999786
2452,0.03612344339489937
2453,0.08108136802911758
2454,0.015022492967545986
2455,0.07593075186014175
2456,0.019123611971735954
2457,0.023224925622344017
2458,0.04517804831266403
2459,0.0248225349932909
2460,0.02703244239091873
2461,0.014990182593464851
2462,0.024689283221960068
2463,0.027446961030364037
2464,0.04233713820576668
2465,0.06918258219957352
2466,0.023380322381854057
2467,0.036579255014657974
2468,0.021307144314050674
2469,0.025056377053260803
2470,0.02126867137849331
2471,0.014431118033826351
2472,0.01978992484509945
2473,0.024315128102898598
2474,0.027012895792722702
2475,0.021159622818231583
2476,0.013903823681175709
2477,0.016927652060985565
2478,0.02226642146706581
2479,0.00884382613003254
2480,0.011502915993332863
2481,0.01811600662767887
2482,0.027934303507208824
2483,0.031220829114317894
2484,0.030452968552708626
2485,0.016404863446950912
2486,0.022383833304047585
2487,0.016625110059976578
2488,0.04817541316151619
2489,0.017232857644557953
2490,0.05845611169934273
2491,0.01725863665342331
2492,0.043910522013902664
2493,0.029054764658212662
2494,0.02580362744629383
2495,0.027612533420324326
2496,0.019463377073407173
2497,0.01568005234003067
2498,0.01495413389056921
2499,0.0439448244869709
2500,0.029193393886089325
2501,0.17471417784690857
2502,0.13757558166980743
2503,0.15991586446762085
2504,0.17471417784690857
2505,0.08197177946567535
2506,0.08175358921289444
2507,0.12683482468128204
2508,0.14766907691955566
2509,0.175055131316185
2510,0.25129300355911255
2511,0.29577791690826416
2512,0.29577791690826416
2513,0.25129300355911255
2514,0.25129300355911255
2515,0.6662847995758057
2516,0.3261207640171051
2517,0.3261207640171051
2518,0.25129300355911255
2519,0.16935665905475616
2520,0.25129300355911255
2521,0.10247430205345154
2522,0.02362665720283985
2523,0.037046004086732864
2524,0.04302414506673813
2525,0.027501260861754417
2526,0.02363041415810585
2527,0.02363041415810585
2528,0.039855219423770905
2529,0.03637845069169998
2530,0.08284933865070343
2531,0.013975828886032104
2532,0.01987396366894245
2533,0.02211453579366207
2534,0.022521739825606346
2535,0.014550025574862957
2536,0.022762740030884743
2537,0.06323995441198349
2538,0.030646145343780518
2539,0.07569332420825958
2540,0.04228781536221504
2541,0.021712839603424072
2542,0.046216487884521484
2543,0.021607814356684685
2544,0.01655600219964981
2545,0.10697461664676666
2546,0.11755946278572083
2547,0.07732285559177399
2548,0.04298781603574753
2549,0.01602979376912117
2550,0.06233085319399834
2551,0.02212347835302353
2552,0.028598109260201454
2553,0.010944737121462822
2554,0.019407784566283226
2555,0.012583941221237183
2556,0.01273038238286972
2557,0.017533279955387115
2558,0.018156271427869797
2559,0.013265357352793217
2560,0.011384188197553158
2561,0.016604043543338776
2562,0.02181118167936802
2563,0.016812337562441826
2564,0.00927678681910038
2565,0.011040991172194481
2566,0.027241332456469536
2567,0.02181118167936802
2568,0.010381389409303665
2569,0.018156271427869797
2570,0.01592014729976654
2571,0.02999119460582733
2572,0.03173280134797096
2573,0.02065456099808216
2574,0.019693998619914055
2575,0.017839595675468445
2576,0.022919293493032455
2577,0.011615145020186901
2578,0.008154967799782753
2579,0.03970465809106827
2580,0.013318604789674282
2581,0.014474832452833652
2582,0.01991521753370762
2583,0.028498925268650055
2584,0.029172364622354507
2585,0.00808367133140564
2586,0.017325762659311295
2587,0.03577695041894913
2588,0.039629608392715454
2589,0.010959725826978683
2590,0.017598312348127365
2591,0.014400454238057137
2592,0.014400454238057137
2593,0.02243654429912567
2594,0.013461116701364517
2595,0.012808003462851048
2596,0.0339617021381855
2597,0.0339617021381855
2598,0.01602979376912117
2599,0.024380983784794807
2600,0.023808155208826065
2601,0.01579342968761921
2602,0.034838154911994934
2603,0.01258191466331482
2604,0.01579342968761921
2605,0.02057916298508644
2606,0.022833053022623062
2607,0.013969633728265762
2608,0.01579342968761921
2609,0.01579342968761921
2610,0.02775128185749054
2611,0.023649878799915314
2612,0.02446846105158329
2613,0.018855823203921318
2614,0.014101799577474594
2615,0.01573897898197174
2616,0.009850097820162773
2617,0.01586174964904785
2618,0.026342332363128662
2619,0.023152494803071022
2620,0.022831235080957413
2621,0.03636600822210312
2622,0.013274210505187511
2623,0.015484772622585297
2624,0.024343391880393028
2625,0.025201065465807915
2626,0.022821279242634773
2627,0.02337566390633583
2628,0.018866075202822685
2629,0.022786488756537437
2630,0.015586968511343002
2631,0.020611489191651344
2632,0.03264107555150986
2633,0.02648485079407692
2634,0.021995840594172478
2635,0.010436498560011387
2636,0.042495932430028915
2637,0.01953708380460739
2638,0.04863540828227997
2639,0.058286577463150024
2640,0.04850497841835022
2641,0.029057195410132408
2642,0.023885102942585945
2643,0.016760559752583504
2644,0.049267686903476715
2645,0.029399776831269264
2646,0.016968749463558197
2647,0.014729693531990051
2648,0.02528645284473896
2649,0.024721913039684296
2650,0.02174026519060135
2651,0.019076839089393616
2652,0.008925368078052998
2653,0.021585708484053612
2654,0.03276593238115311
2655,0.03580711409449577
2656,0.030636467039585114
2657,0.08996481448411942
2658,0.017447305843234062
2659,0.050619956105947495
2660,0.010379713959991932
2661,0.016071129590272903
2662,0.015520453453063965
2663,0.02872263640165329
2664,0.020574238151311874
2665,0.021712839603424072
2666,0.02251952700316906
2667,0.05169857293367386
2668,0.03611776605248451
2669,0.023329490795731544
2670,0.018213311210274696
2671,0.014473669230937958
2672,0.015344831161201
2673,0.012560677714645863
2674,0.03322458639740944
2675,0.021602651104331017
2676,0.012919426895678043
2677,0.01680695451796055
2678,0.016812337562441826
2679,0.015052036382257938
2680,0.03463101387023926
2681,0.0424710288643837
2682,0.03463101387023926
2683,0.039024028927087784
2684,0.01648297905921936
2685,0.011670323088765144
2686,0.01373713742941618
2687,0.02244350127875805
2688,0.015792163088917732
2689,0.013264285400509834
2690,0.010382226668298244
2691,0.032383158802986145
2692,0.009987227618694305
2693,0.010427387431263924
2694,0.014784141443669796
2695,0.02974412590265274
2696,0.014784141443669796
2697,0.02293389104306698
2698,0.013795578852295876
2699,0.01373713742941618
2700,0.027713267132639885
2701,0.015252753160893917
2702,0.029179276898503304
2703,0.008860979229211807
2704,0.019154489040374756
2705,0.01723075844347477
2706,0.013000277802348137
2707,0.018745915964245796
2708,0.015784569084644318
2709,0.02272448129951954
2710,0.03000911884009838
2711,0.15390169620513916
2712,0.01604803465306759
2713,0.01906145177781582
2714,0.021209534257650375
2715,0.016353638842701912
2716,0.01725863665342331
2717,0.01725863665342331
2718,0.016071129590272903
2719,0.016071129590272903
2720,0.018970314413309097
2721,0.054065264761447906
2722,0.016353638842701912
2723,0.03618364408612251
2724,0.01434898842126131
2725,0.02363794483244419
2726,0.01592397317290306
2727,0.05085814371705055
2728,0.026606766507029533
2729,0.02057916298508644
2730,0.03632080927491188
2731,0.02290469966828823
2732,0.034643325954675674
2733,0.02410648763179779
2734,0.17606998980045319
2735,0.21531662344932556
2736,0.017839595675468445
2737,0.020612472668290138
2738,0.020612472668290138
2739,0.019997192546725273
2740,0.030426442623138428
2741,0.0158084686845541
2742,0.02916281670331955
2743,0.020566033199429512
2744,0.036615096032619476
2745,0.029023589566349983
2746,0.023230038583278656
2747,0.02593334950506687
2748,0.021302049979567528
2749,0.020538153126835823
2750,0.014780587516725063
2751,0.07950291037559509
2752,0.018548499792814255
2753,0.03954612836241722
2754,0.02736719325184822
2755,0.03867684677243233
2756,0.01709102839231491
2757,0.017232857644557953
2758,0.013796688057482243
2759,0.022854987531900406
2760,0.01443870272487402
2761,0.03147080913186073
2762,0.012240082025527954
2763,0.014494217000901699
2764,0.0179166067391634
2765,0.02966706082224846
2766,0.024036740884184837
2767,0.01915675960481167
2768,0.017232857644557953
2769,0.026092423126101494
2770,0.016351014375686646
2771,0.03495214879512787
2772,0.016071129590272903
2773,0.016353638842701912
2774,0.03021487407386303
2775,0.03639659285545349
2776,0.03183171898126602
2777,0.025913039222359657
2778,0.024677161127328873
2779,0.015750883147120476
2780,0.022833053022623062
2781,0.021217167377471924
2782,0.032328687608242035
2783,0.032328687608242035
2784,0.015878992155194283
2785,0.013350317254662514
2786,0.020101597532629967
2787,0.022865034639835358
2788,0.030651526525616646
2789,0.017230095341801643
2790,0.01639637164771557
2791,0.020574238151311874
2792,0.045082300901412964
2793,0.017230095341801643
2794,0.016355624422430992
2795,0.06168311834335327
2796,0.03189554065465927
2797,0.021618541330099106
2798,0.022915320470929146
2799,0.01730174943804741
2800,0.017190270125865936
2801,0.029344448819756508
2802,0.020386921241879463
2803,0.0365142859518528
2804,0.030616795644164085
2805,0.02488432265818119
2806,0.02488432265818119
2807,0.035221658647060394
2808,0.015369697473943233
2809,0.04931337386369705
2810,0.010472741909325123
2811,0.024718349799513817
2812,0.021747810766100883
2813,0.03150799870491028
2814,0.05966411158442497
2815,0.016248632222414017
2816,0.016466544941067696
2817,0.0868123322725296
2818,0.034643325954675674
2819,0.0321618914604187
2820,0.03451557829976082
2821,0.010382226668298244
2822,0.01170592661947012
2823,0.034643325954675674
2824,0.01680399291217327
2825,0.009536108933389187
2826,0.030698124319314957
2827,0.01834024116396904
2828,0.015578857623040676
2829,0.008150355890393257
2830,0.029072189703583717
2831,0.02230529487133026
2832,0.015247862786054611
2833,0.020501332357525826
2834,0.028991520404815674
2835,0.045306529849767685
2836,0.023232098668813705
2837,0.013825887814164162
2838,0.023147743195295334
2839,0.012051825411617756
2840,0.02202385477721691
2841,0.02561979368329048
2842,0.013001696206629276
2843,0.02230529487133026
2844,0.02599971741437912
2845,0.02424231357872486
2846,0.03864026069641113
2847,0.0121648283675313
2848,0.016426336020231247
2849,0.023457570001482964
2850,0.014990182593464851
2851,0.023147743195295334
2852,0.017826642841100693
2853,0.012032321654260159
2854,0.018869193270802498
2855,0.006233119405806065
2856,0.01912587881088257
2857,0.3766898214817047
2858,0.010419822297990322
2859,0.010412263683974743
2860,0.05637136846780777
2861,0.017216309905052185
2862,0.21764959394931793
2863,0.010367169044911861
2864,0.0232270285487175
2865,0.023144051432609558
2866,0.034653857350349426
2867,0.02750561758875847
2868,0.010379713959991932
2869,0.032800499349832535
2870,0.057434603571891785
2871,0.022763218730688095
2872,0.017179131507873535
2873,0.017179131507873535
2874,0.03432072326540947
2875,0.016342518851161003
2876,0.019226308912038803
2877,0.04323958232998848
2878,0.024305470287799835
2879,0.011862103827297688
2880,0.012660137377679348
2881,0.019152957946062088
2882,0.0355999693274498
2883,0.015942182391881943
2884,0.010957809165120125
2885,0.018742192536592484
2886,0.014436938799917698
2887,0.04516362026333809
2888,0.011166593991219997
2889,0.03056933544576168
2890,0.015463161282241344
2891,0.022852839902043343
2892,0.015819014981389046
2893,0.016347087919712067
2894,0.012584954500198364
2895,0.06263629347085953
2896,0.013732725754380226
2897,0.009678183123469353
2898,0.030350998044013977
2899,0.016353638842701912
2900,0.0699373111128807
2901,0.01373713742941618
2902,0.02446846105158329
2903,0.09079328924417496
2904,0.07203837484121323
2905,0.021705688908696175
2906,0.023147743195295334
2907,0.016353638842701912
2908,0.021580377593636513
2909,0.025726711377501488
2910,0.006983584724366665
2911,0.024559706449508667
2912,0.01730518601834774
2913,0.0449979230761528
2914,0.01916036754846573
2915,0.017909443005919456
2916,0.02224559709429741
2917,0.014988353475928307
2918,0.016351014375686646
2919,0.01979323849081993
2920,0.013848121277987957
2921,0.06057233735918999
2922,0.03786955401301384
2923,0.04657099395990372
2924,0.03975645825266838
2925,0.010318662039935589
2926,0.060250334441661835
2927,0.053795523941516876
2928,0.024664999917149544
2929,0.039655651897192
2930,0.013912076130509377
2931,0.016355624422430992
2932,0.021200280636548996
2933,0.020996443927288055
2934,0.01671229489147663
2935,0.03169005736708641
2936,0.0280876737087965
2937,0.015253977850079536
2938,0.013793360441923141
2939,0.014536364935338497
2940,0.013580085709691048
2941,0.022329531610012054
2942,0.01570642739534378
2943,0.019101900979876518
2944,0.018105272203683853
2945,0.036326512694358826
2946,0.012587503530085087
2947,0.03220387175679207
2948,0.017833195626735687
2949,0.016353638842701912
2950,0.017222482711076736
2951,0.024323545396327972
2952,0.016353638842701912
2953,0.017841024324297905
2954,0.012584954500198364
2955,0.008154967799782753
2956,0.017222482711076736
2957,0.037949949502944946
2958,0.037949949502944946
2959,0.016987411305308342
2960,0.012625127099454403
2961,0.008084326051175594
2962,0.016353638842701912
2963,0.016353638842701912
2964,0.028897350654006004
2965,0.023573849350214005
2966,0.014960979111492634
2967,0.01141242403537035
2968,0.013725534081459045
2969,0.015745827928185463
2970,0.016400201246142387
2971,0.02404920943081379
2972,0.03165636956691742
2973,0.029027456417679787
2974,0.017113856971263885
2975,0.03054741583764553
2976,0.020580805838108063
2977,0.01373383030295372
2978,0.016349703073501587
2979,0.025546250864863396
2980,0.027332082390785217
2981,0.07692818343639374
2982,0.01587808132171631
2983,0.02923896722495556
2984,0.029054993763566017
2985,0.06462981551885605
2986,0.01633676514029503
2987,0.02300954982638359
2988,0.026014719158411026
2989,0.013452748768031597
2990,0.02120703086256981
2991,0.04267541691660881
2992,0.00915442407131195
2993,0.024502666667103767
2994,0.02658255584537983
2995,0.02175586111843586
2996,0.01859012432396412
2997,0.017253825441002846
2998,0.03791724145412445
2999,0.06196175143122673
3000,0.024742765352129936
3001,0.024742765352129936
3002,0.013341826386749744
3003,0.021693816408514977
3004,0.018884561955928802
3005,0.015259106643497944
3006,0.018039042130112648
3007,0.03121221624314785
3008,0.03612584248185158
3009,0.017615631222724915
3010,0.02488214336335659
3011,0.03353874012827873
3012,0.017256584018468857
3013,0.0246820617467165
3014,0.01779351755976677
3015,0.01423549372702837
3016,0.011721089482307434
3017,0.018618715927004814
3018,0.01723075844347477
3019,0.03020394593477249
3020,0.02924315445125103
3021,0.014474832452833652
3022,0.018465038388967514
3023,0.016634294763207436
3024,0.011372806504368782
3025,0.01905660331249237
3026,0.0161425918340683
3027,0.032688554376363754
3028,0.021535377949476242
3029,0.023637913167476654
3030,0.018113786354660988
3031,0.025921259075403214
3032,0.02852795086801052
3033,0.012741505168378353
3034,0.044037215411663055
3035,0.017569901421666145
3036,0.08337369561195374
3037,0.039399269968271255
3038,0.02277810499072075
3039,0.021074755117297173
3040,0.02332206629216671
3041,0.030582718551158905
3042,0.0349603034555912
3043,0.01165376789867878
3044,0.02054142951965332
3045,0.06955752521753311
3046,0.022846484556794167
3047,0.023147743195295334
3048,0.011576528660953045
3049,0.029197437688708305
3050,0.01450105756521225
3051,0.01037385780364275
3052,0.05772581323981285
3053,0.05772581323981285
3054,0.014853172935545444
3055,0.026108836755156517
3056,0.01476635318249464
3057,0.22901059687137604
3058,0.016354311257600784
3059,0.02694462612271309
3060,0.036506712436676025
3061,0.011186403222382069
3062,0.016354311257600784
3063,0.016192059963941574
3064,0.03685452789068222
3065,0.03391267731785774
3066,0.02718985825777054
3067,0.018829727545380592
3068,0.015316540375351906
3069,0.03147329390048981
3070,0.017183028161525726
3071,0.034838154911994934
3072,0.012110147625207901
3073,0.043530143797397614
3074,0.06137654930353165
3075,0.015791814774274826
3076,0.012735310010612011
3077,0.016352325677871704
3078,0.012682974338531494
3079,0.020605724304914474
3080,0.0129598593339324
3081,0.014392146840691566
3082,0.018270554021000862
3083,0.03150271996855736
3084,0.014162003062665462
3085,0.016355624422430992
3086,0.027211686596274376
3087,0.029575809836387634
3088,0.025668270885944366
3089,0.016423016786575317
3090,0.02430902048945427
3091,0.024464573711156845
3092,0.03759298473596573
3093,0.014474233612418175
3094,0.026294272392988205
3095,0.02327386848628521
3096,0.03366615250706673
3097,0.024659080430865288
3098,0.03285340592265129
3099,0.02255178801715374
3100,0.01520159374922514
3101,0.017232228070497513
3102,0.01818467676639557
3103,0.02395457588136196
3104,0.035493601113557816
3105,0.035493601113557816
3106,0.021854523569345474
3107,0.021854523569345474
3108,0.021854523569345474
3109,0.02197326347231865
3110,0.03440714627504349
3111,0.012539475224912167
3112,0.015698373317718506
3113,0.012539475224912167
3114,0.011713315732777119
3115,0.021854523569345474
3116,0.0205440204590559
3117,0.01090505812317133
3118,0.015757042914628983
3119,0.020987898111343384
3120,0.020987898111343384
3121,0.01090505812317133
3122,0.020987898111343384
3123,0.020987898111343384
3124,0.02545759826898575
3125,0.020987898111343384
3126,0.020987898111343384
3127,0.020987898111343384
3128,0.0077876439318060875
3129,0.017231475561857224
3130,0.014449291862547398
3131,0.012401923537254333
3132,0.03639520704746246
3133,0.02908250503242016
3134,0.01953788660466671
3135,0.016347087919712067
3136,0.019455602392554283
3137,0.02922278270125389
3138,0.041157808154821396
3139,0.041157808154821396
3140,0.015786530449986458
3141,0.017232857644557953
3142,0.014326676726341248
3143,0.010732479393482208
3144,0.029644154012203217
3145,0.02750561758875847
3146,0.01912667043507099
3147,0.015786530449986458
3148,0.016798589378595352
3149,0.034516770392656326
3150,0.02634241059422493
3151,0.006197476293891668
3152,0.01960044540464878
3153,0.044918421655893326
3154,0.014435182325541973
3155,0.014435182325541973
3156,0.027106566354632378
3157,0.04981659725308418
3158,0.014421280473470688
3159,0.012864612974226475
3160,0.021467430517077446
3161,0.048603400588035583
3162,0.018105272203683853
3163,0.016353638842701912
3164,0.016353638842701912
3165,0.012580902315676212
3166,0.01723075844347477
3167,0.021235404536128044
3168,0.019071226939558983
3169,0.01953260786831379
3170,0.01724206656217575
3171,0.018854936584830284
3172,0.013733254745602608
3173,0.013723324984312057
3174,0.016908975318074226
3175,0.014979934319853783
3176,0.0178082175552845
3177,0.023247728124260902
3178,0.019873151555657387
3179,0.016352325677871704
3180,0.014474832452833652
3181,0.03332942724227905
3182,0.012694450095295906
3183,0.016494067385792732
3184,0.01674588769674301
3185,0.06637746095657349
3186,0.03400387242436409
3187,0.017327630892395973
3188,0.03101150132715702
3189,0.013006092049181461
3190,0.03126731514930725
3191,0.013788360171020031
3192,0.015592200681567192
3193,0.015592200681567192
3194,0.012582927010953426
3195,0.01718215085566044
3196,0.014965560287237167
3197,0.01952481083571911
3198,0.024041566997766495
3199,0.024037741124629974
3200,0.011514963582158089
3201,0.012289587408304214
3202,0.010522455908358097
3203,0.010522455908358097
3204,0.010522455908358097
3205,0.017436077818274498
3206,0.01373713742941618
3207,0.016117339953780174
3208,0.01041097566485405
3209,0.020501332357525826
3210,0.021908439695835114
3211,0.025232164189219475
3212,0.03934778273105621
3213,0.02310175448656082
3214,0.03682062029838562
3215,0.03558465465903282
3216,0.016423700377345085
3217,0.010378876700997353
3218,0.012318508699536324
3219,0.012318508699536324
3220,0.024248259142041206
3221,0.03474381938576698
3222,0.030126947909593582
3223,0.04801729694008827
3224,0.01519987266510725
3225,0.01503411028534174
3226,0.017230095341801643
3227,0.047327008098363876
3228,0.024538246914744377
3229,0.02446558326482773
3230,0.01517490390688181
3231,0.03256669268012047
3232,0.01585666835308075
3233,0.006132820621132851
3234,0.02480374090373516
3235,0.02699088118970394
3236,0.0249077919870615
3237,0.006210534833371639
3238,0.008806770667433739
3239,0.012577236630022526
3240,0.010978074744343758
3241,0.035379014909267426
3242,0.013431362807750702
3243,0.027910009026527405
3244,0.030607450753450394
3245,0.036318883299827576
3246,0.015515347942709923
3247,0.04207521304488182
3248,0.02947801724076271
3249,0.05290743708610535
3250,0.011518671177327633
3251,0.021415015682578087
3252,0.018104571849107742
3253,0.013693979009985924
3254,0.016064690425992012
3255,0.017807457596063614
3256,0.01208578422665596
3257,0.01689935475587845
3258,0.024471422657370567
3259,0.02049969509243965
3260,0.018793396651744843
3261,0.019292734563350677
3262,0.016926588490605354
3263,0.05560804530978203
3264,0.031147511675953865
3265,0.05915442854166031
3266,0.032209012657403946
3267,0.027318313717842102
3268,0.012503757141530514
3269,0.014773951843380928
3270,0.03243521600961685
3271,0.04010617733001709
3272,0.029057292267680168
3273,0.03535384312272072
3274,0.021019844338297844
3275,0.03173176199197769
3276,5.783622691524215e-5
3277,0.016902199015021324
3278,0.022755634039640427
3279,0.028257673606276512
3280,0.02545734867453575
3281,0.049193374812603
3282,0.026725923642516136
3283,0.022924767807126045
3284,0.02528645284473896
3285,0.020501332357525826
3286,0.04454987496137619
3287,0.037203576415777206
3288,0.03296847641468048
3289,0.03702300414443016
3290,0.0385303869843483
3291,0.016119321808218956
3292,0.01191822811961174
3293,0.01163185853511095
3294,0.01481509581208229
3295,0.027509979903697968
3296,0.13124646246433258
3297,0.03817971050739288
3298,0.03872895985841751
3299,0.021513566374778748
3300,0.038751762360334396
3301,0.06309739500284195
3302,0.028289655223488808
3303,0.0401667095720768
3304,0.09681493788957596
3305,0.05853477865457535
3306,0.03280910104513168
3307,0.033403314650058746
3308,0.11940331012010574
3309,0.022003892809152603
3310,0.1147080659866333
3311,0.0871468037366867
3312,0.04242218658328056
3313,0.040885452181100845
3314,0.024090738967061043
3315,0.043079081922769547
3316,0.07110106199979782
3317,0.010846385732293129
3318,0.03472485765814781
3319,0.04633573815226555
3320,0.00806801114231348
3321,0.03448054566979408
3322,0.018334096297621727
3323,0.02707630954682827
3324,0.01889611780643463
3325,0.026899538934230804
3326,0.026467198505997658
3327,0.012863578274846077
3328,0.015212860889732838
3329,0.02699301391839981
3330,0.044246453791856766
3331,0.03693804517388344
3332,0.02627188339829445
3333,0.025720518082380295
3334,0.0659104734659195
3335,0.022782329469919205
3336,0.012554233893752098
3337,0.05533131957054138
3338,0.03653229773044586
3339,0.0191310103982687
3340,0.014714973978698254
3341,0.039248112589120865
3342,0.03917437046766281
3343,0.01723075844347477
3344,0.02401425875723362
3345,0.014475994743406773
3346,0.015276256017386913
3347,0.04265519976615906
3348,0.017229385673999786
3349,0.02666694112122059
3350,0.015778975561261177
3351,0.01723075844347477
3352,0.014982962049543858
3353,0.014982962049543858
3354,0.014982962049543858
3355,0.016925232484936714
3356,0.017303135246038437
3357,0.014466697350144386
3358,0.037407588213682175
3359,0.024090496823191643
3360,0.01863197423517704
3361,0.011591208167374134
3362,0.024186385795474052
3363,0.07013025879859924
3364,0.054899077862501144
3365,0.020031601190567017
3366,0.03834759443998337
3367,0.02484825626015663
3368,0.025032421573996544
3369,0.02640271745622158
3370,0.11893509328365326
3371,0.006209528539329767
3372,0.022044317796826363
3373,0.019766515120863914
3374,0.02163398638367653
3375,0.024677453562617302
3376,0.046892501413822174
3377,0.012992650270462036
3378,0.03889454901218414
3379,0.02056630700826645
3380,0.05122821033000946
3381,0.023105056956410408
3382,0.020794233307242393
3383,0.03241107240319252
3384,0.03241107240319252
3385,0.035978905856609344
3386,0.025262847542762756
3387,0.016483528539538383
3388,0.020794233307242393
3389,0.018871143460273743
3390,0.06635276228189468
3391,0.04251367226243019
3392,0.028998401015996933
3393,0.027911154553294182
3394,0.02124301716685295
3395,0.027669737115502357
3396,0.01731402799487114
3397,0.042335499078035355
3398,0.015791555866599083
3399,0.04099176079034805
3400,0.0305153988301754
3401,0.0194610133767128
3402,0.034654952585697174
3403,0.016435837373137474
3404,0.01996379904448986
3405,0.021596038714051247
3406,0.026974109932780266
3407,0.021596038714051247
3408,0.05272909253835678
3409,0.04207984730601311
3410,0.032825350761413574
3411,0.01606922224164009
3412,0.01606922224164009
3413,0.027092713862657547
3414,0.02159692533314228
3415,0.04837489500641823
3416,0.023450501263141632
3417,0.017836738377809525
3418,0.0332879014313221
3419,0.020549139007925987
3420,0.020549139007925987
3421,0.020549139007925987
3422,0.020549139007925987
3423,0.020549139007925987
3424,0.020549139007925987
3425,0.020549139007925987
3426,0.020549139007925987
3427,0.031774409115314484
3428,0.03197986260056496
3429,0.030097203329205513
3430,0.01447018701583147
3431,0.020520493388175964
3432,0.017836738377809525
3433,0.022235650569200516
3434,0.038364239037036896
3435,0.016097374260425568
3436,0.04758123308420181
3437,0.04098711162805557
3438,0.03621279075741768
3439,0.027664553374052048
3440,0.017746130004525185
3441,0.055291954427957535
3442,0.015957113355398178
3443,0.03842365741729736
3444,0.01927548088133335
3445,0.006193964742124081
3446,0.013673712499439716
3447,0.1033068597316742
3448,0.02268972434103489
3449,0.029262300580739975
3450,0.008070617914199829
3451,0.05951143428683281
3452,0.02161983959376812
3453,0.032915323972702026
3454,0.026319488883018494
3455,0.03406877443194389
3456,0.0248954389244318
3457,0.031235789880156517
3458,0.04332243651151657
3459,0.024722419679164886
3460,0.013879099860787392
3461,0.02290404960513115
3462,0.020325083285570145
3463,0.04362441599369049
3464,0.016324639320373535
3465,0.029639167711138725
3466,0.0459602028131485
3467,0.022074660286307335
3468,0.008860979229211807
3469,0.01603638380765915
3470,0.0222951490432024
3471,0.016033809632062912
3472,0.008083018474280834
3473,0.01579746976494789
3474,0.018866216763854027
3475,0.056543003767728806
3476,0.03278793394565582
3477,0.10601212829351425
3478,0.03256860002875328
3479,0.03473090007901192
3480,0.04236149415373802
3481,0.02731715515255928
3482,0.05725577846169472
3483,0.02630261704325676
3484,0.030425190925598145
3485,0.02010105364024639
3486,0.014978732913732529
3487,0.017228003591299057
3488,0.015520453453063965
3489,0.02446526288986206
3490,0.0430607832968235
3491,0.016932010650634766
3492,0.06728468835353851
3493,0.011148144491016865
3494,0.027044272050261497
3495,0.015838848426938057
3496,0.015195312909781933
3497,0.020559316501021385
3498,0.016028696671128273
3499,0.019535310566425323
3500,0.02520965225994587
3501,0.020430319011211395
3502,0.06502474844455719
3503,0.0271599180996418
3504,0.021484455093741417
3505,0.022023450583219528
3506,0.01921708881855011
3507,0.04645340517163277
3508,0.09690480679273605
3509,0.03379267454147339
3510,0.014538038522005081
3511,0.01691715605556965
3512,0.044627685099840164
3513,0.01725856401026249
3514,0.03094811923801899
3515,0.03578917682170868
3516,0.0312550850212574
3517,0.0227707177400589
3518,0.01725856401026249
3519,0.0246381014585495
3520,0.017352500930428505
3521,0.04570465534925461
3522,0.02645036019384861
3523,0.035245705395936966
3524,0.03748972341418266
3525,0.050800517201423645
3526,0.02435930259525776
3527,0.02894309163093567
3528,0.02435930259525776
3529,0.02894309163093567
3530,0.019411331042647362
3531,0.024834634736180305
3532,0.019411331042647362
3533,0.019411331042647362
3534,0.024834634736180305
3535,0.019411331042647362
3536,0.040292225778102875
3537,0.03676453232765198
3538,0.030873384326696396
3539,0.029890548437833786
3540,0.01945945806801319
3541,0.01748635806143284
3542,0.024718493223190308
3543,0.022103477269411087
3544,0.060558680444955826
3545,0.035077858716249466
3546,0.02888322062790394
3547,0.033624596893787384
3548,0.033624596893787384
3549,0.032230839133262634
3550,0.08813376724720001
3551,0.018995016813278198
3552,0.026534657925367355
3553,0.0278227087110281
3554,0.0632561594247818
3555,0.017515473067760468
3556,0.03312133997678757
3557,0.014585970900952816
3558,0.020502176135778427
3559,0.023424753919243813
3560,0.02684161253273487
3561,0.03825962543487549
3562,0.02362070418894291
3563,0.03825962543487549
3564,0.035715777426958084
3565,0.03492705151438713
3566,0.07100427150726318
3567,0.022344699129462242
3568,0.07378687709569931
3569,0.026179907843470573
3570,0.0652555376291275
3571,0.07356208562850952
3572,0.02762318029999733
3573,0.049936775118112564
3574,0.03873666375875473
3575,0.040680110454559326
3576,0.028909072279930115
3577,0.04851575195789337
3578,0.023257559165358543
3579,0.03364896401762962
3580,0.06210179999470711
3581,0.026527801528573036
3582,0.0256322231143713
3583,0.10827496647834778
3584,0.03428838774561882
3585,0.04427305981516838
3586,0.0528038814663887
3587,0.0410425066947937
3588,0.05340194329619408
3589,0.03518560156226158
3590,0.030152248218655586
3591,0.08079524338245392
3592,0.04964519292116165
3593,0.05321996286511421
3594,0.05321996286511421
3595,0.031090740114450455
3596,0.06861834228038788
3597,0.028887731954455376
3598,0.019936086609959602
3599,0.019936086609959602
3600,0.02371063083410263
3601,0.02371063083410263
3602,0.0403255932033062
3603,0.03612499684095383
3604,0.03329608961939812
3605,0.030756667256355286
3606,0.03329608961939812
3607,0.03238474950194359
3608,0.026079505681991577
3609,0.02754693664610386
3610,0.02569168247282505
3611,0.048974066972732544
3612,0.0209085363894701
3613,0.03748972341418266
3614,0.03329608961939812
3615,0.006856127176433802
3616,0.017535414546728134
3617,0.022360093891620636
3618,0.035755615681409836
3619,0.03386971727013588
3620,0.056407734751701355
3621,0.024790307506918907
3622,0.02911754511296749
3623,0.0476221926510334
3624,0.008080407977104187
3625,0.008080407977104187
3626,0.03370353952050209
3627,0.03061249665915966
3628,0.018245041370391846
3629,0.021587437018752098
3630,0.022000102326273918
3631,0.01954488456249237
3632,0.024061422795057297
3633,0.02284466288983822
3634,0.06361027806997299
3635,0.03698808327317238
3636,0.021213049069046974
3637,0.029232537373900414
3638,0.050358306616544724
3639,0.01927141100168228
3640,0.024963364005088806
3641,0.024440353736281395
3642,0.052720554172992706
3643,0.08946984261274338
3644,0.021585708484053612
3645,0.025694582611322403
3646,0.020912108942866325
3647,0.04171120747923851
3648,0.01442822813987732
3649,0.015998026356101036
3650,0.02494713105261326
3651,0.019879277795553207
3652,0.021345464512705803
3653,0.06457991898059845
3654,0.027985621243715286
3655,0.021713467314839363
3656,0.03254830464720726
3657,0.02036520466208458
3658,0.00778701389208436
3659,0.07976958900690079
3660,0.03476393222808838
3661,0.03476393222808838
3662,0.010255307890474796
3663,0.03476393222808838
3664,0.03476393222808838
3665,0.03476393222808838
3666,0.03476393222808838
3667,0.019461823627352715
3668,0.03476393222808838
3669,0.027612533420324326
3670,0.30642178654670715
3671,0.02203451469540596
3672,0.0282162856310606
3673,0.029254458844661713
3674,0.02339659444987774
3675,0.02177671156823635
3676,0.043444517999887466
3677,0.055898480117321014
3678,0.01657850109040737
3679,0.025225194171071053
3680,0.012907914817333221
3681,0.038867611438035965
3682,0.032666806131601334
3683,0.036197107285261154
3684,0.03885193169116974
3685,0.02337036281824112
3686,0.040205635130405426
3687,0.02809404954314232
3688,0.02856542356312275
3689,0.02856542356312275
3690,0.027295231819152832
3691,0.02856542356312275
3692,0.02856542356312275
3693,0.02856542356312275
3694,0.027295231819152832
3695,0.02856542356312275
3696,0.027621561661362648
3697,0.027621561661362648
3698,0.027295231819152832
3699,0.03292130306363106
3700,0.04535485431551933
3701,0.032664936035871506
3702,0.006210534833371639
3703,0.07004180550575256
3704,0.0390072762966156
3705,0.04921402037143707
3706,0.06751827895641327
3707,0.06800617277622223
3708,0.04447276145219803
3709,0.22696450352668762
3710,0.09325907379388809
3711,0.026053858920931816
3712,0.026053858920931816
3713,0.060188230127096176
3714,0.06200796365737915
3715,0.049289919435977936
3716,0.03197218105196953
3717,0.017726771533489227
3718,0.015268267132341862
3719,0.027506668120622635
3720,0.022440938279032707
3721,0.022344931960105896
3722,0.035466719418764114
3723,0.0684349313378334
3724,0.03894396126270294
3725,0.019213931635022163
3726,0.030495384708046913
3727,0.048646923154592514
3728,0.02996455319225788
3729,0.05084165558218956
3730,0.020748842507600784
3731,0.05084165558218956
3732,0.0187806598842144
3733,0.12953823804855347
3734,0.05399230867624283
3735,0.0709780678153038
3736,0.10213614255189896
3737,0.014603538438677788
3738,0.03886593505740166
3739,0.02129959873855114
3740,0.021594315767288208
3741,0.025784442201256752
3742,0.022053396329283714
3743,0.014603538438677788
3744,0.16537116467952728
3745,0.017296455800533295
3746,0.030416827648878098
3747,0.0323815643787384
3748,0.026278717443346977
3749,0.020145505666732788
3750,0.03166968747973442
3751,0.03900313749909401
3752,0.031240280717611313
3753,0.02449996955692768
3754,0.02449996955692768
3755,0.038772910833358765
3756,0.012975356541574001
3757,0.030841711908578873
3758,0.031240280717611313
3759,0.02562619373202324
3760,0.06568067520856857
3761,0.026898887008428574
3762,0.029158644378185272
3763,0.020049478858709335
3764,0.025983603671193123
3765,0.057540375739336014
3766,0.008818866685032845
3767,0.04551488906145096
3768,0.05579771101474762
3769,0.01776629500091076
3770,0.019414369016885757
3771,0.035824429243803024
3772,0.0254504531621933
3773,0.028242511674761772
3774,0.008980445563793182
3775,0.02418913133442402
3776,0.01874920167028904
3777,0.07274617999792099
3778,0.03814789652824402
3779,0.021273130550980568
3780,0.05441296473145485
3781,0.047466881573200226
3782,0.024685699492692947
3783,0.02304902859032154
3784,0.05829333886504173
3785,0.07469993829727173
3786,0.07469993829727173
3787,0.006207522004842758
3788,0.029010675847530365
3789,0.015980515629053116
3790,0.02261318452656269
3791,0.01563735119998455
3792,0.03312738984823227
3793,0.03254345804452896
3794,0.032082539051771164
3795,0.015811406075954437
3796,0.01479845680296421
3797,0.03254345804452896
3798,0.013519048690795898
3799,0.01631692238152027
3800,0.03254345804452896
3801,0.032556287944316864
3802,0.03254345804452896
3803,0.04396684840321541
3804,0.028018729761242867
3805,0.01880601979792118
3806,0.025093205273151398
3807,0.017434649169445038
3808,0.06306539475917816
3809,0.10998757183551788
3810,0.020371127873659134
3811,0.03157149627804756
3812,0.021528180688619614
3813,0.014327598735690117
3814,0.013131753541529179
3815,0.024976544082164764
3816,0.033325884491205215
3817,0.021087301895022392
3818,0.07118503749370575
3819,0.007715582847595215
3820,0.05701335147023201
3821,0.04161382094025612
3822,0.04004455357789993
3823,0.031063755974173546
3824,0.04000680148601532
3825,0.020184384658932686
3826,0.019495557993650436
3827,0.019495557993650436
3828,0.019495557993650436
3829,0.027657808735966682
3830,0.03068457916378975
3831,0.020184384658932686
3832,0.029338432475924492
3833,0.007074850145727396
3834,0.06199004501104355
3835,0.06462850421667099
3836,0.03108571097254753
3837,0.015908585861325264
3838,0.023255351930856705
3839,0.02886682190001011
3840,0.05698942393064499
3841,0.04495726525783539
3842,0.09361401200294495
3843,0.01944858767092228
3844,0.014327598735690117
3845,0.02782444842159748
3846,0.014327598735690117
3847,0.02782444842159748
3848,0.023255351930856705
3849,0.032017726451158524
3850,0.029476677998900414
3851,0.01860455423593521
3852,0.028880525380373
3853,0.02419945038855076
3854,0.02888738177716732
3855,0.023255351930856705
3856,0.02228427492082119
3857,0.023069314658641815
3858,0.023940203711390495
3859,0.02228427492082119
3860,0.02228427492082119
3861,0.014327598735690117
3862,0.02228427492082119
3863,0.02472122386097908
3864,0.02607286348938942
3865,0.022984886541962624
3866,0.016835132613778114
3867,0.05609054118394852
3868,0.024671273306012154
3869,0.05725838989019394
3870,0.016286442056298256
3871,0.04837317392230034
3872,0.06727775931358337
3873,0.05091556906700134
3874,0.023052694275975227
3875,0.018134579062461853
3876,0.040805280208587646
3877,0.08370321989059448
3878,0.03327350318431854
3879,0.028859972953796387
3880,0.017843538895249367
3881,0.01970030553638935
3882,0.26835551857948303
3883,0.075943224132061
3884,0.02458333969116211
3885,0.026659095659852028
3886,0.04620761424303055
3887,0.04997933655977249
3888,0.013994741253554821
3889,0.057817183434963226
3890,0.02608618326485157
3891,0.056452732533216476
3892,0.016930650919675827
3893,0.016337912529706955
3894,0.028055965900421143
3895,0.03763411566615105
3896,0.028645528480410576
3897,0.06773246824741364
3898,0.06773246824741364
3899,0.06806748360395432
3900,0.006210534833371639
3901,0.03030438907444477
3902,0.02847033552825451
3903,0.018984926864504814
3904,0.015282539650797844
3905,0.02847033552825451
3906,0.019878726452589035
3907,0.0554998517036438
3908,0.021972648799419403
3909,0.04090913012623787
3910,0.05502314865589142
3911,0.03302948549389839
3912,0.017491962760686874
3913,0.047487739473581314
3914,0.048843782395124435
3915,0.051566094160079956
3916,0.02113807201385498
3917,0.046077143400907516
3918,0.08408872038125992
3919,0.09239125996828079
3920,0.02245604246854782
3921,0.017621319741010666
3922,0.013508190400898457
3923,0.008194937370717525
3924,0.032797921448946
3925,0.1392972320318222
3926,0.12285520136356354
3927,0.052226949483156204
3928,0.04609457030892372
3929,0.042488425970077515
3930,0.015320146456360817
3931,0.15156403183937073
3932,0.15803079307079315
3933,0.04368579760193825
3934,0.02581097185611725
3935,0.061202194541692734
3936,0.04724257066845894
3937,0.032887041568756104
3938,0.02193545177578926
3939,0.024507494643330574
3940,0.02271849848330021
3941,0.01456756517291069
3942,0.02749531902372837
3943,0.017784520983695984
3944,0.05738283693790436
3945,0.11204659938812256
3946,0.046036139130592346
3947,0.03992060571908951
3948,0.043763965368270874
3949,0.026254335418343544
3950,0.04616841673851013
3951,0.05235309898853302
3952,0.0062240432016551495
3953,0.034674737602472305
3954,0.02248900569975376
3955,0.10820440202951431
3956,0.03746279701590538
3957,0.02064409852027893
3958,0.021234720945358276
3959,0.021169740706682205
3960,0.013503852300345898
3961,0.018981605768203735
3962,0.013983993791043758
3963,0.01576938107609749
3964,0.03062857873737812
3965,0.022614987567067146
3966,0.031137123703956604
3967,0.017377519980072975
3968,0.03461895510554314
3969,0.019062334671616554
3970,0.05432227998971939
3971,0.006206013727933168
3972,0.06489432603120804
3973,0.03072584792971611
3974,0.036780983209609985
3975,0.11442465335130692
3976,0.04350937157869339
3977,0.06331447511911392
3978,0.053619854152202606
3979,0.027216387912631035
3980,0.06881747394800186
3981,0.06637582182884216
3982,0.01756921038031578
3983,0.024974267929792404
3984,0.03287562355399132
3985,0.019631797447800636
3986,0.08275755494832993
3987,0.1419246792793274
3988,0.0932602807879448
3989,0.03619203716516495
3990,0.014691147953271866
3991,0.014691147953271866
3992,0.07460824400186539
3993,0.07957235723733902
3994,0.019720694050192833
3995,0.031046656891703606
3996,0.024462634697556496
3997,0.029762284830212593
3998,0.021973490715026855
3999,0.02313205599784851
4000,0.03426728397607803
4001,0.027506668120622635
4002,0.024803152307868004
4003,0.020620187744498253
4004,0.024035776033997536
4005,0.028534717857837677
4006,0.04379868134856224
4007,0.03379559889435768
4008,0.03701430559158325
4009,0.025110742077231407
4010,0.019984619691967964
4011,0.025948796421289444
4012,0.05354435741901398
4013,0.10630309581756592
4014,0.029191091656684875
4015,0.05685506388545036
4016,0.02416606992483139
4017,0.024308646097779274
4018,0.0423244945704937
4019,0.06399955600500107
4020,0.08021987974643707
4021,0.04110246151685715
4022,0.10227103531360626
4023,0.044289927929639816
4024,0.05497689172625542
4025,0.02315007708966732
4026,0.16268357634544373
4027,0.02992117963731289
4028,0.09245733171701431
4029,0.033841572701931
4030,0.029819322749972343
4031,0.05568733811378479
4032,0.09975199401378632
4033,0.1344640851020813
4034,0.05896103382110596
4035,0.017592469230294228
4036,0.10953865945339203
4037,0.024906741455197334
4038,0.032614920288324356
4039,0.05744696408510208
4040,0.04368533939123154
4041,0.0489511638879776
4042,0.049871742725372314
4043,0.040787991136312485
4044,0.04369837045669556
4045,0.031710270792245865
4046,0.05375903472304344
4047,0.053283028304576874
4048,0.05030282214283943
4049,0.035697247833013535
4050,0.01988394372165203
4051,0.1238442063331604
4052,0.08665815740823746
4053,0.06725344806909561
4054,0.04814990237355232
4055,0.03274230286478996
4056,0.018508074805140495
4057,0.024152623489499092
4058,0.08107706159353256
4059,0.23328454792499542
4060,0.023211395367980003
4061,0.08003662526607513
4062,0.0700884684920311
4063,0.06493952125310898
4064,0.07593349367380142
4065,0.029561160132288933
4066,0.03948613256216049
4067,0.021771449595689774
4068,0.0957055538892746
4069,0.050561439245939255
4070,0.03678693249821663
4071,0.02691500633955002
4072,0.15654268860816956
4073,0.1572336107492447
4074,0.11630620062351227
4075,0.020547963678836823
4076,0.13637486100196838
4077,0.0738910585641861
4078,0.02181660570204258
4079,0.02911512926220894
4080,0.028194935992360115
4081,0.153664693236351
4082,0.023224925622344017
4083,0.048019394278526306
4084,0.25250789523124695
4085,0.03466208279132843
4086,0.04185206815600395
4087,0.133535698056221
4088,0.03634635731577873
4089,0.04320754483342171
4090,0.09762277454137802
4091,0.2198937088251114
4092,0.10208918899297714
4093,0.025333136320114136
4094,0.14870738983154297
4095,0.03594028204679489
4096,0.11549412459135056
4097,0.04110833629965782
4098,0.006131594069302082
4099,0.07446791231632233
4100,0.16867764294147491
4101,0.03617934510111809
4102,0.08503457903862
4103,0.1672358214855194
4104,0.043010469526052475
4105,0.09937645494937897
4106,0.06198517978191376
4107,0.03929615765810013
4108,0.19151057302951813
4109,0.16414569318294525
4110,0.04588955640792847
4111,0.1160733625292778
4112,0.09846913069486618
4113,0.04695664718747139
4114,0.07111179828643799
4115,0.03460871800780296
4116,0.05898454412817955
4117,0.08954521268606186
4118,0.006210534833371639
4119,0.09976968169212341
4120,0.13592422008514404
4121,0.11130873113870621
4122,0.027867935597896576
4123,0.05519022047519684
4124,0.02241852693259716
4125,0.017707504332065582
4126,0.024011464789509773
4127,0.016295695677399635
4128,0.014978732913732529
4129,0.08239739388227463
4130,0.07133211195468903
4131,0.031729258596897125
4132,0.04979506880044937
4133,0.14650748670101166
4134,0.06896710395812988
4135,0.04354438930749893
4136,0.06478322297334671
4137,0.08248451352119446
4138,0.06126381456851959
4139,0.11421603709459305
4140,0.11104656755924225
4141,0.05266223102807999
4142,0.018231909722089767
4143,0.03577267378568649
4144,0.03614721819758415
4145,0.048073090612888336
4146,0.07674575597047806
4147,0.023885782808065414
4148,0.00616794265806675
4149,0.1487366259098053
4150,0.28249573707580566
4151,0.0708487406373024
4152,0.030687810853123665
4153,0.05466417595744133
4154,0.10168043524026871
4155,0.08187373727560043
4156,0.08891382068395615
4157,0.03890127316117287
4158,0.02561594732105732
4159,0.022076698020100594
4160,0.006200486794114113
4161,0.09097523242235184
4162,0.022740162909030914
4163,0.027346614748239517
4164,0.05166565626859665
4165,0.027346614748239517
4166,0.06745274364948273
4167,0.10541032999753952
4168,0.3999508321285248
4169,0.11919005960226059
4170,0.15469038486480713
4171,0.0905114933848381
4172,0.03210531547665596
4173,0.11402969062328339
4174,0.025232164189219475
4175,0.07703392952680588
4176,0.04938672482967377
4177,0.18850360810756683
4178,0.18139879405498505
4179,0.4050354063510895
4180,0.008084326051175594
4181,0.02453792467713356
4182,0.05337806046009064
4183,0.04228268936276436
4184,0.05079945921897888
4185,0.21628208458423615
4186,0.03940920904278755
4187,0.04880866780877113
4188,0.030689863488078117
4189,0.03587445244193077
4190,0.07174278050661087
4191,0.07857130467891693
4192,0.03182724863290787
4193,0.030234461650252342
4194,0.09253522753715515
4195,0.3059249222278595
4196,0.02456296980381012
4197,0.09804447740316391
4198,0.1452203243970871
4199,0.02351749874651432
4200,0.020542040467262268
4201,0.0938369408249855
4202,0.04402438551187515
4203,0.02390206977725029
4204,0.03461616858839989
4205,0.13449381291866302
4206,0.08099919557571411
4207,0.16763482987880707
4208,0.2838406264781952
4209,0.16907459497451782
4210,0.023769237101078033
4211,0.0459049791097641
4212,0.11084999889135361
4213,0.40643101930618286
4214,0.07633870840072632
4215,0.08464754372835159
4216,0.03576480597257614
4217,0.06204777583479881
4218,0.07835636287927628
4219,0.16199761629104614
4220,0.05498732253909111
4221,0.026698021218180656
4222,0.08957180380821228
4223,0.1421486735343933
4224,0.09655392169952393
4225,0.027662629261612892
4226,0.03034413978457451
4227,0.006210534833371639
4228,0.03469815105199814
4229,0.03177505359053612
4230,0.0383809395134449
4231,0.0383809395134449
4232,0.030703065916895866
4233,0.030800582841038704
4234,0.020395826548337936
4235,0.03911764174699783
4236,0.024282783269882202
4237,0.032274529337882996
4238,0.032054729759693146
4239,0.07897323369979858
4240,0.11823641508817673
4241,0.21375325322151184
4242,0.022613253444433212
4243,0.15696443617343903
4244,0.04251047968864441
4245,0.1250464916229248
4246,0.13808299601078033
4247,0.07256445288658142
4248,0.15661661326885223
4249,0.014237741939723492
4250,0.09283091872930527
4251,0.07762186974287033
4252,0.02414567954838276
4253,0.025666914880275726
4254,0.03333379700779915
4255,0.077877044677734375
4256,0.09457642585039139
4257,0.11524169147014618
4258,0.1400711089372635
4259,0.036850232630968094
4260,0.032109685242176056
4261,0.08684982359409332
4262,0.21108752489089966
4263,0.04751717299222946
4264,0.0312562957406044
4265,0.15394847095012665
4266,0.06566792726516724
4267,0.06136666610836983
4268,0.07426135987043381
4269,0.02704380638897419
4270,0.02706722915172577
4271,0.045886579900979996
4272,0.03091631457209587
4273,0.024368926882743835
4274,0.05030752718448639
4275,0.22149622440338135
4276,0.039977096021175385
4277,0.2526225745677948
4278,0.3343318998813629
4279,0.0761939063668251
4280,0.11785227805376053
4281,0.13141193985939026
4282,0.13156287372112274
4283,0.09958668798208237
4284,0.019510315731167793
4285,0.057121749967336655
4286,0.13050639629364014
4287,0.2556501626968384
4288,0.03497224301099777
4289,0.02833455242216587
4290,0.034833259880542755
4291,0.18575188517570496
4292,0.09794817864894867
4293,0.02697676420211792
4294,0.27376776933670044
4295,0.14040692150592804
4296,0.32877618074417114
4297,0.019537528976798058
4298,0.19023950397968292
4299,0.05694012716412544
4300,0.04030255600810051
4301,0.055828604847192764
4302,0.15657801926136017
4303,0.008078446611762047
4304,0.4748764932155609
4305,0.05834062397480011
4306,0.07105880975723267
4307,0.050358183681964874
4308,0.02694861590862274
4309,0.06280907988548279
4310,0.04627448320388794
4311,0.6056312322616577
4312,0.8188509345054626
4313,0.022904550656676292
4314,0.022317156195640564
4315,0.03307792544364929
4316,0.04870106652379036
4317,0.024066103622317314
4318,0.02324794791638851
4319,0.03221173211932182
4320,0.026723751798272133
4321,0.021385975182056427
4322,0.2942928373813629
4323,0.10490190237760544
4324,0.14103762805461884
4325,0.12396008521318436
4326,0.020302789285779
4327,0.05367715284228325
4328,0.17092029750347137
4329,0.20372635126113892
4330,0.02944943495094776
4331,0.025317497551441193
4332,0.10526463389396667
4333,0.03919585421681404
4334,0.036370404064655304
4335,0.06190882995724678
4336,0.01811032183468342
4337,0.032572370022535324
4338,0.18342044949531555
4339,0.04872513934969902
4340,0.2784751355648041
4341,0.07962283492088318
4342,0.07860614359378815
4343,0.07174775749444962
4344,0.04562893137335777
4345,0.021618004888296127
4346,0.5012518763542175
4347,0.18944412469863892
4348,0.31382545828819275
4349,0.03804118186235428
4350,0.02854691445827484
4351,0.1381421834230423
4352,0.24645967781543732
4353,0.044333525002002716
4354,0.3768859803676605
4355,0.0946870967745781
4356,0.12464623898267746
4357,0.2855226397514343
4358,0.1400483250617981
4359,0.11639247834682465
4360,0.036945417523384094
4361,0.04461609572172165
4362,0.18575571477413177
4363,0.21965551376342773
4364,0.4289648234844208
4365,0.46666574478149414
4366,0.04817541316151619
4367,0.04817541316151619
4368,0.05355634167790413
4369,0.05525108799338341
4370,0.15844163298606873
4371,0.09227736294269562
4372,0.04055386409163475
4373,0.06475009769201279
4374,0.3202829658985138
4375,0.10172620415687561
4376,0.0263201966881752
4377,0.04281781613826752
4378,0.15210166573524475
4379,0.27998286485671997
4380,0.1514638364315033
4381,0.14557811617851257
4382,0.296489417552948
4383,0.11103977262973785
4384,0.10350330919027328
4385,0.2179473489522934
4386,0.11723130941390991
4387,0.0728859156370163
4388,0.21235115826129913
4389,0.1595027893781662
4390,0.08834780752658844
4391,0.13223952054977417
4392,0.1325618028640747
4393,0.17650461196899414
4394,0.6068128943443298
4395,0.05307579040527344
4396,0.08408262580633163
4397,0.047066666185855865
4398,0.06857267767190933
4399,0.09309519827365875
4400,0.1949182003736496
4401,0.049787487834692
4402,0.7462232708930969
4403,0.2883265018463135
4404,0.26583170890808105
4405,0.5910665392875671
4406,0.11480160057544708
4407,0.10615992546081543
4408,0.10888196527957916
4409,0.10155589878559113
4410,0.07635356485843658
4411,0.10026655346155167
4412,0.045037779957056046
4413,0.12244018167257309
4414,0.0664801299571991
4415,0.08287329226732254
4416,0.2169451117515564
4417,0.045304492115974426
4418,0.14721213281154633
4419,0.23433290421962738
4420,0.058223798871040344
4421,0.09712833166122437
4422,0.09712833166122437
4423,0.05368542671203613
4424,0.06574513763189316
4425,0.3077332675457001
4426,0.06228410080075264
4427,0.02154373936355114
4428,0.09827056527137756
4429,0.10599599778652191
4430,0.4151355028152466
4431,0.0926995724439621
4432,0.3404340445995331
4433,0.2060844898223877
4434,0.05914638563990593
4435,0.07970764487981796
4436,0.08151334524154663
4437,0.06206201761960983
4438,0.06206201761960983
4439,0.07713480293750763
4440,0.22489355504512787
4441,0.3127916753292084
4442,0.24043682217597961
4443,0.03472385182976723
4444,0.10031310468912125
4445,0.12410096824169159
4446,0.04115217179059982
4447,0.25567519664764404
4448,0.2557372748851776
4449,0.31214845180511475
4450,0.08120941370725632
4451,0.6826004385948181
4452,0.23915401101112366
4453,0.47883981466293335
4454,0.2247723937034607
4455,0.1110403835773468
4456,0.18351790308952332
4457,0.26930171251296997
4458,0.2741841673851013
4459,0.28291597962379456
4460,0.18102210760116577
4461,0.14527304470539093
4462,0.15127654373645782
4463,0.2488396316766739
4464,0.08017323911190033
4465,0.2702985107898712
4466,0.16167257726192474
4467,0.10619840770959854
4468,0.2847430408000946
4469,0.31037190556526184
4470,0.4042806625366211
4471,0.09039613604545593
4472,0.006154470145702362
4473,0.23676875233650208
4474,0.11130873113870621
4475,0.6717928647994995
4476,0.2351066768169403
4477,0.059683673083782196
4478,0.40436816215515137
4479,0.15581300854682922
4480,0.2403441220521927
4481,0.4461042582988739
4482,0.29494377970695496
4483,0.006205510348081589
4484,0.22335375845432281
4485,0.2169099897146225
4486,0.5791008472442627
4487,0.3938613831996918
4488,0.5637221336364746
4489,0.24915297329425812
4490,0.37452566623687744
4491,0.03897355869412422
4492,0.0874536782503128
4493,0.11820331960916519
4494,0.10104061663150787
4495,0.30914878845214844
4496,0.05013206601142883
4497,0.4936031699180603
4498,0.5286615490913391
4499,0.17823316156864166
4500,0.07154673337936401
4501,0.33586007356643677
4502,0.3847949206829071
4503,0.12079595029354095
4504,0.1783585548400879
4505,0.09525274485349655
4506,0.3095535635948181
4507,0.20515847206115723
4508,0.008860263973474503
4509,0.3747808039188385
4510,0.28330859541893005
4511,0.04112967476248741
4512,0.1802300214767456
4513,0.05096530541777611
4514,0.11167973279953003
4515,0.44808751344680786
4516,0.15661197900772095
4517,0.24219293892383575
4518,0.25911521911621094
4519,0.20929117500782013
4520,0.16072498261928558
4521,0.15217968821525574
4522,0.1798531413078308
4523,0.08151306211948395
4524,0.23715241253376007
4525,0.0317186675965786
4526,0.4739638864994049
4527,0.6244672536849976
4528,0.4467540681362152
4529,0.08688708394765854
4530,0.2262909710407257
4531,0.5103400945663452
4532,0.5118728876113892
4533,0.3926145136356354
4534,0.08785203844308853
4535,0.3031529486179352
4536,0.07768061012029648
4537,0.12997844815254211
4538,0.336209237575531
4539,0.11638406664133072
4540,0.19362612068653107
4541,0.28863030672073364
4542,0.12429369240999222
4543,0.1783587783575058
4544,0.8268874883651733
4545,0.2501545548439026
4546,0.3040441572666168
4547,0.5423452258110046
4548,0.32448479533195496
4549,0.40192943811416626
4550,0.2952733039855957
4551,0.42908453941345215
4552,0.29253658652305603
4553,0.2157507836818695
4554,0.2022818624973297
4555,0.27975162863731384
4556,0.44513487815856934
4557,0.41468220949172974
4558,0.18436920642852783
4559,0.06160274147987366
4560,0.08525887131690979
4561,0.12900623679161072
4562,0.10549056529998779
4563,0.486318439245224
4564,0.16318970918655396
4565,0.1698300540447235
4566,0.41205543279647827
4567,0.33839747309684753
4568,0.35819876194000244
4569,0.19412174820899963
4570,0.1744794398546219
4571,0.12082359194755554
4572,0.19347459077835083
4573,0.26014813780784607
4574,0.41462457180023193
4575,0.3127606213092804
4576,0.19703127443790436
4577,0.13849608600139618
4578,0.26606518030166626
4579,0.2736845314502716
4580,0.30442315340042114
4581,0.022686980664730072
4582,0.6173779964447021
4583,0.15140868723392487
4584,0.4749223291873932
4585,0.4138878881931305
4586,0.20858873426914215
4587,0.23293614387512207
4588,0.3027031719684601
4589,0.24097029864788055
4590,0.5250188112258911
4591,0.2609831392765045
4592,0.25122740864753723
4593,0.1524227112531662
4594,0.5043458342552185
4595,0.3406323790550232
4596,0.3484998643398285
4597,0.34281855821609497
4598,0.10016167908906937
4599,0.05017305538058281
4600,0.18411752581596375
4601,0.05789808928966522
4602,0.5310359597206116
4603,0.09940125048160553
4604,0.06775081157684326
4605,0.24512611329555511
4606,0.11225079745054245
4607,0.34511101245880127
4608,0.5133882761001587
4609,0.3422550857067108
4610,0.457658588886261
4611,0.2746274471282959
4612,0.3513321280479431
4613,0.3357080817222595
4614,0.500691831111908
4615,0.1772630512714386
4616,0.2190747708082199
4617,0.5308181643486023
4618,0.8867968916893005
4619,0.6846746802330017
4620,0.273765504360199
4621,0.6552621722221375
4622,0.2767544090747833
4623,0.3405153155326843
4624,0.259409636259079
4625,0.45466098189353943
4626,0.5721795558929443
4627,0.02254040166735649
4628,0.3250848948955536
4629,0.07950572669506073
4630,0.423821359872818
4631,0.46842315793037415
4632,0.5786523222923279
4633,0.05737628787755966
4634,0.15229704976081848
4635,0.12683360278606415
4636,0.06084175407886505
4637,0.08538498729467392
4638,0.26679715514183044
4639,0.07731504738330841
4640,0.19390885531902313
4641,0.06733410060405731
4642,0.232717826962471
4643,0.3949829041957855
4644,0.24489271640777588
4645,0.25146934390068054
4646,0.551277756690979
4647,0.10197218507528305
4648,0.4449874460697174
4649,0.23383408784866333
4650,0.35123810172080994
4651,0.38145461678504944
4652,0.14383094012737274
4653,0.10352160036563873
4654,0.507168710231781
4655,0.19061610102653503
4656,0.08525130152702332
4657,0.06599675118923187
4658,0.29663127660751343
4659,0.06967570632696152
4660,0.12223296612501144
4661,0.7101439237594604
4662,0.3136361539363861
4663,0.06967570632696152
4664,0.11130066215991974
4665,0.30925625562667847
4666,0.1803636997938156
4667,0.33620989322662354
4668,0.1772591918706894
4669,0.366176575422287
4670,0.19395339488983154
4671,0.1450696587562561
4672,0.21083630621433258
4673,0.0334213562309742
4674,0.40677550435066223
4675,0.25733819603919983
4676,0.5036340951919556
4677,0.05915450677275658
4678,0.1569998413324356
4679,0.2906824052333832
4680,0.27484625577926636
4681,0.6965092420578003
4682,0.1181386262178421
4683,0.19095727801322937
4684,0.203038290143013
4685,0.2557295560836792
4686,0.2551872134208679
4687,0.09431998431682587
4688,0.3162790834903717
4689,0.5228174328804016
4690,0.3575971722602844
4691,0.2447669506072998
4692,0.08671576529741287
4693,0.19594532251358032
4694,0.21300770342350006
4695,0.03855442628264427
4696,0.1793307065963745
4697,0.5859848260879517
4698,0.23293955624103546
4699,0.037957798689603806
4700,0.6634910702705383
4701,0.2268427163362503
4702,0.07939416170120239
4703,0.47639212012290955
4704,0.3129778504371643
4705,0.4228349030017853
4706,0.12693171203136444
4707,0.30962011218070984
4708,0.6381646990776062
4709,0.6845037341117859
4710,0.6623923778533936
4711,0.33877477049827576
4712,0.05625499039888382
4713,0.23359131813049316
4714,0.26376450061798096
4715,0.4988207221031189
4716,0.1509733647108078
4717,0.22163110971450806
4718,0.16948138177394867
4719,0.27389511466026306
4720,0.3413393497467041
4721,0.13752801716327667
4722,0.1455056369304657
4723,0.5038613677024841
4724,0.2032778412103653
4725,0.06141384318470955
4726,0.24017852544784546
4727,0.1822228580713272
4728,0.4701597988605499
4729,0.45310282707214355
4730,0.17047569155693054
4731,0.26606518030166626
4732,0.3241889774799347
4733,0.13150882720947266
4734,0.05013423040509224
4735,0.05509819835424423
4736,0.053407877683639526
4737,0.3919292092323303
4738,0.2600453495979309
4739,0.08139552921056747
4740,0.447085976600647
4741,0.447085976600647
4742,0.05776047334074974
4743,0.21729931235313416
4744,0.37070587277412415
4745,0.3369053602218628
4746,0.274741530418396
4747,0.3110835552215576
4748,0.07011210173368454
4749,0.14748023450374603
4750,0.18100886046886444
4751,0.06866243481636047
4752,0.3199519217014313
4753,0.48739075660705566
4754,0.0701795145869255
4755,0.37309083342552185
4756,0.1297827661037445
4757,0.1461137980222702
4758,0.2669055461883545
4759,0.5346587300300598
4760,0.16697260737419128
4761,0.49361151456832886
4762,0.7729064226150513
4763,0.16021499037742615
4764,0.09808986634016037
4765,0.250705748796463
4766,0.2288803905248642
4767,0.35022351145744324
4768,0.06421524286270142
4769,0.41633927822113037
4770,0.37568193674087524
4771,0.22730477154254913
4772,0.443352073431015
4773,0.04874321073293686
4774,0.1274808645248413
4775,0.34836533665657043
4776,0.3422359228134155
4777,0.5911517143249512
4778,0.18070882558822632
4779,0.039733290672302246
4780,0.05590184032917023
4781,0.4681183993816376
4782,0.1616799384355545
4783,0.40380701422691345
4784,0.20499545335769653
4785,0.12293282896280289
4786,0.47269338369369507
4787,0.02803937904536724
4788,0.1368708461523056
4789,0.31509312987327576
4790,0.05183948203921318
4791,0.06857267767190933
4792,0.031126925721764565
4793,0.30420368909835815
4794,0.18313710391521454
4795,0.06090196967124939
4796,0.21414904296398163
4797,0.17112720012664795
4798,0.02876766212284565
4799,0.12007218599319458
4800,0.2922556400299072
4801,0.17234830558300018
4802,0.06629753857851028
4803,0.15775638818740845
4804,0.2671819031238556
4805,0.1401245892047882
4806,0.47576189041137695
4807,0.06342475116252899
4808,0.19955989718437195
4809,0.3832188546657562
4810,0.09837517142295837
4811,0.1345696896314621
4812,0.17010551691055298
4813,0.22726361453533173
4814,0.030838049948215485
4815,0.26776358485221863
4816,0.06137897074222565
4817,0.24079200625419617
4818,0.3596205711364746
4819,0.2793964743614197
4820,0.102837473154068
4821,0.17751559615135193
4822,0.25421351194381714
4823,0.0438985601067543
4824,0.20190522074699402
4825,0.2384815663099289
4826,0.0373154953122139
4827,0.07911393791437149
4828,0.28552621603012085
4829,0.12354766577482224
4830,0.17111778259277344
4831,0.17073436081409454
4832,0.03249339759349823
4833,0.15081748366355896
4834,0.131776362657547
4835,0.00778701389208436
4836,0.05518438667058945
4837,0.1620682179927826
4838,0.41380447149276733
4839,0.1251637488603592
4840,0.05003409832715988
4841,0.34676986932754517
4842,0.0492807999253273
4843,0.10756493359804153
4844,0.3795087933540344
4845,0.18342791497707367
4846,0.10561162233352661
4847,0.03657153993844986
4848,0.06111203879117966
4849,0.2768254280090332
4850,0.03212422505021095
4851,0.02593092992901802
4852,0.023870799690485
4853,0.011425763368606567
4854,0.02230892889201641
4855,0.24016571044921875
4856,0.03490631282329559
4857,0.022105617448687553
4858,0.10916692018508911
4859,0.12226372212171555
4860,0.030559759587049484
4861,0.048746258020401
4862,0.3037191331386566
4863,0.04642443358898163
4864,0.07567980140447617
4865,0.2664079964160919
4866,0.019760454073548317
4867,0.05398215726017952
4868,0.03271259739995003
4869,0.05718204006552696
4870,0.10984580963850021
4871,0.15305036306381226
4872,0.09648212790489197
4873,0.13880853354930878
4874,0.21065345406532288
4875,0.062071919441223145
4876,0.023090198636054993
4877,0.022304464131593704
4878,0.023090198636054993
4879,0.21835559606552124
4880,0.04392237588763237
4881,0.07240420579910278
4882,0.0713539570569992
4883,0.09418005496263504
4884,0.06258655339479446
4885,0.16102999448776245
4886,0.03894311934709549
4887,0.14760339260101318
4888,0.062285877764225006
4889,0.07587917149066925
4890,0.10228582471609116
4891,0.054158519953489304
4892,0.04329214245080948
4893,0.034560274332761765
4894,0.06307080388069153
4895,0.1672961562871933
4896,0.14723274111747742
4897,0.22153256833553314
4898,0.1857435256242752
4899,0.12450693547725677
4900,0.11726829409599304
4901,0.02684236690402031
4902,0.23392441868782043
4903,0.15133504569530487
4904,0.03558211773633957
4905,0.12098542600870132
4906,0.11844822019338608
4907,0.02313573658466339
4908,0.072076216340065
4909,0.0708620548248291
4910,0.05849864333868027
4911,0.03182353079319
4912,0.050975870341062546
4913,0.117645263671875
4914,0.022106358781456947
4915,0.026989920064806938
4916,0.10615186393260956
4917,0.20014667510986328
4918,0.1121193915605545
4919,0.04148118197917938
4920,0.15695755183696747
4921,0.04366568103432655
4922,0.10449359565973282
4923,0.024198690429329872
4924,0.028379900380969048
4925,0.04283525049686432
4926,0.06732093542814255
4927,0.027898892760276794
4928,0.22291052341461182
4929,0.19280314445495605
4930,0.03111746720969677
4931,0.018042583018541336
4932,0.022556129842996597
4933,0.03864724189043045
4934,0.08351756632328033
4935,0.03145967796444893
4936,0.03317885845899582
4937,0.029930181801319122
4938,0.02699720859527588
4939,0.06541300565004349
4940,0.03145967796444893
4941,0.04899415001273155
4942,0.033615659922361374
4943,0.02917182818055153
4944,0.025635892525315285
4945,0.00808367133140564
4946,0.05919306352734566
4947,0.032022781670093536
4948,0.09900394082069397
4949,0.09137283265590668
4950,0.03169669210910797
4951,0.02786519005894661
4952,0.43095290660858154
4953,0.021117674186825752
4954,0.04573207348585129
4955,0.008939171209931374
4956,0.08000359684228897
4957,0.025232164189219475
4958,0.061332959681749344
4959,0.07108212262392044
4960,0.08705383539199829
4961,0.03748922795057297
4962,0.07108212262392044
4963,0.06431642174720764
4964,0.06148321181535721
4965,0.15074697136878967
4966,0.11080744117498398
4967,0.06166503205895424
4968,0.0208575539290905
4969,0.09485125541687012
4970,0.07719454914331436
4971,0.08591896295547485
4972,0.08217448741197586
4973,0.14285504817962646
4974,0.156443253159523
4975,0.06503733992576599
4976,0.046025242656469345
4977,0.26038554310798645
4978,0.08240333944559097
4979,0.08055924624204636
4980,0.20371486246585846
4981,0.20371486246585846
4982,0.016282882541418076
4983,0.10657171159982681
4984,0.09921418130397797
4985,0.04467865079641342
4986,0.08268419653177261
4987,0.13281984627246857
4988,0.13689376413822174
4989,0.03708227723836899
4990,0.029975825920701027
4991,0.11815094947814941
4992,0.12722709774971008
4993,0.0568879134953022
4994,0.0368095338344574
4995,0.10296235233545303
4996,0.1284388154745102
4997,0.10271492600440979
4998,0.10452567040920258
4999,0.08774241805076599
5000,0.03741947188973427
5001,0.082149937748909
5002,0.03871658071875572
5003,0.07951802760362625
5004,0.05192307382822037
5005,0.04587501659989357
5006,0.03741947188973427
5007,0.04583165422081947
5008,0.02798500657081604
5009,0.050838831812143326
5010,0.03475834056735039
5011,0.017883360385894775
5012,0.03420324996113777
5013,0.07138584554195404
5014,0.06994017958641052
5015,0.031006446108222008
5016,0.0252081286162138
5017,0.04591638967394829
5018,0.02166585996747017
5019,0.11308537423610687
5020,0.060437604784965515
5021,0.018921054899692535
5022,0.046250034123659134
5023,0.046250034123659134
5024,0.09970075637102127
5025,0.12021336704492569
5026,0.09244456887245178
5027,0.07352279871702194
5028,0.06439889222383499
5029,0.06935380399227142
5030,0.060056980699300766
5031,0.05002077668905258
5032,0.08662895113229752
5033,0.05789714306592941
5034,0.06519124656915665
5035,0.11523851752281189
5036,0.021690815687179565
5037,0.017377519980072975
5038,0.021739646792411804
5039,0.023674696683883667
5040,0.11341498792171478
5041,0.15024754405021667
5042,0.36424756050109863
5043,0.00881565734744072
5044,0.0317533053457737
5045,0.05173701420426369
5046,0.023021241649985313
5047,0.027771150693297386
5048,0.021638929843902588
5049,0.021638929843902588
5050,0.0632486417889595
5051,0.024766454473137856
5052,0.018309056758880615
5053,0.039065033197402954
5054,0.027986161410808563
5055,0.08803460747003555
5056,0.042858071625232697
5057,0.07898108661174774
5058,0.019858060404658318
5059,0.05093520134687424
5060,0.04608072713017464
5061,0.06238848716020584
5062,0.0143892178311944
5063,0.016744397580623627
5064,0.09847287833690643
5065,0.08397997170686722
5066,0.08240139484405518
5067,0.10542590916156769
5068,0.06938664615154266
5069,0.10127908736467361
5070,0.008818154223263264
5071,0.01668541505932808
5072,0.016354795545339584
5073,0.03842496499419212
5074,0.03842496499419212
5075,0.029794903472065926
5076,0.04385221377015114
5077,0.04353564977645874
5078,0.01656840555369854
5079,0.048129528760910034
5080,0.04370391368865967
5081,0.04353564977645874
5082,0.017454199492931366
5083,0.029328010976314545
5084,0.05567450821399689
5085,0.015434467233717442
5086,0.013329518027603626
5087,0.029383577406406403
5088,0.04125712811946869
5089,0.037733294069767
5090,0.01908896118402481
5091,0.0503227673470974
5092,0.006210534833371639
5093,0.02411537431180477
5094,0.03326164931058884
5095,0.10529143363237381
5096,0.04651486128568649
5097,0.16332004964351654
5098,0.02801058441400528
5099,0.017099648714065552
5100,0.031013598665595055
5101,0.030918115749955177
5102,0.014159460552036762
5103,0.02997402474284172
5104,0.014159460552036762
5105,0.022984886541962624
5106,0.03936862573027611
5107,0.006210534833371639
5108,0.025478700175881386
5109,0.022364232689142227
5110,0.028180869296193123
5111,0.022364232689142227
5112,0.020715462043881416
5113,0.014159460552036762
5114,0.014159460552036762
5115,0.022364232689142227
5116,0.015722181648015976
5117,0.02552330307662487
5118,0.022364232689142227
5119,0.038368646055459976
5120,0.043736688792705536
5121,0.0248096976429224
5122,0.07846743613481522
5123,0.03202660754323006
5124,0.008073225617408752
5125,0.012457800097763538
5126,0.03605010360479355
5127,0.028052110224962234
5128,0.03447120636701584
5129,0.01809326559305191
5130,0.02113995887339115
5131,0.030081186443567276
5132,0.022619204595685005
5133,0.022132866084575653
5134,0.017947658896446228
5135,0.022307993844151497
5136,0.02906462922692299
5137,0.022132866084575653
5138,0.03218512609601021
5139,0.01812223345041275
5140,0.02010376751422882
5141,0.008534988388419151
5142,0.02218390256166458
5143,0.07155504822731018
5144,0.02080666646361351
5145,0.02062104642391205
5146,0.04014933854341507
5147,0.022565683349967003
5148,0.022565683349967003
5149,0.025119749829173088
5150,0.02480744756758213
5151,0.018093246966600418
5152,0.025712350383400917
5153,0.017947658896446228
5154,0.04418160766363144
5155,0.0234120711684227
5156,0.02470475435256958
5157,0.016071129590272903
5158,0.023551667109131813
5159,0.02854405716061592
5160,0.051777321845293045
5161,0.04499831423163414
5162,0.03639696165919304
5163,0.02619563415646553
5164,0.06242355331778526
5165,0.04282800853252411
5166,0.04282800853252411
5167,0.04113280773162842
5168,0.02645723707973957
5169,0.024404257535934448
5170,0.03619133681058884
5171,0.02879803255200386
5172,0.0400867722928524
5173,0.026510976254940033
5174,0.027605969458818436
5175,0.033228550106287
5176,0.05046544224023819
5177,0.05118503049015999
5178,0.0590648427605629
5179,0.022362200543284416
5180,0.016310447826981544
5181,0.029981130734086037
5182,0.02538229152560234
5183,0.011327213607728481
5184,0.006210534833371639
5185,0.03368900343775749
5186,0.044132623821496964
5187,2.699443430174142e-4
5188,2.6189276832155883e-4
5189,0.028561681509017944
5190,0.031465835869312286
5191,0.06729494780302048
5192,0.02641400322318077
5193,0.02659023180603981
5194,0.025576945394277573
5195,0.06510521471500397
5196,0.025688517838716507
5197,0.03738022968173027
5198,0.09400070458650589
5199,0.027213895693421364
5200,3.308347731945105e-5
5201,3.7750141927972436e-5
5202,2.0312949345679954e-5
5203,0.030874941498041153
5204,0.027285102754831314
5205,0.017839595675468445
5206,0.017839595675468445
5207,0.03556879237294197
5208,0.016927946358919144
5209,0.021894002333283424
5210,0.021894002333283424
5211,0.021894002333283424
5212,0.020073194056749344
5213,0.05310607701539993
5214,0.022417757660150528
5215,0.026456907391548157
5216,0.0246747899800539
5217,0.02058122120797634
5218,0.0246747899800539
5219,0.02318590134382248
5220,0.0568561851978302
5221,0.019203070551156998
5222,0.014057135209441185
5223,0.0281938835978508
5224,0.0281938835978508
5225,0.03176380693912506
5226,0.025182615965604782
5227,0.026142237707972527
5228,0.030696820467710495
5229,0.01570880226790905
5230,0.022684000432491302
5231,0.022684000432491302
5232,0.01472260057926178
5233,0.031461287289857864
5234,0.045800771564245224
5235,0.01816530153155327
5236,0.04630059376358986
5237,0.03659459948539734
5238,0.019200123846530914
5239,0.03278793394565582
5240,0.07357021421194077
5241,0.051029056310653687
5242,0.023147743195295334
5243,0.030628113076090813
5244,0.023319069296121597
5245,0.08116769045591354
5246,0.03655040264129639
5247,0.024995846673846245
5248,0.026983974501490593
5249,0.018025744706392288
5250,0.018025744706392288
5251,0.050365056842565536
5252,0.07726841419935226
5253,0.024995846673846245
5254,0.23298080265522003
5255,0.37366604804992676
5256,0.826927900314331
5257,0.05795089900493622
5258,0.4345037639141083
5259,0.22752849757671356
5260,0.02377399429678917
5261,0.02377399429678917
5262,0.03492221236228943
5263,0.02377399429678917
5264,0.02377399429678917
5265,0.0152042331174016
5266,0.030510203912854195
5267,0.009229160845279694
5268,0.01731274463236332
5269,0.0152042331174016
5270,0.07555602490901947
5271,0.029893048107624054
5272,0.078185074031353
5273,0.025348220020532608
5274,0.023656660690903664
5275,0.01688028872013092
5276,0.02906949445605278
5277,0.01688104122877121
5278,0.02940160036087036
5279,0.06642690300941467
5280,0.025079164654016495
5281,0.020636171102523804
5282,0.03688666969537735
5283,0.019335290417075157
5284,0.016882386058568954
5285,0.040815770626068115
5286,0.04599611088633537
5287,0.023304086178541183
5288,0.022271549329161644
5289,0.05064796656370163
5290,0.04971369728446007
5291,0.016932010650634766
5292,0.014988353475928307
5293,0.03981701657176018
5294,0.03196245804429054
5295,0.04493964463472366
5296,0.02174237370491028
5297,0.03574374318122864
5298,0.01401174534112215
5299,0.024640381336212158
5300,0.018143514171242714
5301,0.03632080927491188
5302,0.04495028778910637
5303,0.02275390550494194
5304,0.02117464877665043
5305,0.040830809623003006
5306,0.016101732850074768
5307,0.019017711281776428
5308,0.019017711281776428
5309,0.025890912860631943
5310,0.006193465553224087
5311,0.013020568527281284
5312,0.04976363107562065
5313,0.026677105575799942
5314,0.014251569285988808
5315,0.020085899159312248
5316,0.024287190288305283
5317,0.02789999172091484
5318,0.01657252386212349
5319,0.09916949272155762
5320,0.014987776055932045
5321,0.04459856078028679
5322,0.09094897657632828
5323,0.04686926677823067
5324,0.02989920787513256
5325,0.036079347133636475
5326,0.06684461981058121
5327,0.015238664112985134
5328,0.022416142746806145
5329,0.06072559952735901
5330,0.024661773815751076
5331,0.016931358724832535
5332,0.023247120901942253
5333,0.04251870512962341
5334,0.04740582033991814
5335,0.023395614698529243
5336,0.014925685711205006
5337,0.014068943448364735
5338,0.1825854778289795
5339,0.20331428945064545
5340,0.07301143556833267
5341,0.03304122015833855
5342,0.03304122015833855
5343,0.04513492435216904
5344,0.014609681442379951
5345,0.03043009340763092
5346,0.025717822834849358
5347,0.03888844698667526
5348,0.04437152296304703
5349,0.027509979903697968
5350,0.05117258429527283
5351,0.0279550738632679
5352,0.02954748645424843
5353,0.029419656842947006
5354,0.030908869579434395
5355,0.017480764538049698
5356,0.02151171863079071
5357,0.012203555554151535
5358,0.048675354570150375
5359,0.013497043401002884
5360,0.07240249216556549
5361,0.07017802447080612
5362,0.026200231164693832
5363,0.018762322142720222
5364,0.020805010572075844
5365,0.012932592071592808
5366,0.026823772117495537
5367,0.025899991393089294
5368,0.03725399449467659
5369,0.018746692687273026
5370,0.0207784716039896
5371,0.028314677998423576
5372,0.012626142241060734
5373,0.015886563807725906
5374,0.023200273513793945
5375,0.04247399419546127
5376,0.028917549178004265
5377,0.016420429572463036
5378,0.0220012366771698
5379,0.013586520217359066
5380,0.015086976811289787
5381,0.06312131881713867
5382,0.061907559633255005
5383,0.08595344424247742
5384,0.03114372305572033
5385,0.018708249554038048
5386,0.03875850886106491
5387,0.02712022140622139
5388,0.0717952698469162
5389,0.04714057967066765
5390,0.04248759150505066
5391,0.06182291731238365
5392,0.034114837646484375
5393,0.09336516261100769
5394,0.04345576465129852
5395,0.016355624422430992
5396,0.09408119320869446
5397,0.030567912384867668
5398,0.0478682778775692
5399,0.027880437672138214
5400,0.04404276981949806
5401,0.01851472817361355
5402,0.016514966264367104
5403,0.03490903601050377
5404,0.025483708828687668
5405,0.035988375544548035
5406,0.033135224133729935
5407,0.040021609514951706
5408,0.020463086664676666
5409,0.021185364574193954
5410,0.04140479490160942
5411,0.017339684069156647
5412,0.021598704159259796
5413,0.03165115788578987
5414,0.017505407333374023
5415,0.03052785061299801
5416,0.017826750874519348
5417,0.04641588777303696
5418,0.03830092400312424
5419,0.017279790714383125
5420,0.02113141305744648
5421,0.02113141305744648
5422,0.02696886844933033
5423,0.021413616836071014
5424,0.03783084824681282
5425,0.06194854527711868
5426,0.03319130465388298
5427,0.03319130465388298
5428,0.0792706161737442
5429,0.027809083461761475
5430,0.062293268740177155
5431,0.05285283178091049
5432,0.01931764930486679
5433,0.03194638341665268
5434,0.02644827589392662
5435,0.03194638341665268
5436,0.017114145681262016
5437,0.02271776832640171
5438,0.04258432239294052
5439,0.024442581459879875
5440,0.0520554780960083
5441,0.03699309378862381
5442,0.08089975267648697
5443,0.027401091530919075
5444,0.013019049540162086
5445,0.050577763468027115
5446,0.03888687863945961
5447,0.02004646696150303
5448,0.01083292905241251
5449,0.03419555723667145
5450,0.027040056884288788
5451,0.013899595476686954
5452,0.02194640040397644
5453,0.01719883643090725
5454,0.012985595501959324
5455,0.023600205779075623
5456,0.01634645275771618
5457,0.02755088172852993
5458,0.011013279668986797
5459,0.012501537799835205
5460,0.012446809560060501
5461,0.01106739416718483
5462,0.018424468114972115
5463,0.02116468921303749
5464,0.015392148867249489
5465,0.021734829992055893
5466,0.04227622598409653
5467,0.018735429272055626
5468,0.026265958324074745
5469,0.024800913408398628
5470,0.06397819519042969
5471,0.031828925013542175
5472,0.017486128956079483
5473,0.04773987829685211
5474,0.03800560161471367
5475,0.033845484256744385
5476,0.03502322733402252
5477,0.018665824085474014
5478,0.050324782729148865
5479,0.015545027330517769
5480,0.018535353243350983
5481,0.013734360225498676
5482,0.008084326051175594
5483,0.02920493856072426
5484,0.02713700942695141
5485,0.017417578026652336
5486,0.017109781503677368
5487,0.03393660858273506
5488,0.070201970636844635
5489,0.05731320381164551
5490,0.06277578324079514
5491,0.017171146348118782
5492,0.023956112563610077
5493,0.02054898627102375
5494,0.04686926677823067
5495,0.03447582572698593
5496,0.04233721271157265
5497,0.018134932965040207
5498,0.018885990604758263
5499,0.05829593539237976
5500,0.028857005760073662
5501,0.01649465598165989
5502,0.036797087639570236
5503,0.027592379599809647
5504,0.013027427718043327
5505,0.01737135834991932
5506,0.01218019425868988
5507,0.017381055280566216
5508,0.050249919295310974
5509,0.037380319088697433
5510,0.03675587475299835
5511,0.017492307350039482
5512,0.019475484266877174
5513,0.06126626953482628
5514,0.04719574376940727
5515,0.034015361219644547
5516,0.01830357313156128
5517,0.019399652257561684
5518,0.22728300094604492
5519,0.027509979903697968
5520,0.088044673204422
5521,0.01733824424445629
5522,0.024619966745376587
5523,0.02767426148056984
5524,0.03648470342159271
5525,0.02456556260585785
5526,0.017137212678790092
5527,0.023808836936950684
5528,0.027961963787674904
5529,0.02005918137729168
5530,0.01838007941842079
5531,0.029038121923804283
5532,0.014697721228003502
5533,0.046297769993543625
5534,0.09701688587665558
5535,0.013418409042060375
5536,0.02909363992512226
5537,0.02769896201789379
5538,0.03223791345953941
5539,0.03442024439573288
5540,0.02650710940361023
5541,0.029306096956133842
5542,0.036112479865550995
5543,0.04502863064408302
5544,0.02256138063967228
5545,0.04304732382297516
5546,0.014747572131454945
5547,0.02735583856701851
5548,0.01664101891219616
5549,0.018788890913128853
5550,0.07586436718702316
5551,0.019224276766180992
5552,0.044330842792987823
5553,0.06200912222266197
5554,0.04004020616412163
5555,0.018752876669168472
5556,0.026917453855276108
5557,0.014988353475928307
5558,0.024841327220201492
5559,0.026604045182466507
5560,0.013761159032583237
5561,0.03456359729170799
5562,0.025592120364308357
5563,0.018752876669168472
5564,0.06168565899133682
5565,0.05524158477783203
5566,0.031620122492313385
5567,0.01664101891219616
5568,0.04291050508618355
5569,0.014975130558013916
5570,0.015952324494719505
5571,0.011622498743236065
5572,0.013242646120488644
5573,0.024497341364622116
5574,0.027965711429715157
5575,0.014970432035624981
5576,0.03487347811460495
5577,0.03256194293498993
5578,0.057868022471666336
5579,0.015905875712633133
5580,0.014642593450844288
5581,0.01665537618100643
5582,0.013720022514462471
5583,0.01721559278666973
5584,0.0170717965811491
5585,0.01821953058242798
5586,0.013733254745602608
5587,0.04557393491268158
5588,0.03794972226023674
5589,0.05770619958639145
5590,0.021281300112605095
5591,0.015313650481402874
5592,0.046765636652708054
5593,0.019239800050854683
5594,0.04995013028383255
5595,0.030625494197010994
5596,0.043209049850702286
5597,0.012369981035590172
5598,0.011054911650717258
5599,0.018145089969038963
5600,0.011723692528903484
5601,0.023309048265218735
5602,0.019800662994384766
5603,0.026669897139072418
5604,0.020561104640364647
5605,0.02590777911245823
5606,0.037415504455566406
5607,0.027669880539178848
5608,0.04061345010995865
5609,0.041909731924533844
5610,0.027610352262854576
5611,0.014057433232665062
5612,0.04298447072505951
5613,0.013421937823295593
5614,0.028712421655654907
5615,0.015804247930645943
5616,0.015509027056396008
5617,0.015804247930645943
5618,0.022297555580735207
5619,0.04067331925034523
5620,0.013601027429103851
5621,0.025805989280343056
5622,0.03228692710399628
5623,0.012488611973822117
5624,0.029492001980543137
5625,0.015188463032245636
5626,0.018230987712740898
5627,0.01817857287824154
5628,0.0269986130297184
5629,0.011825211346149445
5630,0.014427068643271923
5631,0.02223212644457817
5632,0.02678539790213108
5633,0.03241502493619919
5634,0.011561047285795212
5635,0.008570108562707901
5636,0.03414444625377655
5637,0.011960404925048351
5638,0.013759948313236237
5639,0.02437729947268963
5640,0.01643902063369751
5641,0.017530478537082672
5642,0.03338927775621414
5643,0.016550257802009583
5644,0.016746029257774353
5645,0.01036967895925045
5646,0.013084132224321365
5647,0.02072080411016941
5648,0.06252295523881912
5649,0.0424179807305336
5650,0.018976610153913498
5651,0.034392260015010834
5652,0.01879717782139778
5653,0.020590055733919144
5654,0.027715405449271202
5655,0.02049238607287407
5656,0.035725172609090805
5657,0.02057916298508644
5658,0.02324637584388256
5659,0.030945200473070145
5660,0.0194610133767128
5661,0.04800959303975105
5662,0.022689728066325188
5663,0.09623890370130539
5664,0.011511615477502346
5665,0.015866529196500778
5666,0.027156364172697067
5667,0.02055290713906288
5668,0.02055290713906288
5669,0.028996096923947334
5670,0.02768663689494133
5671,0.03447216749191284
5672,0.031724587082862854
5673,0.07598955184221268
5674,0.03635312244296074
5675,0.03631032258272171
5676,0.021756673231720924
5677,0.021707652136683464
5678,0.018100924789905548
5679,0.022731363773345947
5680,0.018099479377269745
5681,0.11292079836130142
5682,0.008650080300867558
5683,0.0115573201328516
5684,0.019525617361068726
5685,0.014475048519670963
5686,0.014475048519670963
5687,0.014475048519670963
5688,0.025710653513669968
5689,0.013014866039156914
5690,0.025411762297153473
5691,0.058847278356552124
5692,0.02427780255675316
5693,0.032542772591114044
5694,0.0168395284563303
5695,0.04123181849718094
5696,0.034428611397743225
5697,0.03723995015025139
5698,0.013265357352793217
5699,0.019160600379109383
5700,0.02372804470360279
5701,0.015409495681524277
5702,0.030169552192091942
5703,0.03773349151015282
5704,0.02711794525384903
5705,0.016066644340753555
5706,0.12699389457702637
5707,0.04653852432966232
5708,0.02258269488811493
5709,0.011964535340666771
5710,0.02686692588031292
5711,0.02686692588031292
5712,0.017519256100058556
5713,0.03475502133369446
5714,0.017519256100058556
5715,0.02686692588031292
5716,0.0320296511054039
5717,0.017519256100058556
5718,0.02686692588031292
5719,0.02686692588031292
5720,0.015315348282456398
5721,0.02686692588031292
5722,0.025504402816295624
5723,0.042660169303417206
5724,0.034546609967947006
5725,0.02193646878004074
5726,0.022899385541677475
5727,0.02193646878004074
5728,0.006252240855246782
5729,0.042651910334825516
5730,0.018360698595643044
5731,0.02193646878004074
5732,0.02193646878004074
5733,0.018652914091944695
5734,0.036077357828617096
5735,0.02808699570596218
5736,0.028953000903129578
5737,0.021776827052235603
5738,0.011553601361811161
5739,0.024133112281560898
5740,0.01150177139788866
5741,0.0220341756939888
5742,0.028564900159835815
5743,0.05757084861397743
5744,0.014497711323201656
5745,0.016325848177075386
5746,0.019291188567876816
5747,0.01302970852702856
5748,0.0379805713891983
5749,0.028609342873096466
5750,0.028609342873096466
5751,0.028609342873096466
5752,0.028609342873096466
5753,0.028609342873096466
5754,0.021595725789666176
5755,0.0077876439318060875
5756,0.021635349839925766
5757,0.01673424057662487
5758,0.03955582156777382
5759,0.06116752326488495
5760,0.014792153611779213
5761,0.015196269378066063
5762,0.018156271427869797
5763,0.007852541282773018
5764,0.018221287056803703
5765,0.02228149026632309
5766,0.03396431356668472
5767,0.01604929380118847
5768,0.03313262015581131
5769,0.020525045692920685
5770,0.30212533473968506
5771,0.01126660406589508
5772,0.01026109792292118
5773,0.008189857937395573
5774,0.0037243685219436884
5775,0.02540947124361992
5776,0.021278873085975647
5777,0.04853163659572601
5778,0.018156271427869797
5779,0.03266299143433571
5780,0.0280876737087965
5781,0.018156271427869797
5782,0.043773677200078964
5783,0.023706359788775444
5784,0.11732552200555801
5785,0.07643492519855499
5786,0.04737278074026108
5787,0.012514112517237663
5788,0.021621594205498695
5789,0.030999861657619476
5790,0.024631420150399208
5791,0.019185200333595276
5792,0.018742920830845833
5793,0.027036797255277634
5794,0.029354073107242584
5795,0.020093005150556564
5796,0.017295539379119873
5797,0.006924137007445097
5798,0.0077876439318060875
5799,0.011763649061322212
5800,0.01783103309571743
5801,0.01696077361702919
5802,0.008084326051175594
5803,0.02057259902358055
5804,0.04189983755350113
5805,0.018250739201903343
5806,0.014987149275839329
5807,0.013733254745602608
5808,0.01372994389384985
5809,0.034341439604759216
5810,0.018372295424342155
5811,0.024257319048047066
5812,0.024559706449508667
5813,0.03751744329929352
5814,0.024452919140458107
5815,0.02443348802626133
5816,0.03459562733769417
5817,0.018220672383904457
5818,0.01691167801618576
5819,0.010673043318092823
5820,0.05697490647435188
5821,0.03510798141360283
5822,0.016069838777184486
5823,0.016069838777184486
5824,0.01982620358467102
5825,0.03770376741886139
5826,0.09079527854919434
5827,0.02850794419646263
5828,0.01759723201394081
5829,0.01677755080163479
5830,0.02065950445830822
5831,0.026324890553951263
5832,0.02301771752536297
5833,0.020667750388383865
5834,0.017277395352721214
5835,0.022370824590325356
5836,0.019472746178507805
5837,0.03105401247739792
5838,0.029552755877375603
5839,0.01688104122877121
5840,0.08329439163208008
5841,0.04882216081023216
5842,0.054595090448856354
5843,0.021619874984025955
5844,0.02614905871450901
5845,0.042331527918577194
5846,0.024454858154058456
5847,0.027122586965560913
5848,0.013734360225498676
5849,0.024454858154058456
5850,0.04092550277709961
5851,0.022449705749750137
5852,0.04145868495106697
5853,0.023325933143496513
5854,0.039430975914001465
5855,0.022428404539823532
5856,0.030047399923205376
5857,0.024375110864639282
5858,0.01574709080159664
5859,0.022328104823827744
5860,0.03137144446372986
5861,0.10268475860357285
5862,0.01829337142407894
5863,0.00878758542239666
5864,0.02084805816411972
5865,0.021206926554441452
5866,0.039498355239629745
5867,0.021917035803198814
5868,0.08590230345726013
5869,0.08590230345726013
5870,0.01889990083873272
5871,0.02493785321712494
5872,0.03987492620944977
5873,0.020535238087177277
5874,0.05312814563512802
5875,0.011953948996961117
5876,0.0321522019803524
5877,0.026011252775788307
5878,0.0455671101808548
5879,0.02472710981965065
5880,0.07658950239419937
5881,0.03904453665018082
5882,0.04190794378519058
5883,0.060961585491895676
5884,0.09064504504203796
5885,0.07962258905172348
5886,0.006161456927657127
5887,0.04513963684439659
5888,0.018927255645394325
5889,0.02113574557006359
5890,0.023147743195295334
5891,0.030203353613615036
5892,0.039724476635456085
5893,0.039724476635456085
5894,0.023081520572304726
5895,0.03345756605267525
5896,0.05358647182583809
5897,0.057454198598861694
5898,0.07363483309745789
5899,0.01885138638317585
5900,0.0512029193341732
5901,0.024866100400686264
5902,0.05358647182583809
5903,0.034998442977666855
5904,0.03383004292845726
5905,0.0423995666205883
5906,0.01856541633605957
5907,0.012684598565101624
5908,0.025843210518360138
5909,0.0371151864528656
5910,0.03403424844145775
5911,0.023596959188580513
5912,0.013858349062502384
5913,0.062048040330410004
5914,0.01950046978890896
5915,0.048697058111429214
5916,0.05476675555109978
5917,0.029253026470541954
5918,0.035730183124542236
5919,0.013686535879969597
5920,0.011103625409305096
5921,0.06674052029848099
5922,0.04276817664504051
5923,0.02687152475118637
5924,0.03968668729066849
5925,0.01518840529024601
5926,0.030100572854280472
5927,0.03772919252514839
5928,0.09070031344890594
5929,0.06764692068099976
5930,0.03510605916380882
5931,0.03005179762840271
5932,0.02886175364255905
5933,0.2000156044960022
5934,0.037571098655462265
5935,0.041962772607803345
5936,0.9542062878608704
5937,0.7877431511878967
5938,0.6662847995758057
5939,0.6662847995758057
5940,0.7160316109657288
5941,0.6662847995758057
5942,0.6662847995758057
5943,0.03783128038048744
5944,0.7399452328681946
5945,0.02684907242655754
5946,0.7877431511878967
5947,0.6662847995758057
5948,0.24482493102550507
5949,0.4913778007030487
5950,0.43133091926574707
5951,0.03524480387568474
5952,0.29732149839401245
5953,0.07373623549938202
5954,0.058383699506521225
5955,0.058383699506521225
5956,0.08147444576025009
5957,0.04704599827528
5958,0.02064257487654686
5959,0.010620996356010437
5960,0.14130786061286926
5961,0.10301896184682846
5962,0.2748202085494995
5963,0.21597886085510254
5964,0.02579384669661522
5965,0.2620876431465149
5966,0.17622286081314087
5967,0.11901562660932541
5968,0.1306176483631134
5969,0.12335807830095291
5970,0.053626976907253265
5971,0.022687921300530434
5972,0.02747141569852829
5973,0.020097041502594948
5974,0.7119810581207275
5975,0.015212860889732838
5976,0.09817935526371002
5977,0.03814653307199478
5978,0.03649616986513138
5979,0.017561638727784157
5980,0.024802127853035927
5981,0.02680479735136032
5982,0.024703040719032288
5983,0.08061505109071732
5984,0.06611023098230362
5985,0.03651519864797592
5986,0.2025909721851349
5987,0.07733018696308136
5988,0.01912819966673851
5989,0.021901113912463188
5990,0.019198589026927948
5991,0.019581882283091545
5992,0.024880047887563705
5993,0.015053244307637215
5994,0.02480611950159073
5995,0.010915359482169151
5996,0.03424396738409996
5997,0.02419215999543667
5998,0.013499216176569462
5999,0.015840409323573112
6000,0.020502176135778427
6001,0.020502176135778427
6002,0.017183028161525726
6003,0.02570176310837269
6004,0.036623794585466385
6005,0.05352186784148216
6006,0.029075676575303078
6007,0.03156571462750435
6008,0.013499216176569462
6009,0.022235848009586334
6010,0.028160450980067253
6011,0.020667750388383865
6012,0.01891453191637993
6013,0.015048408880829811
6014,0.019198589026927948
6015,0.016895750537514687
6016,0.02195032127201557
6017,0.024351660162210464
6018,0.023234425112605095
6019,0.01528589054942131
6020,0.09033787250518799
6021,0.020667750388383865
6022,0.031007274985313416
6023,0.04042011871933937
6024,0.016571521759033203
6025,0.038136254996061325
6026,0.02724212221801281
6027,0.02391953207552433
6028,0.016906920820474625
6029,0.024378301575779915
6030,0.020005838945508003
6031,0.020667750388383865
6032,0.029699021950364113
6033,0.020945681259036064
6034,0.009845666587352753
6035,0.01797538995742798
6036,0.03631032258272171
6037,0.01190868578851223
6038,0.08015866577625275
6039,0.12087894231081009
6040,0.01799035258591175
6041,0.05130673199892044
6042,0.043996069580316544
6043,0.030470047146081924
6044,0.014435182325541973
6045,0.029225975275039673
6046,0.015586968511343002
6047,0.014041541144251823
6048,0.04407902806997299
6049,0.04082711413502693
6050,0.022551992908120155
6051,0.013854928314685822
6052,0.018744951114058495
6053,0.03463646024465561
6054,0.03229793533682823
6055,0.018991900607943535
6056,0.02313573658466339
6057,0.0204737838357687
6058,0.024464573711156845
6059,0.020578354597091675
6060,0.02056686393916607
6061,0.04245667904615402
6062,0.014475994743406773
6063,0.03735370188951492
6064,0.04564031958580017
6065,0.016140630468726158
6066,0.020502176135778427
6067,0.06440871208906174
6068,0.01626572199165821
6069,0.01626572199165821
6070,0.06861653178930283
6071,0.026164857670664787
6072,0.05615287646651268
6073,0.012087669223546982
6074,0.012392202392220497
6075,0.017968986183404922
6076,0.020580805838108063
6077,0.03461185842752457
6078,0.034907568246126175
6079,0.018775256350636482
6080,0.03461185842752457
6081,0.015929456800222397
6082,0.012236138805747032
6083,0.024569464847445488
6084,0.006209528539329767
6085,0.020881056785583496
6086,0.025178583338856697
6087,0.015882613137364388
6088,0.015882613137364388
6089,0.02656630240380764
6090,0.02656630240380764
6091,0.02656630240380764
6092,0.02656630240380764
6093,0.02656630240380764
6094,0.01055981032550335
6095,0.02656630240380764
6096,0.016895750537514687
6097,0.02188839763402939
6098,0.019273648038506508
6099,0.013493793085217476
6100,0.041077617555856705
6101,0.01349813025444746
6102,0.023215945810079575
6103,0.02020188421010971
6104,0.012110142037272453
6105,0.02784902974963188
6106,0.01966155506670475
6107,0.032301392406225204
6108,0.03457044064998627
6109,0.03759169951081276
6110,0.044611431658267975
6111,0.05257289111614227
6112,0.024035541340708733
6113,0.019674334675073624
6114,0.018782205879688263
6115,0.052813101559877396
6116,0.023638518527150154
6117,0.02343403734266758
6118,0.06554906070232391
6119,0.028056614100933075
6120,0.029276879504323006
6121,0.016620425507426262
6122,0.015837466344237328
6123,0.010098968632519245
6124,0.010098968632519245
6125,0.027875877916812897
6126,0.031233059242367744
6127,0.0194587130099535
6128,0.021219851449131966
6129,0.017238188534975052
6130,0.026844892650842667
6131,0.027994979172945023
6132,0.039554327726364136
6133,0.02014864981174469
6134,0.02014864981174469
6135,0.02014864981174469
6136,0.022418061271309853
6137,0.027994979172945023
6138,0.02319115400314331
6139,0.027994979172945023
6140,0.022418061271309853
6141,0.03490971401333809
6142,0.022418061271309853
6143,0.022418061271309853
6144,0.027994979172945023
6145,0.027994979172945023
6146,0.027994979172945023
6147,0.027994979172945023
6148,0.03490971401333809
6149,0.022418061271309853
6150,0.027994979172945023
6151,0.021741384640336037
6152,0.022418061271309853
6153,0.022418061271309853
6154,0.025302449241280556
6155,0.022489583119750023
6156,0.027994979172945023
6157,0.022418061271309853
6158,0.022418061271309853
6159,0.022418061271309853
6160,0.027994979172945023
6161,0.01828395389020443
6162,0.014116433449089527
6163,0.015050825662910938
6164,0.027256948873400688
6165,0.027705546468496323
6166,0.02240385301411152
6167,0.036487363278865814
6168,0.03905584290623665
6169,0.02057916298508644
6170,0.01373713742941618
6171,0.024456804618239403
6172,0.024456804618239403
6173,0.013844780623912811
6174,0.02446846105158329
6175,0.02446652203798294
6176,0.022644734010100365
6177,0.018039708957076073
6178,0.032899122685194016
6179,0.020151088014245033
6180,0.020666100084781647
6181,0.0544092021882534
6182,0.0248623788356781
6183,0.01796610839664936
6184,0.042207274585962296
6185,0.038774747401475906
6186,0.03285335749387741
6187,0.015742043033242226
6188,0.017206694930791855
6189,0.030706841498613358
6190,0.03456089273095131
6191,0.027197709307074547
6192,0.04907984286546707
6193,0.05075305700302124
6194,0.042872726917266846
6195,0.021220723167061806
6196,0.0883600190281868
6197,0.014982343651354313
6198,0.022902043536305428
6199,0.06888678669929504
6200,0.02374444343149662
6201,0.017229385673999786
6202,0.012579403817653656
6203,0.014969118870794773
6204,0.03583371266722679
6205,0.02880418673157692
6206,0.02924104407429695
6207,0.02679024636745453
6208,0.015052036382257938
6209,0.04360451549291611
6210,0.019463377073407173
6211,0.017822476103901863
6212,0.020580805838108063
6213,0.01133002806454897
6214,0.02057916298508644
6215,0.026189135387539864
6216,0.01373713742941618
6217,0.014944178983569145
6218,0.023494012653827667
6219,0.0159611739218235
6220,0.043062835931777954
6221,0.0195318590849638
6222,0.016588641330599785
6223,0.01646927185356617
6224,0.02066114917397499
6225,0.02252315729856491
6226,0.012864109128713608
6227,0.02339520864188671
6228,0.028416752815246582
6229,0.02372804470360279
6230,0.028501540422439575
6231,0.014223730191588402
6232,0.0172936599701643
6233,0.015299118123948574
6234,0.026422807946801186
6235,0.04296635091304779
6236,0.04092394933104515
6237,0.022582409903407097
6238,0.02590654045343399
6239,0.01602419838309288
6240,0.01492555346339941
6241,0.026177920401096344
6242,0.029391586780548096
6243,0.029106341302394867
6244,0.029106341302394867
6245,0.015795350074768066
6246,0.029391586780548096
6247,0.01969740353524685
6248,0.04785153269767761
6249,0.015233184210956097
6250,0.011720582842826843
6251,0.03385763242840767
6252,0.024863077327609062
6253,0.016681402921676636
6254,0.01984739862382412
6255,0.07344930619001389
6256,0.06446922570466995
6257,0.01984739862382412
6258,0.022823192179203033
6259,0.03283237665891647
6260,0.02122223749756813
6261,0.01742974855005741
6262,0.01742974855005741
6263,0.01742974855005741
6264,0.07041554898023605
6265,0.04162409156560898
6266,0.021733326837420464
6267,0.01742974855005741
6268,0.01742974855005741
6269,0.01742974855005741
6270,0.014436938799917698
6271,0.05638207867741585
6272,0.018331164494156837
6273,0.026994729414582253
6274,0.04557815194129944
6275,0.017184404656291008
6276,0.012162352912127972
6277,0.05157586559653282
6278,0.030615543946623802
6279,0.014988353475928307
6280,0.013357333838939667
6281,0.01634577102959156
6282,0.021705923601984978
6283,0.02452050894498825
6284,0.01723075844347477
6285,0.03059745393693447
6286,0.018453387543559074
6287,0.014988353475928307
6288,0.014988353475928307
6289,0.02291456237435341
6290,0.020580805838108063
6291,0.01875094696879387
6292,0.029977530241012573
6293,0.04040244221687317
6294,0.04251367226243019
6295,0.02283581905066967
6296,0.022391600534319878
6297,0.026448873803019524
6298,0.025773784145712852
6299,0.022459397092461586
6300,0.04165418818593025
6301,0.02352917566895485
6302,0.011445136740803719
6303,0.02352917566895485
6304,0.018933575600385666
6305,0.042449548840522766
6306,0.021391086280345917
6307,0.04218393564224243
6308,0.021391086280345917
6309,0.02011951617896557
6310,0.023723937571048737
6311,0.04499407485127449
6312,0.018583841621875763
6313,0.016783175989985466
6314,0.040404073894023895
6315,0.0194610133767128
6316,0.01723075844347477
6317,0.01907067373394966
6318,0.02057916298508644
6319,0.02908918261528015
6320,0.041054725646972656
6321,0.04087601974606514
6322,0.016643041744828224
6323,0.028479842469096184
6324,0.013793573714792728
6325,0.024799266830086708
6326,0.02827400341629982
6327,0.02827400341629982
6328,0.02827400341629982
6329,0.02827400341629982
6330,0.04788893088698387
6331,0.02827400341629982
6332,0.012828433886170387
6333,0.021903203800320625
6334,0.03456227853894234
6335,0.01559135876595974
6336,0.030532680451869965
6337,0.016006022691726685
6338,0.016006022691726685
6339,0.022814704105257988
6340,0.025304466485977173
6341,0.029899153858423233
6342,0.013735463842749596
6343,0.026513081043958664
6344,0.03159109503030777
6345,0.05073438212275505
6346,0.05072245001792908
6347,0.03159109503030777
6348,0.040817741304636
6349,0.01784318871796131
6350,0.01606665924191475
6351,0.02523721568286419
6352,0.040817741304636
6353,0.012923519127070904
6354,0.014988353475928307
6355,0.029075676575303078
6356,0.017229385673999786
6357,0.017229385673999786
6358,0.013728232122957706
6359,0.019520940259099007
6360,0.020580805838108063
6361,0.020580805838108063
6362,0.02057916298508644
6363,0.01723075844347477
6364,0.008119569160044193
6365,0.018895277753472328
6366,0.012226298451423645
6367,0.04926877096295357
6368,0.04339493811130524
6369,0.01528987754136324
6370,0.02657473273575306
6371,0.025889094918966293
6372,0.014475994743406773
6373,0.04107118397951126
6374,0.016016516834497452
6375,0.021938079968094826
6376,0.029183896258473396
6377,0.03423832356929779
6378,0.036126282066106796
6379,0.2252139300107956
6380,0.025440024212002754
6381,0.023518061265349388
6382,0.04461962357163429
6383,0.10182765871286392
6384,0.013859834522008896
6385,0.016425080597400665
6386,0.0205038134008646
6387,0.016477592289447784
6388,0.023070599883794785
6389,0.07017873972654343
6390,0.02320670522749424
6391,0.026668652892112732
6392,0.020667750388383865
6393,0.021656781435012817
6394,0.02057752013206482
6395,0.07067369669675827
6396,0.05047577992081642
6397,0.02244722470641136
6398,0.050312675535678864
6399,0.014471350237727165
6400,0.0486467145383358
6401,0.014474832452833652
6402,0.04507075622677803
6403,0.012129656039178371
6404,0.008257746696472168
6405,0.021604374051094055
6406,0.04373309388756752
6407,0.023218346759676933
6408,0.09806717187166214
6409,0.038175031542778015
6410,0.04373309388756752
6411,0.0077876439318060875
6412,0.03159263730049133
6413,0.036246828734874725
6414,0.021914662793278694
6415,0.039817821234464645
6416,0.01784318871796131
6417,0.03224905952811241
6418,0.04215135797858238
6419,0.03586628660559654
6420,0.01784318871796131
6421,0.025617007166147232
6422,0.029075676575303078
6423,0.023764314129948616
6424,0.01784318871796131
6425,0.007211757358163595
6426,0.048654261976480484
6427,0.021754030138254166
6428,0.018883056938648224
6429,0.02705099806189537
6430,0.026875004172325134
6431,0.12239298969507217
6432,0.01784033142030239
6433,0.03392343968153
6434,0.07255043089389801
6435,0.01881977543234825
6436,0.015139271505177021
6437,0.015130777843296528
6438,0.020710395649075508
6439,0.05385405197739601
6440,0.019516093656420708
6441,0.013916597701609135
6442,0.018522579222917557
6443,0.03128805384039879
6444,0.03176763281226158
6445,0.019516093656420708
6446,0.019516093656420708
6447,0.029484469443559647
6448,0.02361804060637951
6449,0.018522579222917557
6450,0.0065938932821154594
6451,0.02361804060637951
6452,1.2867760960943997e-4
6453,0.035965774208307266
6454,0.02940521575510502
6455,0.02940521575510502
6456,0.02122313901782036
6457,0.027363087981939316
6458,0.02053159847855568
6459,0.019691502675414085
6460,0.019977662712335587
6461,0.02343747578561306
6462,0.01390274427831173
6463,0.0573623888194561
6464,0.032024186104536057
6465,0.028575275093317032
6466,0.01708071306347847
6467,0.02410370670258999
6468,0.023451069369912148
6469,0.015657003968954086
6470,0.025321459397673607
6471,0.04023751989006996
6472,0.022921113297343254
6473,0.01652824692428112
6474,0.013327372260391712
6475,0.021495569497346878
6476,0.01439402624964714
6477,0.013266450725495815
6478,0.015255233272910118
6479,0.013208096846938133
6480,0.024416442960500717
6481,0.013383917510509491
6482,0.013266450725495815
6483,0.01978634111583233
6484,0.013266450725495815
6485,0.013266450725495815
6486,0.04237864539027214
6487,0.013266450725495815
6488,0.01880067028105259
6489,0.01607244834303856
6490,0.01607244834303856
6491,0.02205462008714676
6492,0.02650710940361023
6493,0.02650710940361023
6494,0.019678546115756035
6495,0.021740952506661415
6496,0.01969994604587555
6497,0.013266450725495815
6498,0.05459356680512428
6499,0.013327372260391712
6500,0.05245822295546532
6501,0.017078151926398277
6502,0.02293572761118412
6503,0.018105272203683853
6504,0.022987283766269684
6505,0.01616639643907547
6506,0.027292069047689438
6507,0.04629238322377205
6508,0.008532232604920864
6509,0.01784318871796131
6510,0.014988353475928307
6511,0.014988353475928307
6512,0.01614178903400898
6513,0.024260465055704117
6514,0.01372994389384985
6515,0.01372994389384985
6516,0.019773446023464203
6517,0.023628531023859978
6518,0.013099770061671734
6519,0.035715777426958084
6520,0.01621244288980961
6521,0.029366914182901382
6522,0.029281051829457283
6523,0.02314310148358345
6524,0.017693184316158295
6525,0.04865027964115143
6526,0.01788870431482792
6527,0.01788870431482792
6528,0.033448923379182816
6529,0.01788870431482792
6530,0.01788870431482792
6531,0.01788870431482792
6532,0.01788870431482792
6533,0.01788870431482792
6534,0.01788870431482792
6535,0.057868994772434235
6536,0.01788870431482792
6537,0.008161885663866997
6538,0.025849321857094765
6539,0.02916201762855053
6540,0.10748375207185745
6541,0.03267959877848625
6542,0.020235419273376465
6543,0.019995303824543953
6544,0.01483996119350195
6545,0.022786714136600494
6546,0.02011018805205822
6547,0.01742592640221119
6548,0.036509059369564056
6549,0.013131753541529179
6550,0.01755545474588871
6551,0.013886933214962482
6552,0.017905885353684425
6553,0.01672823168337345
6554,0.021085558459162712
6555,0.009636996313929558
6556,0.017061054706573486
6557,0.058522529900074005
6558,0.0216075386852026
6559,0.03868856653571129
6560,0.031725890934467316
6561,0.0220659077167511
6562,0.07021049410104752
6563,0.03826940432190895
6564,0.010926165618002415
6565,0.05124952644109726
6566,0.0177575945854187
6567,0.020375575870275497
6568,0.016445668414235115
6569,0.043045707046985626
6570,0.03636331111192703
6571,0.05159064382314682
6572,0.024795901030302048
6573,0.051299918442964554
6574,0.020481813699007034
6575,0.024534473195672035
6576,0.07800647616386414
6577,0.02659969963133335
6578,0.03876876085996628
6579,0.024373169988393784
6580,0.019232748076319695
6581,0.02660176157951355
6582,0.050110772252082825
6583,0.04388674348592758
6584,0.028558380901813507
6585,0.023228878155350685
6586,0.03765060752630234
6587,0.06745263934135437
6588,0.1271364539861679
6589,0.05556078255176544
6590,0.04888510704040527
6591,0.02683415077626705
6592,0.019717717543244362
6593,0.050126273185014725
6594,0.06752017885446548
6595,0.060928214341402054
6596,0.10122182965278625
6597,0.048101454973220825
6598,0.01784318871796131
6599,0.018191954120993614
6600,0.03771491348743439
6601,0.013295670039951801
6602,0.019840756431221962
6603,0.022067943587899208
6604,0.03314802795648575
6605,0.02657262235879898
6606,0.023029055446386337
6607,0.020848412066698074
6608,0.08652027696371078
6609,0.018352320417761803
6610,0.03602670878171921
6611,0.01717757061123848
6612,0.017030447721481323
6613,0.017945390194654465
6614,0.015076288022100925
6615,0.042868342250585556
6616,0.025321712717413902
6617,0.015076288022100925
6618,0.02678702585399151
6619,0.05915690213441849
6620,0.056590694934129715
6621,0.01832457259297371
6622,0.02122749760746956
6623,0.03009260818362236
6624,0.026066135615110397
6625,0.026066135615110397
6626,0.1925947070121765
6627,0.03570454567670822
6628,0.04243190959095955
6629,0.015136264264583588
6630,0.015136264264583588
6631,0.017972217872738838
6632,0.017972217872738838
6633,0.015136264264583588
6634,0.017972217872738838
6635,0.023565620183944702
6636,0.014364196918904781
6637,0.015136264264583588
6638,0.017972217872738838
6639,0.019990380853414536
6640,0.017972217872738838
6641,0.015136264264583588
6642,0.015981849282979965
6643,0.02431219257414341
6644,0.0190199576318264
6645,0.017972217872738838
6646,0.017972217872738838
6647,0.02016105316579342
6648,0.015136264264583588
6649,0.017972217872738838
6650,0.024555353447794914
6651,0.015136264264583588
6652,0.017972217872738838
6653,0.015136264264583588
6654,0.015136264264583588
6655,0.015136264264583588
6656,0.0375308059155941
6657,0.049112048000097275
6658,0.015136264264583588
6659,0.01808098331093788
6660,0.028772177174687386
6661,0.018055681139230728
6662,0.018746692687273026
6663,0.03924538567662239
6664,0.06672248989343643
6665,0.02514486387372017
6666,0.011621255427598953
6667,0.02362743206322193
6668,0.05034080892801285
6669,0.03262711688876152
6670,0.017839595675468445
6671,0.008083018474280834
6672,0.015052036382257938
6673,0.022556819021701813
6674,0.02545948512852192
6675,0.012671020813286304
6676,0.014223730191588402
6677,0.0256489384919405
6678,0.027957729995250702
6679,0.029911817982792854
6680,0.015929630026221275
6681,0.021224111318588257
6682,0.04491673782467842
6683,0.049894046038389206
6684,0.025628259405493736
6685,0.028709443286061287
6686,0.03535020723938942
6687,0.017894377931952477
6688,0.023411709815263748
6689,0.021318811923265457
6690,0.023411709815263748
6691,2.130050997948274e-4
6692,0.01613241620361805
6693,0.024897290393710136
6694,0.035805583000183105
6695,0.023411709815263748
6696,0.06534112989902496
6697,0.039010342210531235
6698,0.029200313612818718
6699,0.02497262693941593
6700,0.019042368978261948
6701,0.01910342462360859
6702,0.03008529171347618
6703,0.02759651280939579
6704,0.019534766674041748
6705,0.049895644187927246
6706,0.025275250896811485
6707,0.02597225457429886
6708,0.014200360514223576
6709,0.04234052076935768
6710,0.06464460492134094
6711,0.03565092384815216
6712,0.04615389183163643
6713,0.0339820459485054
6714,0.0339820459485054
6715,0.021694902330636978
6716,0.023247921839356422
6717,0.04096658527851105
6718,0.05335906893014908
6719,0.006578612606972456
6720,0.015611952170729637
6721,0.015611952170729637
6722,0.015611952170729637
6723,0.015611952170729637
6724,0.03286371007561684
6725,0.015611952170729637
6726,0.021296076476573944
6727,0.02779475785791874
6728,0.02648399956524372
6729,0.04851575195789337
6730,0.02712995931506157
6731,0.023959392681717873
6732,0.039997927844524384
6733,0.028792358934879303
6734,0.05519872158765793
6735,0.05131573975086212
6736,0.055144015699625015
6737,0.03769126161932945
6738,0.02676173858344555
6739,0.026783134788274765
6740,0.037507738918066025
6741,0.01639215089380741
6742,0.066471166908741
6743,0.09939898550510406
6744,0.049573078751564026
6745,0.01287403330206871
6746,0.06302788853645325
6747,0.014553670771420002
6748,0.04493763670325279
6749,0.01857616752386093
6750,0.01857616752386093
6751,0.02108699642121792
6752,0.02182815782725811
6753,0.016347963362932205
6754,0.02182815782725811
6755,0.02071402221918106
6756,0.016347963362932205
6757,0.018759937956929207
6758,0.02108699642121792
6759,0.016347963362932205
6760,0.03988034650683403
6761,0.025545667856931686
6762,0.02312285639345646
6763,0.039732471108436584
6764,0.025619463995099068
6765,0.05024643614888191
6766,0.05532841756939888
6767,0.043795280158519745
6768,0.03625083342194557
6769,0.04135986417531967
6770,0.03278535604476929
6771,0.054421983659267426
6772,0.04135340452194214
6773,0.03138461709022522
6774,0.015745827928185463
6775,0.04099495708942413
6776,0.07359397411346436
6777,0.037053871899843216
6778,0.03698856011033058
6779,0.03894997388124466
6780,0.02888738177716732
6781,0.008084326051175594
6782,0.03624911978840828
6783,0.008533608168363571
6784,0.0777139812707901
6785,0.018162712454795837
6786,0.03511613979935646
6787,0.036336421966552734
6788,0.011168783530592918
6789,0.025097539648413658
6790,0.02313573658466339
6791,0.02085556834936142
6792,0.0308579970151186
6793,0.04344590753316879
6794,0.06863690167665482
6795,0.0197924692183733
6796,0.0197924692183733
6797,0.019116755574941635
6798,0.023166723549365997
6799,0.013706491328775883
6800,0.014988353475928307
6801,0.014960712753236294
6802,0.10814700275659561
6803,0.03322720527648926
6804,0.022103173658251762
6805,0.04618893936276436
6806,0.016926342621445656
6807,0.020190482959151268
6808,0.020903345197439194
6809,0.05244075506925583
6810,0.030980359762907028
6811,0.05194556713104248
6812,0.0347689725458622
6813,0.053363628685474396
6814,0.053363628685474396
6815,0.0347689725458622
6816,0.015916313976049423
6817,0.01596139743924141
6818,0.01596139743924141
6819,0.01596139743924141
6820,0.01596139743924141
6821,0.015448791906237602
6822,0.0013924840604886413
6823,0.001146391499787569
6824,0.06434178352355957
6825,0.0497889406979084
6826,0.032922111451625824
6827,0.061127983033657074
6828,0.10560239106416702
6829,0.054028987884521484
6830,0.022678211331367493
6831,0.03681394085288048
6832,0.026138631626963615
6833,0.06406848877668381
6834,0.1091262623667717
6835,0.02876911498606205
6836,0.008250412531197071
6837,0.0831519290804863
6838,0.02420864626765251
6839,0.014953798614442348
6840,0.031444795429706573
6841,0.031444795429706573
6842,0.018471140414476395
6843,0.017831776291131973
6844,0.025234166532754898
6845,0.030348075553774834
6846,0.02162826433777809
6847,0.034467265009880066
6848,0.03644619509577751
6849,0.02449895069003105
6850,0.014737792313098907
6851,0.0290761049836874
6852,0.02997683733701706
6853,0.02997683733701706
6854,0.0116616515442729
6855,0.0116616515442729
6856,0.039621561765670776
6857,0.02907840721309185
6858,0.02603968232870102
6859,0.017910374328494072
6860,0.015052036382257938
6861,0.033904269337654114
6862,0.03166614845395088
6863,0.012985283508896828
6864,0.029607191681861877
6865,0.050669796764850616
6866,0.02323267050087452
6867,0.0189102403819561
6868,0.03021908737719059
6869,0.0359269455075264
6870,0.02971935085952282
6871,0.018752446398139
6872,0.012967540882527828
6873,0.025234166532754898
6874,0.02340959571301937
6875,0.02340959571301937
6876,0.026239652186632156
6877,0.022613247856497765
6878,0.05061588063836098
6879,0.09990017116069794
6880,0.013084675185382366
6881,0.014390239492058754
6882,0.02534952573478222
6883,0.05681503564119339
6884,0.026239652186632156
6885,0.018110249191522598
6886,0.057976558804512024
6887,0.0375521145761013
6888,0.04831714928150177
6889,0.025234166532754898
6890,0.02523721568286419
6891,0.028947243466973305
6892,0.014481425285339355
6893,0.02767806313931942
6894,0.006250724196434021
6895,0.022254901006817818
6896,0.026210086420178413
6897,0.014462055638432503
6898,0.021276354789733887
6899,0.00892176665365696
6900,0.03624454885721207
6901,0.04218892380595207
6902,0.04260491207242012
6903,0.022739192470908165
6904,0.05511869862675667
6905,0.017723634839057922
6906,0.030783431604504585
6907,0.012170405127108097
6908,0.016337675973773003
6909,0.015188463032245636
6910,0.012072201818227768
6911,0.02155592478811741
6912,0.04236416891217232
6913,0.0399186871945858
6914,0.05242538079619408
6915,0.026605984196066856
6916,0.06108950823545456
6917,0.06312162429094315
6918,0.026655327528715134
6919,0.0542687363922596
6920,0.024987641721963882
6921,0.027910009026527405
6922,0.02887529321014881
6923,0.037902187556028366
6924,0.04315878078341484
6925,0.019890233874320984
6926,0.011736123822629452
6927,0.037645671516656876
6928,0.02164403162896633
6929,0.02170448936522007
6930,0.04319360852241516
6931,0.06062658876180649
6932,0.046525511890649796
6933,0.032381437718868256
6934,0.016945738345384598
6935,0.07911887019872665
6936,0.0701063722372055
6937,0.03845254331827164
6938,0.07182138413190842
6939,0.04725721478462219
6940,0.1146010011434555
6941,0.1094951331615448
6942,0.034167490899562836
6943,0.008118916302919388
6944,0.05452502518892288
6945,0.012015317566692829
6946,0.05452502518892288
6947,0.05452502518892288
6948,0.05452502518892288
6949,0.16206833720207214
6950,0.027368780225515366
6951,0.03613751009106636
6952,0.027352746576070786
6953,0.0764579325914383
6954,0.026471523568034172
6955,0.017856763675808907
6956,0.02119147777557373
6957,0.06729228794574738
6958,0.039180655032396317
6959,0.022661885246634483
6960,0.01525037456303835
6961,0.04249836876988411
6962,0.082691192626953125
6963,0.09813699871301651
6964,0.2904587686061859
6965,0.03577111288905144
6966,0.05101529508829117
6967,0.04218892380595207
6968,0.03359707444906235
6969,0.09392557293176651
6970,0.024319682270288467
6971,0.026471523568034172
6972,0.24018342792987823
6973,0.07819494605064392
6974,0.02751087211072445
6975,0.046277038753032684
6976,0.034817568957805634
6977,0.06361453980207443
6978,0.036652471870183945
6979,0.022531826049089432
6980,0.029391879215836525
6981,0.025944702327251434
6982,0.03749406710267067
6983,0.11857897788286209
6984,0.0407591313123703
6985,0.0628804937005043
6986,0.07631361484527588
6987,0.03434591740369797
6988,0.05193774402141571
6989,0.02290179952979088
6990,0.0808129534125328
6991,0.04443180561065674
6992,0.019914530217647552
6993,0.06057032197713852
6994,0.05449831485748291
6995,0.04001743346452713
6996,0.014856625348329544
6997,0.07564210146665573
6998,0.15745070576667786
6999,0.044611431658267975
7000,0.11640029400587082
7001,0.09682310372591019
7002,0.117621511220932
7003,0.023070495575666428
7004,0.026120679453015327
7005,0.02621830627322197
7006,0.04333806037902832
7007,0.03451406583189964
7008,0.0221901535987854
7009,0.07460308074951172
7010,0.05009513348340988
7011,0.06512896716594696
7012,0.09133946895599365
7013,0.04927825927734375
7014,0.04306121543049812
7015,0.07395060360431671
7016,0.0787716954946518
7017,0.07357962429523468
7018,0.04252183064818382
7019,0.01834370568394661
7020,0.029927099123597145
7021,0.07582251727581024
7022,0.03839167580008507
7023,0.04583081230521202
7024,0.03119768761098385
7025,0.02794387750327587
7026,0.049181804060935974
7027,0.038751762360334396
7028,0.04816379025578499
7029,0.02875031903386116
7030,0.02875031903386116
7031,0.029245559126138687
7032,0.029245559126138687
7033,0.1489458978176117
7034,0.26626282930374146
7035,0.05464039742946625
7036,0.05464039742946625
7037,0.14527973532676697
7038,0.22107873857021332
7039,0.018376018851995468
7040,0.052663907408714294
7041,0.028483442962169647
7042,0.16721121966838837
7043,0.15911802649497986
7044,0.03549769148230553
7045,0.36666375398635864
7046,0.03810112923383713
7047,0.1000523641705513
7048,0.1328202337026596
7049,0.04643082991242409
7050,0.11782655864953995
7051,0.03526414558291435
7052,0.03556123003363609
7053,0.529141902923584
7054,0.03556123003363609
7055,0.052865784615278244
7056,0.0267378818243742
7057,0.08820392191410065
7058,0.04440087080001831
7059,0.08440166711807251
7060,0.15379296243190765
7061,0.15379296243190765
7062,0.05087488889694214
7063,0.008256414905190468
7064,0.07067345082759857
7065,0.13709098100662231
7066,0.20364408195018768
7067,0.15069520473480225
7068,0.1366197019815445
7069,0.032016512006521225
7070,0.045707158744335175
7071,0.04767247289419174
7072,0.11487235873937607
7073,0.2705073356628418
7074,0.0442437082529068
7075,0.022935369983315468
7076,0.023395080119371414
7077,0.07089978456497192
7078,0.0299636572599411
7079,0.1410713791847229
7080,0.12914517521858215
7081,0.3659844398498535
7082,0.05387245863676071
7083,0.16835111379623413
7084,0.04798952862620354
7085,0.0832199677824974
7086,0.07929478585720062
7087,0.03781352937221527
7088,0.03848062828183174
7089,0.02059914357960224
7090,0.01647059991955757
7091,0.02795981615781784
7092,0.03817068412899971
7093,0.07089231163263321
7094,0.03900311142206192
7095,0.03617612645030022
7096,0.014985889196395874
7097,0.07059703767299652
7098,0.03954858332872391
7099,0.028465833514928818
7100,0.02591695636510849
7101,0.027810778468847275
7102,0.10092560201883316
7103,0.0531131774187088
7104,0.01782960630953312
7105,0.023510480299592018
7106,0.035066235810518265
7107,0.02422415092587471
7108,0.02523721568286419
7109,0.04528835415840149
7110,0.050415001809597015
7111,0.027491716668009758
7112,0.015000755898654461
7113,0.035703279078006744
7114,0.04264669492840767
7115,0.051935113966464996
7116,0.10466652363538742
7117,0.08154501765966415
7118,0.08566413074731827
7119,0.014586388133466244
7120,0.028048207983374596
7121,0.025087302550673485
7122,0.07775603979825974
7123,0.03995000571012497
7124,0.08063054829835892
7125,0.07712368667125702
7126,0.04702206701040268
7127,0.0395212359726429
7128,0.04007368162274361
7129,0.05576492100954056
7130,0.031794968992471695
7131,0.08992687612771988
7132,0.027040056884288788
7133,0.06521696597337723
7134,0.006761579308658838
7135,0.054712213575839996
7136,0.036932919174432755
7137,0.02962973341345787
7138,0.045950956642627716
7139,0.045950956642627716
7140,0.029847119003534317
7141,0.029847119003534317
7142,0.015489389188587666
7143,0.01831337809562683
7144,0.0634707659482956
7145,0.19149650633335114
7146,0.2256002128124237
7147,0.02777617610991001
7148,0.039554327726364136
7149,0.03180016577243805
7150,0.0735837072134018
7151,0.03545434772968292
7152,0.036685943603515625
7153,0.03545434772968292
7154,8.127566979965195e-5
7155,0.051240406930446625
7156,0.017839595675468445
7157,0.021305449306964874
7158,0.051345344632864
7159,0.11824402958154678
7160,0.006210534833371639
7161,0.006210534833371639
7162,0.04116159304976463
7163,0.0328056737780571
7164,0.06341983377933502
7165,0.037149447947740555
7166,0.03998265042901039
7167,0.04116159304976463
7168,0.03998265042901039
7169,0.05175114423036575
7170,0.04022269695997238
7171,0.04116159304976463
7172,0.042961735278367996
7173,0.05918582156300545
7174,0.03925970941781998
7175,0.04212222620844841
7176,0.0735837072134018
7177,0.017797119915485382
7178,0.0021007962059229612
7179,0.056153081357479095
7180,0.03547365218400955
7181,0.034450773149728775
7182,0.06933166831731796
7183,0.061746057122945786
7184,0.02425157092511654
7185,0.02659969963133335
7186,0.12903282046318054
7187,0.05748652294278145
7188,0.14831721782684326
7189,0.05705777928233147
7190,0.04008999839425087
7191,0.01839066483080387
7192,0.08336002379655838
7193,0.05249585211277008
7194,0.041875455528497696
7195,0.03872797265648842
7196,0.04816972836852074
7197,0.03872494027018547
7198,0.04442833736538887
7199,0.04809584096074104
7200,0.03943607956171036
7201,0.06424372643232346
7202,0.021182166412472725
7203,0.0750698372721672
7204,0.06556511670351028
7205,0.03078492358326912
7206,0.05836579203605652
7207,0.1045486256480217
7208,0.07622292637825012
7209,0.05718500167131424
7210,0.039052218198776245
7211,0.05273500084877014
7212,0.05310526490211487
7213,0.04143799468874931
7214,0.04143799468874931
7215,0.03481774404644966
7216,9.792584023671225e-5
7217,0.04143799468874931
7218,0.11619541049003601
7219,0.03338542953133583
7220,0.06654073297977448
7221,0.08101988583803177
7222,0.03345772251486778
7223,0.023426592350006104
7224,0.28260669112205505
7225,0.11646141856908798
7226,0.11173462122678757
7227,0.07130693644285202
7228,0.05215488746762276
7229,0.04600625857710838
7230,0.06334561854600906
7231,0.03912622854113579
7232,0.04479242488741875
7233,0.04623125493526459
7234,0.15397587418556213
7235,0.019284380599856377
7236,0.03802217170596123
7237,0.033926114439964294
7238,0.01783246174454689
7239,0.028467638418078423
7240,0.051315706223249435
7241,0.029593123123049736
7242,0.04031890630722046
7243,0.03278018534183502
7244,0.24738723039627075
7245,0.036480363458395004
7246,0.05327625945210457
7247,0.014844270423054695
7248,0.017909443005919456
7249,0.1900172233581543
7250,0.025804106146097183
7251,0.025804106146097183
7252,0.025804106146097183
7253,0.025804106146097183
7254,0.02814549021422863
7255,0.02243928425014019
7256,0.12308192253112793
7257,0.035723332315683365
7258,0.023147743195295334
7259,0.03632650524377823
7260,0.016724640503525734
7261,0.05381351336836815
7262,0.025793781504034996
7263,0.021119946613907814
7264,0.03886713832616806
7265,0.02414759062230587
7266,0.014397673308849335
7267,0.03428352624177933
7268,0.07160244882106781
7269,0.024964360520243645
7270,0.0355842225253582
7271,0.021978041157126427
7272,0.02091393992304802
7273,0.02020072750747204
7274,0.02091393992304802
7275,0.03127194195985794
7276,0.024380531162023544
7277,0.023551950231194496
7278,0.023551950231194496
7279,0.023551950231194496
7280,0.058300480246543884
7281,0.06844311952590942
7282,0.09264299273490906
7283,0.015392540022730827
7284,0.015392540022730827
7285,0.025345323607325554
7286,0.036473874002695084
7287,0.04906006157398224
7288,0.05052656680345535
7289,0.08053090423345566
7290,0.006209027953445911
7291,0.03319558873772621
7292,0.03751064091920853
7293,0.029823537915945053
7294,0.03549027815461159
7295,0.024402188137173653
7296,0.023925649002194405
7297,0.04193319380283356
7298,0.018742920830845833
7299,0.023816173896193504
7300,0.03837226331233978
7301,0.1026071310043335
7302,0.061740633100271225
7303,0.03397096320986748
7304,0.039604708552360535
7305,0.019056156277656555
7306,0.039505019783973694
7307,0.10732602328062057
7308,0.07364526391029358
7309,0.021787328645586967
7310,0.06876670569181442
7311,0.019463377073407173
7312,0.0400724895298481
7313,0.015272576361894608
7314,0.0205038134008646
7315,0.051290031522512436
7316,0.14014431834220886
7317,0.0513623021543026
7318,0.017748763784766197
7319,0.03599942848086357
7320,0.046340763568878174
7321,0.04447950795292854
7322,0.05420784279704094
7323,0.023956459015607834
7324,0.030089979991316795
7325,0.14731444418430328
7326,0.02523721568286419
7327,0.17066821455955505
7328,0.051878876984119415
7329,0.020162560045719147
7330,0.059566445648670197
7331,0.018728379160165787
7332,0.0305275097489357
7333,0.06384117901325226
7334,0.030271366238594055
7335,0.03592667728662491
7336,0.03685836121439934
7337,0.010061854496598244
7338,0.037174057215452194
7339,0.03592667728662491
7340,0.03132875636219978
7341,0.025391846895217896
7342,0.026147760450839996
7343,0.025391846895217896
7344,0.01773172989487648
7345,0.03592667728662491
7346,0.030271366238594055
7347,0.032666806131601334
7348,0.06713204830884933
7349,0.032666806131601334
7350,0.043790217489004135
7351,0.03711889311671257
7352,0.02978006936609745
7353,0.08044952154159546
7354,0.07016634941101074
7355,0.07016634941101074
7356,0.03841324523091316
7357,0.031116820871829987
7358,0.05717878416180611
7359,0.01773456297814846
7360,0.041099391877651215
7361,0.024147208780050278
7362,0.07088254392147064
7363,0.06147757172584534
7364,0.039725739508867264
7365,0.08921796083450317
7366,0.07817063480615616
7367,0.026523763313889503
7368,0.041099391877651215
7369,0.04390876740217209
7370,0.028539318591356277
7371,0.0631062313914299
7372,0.018720459192991257
7373,0.020163681358098984
7374,0.051424115896224976
7375,0.04336977377533913
7376,0.012163328006863594
7377,0.04082288220524788
7378,0.0656566396355629
7379,0.018274592235684395
7380,0.033711519092321396
7381,0.014380340464413166
7382,0.04748423025012016
7383,0.03289725258946419
7384,0.019004452973604202
7385,0.02458828128874302
7386,0.08639025688171387
7387,0.020367709919810295
7388,0.06072602793574333
7389,0.01712537743151188
7390,0.02612142823636532
7391,0.20620352029800415
7392,0.032458242028951645
7393,0.034150321036577225
7394,0.014208159409463406
7395,0.01668917015194893
7396,0.03869051858782768
7397,0.06999368965625763
7398,0.06572689116001129
7399,0.06356294453144073
7400,0.0740387886762619
7401,0.054468125104904175
7402,0.03965483233332634
7403,0.04061204567551613
7404,0.07626455277204514
7405,0.027957238256931305
7406,0.059846628457307816
7407,0.013947563245892525
7408,0.21138258278369904
7409,0.02607523649930954
7410,0.03228912875056267
7411,0.2116754800081253
7412,0.033079229295253754
7413,0.031245157122612
7414,0.124881811439991
7415,0.09143253415822983
7416,0.16326309740543365
7417,0.06985514611005783
7418,0.1784227192401886
7419,0.0709543526172638
7420,0.031067732721567154
7421,0.12862206995487213
7422,0.06955283880233765
7423,0.09016693383455276
7424,0.029019607231020927
7425,0.017019307240843773
7426,0.056339092552661896
7427,0.026460792869329453
7428,0.018872665241360664
7429,0.008713393472135067
7430,0.034202683717012405
7431,0.12966103851795197
7432,0.040424179285764694
7433,0.023991258814930916
7434,0.02392108552157879
7435,0.019228996708989143
7436,0.020979097113013268
7437,0.022514183074235916
7438,0.07145006954669952
7439,0.023307863622903824
7440,0.014946676790714264
7441,0.05547038093209267
7442,0.04412761330604553
7443,0.1910078078508377
7444,0.016013571992516518
7445,0.014917921274900436
7446,0.048918187618255615
7447,0.04011279717087746
7448,0.02556132897734642
7449,0.017815347760915756
7450,0.03893724083900452
7451,0.043643876910209656
7452,0.032218631356954575
7453,0.06743161380290985
7454,0.04993464797735214
7455,0.016703153029084206
7456,0.03461993858218193
7457,0.16961923241615295
7458,0.1322862207889557
7459,0.028483012691140175
7460,0.01435495913028717
7461,0.020530913025140762
7462,0.16588954627513885
7463,0.025132521986961365
7464,0.03809809684753418
7465,0.016579519957304
7466,0.014402294531464577
7467,0.05968715250492096
7468,0.01693561300635338
7469,0.05698539689183235
7470,0.028680207207798958
7471,0.037419967353343964
7472,0.025415794923901558
7473,0.05465370789170265
7474,0.019398724660277367
7475,0.019398724660277367
7476,0.02774878218770027
7477,0.05518694967031479
7478,0.04496383294463158
7479,0.04182165861129761
7480,0.07790635526180267
7481,0.00892032403498888
7482,0.07790052145719528
7483,0.014358418062329292
7484,0.04183932766318321
7485,0.05310571566224098
7486,0.10779765993356705
7487,0.04163731262087822
7488,0.056989360600709915
7489,0.074613556265831
7490,0.04005689173936844
7491,0.05984203889966011
7492,0.02214234322309494
7493,0.07300704717636108
7494,0.029245862737298012
7495,0.03270164504647255
7496,0.029110262170433998
7497,0.12334360182285309
7498,0.02149062044918537
7499,0.028680207207798958
7500,0.03472452238202095
7501,0.028586167842149734
7502,0.030462201684713364
7503,0.02149062044918537
7504,0.1783255934715271
7505,0.04493149742484093
7506,0.017976174131035805
7507,0.016231155022978783
7508,0.04816793277859688
7509,0.0367230661213398
7510,0.022473493590950966
7511,0.03058728016912937
7512,0.03058728016912937
7513,0.03058728016912937
7514,0.15742053091526031
7515,0.10915903002023697
7516,0.01436561532318592
7517,0.016231155022978783
7518,0.028680207207798958
7519,0.03234363719820976
7520,0.018969232216477394
7521,0.0241668913513422
7522,0.035501740872859955
7523,0.01915845088660717
7524,0.05457472801208496
7525,0.052945345640182495
7526,0.019311318174004555
7527,0.0796557068824768
7528,0.055612385272979736
7529,0.01638440228998661
7530,0.029815630987286568
7531,0.01873992197215557
7532,0.025953354313969612
7533,0.04817541316151619
7534,0.037819307297468185
7535,0.044597554951906204
7536,0.017754968255758286
7537,0.07310241460800171
7538,0.02472716011106968
7539,0.027094567194581032
7540,0.045426588505506516
7541,0.018630370497703552
7542,0.040449146181344986
7543,0.061399731785058975
7544,0.06762520968914032
7545,0.07477586716413498
7546,0.04490526393055916
7547,0.02472716011106968
7548,0.1252775341272354
7549,0.029975159093737602
7550,0.02073022536933422
7551,0.021893363445997238
7552,0.018656445667147636
7553,0.02472716011106968
7554,0.021808192133903503
7555,0.04682207480072975
7556,0.019095664843916893
7557,0.023594290018081665
7558,0.04700370132923126
7559,0.08656837791204453
7560,0.04878905415534973
7561,0.0300910584628582
7562,0.06447805464267731
7563,0.02750561758875847
7564,0.11852435767650604
7565,0.1174846887588501
7566,0.03733719885349274
7567,0.03751827031373978
7568,0.0380406379699707
7569,0.02500627189874649
7570,0.25148361921310425
7571,0.027355844154953957
7572,0.06545746326446533
7573,0.07257448136806488
7574,0.05826129764318466
7575,0.03112677112221718
7576,0.03645893931388855
7577,0.08562535047531128
7578,0.06980769336223602
7579,0.1014326736330986
7580,0.21888485550880432
7581,0.13441570103168488
7582,0.032043199986219406
7583,0.13946470618247986
7584,0.029530923813581467
7585,0.11918487399816513
7586,0.05475003272294998
7587,0.20078285038471222
7588,0.027328509837388992
7589,0.0845438539981842
7590,0.054067615419626236
7591,0.06730677932500839
7592,0.05789410322904587
7593,0.17513112723827362
7594,0.03796499967575073
7595,0.08971761912107468
7596,0.06259208172559738
7597,0.08452822268009186
7598,0.17147280275821686
7599,0.05137176066637039
7600,0.2177158147096634
7601,0.23368512094020844
7602,0.09781745076179504
7603,0.07128763198852539
7604,0.02706942893564701
7605,0.06902994960546494
7606,0.03870772570371628
7607,0.14471635222434998
7608,0.13003528118133545
7609,0.0346854031085968
7610,0.03975540027022362
7611,0.035590652376413345
7612,0.2882067561149597
7613,0.04159487783908844
7614,0.029873477295041084
7615,0.026281241327524185
7616,0.04035305976867676
7617,0.10411027818918228
7618,0.038701027631759644
7619,0.02741600200533867
7620,0.029972800984978676
7621,0.1474195122718811
7622,0.029977530241012573
7623,0.03455394133925438
7624,0.3883289098739624
7625,0.03721386939287186
7626,0.1809288114309311
7627,0.0188626479357481
7628,0.2242032140493393
7629,0.03568795323371887
7630,0.20843155682086945
7631,0.03692734241485596
7632,0.06754838675260544
7633,0.03568795323371887
7634,0.07903752475976944
7635,0.011179623194038868
7636,0.06418341398239136
7637,0.09454599022865295
7638,0.0683087632060051
7639,0.03568795323371887
7640,0.17617881298065186
7641,0.043377410620450974
7642,0.026389874517917633
7643,0.03527233749628067
7644,0.07928455621004105
7645,0.06401155889034271
7646,0.06418341398239136
7647,0.01976323314011097
7648,0.03153087571263313
7649,0.12108296900987625
7650,0.08076318353414536
7651,0.09345625340938568
7652,0.1423746794462204
7653,0.1270102709531784
7654,0.1423746794462204
7655,0.02480497397482395
7656,0.021517029032111168
7657,0.1546916961669922
7658,0.0198931023478508
7659,0.023656848818063736
7660,0.05427799001336098
7661,0.02516309916973114
7662,0.16456609964370728
7663,0.05016237869858742
7664,0.15707233548164368
7665,0.03170543909072876
7666,0.041165176779031754
7667,0.0444219745695591
7668,0.16766752302646637
7669,0.11616666615009308
7670,0.2597554326057434
7671,0.30585357546806335
7672,0.009012005291879177
7673,0.42456233501434326
7674,0.013101316057145596
7675,0.09448430687189102
7676,0.09667380154132843
7677,0.25096961855888367
7678,0.20209276676177979
7679,0.04077444598078728
7680,0.04260196536779404
7681,0.04260196536779404
7682,0.1385665237903595
7683,0.08903941512107849
7684,0.08284445852041245
7685,0.019305404275655746
7686,0.019305404275655746
7687,0.3031803369522095
7688,0.15415672957897186
7689,0.018977440893650055
7690,0.0215405635535717
7691,0.1272069215774536
7692,0.021230757236480713
7693,0.07842660695314407
7694,0.17093899846076965
7695,0.03174306079745293
7696,0.0348275750875473
7697,0.05420555919408798
7698,0.02485921047627926
7699,0.008119569160044193
7700,0.018957866355776787
7701,0.17830169200897217
7702,0.08484785258769989
7703,0.19709448516368866
7704,0.17728474736213684
7705,0.025911709293723106
7706,0.2371320277452469
7707,0.06813054531812668
7708,0.492442786693573
7709,0.006210534833371639
7710,0.4484456479549408
7711,0.11998622864484787
7712,0.09929225593805313
7713,0.07300388813018799
7714,0.019622117280960083
7715,0.11203449964523315
7716,0.19447638094425201
7717,0.03860138729214668
7718,0.1523931473493576
7719,0.03860138729214668
7720,0.028822099789977074
7721,0.1326322704553604
7722,0.10737987607717514
7723,0.15557868778705597
7724,0.09005988389253616
7725,0.0177304670214653
7726,0.12806567549705505
7727,0.03150026500225067
7728,0.04817541316151619
7729,0.08372417837381363
7730,0.16191589832305908
7731,0.13045670092105865
7732,0.024749433621764183
7733,0.07492810487747192
7734,0.07636601477861404
7735,0.4617164134979248
7736,0.03826393559575081
7737,0.03146088123321533
7738,0.076104074716568
7739,0.16324202716350555
7740,0.14593841135501862
7741,0.09376110136508942
7742,0.03469850495457649
7743,0.15790621936321259
7744,0.09764425456523895
7745,0.023824889212846756
7746,0.024349970743060112
7747,0.03441142663359642
7748,0.030874039977788925
7749,0.04713200777769089
7750,0.057850662618875504
7751,0.10980986058712006
7752,0.18210968375205994
7753,0.06893211603164673
7754,0.1463240385055542
7755,0.05401916801929474
7756,0.10024575144052505
7757,0.3428697884082794
7758,0.13923828303813934
7759,0.10486629605293274
7760,0.295888751745224
7761,0.024937355890870094
7762,0.05364806950092316
7763,0.07332713156938553
7764,0.02114356867969036
7765,0.40037578344345093
7766,0.09097322076559067
7767,0.03491486236453056
7768,0.035268962383270264
7769,0.03608964756131172
7770,0.13956400752067566
7771,0.018672121688723564
7772,0.07976213842630386
7773,0.06598830968141556
7774,0.14152269065380096
7775,0.08211255073547363
7776,0.06744997203350067
7777,0.12861192226409912
7778,0.330935537815094
7779,0.17451779544353485
7780,0.1800793558359146
7781,0.0639898031949997
7782,0.27499672770500183
7783,0.07907199114561081
7784,0.08884086459875107
7785,0.055239543318748474
7786,0.12445095926523209
7787,0.1594499945640564
7788,0.1594499945640564
7789,0.07443007081747055
7790,0.07296141237020493
7791,0.026056528091430664
7792,0.09185294806957245
7793,0.12893925607204437
7794,0.05410975217819214
7795,0.04316732659935951
7796,0.06974510103464127
7797,0.24969026446342468
7798,0.11195842921733856
7799,0.025586066767573357
7800,0.17933765053749084
7801,0.05263468995690346
7802,0.3082822859287262
7803,0.08798957616090775
7804,0.2699451148509979
7805,0.0563436895608902
7806,0.6561895608901978
7807,0.04365352913737297
7808,0.13279609382152557
7809,0.08760663121938705
7810,0.15025781095027924
7811,0.23964110016822815
7812,0.03380618989467621
7813,0.022839544340968132
7814,0.022293241694569588
7815,0.04413767158985138
7816,0.04208742082118988
7817,0.02430710941553116
7818,0.15794871747493744
7819,0.05774950981140137
7820,0.04108193516731262
7821,0.04250039532780647
7822,0.05774950981140137
7823,0.05191831663250923
7824,0.05774950981140137
7825,0.04250039532780647
7826,0.04250039532780647
7827,0.04108193516731262
7828,0.0792507603764534
7829,0.04108193516731262
7830,0.04250039532780647
7831,0.09227496385574341
7832,0.03955898433923721
7833,0.0923081561923027
7834,0.057126499712467194
7835,0.08689641207456589
7836,0.1803962141275406
7837,0.08676260709762573
7838,0.0487389862537384
7839,0.07296106219291687
7840,0.07878832519054413
7841,0.17915542423725128
7842,0.13421209156513214
7843,0.03957903012633324
7844,0.012604215182363987
7845,0.07878832519054413
7846,0.04290207475423813
7847,0.06434173882007599
7848,0.07321584224700928
7849,0.07915166765451431
7850,0.06808510422706604
7851,0.09114276617765427
7852,0.09114276617765427
7853,0.2850697338581085
7854,0.18376600742340088
7855,0.12341159582138062
7856,0.07959490269422531
7857,0.22563666105270386
7858,0.04438919574022293
7859,0.23066875338554382
7860,0.11308903247117996
7861,0.15764611959457397
7862,0.08602388203144073
7863,0.024434953927993774
7864,0.10879691690206528
7865,0.10409732162952423
7866,0.03613116219639778
7867,0.4247555732727051
7868,0.1147400438785553
7869,0.02361583709716797
7870,0.14245213568210602
7871,0.10705716162919998
7872,0.21830323338508606
7873,0.1596103310585022
7874,0.067552849650383
7875,0.028501227498054504
7876,0.03948244825005531
7877,0.0781627967953682
7878,0.09604860097169876
7879,0.306877076625824
7880,0.08097081631422043
7881,0.14495067298412323
7882,0.19738537073135376
7883,0.051595378667116165
7884,0.09278221428394318
7885,0.143387109041214
7886,0.143387109041214
7887,0.06460090726613998
7888,0.312795490026474
7889,0.040780406445264816
7890,0.012826762162148952
7891,0.028684450313448906
7892,0.3408184349536896
7893,0.10123568773269653
7894,0.4513700306415558
7895,0.1236153095960617
7896,0.16062740981578827
7897,0.10076417028903961
7898,0.13648100197315216
7899,0.06591805070638657
7900,0.07872738689184189
7901,0.04686926677823067
7902,0.07628411054611206
7903,0.07881814986467361
7904,0.19040125608444214
7905,0.11032380163669586
7906,0.07422018051147461
7907,0.07773939520120621
7908,0.0979398563504219
7909,0.25646159052848816
7910,0.03594350442290306
7911,0.10132032632827759
7912,0.21229884028434753
7913,0.03943612799048424
7914,0.031133802607655525
7915,0.037790697067976
7916,0.03775332495570183
7917,0.06611310690641403
7918,0.04636209458112717
7919,0.2179863601922989
7920,0.14432258903980255
7921,0.10365718603134155
7922,0.1641547530889511
7923,0.0982041135430336
7924,0.07318941503763199
7925,0.07194201648235321
7926,0.3935590982437134
7927,0.25816166400909424
7928,0.052689239382743835
7929,0.25038644671440125
7930,0.04841267690062523
7931,0.05821497365832329
7932,0.29572269320487976
7933,0.3252197802066803
7934,0.1881219446659088
7935,0.13872167468070984
7936,0.0302472822368145
7937,0.02954643778502941
7938,0.12941107153892517
7939,0.13872167468070984
7940,0.3505324721336365
7941,0.10541630536317825
7942,0.10541630536317825
7943,0.14378699660301208
7944,0.04428945109248161
7945,0.35699284076690674
7946,0.29340943694114685
7947,0.038462039083242416
7948,0.3880061209201813
7949,0.15593640506267548
7950,0.09915544837713242
7951,0.18764932453632355
7952,0.2128666639328003
7953,0.16737352311611176
7954,0.41182515025138855
7955,0.07654925435781479
7956,0.1201428472995758
7957,0.29749247431755066
7958,0.05190516635775566
7959,0.24171806871891022
7960,0.26797914505004883
7961,0.5192850828170776
7962,0.26662033796310425
7963,0.08935029059648514
7964,0.08935029059648514
7965,0.013704042881727219
7966,0.12616223096847534
7967,0.014125427231192589
7968,0.1223081722855568
7969,0.029429776594042778
7970,0.06438163667917252
7971,0.26774832606315613
7972,0.17413340508937836
7973,0.07488595694303513
7974,0.09138376265764236
7975,0.051880039274692535
7976,0.04366874694824219
7977,0.06590630859136581
7978,0.08101695775985718
7979,0.07439491897821426
7980,0.03552753105759621
7981,0.08761315047740936
7982,0.009001594968140125
7983,0.19222712516784668
7984,0.18599316477775574
7985,0.05986907705664635
7986,0.0784059464931488
7987,0.11817121505737305
7988,0.14833958446979523
7989,0.13340242207050323
7990,0.14871741831302643
7991,0.04880549758672714
7992,0.04686926677823067
7993,0.06887565553188324
7994,0.21851232647895813
7995,0.30417129397392273
7996,0.1472035050392151
7997,0.35756757855415344
7998,0.06266508251428604
7999,0.12689675390720367
8000,0.13283737003803253
8001,0.16564685106277466
8002,0.057631488889455795
8003,0.09996574372053146
8004,0.12671561539173126
8005,0.07238618284463882
8006,0.1423473209142685
8007,0.12800975143909454
8008,0.35850104689598083
8009,0.2850712835788727
8010,0.15652118623256683
8011,0.1461409479379654
8012,0.058817677199840546
8013,0.05298173800110817
8014,0.3788760304450989
8015,0.6178348064422607
8016,0.10933609306812286
8017,0.12792789936065674
8018,0.10942357033491135
8019,0.4941796660423279
8020,0.25805285573005676
8021,0.2640387713909149
8022,0.31481245160102844
8023,0.3122482895851135
8024,0.2705686688423157
8025,0.0814073234796524
8026,0.5658454298973083
8027,0.2588183581829071
8028,0.21676088869571686
8029,0.2901412844657898
8030,0.06695831567049026
8031,0.46191108226776123
8032,0.24345360696315765
8033,0.006210534833371639
8034,0.09172635525465012
8035,0.28029903769493103
8036,0.2761756181716919
8037,0.3175410032272339
8038,0.4441171884536743
8039,0.07424953579902649
8040,0.04972800239920616
8041,0.3312794864177704
8042,0.08903941512107849
8043,0.21597066521644592
8044,0.45236149430274963
8045,0.43920332193374634
8046,0.14408650994300842
8047,0.12693090736865997
8048,0.25774621963500977
8049,0.05367117002606392
8050,0.4315926730632782
8051,0.6803537607192993
8052,0.3029232323169708
8053,0.0457003079354763
8054,0.08761315047740936
8055,0.2305242121219635
8056,0.5060760974884033
8057,0.1028696820139885
8058,0.5738934874534607
8059,0.20882698893547058
8060,0.2620870769023895
8061,0.5511871576309204
8062,0.12107419222593307
8063,0.1986333429813385
8064,0.1868964582681656
8065,0.13882562518119812
8066,0.4332396686077118
8067,0.10393070429563522
8068,0.13841132819652557
8069,0.12161782383918762
8070,0.07037350535392761
8071,0.10065316408872604
8072,0.41944852471351624
8073,0.20488455891609192
8074,0.6308953762054443
8075,0.28295862674713135
8076,0.30690640211105347
8077,0.36846834421157837
8078,0.05560983344912529
8079,0.1330345869064331
8080,0.36815300583839417
8081,0.1177670881152153
8082,0.8017676472663879
8083,0.11745847761631012
8084,0.1182180643081665
8085,0.17293089628219604
8086,0.16128678619861603
8087,0.5201082825660706
8088,0.11048488318920135
8089,0.11255332082509995
8090,0.07151564955711365
8091,0.40713098645210266
8092,0.27364271879196167
8093,0.05368447303771973
8094,0.16421470046043396
8095,0.1130729392170906
8096,0.08109889924526215
8097,0.2507492005825043
8098,0.2980004847049713
8099,0.09277290850877762
8100,0.3449800908565521
8101,0.3802050054073334
8102,0.25154373049736023
8103,0.49094510078430176
8104,0.21099568903446198
8105,0.5422881841659546
8106,0.04310871288180351
8107,0.20909269154071808
8108,0.04398183524608612
8109,0.5072442889213562
8110,0.3799816071987152
8111,0.058538682758808136
8112,0.07172095775604248
8113,0.08072582632303238
8114,0.1404266208410263
8115,0.35633066296577454
8116,0.05951963737607002
8117,0.5200003385543823
8118,0.3025100529193878
8119,0.11718124896287918
8120,0.14177563786506653
8121,0.49042001366615295
8122,0.08176472038030624
8123,0.4639885127544403
8124,0.28901129961013794
8125,0.13678404688835144
8126,0.09560585021972656
8127,0.15733110904693604
8128,0.3251506984233856
8129,0.20948028564453125
8130,0.09820790588855743
8131,0.8558129072189331
8132,0.3251506984233856
8133,0.5128918290138245
8134,0.328222393989563
8135,0.059567224234342575
8136,0.14857305586338043
8137,0.7783198356628418
8138,0.48593124747276306
8139,0.25972580909729004
8140,0.2248050570487976
8141,0.2709313631057739
8142,0.09284621477127075
8143,0.48530113697052
8144,0.6221585869789124
8145,0.2553119361400604
8146,0.133540540933609
8147,0.48566168546676636
8148,0.6162227392196655
8149,0.0906406044960022
8150,0.2880392074584961
8151,0.04859135299921036
8152,0.17311090230941772
8153,0.14877556264400482
8154,0.1459125429391861
8155,0.08807572722434998
8156,0.08726955950260162
8157,0.2124691903591156
8158,0.08207867294549942
8159,0.5113382339477539
8160,0.3227473497390747
8161,0.09395024925470352
8162,0.2618011236190796
8163,0.7807350754737854
8164,0.5456408858299255
8165,0.4290187954902649
8166,0.21627655625343323
8167,0.5092586874961853
8168,0.049142930656671524
8169,0.10137530416250229
8170,0.1546212136745453
8171,0.6288772225379944
8172,0.1622655838727951
8173,0.6625539660453796
8174,0.07912230491638184
8175,0.2535665035247803
8176,0.39450085163116455
8177,0.43046972155570984
8178,0.4382016360759735
8179,0.5878156423568726
8180,0.3483598828315735
8181,0.1622793972492218
8182,0.6243712902069092
8183,0.4849221408367157
8184,0.45168280601501465
8185,0.7632837295532227
8186,0.30804765224456787
8187,0.8143979907035828
8188,0.48970550298690796
8189,0.30112671852111816
8190,0.9097452163696289
8191,0.6452808380126953
8192,0.16466055810451508
8193,0.4247705340385437
8194,0.1961842179298401
8195,0.24181409180164337
8196,0.06037544086575508
8197,0.07003605365753174
8198,0.1413910984992981
8199,0.5688053369522095
8200,0.28892773389816284
8201,0.1940048784017563
8202,0.3713434934616089
8203,0.32491493225097656
8204,0.38147374987602234
8205,0.23999756574630737
8206,0.24938775599002838
8207,0.33617210388183594
8208,0.1019216850399971
8209,0.4428226947784424
8210,0.2982091009616852
8211,0.2886916995048523
8212,0.41610175371170044
8213,0.16943082213401794
8214,0.6368524432182312
8215,0.5059099197387695
8216,0.5504348874092102
8217,0.5318344831466675
8218,0.08496681600809097
8219,0.3555854558944702
8220,0.16252242028713226
8221,0.27082154154777527
8222,0.10161975026130676
8223,0.12659822404384613
8224,0.5007284283638
8225,0.24223777651786804
8226,0.8889997601509094
8227,0.0545026995241642
8228,0.6134709119796753
8229,0.07121042162179947
8230,0.011280317790806293
8231,0.7704817056655884
8232,0.1580314040184021
8233,0.16476193070411682
8234,0.5395653247833252
8235,0.18944811820983887
8236,0.7567649483680725
8237,0.5830424427986145
8238,0.6615827083587646
8239,0.7594354152679443
8240,0.6064188480377197
8241,0.35567012429237366
8242,0.050556447356939316
8243,0.11597376316785812
8244,0.116602323949337
8245,0.436816930770874
8246,0.09706880152225494
8247,0.09706880152225494
8248,0.8277873396873474
8249,0.07389718294143677
8250,0.1000383123755455
8251,0.3265778124332428
8252,0.5299771428108215
8253,0.24367131292819977
8254,0.23043668270111084
8255,0.14937883615493774
8256,0.4923894703388214
8257,0.2531530261039734
8258,0.7207705974578857
8259,0.3625965714454651
8260,0.5174288749694824
8261,0.40074220299720764
8262,0.48042672872543335
8263,0.2808260917663574
8264,0.7213693261146545
8265,0.1103401705622673
8266,0.1103401705622673
8267,0.44828954339027405
8268,0.34031790494918823
8269,0.4932537078857422
8270,0.4788561761379242
8271,0.5081058740615845
8272,0.4172322452068329
8273,0.8698227405548096
8274,0.12437774240970612
8275,0.09707914292812347
8276,0.05710023269057274
8277,0.13829156756401062
8278,0.552641749382019
8279,0.16876424849033356
8280,0.1112968698143959
8281,0.6475417017936707
8282,0.6007040739059448
8283,0.3983311951160431
8284,0.09068620204925537
8285,0.641598105430603
8286,0.6344395279884338
8287,0.14885102212429047
8288,0.16203509271144867
8289,0.61388397216796875
8290,0.17547275125980377
8291,0.0666954442858696
8292,0.335319846868515
8293,0.24889689683914185
8294,0.05599379539489746
8295,0.21349821984767914
8296,0.12277769297361374
8297,0.10289710015058517
8298,0.13478559255599976
8299,0.16319788992404938
8300,0.6582037210464478
8301,0.13478559255599976
8302,0.45603811740875244
8303,0.11502997577190399
8304,0.1392068862915039
8305,0.06025727465748787
8306,0.006108799017965794
8307,0.12169074267148972
8308,0.5355396270751953
8309,0.35310274362564087
8310,0.35310274362564087
8311,0.0468781515955925
8312,0.0468781515955925
8313,0.0468781515955925
8314,0.6565272808074951
8315,0.6565272808074951
8316,0.42393651604652405
8317,0.8455731272697449
8318,0.32893943786621094
8319,0.482784241437912
8320,0.13938014209270477
8321,0.4645053446292877
8322,0.38636741042137146
8323,0.23359514772891998
8324,0.44849157333374023
8325,0.07401925325393677
8326,0.19097115099430084
8327,0.09079071134328842
8328,0.008115633390843868
8329,0.42903363704681396
8330,0.523688793182373
8331,0.06731659173965454
8332,0.15447063744068146
8333,0.5778611302375793
8334,0.5014498829841614
8335,0.09769273549318314
8336,0.4026733636856079
8337,0.35420143604278564
8338,0.27030622959136963
8339,0.41151806712150574
8340,0.8068804144859314
8341,0.16379772126674652
8342,0.22593966126441956
8343,0.38913413882255554
8344,0.4146895110607147
8345,0.25080761313438416
8346,0.15926407277584076
8347,0.4487174153327942
8348,0.24044573307037354
8349,0.2023225724697113
8350,0.26937058568000793
8351,0.6776477098464966
8352,0.1869995892047882
8353,0.36073946952819824
8354,0.578823983669281
8355,0.11921724677085876
8356,0.3510177731513977
8357,0.16248731315135956
8358,0.0965641587972641
8359,0.4443139433860779
8360,0.28219687938690186
8361,0.4546915590763092
8362,0.6059101223945618
8363,0.5182850360870361
8364,0.5106072425842285
8365,0.8860695362091064
8366,0.4508296847343445
8367,0.14790679514408112
8368,0.35387271642684937
8369,0.2514883577823639
8370,0.24487870931625366
8371,0.760624349117279
8372,0.18971142172813416
8373,0.23078064620494843
8374,0.07609201967716217
8375,0.10442616045475006
8376,0.24517469108104706
8377,0.23493936657905579
8378,0.2675144076347351
8379,0.3595223128795624
8380,0.8570455312728882
8381,0.0841824933886528
8382,0.15776053071022034
8383,0.07695169001817703
8384,0.7124937772750854
8385,0.8267107009887695
8386,0.0571134090423584
8387,0.04885045439004898
8388,0.33959078788757324
8389,0.0900222659111023
8390,0.6562260985374451
8391,0.832019031047821
8392,0.06815118342638016
8393,0.3491900563240051
8394,0.07217615097761154
8395,0.12226372212171555
8396,0.2722946107387543
8397,0.29349207878112793
8398,0.37269511818885803
8399,0.6180384159088135
8400,0.0587935745716095
8401,0.1367357075214386
8402,0.07556620240211487
8403,0.2669524848461151
8404,0.15243571996688843
8405,0.48441943526268005
8406,0.7241803407669067
8407,0.11264865100383759
8408,0.36154207587242126
8409,0.33397477865219116
8410,0.22195683419704437
8411,0.623054563999176
8412,0.36351320147514343
8413,0.13449151813983917
8414,0.21825917065143585
8415,0.301076740026474
8416,0.07371939718723297
8417,0.14885102212429047
8418,0.27353689074516296
8419,0.7736766934394836
8420,0.39747679233551025
8421,0.7844070792198181
8422,0.6076945066452026
8423,0.3433234989643097
8424,0.7876051664352417
8425,0.2892909049987793
8426,0.16391506791114807
8427,0.4632278084754944
8428,0.5754980444908142
8429,0.2583012580871582
8430,0.8019011616706848
8431,0.19286207854747772
8432,0.3708321154117584
8433,0.006210534833371639
8434,0.4702485501766205
8435,0.1066121906042099
8436,0.1082557737827301
8437,0.1082557737827301
8438,0.1764090359210968
8439,0.6698833703994751
8440,0.17732180655002594
8441,0.20567092299461365
8442,0.6338777542114258
8443,0.22785575687885284
8444,0.37251728773117065
8445,0.679935097694397
8446,0.511239230632782
8447,0.06173422187566757
8448,0.3745037317276001
8449,0.468384325504303
8450,0.330392450094223
8451,0.5146599411964417
8452,0.5507651567459106
8453,0.39512398838996887
8454,0.7099249958992004
8455,0.21827687323093414
8456,0.0972333699464798
8457,0.2685524523258209
8458,0.2966153919696808
8459,0.4751947522163391
8460,0.18941053748130798
8461,0.17366883158683777
8462,0.07181321084499359
8463,0.12804533541202545
8464,0.9564834833145142
8465,0.07594426721334457
8466,0.07909340411424637
8467,0.5029768347740173
8468,0.05702133849263191
8469,0.12129006534814835
8470,0.4200107157230377
8471,0.6325221657752991
8472,0.1133308857679367
8473,0.10617303848266602
8474,0.4588609039783478
8475,0.22363652288913727
8476,0.5497196316719055
8477,0.3922203481197357
8478,0.1372937262058258
8479,0.07409515976905823
8480,0.11116117238998413
8481,0.2168627828359604
8482,0.09283814579248428
8483,0.1336107850074768
8484,0.28385111689567566
8485,0.04122486338019371
8486,0.08351472020149231
8487,0.4072064757347107
8488,0.13260649144649506
8489,0.08106617629528046
8490,0.03457048162817955
8491,0.8339157700538635
8492,0.08472364395856857
8493,0.05799734592437744
8494,0.14427544176578522
8495,0.2691037654876709
8496,0.26220834255218506
8497,0.0777440071105957
8498,0.02847852185368538
8499,0.03045249916613102
8500,0.028011871501803398
8501,0.028011871501803398
8502,0.028011871501803398
8503,0.025239186361432076
8504,0.027687683701515198
8505,0.023142216727137566
8506,0.03573295846581459
8507,0.03573295846581459
8508,0.03573295846581459
8509,0.05874956026673317
8510,0.03192775323987007
8511,0.03573295846581459
8512,0.03573295846581459
8513,0.03573295846581459
8514,0.03573295846581459
8515,0.03573295846581459
8516,0.023350095376372337
8517,0.024384476244449615
8518,0.024384476244449615
8519,0.024384476244449615
8520,0.024384476244449615
8521,0.024384476244449615
8522,0.024384476244449615
8523,0.0085604228079319
8524,0.03367046266794205
8525,0.023350095376372337
8526,0.03946414962410927
8527,0.035713303834199905
8528,0.035713303834199905
8529,0.07214529812335968
8530,0.020638762041926384
8531,0.020638762041926384
8532,0.009081877768039703
8533,0.020638762041926384
8534,0.020638762041926384
8535,0.018524786457419395
8536,0.018524786457419395
8537,0.018524786457419395
8538,0.008141803555190563
8539,0.018524786457419395
8540,0.023156117647886276
8541,0.026136083528399467
8542,0.018524786457419395
8543,0.018524786457419395
8544,0.02966996654868126
8545,0.02966996654868126
8546,0.02966996654868126
8547,0.02966996654868126
8548,0.02966996654868126
8549,0.02966996654868126
8550,0.02966996654868126
8551,0.02966996654868126
8552,0.02966996654868126
8553,0.02966996654868126
8554,0.028975959867239
8555,0.006237663794308901
8556,0.011625523678958416
8557,0.008109736256301403
8558,0.03569367900490761
8559,0.04207150638103485
8560,0.03569367900490761
8561,0.031088484451174736
8562,0.031088484451174736
8563,0.03569367900490761
8564,0.031088484451174736
8565,0.029249165207147598
8566,0.02062724344432354
8567,0.02062724344432354
8568,0.02062724344432354
8569,0.009076747111976147
8570,0.02062724344432354
8571,0.02062724344432354
8572,0.008791998028755188
8573,0.030414890497922897
8574,0.01945590227842331
8575,0.008555583655834198
8576,0.01945590227842331
8577,0.024367978796362877
8578,0.009761311113834381
8579,0.0489831380546093
8580,0.007889975793659687
8581,0.030779534950852394
8582,0.046304237097501755
8583,0.02523016184568405
8584,0.017462484538555145
8585,0.015896735712885857
8586,0.03370114788413048
8587,0.037651605904102325
8588,0.021510273218154907
8589,0.03942093625664711
8590,0.03567405417561531
8591,0.03567405417561531
8592,0.01705685630440712
8593,0.00853430200368166
8594,0.03714820742607117
8595,0.013438100926578045
8596,0.019619246944785118
8597,0.025161137804389
8598,0.044636987149715424
8599,0.044636987149715424
8600,0.03278535604476929
8601,0.04083359241485596
8602,0.0185040645301342
8603,0.0185040645301342
8604,0.0185040645301342
8605,0.06318525969982147
8606,0.023633383214473724
8607,0.01961268112063408
8608,0.01961268112063408
8609,0.008182582445442677
8610,0.02373814396560192
8611,0.01961268112063408
8612,0.01961268112063408
8613,0.04159879684448242
8614,0.02612035535275936
8615,0.02122749760746956
8616,0.007821607403457165
8617,0.059491608291864395
8618,0.027057819068431854
8619,0.03275952488183975
8620,0.018501101061701775
8621,0.13717380166053772
8622,0.018501101061701775
8623,0.018501101061701775
8624,0.008131282404065132
8625,0.03648184612393379
8626,0.018501101061701775
8627,0.018501101061701775
8628,0.047398075461387634
8629,0.026364507153630257
8630,0.03266032412648201
8631,0.07105474919080734
8632,0.04666563868522644
8633,0.03939935564994812
8634,0.031054144725203514
8635,0.0359920971095562
8636,0.01689373143017292
8637,0.04666563868522644
8638,0.0244174562394619
8639,0.03565444424748421
8640,0.03565444424748421
8641,0.03565444424748421
8642,0.020632177591323853
8643,0.028684580698609352
8644,0.020632177591323853
8645,0.020632177591323853
8646,0.020632177591323853
8647,0.020632177591323853
8648,0.020632177591323853
8649,0.020632177591323853
8650,0.020632177591323853
8651,0.020632177591323853
8652,0.020632177591323853
8653,0.020632177591323853
8654,0.05030309036374092
8655,0.011721057817339897
8656,0.06751827895641327
8657,0.059768196195364
8658,0.04817541316151619
8659,0.0275714248418808
8660,0.01943415403366089
8661,0.01943415403366089
8662,0.034564998000860214
8663,0.0275714248418808
8664,0.0275714248418808
8665,0.01943415403366089
8666,0.01943415403366089
8667,0.0275714248418808
8668,0.016338419169187546
8669,0.048579223453998566
8670,0.028494687750935555
8671,0.041186608374118805
8672,0.06338457018136978
8673,0.0275714248418808
8674,0.037067316472530365
8675,0.055996835231781006
8676,0.006237663794308901
8677,0.04334910586476326
8678,0.0451413169503212
8679,0.016547782346606255
8680,0.04251538962125778
8681,0.04251538962125778
8682,0.06428147852420807
8683,0.05855856463313103
8684,0.08618830889463425
8685,0.03498133644461632
8686,0.037449050694704056
8687,0.023554867133498192
8688,0.03335881978273392
8689,0.023147743195295334
8690,0.023145904764533043
8691,0.023138532415032387
8692,0.02122749760746956
8693,0.06334469467401505
8694,0.03691282868385315
8695,0.11935612559318542
8696,0.01849370449781418
8697,0.01849370449781418
8698,0.01849370449781418
8699,0.01849370449781418
8700,0.01849370449781418
8701,0.01849370449781418
8702,0.01849370449781418
8703,0.02914801612496376
8704,0.06848003715276718
8705,0.024723028764128685
8706,0.06671064347028732
8707,0.012628170661628246
8708,0.05342786759138107
8709,0.05697738379240036
8710,0.04739740118384361
8711,0.06958697736263275
8712,0.11272546648979187
8713,0.0712757483124733
8714,0.04152701795101166
8715,0.04585941880941391
8716,0.04152701795101166
8717,0.04152701795101166
8718,0.04585941880941391
8719,0.04152701795101166
8720,0.04585941880941391
8721,0.04152701795101166
8722,0.051606711000204086
8723,0.051606711000204086
8724,0.04152701795101166
8725,0.04152701795101166
8726,0.04152701795101166
8727,0.04152701795101166
8728,0.051606711000204086
8729,0.04152701795101166
8730,0.04585941880941391
8731,0.010394325479865074
8732,0.010394325479865074
8733,0.037200212478637695
8734,0.06262025982141495
8735,0.07469158619642258
8736,0.049956001341342926
8737,0.0760347843170166
8738,0.04010628163814545
8739,0.020592710003256798
8740,0.02578425221145153
8741,0.020655235275626183
8742,0.020592710003256798
8743,0.02596362680196762
8744,0.03266940265893936
8745,0.020592710003256798
8746,0.0356348380446434
8747,0.03598927706480026
8748,0.03598927706480026
8749,0.05507616326212883
8750,0.0356348380446434
8751,0.10085120797157288
8752,0.03598927706480026
8753,0.0356348380446434
8754,0.02247578650712967
8755,0.0903647169470787
8756,0.029045552015304565
8757,0.06589608639478683
8758,0.06589608639478683
8759,0.08426687866449356
8760,0.046994540840387344
8761,0.03477879986166954
8762,0.08386006206274033
8763,0.06938091665506363
8764,0.07531329989433289
8765,0.06090063229203224
8766,0.019423289224505424
8767,0.019423289224505424
8768,0.024327335879206657
8769,0.027556132525205612
8770,0.027556132525205612
8771,0.054499950259923935
8772,0.019423289224505424
8773,0.019423289224505424
8774,0.027556132525205612
8775,0.029052533209323883
8776,0.027556132525205612
8777,0.12535308301448822
8778,0.03530648723244667
8779,0.024615537375211716
8780,0.1452355682849884
8781,0.035146936774253845
8782,0.0801161527633667
8783,0.026194682344794273
8784,0.026194682344794273
8785,0.03608817979693413
8786,0.019423289224505424
8787,0.030364476144313812
8788,0.05808809772133827
8789,0.05342786759138107
8790,0.03582771494984627
8791,0.06485848128795624
8792,0.04257584735751152
8793,0.07508938014507294
8794,0.05345095321536064
8795,0.045276377350091934
8796,0.07474566996097565
8797,0.04534752294421196
8798,0.04059084504842758
8799,0.06443975120782852
8800,0.025340257212519646
8801,0.02544274926185608
8802,0.026331879198551178
8803,0.025340257212519646
8804,0.05156940221786499
8805,0.055661141872406006
8806,0.033385105431079865
8807,0.11882758885622025
8808,0.09626445919275284
8809,0.077781572937965393
8810,0.05443733558058739
8811,0.1239238828420639
8812,0.16372109949588776
8813,0.03596879914402962
8814,0.1412549763917923
8815,0.1595602035522461
8816,0.052467312663793564
8817,0.03140872344374657
8818,0.11206657439470291
8819,0.0998435840010643
8820,0.01574065536260605
8821,0.039872441440820694
8822,0.16372109949588776
8823,0.03509969636797905
8824,0.02711702510714531
8825,0.036000583320856094
8826,0.03561525419354439
8827,0.031019845977425575
8828,0.031019845977425575
8829,0.0998435840010643
8830,0.018688708543777466
8831,0.02695520408451557
8832,0.0901944488286972
8833,0.0748974084854126
8834,0.016140926629304886
8835,0.07213835418224335
8836,0.06642293930053711
8837,0.04439722001552582
8838,0.019412430003285408
8839,0.019412430003285408
8840,0.019412430003285408
8841,0.019412430003285408
8842,0.019412430003285408
8843,0.019412430003285408
8844,0.031735558062791824
8845,0.044784799218177795
8846,0.034984756261110306
8847,0.034984756261110306
8848,0.06284181773662567
8849,0.018640179187059402
8850,0.018708854913711548
8851,0.018708854913711548
8852,0.018640179187059402
8853,0.018640179187059402
8854,0.12021223455667496
8855,0.07746753841638565
8856,0.09911424666643143
8857,0.018708854913711548
8858,0.023436840623617172
8859,0.06678947806358337
8860,0.028894685208797455
8861,0.03687230125069618
8862,0.028894685208797455
8863,0.026063600555062294
8864,0.01847301609814167
8865,0.01847301609814167
8866,0.0597054623067379
8867,0.01847301609814167
8868,0.03178980201482773
8869,0.0601998008787632
8870,0.03317117318511009
8871,0.10031059384346008
8872,0.04231740161776543
8873,0.02622799389064312
8874,0.08180326968431473
8875,0.08619890362024307
8876,0.037212491035461426
8877,0.07746753841638565
8878,0.04228769987821579
8879,0.07358025759458542
8880,0.1949455887079239
8881,0.07358025759458542
8882,0.04521225392818451
8883,0.0345296747982502
8884,0.035595670342445374
8885,0.035595670342445374
8886,0.035595670342445374
8887,0.035595670342445374
8888,0.07870990037918091
8889,0.03289725258946419
8890,0.039629559963941574
8891,0.028041742742061615
8892,0.008084326051175594
8893,0.026029059663414955
8894,0.09244541823863983
8895,0.06753825396299362
8896,0.05793829262256622
8897,0.04137010872364044
8898,0.04055483639240265
8899,0.024507498368620872
8900,0.024507498368620872
8901,0.024507498368620872
8902,0.0373830683529377
8903,0.024507498368620872
8904,0.024507498368620872
8905,0.0373830683529377
8906,0.05589766800403595
8907,0.008605367504060268
8908,0.0373830683529377
8909,0.04986065998673439
8910,0.04537292942404747
8911,0.0392485186457634
8912,0.05999595671892166
8913,0.024681808426976204
8914,0.0248270221054554
8915,0.031098108738660812
8916,0.05238429829478264
8917,0.056929539889097214
8918,0.026914440095424652
8919,0.03902784362435341
8920,0.24527473747730255
8921,0.03350094333291054
8922,0.008189857937395573
8923,0.33450788259506226
8924,0.06440379470586777
8925,0.04506610706448555
8926,0.0517980195581913
8927,0.025232164189219475
8928,0.09401359409093857
8929,0.017907075583934784
8930,0.025421518832445145
8931,0.017907075583934784
8932,0.039030902087688446
8933,0.03919574245810509
8934,0.06571889668703079
8935,0.038851529359817505
8936,0.04571026936173439
8937,0.03692355006933212
8938,0.24014128744602203
8939,0.094309963285923
8940,0.04060361534357071
8941,0.02811637707054615
8942,0.09430299699306488
8943,0.00816161185503006
8944,0.0825953558087349
8945,0.20331232249736786
8946,0.04699983447790146
8947,0.04100003093481064
8948,0.046665385365486145
8949,0.046665385365486145
8950,0.12478566914796829
8951,0.00816161185503006
8952,0.0573151595890522
8953,0.1321248561143875
8954,0.06639216095209122
8955,0.039921004325151443
8956,0.12113144248723984
8957,0.03691323474049568
8958,0.03251199051737785
8959,0.14885658025741577
8960,0.038864102214574814
8961,0.10154847800731659
8962,0.10157077759504318
8963,0.11002770066261292
8964,0.0800386294722557
8965,0.2757207751274109
8966,0.040187690407037735
8967,0.05081310495734215
8968,0.04094778001308441
8969,0.020653586834669113
8970,0.020653586834669113
8971,0.06654053926467896
8972,0.029152166098356247
8973,0.025537485256791115
8974,0.025537485256791115
8975,0.025537485256791115
8976,0.025537485256791115
8977,0.025537485256791115
8978,0.025537485256791115
8979,0.025537485256791115
8980,0.025537485256791115
8981,0.025537485256791115
8982,0.025537485256791115
8983,0.03318938985466957
8984,0.008972075767815113
8985,0.025537485256791115
8986,0.025537485256791115
8987,0.025537485256791115
8988,0.025537485256791115
8989,0.025537485256791115
8990,0.025537485256791115
8991,0.01645313762128353
8992,0.039646442979574203
8993,0.039646442979574203
8994,0.11495103687047958
8995,0.12526839971542358
8996,0.11495938152074814
8997,0.05882036313414574
8998,0.12612922489643097
8999,0.03700457140803337
9000,0.063994400203228
9001,0.10387762635946274
9002,0.026731183752417564
9003,0.10785836726427078
9004,0.0839734822511673
9005,0.08088652044534683
9006,0.04739110544323921
9007,0.06696439534425735
9008,0.03641185164451599
9009,0.025136461481451988
9010,0.03984740003943443
9011,0.05808131396770477
9012,0.05342786759138107
9013,0.0451466366648674
9014,0.03867293521761894
9015,0.03954663872718811
9016,0.0569981224834919
9017,0.05342786759138107
9018,0.04265489801764488
9019,0.04857679456472397
9020,0.03851640596985817
9021,0.024178752675652504
9022,0.05808131396770477
9023,0.0451466366648674
9024,0.07709043473005295
9025,0.06327119469642639
9026,0.03248139098286629
9027,0.06467350572347641
9028,0.035494402050971985
9029,0.018452348187565804
9030,0.02935713715851307
9031,0.0512101836502552
9032,0.018452348187565804
9033,0.018452348187565804
9034,0.038652706891298294
9035,0.038652706891298294
9036,0.018452348187565804
9037,0.041635219007730484
9038,0.038652706891298294
9039,0.035494402050971985
9040,0.035494402050971985
9041,0.018452348187565804
9042,0.008109628222882748
9043,0.04826704040169716
9044,0.0443628691136837
9045,0.1606196165084839
9046,0.03651399165391922
9047,0.1606086790561676
9048,0.048586148768663406
9049,0.016486087813973427
9050,0.06334953755140305
9051,0.048178549855947495
9052,0.0387471541762352
9053,0.0388789139688015
9054,0.05710187554359436
9055,0.09953781962394714
9056,0.1423281878232956
9057,0.065351203083992
9058,0.1460137814283371
9059,0.11352908611297607
9060,0.02959633804857731
9061,0.09686437994241714
9062,0.010083239525556564
9063,0.0241008922457695
9064,0.02929197996854782
9065,0.018837835639715195
9066,0.022015420719981194
9067,0.0320255421102047
9068,0.018837835639715195
9069,0.018837835639715195
9070,0.035645317286252975
9071,0.04460225999355316
9072,0.0241008922457695
9073,0.017680924385786057
9074,0.017680924385786057
9075,0.044321224093437195
9076,0.017680924385786057
9077,0.03557258099317551
9078,0.044321224093437195
9079,0.0241008922457695
9080,0.017680924385786057
9081,0.0241008922457695
9082,0.0241008922457695
9083,0.0692095160484314
9084,0.06660708039999008
9085,0.044321224093437195
9086,0.0241008922457695
9087,0.08068516105413437
9088,0.0241008922457695
9089,0.004041438456624746
9090,0.01055981032550335
9091,0.09207534044981003
9092,0.07616524398326874
9093,0.044321224093437195
9094,0.017680924385786057
9095,0.06585250049829483
9096,0.023701462894678116
9097,0.04696280509233475
9098,0.051514044404029846
9099,0.24773183465003967
9100,0.02896430343389511
9101,0.040925391018390656
9102,0.020546749234199524
9103,0.02572701685130596
9104,0.020546749234199524
9105,0.020546749234199524
9106,0.020546749234199524
9107,0.02572701685130596
9108,0.020546749234199524
9109,0.020546749234199524
9110,0.11212565004825592
9111,0.07113588601350784
9112,0.02619839273393154
9113,0.03526915982365608
9114,0.05161076784133911
9115,0.07980596274137497
9116,0.0314142182469368
9117,0.0314142182469368
9118,0.12326385080814362
9119,0.06787698715925217
9120,0.061840809881687164
9121,0.03458641469478607
9122,0.02521814964711666
9123,0.023845581337809563
9124,0.03292663395404816
9125,0.0581044927239418
9126,0.3587936758995056
9127,0.025257891044020653
9128,0.08163303881883621
9129,0.07670971751213074
9130,0.051372069865465164
9131,0.05967046692967415
9132,0.08163303881883621
9133,0.13116665184497833
9134,0.19528740644454956
9135,0.12065061926841736
9136,0.018442021682858467
9137,0.018442021682858467
9138,0.018442021682858467
9139,0.018442021682858467
9140,0.008105042390525341
9141,0.018442021682858467
9142,0.08956243842840195
9143,0.08992066979408264
9144,0.018442021682858467
9145,0.018442021682858467
9146,0.02884671837091446
9147,0.018442021682858467
9148,0.04471774399280548
9149,0.09919168055057526
9150,0.06459451466798782
9151,0.021847043186426163
9152,0.05545959621667862
9153,0.04024283215403557
9154,0.03464958444237709
9155,0.11696860194206238
9156,0.11698543280363083
9157,0.12336873263120651
9158,0.026206189766526222
9159,0.08918534219264984
9160,0.026119016110897064
9161,0.026119016110897064
9162,0.026206189766526222
9163,0.026119016110897064
9164,0.026119016110897064
9165,0.021135734394192696
9166,0.0645717978477478
9167,0.021135734394192696
9168,0.026119016110897064
9169,0.09417783468961716
9170,0.025223487988114357
9171,0.04055158793926239
9172,0.04329562559723854
9173,0.04055158793926239
9174,0.04329562559723854
9175,0.04055158793926239
9176,0.04141369089484215
9177,0.04141369089484215
9178,0.04141369089484215
9179,0.04141369089484215
9180,0.04573483020067215
9181,0.04141369089484215
9182,0.04141369089484215
9183,0.04141369089484215
9184,0.04141369089484215
9185,0.04141369089484215
9186,0.04141369089484215
9187,0.04141369089484215
9188,0.04141369089484215
9189,0.04141369089484215
9190,0.03675755858421326
9191,0.04141369089484215
9192,0.04141369089484215
9193,0.04141369089484215
9194,0.04141369089484215
9195,0.04141369089484215
9196,0.05874069780111313
9197,0.06793323159217834
9198,0.04394528642296791
9199,0.11786750704050064
9200,0.032851558178663254
9201,0.12465130537748337
9202,0.03675755858421326
9203,0.04141369089484215
9204,0.0417524017393589
9205,0.056172072887420654
9206,0.024703247472643852
9207,0.02634638175368309
9208,0.009035803377628326
9209,0.07108209282159805
9210,0.02053527720272541
9211,0.02053527720272541
9212,0.07590261101722717
9213,0.04671236500144005
9214,0.03165506571531296
9215,0.03113367222249508
9216,0.03113367222249508
9217,0.05155462026596069
9218,0.02803632989525795
9219,0.04222835600376129
9220,0.06793868541717529
9221,0.0756240114569664
9222,0.06189270317554474
9223,0.11494084447622299
9224,0.025957439094781876
9225,0.02043878473341465
9226,0.02043878473341465
9227,0.10858460515737534
9228,0.0561850443482399
9229,0.02043878473341465
9230,0.02679060772061348
9231,0.02043878473341465
9232,0.02043878473341465
9233,0.06079820170998573
9234,0.11162751913070679
9235,0.10947627574205399
9236,0.0309876948595047
9237,0.056621529161930084
9238,0.02513616718351841
9239,0.03143594413995743
9240,0.002332477830350399
9241,0.002332477830350399
9242,0.032761335372924805
9243,0.04676242172718048
9244,0.05677097290754318
9245,0.05405847355723381
9246,0.01843170076608658
9247,0.01843170076608658
9248,0.026005756109952927
9249,0.01843170076608658
9250,0.01843170076608658
9251,0.01843170076608658
9252,0.01843170076608658
9253,0.01843170076608658
9254,0.01843170076608658
9255,0.01843170076608658
9256,0.01843170076608658
9257,0.01843170076608658
9258,0.07314467430114746
9259,0.07314467430114746
9260,0.05292854085564613
9261,0.07314467430114746
9262,0.07314467430114746
9263,0.07314467430114746
9264,0.07314467430114746
9265,0.07314467430114746
9266,0.07314467430114746
9267,0.07314467430114746
9268,0.07314467430114746
9269,0.07314467430114746
9270,0.17553380131721497
9271,0.056294456124305725
9272,0.039676718413829803
9273,0.038654275238513947
9274,0.038654275238513947
9275,0.038654275238513947
9276,0.038654275238513947
9277,0.038654275238513947
9278,0.038654275238513947
9279,0.054392777383327484
9280,0.038654275238513947
9281,0.038654275238513947
9282,0.046079907566308975
9283,0.010086758062243462
9284,0.008083018474280834
9285,0.2984320819377899
9286,0.1564808487892151
9287,0.23304395377635956
9288,0.1564808487892151
9289,0.1564808487892151
9290,0.23304395377635956
9291,0.1564808487892151
9292,0.16009436547756195
9293,0.0960746631026268
9294,0.16009436547756195
9295,0.06454005092382431
9296,0.135210320353508
9297,0.01944136433303356
9298,0.01944136433303356
9299,0.0015270063886418939
9300,0.0015270063886418939
9301,0.0017057101940736175
9302,0.0015270063886418939
9303,0.0015270063886418939
9304,7.105771801434457e-4
9305,0.06099918484687805
9306,0.0016926488606259227
9307,0.0017803936498239636
9308,0.0017803936498239636
9309,0.06621614843606949
9310,0.0352199487388134
9311,0.03537924587726593
9312,0.0483502633869648
9313,0.006303459405899048
9314,0.04551944509148598
9315,0.04551944509148598
9316,0.04551944509148598
9317,0.04551944509148598
9318,0.005084656644612551
9319,0.04551944509148598
9320,0.04551944509148598
9321,0.04551944509148598
9322,0.04551944509148598
9323,0.005603455938398838
9324,0.04551944509148598
9325,0.04551944509148598
9326,0.04532927647233009
9327,0.04551944509148598
9328,0.04551944509148598
9329,0.04551944509148598
9330,0.04551944509148598
9331,0.04551944509148598
9332,0.04551944509148598
9333,0.04551944509148598
9334,0.04551944509148598
9335,0.04551944509148598
9336,0.023809529840946198
9337,0.023809529840946198
9338,0.029638182371854782
9339,0.053563378751277924
9340,0.03757401183247566
9341,0.03810583055019379
9342,0.019423924386501312
9343,0.01853334903717041
9344,0.02630355767905712
9345,0.01853334903717041
9346,0.03360218182206154
9347,0.0555756613612175
9348,0.03360739350318909
9349,0.03360739350318909
9350,0.008967731148004532
9351,0.03360739350318909
9352,0.04018332064151764
9353,0.05980788543820381
9354,0.015751341357827187
9355,0.04100304841995239
9356,0.05602819845080376
9357,0.0039038383401930332
9358,0.0016121999360620975
9359,0.0016121999360620975
9360,0.0018008555052801967
9361,0.0016121999360620975
9362,5.974597879685462e-4
9363,0.0016121999360620975
9364,0.0039038383401930332
9365,0.0018008555052801967
9366,0.0016121999360620975
9367,0.0746002346277237
9368,0.02021796628832817
9369,0.023279299959540367
9370,0.05244981124997139
9371,0.006193964742124081
9372,0.03627485781908035
9373,0.018411075696349144
9374,0.018411075696349144
9375,0.026131385937333107
9376,0.018411075696349144
9377,0.018411075696349144
9378,0.0016908562975004315
9379,0.0016908562975004315
9380,0.0025326695758849382
9381,0.0016908562975004315
9382,0.0025326695758849382
9383,0.0016908562975004315
9384,0.03173664212226868
9385,0.0333220474421978
9386,0.023297294974327087
9387,0.029086431488394737
9388,0.023297294974327087
9389,0.023297294974327087
9390,0.022146685048937798
9391,0.0076368702575564384
9392,0.003256158670410514
9393,0.006074936129152775
9394,0.0076368702575564384
9395,0.003256158670410514
9396,0.0076368702575564384
9397,0.0076368702575564384
9398,0.003256158670410514
9399,0.003256158670410514
9400,0.006074936129152775
9401,0.003256158670410514
9402,0.0076368702575564384
9403,0.006074936129152775
9404,0.0076368702575564384
9405,0.005126529838889837
9406,0.003256158670410514
9407,0.0340142585337162
9408,0.045692406594753265
9409,0.024395791813731194
9410,0.024395791813731194
9411,0.024395791813731194
9412,0.02606412209570408
9413,0.024483708664774895
9414,0.024483708664774895
9415,0.024395791813731194
9416,0.024483708664774895
9417,0.024483708664774895
9418,0.024483708664774895
9419,0.024483708664774895
9420,0.019372152164578438
9421,0.019372152164578438
9422,0.019372152164578438
9423,0.019372152164578438
9424,0.019372152164578438
9425,0.019372152164578438
9426,0.019372152164578438
9427,0.08994651585817337
9428,0.04805342108011246
9429,0.08994651585817337
9430,0.27568480372428894
9431,0.026503924280405045
9432,0.044966407120227814
9433,0.034176066517829895
9434,0.05594850331544876
9435,0.04388944432139397
9436,0.02923215925693512
9437,0.02923215925693512
9438,0.02987583912909031
9439,0.03963393345475197
9440,0.03963393345475197
9441,0.043888237327337265
9442,0.03963393345475197
9443,0.03963393345475197
9444,0.02987583912909031
9445,0.03516734391450882
9446,0.05846944823861122
9447,0.04408527538180351
9448,0.03753380477428436
9449,0.04636232554912567
9450,0.06562303006649017
9451,0.0413232259452343
9452,0.03667687624692917
9453,0.03667687624692917
9454,0.0413232259452343
9455,0.0413232259452343
9456,0.0413232259452343
9457,0.0413232259452343
9458,0.0413232259452343
9459,0.0413232259452343
9460,0.0413232259452343
9461,0.0413232259452343
9462,0.0413232259452343
9463,0.0413232259452343
9464,0.0413232259452343
9465,0.0413232259452343
9466,0.03667687624692917
9467,0.0413232259452343
9468,0.024592820554971695
9469,0.0413232259452343
9470,0.0413232259452343
9471,0.0413232259452343
9472,0.0413232259452343
9473,0.061713967472314835
9474,0.081426240503788
9475,0.06326302140951157
9476,0.081426240503788
9477,0.061713967472314835
9478,0.05451163649559021
9479,0.03107322007417679
9480,0.1077117919921875
9481,0.1077117919921875
9482,0.06414458900690079
9483,0.06934993714094162
9484,0.04210147261619568
9485,0.02735782228410244
9486,0.04552985727787018
9487,0.02735782228410244
9488,0.04193149879574776
9489,0.0486832931637764
9490,0.02913925237953663
9491,0.04644574597477913
9492,0.04644574597477913
9493,0.06476163119077682
9494,0.026576261967420578
9495,0.0024603514466434717
9496,0.0024603514466434717
9497,0.0024603514466434717
9498,0.0024603514466434717
9499,0.0024603514466434717
9500,0.0024603514466434717
9501,0.0024603514466434717
9502,0.0024603514466434717
9503,0.0751245841383934
9504,0.0024603514466434717
9505,0.0024603514466434717
9506,0.0024603514466434717
9507,0.0024603514466434717
9508,0.0024603514466434717
9509,0.0024603514466434717
9510,0.03640789911150932
9511,0.04940422251820564
9512,0.04617956653237343
9513,0.03537082299590111
9514,0.03537082299590111
9515,0.04814900457859039
9516,0.0295777078717947
9517,0.032968081533908844
9518,0.16674192249774933
9519,0.04174262657761574
9520,0.0022244323045015335
9521,0.0022244323045015335
9522,0.0022244323045015335
9523,0.0022244323045015335
9524,0.0022244323045015335
9525,0.0022244323045015335
9526,0.0022244323045015335
9527,0.003179189283400774
9528,0.0022244323045015335
9529,0.003031297354027629
9530,0.0022244323045015335
9531,0.003179189283400774
9532,0.0022244323045015335
9533,0.003179189283400774
9534,0.0022244323045015335
9535,0.003179189283400774
9536,0.003179189283400774
9537,0.0022244323045015335
9538,0.0022244323045015335
9539,0.0022244323045015335
9540,0.0022244323045015335
9541,0.003179189283400774
9542,0.0022244323045015335
9543,0.0022244323045015335
9544,0.0022244323045015335
9545,0.003179189283400774
9546,0.0022244323045015335
9547,0.027498716488480568
9548,0.02996530383825302
9549,0.027498716488480568
9550,0.05351770296692848
9551,0.02834022231400013
9552,0.019339680671691895
9553,0.019339680671691895
9554,0.019339680671691895
9555,0.018283450976014137
9556,0.012280312366783619
9557,0.03471313416957855
9558,0.06930829584598541
9559,0.026715271174907684
9560,0.018725231289863586
9561,0.026715271174907684
9562,0.018725231289863586
9563,0.018725231289863586
9564,0.018481552600860596
9565,0.018481552600860596
9566,0.01632891222834587
9567,0.022099100053310394
9568,0.0313536636531353
9569,0.04607958346605301
9570,0.0017506766598671675
9571,5.584067548625171e-4
9572,7.012211717665195e-4
9573,8.805294055491686e-4
9574,7.012211717665195e-4
9575,0.001002851058728993
9576,5.111662903800607e-4
9577,7.012211717665195e-4
9578,5.111662903800607e-4
9579,7.012211717665195e-4
9580,7.012211717665195e-4
9581,7.012211717665195e-4
9582,5.111662903800607e-4
9583,5.111662903800607e-4
9584,7.012211717665195e-4
9585,7.012211717665195e-4
9586,6.41907099634409e-4
9587,0.0014473309274762869
9588,8.805294055491686e-4
9589,6.4472685335204e-4
9590,0.0010165935382246971
9591,5.111662903800607e-4
9592,5.111662903800607e-4
9593,7.311039371415973e-4
9594,0.0011104921577498317
9595,0.03192588686943054
9596,6.4472685335204e-4
9597,0.054648809134960175
9598,0.03378906100988388
9599,0.015525132417678833
9600,0.015526377595961094
9601,0.04024488478899002
9602,0.04288946092128754
9603,0.028909487649798393
9604,0.028909487649798393
9605,0.04084889963269234
9606,0.028909487649798393
9607,0.028909487649798393
9608,0.04133144021034241
9609,0.028909487649798393
9610,0.028909487649798393
9611,0.028909487649798393
9612,0.028909487649798393
9613,0.028909487649798393
9614,0.028909487649798393
9615,0.028909487649798393
9616,0.028909487649798393
9617,0.028909487649798393
9618,0.028909487649798393
9619,0.028909487649798393
9620,0.028909487649798393
9621,0.028909487649798393
9622,0.0360417403280735
9623,0.028909487649798393
9624,0.028909487649798393
9625,0.028909487649798393
9626,0.028786620125174522
9627,0.03619442880153656
9628,0.03619442880153656
9629,0.03619442880153656
9630,0.03619442880153656
9631,0.03619442880153656
9632,0.03619442880153656
9633,0.04747816175222397
9634,0.06656065583229065
9635,0.056388258934020996
9636,0.05915718525648117
9637,0.03801170364022255
9638,0.04949088394641876
9639,0.020992552861571312
9640,0.020135052502155304
9641,0.020135052502155304
9642,0.020135052502155304
9643,0.020135052502155304
9644,0.028557244688272476
9645,0.028381988406181335
9646,0.028381988406181335
9647,0.020135052502155304
9648,0.020135052502155304
9649,0.014496690593659878
9650,0.02075173147022724
9651,0.04657449573278427
9652,0.06504648923873901
9653,0.10584259033203125
9654,0.03467494249343872
9655,0.02034957893192768
9656,0.02034957893192768
9657,0.02034957893192768
9658,0.02034957893192768
9659,0.02034957893192768
9660,0.031795620918273926
9661,0.034512147307395935
9662,0.038222815841436386
9663,0.001040559378452599
9664,0.00769262807443738
9665,0.001040559378452599
9666,0.001040559378452599
9667,0.001040559378452599
9668,0.001040559378452599
9669,0.03210663050413132
9670,0.021994004026055336
9671,0.054240625351667404
9672,0.04863440990447998
9673,0.03791223093867302
9674,0.03488200902938843
9675,0.024509504437446594
9676,0.029931213706731796
9677,0.043801650404930115
9678,0.07809284329414368
9679,0.024064326658844948
9680,0.01830088160932064
9681,0.030349332839250565
9682,0.03005879744887352
9683,0.011834966018795967
9684,0.028814813122153282
9685,0.0077769518829882145
9686,0.023825887590646744
9687,0.02690054103732109
9688,0.033557403832674026
9689,0.042168524116277695
9690,0.06805013865232468
9691,0.049720779061317444
9692,0.047213342040777206
9693,0.038233984261751175
9694,0.2324211150407791
9695,0.022724421694874763
9696,0.02707219123840332
9697,0.08081521838903427
9698,0.084549181163311
9699,0.06064454838633537
9700,0.21614210307598114
9701,0.05367101728916168
9702,0.11031098663806915
9703,0.08835937827825546
9704,0.07081536948680878
9705,0.015291986055672169
9706,0.04591638967394829
9707,0.13033965229988098
9708,3.011757507920265e-4
9709,3.011757507920265e-4
9710,3.011757507920265e-4
9711,0.04402619227766991
9712,2.065547596430406e-4
9713,2.065547596430406e-4
9714,0.06171957775950432
9715,0.06334953755140305
9716,0.07910241186618805
9717,1.6423070337623358e-4
9718,1.6423070337623358e-4
9719,0.22886784374713898
9720,1.6423070337623358e-4
9721,0.10177106410264969
9722,0.07379220426082611
9723,0.08934365957975388
9724,0.06418341398239136
9725,0.08970776200294495
9726,0.092601872980594635
9727,0.12307851016521454
9728,0.11130453646183014
9729,0.08448567241430283
9730,0.06842014193534851
9731,0.04958599805831909
9732,0.1729109138250351
9733,0.06936592608690262
9734,0.03815310448408127
9735,0.02438914030790329
9736,0.025725916028022766
9737,0.04878733679652214
9738,0.04194962605834007
9739,0.031695567071437836
9740,0.0367230661213398
9741,0.03740662336349487
9742,0.028243836015462875
9743,0.022589264437556267
9744,0.026320721954107285
9745,0.07680235058069229
9746,0.022922944277524948
9747,0.05334882810711861
9748,0.023514119908213615
9749,0.0373503677546978
9750,0.04518108814954758
9751,0.03412710502743721
9752,0.034564998000860214
9753,0.04169376939535141
9754,0.035767823457717896
9755,0.042674943804740906
9756,0.024625316262245178
9757,0.059740111231803894
9758,0.03278018534183502
9759,0.03605133295059204
9760,0.10154471546411514
9761,0.02797897532582283
9762,0.029416117817163467
9763,0.029416117817163467
9764,0.04155581071972847
9765,0.02953987568616867
9766,0.023147743195295334
9767,0.03855564445257187
9768,0.033798255026340485
9769,0.037449050694704056
9770,0.02909267507493496
9771,0.030292438343167305
9772,0.024269264191389084
9773,0.029449524357914925
9774,0.028532173484563828
9775,0.026049641892313957
9776,0.019737081602215767
9777,0.02450111135840416
9778,0.07038069516420364
9779,0.07231912016868591
9780,0.043597396463155746
9781,0.027271004393696785
9782,0.019375503063201904
9783,0.016695603728294373
9784,0.042129889130592346
9785,0.021212207153439522
9786,0.03587950021028519
9787,0.01679249480366707
9788,0.031630828976631165
9789,0.04177079722285271
9790,0.05869176238775253
9791,0.0511532686650753
9792,0.051217444241046906
9793,0.044015999883413315
9794,0.04154042899608612
9795,0.03275436908006668
9796,0.0553056038916111
9797,0.030236857011914253
9798,0.030901292338967323
9799,0.036764271557331085
9800,0.04613007232546806
9801,0.04841877147555351
9802,0.0223776176571846
9803,0.0022299422416836023
9804,0.002799062989652157
9805,0.0022299422416836023
9806,0.002799062989652157
9807,0.002799062989652157
9808,0.002799062989652157
9809,0.002799062989652157
9810,0.002799062989652157
9811,0.00444761523976922
9812,0.0022397201973944902
9813,0.0022397201973944902
9814,0.0022397201973944902
9815,0.0022397201973944902
9816,0.003528305096551776
9817,0.0022397201973944902
9818,0.002799062989652157
9819,0.0035078146029263735
9820,0.0022397201973944902
9821,0.0022397201973944902
9822,0.07081439346075058
9823,0.03795911371707916
9824,0.003497315803542733
9825,0.12781855463981628
9826,0.06094052642583847
9827,0.05252762511372566
9828,0.03417043015360832
9829,0.04943041130900383
9830,0.02321385033428669
9831,0.00808367133140564
9832,0.03592132776975632
9833,0.03579224646091461
9834,0.031498540192842484
9835,0.026434367522597313
9836,0.032397639006376266
9837,0.03133794665336609
9838,0.07918620854616165
9839,0.042798902839422226
9840,0.0365164577960968
9841,0.052261658012866974
9842,0.0256324615329504
9843,0.03163830563426018
9844,0.06455361843109131
9845,0.027398474514484406
9846,0.02583865262567997
9847,0.04655010625720024
9848,0.09421423077583313
9849,0.027950452640652657
9850,0.025271760299801826
9851,0.03309439867734909
9852,0.03994912654161453
9853,0.027248043566942215
9854,0.21895702183246613
9855,0.009863766841590405
9856,0.03543459624052048
9857,0.049874454736709595
9858,0.045011669397354126
9859,0.028230689465999603
9860,0.029636304825544357
9861,0.02382747270166874
9862,0.023013604804873466
9863,0.028423385694622993
9864,0.03591402247548103
9865,0.026360521093010902
9866,0.03200767934322357
9867,0.02096003293991089
9868,0.022298449650406837
9869,0.015362830832600594
9870,0.02700488641858101
9871,0.03876791149377823
9872,0.020976439118385315
9873,0.03768736124038696
9874,0.03704418987035751
9875,0.02195315808057785
9876,0.02205454371869564
9877,0.022028205916285515
9878,0.027239404618740082
9879,0.029637271538376808
9880,0.029637271538376808
9881,0.044848088175058365
9882,0.03249011188745499
9883,0.023701325058937073
9884,0.039808161556720734
9885,0.028032401576638222
9886,0.028510263189673424
9887,0.018344994634389877
9888,0.04451577737927437
9889,0.043368399143218994
9890,0.03601691499352455
9891,0.034690432250499725
9892,0.026263102889060974
9893,0.04606999456882477
9894,0.035887494683265686
9895,0.03313102200627327
9896,0.023925593122839928
9897,0.02808242104947567
9898,0.02427050657570362
9899,0.0415320098400116
9900,0.02238803170621395
9901,0.03343828767538071
9902,0.033512089401483536
9903,0.023633692413568497
9904,0.04058469831943512
9905,0.056966185569763184
9906,0.04195399582386017
9907,0.028856145218014717
9908,0.02231009304523468
9909,0.035899318754673004
9910,0.035899318754673004
9911,0.035899318754673004
9912,0.036517415195703506
9913,0.028358908370137215
9914,0.027088547125458717
9915,0.015591351315379143
9916,0.03384668380022049
9917,0.022177107632160187
9918,0.026112303137779236
9919,0.019149839878082275
9920,0.036619722843170166
9921,0.027892906218767166
9922,0.022846123203635216
9923,0.04137548804283142
9924,0.028660673648118973
9925,0.056462857872247696
9926,0.03794582188129425
9927,0.031067676842212677
9928,0.05052398890256882
9929,0.03583993390202522
9930,0.06826025247573853
9931,0.02853480540215969
9932,0.03481204807758331
9933,0.03351930156350136
9934,0.02446170151233673
9935,0.0378163643181324
9936,0.04307553917169571
9937,0.031981587409973145
9938,0.025565164163708687
9939,0.03514740616083145
9940,0.0358586460351944
9941,0.09408366680145264
9942,0.008899582549929619
9943,0.04169660806655884
9944,0.025925185531377792
9945,0.0952543243765831
9946,0.06094909459352493
9947,0.05643445998430252
9948,0.03182411938905716
9949,0.03180153667926788
9950,0.07743309438228607
9951,0.03929445520043373
9952,0.03511703386902809
9953,0.020791254937648773
9954,0.04903993383049965
9955,0.04676792025566101
9956,0.04688967391848564
9957,0.15311338007450104
9958,0.040521301329135895
9959,0.026493597775697708
9960,0.02648729644715786
9961,0.02076093852519989
9962,0.03746494650840759
9963,0.02648729644715786
9964,0.02076093852519989
9965,0.023590493947267532
9966,0.03344882279634476
9967,0.039322223514318466
9968,0.0419141948223114
9969,0.040335360914468765
9970,0.03056144528090954
9971,0.07352115213871002
9972,0.020805930718779564
9973,0.07844335585832596
9974,0.04261760786175728
9975,0.03508393093943596
9976,0.04002201184630394
9977,0.046302977949380875
9978,0.039309918880462646
9979,0.03269530087709427
9980,0.03879474103450775
9981,0.038803864270448685
9982,0.03339825198054314
9983,0.04258197918534279
9984,0.021214356645941734
9985,0.035228487104177475
9986,0.026404360309243202
9987,0.033439066261053085
9988,0.04694962128996849
9989,0.027881303802132607
9990,0.04594574123620987
9991,0.0560586042702198
9992,0.0560586042702198
9993,1.4236744618756347e-6
9994,1.788037138794607e-6
9995,0.06184849888086319
9996,0.03486645221710205
9997,0.039737410843372345
9998,0.030135273933410645
9999,0.03627108410000801
10000,0.04689131677150726
10001,0.03232511505484581
10002,0.02621959149837494
10003,0.0336405448615551
10004,0.036821912974119186
10005,0.0406201146543026
10006,0.023547424003481865
10007,0.038048021495342255
10008,0.0277742687612772
10009,0.025810880586504936
10010,0.0378107987344265
10011,6.7770529312838335e-6
10012,6.7770529312838335e-6
10013,9.298559234593995e-6
10014,9.695097105577588e-6
10015,6.7770529312838335e-6
10016,6.7770529312838335e-6
10017,6.7770529312838335e-6
10018,6.7770529312838335e-6
10019,6.7770529312838335e-6
10020,6.7770529312838335e-6
10021,1.5411980712087825e-5
10022,6.7770529312838335e-6
10023,1.5411980712087825e-5
10024,6.7770529312838335e-6
10025,1.5411980712087825e-5
10026,0.038860853761434555
10027,0.03423624113202095
10028,0.03423624113202095
10029,0.05208182707428932
10030,0.030913257971405983
10031,0.0458841510117054
10032,0.05187720060348511
10033,0.0458841510117054
10034,0.06436927616596222
10035,0.02931208722293377
10036,0.030403638258576393
10037,0.05352132394909859
10038,0.05352132394909859
10039,0.03412836790084839
10040,0.042726729065179825
10041,0.04521404579281807
10042,0.2650168538093567
10043,0.04769984632730484
10044,0.03712094575166702
10045,0.03529717028141022
10046,0.03529717028141022
10047,0.03529161587357521
10048,2.962580083476496e-7
10049,0.038153503090143204
10050,8.011803060981038e-7
10051,2.0708905879018857e-7
10052,2.1646543757469772e-7
10053,8.011803060981038e-7
10054,0.08243875205516815
10055,0.04754975065588951
10056,0.039114173501729965
10057,0.05509312078356743
10058,0.06985850632190704
10059,0.05509312078356743
10060,0.03715470805764198
10061,0.0814138874411583
10062,0.022940296679735184
10063,0.035593584179878235
10064,4.237129815010121e-6
10065,3.4957797652168665e-6
10066,0.04398881271481514
10067,2.201025745307561e-5
10068,2.764324744930491e-5
10069,2.201025745307561e-5
10070,2.764324744930491e-5
10071,2.764324744930491e-5
10072,2.201025745307561e-5
10073,0.045430246740579605
10074,1.5793408465469838e-6
10075,1.5793408465469838e-6
10076,0.10683183372020721
10077,0.06867710500955582
10078,6.239641265892715e-7
10079,6.239641265892715e-7
10080,4.406755920172145e-7
10081,0.1041671484708786
10082,0.04128130152821541
10083,0.06982145458459854
10084,0.046136524528265
10085,0.0353848971426487
10086,0.042555034160614014
10087,0.04447608068585396
10088,0.04447608068585396
10089,0.06053192541003227
10090,0.06053192541003227
10091,0.06053192541003227
10092,0.06097203120589256
10093,0.07262594252824783
10094,0.049815479665994644
10095,0.06966818124055862
10096,0.03276364505290985
10097,0.09247460216283798
10098,0.6065897345542908
10099,0.033074118196964264
10100,0.04150841012597084
10101,0.04150841012597084
10102,0.04150841012597084
10103,0.04150841012597084
10104,0.04150841012597084
10105,0.05608617886900902
10106,0.6533679366111755
10107,0.07219140231609344
10108,0.04150841012597084
10109,0.04150841012597084
10110,0.2691444754600525
10111,0.04150841012597084
10112,0.04150841012597084
10113,0.05608617886900902
10114,0.07901352643966675
10115,0.04150841012597084
10116,0.04150841012597084
10117,0.16094352304935455
10118,0.04150841012597084
10119,0.5107839703559875
10120,0.04150841012597084
10121,0.04150841012597084
10122,0.04150841012597084
10123,0.01253596879541874
10124,0.04150841012597084
10125,0.04150841012597084
10126,0.04150841012597084
10127,0.04150841012597084
10128,0.04150841012597084
10129,0.04150841012597084
10130,0.04150841012597084
10131,0.04150841012597084
10132,0.04150841012597084
10133,0.05608617886900902
10134,0.04150841012597084
10135,0.04150841012597084
10136,0.04150841012597084
10137,0.06394169479608536
10138,0.14935554563999176
10139,0.04150841012597084
10140,0.04150841012597084
10141,0.04150841012597084
10142,0.05529150739312172
10143,0.7251513004302979
10144,0.06326259672641754
10145,0.03929191082715988
10146,0.04111848771572113
10147,0.046390123665332794
10148,0.0375717356801033
10149,0.05539455637335777
10150,0.045401912182569504
10151,0.045948632061481476
10152,0.048710037022829056
10153,0.06000798940658569
10154,0.06000798940658569
10155,0.0038993945345282555
10156,0.0038993945345282555
10157,0.0038993945345282555
10158,0.0038993945345282555
10159,4.890303825959563e-4
10160,2.50788580160588e-4
10161,2.856526989489794e-4
10162,0.0954170972108841
10163,0.05542014539241791
10164,0.028223510831594467
10165,0.03840397298336029
10166,0.038567252457141876
10167,0.04784047603607178
10168,0.03494148701429367
10169,0.03141085058450699
10170,0.04293932020664215
10171,0.014999128878116608
10172,0.059002477675676346
10173,0.0653524175286293
10174,0.049299582839012146
10175,0.049299582839012146
10176,0.10205575078725815
10177,0.13021399080753326
10178,0.008119569160044193
10179,0.042983315885066986
10180,0.032376911491155624
10181,0.025961022824048996
10182,0.036491528153419495
10183,0.0519450306892395
10184,0.04484698176383972
10185,0.0486486591398716
10186,0.06323766708374023
10187,0.026869840919971466
10188,0.06665454059839249
10189,0.19637684524059296
10190,0.10843110829591751
10191,0.03348274156451225
10192,0.026884758844971657
10193,0.03013274073600769
10194,0.04005397483706474
10195,0.02311190403997898
10196,0.0710403174161911
10197,0.08279596269130707
10198,0.04895948991179466
10199,0.03725045546889305
10200,0.0473836250603199
10201,0.04002266377210617
10202,0.04773668572306633
10203,0.02541332133114338
10204,0.03244819492101669
10205,0.032955024391412735
10206,0.05299191176891327
10207,0.04712381213903427
10208,0.04712381213903427
10209,0.20285803079605103
10210,0.08534012734889984
10211,0.0302477665245533
10212,0.0302477665245533
10213,0.053924448788166046
10214,0.10660088807344437
10215,0.03641389682888985
10216,0.03736528754234314
10217,0.035485751926898956
10218,0.08188319951295853
10219,3.0152613739176104e-9
10220,2.4008142140985456e-9
10221,2.4008142140985456e-9
10222,0.035302139818668365
10223,9.330502592774792e-9
10224,9.330502592774792e-9
10225,9.330502592774792e-9
10226,0.032333292067050934
10227,2.315391839147196e-6
10228,2.315391839147196e-6
10229,2.315391839147196e-6
10230,2.315391839147196e-6
10231,2.315391839147196e-6
10232,2.315391839147196e-6
10233,2.315391839147196e-6
10234,2.315391839147196e-6
10235,0.06355161219835281
10236,0.06615395098924637
10237,0.18792888522148132
10238,0.06406968832015991
10239,0.06406968832015991
10240,0.023589273914694786
10241,0.26271483302116394
10242,0.04617925360798836
10243,0.040044013410806656
10244,0.039308659732341766
10245,0.011574306525290012
10246,0.009355288930237293
10247,0.011575239710509777
10248,0.016619950532913208
10249,0.016474556177854538
10250,0.016477197408676147
10251,0.012682974338531494
10252,0.016477197408676147
10253,0.020696066319942474
10254,0.016475876793265343
10255,0.023506369441747665
10256,0.029345903545618057
10257,0.03313952684402466
10258,0.03314996138215065
10259,0.018549412488937378
10260,0.018549412488937378
10261,0.018549412488937378
10262,0.018549412488937378
10263,0.04004129022359848
10264,0.04004129022359848
10265,0.04004129022359848
10266,0.04004129022359848
10267,0.0359296090900898
10268,0.0359296090900898
10269,0.0359296090900898
10270,0.0359296090900898
10271,0.0359296090900898
10272,0.0359296090900898
10273,0.0359296090900898
10274,0.0359296090900898
10275,0.0359296090900898
10276,0.0359296090900898
10277,0.0359296090900898
10278,0.0359296090900898
10279,0.020234325900673866
10280,0.018166815862059593
10281,0.018166815862059593
10282,0.018166815862059593
10283,0.018166815862059593
10284,0.02842073328793049
10285,0.007982835173606873
10286,0.030792919918894768
10287,0.006210534833371639
10288,0.018156645819544792
10289,0.018156645819544792
10290,0.018156645819544792
10291,0.018156645819544792
10292,0.018156645819544792
10293,0.025620626285672188
10294,0.025620626285672188
10295,0.02834261953830719
10296,0.007978323847055435
10297,0.040774859488010406
10298,0.040774859488010406
10299,0.040774859488010406
10300,0.040774859488010406
10301,0.040774859488010406
10302,0.040774859488010406
10303,0.040774859488010406
10304,0.040774859488010406
10305,0.040774859488010406
10306,0.040774859488010406
10307,0.045032475143671036
10308,0.045032475143671036
10309,0.045032475143671036
10310,0.045032475143671036
10311,0.045032475143671036
10312,0.017647230997681618
10313,0.017647230997681618
10314,0.017647230997681618
10315,0.017647230997681618
10316,0.017647230997681618
10317,0.05181637033820152
10318,0.011624591425061226
10319,0.018137216567993164
10320,0.03569749370217323
10321,0.023362642154097557
10322,0.022682730108499527
10323,0.027803026139736176
10324,0.011574306525290012
10325,0.011571507900953293
10326,0.01647059991955757
10327,0.0100478520616889
10328,0.00902179628610611
10329,0.02532617747783661
10330,0.025210130959749222
10331,0.025330204516649246
10332,0.027195895090699196
10333,0.03780599310994148
10334,0.040501657873392105
10335,0.030342131853103638
10336,0.025232164189219475
10337,0.026724830269813538
10338,0.03500216454267502
10339,0.043387699872255325
10340,0.028069647029042244
10341,0.026342332363128662
10342,0.02818732149899006
10343,0.053201813250780106
10344,0.05271286517381668
10345,0.09841534495353699
10346,0.026731183752417564
10347,0.05071574077010155
10348,0.044801659882068634
10349,0.03162062168121338
10350,0.026722710579633713
10351,0.046486642211675644
10352,0.0654178336262703
10353,0.03213726356625557
10354,0.03967488557100296
10355,0.05342786759138107
10356,0.08619779348373413
10357,0.02522214874625206
10358,0.025232164189219475
10359,0.019460264593362808
10360,0.025234166532754898
10361,0.05660387501120567
10362,0.14650402963161469
10363,0.131077378988266
10364,0.21365153789520264
10365,0.008154312148690224
10366,0.010219944640994072
10367,0.04589947313070297
10368,0.06636806577444077
10369,0.033227719366550446
10370,0.06629239022731781
10371,0.04010628163814545
10372,0.03226632624864578
10373,0.044575609266757965
10374,0.03345756605267525
10375,0.021629102528095245
10376,0.03724127262830734
10377,0.03724127262830734
10378,0.06550254672765732
10379,0.1319247931241989
10380,0.03805716708302498
10381,0.04428090527653694
10382,0.09507645666599274
10383,0.011575239710509777
10384,0.16916650533676147
10385,0.07495229691267014
10386,0.03939767926931381
10387,0.04613594338297844
10388,0.0786607563495636
10389,0.1482025384902954
10390,0.07613659650087357
10391,0.04633242264389992
10392,0.03632292151451111
10393,0.04008820280432701
10394,0.04280230030417442
10395,0.04008820280432701
10396,0.04008820280432701
10397,0.04008820280432701
10398,0.0764123797416687
10399,0.04280230030417442
10400,0.059877850115299225
10401,0.04482729732990265
10402,0.0542181096971035
10403,0.032109618186950684
10404,0.032109618186950684
10405,0.032109618186950684
10406,0.032109618186950684
10407,0.032109618186950684
10408,0.032109618186950684
10409,0.032109618186950684
10410,0.032109618186950684
10411,0.032109618186950684
10412,0.032109618186950684
10413,0.032109618186950684
10414,0.032109618186950684
10415,0.032109618186950684
10416,0.032109618186950684
10417,0.032109618186950684
10418,0.05692596733570099
10419,0.050291046500205994
10420,0.02800748683512211
10421,0.036110736429691315
10422,0.008118916302919388
10423,0.008256414905190468
10424,0.008084326051175594
10425,0.011151887476444244
10426,0.011575239710509777
10427,0.011574306525290012
10428,0.011575239710509777
10429,0.016756538301706314
10430,0.09961095452308655
10431,0.04372498020529747
10432,0.08482242375612259
10433,0.027506668120622635
10434,0.0451466366648674
10435,0.07560604810714722
10436,0.10467811673879623
10437,0.016486087813973427
10438,0.04533608630299568
10439,0.044566862285137177
10440,0.058776043355464935
10441,0.08084987103939056
10442,0.047369666397571564
10443,0.0803983137011528
10444,0.10459453612565994
10445,0.0317964069545269
10446,0.0317964069545269
10447,0.0317964069545269
10448,0.0317964069545269
10449,0.0317964069545269
10450,0.04167861491441727
10451,0.011191320605576038
10452,0.12358587980270386
10453,0.06463848054409027
10454,0.062088195234537125
10455,0.024733681231737137
10456,0.024733681231737137
10457,0.016419071704149246
10458,0.02450581081211567
10459,0.17823556065559387
10460,0.14248958230018616
10461,0.030763767659664154
10462,0.034384436905384064
10463,0.17823556065559387
10464,0.030191930010914803
10465,0.042637716978788376
10466,0.030191930010914803
10467,0.042637716978788376
10468,0.042637716978788376
10469,0.030191930010914803
10470,0.037628304213285446
10471,0.030191930010914803
10472,0.040965206921100616
10473,0.032891903072595596
10474,0.032891903072595596
10475,0.00811760313808918
10476,0.025745699182152748
10477,0.2368067502975464
10478,0.007821607403457165
10479,0.09035640954971313
10480,0.06808768212795258
10481,0.0675303265452385
10482,0.1838010996580124
10483,0.11217498779296875
10484,0.020731154829263687
10485,0.020731154829263687
10486,0.09937338531017303
10487,0.03434240445494652
10488,0.03257639706134796
10489,0.10092487186193466
10490,0.07672499865293503
10491,0.0944848358631134
10492,0.1281665414571762
10493,0.10949632525444031
10494,0.15944050252437592
10495,0.025224151089787483
10496,0.08567486703395844
10497,0.08532557636499405
10498,0.029462071135640144
10499,0.029443440958857536
10500,0.029424825683236122
10501,0.025669464841485023
10502,0.027073659002780914
10503,0.026617316529154778
10504,0.036945901811122894
10505,0.0484112910926342
10506,0.04496943950653076
10507,0.04295511916279793
10508,0.1609880030155182
10509,0.050294291228055954
10510,0.1482844054698944
10511,0.0562303364276886
10512,0.0562303364276886
10513,0.14347635209560394
10514,0.14347635209560394
10515,0.042365651577711105
10516,0.008118259720504284
10517,0.035095132887363434
10518,0.034504350274801254
10519,0.034504350274801254
10520,0.034504350274801254
10521,0.03284880146384239
10522,0.10000500828027725
10523,0.042131293565034866
10524,0.042183924466371536
10525,0.062400322407484055
10526,0.01156964898109436
10527,0.03620249778032303
10528,0.024524088948965073
10529,0.05812731012701988
10530,0.06689907610416412
10531,0.07705871760845184
10532,0.12020470947027206
10533,0.12968072295188904
10534,0.12968072295188904
10535,0.11203750222921371
10536,0.051622405648231506
10537,0.13229182362556458
10538,0.11450923979282379
10539,0.06205024942755699
10540,0.045487355440855026
10541,0.008073225617408752
10542,0.14793391525745392
10543,0.17318783700466156
10544,0.16561418771743774
10545,0.1383851021528244
10546,0.15465262532234192
10547,0.20691049098968506
10548,0.1320902705192566
10549,0.17318783700466156
10550,0.18117335438728333
10551,0.18117335438728333
10552,0.23961268365383148
10553,0.32114487886428833
10554,0.25700506567955017
10555,0.24666821956634521
10556,0.026493418961763382
10557,0.03683626651763916
10558,0.03559980168938637
10559,0.151399165391922
10560,0.01663302257657051
10561,0.14554806053638458
10562,0.16952456533908844
10563,0.18305426836013794
10564,0.151399165391922
10565,0.18875782191753387
10566,0.3742419481277466
10567,0.17983970046043396
10568,0.15254008769989014
10569,0.11862489581108093
10570,0.18943026661872864
10571,0.18874526023864746
10572,0.1044214740395546
10573,0.02661098539829254
10574,0.15747606754302979
10575,0.20758971571922302
10576,0.04055192321538925
10577,0.15747606754302979
10578,0.15760581195354462
10579,0.15196345746517181
10580,0.15760581195354462
10581,0.15747606754302979
10582,0.18874526023864746
10583,0.15747606754302979
10584,0.2166716754436493
10585,0.1568842977285385
10586,0.15138868987560272
10587,0.1804875135421753
10588,0.14931932091712952
10589,0.15747606754302979
10590,0.17014293372631073
10591,0.1909443736076355
10592,0.3446114659309387
10593,0.4353366494178772
10594,0.15747606754302979
10595,0.011923141777515411
10596,0.15760581195354462
10597,0.1234687939286232
10598,0.025188125669956207
10599,0.025434669107198715
10600,0.05524804815649986
10601,0.07679278403520584
10602,0.10967326164245605
10603,0.012628170661628246
10604,0.006808414589613676
10605,0.0928552895784378
10606,0.02457319013774395
10607,0.09652449190616608
10608,0.10050861537456512
10609,0.08786703646183014
10610,0.05948933959007263
10611,0.14469429850578308
10612,0.04609987512230873
10613,0.1224772185087204
10614,0.04609987512230873
10615,0.06309381872415543
10616,0.12456077337265015
10617,0.12429850548505783
10618,0.02306380867958069
10619,0.07626008987426758
10620,0.012162352912127972
10621,0.008532922714948654
10622,0.2709234356880188
10623,0.02025987207889557
10624,0.02025987207889557
10625,0.05786019563674927
10626,0.0934295728802681
10627,0.05486096069216728
10628,0.05905631184577942
10629,0.08076516538858414
10630,0.019481416791677475
10631,0.05793829262256622
10632,0.11174700409173965
10633,0.04278519004583359
10634,0.08519399911165237
10635,0.055541448295116425
10636,0.04445968195796013
10637,0.09474419802427292
10638,0.04761845991015434
10639,0.22842523455619812
10640,0.014803052879869938
10641,0.19040395319461823
10642,0.026107925921678543
10643,0.0357087068259716
10644,0.036948807537555695
10645,0.035711515694856644
10646,0.03743532672524452
10647,0.03703538700938225
10648,0.05201442167162895
10649,0.025232164189219475
10650,0.031229248270392418
10651,0.02622799389064312
10652,0.02622383087873459
10653,0.025224151089787483
10654,0.06348797678947449
10655,0.025228161364793777
10656,0.026112060993909836
10657,0.03883064165711403
10658,0.09570777416229248
10659,0.02612035535275936
10660,0.03171674907207489
10661,0.1169392466545105
10662,0.07746022194623947
10663,0.02544274926185608
10664,0.025330204516649246
10665,0.034857071936130524
10666,0.025547662749886513
10667,0.036000676453113556
10668,0.20762421190738678
10669,0.07628694921731949
10670,0.06772635877132416
10671,0.07628694921731949
10672,0.06674817949533463
10673,0.06772635877132416
10674,0.06703208386898041
10675,0.06772635877132416
10676,0.06772635877132416
10677,0.1665671169757843
10678,0.13850037753582
10679,0.14088909327983856
10680,0.03940613195300102
10681,0.062185078859329224
10682,0.06597836315631866
10683,0.11935051530599594
10684,0.04502200707793236
10685,0.033341873437166214
10686,0.07469896972179413
10687,0.0522935576736927
10688,0.13279609382152557
10689,0.08877668529748917
10690,0.13019724190235138
10691,0.009021071717143059
10692,0.10509225726127625
10693,0.047013603150844574
10694,0.07497035712003708
10695,0.07959025353193283
10696,0.10272621363401413
10697,0.011594558134675026
10698,0.20018085837364197
10699,0.0728379487991333
10700,0.025925379246473312
10701,0.02648921310901642
10702,0.025925379246473312
10703,0.025925379246473312
10704,0.025925379246473312
10705,0.025925379246473312
10706,0.025925379246473312
10707,0.02649550884962082
10708,0.025210130959749222
10709,0.025671498849987984
10710,0.025667427107691765
10711,0.026116209104657173
10712,0.02649550884962082
10713,0.035711515694856644
10714,0.0357087068259716
10715,0.037552446126937866
10716,0.03691692277789116
10717,0.037488196045160294
10718,0.03895145654678345
10719,0.03710517659783363
10720,0.02649550884962082
10721,0.024301601573824883
10722,0.02842877432703972
10723,0.01948269084095955
10724,0.026503924280405045
10725,0.02795024774968624
10726,0.021289879456162453
10727,0.021657917648553848
10728,0.05802815034985542
10729,0.021289879456162453
10730,0.021289879456162453
10731,0.021289879456162453
10732,0.056930214166641235
10733,0.06641334295272827
10734,0.06641334295272827
10735,0.07095173746347427
10736,0.040064599364995956
10737,0.02802967093884945
10738,0.08767848461866379
10739,0.0880945548415184
10740,0.013230930082499981
10741,0.023988690227270126
10742,0.1114509254693985
10743,0.15594534575939178
10744,0.041475702077150345
10745,0.07475094497203827
10746,0.026731183752417564
10747,0.03174767643213272
10748,0.027189429849386215
10749,0.03631225973367691
10750,0.06862174719572067
10751,0.05858364328742027
10752,0.08105670660734177
10753,0.055871203541755676
10754,0.05433393642306328
10755,0.06772159039974213
10756,0.024838712066411972
10757,0.04608072713017464
10758,0.056930214166641235
10759,0.04518907144665718
10760,0.056930214166641235
10761,0.056930214166641235
10762,0.008119569160044193
10763,0.039739515632390976
10764,0.05257575586438179
10765,0.040336668491363525
10766,0.025188125669956207
10767,0.056930214166641235
10768,0.07567409425973892
10769,0.0527578704059124
10770,0.023306088522076607
10771,0.14625422656536102
10772,0.1826164871454239
10773,0.049533721059560776
10774,0.046053338795900345
10775,0.046053338795900345
10776,0.046053338795900345
10777,0.046053338795900345
10778,0.046053338795900345
10779,0.046053338795900345
10780,0.027370840311050415
10781,0.06973739713430405
10782,0.06973739713430405
10783,0.07803148031234741
10784,0.17244096100330353
10785,0.07616724818944931
10786,0.06704475730657578
10787,0.046053338795900345
10788,0.019691428169608116
10789,0.019691428169608116
10790,0.006917884107679129
10791,0.006917884107679129
10792,0.006917884107679129
10793,0.006917884107679129
10794,0.0932340994477272
10795,0.0387130081653595
10796,0.045556336641311646
10797,0.006917884107679129
10798,0.05354878306388855
10799,0.0764697715640068
10800,0.06025496870279312
10801,0.03184548392891884
10802,0.03184548392891884
10803,0.05712452903389931
10804,0.027526510879397392
10805,0.06634204834699631
10806,0.0264976117759943
10807,0.026493418961763382
10808,0.028071871027350426
10809,0.025667427107691765
10810,0.025671498849987984
10811,0.0376349613070488
10812,0.037488196045160294
10813,0.037617266178131104
10814,0.11206082254648209
10815,0.030180247500538826
10816,0.021289879456162453
10817,0.025705959647893906
10818,0.03296733647584915
10819,0.03158065304160118
10820,0.02340404875576496
10821,0.01895599626004696
10822,0.023405911400914192
10823,0.012270164676010609
10824,0.04065578803420067
10825,0.014432277530431747
10826,0.07224929332733154
10827,0.09647132456302643
10828,0.02806519903242588
10829,0.04002855345606804
10830,0.1121181920170784
10831,0.034425292164087296
10832,0.034425292164087296
10833,0.058259401470422745
10834,0.11212632060050964
10835,0.07560279965400696
10836,0.08035849034786224
10837,0.06933815032243729
10838,0.06990499794483185
10839,0.0938640683889389
10840,0.1325153261423111
10841,0.03173806518316269
10842,0.03173806518316269
10843,0.00860675424337387
10844,0.06129133701324463
10845,0.06129133701324463
10846,0.00623514037579298
10847,0.05552784726023674
10848,0.08965455740690231
10849,0.030701667070388794
10850,0.11563640832901001
10851,0.07567980140447617
10852,0.025182118639349937
10853,0.030699247494339943
10854,0.11815337836742401
10855,0.07590987533330917
10856,0.07590987533330917
10857,0.07590987533330917
10858,0.04249376803636551
10859,0.07590987533330917
10860,0.023188000544905663
10861,0.07590987533330917
10862,0.07590987533330917
10863,0.032786738127470016
10864,0.03173806518316269
10865,0.03173806518316269
10866,0.00623514037579298
10867,0.00808367133140564
10868,0.05856305733323097
10869,0.025220148265361786
10870,0.025932736694812775
10871,0.019877688959240913
10872,0.03241909667849541
10873,0.08932696282863617
10874,0.05382540076971054
10875,0.0959445983171463
10876,0.023293104022741318
10877,0.07776909321546555
10878,0.2538904547691345
10879,0.023306088522076607
10880,0.08599798381328583
10881,0.047332048416137695
10882,0.02592451125383377
10883,0.07349877804517746
10884,0.06302358210086823
10885,0.05297749489545822
10886,0.028851594775915146
10887,0.006210534833371639
10888,0.09001640975475311
10889,0.025860294699668884
10890,0.07668889313936234
10891,0.05542070418596268
10892,0.07668889313936234
10893,0.07668889313936234
10894,0.05770749971270561
10895,0.016479477286338806
10896,0.05072670057415962
10897,0.02680961601436138
10898,0.08174432069063187
10899,0.006215987727046013
10900,0.19646915793418884
10901,0.0371355302631855
10902,0.0371355302631855
10903,0.037348490208387375
10904,0.14327622950077057
10905,0.4922618269920349
10906,0.09054844081401825
10907,0.047366321086883545
10908,0.11664058268070221
10909,0.03538602963089943
10910,0.08833526074886322
10911,0.034629859030246735
10912,0.12066604942083359
10913,0.12066604942083359
10914,0.09367714822292328
10915,0.14842501282691956
10916,0.19731900095939636
10917,0.03260122984647751
10918,0.09450577944517136
10919,0.026503924280405045
10920,0.03260122984647751
10921,0.04773160070180893
10922,0.03260122984647751
10923,0.03260122984647751
10924,0.03358911722898483
10925,0.03260122984647751
10926,0.06585316359996796
10927,0.06569204479455948
10928,0.15076708793640137
10929,0.03635760769248009
10930,0.03092265874147415
10931,0.03092265874147415
10932,0.03092265874147415
10933,0.025224151089787483
10934,0.026093430817127228
10935,0.026118282228708267
10936,0.025234166532754898
10937,0.03128105401992798
10938,0.04410724341869354
10939,0.03092265874147415
10940,0.1309986114501953
10941,0.031368546187877655
10942,0.03836691379547119
10943,0.09097591787576675
10944,0.06867047399282455
10945,0.07551174610853195
10946,0.07563694566488266
10947,0.056959252804517746
10948,0.0878162607550621
10949,0.06305155158042908
10950,0.025220148265361786
10951,0.03610033914446831
10952,0.018339402973651886
10953,0.023293104022741318
10954,0.06870051473379135
10955,0.029470276087522507
10956,0.02332231216132641
10957,0.0313190333545208
10958,0.022518614307045937
10959,0.0313190333545208
10960,0.0313190333545208
10961,0.06883128732442856
10962,0.030038798227906227
10963,0.06667925417423248
10964,0.09149492532014847
10965,0.04215431585907936
10966,0.03097791038453579
10967,0.023272724822163582
10968,0.037553831934928894
10969,0.05760984495282173
10970,0.032666806131601334
10971,0.042128000408411026
10972,0.12607170641422272
10973,0.09231875091791153
10974,0.019115978851914406
10975,0.04432946443557739
10976,0.0257138442248106
10977,0.0230151005089283
10978,0.05484175309538841
10979,0.019482335075736046
10980,0.0224296934902668
10981,0.026453521102666855
10982,0.05180523544549942
10983,0.07452660799026489
10984,0.0739520862698555
10985,0.06479806452989578
10986,0.01885138638317585
10987,0.026503924280405045
10988,0.040614500641822815
10989,0.04466072469949722
10990,0.041068293154239655
10991,0.03865880146622658
10992,0.07363971322774887
10993,0.04697805270552635
10994,0.04303065314888954
10995,0.06991304457187653
10996,0.019814401865005493
10997,0.028293484821915627
10998,0.019814401865005493
10999,0.024760019034147263
11000,0.04465377330780029
11001,0.045464787632226944
11002,0.08542899787425995
11003,0.06459774076938629
11004,0.09105942398309708
11005,0.04975607246160507
11006,0.047475095838308334
11007,0.04608430713415146
11008,0.04085870832204819
11009,0.025188125669956207
11010,0.06125764548778534
11011,0.012682974338531494
11012,0.12515293061733246
11013,0.01893116533756256
11014,0.008882354013621807
11015,0.03809279575943947
11016,0.02545187994837761
11017,0.006201994605362415
11018,0.01794436387717724
11019,0.019009754061698914
11020,0.03771546483039856
11021,0.020013561472296715
11022,0.05501505360007286
11023,0.06842009723186493
11024,0.07080794870853424
11025,0.023613257333636284
11026,0.03825083002448082
11027,0.03888647258281708
11028,0.02198684588074684
11029,0.023206455633044243
11030,0.021430835127830505
11031,0.02262888289988041
11032,0.04765196517109871
11033,0.055430881679058075
11034,0.04349851608276367
11035,0.01793719083070755
11036,0.02673645317554474
11037,0.02673645317554474
11038,0.01987563632428646
11039,0.03919098526239395
11040,0.03485853970050812
11041,0.0696428120136261
11042,0.02389463409781456
11043,0.024748221039772034
11044,0.07208899408578873
11045,0.05006585270166397
11046,0.014946339651942253
11047,0.01980491168797016
11048,0.028890851885080338
11049,0.026503924280405045
11050,0.0389888696372509
11051,0.020412595942616463
11052,0.0260784812271595
11053,0.023145904764533043
11054,0.03955592215061188
11055,0.060491159558296204
11056,0.04772312939167023
11057,0.01988069899380207
11058,0.008856688626110554
11059,0.008118916302919388
11060,0.008118259720504284
11061,0.03399307280778885
11062,0.05952289327979088
11063,0.025216134265065193
11064,0.10926948487758636
11065,0.018836328759789467
11066,0.04436846077442169
11067,0.025140153244137764
11068,0.028331223875284195
11069,0.01891755312681198
11070,0.045306529849767685
11071,0.045464787632226944
11072,0.070335254073143
11073,0.024086978286504745
11074,0.03410467132925987
11075,0.01793001964688301
11076,0.03382551670074463
11077,0.01646626740694046
11078,0.060725804418325424
11079,0.04564427584409714
11080,0.026476610451936722
11081,0.013020073994994164
11082,0.02026565559208393
11083,0.07399724423885345
11084,0.06959004700183868
11085,0.018840840086340904
11086,0.039032191038131714
11087,0.03282230719923973
11088,0.024734457954764366
11089,0.03369294852018356
11090,0.015719076618552208
11091,0.019787516444921494
11092,0.019961565732955933
11093,0.04035528004169464
11094,0.043159954249858856
11095,0.01784318871796131
11096,0.07744123786687851
11097,0.027496907860040665
11098,0.008570796810090542
11099,0.06562567502260208
11100,0.06255922466516495
11101,0.035560332238674164
11102,0.018836328759789467
11103,0.024524088948965073
11104,0.03618079796433449
11105,0.030871203169226646
11106,0.04437703639268875
11107,0.01792571134865284
11108,0.025232164189219475
11109,0.02523016184568405
11110,0.02945508435368538
11111,0.019963150843977928
11112,0.017915675416588783
11113,0.08563565462827682
11114,0.03162519633769989
11115,0.04899011552333832
11116,0.017922841012477875
11117,0.029014455154538155
11118,0.017912814393639565
11119,0.029014455154538155
11120,0.025435656309127808
11121,0.049608536064624786
11122,0.05190049484372139
11123,0.029014455154538155
11124,0.029014455154538155
11125,0.029014455154538155
11126,0.029014455154538155
11127,0.029014455154538155
11128,0.029014455154538155
11129,0.029014455154538155
11130,0.03809279575943947
11131,0.029014455154538155
11132,0.008133908733725548
11133,0.029014455154538155
11134,0.029014455154538155
11135,0.029014455154538155
11136,0.008154312148690224
11137,0.029014455154538155
11138,0.029014455154538155
11139,0.029014455154538155
11140,0.029014455154538155
11141,0.03617163002490997
11142,0.01882428489625454
11143,0.030946416780352592
11144,0.0456305667757988
11145,0.03675961121916771
11146,0.02523016184568405
11147,0.03590670973062515
11148,0.019862037152051926
11149,0.019856909289956093
11150,0.02522214874625206
11151,0.03413812443614006
11152,0.02912525273859501
11153,0.03860532119870186
11154,0.037449050694704056
11155,0.03210531547665596
11156,0.05927097052335739
11157,0.021811513230204582
11158,0.008660857565701008
11159,0.010325174778699875
11160,0.003127948846668005
11161,0.008660857565701008
11162,0.010325174778699875
11163,0.056236788630485535
11164,0.07952830940485
11165,0.008660857565701008
11166,0.008660857565701008
11167,0.04319426789879799
11168,0.010325174778699875
11169,0.023241572082042694
11170,0.04082721099257469
11171,0.020622581243515015
11172,0.024054694920778275
11173,0.024054694920778275
11174,0.055961910635232925
11175,0.030121585354208946
11176,0.047388382256031036
11177,0.018979394808411598
11178,0.026447229087352753
11179,0.04257574677467346
11180,0.026714514940977097
11181,0.0662933960556984
11182,0.02737314999103546
11183,0.02673228457570076
11184,0.02649550884962082
11185,0.008081060834228992
11186,0.032972414046525955
11187,0.033333972096443176
11188,0.027943605557084084
11189,0.02522214874625206
11190,0.024303536862134933
11191,0.03008630871772766
11192,0.02246989496052265
11193,0.04190132021903992
11194,0.02086259052157402
11195,0.009349249303340912
11196,0.018045485019683838
11197,0.018121911212801933
11198,0.04316559433937073
11199,0.03343472257256508
11200,0.04251035302877426
11201,0.032853055745363235
11202,0.025353047996759415
11203,0.028753044083714485
11204,0.032853055745363235
11205,0.04228883981704712
11206,0.038230251520872116
11207,0.03266843035817146
11208,0.052823301404714584
11209,0.026856988668441772
11210,0.066257379949092865
11211,0.04646729305386543
11212,0.028598325327038765
11213,0.01976434886455536
11214,0.04952508956193924
11215,0.05231010168790817
11216,0.01846230775117874
11217,0.0703618973493576
11218,0.09897632151842117
11219,0.02049299143254757
11220,0.02049299143254757
11221,0.02888914756476879
11222,0.02049299143254757
11223,0.02049299143254757
11224,0.02049299143254757
11225,0.03941000625491142
11226,0.15559351444244385
11227,0.06578327715396881
11228,0.04632970318198204
11229,0.07170233130455017
11230,0.0166648980230093
11231,0.0686134472489357
11232,0.03572462499141693
11233,0.13092830777168274
11234,0.07985473424196243
11235,0.035021811723709106
11236,0.0392468199133873
11237,0.0392468199133873
11238,0.02888914756476879
11239,0.07170233130455017
11240,0.08564053475856781
11241,0.09897632151842117
11242,0.020528148859739304
11243,0.02049299143254757
11244,0.02049299143254757
11245,0.02049299143254757
11246,0.011298652738332748
11247,0.01673825830221176
11248,0.021996844559907913
11249,0.02084910310804844
11250,0.0991726741194725
11251,0.04246372729539871
11252,0.04246372729539871
11253,0.04830039665102959
11254,0.021062303334474564
11255,0.057554468512535095
11256,0.010211709886789322
11257,0.008166770450770855
11258,0.0077876439318060875
11259,0.0077876439318060875
11260,0.04442954808473587
11261,0.03208760544657707
11262,0.04216747358441353
11263,0.04580723121762276
11264,0.11420851200819016
11265,0.02537688985466957
11266,0.019263505935668945
11267,0.02338666468858719
11268,0.05487451329827309
11269,0.025084316730499268
11270,0.008069965057075024
11271,0.025216134265065193
11272,0.025232164189219475
11273,0.025216134265065193
11274,0.040140289813280106
11275,0.03035612963140011
11276,0.014990182593464851
11277,0.011575239710509777
11278,0.008898863568902016
11279,0.03557717800140381
11280,0.008151015266776085
11281,0.008151015266776085
11282,0.008151015266776085
11283,0.008151015266776085
11284,0.025312108919024467
11285,0.04083678871393204
11286,0.03573077172040939
11287,0.008151015266776085
11288,0.008151015266776085
11289,0.006235642824321985
11290,0.011196746490895748
11291,0.06027033179998398
11292,0.008930413983762264
11293,0.04669136926531792
11294,0.008930413983762264
11295,0.040325265377759933
11296,0.026283884420990944
11297,0.04763026908040047
11298,0.04763026908040047
11299,0.015858357772231102
11300,0.03222581371665001
11301,0.028187988325953484
11302,0.01824948377907276
11303,0.03025701269507408
11304,0.023358501493930817
11305,0.0270715169608593
11306,0.03747349977493286
11307,0.06951560080051422
11308,0.07198412716388702
11309,0.006200989242643118
11310,0.029977530241012573
11311,0.02441551350057125
11312,0.02610999345779419
11313,0.07710141688585281
11314,0.09712985903024673
11315,0.022920692339539528
11316,0.04082721099257469
11317,0.017362577840685844
11318,0.040967296808958054
11319,0.020944010466337204
11320,0.025178128853440285
11321,0.04618816450238228
11322,0.04618816450238228
11323,0.025200126692652702
11324,0.02386501431465149
11325,0.025300048291683197
11326,0.01737787015736103
11327,0.027509979903697968
11328,0.01850990206003189
11329,0.024313192814588547
11330,0.018863199278712273
11331,0.05007273331284523
11332,0.01992042548954487
11333,0.027999700978398323
11334,0.026503924280405045
11335,0.03600350022315979
11336,0.035978060215711594
11337,0.037458814680576324
11338,0.0332530252635479
11339,0.024261360988020897
11340,0.019190015271306038
11341,0.018091680482029915
11342,0.019160905852913857
11343,0.05825216323137283
11344,0.0737805888056755
11345,0.05360673740506172
11346,0.013173789717257023
11347,0.010517477057874203
11348,0.050054747611284256
11349,0.08088504523038864
11350,0.08088504523038864
11351,0.027057889848947525
11352,0.04753763973712921
11353,0.00818253681063652
11354,0.05243861675262451
11355,0.015600794926285744
11356,0.03410525992512703
11357,0.018585067242383957
11358,0.02103731594979763
11359,0.043206654489040375
11360,0.021272355690598488
11361,0.021272355690598488
11362,0.027409028261899948
11363,0.0759100541472435
11364,0.022156162187457085
11365,0.01988997310400009
11366,0.03846040740609169
11367,0.032107848674058914
11368,0.03518940135836601
11369,0.038751762360334396
11370,0.035243257880210876
11371,0.06079715117812157
11372,0.023983599618077278
11373,0.027415543794631958
11374,0.05098501592874527
11375,0.0413663424551487
11376,0.04073701798915863
11377,0.037709563970565796
11378,0.021238459274172783
11379,0.05764906108379364
11380,0.029706958681344986
11381,0.02160506881773472
11382,0.08758123219013214
11383,0.0542411245405674
11384,0.1625935137271881
11385,0.036333221942186356
11386,0.036333221942186356
11387,0.04662095382809639
11388,0.030276864767074585
11389,0.02124726213514805
11390,0.11871194839477539
11391,0.028482966125011444
11392,0.0864504724740982
11393,0.02543669007718563
11394,0.027609217911958694
11395,0.082681804895401
11396,0.045171454548835754
11397,0.054910484701395035
11398,0.008119569160044193
11399,0.04670736938714981
11400,0.0723397508263588
11401,0.0289447084069252
11402,0.029990147799253464
11403,0.016795029863715172
11404,0.03556996211409569
11405,0.008119569160044193
11406,0.02513306587934494
11407,0.12273868918418884
11408,0.12273868918418884
11409,0.2752707898616791
11410,0.13345035910606384
11411,0.025682277977466583
11412,0.22754450142383575
11413,0.11207552999258041
11414,0.036930691450834274
11415,0.029967904090881348
11416,0.15767477452754974
11417,0.03194577246904373
11418,0.29264771938323975
11419,0.07547573000192642
11420,0.11487413942813873
11421,0.018064890056848526
11422,0.039958544075489044
11423,0.35014742612838745
11424,0.03461412340402603
11425,0.021793188527226448
11426,0.11634346842765808
11427,0.0216121394187212
11428,0.035851962864398956
11429,0.021793188527226448
11430,0.01825018972158432
11431,0.05934809893369675
11432,0.032666806131601334
11433,0.0218138936907053
11434,0.06803979724645615
11435,0.030884450301527977
11436,0.06803979724645615
11437,0.02608434297144413
11438,0.021791301667690277
11439,0.018100865185260773
11440,0.019336529076099396
11441,0.08179297298192978
11442,0.03808652237057686
11443,0.03808652237057686
11444,0.03764835000038147
11445,0.04597846418619156
11446,0.011501023545861244
11447,0.03808652237057686
11448,0.05360673740506172
11449,0.03515443578362465
11450,0.04597846418619156
11451,0.032159917056560516
11452,0.026617316529154778
11453,0.025342274457216263
11454,0.025342274457216263
11455,0.025342274457216263
11456,0.014073898084461689
11457,0.01196620985865593
11458,0.02032317966222763
11459,0.03322593495249748
11460,0.015039329417049885
11461,0.04747045785188675
11462,0.023147743195295334
11463,0.02845027670264244
11464,0.03174050152301788
11465,0.016140926629304886
11466,0.008119569160044193
11467,0.025326449424028397
11468,0.022693049162626266
11469,0.03480742499232292
11470,0.008119569160044193
11471,0.011574306525290012
11472,0.010174036026000977
11473,0.018636956810951233
11474,0.01560954749584198
11475,0.029400885105133057
11476,0.033223606646060944
11477,0.03244330361485481
11478,0.0194610133767128
11479,0.04950673505663872
11480,0.031088899821043015
11481,0.025669464841485023
11482,0.025669464841485023
11483,0.019967328757047653
11484,0.03855660930275917
11485,0.024514419957995415
11486,0.017945801839232445
11487,0.03753838315606117
11488,0.021224111318588257
11489,0.004851727746427059
11490,0.0033963972236961126
11491,0.004851727746427059
11492,0.02873876504600048
11493,0.03480645641684532
11494,0.026596495881676674
11495,0.026859333738684654
11496,0.02673645317554474
11497,0.050192996859550476
11498,0.018817204982042313
11499,0.03797461465001106
11500,0.02899574115872383
11501,0.020283760502934456
11502,0.032652597874403
11503,0.031486593186855316
11504,0.025232164189219475
11505,0.025232164189219475
11506,0.02523016184568405
11507,0.016270169988274574
11508,0.035873863846063614
11509,0.035579975694417953
11510,0.018759937956929207
11511,0.03924652189016342
11512,0.043064575642347336
11513,0.03224443271756172
11514,0.04358183220028877
11515,0.04350040480494499
11516,0.04358183220028877
11517,0.04340897127985954
11518,0.02959597297012806
11519,0.03650436922907829
11520,0.045299481600522995
11521,0.043067947030067444
11522,0.034728989005088806
11523,0.057193074375391006
11524,0.0818067118525505
11525,0.03501948341727257
11526,0.025782492011785507
11527,0.03616601973772049
11528,0.01557751651853323
11529,0.052490707486867905
11530,0.035797007381916046
11531,0.022627774626016617
11532,0.03266289457678795
11533,0.07108329981565475
11534,0.020820066332817078
11535,0.03905270993709564
11536,0.031320877373218536
11537,0.038387373089790344
11538,0.02988733910024166
11539,0.018840840086340904
11540,0.07763825356960297
11541,0.04319991543889046
11542,0.033711519092321396
11543,0.02009062096476555
11544,0.029819374904036522
11545,0.029819374904036522
11546,0.02009062096476555
11547,0.029819374904036522
11548,0.06554083526134491
11549,0.026053858920931816
11550,0.027368705719709396
11551,0.037512846291065216
11552,0.017383815720677376
11553,0.013879824429750443
11554,0.044407252222299576
11555,0.038601458072662354
11556,0.005660643335431814
11557,0.010497285053133965
11558,0.010497285053133965
11559,0.07360530644655228
11560,0.032763004302978516
11561,0.021232986822724342
11562,0.05184413865208626
11563,0.008118259720504284
11564,0.03523583337664604
11565,0.03251136839389801
11566,0.013262875378131866
11567,0.03321630880236626
11568,0.03321630880236626
11569,0.03321630880236626
11570,0.03262688219547272
11571,0.04758967086672783
11572,0.04136582463979721
11573,0.052023995667696
11574,0.02657584473490715
11575,0.03546365350484848
11576,0.02554095722734928
11577,0.03546365350484848
11578,0.02554095722734928
11579,0.03546365350484848
11580,0.041189029812812805
11581,0.03265774995088577
11582,0.04084055870771408
11583,0.05140450969338417
11584,0.07666214555501938
11585,0.03510798141360283
11586,0.02975473739206791
11587,0.03143942728638649
11588,0.013035492971539497
11589,0.04149419441819191
11590,0.0433032400906086
11591,0.05675620585680008
11592,0.0646125078201294
11593,0.039996664971113205
11594,0.04314207658171654
11595,0.04314207658171654
11596,0.029238298535346985
11597,0.05720272660255432
11598,0.062236487865448
11599,0.043215248733758926
11600,0.055276304483413696
11601,0.04607171565294266
11602,0.04607171565294266
11603,0.16641543805599213
11604,0.08696781098842621
11605,0.035876110196113586
11606,0.04073631763458252
11607,0.04478238895535469
11608,0.05206897854804993
11609,0.0876484140753746
11610,0.027520939707756042
11611,0.04494596645236015
11612,0.04950837045907974
11613,0.05814305320382118
11614,0.05012814700603485
11615,0.043594203889369965
11616,0.05368654802441597
11617,0.02805962599813938
11618,0.0326433889567852
11619,0.038051024079322815
11620,0.036452919244766235
11621,0.03385518491268158
11622,0.05774032697081566
11623,0.03631795942783356
11624,0.036945901811122894
11625,0.06439652293920517
11626,0.035867657512426376
11627,0.03618427738547325
11628,0.021054597571492195
11629,0.0210680291056633
11630,0.06797105818986893
11631,0.07905265688896179
11632,0.015149476937949657
11633,0.04351735860109329
11634,0.03130428120493889
11635,0.029955079779028893
11636,0.03237162530422211
11637,0.029965845867991447
11638,0.024006003513932228
11639,0.02803511917591095
11640,0.03224443271756172
11641,0.06944610923528671
11642,0.03661720082163811
11643,0.07167544960975647
11644,0.01996573433279991
11645,0.05441886559128761
11646,0.04471101239323616
11647,0.042074039578437805
11648,0.0368172712624073
11649,0.09527833759784698
11650,0.06440632790327072
11651,0.036327991634607315
11652,0.025778397917747498
11653,0.05612265691161156
11654,0.036325134336948395
11655,0.031140781939029694
11656,0.02097107283771038
11657,0.01882277987897396
11658,0.03554555028676987
11659,0.034848906099796295
11660,0.13189907371997833
11661,0.044386859983205795
11662,0.06111759692430496
11663,0.014144153334200382
11664,0.03429329767823219
11665,0.024716267362236977
11666,0.10371118783950806
11667,0.03152226284146309
11668,0.03986835107207298
11669,0.04731423780322075
11670,0.038454484194517136
11671,0.10017780214548111
11672,0.052528247237205505
11673,0.06722734123468399
11674,0.06916993111371994
11675,0.01699763722717762
11676,0.03261401876807213
11677,0.0355587899684906
11678,0.020561514422297478
11679,0.07845400273799896
11680,0.05432441830635071
11681,0.04760579764842987
11682,0.020561514422297478
11683,0.020561514422297478
11684,0.020561514422297478
11685,0.020561514422297478
11686,0.036435771733522415
11687,0.022035233676433563
11688,0.022035233676433563
11689,0.03439823165535927
11690,0.03261401876807213
11691,0.041475702077150345
11692,0.05645527318120003
11693,0.009723699651658535
11694,0.018250945955514908
11695,0.03170675411820412
11696,0.029745321720838547
11697,0.032107848674058914
11698,0.030704021453857422
11699,0.036712728440761566
11700,0.07747337222099304
11701,0.03480569273233414
11702,0.02159520797431469
11703,0.06223274767398834
11704,0.03266032412648201
11705,0.05010874941945076
11706,0.026423076167702675
11707,0.21712824702262878
11708,0.06745985895395279
11709,0.03644314780831337
11710,0.037081893533468246
11711,0.021313592791557312
11712,0.027315812185406685
11713,0.09972503036260605
11714,0.022067099809646606
11715,0.048296984285116196
11716,0.04323556274175644
11717,0.006460097618401051
11718,0.042658403515815735
11719,0.026944288983941078
11720,0.05198382958769798
11721,0.143708735704422
11722,0.024447772651910782
11723,0.058503735810518265
11724,0.024803152307868004
11725,0.11331955343484879
11726,0.05452350154519081
11727,0.03210531547665596
11728,0.03522361069917679
11729,0.025770217180252075
11730,0.0659930631518364
11731,0.028590811416506767
11732,0.061258744448423386
11733,0.13708828389644623
11734,0.0299716517329216
11735,0.06463968008756638
11736,0.061502065509557724
11737,0.05508341267704964
11738,0.03524022549390793
11739,0.030114537104964256
11740,0.024797238409519196
11741,0.0350748747587204
11742,0.035248540341854095
11743,0.07068924605846405
11744,0.03266165032982826
11745,0.0899549201130867
11746,0.012627153657376766
11747,0.04117584973573685
11748,0.03717133402824402
11749,0.030140338465571404
11750,0.00884596724063158
11751,0.057066213339567184
11752,0.013485417701303959
11753,0.016165373846888542
11754,0.064202219247818
11755,0.04426783323287964
11756,0.03225385770201683
11757,0.07889420539140701
11758,0.018521972000598907
11759,0.030590742826461792
11760,0.018446991220116615
11761,0.03898107260465622
11762,0.03841271623969078
11763,0.08470673114061356
11764,0.030718643218278885
11765,0.04880442097783089
11766,0.03897497057914734
11767,0.06786038726568222
11768,0.07317587733268738
11769,0.040984414517879486
11770,0.024805119261145592
11771,0.027492545545101166
11772,0.03748780116438866
11773,0.030704094097018242
11774,0.029193490743637085
11775,0.044650305062532425
11776,0.06867780536413193
11777,0.015116756781935692
11778,0.044848229736089706
11779,0.036305177956819534
11780,0.03220606967806816
11781,0.036510124802589417
11782,0.029952706769108772
11783,0.032107848674058914
11784,0.03057079389691353
11785,0.03893930837512016
11786,0.0931890457868576
11787,0.04084109142422676
11788,0.03980855271220207
11789,0.03760157525539398
11790,0.025159398093819618
11791,0.044786009937524796
11792,0.045630548149347305
11793,0.05154760554432869
11794,0.04570417106151581
11795,0.0316581092774868
11796,0.020113950595259666
11797,0.08736809343099594
11798,0.10101541876792908
11799,0.018250705674290657
11800,0.035350728780031204
11801,0.032409023493528366
11802,0.032969098538160324
11803,0.032409023493528366
11804,0.032969098538160324
11805,0.03318797051906586
11806,0.032969098538160324
11807,0.032969098538160324
11808,0.03262430801987648
11809,0.03321672976016998
11810,0.0332062728703022
11811,0.032969098538160324
11812,0.032969098538160324
11813,0.032969098538160324
11814,0.032409023493528366
11815,0.03318797051906586
11816,0.03318797051906586
11817,0.03318797051906586
11818,0.0332062728703022
11819,0.032969098538160324
11820,0.03318797051906586
11821,0.0332062728703022
11822,0.03266032412648201
11823,0.029047466814517975
11824,0.032969098538160324
11825,0.038933780044317245
11826,0.028530078008770943
11827,0.2439436912536621
11828,0.04938112944364548
11829,0.032969098538160324
11830,0.027002470567822456
11831,0.05164036154747009
11832,0.015029012225568295
11833,0.08224788308143616
11834,0.036981236189603806
11835,0.036042485386133194
11836,0.03645708039402962
11837,0.03645708039402962
11838,0.03645708039402962
11839,0.03645708039402962
11840,0.027767958119511604
11841,0.040884871035814285
11842,0.04452752321958542
11843,0.029470276087522507
11844,0.05610675364732742
11845,0.0243381317704916
11846,0.030498160049319267
11847,0.025674594566226006
11848,0.03643319383263588
11849,0.03627045825123787
11850,0.05730653926730156
11851,0.03269194811582565
11852,0.01680414378643036
11853,0.029927266761660576
11854,0.1398148089647293
11855,0.04827806353569031
11856,0.03735481575131416
11857,0.04230299964547157
11858,0.023345835506916046
11859,0.031499896198511124
11860,0.04412858188152313
11861,0.03505946695804596
11862,0.03862703964114189
11863,0.08986430615186691
11864,0.02882007136940956
11865,0.029279550537467003
11866,0.04279309883713722
11867,0.0285626370459795
11868,0.031901270151138306
11869,0.0077775768004357815
11870,0.026378095149993896
11871,0.03095822036266327
11872,0.1367236226797104
11873,0.028128216043114662
11874,0.019834721460938454
11875,0.03727307170629501
11876,0.031670067459344864
11877,0.02878652513027191
11878,0.03565291687846184
11879,0.03947799652814865
11880,0.03752538189291954
11881,0.04240840673446655
11882,0.1023389995098114
11883,0.0510212779045105
11884,0.04011089727282524
11885,0.03059426322579384
11886,0.027982257306575775
11887,0.032306887209415436
11888,0.038538988679647446
11889,0.07417479902505875
11890,0.08210872858762741
11891,0.05052477866411209
11892,0.01887073740363121
11893,0.21230250597000122
11894,0.0335463210940361
11895,0.05645383521914482
11896,0.12460177391767502
11897,0.024805119261145592
11898,0.03910636901855469
11899,0.008937624283134937
11900,0.04612451046705246
11901,0.028685614466667175
11902,0.10865205526351929
11903,0.02393464371562004
11904,0.07552362978458405
11905,0.029311474412679672
11906,0.11109459400177002
11907,0.03169005736708641
11908,0.11606384068727493
11909,0.010132410563528538
11910,0.026307575404644012
11911,0.03291005641222
11912,0.02480544149875641
11913,0.02480544149875641
11914,0.024831067770719528
11915,0.030004695057868958
11916,0.051734983921051025
11917,0.04508015885949135
11918,0.03313121572136879
11919,0.04469709098339081
11920,0.188950777053833
11921,0.050217702984809875
11922,0.047663211822509766
11923,0.030281495302915573
11924,0.05311860889196396
11925,0.052725858986377716
11926,0.051214125007390976
11927,0.017413577064871788
11928,0.03651650622487068
11929,0.02855914831161499
11930,0.026433346793055534
11931,0.13508635759353638
11932,0.043064575642347336
11933,0.033068154007196426
11934,0.04605666548013687
11935,0.0620509535074234
11936,0.079867884516716
11937,0.22505253553390503
11938,0.025205222889780998
11939,0.03916647657752037
11940,0.07636123895645142
11941,0.038637675344944
11942,0.043145403265953064
11943,0.040156297385692596
11944,0.03181994706392288
11945,0.04581015184521675
11946,0.048528388142585754
11947,0.06816358119249344
11948,0.06354502588510513
11949,0.01628321036696434
11950,0.11778724938631058
11951,0.011038476601243019
11952,0.030213957652449608
11953,0.04882090538740158
11954,0.04201941937208176
11955,0.05803893133997917
11956,0.03360031172633171
11957,0.04201941937208176
11958,0.039694931358098984
11959,0.04201941937208176
11960,0.05904392898082733
11961,0.031601544469594955
11962,0.03360031172633171
11963,0.03722761571407318
11964,0.04171980917453766
11965,0.016878848895430565
11966,0.04201941937208176
11967,0.04201941937208176
11968,0.04201941937208176
11969,0.03302987292408943
11970,0.029470276087522507
11971,0.019363371655344963
11972,0.03360031172633171
11973,0.04201941937208176
11974,0.036399997770786285
11975,0.04201941937208176
11976,0.04201941937208176
11977,0.04201941937208176
11978,0.0255728866904974
11979,0.03997204825282097
11980,0.039396874606609344
11981,0.09559804201126099
11982,0.03617008030414581
11983,0.03617008030414581
11984,0.036197107285261154
11985,0.021221544593572617
11986,0.02650887705385685
11987,0.04219631478190422
11988,0.04219631478190422
11989,0.03234733268618584
11990,0.06765637546777725
11991,0.06728716939687729
11992,0.06460759788751602
11993,0.04201614484190941
11994,0.025232164189219475
11995,0.021221544593572617
11996,0.03986245393753052
11997,0.040225718170404434
11998,0.053830116987228394
11999,0.10796349495649338
12000,0.062280356884002686
12001,0.0948152020573616
12002,0.05266682058572769
12003,0.09901414811611176
12004,0.07490274310112
12005,0.04955900460481644
12006,0.01996491476893425
12007,0.02176828309893608
12008,0.02176828309893608
12009,0.04625046253204346
12010,0.030217261984944344
12011,0.03890778869390488
12012,0.029168227687478065
12013,0.027611104771494865
12014,0.025266898795962334
12015,0.056930627673864365
12016,0.07287850230932236
12017,0.017042458057403564
12018,0.027070140466094017
12019,0.03174267336726189
12020,0.027070140466094017
12021,0.056560955941677094
12022,0.015867259353399277
12023,0.03809279575943947
12024,0.04522665962576866
12025,0.05431200936436653
12026,0.030090229585766792
12027,0.01640523225069046
12028,0.048937857151031494
12029,0.04163134843111038
12030,0.028527772054076195
12031,0.029470276087522507
12032,0.5431481599807739
12033,0.05534093827009201
12034,0.047802817076444626
12035,0.040925078094005585
12036,0.06029801815748215
12037,0.08455145359039307
12038,0.028645044192671776
12039,0.051987484097480774
12040,0.03583984822034836
12041,0.038211826235055923
12042,0.022467827424407005
12043,0.0442221499979496
12044,0.09744720906019211
12045,0.02536793239414692
12046,0.045330412685871124
12047,0.02414826489984989
12048,0.06629417091608047
12049,0.037220679223537445
12050,0.06029801815748215
12051,0.025361889973282814
12052,0.020591381937265396
12053,0.058314546942710876
12054,0.04095152020454407
12055,0.04363870993256569
12056,0.07684329152107239
12057,0.023147743195295334
12058,0.039873700588941574
12059,0.0418819896876812
12060,0.045330412685871124
12061,0.02099335566163063
12062,0.048965517431497574
12063,0.02664756402373314
12064,0.02055792324244976
12065,0.03420768305659294
12066,0.03008798509836197
12067,0.04045237600803375
12068,0.051357075572013855
12069,0.03753156587481499
12070,0.0367230661213398
12071,0.03164002299308777
12072,0.030352221801877022
12073,0.08719553053379059
12074,0.022416766732931137
12075,0.024024074897170067
12076,0.03021211177110672
12077,0.04230299964547157
12078,0.023332837969064713
12079,0.04227989912033081
12080,0.055291954427957535
12081,0.05310698598623276
12082,0.030946416780352592
12083,0.05355394259095192
12084,0.02157438173890114
12085,0.05642589181661606
12086,0.0599091537296772
12087,0.02659168466925621
12088,0.03264230489730835
12089,0.020099041983485222
12090,0.025232164189219475
12091,0.054508745670318604
12092,0.04287867248058319
12093,0.03630773723125458
12094,0.041810743510723114
12095,0.083734892308712
12096,0.07443587481975555
12097,0.04175908863544464
12098,0.080131635069847107
12099,0.04249611496925354
12100,0.0380898155272007
12101,0.020704593509435654
12102,0.034427590668201447
12103,0.052904099225997925
12104,0.03759719431400299
12105,0.03266032412648201
12106,0.07237643003463745
12107,0.05926188454031944
12108,0.04262985661625862
12109,0.04218063876032829
12110,0.025759989395737648
12111,0.03731335327029228
12112,0.03731335327029228
12113,0.04761003330349922
12114,0.0374712310731411
12115,0.03967086970806122
12116,0.03403756394982338
12117,0.02450273372232914
12118,0.05393421649932861
12119,0.02360261045396328
12120,0.0418819896876812
12121,0.031916648149490356
12122,0.07137765735387802
12123,0.09203905612230301
12124,0.09272672235965729
12125,0.07482970505952835
12126,0.05078564211726189
12127,0.06310777366161346
12128,0.08178017288446426
12129,0.05098171904683113
12130,0.05078171193599701
12131,0.028637977316975594
12132,0.041048314422369
12133,0.02487780898809433
12134,0.031060384586453438
12135,0.020906740799546242
12136,0.04382212087512016
12137,0.04044078290462494
12138,0.030718492344021797
12139,0.03938077762722969
12140,0.016996188089251518
12141,0.023118283599615097
12142,0.023118283599615097
12143,0.019009800627827644
12144,0.0123701561242342
12145,0.03731628507375717
12146,0.021295025944709778
12147,0.03581342101097107
12148,0.045127253979444504
12149,0.012299690395593643
12150,0.10448816418647766
12151,0.1681479960680008
12152,0.02633221074938774
12153,0.02633221074938774
12154,0.02166862227022648
12155,0.026102978736162186
12156,0.08869768679141998
12157,0.24966755509376526
12158,0.027605969458818436
12159,0.026102978736162186
12160,0.01463290210813284
12161,0.0172627791762352
12162,0.020313460379838943
12163,0.08506287634372711
12164,0.02662864327430725
12165,0.06409800797700882
12166,0.03036600351333618
12167,0.0286035668104887
12168,0.04028087109327316
12169,0.04028087109327316
12170,0.04028087109327316
12171,0.058374740183353424
12172,0.036950208246707916
12173,0.01812148280441761
12174,0.0430268719792366
12175,0.05501733347773552
12176,0.04205860197544098
12177,0.03425699099898338
12178,0.01986294612288475
12179,0.02442026138305664
12180,0.03247619792819023
12181,0.0286035668104887
12182,0.0286035668104887
12183,0.028639892116189003
12184,0.006209528539329767
12185,0.04422658681869507
12186,0.024548308923840523
12187,0.023913515731692314
12188,0.030506297945976257
12189,0.020748969167470932
12190,0.06779076159000397
12191,0.03838368505239487
12192,0.03737296164035797
12193,0.06852569431066513
12194,0.058139700442552567
12195,0.006210534833371639
12196,0.006210534833371639
12197,0.015541620552539825
12198,0.03838970139622688
12199,0.030851947143673897
12200,0.030851947143673897
12201,0.030851947143673897
12202,0.030668703839182854
12203,0.030851947143673897
12204,0.030851947143673897
12205,0.030525583773851395
12206,0.053259532898664474
12207,0.04371258243918419
12208,0.029910841956734657
12209,0.023948131129145622
12210,0.038795534521341324
12211,0.022869009524583817
12212,0.055787086486816406
12213,0.04829556122422218
12214,0.04097399488091469
12215,0.010517477057874203
12216,0.015736695379018784
12217,0.02681143209338188
12218,0.05024399980902672
12219,0.02753894403576851
12220,0.02990611642599106
12221,0.052622243762016296
12222,0.037316564470529556
12223,0.027179783210158348
12224,0.01956729218363762
12225,0.0210515558719635
12226,0.03828145191073418
12227,0.05029509961605072
12228,0.041478950530290604
12229,0.05316023528575897
12230,0.06123516336083412
12231,0.04056485742330551
12232,0.05849864333868027
12233,0.030591541901230812
12234,0.04639459401369095
12235,0.04636223241686821
12236,0.01538915280252695
12237,0.11492139101028442
12238,0.04318534955382347
12239,0.0479578860104084
12240,0.030825966969132423
12241,0.030825966969132423
12242,0.020412271842360497
12243,0.008084326051175594
12244,0.02531687170267105
12245,0.039661478251218796
12246,0.030828403308987617
12247,0.03229489549994469
12248,0.07441871613264084
12249,0.04806295409798622
12250,0.035819269716739655
12251,0.049854427576065063
12252,0.035819269716739655
12253,0.1093171164393425
12254,0.035819269716739655
12255,0.026123693212866783
12256,0.08345847576856613
12257,0.016568653285503387
12258,0.09346142411231995
12259,0.035819269716739655
12260,0.035819269716739655
12261,0.027655666694045067
12262,0.02898656763136387
12263,0.0467914417386055
12264,0.052196864038705826
12265,0.035819269716739655
12266,0.03471400588750839
12267,0.03665710985660553
12268,0.03660183772444725
12269,0.029836561530828476
12270,0.034140363335609436
12271,0.04040461406111717
12272,0.040159620344638824
12273,0.04258497804403305
12274,0.04258497804403305
12275,0.07837746292352676
12276,0.11936265975236893
12277,0.13780023157596588
12278,0.047071125358343124
12279,0.06128533184528351
12280,0.050689712166786194
12281,0.04078143462538719
12282,0.014862323179841042
12283,0.0359819158911705
12284,0.03144599124789238
12285,0.05016941949725151
12286,0.04100807383656502
12287,0.05193241313099861
12288,0.02199861966073513
12289,0.04904939979314804
12290,0.0181113351136446
12291,0.03147825598716736
12292,0.03527715802192688
12293,0.030946416780352592
12294,0.03527715802192688
12295,0.04453294724225998
12296,0.03527715802192688
12297,0.04453294724225998
12298,0.03527715802192688
12299,0.03527715802192688
12300,0.04390933737158775
12301,0.03527715802192688
12302,0.038341861218214035
12303,0.021739553660154343
12304,0.05518592894077301
12305,0.12957017123699188
12306,0.08331219851970673
12307,0.05429944768548012
12308,0.08633086085319519
12309,0.04453294724225998
12310,0.044966574758291245
12311,0.05697903782129288
12312,0.05151020735502243
12313,0.045868389308452606
12314,0.025686275213956833
12315,0.02946794405579567
12316,0.06789395958185196
12317,0.09014523029327393
12318,0.06572148948907852
12319,0.03052332252264023
12320,0.11576847732067108
12321,0.030930817127227783
12322,0.023076863959431648
12323,0.019022075459361076
12324,0.04014858603477478
12325,0.019666409119963646
12326,0.06987898796796799
12327,0.03879329934716225
12328,0.08418944478034973
12329,0.01838672161102295
12330,0.05186973139643669
12331,0.04362687095999718
12332,0.029034435749053955
12333,0.0323430635035038
12334,0.0440080352127552
12335,0.03246944025158882
12336,0.07073577493429184
12337,0.05052108317613602
12338,0.04337415471673012
12339,0.009656120091676712
12340,0.006237663794308901
12341,0.11854135245084763
12342,0.07140131294727325
12343,0.08559274673461914
12344,0.028571175411343575
12345,0.019943969324231148
12346,0.017518427222967148
12347,0.038955170661211014
12348,0.06338757276535034
12349,0.03419327363371849
12350,0.10419676452875137
12351,0.02148020826280117
12352,0.04756402596831322
12353,0.027730053290724754
12354,0.07087019830942154
12355,0.012729382142424583
12356,0.06474683433771133
12357,0.06008567288517952
12358,0.026409856975078583
12359,0.11661752313375473
12360,0.1069105714559555
12361,0.06525103747844696
12362,0.04829302802681923
12363,0.3864915370941162
12364,0.06257703900337219
12365,0.058114536106586456
12366,0.49384021759033203
12367,0.024391671642661095
12368,0.05328551307320595
12369,0.07052533328533173
12370,0.04822529852390289
12371,0.07837569713592529
12372,0.16328288614749908
12373,0.11961959302425385
12374,0.06883767247200012
12375,0.03567422181367874
12376,0.0836748257279396
12377,0.05167580023407936
12378,0.04822529852390289
12379,0.02992083504796028
12380,0.12682661414146423
12381,0.02155500464141369
12382,0.046969082206487656
12383,0.04015173017978668
12384,0.11046397686004639
12385,0.024623321369290352
12386,0.034244805574417114
12387,0.019679853692650795
12388,0.030946416780352592
12389,0.07772254198789597
12390,0.018533525988459587
12391,0.021857652813196182
12392,0.06644628196954727
12393,0.025692934170365334
12394,0.02221103198826313
12395,0.026451967656612396
12396,0.025668255984783173
12397,0.03380468487739563
12398,0.08485259115695953
12399,0.03946753963828087
12400,0.04907292500138283
12401,0.051526252180337906
12402,0.07790668308734894
12403,0.022642122581601143
12404,0.02428961917757988
12405,0.020121747627854347
12406,0.03799402713775635
12407,0.051906947046518326
12408,0.029470276087522507
12409,0.04511672630906105
12410,0.10441069304943085
12411,0.05432023108005524
12412,0.1881929636001587
12413,0.11844608932733536
12414,0.061924003064632416
12415,0.061924003064632416
12416,0.061924003064632416
12417,0.049523092806339264
12418,0.049523092806339264
12419,0.049523092806339264
12420,0.0626813992857933
12421,0.07816167175769806
12422,0.07136496901512146
12423,0.0380898155272007
12424,0.1042039692401886
12425,0.029405297711491585
12426,0.04436321184039116
12427,0.03807786852121353
12428,0.012952194549143314
12429,0.01632709614932537
12430,0.018642015755176544
12431,0.01120035257190466
12432,0.014885022304952145
12433,0.07586070150136948
12434,0.04177079722285271
12435,0.053611308336257935
12436,0.15186196565628052
12437,0.04170696437358856
12438,0.012111100368201733
12439,0.09317385405302048
12440,0.06971343606710434
12441,0.06005563959479332
12442,0.02862633392214775
12443,0.02184971794486046
12444,0.04175584390759468
12445,0.06347081065177917
12446,0.06314912438392639
12447,0.05635516718029976
12448,0.027800336480140686
12449,0.027099067345261574
12450,0.02785358391702175
12451,0.03187859058380127
12452,0.05202407389879227
12453,0.042974334210157394
12454,0.12043845653533936
12455,0.13724659383296967
12456,0.1313469111919403
12457,0.12244769930839539
12458,0.04337797686457634
12459,0.05104343965649605
12460,0.039785269647836685
12461,0.058940891176462173
12462,0.03750021755695343
12463,0.0804920420050621
12464,0.041336022317409515
12465,0.03589976951479912
12466,0.05420612171292305
12467,0.03322825953364372
12468,0.04971382021903992
12469,0.049285780638456345
12470,0.025855986401438713
12471,0.03574446961283684
12472,0.01955324597656727
12473,0.01955324597656727
12474,0.048477903008461
12475,0.06342000514268875
12476,0.07881340384483337
12477,0.05784769356250763
12478,0.0637771338224411
12479,0.07881340384483337
12480,0.020285850390791893
12481,0.006223960313946009
12482,0.13552434742450714
12483,0.06484921276569366
12484,0.06792241334915161
12485,0.039785269647836685
12486,0.039785269647836685
12487,0.04259539768099785
12488,0.07147384434938431
12489,0.03998303785920143
12490,0.033953841775655746
12491,0.03376564756035805
12492,0.08326303213834763
12493,0.06315504759550095
12494,0.04165910929441452
12495,0.052932821214199066
12496,0.030535969883203506
12497,0.08485418558120728
12498,0.022568712010979652
12499,0.051580049097537994
12500,0.04135550931096077
12501,0.04465458169579506
12502,0.06603633612394333
12503,0.0442437082529068
12504,0.02564889006316662
12505,0.0442437082529068
12506,0.07478353381156921
12507,0.12891212105751038
12508,0.06163688004016876
12509,0.03644867241382599
12510,0.04579289257526398
12511,0.036255087703466415
12512,0.04681069031357765
12513,0.08721750229597092
12514,0.043869391083717346
12515,0.06237650662660599
12516,0.0421576052904129
12517,0.03388986736536026
12518,0.04916570708155632
12519,0.03497716039419174
12520,0.044444937258958817
12521,0.03443608805537224
12522,0.08391332626342773
12523,0.11369529366493225
12524,0.06636654585599899
12525,0.035493139177560806
12526,0.08715325593948364
12527,0.07667272537946701
12528,0.18072733283042908
12529,0.03809279575943947
12530,0.06872620433568954
12531,0.02839917130768299
12532,0.041645344346761703
12533,0.03212606534361839
12534,0.04957382753491402
12535,0.03793347626924515
12536,0.03793347626924515
12537,0.04910862445831299
12538,0.03793347626924515
12539,0.02585669793188572
12540,0.03793347626924515
12541,0.03793347626924515
12542,0.03793347626924515
12543,0.06154440715909004
12544,0.03793347626924515
12545,0.045611124485731125
12546,0.05075220763683319
12547,0.03793347626924515
12548,0.03793347626924515
12549,0.03793347626924515
12550,0.03793347626924515
12551,0.03793347626924515
12552,0.03793347626924515
12553,0.03793347626924515
12554,0.03723469376564026
12555,0.03793347626924515
12556,0.03793347626924515
12557,0.03793347626924515
12558,0.07691938430070877
12559,0.040749575942754745
12560,0.049625273793935776
12561,0.03793347626924515
12562,0.09218821674585342
12563,0.03793347626924515
12564,0.04235818237066269
12565,0.025871064513921738
12566,0.048914238810539246
12567,0.04456518217921257
12568,0.03802718222141266
12569,0.03157532960176468
12570,0.02157055400311947
12571,0.04257981851696968
12572,0.14543801546096802
12573,0.05470464378595352
12574,0.037206415086984634
12575,0.028428036719560623
12576,0.048825643956661224
12577,0.03225335851311684
12578,0.03225335851311684
12579,0.13836435973644257
12580,0.06381012499332428
12581,0.031430311501026154
12582,0.06862828880548477
12583,0.0509803481400013
12584,0.04426783323287964
12585,0.04672284424304962
12586,0.045469705015420914
12587,0.06932184845209122
12588,0.0599106028676033
12589,0.07670018076896667
12590,0.059234634041786194
12591,0.03974397853016853
12592,0.22859995067119598
12593,0.01587817259132862
12594,0.04163134843111038
12595,0.04157287999987602
12596,0.029470276087522507
12597,0.011733762919902802
12598,0.04721362143754959
12599,0.05098428204655647
12600,0.029585937038064003
12601,0.041628096252679825
12602,0.03802419453859329
12603,0.054391298443078995
12604,0.21122552454471588
12605,0.12460177391767502
12606,0.0880236029624939
12607,0.06887068599462509
12608,0.006293074227869511
12609,0.006264399737119675
12610,0.006277337670326233
12611,0.006277337670326233
12612,0.07194532454013824
12613,0.03569764271378517
12614,0.007871272042393684
12615,0.032175030559301376
12616,0.057130053639411926
12617,0.010734736919403076
12618,0.044158779084682465
12619,0.044158779084682465
12620,0.044158779084682465
12621,0.031337786465883255
12622,0.044158779084682465
12623,0.031337786465883255
12624,0.031337786465883255
12625,0.040839456021785736
12626,0.026146836578845978
12627,0.02211422100663185
12628,0.026029199361801147
12629,0.023058956488966942
12630,0.031337786465883255
12631,0.052360329777002335
12632,0.052360329777002335
12633,0.039319153875112534
12634,0.4207525849342346
12635,0.043600793927907944
12636,0.03996116295456886
12637,0.039745744317770004
12638,0.10361298173666
12639,0.13401420414447784
12640,0.0753500834107399
12641,0.07281269878149033
12642,0.053318969905376434
12643,0.0700950026512146
12644,0.043115824460983276
12645,0.152943417429924
12646,0.025342274457216263
12647,0.03952376917004585
12648,0.10203761607408524
12649,0.026993053033947945
12650,0.030544184148311615
12651,0.08369438350200653
12652,0.05646203085780144
12653,0.026993053033947945
12654,0.0400925949215889
12655,0.047567978501319885
12656,0.0808703675866127
12657,0.06881225854158401
12658,0.07733804732561111
12659,0.0991562157869339
12660,0.05917825177311897
12661,0.07474011182785034
12662,0.10444729030132294
12663,0.026911042630672455
12664,0.0422975979745388
12665,0.04189026728272438
12666,0.049274321645498276
12667,0.04189026728272438
12668,0.04189026728272438
12669,0.04189026728272438
12670,0.04189026728272438
12671,0.04830935224890709
12672,0.057665202766656876
12673,0.036194272339344025
12674,0.04702622815966606
12675,0.07178831100463867
12676,0.038982078433036804
12677,0.09213372319936752
12678,0.006210534833371639
12679,0.08251187205314636
12680,0.02780008129775524
12681,0.061261724680662155
12682,0.05800628289580345
12683,0.03566962480545044
12684,0.037307750433683395
12685,0.037307750433683395
12686,0.044250357896089554
12687,0.0848102793097496
12688,0.1013115718960762
12689,0.025516537949442863
12690,0.09197800606489182
12691,0.17860253155231476
12692,0.1437160223722458
12693,0.047011613845825195
12694,0.03235706686973572
12695,0.039103828370571136
12696,0.039103828370571136
12697,0.044247157871723175
12698,0.08135369420051575
12699,0.19143421947956085
12700,0.04718416556715965
12701,0.03671598061919212
12702,0.059363748878240585
12703,0.0859593078494072
12704,0.04429744929075241
12705,0.033446189016103745
12706,0.11703188717365265
12707,0.25739049911499023
12708,0.043258488178253174
12709,0.0023697013966739178
12710,0.01772652380168438
12711,0.040780406445264816
12712,0.08371312916278839
12713,0.078683041036129
12714,0.026607515290379524
12715,0.06824672222137451
12716,0.04156666621565819
12717,0.04235818237066269
12718,0.034428007900714874
12719,0.18836423754692078
12720,0.06641583889722824
12721,0.045614320784807205
12722,0.07006677240133286
12723,0.06564275920391083
12724,0.0023800928611308336
12725,0.14379537105560303
12726,0.043391164392232895
12727,0.05001361295580864
12728,0.0023800928611308336
12729,0.10634849965572357
12730,0.04163134843111038
12731,0.12220927327871323
12732,0.06490469723939896
12733,0.0023800928611308336
12734,0.05001361295580864
12735,0.00298741995356977
12736,0.0023800928611308336
12737,0.0023800928611308336
12738,0.05342786759138107
12739,0.023736629635095596
12740,0.10025814920663834
12741,0.05079128220677376
12742,0.06636808067560196
12743,0.06945208460092545
12744,0.08510208874940872
12745,0.022649426013231277
12746,0.07178076356649399
12747,0.03093908168375492
12748,0.04948945716023445
12749,0.07607705146074295
12750,0.5081656575202942
12751,0.10006953030824661
12752,0.03121054731309414
12753,0.05392855778336525
12754,0.11411581933498383
12755,0.06134223937988281
12756,0.09236501157283783
12757,0.06134223937988281
12758,0.03384506329894066
12759,0.03121054731309414
12760,0.03121054731309414
12761,0.09212689846754074
12762,0.0963737741112709
12763,0.04398617148399353
12764,0.04080784693360329
12765,0.05631617456674576
12766,0.06208251416683197
12767,0.027781104668974876
12768,0.030941525474190712
12769,0.033000435680150986
12770,0.18577736616134644
12771,0.025932349264621735
12772,0.07857491075992584
12773,0.06440046429634094
12774,0.05163900554180145
12775,0.05022129788994789
12776,0.05620371550321579
12777,0.05067136883735657
12778,0.04437768831849098
12779,0.0519307479262352
12780,0.016475876793265343
12781,0.19745370745658875
12782,0.058636702597141266
12783,0.05171497166156769
12784,0.05468166247010231
12785,0.038863010704517365
12786,0.041478950530290604
12787,0.07281269878149033
12788,0.05470271408557892
12789,0.04716150835156441
12790,0.02945862151682377
12791,0.02945862151682377
12792,0.02945862151682377
12793,0.05926188454031944
12794,0.06088045611977577
12795,0.04248693212866783
12796,0.02487984113395214
12797,0.02487984113395214
12798,0.02487984113395214
12799,0.032088737934827805
12800,0.04435630887746811
12801,0.04607171565294266
12802,0.08346345275640488
12803,0.03801227733492851
12804,0.032101549208164215
12805,0.032101549208164215
12806,0.031009960919618607
12807,0.04784912243485451
12808,0.05525347217917442
12809,0.029470276087522507
12810,0.012460662052035332
12811,0.03300101310014725
12812,0.039291467517614365
12813,0.06523824483156204
12814,0.034277111291885376
12815,0.034277111291885376
12816,0.05487692728638649
12817,0.056862518191337585
12818,0.036246564239263535
12819,0.06881747394800186
12820,0.06267533451318741
12821,0.023770691826939583
12822,0.03398952633142471
12823,0.0509803481400013
12824,0.10705821216106415
12825,0.09254030883312225
12826,0.06645023822784424
12827,0.07135958224534988
12828,0.049082014709711075
12829,0.0924718976020813
12830,0.06542757898569107
12831,0.05283132568001747
12832,0.05465902015566826
12833,0.07074154168367386
12834,0.09490301460027695
12835,0.03498133644461632
12836,0.04965612664818764
12837,0.030680494382977486
12838,0.04321039468050003
12839,0.07625049352645874
12840,0.20098653435707092
12841,0.03292177617549896
12842,0.04267547279596329
12843,0.13811485469341278
12844,0.048710860311985016
12845,0.032499782741069794
12846,0.14157751202583313
12847,0.12124665826559067
12848,0.3894055187702179
12849,0.219795361161232
12850,0.22973445057868958
12851,0.049327269196510315
12852,0.03293992206454277
12853,0.06913409382104874
12854,0.05583253502845764
12855,0.030385548248887062
12856,0.18798111379146576
12857,0.07690782099962234
12858,0.1385229229927063
12859,0.09149492532014847
12860,0.026342948898673058
12861,0.016455745324492455
12862,0.026342948898673058
12863,0.026342948898673058
12864,0.02639523334801197
12865,0.3239425718784332
12866,0.06205260008573532
12867,0.08646116405725479
12868,0.03617647662758827
12869,0.071782685816288
12870,0.10410680621862411
12871,0.09575103223323822
12872,0.07209179550409317
12873,0.0346980094909668
12874,0.09587126970291138
12875,0.056604910641908646
12876,0.06061583012342453
12877,0.023777155205607414
12878,0.04899119213223457
12879,0.050973955541849136
12880,0.0361868292093277
12881,0.031455229967832565
12882,0.0361868292093277
12883,0.0361868292093277
12884,0.0361868292093277
12885,0.08464927971363068
12886,0.18235838413238525
12887,0.4901374876499176
12888,0.04605713486671448
12889,0.11092070490121841
12890,0.037573233246803284
12891,0.2090725600719452
12892,0.08633056282997131
12893,0.0292323287576437
12894,0.03411611169576645
12895,0.008053572848439217
12896,0.03411611169576645
12897,0.0255960114300251
12898,0.04933319613337517
12899,0.028473244979977608
12900,0.07060904800891876
12901,0.1974954903125763
12902,0.03249049559235573
12903,0.06905714422464371
12904,0.08753374218940735
12905,0.08838459849357605
12906,0.0643007829785347
12907,0.12732726335525513
12908,0.05795907601714134
12909,0.08115538209676743
12910,0.07216833531856537
12911,0.05897664651274681
12912,0.0833519920706749
12913,0.03833511099219322
12914,0.04945635423064232
12915,0.03437273949384689
12916,0.06579931080341339
12917,0.05022020637989044
12918,0.08038158714771271
12919,0.10507530719041824
12920,0.09760754555463791
12921,0.06818507611751556
12922,0.028380345553159714
12923,0.08753374218940735
12924,0.08060120791196823
12925,0.09786508232355118
12926,0.07321365922689438
12927,0.03352436050772667
12928,0.04537532478570938
12929,0.045403558760881424
12930,0.04901041090488434
12931,0.029182087630033493
12932,0.055441636592149734
12933,0.06523805856704712
12934,0.03445668891072273
12935,0.022384129464626312
12936,0.03347985818982124
12937,0.029182087630033493
12938,0.03347985818982124
12939,0.03347985818982124
12940,0.029657522216439247
12941,0.05872385576367378
12942,0.21935543417930603
12943,0.07640071958303452
12944,0.06310592591762543
12945,0.04922907426953316
12946,0.09953534603118896
12947,0.2707056403160095
12948,0.04376528412103653
12949,0.7614210247993469
12950,0.11383048444986343
12951,0.02765136957168579
12952,0.06345142424106598
12953,0.07297366112470627
12954,0.1339089572429657
12955,0.024181850254535675
12956,0.03749535605311394
12957,0.03512085974216461
12958,0.023302067071199417
12959,0.07238394021987915
12960,0.03214935213327408
12961,0.056776370853185654
12962,0.02213991805911064
12963,0.019441625103354454
12964,0.06792693585157394
12965,0.039851509034633636
12966,0.019441625103354454
12967,0.07584261894226074
12968,0.08083778619766235
12969,0.03900597244501114
12970,0.052336715161800385
12971,0.02330762892961502
12972,0.10145340859889984
12973,0.05608364939689636
12974,0.08675042539834976
12975,0.06825941056013107
12976,0.06847909092903137
12977,0.02742033824324608
12978,0.02742033824324608
12979,0.02742033824324608
12980,0.032922595739364624
12981,0.04233676940202713
12982,0.0431348979473114
12983,0.04607122763991356
12984,0.025665046647191048
12985,0.04607122763991356
12986,0.04233676940202713
12987,0.04233676940202713
12988,0.04233676940202713
12989,0.049908701330423355
12990,0.056038640439510345
12991,0.060056980699300766
12992,0.03701972961425781
12993,0.09824614226818085
12994,0.05510745942592621
12995,0.031567852944135666
12996,0.08233541995286942
12997,0.042345400899648666
12998,0.3629170358181
12999,0.042345400899648666
13000,0.1462535411119461
13001,0.0854852944612503
13002,0.388557493686676
13003,0.14890190958976746
13004,0.024366730824112892
13005,0.03140590339899063
13006,0.05770619958639145
13007,0.09630308300256729
13008,0.034543588757514954
13009,0.05621085315942764
13010,0.07295120507478714
13011,0.11254743486642838
13012,0.05251147225499153
13013,0.053558483719825745
13014,0.12986598908901215
13015,0.05974174663424492
13016,0.036457259207963943
13017,0.03740910813212395
13018,0.18420830368995667
13019,0.030410079285502434
13020,0.06029922515153885
13021,0.0598473846912384
13022,0.052083391696214676
13023,0.0598473846912384
13024,0.052083391696214676
13025,0.052083391696214676
13026,0.06115363910794258
13027,0.12335424870252609
13028,0.03937659412622452
13029,0.028572022914886475
13030,0.0598473846912384
13031,0.006209446582943201
13032,0.21894168853759766
13033,0.07071147114038467
13034,0.022999880835413933
13035,0.08297005295753479
13036,0.08543998748064041
13037,0.06108570843935013
13038,0.013895229436457157
13039,0.03354617580771446
13040,0.08210296183824539
13041,0.02745119109749794
13042,0.14834551513195038
13043,0.0825326144695282
13044,0.14283707737922668
13045,0.03276107832789421
13046,0.06234974041581154
13047,0.0479552298784256
13048,0.06234974041581154
13049,0.044794172048568726
13050,0.06234974041581154
13051,0.06234974041581154
13052,0.053582385182380676
13053,0.04607529938220978
13054,0.43125197291374207
13055,0.11483240127563477
13056,0.066681407392025
13057,0.066681407392025
13058,0.066681407392025
13059,0.066681407392025
13060,0.05338199809193611
13061,0.066681407392025
13062,0.066681407392025
13063,0.08454671502113342
13064,0.12450523674488068
13065,0.03878868743777275
13066,0.06250327080488205
13067,0.12408660352230072
13068,0.12408660352230072
13069,0.07029415667057037
13070,0.0833495557308197
13071,0.17674890160560608
13072,0.10039051622152328
13073,0.07236108183860779
13074,0.06742233783006668
13075,0.025246577337384224
13076,0.04036087542772293
13077,0.025246577337384224
13078,0.3023633658885956
13079,0.09373202174901962
13080,0.025246577337384224
13081,0.06679090857505798
13082,0.04845584183931351
13083,0.046549223363399506
13084,0.07501713186502457
13085,0.1365547925233841
13086,0.1039600819349289
13087,0.038571055978536606
13088,0.08468970656394958
13089,0.0652143806219101
13090,0.05791919678449631
13091,0.0678279846906662
13092,0.0678279846906662
13093,0.05131729319691658
13094,0.05131729319691658
13095,0.06916586309671402
13096,0.027520518749952316
13097,0.11103629320859909
13098,0.05660974234342575
13099,0.037153102457523346
13100,0.049296364188194275
13101,0.05251513421535492
13102,0.054220013320446014
13103,0.01763046719133854
13104,0.01763046719133854
13105,0.068660669028759
13106,0.09689434617757797
13107,0.08472445607185364
13108,0.15312235057353973
13109,0.1020624190568924
13110,0.03852945938706398
13111,0.14831611514091492
13112,0.04908372461795807
13113,0.06546567380428314
13114,0.033018145710229874
13115,0.08486129343509674
13116,0.05072510614991188
13117,0.022525034844875336
13118,0.10888506472110748
13119,0.1287015974521637
13120,0.10001164674758911
13121,0.06199165806174278
13122,0.06618241220712662
13123,0.04579105228185654
13124,0.03705410286784172
13125,0.030946416780352592
13126,0.049820221960544586
13127,0.04279301315546036
13128,0.08113385736942291
13129,0.06753247231245041
13130,0.08115813881158829
13131,0.08115813881158829
13132,0.039959121495485306
13133,0.08845239877700806
13134,0.11534570902585983
13135,0.08243317902088165
13136,0.03071834146976471
13137,0.026575831696391106
13138,0.03105412982404232
13139,0.07256527245044708
13140,0.1508321613073349
13141,0.08642347157001495
13142,0.04599989578127861
13143,0.03302256017923355
13144,0.12543141841888428
13145,0.07705386728048325
13146,0.17553694546222687
13147,0.039959121495485306
13148,0.046642374247312546
13149,0.025575703009963036
13150,0.03447495400905609
13151,0.11702312529087067
13152,0.08209706842899323
13153,0.11343663185834885
13154,0.05742662027478218
13155,0.10626161098480225
13156,0.025554707273840904
13157,0.11806689947843552
13158,0.032797921448946
13159,0.06484968960285187
13160,0.08781816065311432
13161,0.06217102333903313
13162,0.074885793030262
13163,0.07524119317531586
13164,0.14283587038516998
13165,0.09544318169355392
13166,0.09539397060871124
13167,0.09554876387119293
13168,0.03764932602643967
13169,0.03921828418970108
13170,0.025799311697483063
13171,0.07366674393415451
13172,0.04777930676937103
13173,0.07443587481975555
13174,0.06610292941331863
13175,0.04451082646846771
13176,0.07741343230009079
13177,0.04451082646846771
13178,0.051913559436798096
13179,0.047528449445962906
13180,0.023180322721600533
13181,0.07748774439096451
13182,0.02523721568286419
13183,0.04092075675725937
13184,0.02896556444466114
13185,0.05751361325383186
13186,0.02130122482776642
13187,0.06857267767190933
13188,0.0749068483710289
13189,0.0749068483710289
13190,0.029384523630142212
13191,0.0749068483710289
13192,0.0749068483710289
13193,0.0923084020614624
13194,0.07790712267160416
13195,0.0878896564245224
13196,0.0759270191192627
13197,0.032942526042461395
13198,0.05239216610789299
13199,0.0759270191192627
13200,0.04683145880699158
13201,0.162698894739151
13202,0.06752558052539825
13203,0.11204226315021515
13204,0.07264731079339981
13205,0.14335332810878754
13206,0.04699477553367615
13207,0.0599798783659935
13208,0.30732983350753784
13209,0.0599798783659935
13210,0.0599798783659935
13211,0.0410800501704216
13212,0.062033817172050476
13213,0.0599798783659935
13214,0.13517247140407562
13215,0.04433024302124977
13216,0.030108939856290817
13217,0.07798560708761215
13218,0.039679691195487976
13219,0.07163222134113312
13220,0.12882155179977417
13221,0.03194255009293556
13222,0.03303305432200432
13223,0.07908517122268677
13224,0.039019886404275894
13225,0.11771061271429062
13226,0.09767180681228638
13227,0.098650261759758
13228,0.06729011982679367
13229,0.04440624266862869
13230,0.04989791288971901
13231,0.09835444390773773
13232,0.07791534811258316
13233,0.19140298664569855
13234,0.07151167094707489
13235,0.09732900559902191
13236,0.07374081015586853
13237,0.06902538239955902
13238,0.16153676807880402
13239,0.026778748258948326
13240,0.03787248954176903
13241,0.03761810064315796
13242,0.12038359045982361
13243,0.14880900084972382
13244,0.21891377866268158
13245,0.037911590188741684
13246,0.09434883296489716
13247,0.14542777836322784
13248,0.2163509726524353
13249,0.06920086592435837
13250,0.08613985776901245
13251,0.06902538239955902
13252,0.12588399648666382
13253,0.046526700258255005
13254,0.05680975690484047
13255,0.1547832041978836
13256,0.08666066825389862
13257,0.117999367415905
13258,0.08671877533197403
13259,0.06420693546533585
13260,0.03357778862118721
13261,0.046526700258255005
13262,0.06334613263607025
13263,0.07744699716567993
13264,0.046526700258255005
13265,0.07875075936317444
13266,0.04886193200945854
13267,0.04842532053589821
13268,0.046526700258255005
13269,0.054843802005052567
13270,0.13686667382717133
13271,0.135382741689682
13272,0.030929317697882652
13273,0.10190548747777939
13274,0.028273550793528557
13275,0.028273550793528557
13276,0.028273550793528557
13277,0.19132322072982788
13278,0.049820221960544586
13279,0.006210534833371639
13280,0.006210534833371639
13281,0.006210534833371639
13282,0.006210534833371639
13283,0.006210534833371639
13284,0.008084326051175594
13285,0.008084326051175594
13286,0.008084326051175594
13287,0.07803250849246979
13288,0.09482336044311523
13289,0.033380597829818726
13290,0.1320934146642685
13291,0.05569760873913765
13292,0.02661098539829254
13293,0.02649550884962082
13294,0.09996480494737625
13295,0.09827212989330292
13296,0.04196455702185631
13297,0.06345301121473312
13298,0.07646240293979645
13299,0.03189035877585411
13300,0.0589781254529953
13301,0.029054734855890274
13302,0.029054734855890274
13303,0.07561323046684265
13304,0.07561323046684265
13305,0.14453792572021484
13306,0.10476011782884598
13307,0.07561323046684265
13308,0.07561323046684265
13309,0.14453792572021484
13310,0.08936068415641785
13311,0.07111851125955582
13312,0.08933419734239578
13313,0.04756081849336624
13314,0.12487001717090607
13315,0.07561323046684265
13316,0.10476011782884598
13317,0.07561323046684265
13318,0.11204370111227036
13319,0.0894986093044281
13320,0.08678329735994339
13321,0.16663090884685516
13322,0.060977909713983536
13323,0.10271865874528885
13324,0.04739592596888542
13325,0.1132156029343605
13326,0.07793345302343369
13327,0.12224169075489044
13328,0.12219799309968948
13329,0.07803250849246979
13330,0.012680932879447937
13331,0.07053413987159729
13332,0.07355565577745438
13333,0.20279225707054138
13334,0.02578088641166687
13335,0.03210531547665596
13336,0.043139632791280746
13337,0.0957668125629425
13338,0.13028249144554138
13339,0.09353352338075638
13340,0.10872456431388855
13341,0.07857147604227066
13342,0.08148150146007538
13343,0.023427480831742287
13344,0.025328461080789566
13345,0.07382552325725555
13346,0.07382552325725555
13347,0.08192627876996994
13348,0.1258402168750763
13349,0.19432424008846283
13350,0.03565652295947075
13351,2.602544263936579e-4
13352,2.602544263936579e-4
13353,1.348152436548844e-4
13354,2.602544263936579e-4
13355,3.7227338179945946e-4
13356,2.602544263936579e-4
13357,0.03565652295947075
13358,0.03565652295947075
13359,0.19758325815200806
13360,0.27456995844841003
13361,0.08078738301992416
13362,0.16861799359321594
13363,0.13620010018348694
13364,0.08638422936201096
13365,0.08638422936201096
13366,0.2851881980895996
13367,0.01104385033249855
13368,0.13655875623226166
13369,0.05727536603808403
13370,0.05727536603808403
13371,0.07020371407270432
13372,0.07024096697568893
13373,0.1563221514225006
13374,0.027435194700956345
13375,0.019337333738803864
13376,0.027435194700956345
13377,0.019337333738803864
13378,0.027435194700956345
13379,0.019337333738803864
13380,0.040680818259716034
13381,0.040680818259716034
13382,0.019337333738803864
13383,0.019337333738803864
13384,0.17233528196811676
13385,0.025599608197808266
13386,0.08666820079088211
13387,0.09045463055372238
13388,0.0781673938035965
13389,0.1563221514225006
13390,0.008216925896704197
13391,0.06447839736938477
13392,0.06449315696954727
13393,0.07222186028957367
13394,0.06449315696954727
13395,0.02904815413057804
13396,0.02904815413057804
13397,0.02904815413057804
13398,0.13148823380470276
13399,0.02904815413057804
13400,0.07183873653411865
13401,0.17415936291217804
13402,0.06852734088897705
13403,0.06884846091270447
13404,0.04404997080564499
13405,0.029455874115228653
13406,0.02904815413057804
13407,0.09548124670982361
13408,0.03188246861100197
13409,0.10201885551214218
13410,0.09043874591588974
13411,0.09548124670982361
13412,0.08487014472484589
13413,0.02904815413057804
13414,0.04890214651823044
13415,0.02904815413057804
13416,0.07284528017044067
13417,0.04702500253915787
13418,0.05677946284413338
13419,0.07284528017044067
13420,0.030774187296628952
13421,0.07028982043266296
13422,0.044247157871723175
13423,0.026503924280405045
13424,0.06802117824554443
13425,0.10400446504354477
13426,0.06407471001148224
13427,0.1483609527349472
13428,0.035769034177064896
13429,0.10135693103075027
13430,0.07200364023447037
13431,0.06005134433507919
13432,0.11706392467021942
13433,0.05326863378286362
13434,0.058776307851076126
13435,0.05323132500052452
13436,0.028523053973913193
13437,0.08129790425300598
13438,0.08510288596153259
13439,0.06468776613473892
13440,0.0380898155272007
13441,0.08071226626634598
13442,0.03804666921496391
13443,0.033594079315662384
13444,0.028197919949889183
13445,0.06849417090415955
13446,0.05323132500052452
13447,0.03804666921496391
13448,0.09543943405151367
13449,0.026903338730335236
13450,0.07269037514925003
13451,0.08977535367012024
13452,0.07087019830942154
13453,0.055093489587306976
13454,0.04083038121461868
13455,0.057205673307180405
13456,0.04063250869512558
13457,0.06476236879825592
13458,0.05950010195374489
13459,0.06476236879825592
13460,0.04063250869512558
13461,0.05712861195206642
13462,0.04063250869512558
13463,0.05712861195206642
13464,0.11721876263618469
13465,0.05950010195374489
13466,0.05950010195374489
13467,0.05950010195374489
13468,0.024867240339517593
13469,0.04234997555613518
13470,0.053196538239717484
13471,0.041301995515823364
13472,0.07136426866054535
13473,0.06308183819055557
13474,0.06308183819055557
13475,0.06547228246927261
13476,0.06528892368078232
13477,0.15586096048355103
13478,0.057077448815107346
13479,0.04305142164230347
13480,0.1352142095565796
13481,0.05304773524403572
13482,0.04454028978943825
13483,0.11740255355834961
13484,0.04004300758242607
13485,0.03395209461450577
13486,0.03495659679174423
13487,0.07736552506685257
13488,0.042860351502895355
13489,0.0460503064095974
13490,0.10553611069917679
13491,0.0669848769903183
13492,0.060588326305150986
13493,0.10239902883768082
13494,0.07013992965221405
13495,0.2717215418815613
13496,0.046689245849847794
13497,0.0904119685292244
13498,0.10069464892148972
13499,0.4794744551181793
13500,0.019460264593362808
13501,0.32140982151031494
13502,0.022335175424814224
13503,0.03968590497970581
13504,0.022335175424814224
13505,0.12638312578201294
13506,0.024140669032931328
13507,0.024140669032931328
13508,0.061962760984897614
13509,0.061962760984897614
13510,0.04613977298140526
13511,0.04613977298140526
13512,0.048460952937603
13513,0.08949402719736099
13514,0.1040879562497139
13515,0.1698397397994995
13516,0.09532658755779266
13517,0.07021968066692352
13518,0.501682460308075
13519,0.13868361711502075
13520,0.13454122841358185
13521,0.030909650027751923
13522,0.14735066890716553
13523,0.07367902249097824
13524,0.10193558782339096
13525,0.06944148987531662
13526,0.043460067361593246
13527,0.04777594283223152
13528,0.08904498815536499
13529,0.13088984787464142
13530,0.3123108744621277
13531,0.036708664149045944
13532,0.08433330059051514
13533,0.07602982223033905
13534,0.05688672885298729
13535,0.3548365831375122
13536,0.029039621353149414
13537,0.030352797359228134
13538,0.06698432564735413
13539,0.030352797359228134
13540,0.028765341266989708
13541,0.028765341266989708
13542,0.030352797359228134
13543,0.07211259007453918
13544,0.06698432564735413
13545,0.04399091750383377
13546,0.07305280864238739
13547,0.08731777220964432
13548,0.08304330706596375
13549,0.08652440458536148
13550,0.025342274457216263
13551,0.023140374571084976
13552,0.059864673763513565
13553,0.008118259720504284
13554,0.008114976808428764
13555,0.06835915148258209
13556,0.08304330706596375
13557,0.02821354940533638
13558,0.06866202503442764
13559,0.04782906547188759
13560,0.06125554069876671
13561,0.21567322313785553
13562,0.04234165698289871
13563,0.05379785969853401
13564,0.04234165698289871
13565,0.08769151568412781
13566,0.065496064722538
13567,0.049308180809020996
13568,0.08007866144180298
13569,0.058440353721380234
13570,0.024312561377882957
13571,0.08480628579854965
13572,0.09365767985582352
13573,0.07425370067358017
13574,0.10999316722154617
13575,0.0836200937628746
13576,0.08052849769592285
13577,0.1284586787223816
13578,0.03753063082695007
13579,0.07363340258598328
13580,0.02716788649559021
13581,0.02571212314069271
13582,0.03825933858752251
13583,0.045040812343358994
13584,0.05537106469273567
13585,0.06896023452281952
13586,0.0846373587846756
13587,0.02843605726957321
13588,0.0326530784368515
13589,0.045516811311244965
13590,0.06485544145107269
13591,0.0699506625533104
13592,0.027159277349710464
13593,0.12748907506465912
13594,0.08997634053230286
13595,0.06591713428497314
13596,0.054867230355739594
13597,0.07363340258598328
13598,0.07806764543056488
13599,0.05927041172981262
13600,0.022361282259225845
13601,0.13636468350887299
13602,0.07990846782922745
13603,0.059484682977199554
13604,0.01594100333750248
13605,0.13457489013671875
13606,0.03277159109711647
13607,0.0574575774371624
13608,0.04953203722834587
13609,0.23931071162223816
13610,0.08526939898729324
13611,0.0682351142168045
13612,0.07362949848175049
13613,0.026982972398400307
13614,0.03542196750640869
13615,0.0547495111823082
13616,0.03542196750640869
13617,0.03542196750640869
13618,0.03238767012953758
13619,0.006096940487623215
13620,0.08422785997390747
13621,0.03542196750640869
13622,0.062195245176553726
13623,0.0784594714641571
13624,0.08107198774814606
13625,0.0782369077205658
13626,0.11908312886953354
13627,0.09194336086511612
13628,0.12410187721252441
13629,0.007769644260406494
13630,0.07095172256231308
13631,0.05920117720961571
13632,0.0699383020401001
13633,0.15331709384918213
13634,0.07052881270647049
13635,0.05290329083800316
13636,0.03553905338048935
13637,0.03553905338048935
13638,0.04838006570935249
13639,0.03553905338048935
13640,0.0361240990459919
13641,0.05077221989631653
13642,0.03606503829360008
13643,0.0699383020401001
13644,0.010213352739810944
13645,0.28413230180740356
13646,0.25900328159332275
13647,0.05078400671482086
13648,0.07311705499887466
13649,0.04200705885887146
13650,0.04200705885887146
13651,0.04773055016994476
13652,0.15774530172348022
13653,0.08806435763835907
13654,0.054067958146333694
13655,0.062001585960388184
13656,0.11819230765104294
13657,0.03541110083460808
13658,0.07343508303165436
13659,0.06385645270347595
13660,0.06939633190631866
13661,0.0636133924126625
13662,0.0644136369228363
13663,0.0636133924126625
13664,0.06385645270347595
13665,0.0636133924126625
13666,0.04186718910932541
13667,0.0636133924126625
13668,0.0636133924126625
13669,0.03184759244322777
13670,0.08891157805919647
13671,0.0644136369228363
13672,0.00868599396198988
13673,0.03481423109769821
13674,0.03481423109769821
13675,0.04333822801709175
13676,0.03481423109769821
13677,0.008891910314559937
13678,0.07779503613710403
13679,0.21725958585739136
13680,0.028262732550501823
13681,0.04098856449127197
13682,0.06668636202812195
13683,0.00935377273708582
13684,0.08869870752096176
13685,0.05405234172940254
13686,0.053828537464141846
13687,0.07174243032932281
13688,0.10667936503887177
13689,0.06653421372175217
13690,0.06653421372175217
13691,0.06855956465005875
13692,0.04218063876032829
13693,0.042183924466371536
13694,0.06653421372175217
13695,0.04745892807841301
13696,0.06653421372175217
13697,0.06653421372175217
13698,0.06653421372175217
13699,0.06653421372175217
13700,0.053421612828969955
13701,0.06668636202812195
13702,0.06653421372175217
13703,0.06653421372175217
13704,0.04745892807841301
13705,0.06653421372175217
13706,0.04053061455488205
13707,0.049800824373960495
13708,0.06653421372175217
13709,0.06653421372175217
13710,0.06653421372175217
13711,0.008531543426215649
13712,0.0566922128200531
13713,0.05692722275853157
13714,0.059030819684267044
13715,0.13093192875385284
13716,0.07104725390672684
13717,0.05670725926756859
13718,0.031337156891822815
13719,0.05692722275853157
13720,0.05692722275853157
13721,0.08271806687116623
13722,0.08271806687116623
13723,0.10690277814865112
13724,0.06535787880420685
13725,0.150172621011734
13726,0.05692722275853157
13727,0.05692722275853157
13728,0.05692722275853157
13729,0.0707579255104065
13730,0.12034740298986435
13731,0.058022260665893555
13732,0.06020022928714752
13733,0.0872865617275238
13734,0.0750093013048172
13735,0.042909517884254456
13736,0.06795288622379303
13737,0.03133220598101616
13738,0.03133220598101616
13739,0.04632556438446045
13740,0.11852052807807922
13741,0.09898336231708527
13742,0.0707579255104065
13743,0.05997306481003761
13744,0.0707579255104065
13745,0.0707579255104065
13746,0.0722983255982399
13747,0.09552420675754547
13748,0.025443831458687782
13749,0.09957255423069
13750,0.09759089350700378
13751,0.057477232068777084
13752,0.06999993324279785
13753,0.09078183770179749
13754,0.041478950530290604
13755,0.0590648427605629
13756,0.0995381623506546
13757,0.3530137538909912
13758,0.07853608578443527
13759,0.06075512617826462
13760,0.1796933263540268
13761,0.09797779470682144
13762,0.06549721956253052
13763,0.061311930418014526
13764,0.08207451552152634
13765,0.0796012207865715
13766,0.08207451552152634
13767,0.07898270338773727
13768,0.0658012181520462
13769,0.17618617415428162
13770,0.06557123363018036
13771,0.03427382558584213
13772,0.04831843823194504
13773,0.03427382558584213
13774,0.084816113114357
13775,0.0913541316986084
13776,0.13585278391838074
13777,0.07155731320381165
13778,0.04672974720597267
13779,0.15492312610149384
13780,0.08075305819511414
13781,0.04170902073383331
13782,0.051401570439338684
13783,0.08264888823032379
13784,0.30204230546951294
13785,0.10791794955730438
13786,0.17934300005435944
13787,0.2197362780570984
13788,0.04511941224336624
13789,0.14479641616344452
13790,0.03210986405611038
13791,0.04511941224336624
13792,0.04511941224336624
13793,0.05569598078727722
13794,0.04511941224336624
13795,0.047753725200891495
13796,0.13135650753974915
13797,0.024391598999500275
13798,0.04703421890735626
13799,0.0846896693110466
13800,0.06294173747301102
13801,0.07376042008399963
13802,0.04511941224336624
13803,0.03734602779150009
13804,0.13111920654773712
13805,0.024742649868130684
13806,0.05819084495306015
13807,0.0532708466053009
13808,0.040648702532052994
13809,0.0354522205889225
13810,0.1819646954536438
13811,0.10665209591388702
13812,0.07355320453643799
13813,0.024451838806271553
13814,0.02863767184317112
13815,0.04214136675000191
13816,0.20795857906341553
13817,0.02943999320268631
13818,0.05920286104083061
13819,0.12366082519292831
13820,0.09436503797769547
13821,0.0452175997197628
13822,0.09255951642990112
13823,0.10746727883815765
13824,0.05538571625947952
13825,0.06382717192173004
13826,0.06026872619986534
13827,0.05050965026021004
13828,0.06573721021413803
13829,0.08918743580579758
13830,0.05932871624827385
13831,0.06027332320809364
13832,0.05012427642941475
13833,0.055113498121500015
13834,0.05974222719669342
13835,0.14354069530963898
13836,0.008119569160044193
13837,0.0877692773938179
13838,0.04743625596165657
13839,0.03904154896736145
13840,0.03904154896736145
13841,0.03904154896736145
13842,0.06342816352844238
13843,0.11152531951665878
13844,0.04743625596165657
13845,0.12475316226482391
13846,0.04743625596165657
13847,0.0744444951415062
13848,0.042897406965494156
13849,0.06342816352844238
13850,0.04743625596165657
13851,0.06541828066110611
13852,0.06342816352844238
13853,0.06342816352844238
13854,0.06342816352844238
13855,0.06342816352844238
13856,0.06342816352844238
13857,0.0495527945458889
13858,0.5131789445877075
13859,0.06342816352844238
13860,0.07488229125738144
13861,0.06342816352844238
13862,0.06342816352844238
13863,0.06342816352844238
13864,0.04743625596165657
13865,0.06342816352844238
13866,0.06342816352844238
13867,0.2011444866657257
13868,0.034853801131248474
13869,0.04912200942635536
13870,0.09105377644300461
13871,0.10781029611825943
13872,0.03825238347053528
13873,0.09963315725326538
13874,0.041636962443590164
13875,0.04591638967394829
13876,0.06524800509214401
13877,0.07828978449106216
13878,0.09190298616886139
13879,0.04751730337738991
13880,0.07523974776268005
13881,0.05243927612900734
13882,0.04220420494675636
13883,0.030370911583304405
13884,0.04220420494675636
13885,0.06030503660440445
13886,0.02553127333521843
13887,0.2062116265296936
13888,0.05824802815914154
13889,0.06505855172872543
13890,0.08105985075235367
13891,0.09116844832897186
13892,0.11189078539609909
13893,0.17675499618053436
13894,0.10592366755008698
13895,0.04821835085749626
13896,0.14881931245326996
13897,0.029142504557967186
13898,0.029142504557967186
13899,0.023575343191623688
13900,0.191433846950531
13901,0.029142504557967186
13902,0.02916073612868786
13903,0.029142504557967186
13904,0.02913217432796955
13905,0.05898920074105263
13906,0.05270722135901451
13907,0.029176883399486542
13908,0.020759647712111473
13909,0.03509541600942612
13910,0.13014036417007446
13911,0.1033131405711174
13912,0.19820496439933777
13913,0.09914477914571762
13914,0.03509541600942612
13915,0.023482058197259903
13916,0.0516287200152874
13917,0.1169842854142189
13918,0.07562395930290222
13919,0.4654082655906677
13920,0.060907721519470215
13921,0.09017926454544067
13922,0.0526546873152256
13923,0.07877223938703537
13924,0.050476811826229095
13925,0.048337988555431366
13926,0.14317110180854797
13927,0.044250600039958954
13928,0.22233247756958008
13929,0.09655652940273285
13930,0.028343243524432182
13931,0.0650327280163765
13932,0.19220802187919617
13933,0.16642343997955322
13934,0.07425574958324432
13935,0.07066573947668076
13936,0.10845234245061874
13937,0.018739882856607437
13938,0.03623516485095024
13939,0.07445903867483139
13940,0.06116513907909393
13941,0.06974770873785019
13942,0.07555567473173141
13943,0.05118938535451889
13944,0.04693564400076866
13945,0.11107414215803146
13946,0.07666449248790741
13947,0.11723975837230682
13948,0.04374566301703453
13949,0.08058091253042221
13950,0.08955185860395432
13951,0.044136907905340195
13952,0.036819007247686386
13953,0.07645084708929062
13954,0.07720033824443817
13955,0.10318713635206223
13956,0.08464877307415009
13957,0.06723435968160629
13958,0.03375065326690674
13959,0.03375065326690674
13960,0.6642152070999146
13961,0.08214186877012253
13962,0.030977819114923477
13963,0.13742835819721222
13964,0.24844858050346375
13965,0.06544236838817596
13966,0.03113609552383423
13967,0.030919916927814484
13968,0.061356108635663986
13969,0.11343663185834885
13970,0.05264359712600708
13971,0.03197294846177101
13972,0.05437585711479187
13973,0.07887104153633118
13974,0.07887104153633118
13975,0.08736809343099594
13976,0.09059449285268784
13977,0.04441181942820549
13978,0.01432803738862276
13979,0.04236149415373802
13980,0.029324553906917572
13981,0.06436231732368469
13982,0.10096073895692825
13983,0.08632787317037582
13984,0.05268632993102074
13985,0.034938689321279526
13986,0.03766709938645363
13987,0.05876031890511513
13988,0.006209027953445911
13989,0.14624927937984467
13990,0.030469268560409546
13991,0.07742960751056671
13992,0.023429466411471367
13993,0.06113025173544884
13994,0.08403761684894562
13995,0.04666830971837044
13996,0.04436030983924866
13997,0.040623895823955536
13998,0.04760080203413963
13999,0.05524804815649986
14000,0.034021809697151184
14001,0.12078100442886353
14002,0.042598553001880646
14003,0.0388529896736145
14004,0.05023862048983574
14005,0.04765951260924339
14006,0.052950579673051834
14007,0.04264906793832779
14008,0.06256812065839767
14009,0.03635043278336525
14010,0.08589621633291245
14011,0.07024231553077698
14012,0.02951592393219471
14013,0.07405596971511841
14014,0.05300780385732651
14015,0.03406199812889099
14016,0.027430960908532143
14017,0.03798669949173927
14018,0.14246101677417755
14019,0.06338462233543396
14020,0.06338462233543396
14021,0.06338462233543396
14022,0.06338462233543396
14023,0.060302235186100006
14024,0.04740312695503235
14025,0.0019049501279368997
14026,0.04173147678375244
14027,0.06338462233543396
14028,0.06338462233543396
14029,0.06338462233543396
14030,0.04740312695503235
14031,0.06338462233543396
14032,0.06338462233543396
14033,0.04740312695503235
14034,0.04173147678375244
14035,0.06338462233543396
14036,0.06338462233543396
14037,0.06338462233543396
14038,0.3335970640182495
14039,0.04740312695503235
14040,0.04173147678375244
14041,0.042348265647888184
14042,0.05185811221599579
14043,0.05185811221599579
14044,0.04173147678375244
14045,0.04173147678375244
14046,0.012803120538592339
14047,0.04173147678375244
14048,0.04173147678375244
14049,0.04173147678375244
14050,0.04173147678375244
14051,0.052078187465667725
14052,0.04173147678375244
14053,0.0019001656910404563
14054,0.04173147678375244
14055,0.04740312695503235
14056,0.04173147678375244
14057,0.04173147678375244
14058,0.04173147678375244
14059,0.04173147678375244
14060,0.04173147678375244
14061,0.04173147678375244
14062,0.04362117126584053
14063,0.04910889267921448
14064,0.029124075546860695
14065,0.029124075546860695
14066,0.04879032447934151
14067,0.05484992638230324
14068,0.06112226843833923
14069,0.061103563755750656
14070,0.040881168097257614
14071,0.02967791073024273
14072,0.06052627041935921
14073,0.05154769495129585
14074,0.053641702979803085
14075,0.08218826353549957
14076,0.09312663972377777
14077,0.09182270616292953
14078,0.04227425903081894
14079,0.035068292170763016
14080,0.09549988061189651
14081,0.10181828588247299
14082,0.051583562046289444
14083,0.028273923322558403
14084,0.04132566228508949
14085,0.08779563009738922
14086,0.008533608168363571
14087,0.0650658905506134
14088,0.03710772469639778
14089,0.0792836993932724
14090,0.10211358219385147
14091,0.07607018202543259
14092,0.2947215139865875
14093,0.41249001026153564
14094,0.0574149489402771
14095,0.07858313620090485
14096,0.04705473408102989
14097,0.15014643967151642
14098,0.1064227893948555
14099,0.056171268224716187
14100,0.07202628254890442
14101,0.07309014350175858
14102,0.07819543778896332
14103,0.06227528303861618
14104,0.12849575281143188
14105,0.039964254945516586
14106,0.06881926953792572
14107,0.049176160246133804
14108,0.04207649827003479
14109,0.22212187945842743
14110,0.0548691488802433
14111,0.04928293079137802
14112,0.04928293079137802
14113,0.06914304196834564
14114,0.08425814658403397
14115,0.08425814658403397
14116,0.025097930803894997
14117,0.026088450103998184
14118,0.045181624591350555
14119,0.3148669898509979
14120,0.03984484821557999
14121,0.030164917930960655
14122,0.055706001818180084
14123,0.1845467984676361
14124,0.02757028117775917
14125,0.16089145839214325
14126,0.027646269649267197
14127,0.04993549734354019
14128,0.03354045748710632
14129,0.023895777761936188
14130,0.10412094742059708
14131,0.0698397159576416
14132,0.11638166755437851
14133,0.07202628254890442
14134,0.19605524837970734
14135,0.038770511746406555
14136,0.03885408490896225
14137,0.24402916431427002
14138,0.05124819651246071
14139,0.1338614970445633
14140,0.09336158633232117
14141,0.12489502131938934
14142,0.06528002768754959
14143,0.04844044893980026
14144,0.08494912087917328
14145,0.03902382031083107
14146,0.06962068378925323
14147,0.0359027199447155
14148,0.06424049288034439
14149,0.08618166297674179
14150,0.07623882591724396
14151,0.07818368822336197
14152,0.043150730431079865
14153,0.08629844337701797
14154,0.03916766494512558
14155,0.07010378688573837
14156,0.17103587090969086
14157,0.17735794186592102
14158,0.09442834556102753
14159,0.08277909457683563
14160,0.0496702566742897
14161,0.05624347925186157
14162,0.031107190996408463
14163,0.031107190996408463
14164,0.05796671286225319
14165,0.06025372073054314
14166,0.05651148781180382
14167,0.03895716741681099
14168,0.20593692362308502
14169,0.03895716741681099
14170,0.03895716741681099
14171,0.04678948223590851
14172,0.06840555369853973
14173,0.006808414589613676
14174,0.12573444843292236
14175,0.09259883314371109
14176,0.05945876985788345
14177,0.1317080408334732
14178,0.053487394005060196
14179,0.10701528191566467
14180,0.023141074925661087
14181,0.06866082549095154
14182,0.12930457293987274
14183,0.06943521648645401
14184,0.11146345734596252
14185,0.02900230698287487
14186,0.033000580966472626
14187,0.033000580966472626
14188,0.15637342631816864
14189,0.04322805255651474
14190,0.12180466204881668
14191,0.04516054317355156
14192,0.056068211793899536
14193,0.23384305834770203
14194,0.12033523619174957
14195,0.1267675757408142
14196,0.08311864733695984
14197,0.08646199852228165
14198,0.09807455539703369
14199,0.06716535240411758
14200,0.06329929083585739
14201,0.07482355087995529
14202,0.12732641398906708
14203,0.060311298817396164
14204,0.03988931328058243
14205,0.08196485787630081
14206,0.08196485787630081
14207,0.11344480514526367
14208,0.032107848674058914
14209,0.06894590705633163
14210,0.05844324082136154
14211,0.03835613280534744
14212,0.13234232366085052
14213,0.07219560444355011
14214,0.06962594389915466
14215,0.04271459951996803
14216,0.07516199350357056
14217,0.27341902256011963
14218,0.12072240561246872
14219,0.03643708676099777
14220,0.09189584106206894
14221,0.10070900619029999
14222,0.1451760083436966
14223,0.07257042080163956
14224,0.2782115936279297
14225,0.062098417431116104
14226,0.10010651499032974
14227,0.5233229994773865
14228,0.3491445481777191
14229,0.04505620896816254
14230,0.09259022027254105
14231,0.17222294211387634
14232,0.1272629350423813
14233,0.17339707911014557
14234,0.048876482993364334
14235,0.07673058658838272
14236,0.048992056399583817
14237,0.06264044344425201
14238,0.4925311803817749
14239,0.06223110109567642
14240,0.12332271039485931
14241,0.04946025460958481
14242,0.041843000799417496
14243,0.09522219002246857
14244,0.04545442759990692
14245,0.1294535994529724
14246,0.027579447254538536
14247,0.07369907945394516
14248,0.26958057284355164
14249,0.07115639746189117
14250,0.06618290394544601
14251,0.1287131905555725
14252,0.08077529072761536
14253,0.05113618075847626
14254,0.14670976996421814
14255,0.09550920873880386
14256,0.04688141867518425
14257,0.03899897634983063
14258,0.09509020298719406
14259,0.1530364453792572
14260,0.03196890279650688
14261,0.03196890279650688
14262,0.03196890279650688
14263,0.1427292376756668
14264,0.05415032431483269
14265,0.1070970669388771
14266,0.07610350102186203
14267,0.09377176314592361
14268,0.03283818066120148
14269,0.06022842973470688
14270,0.10150530934333801
14271,0.03196890279650688
14272,0.05877356603741646
14273,0.06372712552547455
14274,0.061479441821575165
14275,0.05238593369722366
14276,0.10881149768829346
14277,0.05320962518453598
14278,0.08104147762060165
14279,0.2876465618610382
14280,0.06497415900230408
14281,0.05632242560386658
14282,0.05517234280705452
14283,0.03498378396034241
14284,0.023136688396334648
14285,0.06853190064430237
14286,0.11788937449455261
14287,0.2238456755876541
14288,0.03783886879682541
14289,0.02566642500460148
14290,0.1392587274312973
14291,0.03864091634750366
14292,0.04829046502709389
14293,0.1266310214996338
14294,0.17924316227436066
14295,0.06447205692529678
14296,0.11134330183267593
14297,0.08897114545106888
14298,0.5234652161598206
14299,0.037014953792095184
14300,0.045069873332977295
14301,0.11630632728338242
14302,0.11251331865787506
14303,0.12273058295249939
14304,0.029601361602544785
14305,0.03623220697045326
14306,0.03455263748764992
14307,0.03455263748764992
14308,0.03455263748764992
14309,0.142046257853508
14310,0.08870045840740204
14311,0.16940447688102722
14312,0.11499278992414474
14313,0.02898329868912697
14314,0.10797379910945892
14315,0.02872835472226143
14316,0.07660405337810516
14317,0.10106828063726425
14318,0.0430104024708271
14319,0.10841270536184311
14320,0.1552245318889618
14321,0.04389112815260887
14322,0.07186239212751389
14323,0.12724490463733673
14324,0.029458949342370033
14325,0.0933307334780693
14326,0.028641920536756516
14327,0.04994288459420204
14328,0.1638251096010208
14329,0.06465999037027359
14330,0.08199550211429596
14331,0.057635094970464706
14332,0.06985850632190704
14333,0.22470933198928833
14334,0.034761860966682434
14335,0.1369403451681137
14336,0.031120285391807556
14337,0.21224366128444672
14338,0.27338188886642456
14339,0.03054487518966198
14340,0.43460920453071594
14341,0.03902335464954376
14342,0.034761860966682434
14343,0.05422191321849823
14344,0.130498006939888
14345,0.054562266916036606
14346,0.0689394474029541
14347,0.035711515694856644
14348,0.0850072056055069
14349,0.032092660665512085
14350,0.032092660665512085
14351,0.07617297023534775
14352,0.05585952475667
14353,0.13882377743721008
14354,0.03382004797458649
14355,0.042183924466371536
14356,0.14820392429828644
14357,0.14820392429828644
14358,0.0850769430398941
14359,0.2523301839828491
14360,0.043440718203783035
14361,0.06633715331554413
14362,0.2173275351524353
14363,0.06253037601709366
14364,0.08735904842615128
14365,0.12230487912893295
14366,0.06576485186815262
14367,0.04534514620900154
14368,0.028940359130501747
14369,0.05194335803389549
14370,0.062388766556978226
14371,0.08824051916599274
14372,0.2316747009754181
14373,0.05026400834321976
14374,0.027098804712295532
14375,0.029174935072660446
14376,0.04555760324001312
14377,0.07607965171337128
14378,0.1048654243350029
14379,0.06251280754804611
14380,0.07707720249891281
14381,0.0750817358493805
14382,0.05211949348449707
14383,0.05121106654405594
14384,0.03409343957901001
14385,0.0370795875787735
14386,0.031325194984674454
14387,0.04861472547054291
14388,0.027426928281784058
14389,0.03409343957901001
14390,0.027390006929636
14391,0.11521792411804199
14392,0.08074845373630524
14393,0.021956946700811386
14394,0.10372281819581985
14395,0.03278018534183502
14396,0.11388272792100906
14397,0.02719133347272873
14398,0.09495345503091812
14399,0.07554031163454056
14400,0.05990993231534958
14401,0.037768587470054626
14402,0.037768587470054626
14403,0.22738760709762573
14404,0.03484351187944412
14405,0.027334174141287804
14406,0.24618731439113617
14407,0.04174262657761574
14408,0.08372946828603745
14409,0.34944066405296326
14410,0.13288432359695435
14411,0.07164304703474045
14412,0.10145135223865509
14413,0.22615382075309753
14414,0.05965999886393547
14415,0.09876354038715363
14416,0.06779937446117401
14417,0.11917559057474136
14418,0.07115244120359421
14419,0.1627655327320099
14420,0.19680558145046234
14421,0.0638500452041626
14422,0.1825905293226242
14423,0.05445998162031174
14424,0.07356856763362885
14425,0.060576021671295166
14426,0.061025653034448624
14427,0.09909028559923172
14428,0.04993176832795143
14429,0.24332387745380402
14430,0.041463010013103485
14431,0.11147397011518478
14432,0.04347645118832588
14433,0.07298444956541061
14434,0.06382931023836136
14435,0.061030313372612
14436,0.04296945035457611
14437,0.12593063712120056
14438,0.1791355460882187
14439,0.02970854751765728
14440,0.09929415583610535
14441,0.05457460880279541
14442,0.04275314509868622
14443,0.03252498060464859
14444,0.039014656096696854
14445,0.07218557596206665
14446,0.029661620035767555
14447,0.21957363188266754
14448,0.03193700686097145
14449,0.07878809422254562
14450,0.11012081056833267
14451,0.07878809422254562
14452,0.47609785199165344
14453,0.1640101820230484
14454,0.048223111778497696
14455,0.158328577876091
14456,0.11903132498264313
14457,0.11140810698270798
14458,0.13641448318958282
14459,0.07615340501070023
14460,0.10659763216972351
14461,0.045430585741996765
14462,0.19767312705516815
14463,0.03269338607788086
14464,0.04061051458120346
14465,0.02856360748410225
14466,0.053009696304798126
14467,0.08155341446399689
14468,0.1350785195827484
14469,0.03549747169017792
14470,0.2514672577381134
14471,0.04470182955265045
14472,0.02320677973330021
14473,0.37694084644317627
14474,0.2683623731136322
14475,0.060511600226163864
14476,0.0421890951693058
14477,0.02451346628367901
14478,0.047329097986221313
14479,0.11953278630971909
14480,0.038212526589632034
14481,0.06989561021327972
14482,0.04060741886496544
14483,0.030554531142115593
14484,0.09920541942119598
14485,0.04626484587788582
14486,0.04654429107904434
14487,0.04654429107904434
14488,0.04654429107904434
14489,0.025166122242808342
14490,0.02522214874625206
14491,0.12194357812404633
14492,0.17574654519557953
14493,0.060474857687950134
14494,0.03156489133834839
14495,0.057409707456827164
14496,0.07631119340658188
14497,0.06778571009635925
14498,0.04143647849559784
14499,0.04441840201616287
14500,0.12653420865535736
14501,0.050491876900196075
14502,0.1571066975593567
14503,0.06355691701173782
14504,0.06334219127893448
14505,0.0385461300611496
14506,0.06631145626306534
14507,0.057669732719659805
14508,0.09081065654754639
14509,0.06026872619986534
14510,0.025044631212949753
14511,0.06083061546087265
14512,0.2745454013347626
14513,0.04731440916657448
14514,0.08704215288162231
14515,0.04731440916657448
14516,0.04290716350078583
14517,0.24702146649360657
14518,0.05089162290096283
14519,0.08566254377365112
14520,0.11271268129348755
14521,0.09870409220457077
14522,0.07249707728624344
14523,0.09103076905012131
14524,0.09103076905012131
14525,0.15987029671669006
14526,0.28387999534606934
14527,0.06334219127893448
14528,0.07622868567705154
14529,0.05732857063412666
14530,0.06480730324983597
14531,0.04927433654665947
14532,0.07074414193630219
14533,0.025235207751393318
14534,0.43432357907295227
14535,0.044763702899217606
14536,0.09573665261268616
14537,0.4280066192150116
14538,0.02611413411796093
14539,0.030344534665346146
14540,0.031102275475859642
14541,0.14326123893260956
14542,0.1739942580461502
14543,0.14219126105308533
14544,0.10451290756464005
14545,0.0727449283003807
14546,0.04771368205547333
14547,0.054767150431871414
14548,0.04928537830710411
14549,0.10037100315093994
14550,0.052719686180353165
14551,0.09527833759784698
14552,0.04507385194301605
14553,0.04507385194301605
14554,0.04507385194301605
14555,0.04833567515015602
14556,0.04507385194301605
14557,0.04507385194301605
14558,0.04507385194301605
14559,0.04507385194301605
14560,0.04730390012264252
14561,0.05183172971010208
14562,0.03887283429503441
14563,0.19571034610271454
14564,0.04507385194301605
14565,0.04507385194301605
14566,0.04507385194301605
14567,0.04507385194301605
14568,0.04507385194301605
14569,0.024704132229089737
14570,0.04507385194301605
14571,0.03887283429503441
14572,0.03887283429503441
14573,0.04507385194301605
14574,0.04507385194301605
14575,0.04507385194301605
14576,0.08585081249475479
14577,0.04507385194301605
14578,0.04507385194301605
14579,0.3871840834617615
14580,0.04507385194301605
14581,0.04507385194301605
14582,0.04730390012264252
14583,0.04834076762199402
14584,4.994077025912702e-4
14585,4.994077025912702e-4
14586,3.6652316339313984e-4
14587,4.994077025912702e-4
14588,4.994077025912702e-4
14589,4.994077025912702e-4
14590,4.994077025912702e-4
14591,4.994077025912702e-4
14592,4.994077025912702e-4
14593,4.994077025912702e-4
14594,0.16352185606956482
14595,0.11587299406528473
14596,0.14039041101932526
14597,0.06649851053953171
14598,0.019945861771702766
14599,0.033303938806056976
14600,0.021908583119511604
14601,0.063738152384758
14602,0.13143573701381683
14603,0.03541789948940277
14604,0.053013768047094345
14605,0.035246044397354126
14606,0.12161461263895035
14607,0.04078317806124687
14608,0.059566039592027664
14609,0.06012241169810295
14610,0.0481770783662796
14611,0.15882264077663422
14612,0.04078317806124687
14613,0.04078317806124687
14614,0.09803297370672226
14615,0.026211155578494072
14616,0.10332069545984268
14617,0.09493095427751541
14618,0.07210711389780045
14619,0.06295134872198105
14620,0.02344037964940071
14621,0.086978979408741
14622,0.07966922968626022
14623,0.07668215036392212
14624,0.08074241876602173
14625,0.027348797768354416
14626,0.04057365283370018
14627,0.08359364420175552
14628,0.10567068308591843
14629,0.08393286913633347
14630,0.1573803871870041
14631,0.07019909471273422
14632,0.11443475633859634
14633,0.03687414899468422
14634,0.260989785194397
14635,0.12082729488611221
14636,0.2625940442085266
14637,0.05006073787808418
14638,0.1388254016637802
14639,0.032549913972616196
14640,0.15784935653209686
14641,0.10364245623350143
14642,0.11108823120594025
14643,0.14092445373535156
14644,0.028811778873205185
14645,0.035994239151477814
14646,0.07571949809789658
14647,0.06640883535146713
14648,0.013230214826762676
14649,0.1591757833957672
14650,0.023216834291815758
14651,0.8578330874443054
14652,0.03555213660001755
14653,0.09495603293180466
14654,0.1059691533446312
14655,0.3409973680973053
14656,0.07588347047567368
14657,0.07575222849845886
14658,0.04304518550634384
14659,0.050699278712272644
14660,0.05656380206346512
14661,0.060970526188611984
14662,0.09955812245607376
14663,0.042232122272253036
14664,0.028971834108233452
14665,0.16057710349559784
14666,0.059778597205877304
14667,0.22787263989448547
14668,0.06728058308362961
14669,0.06388285756111145
14670,0.1494145393371582
14671,0.04535611718893051
14672,0.0614645853638649
14673,0.08587250113487244
14674,0.04535611718893051
14675,0.08940616250038147
14676,0.045349057763814926
14677,0.022901274263858795
14678,0.01837223395705223
14679,0.022119950503110886
14680,0.045233387500047684
14681,0.0847449079155922
14682,0.045560553669929504
14683,0.18325217068195343
14684,0.08497773855924606
14685,0.029361587017774582
14686,0.04861218109726906
14687,0.029361587017774582
14688,0.04028274118900299
14689,0.0466262623667717
14690,0.03888215124607086
14691,0.042105838656425476
14692,0.03903478384017944
14693,0.05949729308485985
14694,0.045156050473451614
14695,0.09590514004230499
14696,0.023045023903250694
14697,0.02220115065574646
14698,0.08230112493038177
14699,0.033669933676719666
14700,0.04762745648622513
14701,0.029470276087522507
14702,0.061932723969221115
14703,0.12093434482812881
14704,0.09872330725193024
14705,0.22843314707279205
14706,0.1487792283296585
14707,0.31676018238067627
14708,0.0790565237402916
14709,0.05614545941352844
14710,0.059490326792001724
14711,0.04856540262699127
14712,0.1534307450056076
14713,0.10906457155942917
14714,0.25651949644088745
14715,0.03139794245362282
14716,0.02540355734527111
14717,0.03148767352104187
14718,0.02540355734527111
14719,0.21578684449195862
14720,0.05006309971213341
14721,0.0904732346534729
14722,0.03567785769701004
14723,0.027043016627430916
14724,0.06626152992248535
14725,0.06626152992248535
14726,0.04862651228904724
14727,0.04862651228904724
14728,0.04862651228904724
14729,0.06626152992248535
14730,0.04862651228904724
14731,0.06626152992248535
14732,0.06626152992248535
14733,0.06626152992248535
14734,0.04959306865930557
14735,0.09916491061449051
14736,0.04959306865930557
14737,0.06626152992248535
14738,0.06626152992248535
14739,0.06809096038341522
14740,0.04959306865930557
14741,0.04959306865930557
14742,0.06626152992248535
14743,0.06626152992248535
14744,0.028850898146629333
14745,0.09219575673341751
14746,0.12610608339309692
14747,0.06626152992248535
14748,0.028313590213656425
14749,0.05276169627904892
14750,0.055542029440402985
14751,0.053201813250780106
14752,0.05298132821917534
14753,0.07279181480407715
14754,0.07925863564014435
14755,0.040259648114442825
14756,0.06722913682460785
14757,0.07427902519702911
14758,0.14579002559185028
14759,0.03536473214626312
14760,0.05405962094664574
14761,0.07443500310182571
14762,0.02573569118976593
14763,0.018437916412949562
14764,0.05883578211069107
14765,0.06065860018134117
14766,0.03384402021765709
14767,0.10263326019048691
14768,0.09444796293973923
14769,0.05808809772133827
14770,0.04160691797733307
14771,0.036948807537555695
14772,0.036948807537555695
14773,0.04115244373679161
14774,0.08634156733751297
14775,0.07626811414957047
14776,0.03569749370217323
14777,0.03600350022315979
14778,0.03584595397114754
14779,0.06336215138435364
14780,0.028562864288687706
14781,0.10000187903642654
14782,0.040713123977184296
14783,0.02304314449429512
14784,0.04603981599211693
14785,0.09496665745973587
14786,0.060486551374197006
14787,0.10009539127349854
14788,0.18427740037441254
14789,0.05071131885051727
14790,0.042260244488716125
14791,0.02992013841867447
14792,0.054590966552495956
14793,0.033345915377140045
14794,0.03314996138215065
14795,0.01648358255624771
14796,0.023405911400914192
14797,0.023405911400914192
14798,0.023405911400914192
14799,0.023405911400914192
14800,0.03975225239992142
14801,0.3959698975086212
14802,0.02892737090587616
14803,0.04747564718127251
14804,0.06546708941459656
14805,0.05918969586491585
14806,0.04068252816796303
14807,0.03384711965918541
14808,0.028506146743893623
14809,0.07493311166763306
14810,0.053588103502988815
14811,0.1293397694826126
14812,0.1900789737701416
14813,0.06851626187562943
14814,0.057637911289930344
14815,0.06851626187562943
14816,0.04862774908542633
14817,0.1054207980632782
14818,0.08180995285511017
14819,0.09341324120759964
14820,0.03708486631512642
14821,0.06703509390354156
14822,0.1733388751745224
14823,0.29834991693496704
14824,0.07821333408355713
14825,0.13093192875385284
14826,0.1274925172328949
14827,0.08981939405202866
14828,0.08238587528467178
14829,0.06194940209388733
14830,0.09625545144081116
14831,0.054682884365320206
14832,0.04899947717785835
14833,0.054682884365320206
14834,0.04257604107260704
14835,0.06296500563621521
14836,0.07042858749628067
14837,0.15048310160636902
14838,0.0956013947725296
14839,0.06746403872966766
14840,0.22531215846538544
14841,0.03607035055756569
14842,0.09624641388654709
14843,0.13193325698375702
14844,0.05446431785821915
14845,0.0652584508061409
14846,0.06425677239894867
14847,0.35456886887550354
14848,0.04199867323040962
14849,0.38643375039100647
14850,0.10088097304105759
14851,0.11196264624595642
14852,0.149811789393425
14853,0.06985963881015778
14854,0.09525728225708008
14855,0.05870060250163078
14856,0.06698468327522278
14857,0.06621774286031723
14858,0.0919555053114891
14859,0.07536260038614273
14860,0.14571619033813477
14861,0.16923588514328003
14862,0.06304675340652466
14863,0.3491445481777191
14864,0.046941425651311874
14865,0.13529272377490997
14866,0.11352060735225677
14867,0.063510462641716
14868,0.063510462641716
14869,0.03785185515880585
14870,0.09407277405261993
14871,0.04085283353924751
14872,0.08275236189365387
14873,0.036098774522542953
14874,0.024602271616458893
14875,0.05899198353290558
14876,0.05899198353290558
14877,0.272868812084198
14878,0.036098774522542953
14879,0.04715237393975258
14880,0.029779886826872826
14881,0.10021401941776276
14882,0.029006892815232277
14883,0.052859216928482056
14884,0.07967808097600937
14885,0.057951733469963074
14886,0.055193252861499786
14887,0.05085575208067894
14888,0.27283644676208496
14889,0.08248378336429596
14890,0.03457134589552879
14891,0.023106113076210022
14892,0.05424254760146141
14893,0.036098774522542953
14894,0.054864224046468735
14895,0.0754779726266861
14896,0.026449328288435936
14897,0.03264745697379112
14898,0.034193698316812515
14899,0.024493355304002762
14900,0.05527403578162193
14901,0.10010126978158951
14902,0.10130760073661804
14903,0.1462593972682953
14904,0.09937948733568192
14905,0.08906734734773636
14906,0.03461182489991188
14907,0.25547608733177185
14908,0.037271734327077866
14909,0.03360607847571373
14910,0.050072360783815384
14911,0.27361297607421875
14912,0.13627754151821136
14913,0.07150133699178696
14914,0.07307549566030502
14915,0.2837934195995331
14916,0.10860373079776764
14917,0.07977467775344849
14918,0.06964181363582611
14919,0.30168014764785767
14920,0.13885800540447235
14921,0.0289227906614542
14922,0.050131987780332565
14923,0.09835587441921234
14924,0.09414249658584595
14925,0.057770587503910065
14926,0.14990410208702087
14927,0.030912084504961967
14928,0.5256328582763672
14929,0.0804850310087204
14930,0.028457017615437508
14931,0.1432071477174759
14932,0.40442022681236267
14933,0.17682456970214844
14934,0.12206722050905228
14935,0.21649321913719177
14936,0.054234717041254044
14937,0.175126850605011
14938,0.051423583179712296
14939,0.051423583179712296
14940,0.1724623292684555
14941,0.1656312793493271
14942,0.11693274229764938
14943,0.07976654171943665
14944,0.08274893462657928
14945,0.16005119681358337
14946,0.008860979229211807
14947,0.06362514942884445
14948,0.03136850893497467
14949,0.14865289628505707
14950,0.02313525602221489
14951,0.07798958569765091
14952,0.05636188015341759
14953,0.03724375367164612
14954,0.08692526817321777
14955,0.02313525602221489
14956,0.02313525602221489
14957,0.142030730843544
14958,0.11638245731592178
14959,0.02313525602221489
14960,0.02313525602221489
14961,0.0777713805437088
14962,0.0777713805437088
14963,0.04739833250641823
14964,0.14264225959777832
14965,0.06747160106897354
14966,4.507476114667952e-5
14967,5.661032264470123e-5
14968,7.430659752571955e-5
14969,5.661032264470123e-5
14970,4.507476114667952e-5
14971,0.11589381843805313
14972,0.05257183313369751
14973,0.08833105117082596
14974,0.19501431286334991
14975,0.043582238256931305
14976,0.050746142864227295
14977,0.10629308968782425
14978,0.035166990011930466
14979,0.02699294127523899
14980,0.11438118666410446
14981,0.029272353276610374
14982,0.02648485079407692
14983,0.07921305298805237
14984,0.053822629153728485
14985,0.056229788810014725
14986,0.10449600964784622
14987,0.07912449538707733
14988,0.0614982470870018
14989,0.31009405851364136
14990,0.051664602011442184
14991,0.07279164344072342
14992,0.07262018322944641
14993,0.095879927277565
14994,0.07421960681676865
14995,0.2268044650554657
14996,0.08354850113391876
14997,0.24718719720840454
14998,0.05633797496557236
14999,0.056229788810014725
15000,0.08223963528871536
15001,0.031151017174124718
15002,0.12270457297563553
15003,0.10225575417280197
15004,0.057202134281396866
15005,0.17308636009693146
15006,0.06381446868181229
15007,0.08290770649909973
15008,0.0779985561966896
15009,0.030992722138762474
15010,0.09590538591146469
15011,0.06832724809646606
15012,0.10239698737859726
15013,0.07307353615760803
15014,0.044532373547554016
15015,0.07469010353088379
15016,0.10050899535417557
15017,0.050671085715293884
15018,0.22822844982147217
15019,0.08853381872177124
15020,0.2425030767917633
15021,0.16392318904399872
15022,0.275552362203598
15023,0.37226998805999756
15024,0.18355438113212585
15025,0.06727775931358337
15026,0.041090626269578934
15027,0.06727775931358337
15028,0.04025699570775032
15029,0.31097421050071716
15030,0.024680590257048607
15031,0.14853039383888245
15032,0.06727775931358337
15033,0.17615488171577454
15034,0.09288959205150604
15035,0.2592741549015045
15036,0.021756496280431747
15037,0.25402453541755676
15038,0.01261497288942337
15039,0.06671645492315292
15040,0.12219014763832092
15041,0.028889654204249382
15042,0.31736278533935547
15043,0.086704254150390625
15044,0.006237158551812172
15045,0.09944514185190201
15046,0.2225566953420639
15047,0.2509230077266693
15048,0.054603591561317444
15049,0.17984232306480408
15050,0.04778115078806877
15051,0.04877282306551933
15052,0.08695194870233536
15053,0.07977735251188278
15054,0.10749610513448715
15055,0.10596702992916107
15056,0.10475549846887589
15057,0.16184799373149872
15058,0.09173563867807388
15059,0.07615537196397781
15060,0.09502900391817093
15061,0.2467493712902069
15062,0.16829535365104675
15063,0.08082111924886703
15064,0.39904141426086426
15065,0.0706915631890297
15066,0.06744997203350067
15067,0.05324646458029747
15068,0.10324495285749435
15069,0.16965079307556152
15070,0.08632396161556244
15071,0.06846296042203903
15072,0.09777292609214783
15073,0.02497694455087185
15074,0.21420972049236298
15075,0.08431551605463028
15076,0.05284421890974045
15077,0.2068169116973877
15078,0.18939076364040375
15079,0.023281456902623177
15080,0.12918591499328613
15081,0.0727141872048378
15082,0.09600799530744553
15083,0.032092660665512085
15084,0.20329396426677704
15085,0.020367030054330826
15086,0.13892970979213715
15087,0.05049857124686241
15088,0.05991600453853607
15089,0.1178872287273407
15090,0.052383314818143845
15091,0.13719892501831055
15092,0.17641988396644592
15093,0.06640351563692093
15094,0.030942346900701523
15095,0.11382628977298737
15096,0.2530892789363861
15097,0.12695331871509552
15098,0.15474985539913177
15099,0.09788420796394348
15100,0.06897789984941483
15101,0.15397007763385773
15102,0.03710517659783363
15103,0.03877545893192291
15104,0.0369516983628273
15105,0.10736126452684402
15106,0.44650712609291077
15107,0.0810590609908104
15108,0.1217215359210968
15109,0.11217232048511505
15110,0.3618869185447693
15111,0.08965323120355606
15112,0.19179952144622803
15113,0.07282067835330963
15114,0.07137273997068405
15115,0.06336433440446854
15116,0.1275908499956131
15117,0.0974675714969635
15118,0.08150514960289001
15119,0.46554866433143616
15120,0.0287452582269907
15121,0.23593954741954803
15122,0.10082034021615982
15123,0.10594309121370316
15124,0.05041281133890152
15125,0.06311915069818497
15126,0.06311915069818497
15127,0.06311915069818497
15128,0.06311915069818497
15129,0.05074571818113327
15130,0.06311915069818497
15131,0.06311915069818497
15132,0.12072938680648804
15133,0.044212616980075836
15134,0.06311915069818497
15135,0.06311915069818497
15136,0.05999412015080452
15137,0.06311915069818497
15138,0.06311915069818497
15139,0.06311915069818497
15140,0.06311915069818497
15141,0.06311915069818497
15142,0.08920947462320328
15143,0.06815923750400543
15144,0.08237060904502869
15145,0.5003724694252014
15146,0.053334202617406845
15147,0.18791575729846954
15148,0.10453919321298599
15149,0.10453919321298599
15150,0.10453919321298599
15151,0.09528535604476929
15152,0.13842056691646576
15153,0.36122703552246094
15154,0.07974422723054886
15155,0.12447565793991089
15156,0.04876198247075081
15157,0.024859348312020302
15158,0.06857267767190933
15159,0.054330773651599884
15160,0.07572061568498611
15161,0.09494905918836594
15162,0.12251394242048264
15163,0.04020441323518753
15164,0.060867127031087875
15165,0.07808592170476913
15166,0.21759061515331268
15167,0.05400681495666504
15168,0.337172269821167
15169,0.09544415026903152
15170,0.04752252623438835
15171,0.04752252623438835
15172,0.03491710126399994
15173,0.17986638844013214
15174,0.03443868085741997
15175,0.04683391749858856
15176,0.06875154376029968
15177,0.15978215634822845
15178,0.08076047152280807
15179,0.11296644061803818
15180,0.024574914947152138
15181,0.045222941786050797
15182,0.03202719986438751
15183,0.0838581770658493
15184,0.14976093173027039
15185,0.050688426941633224
15186,0.1170555129647255
15187,0.6450846195220947
15188,0.17649511992931366
15189,0.1634485125541687
15190,0.040739756077528
15191,0.0844697579741478
15192,0.512556254863739
15193,0.1646036058664322
15194,0.04308599978685379
15195,0.11369112879037857
15196,0.1346765011548996
15197,0.06984211504459381
15198,0.17388586699962616
15199,0.0767747238278389
15200,0.10594987124204636
15201,0.05408462882041931
15202,0.17681771516799927
15203,0.07811939716339111
15204,0.05823570489883423
15205,0.06168218329548836
15206,0.05517620965838432
15207,0.07655283063650131
15208,0.04985518380999565
15209,0.08636251837015152
15210,0.07972031086683273
15211,0.024360038340091705
15212,0.0749678909778595
15213,0.05790388956665993
15214,0.05790388956665993
15215,0.03750402852892876
15216,0.037776265293359756
15217,0.05791722238063812
15218,0.2748683989048004
15219,0.09694535285234451
15220,0.03837668150663376
15221,0.09526431560516357
15222,0.10062968730926514
15223,0.07667700201272964
15224,0.3012131452560425
15225,0.1233019158244133
15226,0.08382685482501984
15227,0.09482116997241974
15228,0.047545380890369415
15229,0.08621661365032196
15230,0.07918690145015717
15231,0.1076153814792633
15232,0.24102510511875153
15233,0.09482116997241974
15234,0.09482116997241974
15235,0.07080405950546265
15236,0.24374046921730042
15237,0.09922537207603455
15238,0.04712381213903427
15239,0.08007225394248962
15240,0.05628465488553047
15241,0.06266065686941147
15242,0.06879660487174988
15243,0.05252375081181526
15244,0.050833772867918015
15245,0.42157503962516785
15246,0.12689915299415588
15247,0.07304071635007858
15248,0.06301821768283844
15249,0.12315232306718826
15250,0.23494890332221985
15251,0.14840583503246307
15252,0.030552340671420097
15253,0.008116289973258972
15254,0.28242403268814087
15255,0.1590297669172287
15256,0.05177444964647293
15257,0.07444147765636444
15258,0.15722718834877014
15259,0.11721014231443405
15260,0.029480988159775734
15261,0.06974810361862183
15262,0.044780757278203964
15263,0.03600350022315979
15264,0.03725343197584152
15265,0.035997845232486725
15266,0.03299842029809952
15267,0.09877500683069229
15268,0.04818601533770561
15269,0.06645604968070984
15270,0.041718561202287674
15271,0.1408744752407074
15272,0.12257853150367737
15273,0.13633589446544647
15274,0.02327374368906021
15275,0.04617496207356453
15276,0.27121701836586
15277,0.19260452687740326
15278,0.049778953194618225
15279,0.36509811878204346
15280,0.3596886694431305
15281,0.029153725132346153
15282,0.03077651374042034
15283,0.07573621720075607
15284,0.008860979229211807
15285,0.1391119807958603
15286,0.058566804975271225
15287,0.13794292509555817
15288,0.031058110296726227
15289,0.10077110677957535
15290,0.054215021431446075
15291,0.09010528028011322
15292,0.04867249354720116
15293,0.04180005192756653
15294,0.09527833759784698
15295,0.03917444869875908
15296,0.22923682630062103
15297,0.08670074492692947
15298,0.07199274748563766
15299,0.07739163190126419
15300,0.16325275599956512
15301,0.08238860964775085
15302,0.044554904103279114
15303,0.023503802716732025
15304,0.05840495973825455
15305,0.035485588014125824
15306,0.035485588014125824
15307,0.03225984796881676
15308,0.005285135470330715
15309,0.035485588014125824
15310,0.043341126292943954
15311,0.035485588014125824
15312,0.035485588014125824
15313,0.010147543624043465
15314,0.035485588014125824
15315,0.13837973773479462
15316,0.035485588014125824
15317,0.12724657356739044
15318,0.035485588014125824
15319,0.15296193957328796
15320,0.07279164344072342
15321,0.03921099007129669
15322,0.03182248771190643
15323,0.045043978840112686
15324,0.07973392307758331
15325,0.057629700750112534
15326,0.04398617148399353
15327,0.08938558399677277
15328,0.06790249049663544
15329,0.30115050077438354
15330,0.04516756534576416
15331,0.023010684177279472
15332,0.08460988104343414
15333,0.17450778186321259
15334,0.08495017141103745
15335,0.0859624594449997
15336,0.09843577444553375
15337,0.0359598807990551
15338,0.05201255530118942
15339,0.06882078945636749
15340,0.10002657026052475
15341,0.09676828235387802
15342,0.03658786788582802
15343,0.0801711454987526
15344,0.09969016909599304
15345,0.032969880849123
15346,0.04426293075084686
15347,0.031077206134796143
15348,0.05158987268805504
15349,0.06378335505723953
15350,0.05888305976986885
15351,0.1811276078224182
15352,0.0304217878729105
15353,0.0407591313123703
15354,0.09546152502298355
15355,0.27357545495033264
15356,0.16226822137832642
15357,0.05562882125377655
15358,0.07828201353549957
15359,0.1492319405078888
15360,0.03705639764666557
15361,0.09061083197593689
15362,0.03374960646033287
15363,0.1270410418510437
15364,0.050874099135398865
15365,0.026122940704226494
15366,0.021042147651314735
15367,0.04086332768201828
15368,0.03568907827138901
15369,0.04087291657924652
15370,0.0372621975839138
15371,0.02771955542266369
15372,0.06382729113101959
15373,0.030728446319699287
15374,0.02746615558862686
15375,0.02902148850262165
15376,0.03176983818411827
15377,0.17557503283023834
15378,0.08403928577899933
15379,0.026348473504185677
15380,0.03291912376880646
15381,0.04260909557342529
15382,0.04911477491259575
15383,0.045110154896974564
15384,0.02575496956706047
15385,0.026112060993909836
15386,0.026107925921678543
15387,0.026194719597697258
15388,0.03887832537293434
15389,0.046345971524715424
15390,0.03709353879094124
15391,0.030583489686250687
15392,0.16616076231002808
15393,0.096854567527771
15394,0.03710517659783363
15395,0.044989731162786484
15396,0.03584877401590347
15397,0.031726956367492676
15398,0.031726956367492676
15399,0.04651772975921631
15400,0.05169620364904404
15401,0.17997577786445618
15402,0.07144089788198471
15403,0.028349382802844048
15404,0.06783131510019302
15405,0.09262768179178238
15406,0.05772477760910988
15407,0.07275485247373581
15408,0.09517648816108704
15409,0.024362383410334587
15410,0.06929896026849747
15411,0.04810408502817154
15412,0.17584168910980225
15413,0.16507846117019653
15414,0.4393487274646759
15415,0.46713513135910034
15416,0.0617048554122448
15417,0.14027602970600128
15418,0.042481567710638046
15419,0.038365066051483154
15420,0.15492209792137146
15421,0.057371873408555984
15422,0.05940445140004158
15423,0.10852009803056717
15424,0.06243227422237396
15425,0.07904902845621109
15426,0.04508986696600914
15427,0.059282220900058746
15428,0.04896877706050873
15429,0.03143772855401039
15430,0.085688017308712
15431,0.08289433270692825
15432,0.08755117654800415
15433,0.16431806981563568
15434,0.06098383292555809
15435,0.05984443426132202
15436,0.0775197222828865
15437,0.033977944403886795
15438,0.04779545217752457
15439,0.19114959239959717
15440,0.10856737196445465
15441,0.06452463567256927
15442,0.04669088125228882
15443,0.08313111960887909
15444,0.04101262241601944
15445,0.09809326380491257
15446,0.08323677629232407
15447,0.03129011392593384
15448,0.042465221136808395
15449,0.0690918043255806
15450,0.04524631425738335
15451,0.028981300070881844
15452,0.10989509522914886
15453,0.06935013830661774
15454,0.09680194407701492
15455,0.11346917599439621
15456,0.03469129279255867
15457,0.02820519357919693
15458,0.07635920494794846
15459,0.0687757283449173
15460,0.15298102796077728
15461,0.093843474984169
15462,0.05816350504755974
15463,0.02630583569407463
15464,0.05083693191409111
15465,0.047564826905727386
15466,0.0401618555188179
15467,0.08663784712553024
15468,0.054983243346214294
15469,0.059287793934345245
15470,0.22780555486679077
15471,0.028016211465001106
15472,0.045889850705862045
15473,0.10281801223754883
15474,0.06048291549086571
15475,0.0738438293337822
15476,0.028009558096528053
15477,0.11167973279953003
15478,0.08355112373828888
15479,0.03492472693324089
15480,0.06871990859508514
15481,0.058800458908081055
15482,0.08959637582302094
15483,0.04849478229880333
15484,0.06550712138414383
15485,0.04935909062623978
15486,0.04885315150022507
15487,0.04849478229880333
15488,0.04935909062623978
15489,0.11386072635650635
15490,0.04699914529919624
15491,0.04258647933602333
15492,0.053830280900001526
15493,0.15602222084999084
15494,0.13454429805278778
15495,0.04994120076298714
15496,0.05327536538243294
15497,0.3660505414009094
15498,0.1147487461566925
15499,0.028416046872735023
15500,0.04895570129156113
15501,0.04895570129156113
15502,0.10714066028594971
15503,0.13540951907634735
15504,0.11481497436761856
15505,0.07348085939884186
15506,0.15232378244400024
15507,0.37113943696022034
15508,0.04258647933602333
15509,0.1359843909740448
15510,0.047219421714544296
15511,0.04171263426542282
15512,0.04039306938648224
15513,0.04895570129156113
15514,0.11831698566675186
15515,0.16735123097896576
15516,0.1457388550043106
15517,0.09998256713151932
15518,0.17671096324920654
15519,0.14303885400295258
15520,0.07588919252157211
15521,0.059725552797317505
15522,0.0847308337688446
15523,0.06380312144756317
15524,0.05431322380900383
15525,0.047409847378730774
15526,0.059725552797317505
15527,0.1301581710577011
15528,0.07720876485109329
15529,0.046650517731904984
15530,0.13430386781692505
15531,0.044295307248830795
15532,0.031387943774461746
15533,0.08907164633274078
15534,0.09961659461259842
15535,0.34575289487838745
15536,0.033401113003492355
15537,0.0333201102912426
15538,0.08684540539979935
15539,0.07980739325284958
15540,0.05587742477655411
15541,0.06271996349096298
15542,0.02626916393637657
15543,0.13229916989803314
15544,0.09975133836269379
15545,0.0523381233215332
15546,0.028257885947823524
15547,0.11389942467212677
15548,0.053052082657814026
15549,0.11863560974597931
15550,0.04838637635111809
15551,0.012272142805159092
15552,0.18918395042419434
15553,0.05714830756187439
15554,0.16015420854091644
15555,0.15625211596488953
15556,0.059370338916778564
15557,0.03485499322414398
15558,0.057778969407081604
15559,0.04323438182473183
15560,0.04839763417840004
15561,0.09343797713518143
15562,0.16916386783123016
15563,0.10479362308979034
15564,0.07635616511106491
15565,0.02340768277645111
15566,0.08299793303012848
15567,0.03897489979863167
15568,0.06407712399959564
15569,0.056429021060466766
15570,0.11932820826768875
15571,0.08281700313091278
15572,0.030580975115299225
15573,0.08078738301992416
15574,0.04277016595005989
15575,0.04675687849521637
15576,0.04483241215348244
15577,0.06608028709888458
15578,0.15672393143177032
15579,0.13285663723945618
15580,0.056433193385601044
15581,0.06877273321151733
15582,0.13774491846561432
15583,0.05186181515455246
15584,0.12575334310531616
15585,0.06391062587499619
15586,0.08185914158821106
15587,0.1074184700846672
15588,0.03736172616481781
15589,0.11042691767215729
15590,0.04038042947649956
15591,0.08259155601263046
15592,0.14522163569927216
15593,0.12443619221448898
15594,0.06771263480186462
15595,0.06171836331486702
15596,0.17197084426879883
15597,0.07026221603155136
15598,0.3453238904476166
15599,0.2061121165752411
15600,0.07777892053127289
15601,0.05413610115647316
15602,0.055179305374622345
15603,0.1130976676940918
15604,0.05609961226582527
15605,0.1444154530763626
15606,0.08579880744218826
15607,0.058936551213264465
15608,0.07608278840780258
15609,0.15252311527729034
15610,0.05413610115647316
15611,0.058936551213264465
15612,0.058936551213264465
15613,0.058936551213264465
15614,0.058936551213264465
15615,0.17913676798343658
15616,0.058936551213264465
15617,0.1907198280096054
15618,0.058510467410087585
15619,0.6869452595710754
15620,0.10542844980955124
15621,0.22475431859493256
15622,0.09080265462398529
15623,0.07611141353845596
15624,0.07611141353845596
15625,0.23991404473781586
15626,0.16217796504497528
15627,0.07145502418279648
15628,0.16101711988449097
15629,0.04611712321639061
15630,0.04611712321639061
15631,0.04648897424340248
15632,0.021303091198205948
15633,0.09297851473093033
15634,0.06012733653187752
15635,0.04846848547458649
15636,0.06102204695343971
15637,0.029188429936766624
15638,0.04846848547458649
15639,0.1636926680803299
15640,0.08640197664499283
15641,0.05253833159804344
15642,0.05483704060316086
15643,0.12487807869911194
15644,0.11831169575452805
15645,0.06126254051923752
15646,0.07653463631868362
15647,0.09477007389068604
15648,0.3169042766094208
15649,0.08837223052978516
15650,0.11830322444438934
15651,0.09845190495252609
15652,0.009337183088064194
15653,0.04358070716261864
15654,0.0853504166007042
15655,0.09084585309028625
15656,0.11542783677577972
15657,0.1286129355430603
15658,0.061243798583745956
15659,0.03075588494539261
15660,0.0644800141453743
15661,0.10642127692699432
15662,0.10642127692699432
15663,0.0942220687866211
15664,0.11945796757936478
15665,0.13845758140087128
15666,0.1284196823835373
15667,0.09744642674922943
15668,0.030614614486694336
15669,0.07967103272676468
15670,0.13006868958473206
15671,0.07967103272676468
15672,0.030900031328201294
15673,0.03090246394276619
15674,0.20512394607067108
15675,0.08202998340129852
15676,0.13445159792900085
15677,0.04802417755126953
15678,0.03423204645514488
15679,0.14750395715236664
15680,0.057956941425800323
15681,0.09530624747276306
15682,0.05616949871182442
15683,0.06981310993432999
15684,0.17072124779224396
15685,0.12758716940879822
15686,0.06446525454521179
15687,0.067203588783741
15688,0.21126915514469147
15689,0.008616822771728039
15690,0.10585609078407288
15691,0.1363828331232071
15692,0.10427450388669968
15693,0.030737752094864845
15694,0.030762039124965668
15695,0.03641149401664734
15696,0.1894247978925705
15697,0.13592422008514404
15698,0.5470679998397827
15699,0.036280710250139236
15700,0.030900388956069946
15701,0.030549701303243637
15702,0.03628356009721756
15703,0.02850201353430748
15704,0.20753228664398193
15705,0.15533067286014557
15706,0.36331796646118164
15707,0.06517436355352402
15708,0.11029943078756332
15709,0.06299400329589844
15710,0.04710603505373001
15711,0.06299400329589844
15712,0.06299400329589844
15713,0.06299400329589844
15714,0.10018078982830048
15715,0.3629787564277649
15716,0.06299400329589844
15717,0.06299400329589844
15718,0.06299400329589844
15719,0.03330638259649277
15720,0.08078134059906006
15721,0.04710603505373001
15722,0.06299400329589844
15723,0.06299400329589844
15724,0.06299400329589844
15725,0.04710603505373001
15726,0.05514359101653099
15727,0.08017789572477341
15728,0.06299400329589844
15729,0.06299400329589844
15730,0.06299400329589844
15731,0.06299400329589844
15732,0.06299400329589844
15733,0.3683362901210785
15734,0.06151067838072777
15735,0.0381595678627491
15736,0.12029349058866501
15737,0.18557770550251007
15738,0.1242089569568634
15739,0.08083324879407883
15740,0.04414038732647896
15741,0.07567242532968521
15742,0.18368713557720184
15743,0.059091269969940186
15744,0.059091269969940186
15745,0.0644734650850296
15746,0.059091269969940186
15747,0.09494206309318542
15748,0.09045345336198807
15749,0.08795782178640366
15750,0.11737789958715439
15751,0.10514577478170395
15752,0.166521355509758
15753,0.11687386780977249
15754,0.14560838043689728
15755,0.082149937748909
15756,0.05008751526474953
15757,0.1708708554506302
15758,0.03050248883664608
15759,0.05008751526474953
15760,0.025307588279247284
15761,0.05738823860883713
15762,0.06237113103270531
15763,0.12804965674877167
15764,0.03752567246556282
15765,0.20453506708145142
15766,0.10714141279459
15767,0.06570771336555481
15768,0.09974069893360138
15769,0.09450511634349823
15770,0.05429953336715698
15771,0.11061236262321472
15772,0.08082718402147293
15773,0.08115970343351364
15774,0.049133528023958206
15775,0.16459619998931885
15776,0.02691248059272766
15777,0.03805946558713913
15778,0.18072940409183502
15779,0.16355490684509277
15780,0.11388080567121506
15781,0.19342240691184998
15782,0.05754724144935608
15783,0.06570771336555481
15784,0.07741931080818176
15785,0.1865222454071045
15786,0.0660170167684555
15787,0.007223627530038357
15788,0.007189334835857153
15789,0.009971690364181995
15790,0.009924482554197311
15791,0.11317943781614304
15792,0.009924482554197311
15793,0.002491792431101203
15794,0.0386211983859539
15795,0.038799554109573364
15796,0.0386211983859539
15797,0.039402540773153305
15798,0.006991359870880842
15799,0.06597747653722763
15800,0.006991359870880842
15801,0.007223627530038357
15802,0.06515318155288696
15803,0.02531496435403824
15804,0.12899214029312134
15805,0.14369195699691772
15806,0.040334418416023254
15807,0.06871245056390762
15808,0.15382742881774902
15809,0.07733692228794098
15810,0.21656066179275513
15811,0.05504949763417244
15812,0.06699773669242859
15813,0.08199293911457062
15814,0.0964738205075264
15815,0.13074544072151184
15816,0.2640255093574524
15817,0.15380623936653137
15818,0.061140816658735275
15819,0.12921199202537537
15820,0.11939673125743866
15821,0.11220457404851913
15822,0.0793689712882042
15823,0.09084443747997284
15824,0.06527385115623474
15825,0.034364473074674606
15826,0.29808488488197327
15827,0.005450140684843063
15828,0.03623185679316521
15829,0.005450140684843063
15830,0.005450140684843063
15831,0.1539495289325714
15832,0.10021829605102539
15833,0.11521592736244202
15834,0.08180150389671326
15835,0.024463750422000885
15836,0.03403926268219948
15837,0.13544486463069916
15838,0.02918381616473198
15839,0.06644699722528458
15840,0.14125265181064606
15841,0.13493826985359192
15842,0.09809492528438568
15843,0.1660037636756897
15844,0.10410195589065552
15845,0.09809492528438568
15846,0.09809492528438568
15847,0.2919265031814575
15848,0.20728224515914917
15849,0.13493826985359192
15850,0.17034579813480377
15851,0.09809492528438568
15852,0.09809492528438568
15853,0.11275317519903183
15854,0.09568075090646744
15855,0.21727435290813446
15856,0.004672099836170673
15857,0.04097329080104828
15858,0.05868711322546005
15859,0.1122247651219368
15860,0.10948944091796875
15861,0.14457690715789795
15862,0.012681953608989716
15863,0.2839494049549103
15864,0.05210348591208458
15865,0.440764456987381
15866,0.09094676375389099
15867,0.03079606592655182
15868,0.04418984800577164
15869,0.032597366720438004
15870,0.31962424516677856
15871,0.04714271053671837
15872,0.08192475140094757
15873,0.18638265132904053
15874,0.09968188405036926
15875,0.07580359280109406
15876,0.11649376899003983
15877,0.20567092299461365
15878,0.08722832798957825
15879,0.030769318342208862
15880,0.16687701642513275
15881,0.032597366720438004
15882,0.08366284519433975
15883,0.044443387538194656
15884,0.030779050663113594
15885,0.06016339361667633
15886,0.17673128843307495
15887,0.1519114226102829
15888,0.1206730306148529
15889,0.02762509509921074
15890,0.05487886816263199
15891,0.032597366720438004
15892,0.032597366720438004
15893,0.06047080084681511
15894,0.16482658684253693
15895,0.05500555783510208
15896,0.044891901314258575
15897,0.02897936850786209
15898,0.22773094475269318
15899,0.22643443942070007
15900,0.22643443942070007
15901,0.07622864842414856
15902,0.07769790291786194
15903,0.5669440031051636
15904,0.06277257204055786
15905,0.08225523680448532
15906,0.04235390946269035
15907,0.02847118489444256
15908,0.11159858107566833
15909,0.026887595653533936
15910,0.16845320165157318
15911,0.039711844176054
15912,0.092173732817173
15913,0.40451323986053467
15914,0.049956001341342926
15915,0.14167946577072144
15916,0.13460640609264374
15917,0.16407981514930725
15918,0.24606327712535858
15919,0.30738121271133423
15920,0.03651075437664986
15921,0.04008999839425087
15922,0.03651075437664986
15923,0.04008999839425087
15924,0.14257833361625671
15925,0.0639277994632721
15926,0.19001130759716034
15927,0.218097522854805
15928,0.09022030234336853
15929,0.1688643991947174
15930,0.15268726646900177
15931,0.09019666910171509
15932,0.4063492715358734
15933,0.4154719114303589
15934,0.11964394152164459
15935,0.05862870439887047
15936,0.0559464693069458
15937,0.011436598375439644
15938,0.12086520344018936
15939,0.03275875002145767
15940,0.04909410700201988
15941,0.044222019612789154
15942,0.044222019612789154
15943,0.05605250597000122
15944,0.05062843859195709
15945,0.05062843859195709
15946,0.010043337941169739
15947,0.12362931668758392
15948,0.025227902457118034
15949,0.0388752818107605
15950,0.03415745124220848
15951,0.06590404361486435
15952,0.05275091156363487
15953,0.03873804956674576
15954,0.05275091156363487
15955,0.06736829876899719
15956,0.06590404361486435
15957,0.05275091156363487
15958,0.06590404361486435
15959,0.06590404361486435
15960,0.08139815926551819
15961,0.06590404361486435
15962,0.0409468337893486
15963,0.06590404361486435
15964,0.06590404361486435
15965,0.06590404361486435
15966,0.027370840311050415
15967,0.1018298789858818
15968,0.07410506159067154
15969,0.08011546730995178
15970,0.13103428483009338
15971,0.20378398895263672
15972,0.13664506375789642
15973,0.1977371871471405
15974,0.1640528440475464
15975,1.908114609250333e-5
15976,0.1474333256483078
15977,0.1474333256483078
15978,0.4074786305427551
15979,0.07475945353507996
15980,1.908114609250333e-5
15981,1.725884067127481e-5
15982,1.908114609250333e-5
15983,1.725884067127481e-5
15984,0.04244586452841759
15985,0.5369642376899719
15986,0.14715658128261566
15987,0.03622206673026085
15988,0.059658341109752655
15989,0.09284818172454834
15990,0.025364024564623833
15991,0.03953484818339348
15992,0.05023008957505226
15993,0.37639784812927246
15994,0.05900280922651291
15995,0.07865487039089203
15996,0.05430140718817711
15997,0.07865487039089203
15998,0.07865487039089203
15999,0.10762325674295425
16000,0.1170218214392662
16001,0.1170218214392662
16002,0.0910111665725708
16003,0.025364024564623833
16004,0.07865487039089203
16005,0.025187667459249496
16006,0.07865487039089203
16007,0.03428930416703224
16008,0.14697134494781494
16009,0.06192875653505325
16010,0.1858869343996048
16011,0.09683594852685928
16012,0.07865487039089203
16013,0.04215938597917557
16014,0.15450763702392578
16015,0.05955808237195015
16016,0.13124676048755646
16017,0.0719572901725769
16018,0.047235600650310516
16019,0.10944681614637375
16020,0.008532232604920864
16021,0.09604045003652573
16022,0.10155970603227615
16023,0.19003541767597198
16024,0.07945773005485535
16025,0.047235600650310516
16026,0.058107733726501465
16027,0.08004157245159149
16028,0.036136187613010406
16029,0.07284867763519287
16030,0.07284867763519287
16031,0.15666663646697998
16032,0.05511639639735222
16033,0.1456838697195053
16034,0.10196804255247116
16035,0.0411110557615757
16036,0.0771835446357727
16037,0.08290837705135345
16038,0.09367663413286209
16039,0.1851503849029541
16040,0.23071253299713135
16041,0.0772838369011879
16042,0.07353417575359344
16043,0.1049594134092331
16044,0.4268689453601837
16045,0.04615228250622749
16046,0.11826357990503311
16047,0.04017056152224541
16048,0.06100354343652725
16049,0.04046379029750824
16050,0.14416760206222534
16051,0.08790451288223267
16052,0.04892497509717941
16053,0.03807495906949043
16054,0.13458897173404694
16055,0.08239535987377167
16056,0.03807495906949043
16057,0.03807495906949043
16058,0.00855477899312973
16059,0.06280981004238129
16060,0.09848737716674805
16061,0.04789988324046135
16062,0.10273230820894241
16063,0.12119656801223755
16064,0.08853154629468918
16065,0.08969222754240036
16066,0.13326120376586914
16067,0.11762651056051254
16068,0.06007274612784386
16069,0.24980586767196655
16070,0.410655677318573
16071,0.12941378355026245
16072,0.009088476188480854
16073,0.0893038809299469
16074,0.052811503410339355
16075,0.08391878753900528
16076,0.1328667849302292
16077,0.16122964024543762
16078,0.055629659444093704
16079,0.14164301753044128
16080,0.17161518335342407
16081,0.02679574117064476
16082,0.23281258344650269
16083,0.1727469116449356
16084,0.16064365208148956
16085,0.06416617333889008
16086,0.06416617333889008
16087,0.05342577397823334
16088,0.04617542400956154
16089,0.20059391856193542
16090,0.05135851353406906
16091,0.13333061337471008
16092,0.07737182080745697
16093,0.07161600142717361
16094,0.04897143319249153
16095,0.07341846823692322
16096,0.2864549160003662
16097,0.09745760262012482
16098,0.05417921021580696
16099,0.1807536780834198
16100,0.07083568722009659
16101,0.1447732150554657
16102,0.008084326051175594
16103,0.047536201775074005
16104,0.028635721653699875
16105,0.027912499383091927
16106,0.0625084787607193
16107,0.06779821217060089
16108,0.04369676858186722
16109,0.03829475864768028
16110,0.06955362111330032
16111,0.2531530261039734
16112,0.060538992285728455
16113,0.046312279999256134
16114,0.03664521127939224
16115,0.1915694922208786
16116,0.07754755020141602
16117,0.09528262168169022
16118,0.04619068279862404
16119,0.008860979229211807
16120,0.005178204271942377
16121,0.1335487812757492
16122,0.09726237505674362
16123,0.06760745495557785
16124,0.09726237505674362
16125,0.09726237505674362
16126,0.09726237505674362
16127,0.06760745495557785
16128,0.09726237505674362
16129,0.09726237505674362
16130,0.005178204271942377
16131,0.005178204271942377
16132,0.09726237505674362
16133,0.005178204271942377
16134,0.025397181510925293
16135,0.005178204271942377
16136,0.005178204271942377
16137,0.0018810037290677428
16138,0.005178204271942377
16139,0.07754755020141602
16140,0.005178204271942377
16141,0.005178204271942377
16142,0.16006486117839813
16143,0.1317441314458847
16144,0.049520790576934814
16145,0.09305913001298904
16146,0.04273577779531479
16147,0.07754755020141602
16148,0.045872192829847336
16149,0.0954992026090622
16150,0.09305913001298904
16151,0.09305913001298904
16152,0.09305913001298904
16153,0.03727502003312111
16154,0.09124812483787537
16155,0.09149578958749771
16156,0.05037261173129082
16157,0.10184977203607559
16158,0.06360369175672531
16159,0.06360369175672531
16160,0.06360369175672531
16161,0.06360369175672531
16162,0.04140729084610939
16163,0.06360369175672531
16164,0.06360369175672531
16165,0.09758111089468002
16166,0.14888034760951996
16167,0.026542188599705696
16168,0.026542188599705696
16169,0.04276105761528015
16170,0.016581479460000992
16171,0.10972919315099716
16172,0.11263354867696762
16173,0.4919814169406891
16174,2.204542215622496e-5
16175,0.07863545417785645
16176,0.06363077461719513
16177,0.12007252871990204
16178,0.039964281022548676
16179,0.10640552639961243
16180,0.10884412378072739
16181,0.11900144815444946
16182,0.0803961455821991
16183,0.08027573674917221
16184,0.08586446940898895
16185,0.08592201769351959
16186,0.14565986394882202
16187,0.08592201769351959
16188,0.07297594845294952
16189,0.045300308614969254
16190,0.039380382746458054
16191,0.09982328116893768
16192,0.0426647812128067
16193,0.14483323693275452
16194,0.17373380064964294
16195,0.04439496994018555
16196,0.11330896615982056
16197,0.045172564685344696
16198,0.4364481568336487
16199,0.0656934455037117
16200,0.08514135330915451
16201,0.08947883546352386
16202,0.028972871601581573
16203,0.10474903881549835
16204,0.04268059879541397
16205,0.006528753321617842
16206,0.18883797526359558
16207,0.030573837459087372
16208,0.07589495182037354
16209,0.08785902708768845
16210,0.06968097388744354
16211,0.06864755600690842
16212,0.06143701449036598
16213,0.030699247494339943
16214,0.07036902755498886
16215,0.04064042493700981
16216,0.10246586054563522
16217,0.11752533912658691
16218,0.0895792692899704
16219,0.030684707686305046
16220,0.14399796724319458
16221,0.11232789605855942
16222,0.06038891524076462
16223,0.08773859590291977
16224,0.10209250450134277
16225,0.13732965290546417
16226,0.027699504047632217
16227,0.07700901478528976
16228,0.026968354359269142
16229,0.03444477915763855
16230,0.10201381146907806
16231,0.1727469116449356
16232,0.3099704384803772
16233,0.00811760313808918
16234,0.03567758947610855
16235,0.06429652124643326
16236,0.027579447254538536
16237,0.141390860080719
16238,0.10004948079586029
16239,0.1676563173532486
16240,0.11192107200622559
16241,0.04813285917043686
16242,0.02641202323138714
16243,0.04549533873796463
16244,0.09196817129850388
16245,0.11922326683998108
16246,0.07622754573822021
16247,0.2592468559741974
16248,0.15971186757087708
16249,0.3328089416027069
16250,0.15971186757087708
16251,0.15971186757087708
16252,0.15971186757087708
16253,0.23065528273582458
16254,0.15971186757087708
16255,0.11736846715211868
16256,0.04941052943468094
16257,0.14125585556030273
16258,0.12293790280818939
16259,0.1602175384759903
16260,0.07053875178098679
16261,0.10552436858415604
16262,0.048947133123874664
16263,0.07375496625900269
16264,0.05232809856534004
16265,0.07351374626159668
16266,0.04223109409213066
16267,0.10382066667079926
16268,0.027908863499760628
16269,0.05371997132897377
16270,0.15170834958553314
16271,0.059847258031368256
16272,0.006210534833371639
16273,4.630412149708718e-5
16274,0.05772975832223892
16275,0.23138482868671417
16276,0.3491637110710144
16277,0.09971205145120621
16278,0.2638666331768036
16279,0.07528338581323624
16280,0.1276586949825287
16281,0.03129253536462784
16282,0.09198055416345596
16283,0.041790671646595
16284,0.12194868177175522
16285,0.11434133350849152
16286,0.3059665560722351
16287,0.19194763898849487
16288,0.0023029570002108812
16289,0.0023029570002108812
16290,0.09921827167272568
16291,0.05965046212077141
16292,0.0932340994477272
16293,0.0023029570002108812
16294,0.0023029570002108812
16295,0.13106569647789001
16296,0.0023029570002108812
16297,0.14234843850135803
16298,0.14701183140277863
16299,0.3197627067565918
16300,0.12141028791666031
16301,0.0641455203294754
16302,0.03013235703110695
16303,0.08237679302692413
16304,0.3009089231491089
16305,0.15915779769420624
16306,0.09139524400234222
16307,0.08458136022090912
16308,0.06187198683619499
16309,0.009348494932055473
16310,0.06187198683619499
16311,0.006557964254170656
16312,0.2600308656692505
16313,0.1822800487279892
16314,0.018580572679638863
16315,0.03995177894830704
16316,0.058287542313337326
16317,0.0911836177110672
16318,0.04804336652159691
16319,0.08313800394535065
16320,0.04426783323287964
16321,0.03122747503221035
16322,0.09670835733413696
16323,0.06453157961368561
16324,0.08313800394535065
16325,0.044947635382413864
16326,0.05504007264971733
16327,0.05524060130119324
16328,0.0786852166056633
16329,0.5483657121658325
16330,0.04221918806433678
16331,0.12866906821727753
16332,0.09204273670911789
16333,0.1906552016735077
16334,0.226130411028862
16335,0.13703230023384094
16336,0.1364092081785202
16337,0.03935958072543144
16338,0.19068282842636108
16339,0.0782284066081047
16340,0.0705784484744072
16341,0.10825745016336441
16342,0.0016533004818484187
16343,0.1259094774723053
16344,0.14317335188388824
16345,0.057427871972322464
16346,0.04719995707273483
16347,0.1371852606534958
16348,0.07822255045175552
16349,0.06355660408735275
16350,0.08260908722877502
16351,0.06355660408735275
16352,0.5170570611953735
16353,0.219912588596344
16354,0.06355660408735275
16355,0.08260908722877502
16356,0.06355660408735275
16357,0.05823273956775665
16358,0.04554635286331177
16359,0.03614937514066696
16360,0.05981159582734108
16361,0.10261363536119461
16362,0.10611552745103836
16363,0.08850094676017761
16364,0.1594863384962082
16365,0.06355660408735275
16366,0.06355660408735275
16367,0.06355660408735275
16368,0.05837436392903328
16369,0.08423952758312225
16370,0.08260908722877502
16371,0.1141197681427002
16372,0.0932340994477272
16373,0.08260908722877502
16374,0.08260908722877502
16375,0.06355660408735275
16376,0.04236382246017456
16377,0.15247191488742828
16378,0.08260908722877502
16379,0.03458498418331146
16380,0.08260908722877502
16381,0.04796723276376724
16382,0.18214420974254608
16383,0.05150732025504112
16384,0.14347116649150848
16385,0.13205641508102417
16386,0.07248269766569138
16387,0.05853653699159622
16388,0.1425631195306778
16389,0.05042806267738342
16390,0.02607480064034462
16391,0.05533536151051521
16392,0.011525167152285576
16393,0.05704265087842941
16394,0.03710227087140083
16395,0.03600350022315979
16396,0.09643308073282242
16397,0.035019394010305405
16398,0.04359135031700134
16399,0.04097419232130051
16400,0.0280835572630167
16401,0.12043845653533936
16402,0.08998258411884308
16403,0.09131989628076553
16404,0.048691682517528534
16405,0.1997271478176117
16406,0.4254220426082611
16407,0.06971268355846405
16408,0.0893402248620987
16409,0.057609520852565765
16410,0.05399850010871887
16411,0.15230895578861237
16412,0.05399850010871887
16413,0.05399850010871887
16414,0.042164187878370285
16415,0.006210534833371639
16416,0.023152654990553856
16417,0.023152654990553856
16418,0.023152654990553856
16419,0.023152654990553856
16420,0.03431226313114166
16421,0.015089252032339573
16422,0.023152654990553856
16423,0.06391716003417969
16424,0.06391716003417969
16425,0.06391716003417969
16426,0.18169069290161133
16427,0.1695161908864975
16428,0.06391716003417969
16429,0.16929030418395996
16430,0.061698950827121735
16431,0.29111596941947937
16432,0.14910446107387543
16433,0.12966863811016083
16434,0.05973467230796814
16435,0.05973467230796814
16436,0.03232908248901367
16437,0.03208278492093086
16438,0.03208278492093086
16439,0.03208278492093086
16440,0.03284271061420441
16441,0.040333013981580734
16442,0.03208278492093086
16443,0.05169541761279106
16444,0.06284509599208832
16445,0.11791320890188217
16446,0.03208278492093086
16447,0.14845450222492218
16448,0.08902937173843384
16449,0.06284509599208832
16450,0.06284509599208832
16451,0.06284509599208832
16452,0.06284509599208832
16453,0.06284509599208832
16454,0.06284509599208832
16455,0.06284509599208832
16456,0.04699281230568886
16457,0.06284509599208832
16458,0.32162532210350037
16459,0.06284509599208832
16460,0.06284509599208832
16461,0.06284509599208832
16462,0.04699281230568886
16463,0.06284509599208832
16464,0.06284509599208832
16465,0.06284509599208832
16466,0.04699281230568886
16467,0.06284509599208832
16468,0.04699281230568886
16469,0.040703561156988144
16470,0.06284509599208832
16471,0.06589372456073761
16472,0.03208278492093086
16473,0.07234416902065277
16474,0.1148243322968483
16475,0.1319148987531662
16476,0.30025649070739746
16477,0.12485641241073608
16478,0.06666046380996704
16479,0.06744320690631866
16480,0.028940800577402115
16481,0.02906661108136177
16482,0.09348231554031372
16483,0.026704883202910423
16484,0.014018974266946316
16485,0.07030721753835678
16486,0.04375053197145462
16487,0.12351074814796448
16488,0.053600113838911057
16489,0.06518871337175369
16490,0.10177287459373474
16491,0.1341371238231659
16492,0.030405666679143906
16493,0.058430515229701996
16494,0.012628170661628246
16495,0.04216089844703674
16496,0.044433001428842545
16497,0.03761078417301178
16498,0.03761078417301178
16499,0.1290265917778015
16500,0.08259361982345581
16501,0.04678630083799362
16502,0.1655368208885193
16503,0.03761078417301178
16504,0.09494905918836594
16505,0.02400852181017399
16506,0.07437074184417725
16507,0.030537636950612068
16508,0.0684727132320404
16509,0.030128149315714836
16510,0.03561478853225708
16511,0.0277620367705822
16512,4.669833870138973e-4
16513,0.03738195821642876
16514,0.13981351256370544
16515,0.03354319930076599
16516,0.23819352686405182
16517,0.028417153283953667
16518,0.14918890595436096
16519,0.04491967335343361
16520,0.14841464161872864
16521,0.08534359186887741
16522,0.10463427752256393
16523,0.06741015613079071
16524,0.030893079936504364
16525,0.04330429807305336
16526,0.04491967335343361
16527,0.027660127729177475
16528,0.11040271073579788
16529,0.047221943736076355
16530,0.09400518238544464
16531,0.03929942473769188
16532,0.027004726231098175
16533,0.11835453659296036
16534,0.1319257766008377
16535,0.09980716556310654
16536,0.07329091429710388
16537,0.129598006606102
16538,0.032659076154232025
16539,0.04126378148794174
16540,0.025626372545957565
16541,0.043801210820674896
16542,0.09177885949611664
16543,0.05617333576083183
16544,0.40726909041404724
16545,0.06911070644855499
16546,0.09177885949611664
16547,0.09453184902667999
16548,0.132791668176651
16549,0.03568568453192711
16550,0.03441713750362396
16551,0.08695805072784424
16552,0.054883066564798355
16553,0.040965281426906586
16554,0.23891523480415344
16555,0.27541181445121765
16556,0.20846296846866608
16557,0.07089979946613312
16558,0.09366419166326523
16559,0.043614696711301804
16560,0.1404978185892105
16561,0.02802952565252781
16562,0.45824363827705383
16563,0.027684153988957405
16564,0.09087493270635605
16565,0.09734459221363068
16566,0.07374182343482971
16567,0.06999234110116959
16568,0.0774582251906395
16569,0.06557850539684296
16570,0.062193598598241806
16571,0.03231297805905342
16572,0.11024599522352219
16573,0.03231297805905342
16574,0.09712179005146027
16575,0.06993932276964188
16576,0.09693656116724014
16577,0.2540106177330017
16578,0.02475893683731556
16579,0.08106593042612076
16580,0.0954810380935669
16581,0.11706580966711044
16582,0.0796051174402237
16583,0.06334684044122696
16584,0.019130729138851166
16585,0.03231297805905342
16586,0.057038839906454086
16587,0.03780131787061691
16588,0.027299005538225174
16589,0.05442178621888161
16590,0.034838635474443436
16591,0.033459726721048355
16592,0.106319859623909
16593,0.3497014045715332
16594,0.03548789769411087
16595,0.14571942389011383
16596,0.14571942389011383
16597,0.20594950020313263
16598,0.03830013424158096
16599,0.07236863672733307
16600,0.06900247931480408
16601,0.06900247931480408
16602,0.06900247931480408
16603,0.06900247931480408
16604,0.06900247931480408
16605,0.06900247931480408
16606,0.06900247931480408
16607,0.06900247931480408
16608,0.06900247931480408
16609,0.06900247931480408
16610,0.06900247931480408
16611,0.06900247931480408
16612,0.0947030782699585
16613,0.06900247931480408
16614,0.06900247931480408
16615,0.06900247931480408
16616,0.07232674956321716
16617,0.06900247931480408
16618,0.011537204496562481
16619,0.07232674956321716
16620,0.061304688453674316
16621,0.051682665944099426
16622,0.06900247931480408
16623,0.044794317334890366
16624,0.06930334120988846
16625,0.06613413989543915
16626,0.024833792820572853
16627,0.08086103945970535
16628,0.08086103945970535
16629,0.11723975837230682
16630,0.06992414593696594
16631,0.04211656004190445
16632,0.06022210046648979
16633,0.04217075929045677
16634,0.025260422378778458
16635,0.035421423614025116
16636,0.07065695524215698
16637,0.04234497621655464
16638,0.08017877489328384
16639,0.09708702564239502
16640,0.04210828244686127
16641,0.02904592826962471
16642,0.02904592826962471
16643,0.05524804815649986
16644,0.14029839634895325
16645,0.09314970672130585
16646,0.15247732400894165
16647,0.06725286692380905
16648,0.03327343612909317
16649,0.027586467564105988
16650,0.1993011236190796
16651,0.05872735008597374
16652,0.06356662511825562
16653,0.0319756343960762
16654,0.3037179410457611
16655,0.029172178357839584
16656,0.08046689629554749
16657,0.031220968812704086
16658,0.08179496973752975
16659,0.0459793284535408
16660,0.05751515179872513
16661,0.04721827432513237
16662,0.05350750684738159
16663,0.05989726260304451
16664,0.050281379371881485
16665,0.03527161478996277
16666,0.02832709066569805
16667,0.037745051085948944
16668,0.05613335967063904
16669,0.0652020201086998
16670,0.06440519541501999
16671,0.029972800984978676
16672,0.03587500378489494
16673,0.027666617184877396
16674,0.06526236981153488
16675,0.07216478884220123
16676,0.024667514488101006
16677,0.04544845595955849
16678,0.04984872415661812
16679,0.04984872415661812
16680,0.03582305461168289
16681,0.13239839673042297
16682,0.041080404072999954
16683,0.10272182524204254
16684,0.07609329372644424
16685,0.04972461983561516
16686,0.07134730368852615
16687,0.13140398263931274
16688,0.03770945221185684
16689,0.041080404072999954
16690,0.06526236981153488
16691,0.04135395213961601
16692,0.01640627160668373
16693,0.15580572187900543
16694,0.050290171056985855
16695,0.08195816725492477
16696,0.09088082611560822
16697,0.042993344366550446
16698,0.08011200278997421
16699,0.18229900300502777
16700,0.06881225854158401
16701,0.12122708559036255
16702,0.2201501578092575
16703,0.1228511855006218
16704,0.09982190281152725
16705,0.20102429389953613
16706,0.032295163720846176
16707,0.04241425544023514
16708,0.03998217731714249
16709,0.046434689313173294
16710,0.0603136382997036
16711,0.07684856653213501
16712,0.08031532913446426
16713,0.08837230503559113
16714,0.0814661830663681
16715,0.15873895585536957
16716,0.4374319612979889
16717,0.08285098522901535
16718,0.0701974406838417
16719,0.032295163720846176
16720,0.04378504306077957
16721,0.03561173006892204
16722,0.11211556941270828
16723,0.05723077803850174
16724,0.054978933185338974
16725,0.03823819383978844
16726,0.08224139362573624
16727,0.13941387832164764
16728,0.11088059097528458
16729,0.07135481387376785
16730,0.08536779880523682
16731,0.062028080224990845
16732,0.052366457879543304
16733,0.08536779880523682
16734,0.06721891462802887
16735,0.06146291270852089
16736,0.07868702709674835
16737,0.034550249576568604
16738,0.08844901621341705
16739,0.3213488757610321
16740,0.056604571640491486
16741,0.07831867784261703
16742,0.10306311398744583
16743,0.06582526862621307
16744,0.08360713720321655
16745,0.105177141726017
16746,0.022698508575558662
16747,0.0707416981458664
16748,0.2502237856388092
16749,0.0573701374232769
16750,0.059516001492738724
16751,0.04506929591298103
16752,0.21861965954303741
16753,0.029086319729685783
16754,0.059885092079639435
16755,0.03529173508286476
16756,0.13672852516174316
16757,0.05051911994814873
16758,0.05128299444913864
16759,0.08820035308599472
16760,0.04277387633919716
16761,0.06459919363260269
16762,0.1258271038532257
16763,0.08696470409631729
16764,0.11858580261468887
16765,0.041110940277576447
16766,0.03300990164279938
16767,0.03300990164279938
16768,0.025793498381972313
16769,0.027802040800452232
16770,0.1286526620388031
16771,0.10323453694581985
16772,0.052265580743551254
16773,0.12295913696289062
16774,0.0829382911324501
16775,0.031585801392793655
16776,0.11826357990503311
16777,0.13735704123973846
16778,0.04713503271341324
16779,0.06366275995969772
16780,0.025665178894996643
16781,0.027140336111187935
16782,0.06873653084039688
16783,0.06433747708797455
16784,0.06433747708797455
16785,0.09710129350423813
16786,0.0701514407992363
16787,0.03729354217648506
16788,0.038920093327760696
16789,0.05475659668445587
16790,0.0214819498360157
16791,0.029932556673884392
16792,0.0701514407992363
16793,0.15109720826148987
16794,0.02577713131904602
16795,0.047212760895490646
16796,0.04309174045920372
16797,0.08946192264556885
16798,0.057354848831892014
16799,0.08262692391872406
16800,0.0811813548207283
16801,0.059458691626787186
16802,0.19491566717624664
16803,0.07572449743747711
16804,0.0688282698392868
16805,0.06358318775892258
16806,0.06358318775892258
16807,0.05835943669080734
16808,0.057461872696876526
16809,0.12685978412628174
16810,0.057461872696876526
16811,0.04486796632409096
16812,0.05759243294596672
16813,0.05894695967435837
16814,0.08798221498727798
16815,0.03736228495836258
16816,0.06931643187999725
16817,0.06303325295448303
16818,0.03253434598445892
16819,0.11777036637067795
16820,0.14358390867710114
16821,0.014432277530431747
16822,0.04125045984983444
16823,0.014432277530431747
16824,0.011525167152285576
16825,0.050861794501543045
16826,0.050861794501543045
16827,0.052417829632759094
16828,0.08175450563430786
16829,0.049213413149118423
16830,0.05345987156033516
16831,0.02429831214249134
16832,0.06363295763731003
16833,0.0576537661254406
16834,0.11410918831825256
16835,0.21494022011756897
16836,0.03931239992380142
16837,0.05799754336476326
16838,0.04651955887675285
16839,0.07064621895551682
16840,0.023270877078175545
16841,0.07996294647455215
16842,0.07808785885572433
16843,0.06672324985265732
16844,0.06672324985265732
16845,0.04406401142477989
16846,0.0319332480430603
16847,0.0423097088932991
16848,0.09712985903024673
16849,0.10567411035299301
16850,0.05902862548828125
16851,0.05902862548828125
16852,0.05902862548828125
16853,0.05902862548828125
16854,0.14712588489055634
16855,0.06707093864679337
16856,0.06707093864679337
16857,0.030250849202275276
16858,0.02335590124130249
16859,0.03109664097428322
16860,0.02199687995016575
16861,0.032898616045713425
16862,0.023152967914938927
16863,0.031773265451192856
16864,0.04093301668763161
16865,0.04870537295937538
16866,0.05356879159808159
16867,0.0357087068259716
16868,0.046202246099710464
16869,0.012649918906390667
16870,0.015071920119225979
16871,0.049092717468738556
16872,0.06510783731937408
16873,0.03718102350831032
16874,0.08747114986181259
16875,0.23239082098007202
16876,0.03619534522294998
16877,0.12627191841602325
16878,0.08981208503246307
16879,0.03031321056187153
16880,0.04484293982386589
16881,0.05242111533880234
16882,0.08941188454627991
16883,0.06429682672023773
16884,0.044586095958948135
16885,0.031789861619472504
16886,0.036845613270998
16887,0.12257728725671768
16888,0.10888034850358963
16889,0.12831330299377441
16890,0.49264875054359436
16891,0.1570347100496292
16892,0.26172131299972534
16893,0.08894350379705429
16894,0.09804562479257584
16895,0.15754222869873047
16896,0.12585996091365814
16897,0.014432277530431747
16898,0.2752646207809448
16899,0.10816654562950134
16900,0.15371429920196533
16901,0.05273451283574104
16902,0.1489061713218689
16903,0.11695312708616257
16904,0.3395387828350067
16905,0.2560701370239258
16906,0.14764899015426636
16907,0.29215729236602783
16908,0.09868309646844864
16909,0.03746998310089111
16910,0.06819122284650803
16911,0.4226781725883484
16912,0.26102572679519653
16913,0.26102572679519653
16914,0.14774192869663239
16915,0.36742570996284485
16916,0.3198982775211334
16917,0.19260036945343018
16918,0.3384711444377899
16919,0.13617807626724243
16920,0.024547168985009193
16921,0.014978275634348392
16922,0.025881342589855194
16923,0.23007085919380188
16924,0.24523228406906128
16925,0.24523228406906128
16926,0.29670631885528564
16927,0.3748294413089752
16928,0.07474016398191452
16929,0.19061395525932312
16930,0.12512266635894775
16931,0.023267174139618874
16932,0.20979981124401093
16933,0.07963332533836365
16934,0.05434325709939003
16935,0.15321923792362213
16936,0.08219082653522491
16937,0.0626620352268219
16938,0.019716477021574974
16939,0.06689116358757019
16940,0.04072297737002373
16941,0.15232791006565094
16942,0.029763933271169662
16943,0.029763933271169662
16944,0.040416114032268524
16945,0.029763933271169662
16946,0.029763933271169662
16947,0.1796676069498062
16948,0.12354271858930588
16949,0.1134028434753418
16950,0.044322505593299866
16951,0.19813838601112366
16952,0.02325606532394886
16953,0.023239411413669586
16954,0.05404634401202202
16955,0.023162178695201874
16956,0.023162178695201874
16957,0.039138246327638626
16958,0.27178242802619934
16959,0.040817439556121826
16960,0.026269380003213882
16961,0.0987662822008133
16962,0.08322076499462128
16963,0.018831521272659302
16964,0.10204801708459854
16965,0.04965079203248024
16966,0.035255417227745056
16967,0.07738052308559418
16968,0.07738052308559418
16969,0.08732431381940842
16970,0.14331553876399994
16971,0.01811032183468342
16972,0.04939155653119087
16973,0.03834589570760727
16974,0.023257918655872345
16975,0.05524273216724396
16976,0.19529816508293152
16977,0.07412882149219513
16978,0.11375891417264938
16979,0.04377945140004158
16980,0.033920519053936005
16981,0.028801079839468002
16982,0.07645701617002487
16983,0.05734628438949585
16984,0.02620343305170536
16985,0.0422142893075943
16986,0.03692327439785004
16987,0.024519875645637512
16988,0.0065547809936106205
16989,0.04128393530845642
16990,0.03777146339416504
16991,0.05740797892212868
16992,0.046859011054039
16993,0.04709524288773537
16994,0.07643602788448334
16995,0.03082817606627941
16996,0.05454030632972717
16997,0.0716012716293335
16998,0.10592547804117203
16999,0.04680025577545166
17000,0.01921210251748562
17001,0.036454301327466965
17002,0.05538468807935715
17003,0.031003886833786964
17004,0.07118003815412521
17005,0.07118003815412521
17006,0.034982673823833466
17007,0.02269880846142769
17008,0.025775089859962463
17009,0.04720023646950722
17010,0.07118003815412521
17011,0.03646961972117424
17012,0.03858256712555885
17013,0.03152589499950409
17014,0.026692043989896774
17015,0.053336188197135925
17016,0.09438929706811905
17017,0.04765995591878891
17018,0.07401327788829803
17019,0.08814166486263275
17020,0.031103061512112617
17021,0.03918354958295822
17022,0.06781736761331558
17023,0.041161008179187775
17024,0.06717587262392044
17025,0.08272743970155716
17026,0.02771395444869995
17027,0.07416091114282608
17028,0.07744674384593964
17029,0.08449201285839081
17030,0.03389749303460121
17031,0.02323572151362896
17032,0.06242859363555908
17033,0.034898530691862106
17034,0.021727904677391052
17035,0.04927406832575798
17036,0.5247887372970581
17037,0.05927097052335739
17038,0.04865450784564018
17039,0.035092759877443314
17040,0.053458381444215775
17041,0.014978275634348392
17042,0.09837331622838974
17043,0.06153900921344757
17044,0.030008802190423012
17045,0.058161456137895584
17046,0.042633943259716034
17047,0.023099182173609734
17048,0.04737834259867668
17049,0.07095973938703537
17050,0.051025476306676865
17051,0.0278488639742136
17052,0.02081756852567196
17053,0.0919831395149231
17054,0.10508646070957184
17055,0.05155538022518158
17056,0.05790643021464348
17057,0.04984273016452789
17058,0.0917532742023468
17059,0.04230866581201553
17060,0.0336049348115921
17061,0.046234358102083206
17062,0.04104189947247505
17063,0.035255417227745056
17064,0.023136388510465622
17065,0.06049906834959984
17066,0.05483713746070862
17067,0.011148291639983654
17068,0.0574033185839653
17069,0.023136388510465622
17070,0.008921045809984207
17071,0.05379907414317131
17072,0.11288569122552872
17073,0.07572832703590393
17074,0.052167393267154694
17075,0.06536407023668289
17076,0.08819763362407684
17077,0.09198881685733795
17078,0.07858670502901077
17079,0.10240711271762848
17080,0.04744977504014969
17081,0.03453018143773079
17082,0.0449393130838871
17083,0.11017923802137375
17084,0.030570058152079582
17085,0.03365446999669075
17086,0.0641903355717659
17087,0.06705546379089355
17088,0.053769223392009735
17089,0.04267046973109245
17090,0.11934365332126617
17091,0.030570058152079582
17092,0.006210534833371639
17093,0.03872691094875336
17094,0.028578639030456543
17095,0.031048988923430443
17096,0.036280617117881775
17097,0.03144599124789238
17098,0.08042088150978088
17099,0.02574850432574749
17100,0.08794953674077988
17101,0.045036159455776215
17102,0.12720520794391632
17103,0.025770828127861023
17104,0.1927453577518463
17105,0.16682285070419312
17106,0.014978275634348392
17107,0.010517477057874203
17108,0.03513415902853012
17109,0.051004525274038315
17110,0.12344620376825333
17111,0.044265080243349075
17112,0.025647344067692757
17113,0.031080426648259163
17114,0.031080426648259163
17115,0.037496164441108704
17116,0.036280617117881775
17117,0.03895509988069534
17118,0.03872691094875336
17119,0.031080426648259163
17120,0.031080426648259163
17121,0.03872691094875336
17122,0.06808241456747055
17123,0.04816108196973801
17124,0.031080426648259163
17125,0.03872691094875336
17126,0.035056907683610916
17127,0.033092666417360306
17128,0.04816108196973801
17129,0.03872691094875336
17130,0.050112031400203705
17131,0.031080426648259163
17132,0.04816108196973801
17133,0.031080426648259163
17134,0.04406026750802994
17135,0.04831765964627266
17136,0.07889097929000854
17137,0.06881100684404373
17138,0.04531512409448624
17139,0.07158908247947693
17140,0.031113112345337868
17141,0.07142142206430435
17142,0.03499862924218178
17143,0.07015809416770935
17144,0.029001878574490547
17145,0.03765476867556572
17146,0.06888703256845474
17147,0.029016004875302315
17148,0.031212780624628067
17149,0.04836254194378853
17150,0.06888703256845474
17151,0.019246801733970642
17152,0.060402762144804
17153,0.0677751749753952
17154,0.030061716213822365
17155,0.03889050707221031
17156,0.029975159093737602
17157,0.03441132232546806
17158,0.052638374269008636
17159,0.0196656733751297
17160,0.05055340379476547
17161,0.034584540873765945
17162,0.04217734560370445
17163,0.035997599363327026
17164,0.032092660665512085
17165,0.09643534570932388
17166,0.07147488743066788
17167,0.03097846359014511
17168,0.04814733564853668
17169,0.025571485981345177
17170,0.026116209104657173
17171,0.13906504213809967
17172,0.05474448204040527
17173,0.048389505594968796
17174,0.027559513226151466
17175,0.023239411413669586
17176,0.02586871199309826
17177,0.07487179338932037
17178,0.023213546723127365
17179,0.026454363018274307
17180,0.023499464616179466
17181,0.069080650806427
17182,0.032800499349832535
17183,0.03520726412534714
17184,0.02311798557639122
17185,0.02398941107094288
17186,0.02398941107094288
17187,0.02041701041162014
17188,0.04965464770793915
17189,0.0326642282307148
17190,0.12629608809947968
17191,0.02316185086965561
17192,0.029139388352632523
17193,0.024721475318074226
17194,0.036400262266397476
17195,0.1421835869550705
17196,0.046433623880147934
17197,0.04503031075000763
17198,0.03904568776488304
17199,0.05769863724708557
17200,0.04839128628373146
17201,0.008936184458434582
17202,0.042495496571063995
17203,0.07525454461574554
17204,0.024736862629652023
17205,0.02572525478899479
17206,0.06302083283662796
17207,0.03295893594622612
17208,0.03163807466626167
17209,0.03712612763047218
17210,0.02311127819120884
17211,0.04890137165784836
17212,0.05614244192838669
17213,0.054358430206775665
17214,0.0978751853108406
17215,0.03163807466626167
17216,0.025732163339853287
17217,0.040489908307790756
17218,0.09079954773187637
17219,0.03256356716156006
17220,0.024460233747959137
17221,0.025746462866663933
17222,0.03256356716156006
17223,0.050003670156002045
17224,0.035041507333517075
17225,0.09400812536478043
17226,0.03207242116332054
17227,0.05360717698931694
17228,0.0606297068297863
17229,0.0406823568046093
17230,0.027110962197184563
17231,0.04445376619696617
17232,0.04402674362063408
17233,0.029975159093737602
17234,0.04229653254151344
17235,0.02654353715479374
17236,0.08645233511924744
17237,0.033111996948719025
17238,0.03406728431582451
17239,0.09202826768159866
17240,0.0525510348379612
17241,0.03038807027041912
17242,0.03278793394565582
17243,0.04710746929049492
17244,0.15213660895824432
17245,0.02574363723397255
17246,0.030576106160879135
17247,0.030576106160879135
17248,0.04942895844578743
17249,0.05303722247481346
17250,0.04346942529082298
17251,0.05461908131837845
17252,0.020554929971694946
17253,0.04705853387713432
17254,0.03743143379688263
17255,0.030426817014813423
17256,0.030087538063526154
17257,0.010517477057874203
17258,0.04079942777752876
17259,0.0930602177977562
17260,0.10091882199048996
17261,0.13760794699192047
17262,0.12025483697652817
17263,0.08049473911523819
17264,0.023185165598988533
17265,0.06313637644052505
17266,0.01775495707988739
17267,0.1367274969816208
17268,0.04084675759077072
17269,0.02021646685898304
17270,0.04757019504904747
17271,0.022100238129496574
17272,0.0607205294072628
17273,0.13908050954341888
17274,0.02756415866315365
17275,0.02756415866315365
17276,0.02756415866315365
17277,0.0451466366648674
17278,0.13853119313716888
17279,0.08615794777870178
17280,0.02756415866315365
17281,0.018696192651987076
17282,0.02021646685898304
17283,0.024393856525421143
17284,0.024386102333664894
17285,0.006567439995706081
17286,0.04356361925601959
17287,0.051391154527664185
17288,0.02668357454240322
17289,0.07679938524961472
17290,0.10811876505613327
17291,0.10811876505613327
17292,0.06650092452764511
17293,0.030419619753956795
17294,0.05982101336121559
17295,0.07670769095420837
17296,0.04295175522565842
17297,0.12269244343042374
17298,0.04732069745659828
17299,0.027403030544519424
17300,0.08256488293409348
17301,0.07553193718194962
17302,0.044977784156799316
17303,0.044977784156799316
17304,0.044977784156799316
17305,0.044977784156799316
17306,0.05041729658842087
17307,0.025511136278510094
17308,0.05640297010540962
17309,0.15722337365150452
17310,0.045289210975170135
17311,0.025732163339853287
17312,0.2106190025806427
17313,0.03262446075677872
17314,0.05144507810473442
17315,0.039748769253492355
17316,0.02378879301249981
17317,0.03563990071415901
17318,0.03115641511976719
17319,0.060068175196647644
17320,0.12120140343904495
17321,0.025501014664769173
17322,0.008860979229211807
17323,0.05338256433606148
17324,0.0337756909430027
17325,0.027506668120622635
17326,0.05521322414278984
17327,0.047056302428245544
17328,0.03756077215075493
17329,0.08778999745845795
17330,0.04105756804347038
17331,0.12037553638219833
17332,0.040335625410079956
17333,0.06366132199764252
17334,0.009376573376357555
17335,0.021224070340394974
17336,0.04093034937977791
17337,0.052691228687763214
17338,0.0790746733546257
17339,0.032339856028556824
17340,0.07501697540283203
17341,0.12119986116886139
17342,0.049187589436769485
17343,0.04933715984225273
17344,0.08418925851583481
17345,0.06455893814563751
17346,0.04064195975661278
17347,0.02917935885488987
17348,0.04596126079559326
17349,0.011083067394793034
17350,0.05444353073835373
17351,0.036430492997169495
17352,0.042561423033475876
17353,0.03495234251022339
17354,0.06251030415296555
17355,0.03911604359745979
17356,0.026286862790584564
17357,0.023206157609820366
17358,0.04611581563949585
17359,0.09880264103412628
17360,0.06004318967461586
17361,0.07361907511949539
17362,0.27183452248573303
17363,0.025200126692652702
17364,0.036877576261758804
17365,0.04926399141550064
17366,0.06049906834959984
17367,0.04993467405438423
17368,0.05129757523536682
17369,0.03195659816265106
17370,0.03195659816265106
17371,0.04517006501555443
17372,0.05219144746661186
17373,0.049458954483270645
17374,0.047208283096551895
17375,0.06196422874927521
17376,0.05830683931708336
17377,0.03284348174929619
17378,0.028628425672650337
17379,0.023189544677734375
17380,0.029357511550188065
17381,0.024268271401524544
17382,0.05788422003388405
17383,0.07837647944688797
17384,0.07514216005802155
17385,0.04753285273909569
17386,0.02320430986583233
17387,0.07134877890348434
17388,0.050968512892723083
17389,0.023099591955542564
17390,0.05236031115055084
17391,0.06041623651981354
17392,0.011655361391603947
17393,0.062088195234537125
17394,0.062088195234537125
17395,0.008899582549929619
17396,0.02144715003669262
17397,0.05674110725522041
17398,0.04433392360806465
17399,0.08216557651758194
17400,0.0425654873251915
17401,0.04319578781723976
17402,0.07834310829639435
17403,0.07834310829639435
17404,0.07834310829639435
17405,0.07088177651166916
17406,0.03260265290737152
17407,0.05984323471784592
17408,0.034698519855737686
17409,0.05207548290491104
17410,0.025377938523888588
17411,0.03847094625234604
17412,0.03260521963238716
17413,0.05403915047645569
17414,0.036655277013778687
17415,0.08442278951406479
17416,0.03394114971160889
17417,0.07370124757289886
17418,0.08710543066263199
17419,0.049116238951683044
17420,0.04236149415373802
17421,0.045306529849767685
17422,0.07492204010486603
17423,0.06595087796449661
17424,0.02380233258008957
17425,0.025234166532754898
17426,0.05692469701170921
17427,0.03222663700580597
17428,0.027570417150855064
17429,0.04143518954515457
17430,0.03740502893924713
17431,0.03060014732182026
17432,0.04704026132822037
17433,0.028737986460328102
17434,0.02570674754679203
17435,0.03921377658843994
17436,0.06462452560663223
17437,0.024503599852323532
17438,0.023088563233613968
17439,0.05482986569404602
17440,0.04164452478289604
17441,0.03616722673177719
17442,0.027497949078679085
17443,0.027497949078679085
17444,0.027497949078679085
17445,0.027497949078679085
17446,0.020755190402269363
17447,0.0329727828502655
17448,0.021082192659378052
17449,0.053968679159879684
17450,0.006250724196434021
17451,0.040402308106422424
17452,0.03528545796871185
17453,0.01998402178287506
17454,0.06873685866594315
17455,0.39930975437164307
17456,0.0915592685341835
17457,0.11412566900253296
17458,0.05775798484683037
17459,0.03941698372364044
17460,0.04169006273150444
17461,0.008935462683439255
17462,0.10900045931339264
17463,0.041647769510746
17464,0.02624088153243065
17465,0.034248534590005875
17466,0.05719222500920296
17467,0.07917273789644241
17468,0.03716691583395004
17469,0.024366730824112892
17470,0.02634725347161293
17471,0.04491034522652626
17472,0.05041825771331787
17473,0.02400374598801136
17474,0.05179028958082199
17475,0.07017525285482407
17476,0.07003187388181686
17477,0.027477366849780083
17478,0.03310937061905861
17479,0.3230731785297394
17480,0.058290205895900726
17481,0.09749925881624222
17482,0.0882633849978447
17483,0.02558991312980652
17484,0.10056363046169281
17485,0.03222797065973282
17486,0.03148908168077469
17487,0.06250420212745667
17488,0.022916793823242188
17489,0.09846492856740952
17490,0.026200272142887115
17491,0.05604248493909836
17492,0.05518580973148346
17493,0.0437375009059906
17494,0.05488099157810211
17495,0.08118808269500732
17496,0.03095143660902977
17497,0.03781909868121147
17498,0.051807258278131485
17499,0.024908771738409996
17500,0.029225574806332588
17501,0.06193935126066208
17502,0.03798392787575722
17503,0.02326502464711666
17504,0.09710979461669922
17505,0.029875537380576134
17506,0.030790137127041817
17507,0.10872924327850342
17508,0.04239053651690483
17509,0.046986401081085205
17510,0.1074656993150711
17511,0.09951997548341751
17512,0.08021464198827744
17513,0.08021518588066101
17514,0.07095860689878464
17515,0.03266360983252525
17516,0.030973423272371292
17517,0.07488425821065903
17518,0.07652639597654343
17519,0.14089612662792206
17520,0.04096874222159386
17521,0.036447200924158096
17522,0.1948518455028534
17523,0.05578269064426422
17524,0.03381907939910889
17525,0.04601844772696495
17526,0.1290515661239624
17527,0.07465608417987823
17528,0.03956564888358116
17529,0.06583920121192932
17530,0.08177658915519714
17531,0.027527356520295143
17532,0.06473958492279053
17533,0.027522994205355644
17534,0.02427526004612446
17535,0.05568048357963562
17536,0.04896712675690651
17537,0.1553982049226761
17538,0.09706426411867142
17539,0.10822870582342148
17540,0.11185529083013535
17541,0.09452760219573975
17542,0.02302081324160099
17543,0.027527356520295143
17544,0.027522994205355644
17545,0.027522994205355644
17546,0.08291109651327133
17547,0.044506385922431946
17548,0.027527356520295143
17549,0.045924969017505646
17550,0.03933766111731529
17551,0.11553972214460373
17552,0.08260609209537506
17553,0.02530510723590851
17554,0.06616286188364029
17555,0.11464465409517288
17556,0.08268817514181137
17557,0.027404509484767914
17558,0.03637241944670677
17559,0.10249070823192596
17560,0.08268817514181137
17561,0.006264399737119675
17562,0.063176229596138
17563,0.059243302792310715
17564,0.045924969017505646
17565,0.03957408666610718
17566,0.05143830552697182
17567,0.09732376784086227
17568,0.04818466305732727
17569,0.08123015612363815
17570,0.024301093071699142
17571,0.0485415905714035
17572,0.028673816472291946
17573,0.13760794699192047
17574,0.12805680930614471
17575,0.022906968370079994
17576,0.07202227413654327
17577,0.03067591041326523
17578,0.2739056348800659
17579,0.08971485495567322
17580,0.027232319116592407
17581,0.06308410316705704
17582,0.06444273889064789
17583,0.1497364491224289
17584,0.14687883853912354
17585,0.19387821853160858
17586,0.33756592869758606
17587,0.020360328257083893
17588,0.03309943526983261
17589,0.06728669255971909
17590,0.21548406779766083
17591,0.11062734574079514
17592,0.06021079048514366
17593,0.8153802752494812
17594,0.0519777312874794
17595,0.09608174860477448
17596,0.13282977044582367
17597,0.2821855843067169
17598,0.14894016087055206
17599,0.14894016087055206
17600,0.054450344294309616
17601,0.10899781435728073
17602,0.01930445246398449
17603,0.033190805464982986
17604,0.21011467278003693
17605,0.08512740582227707
17606,0.11269678920507431
17607,0.07686096429824829
17608,0.02037716470658779
17609,0.02037716470658779
17610,0.020416229963302612
17611,0.02272544428706169
17612,0.02037716470658779
17613,0.07191123068332672
17614,0.02037716470658779
17615,0.04503672942519188
17616,0.023598579689860344
17617,0.03273652121424675
17618,0.022756217047572136
17619,0.0321955569088459
17620,0.04995794594287872
17621,0.041784677654504776
17622,0.022498512640595436
17623,0.06768408417701721
17624,0.3213593661785126
17625,0.9903851747512817
17626,0.05843393877148628
17627,0.03928780555725098
17628,0.07726305723190308
17629,0.02037716470658779
17630,0.008838114328682423
17631,0.10294046998023987
17632,0.04095231369137764
17633,0.08912208676338196
17634,0.1042872816324234
17635,0.04007681831717491
17636,0.009703687392175198
17637,0.03797876089811325
17638,0.03351321816444397
17639,0.02366499975323677
17640,0.024637941271066666
17641,0.040103472769260406
17642,0.02366499975323677
17643,0.030470501631498337
17644,0.06888707727193832
17645,0.5851314067840576
17646,0.2538212835788727
17647,0.030206914991140366
17648,0.045426253229379654
17649,0.04736600071191788
17650,0.15874899923801422
17651,0.15226389467716217
17652,0.030206914991140366
17653,0.030206914991140366
17654,0.027330828830599785
17655,0.059768196195364
17656,0.16739866137504578
17657,0.11187482625246048
17658,0.03221908584237099
17659,0.03264745697379112
17660,0.034247469156980515
17661,0.06001659110188484
17662,0.05969657003879547
17663,0.08494385331869125
17664,0.0596371553838253
17665,0.12935075163841248
17666,0.054730575531721115
17667,0.02479228563606739
17668,0.14386141300201416
17669,0.04079942777752876
17670,0.047364771366119385
17671,0.037449050694704056
17672,0.04779219254851341
17673,0.07193231582641602
17674,0.07523374259471893
17675,0.04607272893190384
17676,0.05535747483372688
17677,0.06783711910247803
17678,0.056989770382642746
17679,0.07903602719306946
17680,0.07072892040014267
17681,0.05647585541009903
17682,0.020982569083571434
17683,0.04881051927804947
17684,0.02621196024119854
17685,0.04970162361860275
17686,0.1671454757452011
17687,0.06063496693968773
17688,0.040987420827150345
17689,0.07097943872213364
17690,0.108692467212677
17691,0.08550988882780075
17692,0.1278156340122223
17693,0.07606775313615799
17694,0.03468532860279083
17695,0.07490377128124237
17696,0.04608072713017464
17697,0.08672625571489334
17698,0.07961390912532806
17699,0.0244663767516613
17700,0.03796820342540741
17701,0.04237111657857895
17702,0.13169053196907043
17703,0.021562010049819946
17704,0.09034763276576996
17705,0.02201741188764572
17706,0.03286992385983467
17707,0.04979371279478073
17708,0.04118911921977997
17709,0.055431049317121506
17710,0.057407669723033905
17711,0.06476892530918121
17712,0.06951229274272919
17713,0.05000163987278938
17714,0.12877582013607025
17715,0.10955631732940674
17716,0.0705426037311554
17717,0.04953561723232269
17718,0.04457417502999306
17719,0.03875298425555229
17720,0.04590211436152458
17721,0.027098514139652252
17722,0.023285239934921265
17723,0.0717158243060112
17724,0.07770562171936035
17725,0.034560948610305786
17726,0.03403859958052635
17727,0.08344576507806778
17728,0.043158967047929764
17729,0.028396854177117348
17730,0.08821015805006027
17731,0.12151409685611725
17732,0.04218253865838051
17733,0.030494846403598785
17734,0.047445714473724365
17735,0.0817059725522995
17736,0.043080102652311325
17737,0.04605455324053764
17738,0.03075072169303894
17739,0.05915631726384163
17740,0.03675603121519089
17741,0.028700504451990128
17742,0.023621466010808945
17743,0.09038835763931274
17744,0.07919653505086899
17745,0.04041971638798714
17746,0.05738065764307976
17747,0.06787821650505066
17748,0.02888515591621399
17749,0.11509139835834503
17750,0.05738065764307976
17751,0.029487265273928642
17752,0.0399068184196949
17753,0.02287123166024685
17754,0.09297249466180801
17755,0.04854767024517059
17756,0.032463427633047104
17757,0.04560259357094765
17758,0.10892152786254883
17759,0.08831832557916641
17760,0.05214245617389679
17761,0.0682467371225357
17762,0.06671041995286942
17763,0.027615481987595558
17764,0.05384819582104683
17765,0.027615481987595558
17766,0.027615481987595558
17767,0.05384819582104683
17768,0.027615481987595558
17769,0.027615481987595558
17770,0.027615481987595558
17771,0.027615481987595558
17772,0.08831832557916641
17773,0.03523602709174156
17774,0.1103043183684349
17775,0.032951679080724716
17776,0.05849242955446243
17777,0.1218673586845398
17778,0.16512073576450348
17779,0.04637804627418518
17780,0.03457815945148468
17781,0.01714896596968174
17782,0.024549495428800583
17783,0.036179330199956894
17784,0.15472862124443054
17785,0.05768030881881714
17786,0.0510212779045105
17787,0.028267741203308105
17788,0.07906949520111084
17789,0.10747817903757095
17790,0.0374838188290596
17791,0.07762394845485687
17792,0.02059924043715
17793,0.05768284946680069
17794,0.04300708696246147
17795,0.050130147486925125
17796,0.02521180734038353
17797,0.08002547919750214
17798,0.03841082379221916
17799,0.08097338676452637
17800,0.03794524818658829
17801,0.0377529002726078
17802,0.03819757699966431
17803,0.04251207038760185
17804,0.07126222550868988
17805,0.027456922456622124
17806,0.028390605002641678
17807,0.1765972077846527
17808,0.04889385402202606
17809,0.031225860118865967
17810,0.03438017889857292
17811,0.03959982842206955
17812,0.0235361997038126
17813,0.03497583046555519
17814,0.08417771011590958
17815,0.03250866383314133
17816,0.06664025783538818
17817,0.026135269552469254
17818,0.030651520937681198
17819,0.09223499149084091
17820,0.031238112598657608
17821,0.06345594674348831
17822,0.0778224766254425
17823,0.134920135140419
17824,0.0829092413187027
17825,0.029964299872517586
17826,0.05443602427840233
17827,0.05389615148305893
17828,0.02587856538593769
17829,0.08291954547166824
17830,0.037696000188589096
17831,0.06851932406425476
17832,0.03161710873246193
17833,0.03375843167304993
17834,0.12981311976909637
17835,0.037263642996549606
17836,0.14890718460083008
17837,0.03512851148843765
17838,0.05904891714453697
17839,0.02996332012116909
17840,0.029897090047597885
17841,0.029897090047597885
17842,0.029897090047597885
17843,0.029897090047597885
17844,0.029897090047597885
17845,0.037263642996549606
17846,0.03707372769713402
17847,0.036514513194561005
17848,0.029897090047597885
17849,0.04552444815635681
17850,0.029440637677907944
17851,0.029897090047597885
17852,0.029897090047597885
17853,0.020743630826473236
17854,0.03754570707678795
17855,0.037424236536026
17856,0.03744024038314819
17857,0.027606725692749023
17858,0.031550850719213486
17859,0.023243417963385582
17860,0.05779113620519638
17861,0.04339084029197693
17862,0.02896556444466114
17863,0.02539229579269886
17864,0.07480160146951675
17865,0.02539229579269886
17866,0.02539229579269886
17867,0.02539229579269886
17868,0.03182248771190643
17869,0.02539229579269886
17870,0.02539229579269886
17871,0.02491767518222332
17872,0.02539229579269886
17873,0.03803495317697525
17874,0.02539229579269886
17875,0.07044988125562668
17876,0.05801764503121376
17877,0.03293992206454277
17878,0.0460851676762104
17879,0.023168988525867462
17880,0.05753283575177193
17881,0.11129442602396011
17882,0.03181996941566467
17883,0.08793780207633972
17884,0.06273282319307327
17885,0.17268002033233643
17886,0.03181996941566467
17887,0.025407463312149048
17888,0.16633518040180206
17889,0.19824692606925964
17890,0.07316720485687256
17891,0.04231259971857071
17892,0.028963269665837288
17893,0.028400352224707603
17894,0.04896564036607742
17895,0.027565596625208855
17896,0.15910373628139496
17897,0.02473285049200058
17898,0.40887564420700073
17899,0.024381903931498528
17900,0.0725884959101677
17901,0.05665693059563637
17902,0.17715243995189667
17903,0.08002983033657074
17904,0.030405206605792046
17905,0.05216175690293312
17906,0.05175451189279556
17907,0.033102091401815414
17908,0.09081415832042694
17909,0.046531468629837036
17910,0.03044319711625576
17911,0.044763289391994476
17912,0.01820535771548748
17913,0.02969173900783062
17914,0.03602272644639015
17915,0.025859085842967033
17916,0.042761802673339844
17917,0.042761802673339844
17918,0.08587893843650818
17919,0.042761802673339844
17920,0.03941597044467926
17921,0.026638679206371307
17922,0.050612740218639374
17923,0.05037158727645874
17924,0.05037158727645874
17925,0.05037158727645874
17926,0.03246432542800903
17927,0.042761802673339844
17928,0.03513127565383911
17929,0.034980159252882004
17930,0.030529947951436043
17931,0.03744024038314819
17932,0.06845090538263321
17933,0.027704181149601936
17934,0.052148040384054184
17935,0.06732655316591263
17936,0.03176167979836464
17937,0.04748791828751564
17938,0.03331560268998146
17939,0.04311851039528847
17940,0.03512851148843765
17941,0.024270473048090935
17942,0.0448225699365139
17943,0.05752627179026604
17944,0.040610406547784805
17945,0.03551248461008072
17946,0.03573077172040939
17947,0.04401127249002457
17948,0.06008534133434296
17949,0.04636581614613533
17950,0.045147620141506195
17951,0.04359757527709007
17952,0.0784752294421196
17953,0.033175546675920486
17954,0.033175546675920486
17955,0.023332061246037483
17956,0.05056985095143318
17957,0.11076036095619202
17958,0.03483392298221588
17959,0.044385261833667755
17960,0.044385261833667755
17961,0.044385261833667755
17962,0.021720148622989655
17963,0.043173521757125854
17964,0.04106642305850983
17965,0.030205825343728065
17966,0.04112004116177559
17967,0.11180629581212997
17968,0.027025720104575157
17969,0.024194424971938133
17970,0.14791178703308105
17971,0.047791238874197006
17972,0.025472404435276985
17973,0.028958691284060478
17974,0.047585632652044296
17975,0.067491315305233
17976,0.044963791966438293
17977,0.05336170271039009
17978,0.024757714942097664
17979,0.02907998487353325
17980,0.0301844272762537
17981,0.024757714942097664
17982,0.024757714942097664
17983,0.028628166764974594
17984,0.020576240494847298
17985,0.01587817259132862
17986,0.0248909629881382
17987,0.026725923642516136
17988,0.030949639156460762
17989,0.06852536648511887
17990,0.03281182423233986
17991,0.03374490141868591
17992,0.059239935129880905
17993,0.06613853573799133
17994,0.02329844795167446
17995,0.024889538064599037
17996,0.06722594052553177
17997,0.05635157227516174
17998,0.02452019602060318
17999,0.025736574083566666
18000,0.034239381551742554
18001,0.037488196045160294
18002,0.035711515694856644
18003,0.0387517511844635
18004,0.029975159093737602
18005,0.04860711842775345
18006,0.03133474662899971
18007,0.10606306791305542
18008,0.028711650520563126
18009,0.018191395327448845
18010,0.050658997148275375
18011,0.03464943915605545
18012,0.1780361384153366
18013,0.04769231006503105
18014,0.032399073243141174
18015,0.113564632833004
18016,0.00884454045444727
18017,0.014432277530431747
18018,0.02547449618577957
18019,0.05605807155370712
18020,0.06247016787528992
18021,0.02179921232163906
18022,0.023319069296121597
18023,0.04515712335705757
18024,0.13733910024166107
18025,0.05266682058572769
18026,0.03819587454199791
18027,0.046646200120449066
18028,0.02397339604794979
18029,0.04503842443227768
18030,0.047862693667411804
18031,0.05072386562824249
18032,0.05402363836765289
18033,0.050207678228616714
18034,0.040927160531282425
18035,0.04939708486199379
18036,0.036748528480529785
18037,0.02919020690023899
18038,0.028976649045944214
18039,0.04946870356798172
18040,0.12699592113494873
18041,0.05103718489408493
18042,0.04662708193063736
18043,0.006237158551812172
18044,0.04125351086258888
18045,0.02896556444466114
18046,0.018262961879372597
18047,0.1202358603477478
18048,0.052886079996824265
18049,0.014692707918584347
18050,0.022103751078248024
18051,0.05021630600094795
18052,0.06180828809738159
18053,0.15569230914115906
18054,0.036680709570646286
18055,0.029812362045049667
18056,0.0371057353913784
18057,0.03929255157709122
18058,0.04492643103003502
18059,0.03797411918640137
18060,0.023014802485704422
18061,0.02465779520571232
18062,0.025648266077041626
18063,0.043675780296325684
18064,0.03194595128297806
18065,0.07100928574800491
18066,0.06349171698093414
18067,0.05202847346663475
18068,0.050034135580062866
18069,0.04718558117747307
18070,0.046719200909137726
18071,0.08119577169418335
18072,0.04404064640402794
18073,0.025722278282046318
18074,0.03619049862027168
18075,0.0418454110622406
18076,0.04093034937977791
18077,0.03125865012407303
18078,0.04849197342991829
18079,0.10888176411390305
18080,0.12437281012535095
18081,0.08647894859313965
18082,0.04315951094031334
18083,0.02594713866710663
18084,0.02594713866710663
18085,0.04003097116947174
18086,0.04464460164308548
18087,0.025369543582201004
18088,0.024544280022382736
18089,0.025945084169507027
18090,0.044365011155605316
18091,0.044365011155605316
18092,0.043604735285043716
18093,0.03472352400422096
18094,0.04077557101845741
18095,0.05271562561392784
18096,0.04069842770695686
18097,0.03274235501885414
18098,0.048719823360443115
18099,0.04219791665673256
18100,0.07724333554506302
18101,0.04855721816420555
18102,0.06005792319774628
18103,0.08356146514415741
18104,0.046615950763225555
18105,0.06203855946660042
18106,0.02332528866827488
18107,0.037449050694704056
18108,0.047497838735580444
18109,0.03130428120493889
18110,0.023163562640547752
18111,0.03108523227274418
18112,0.0977475568652153
18113,0.042060744017362595
18114,0.026106545701622963
18115,0.051126591861248016
18116,0.06840556859970093
18117,0.02330237627029419
18118,0.04213462024927139
18119,0.04213462024927139
18120,0.05088416114449501
18121,0.04213462024927139
18122,0.04213462024927139
18123,0.04213462024927139
18124,0.09906028211116791
18125,0.014422866515815258
18126,0.09092946350574493
18127,0.058013204485177994
18128,0.07072599977254868
18129,0.04015045240521431
18130,0.044160183519124985
18131,0.04411206766963005
18132,0.08063217252492905
18133,0.18668296933174133
18134,0.03853246197104454
18135,0.03128451853990555
18136,0.034285206347703934
18137,0.037286143749952316
18138,0.034285206347703934
18139,0.08409608155488968
18140,0.06076895073056221
18141,0.01628018543124199
18142,0.11598413437604904
18143,0.028639579191803932
18144,0.03728322684764862
18145,0.037286143749952316
18146,0.13838544487953186
18147,0.07033304125070572
18148,0.06518545746803284
18149,0.03901002183556557
18150,0.06834451854228973
18151,0.04426783323287964
18152,0.06079557165503502
18153,0.06298346817493439
18154,0.03146832063794136
18155,0.05986793711781502
18156,0.025705959647893906
18157,0.10621653497219086
18158,0.05130729079246521
18159,0.030342869460582733
18160,0.027501918375492096
18161,0.03498133644461632
18162,0.024382539093494415
18163,0.02570391818881035
18164,0.03658430278301239
18165,0.03443071246147156
18166,0.044436462223529816
18167,0.04237867146730423
18168,0.040769822895526886
18169,0.052565306425094604
18170,0.06200132146477699
18171,0.03424137458205223
18172,0.04847368225455284
18173,0.05343862995505333
18174,0.0420377142727375
18175,0.046188171952962875
18176,0.11068323254585266
18177,0.04170207679271698
18178,0.025207167491316795
18179,0.12277231365442276
18180,0.08407102525234222
18181,0.04451833292841911
18182,0.02121734619140625
18183,0.06375269591808319
18184,0.0726836621761322
18185,0.024469584226608276
18186,0.06578165292739868
18187,0.02627420797944069
18188,0.06247493997216225
18189,0.25104546546936035
18190,0.05732857063412666
18191,0.06740634143352509
18192,0.03449864313006401
18193,0.18930111825466156
18194,0.03167755901813507
18195,0.024386629462242126
18196,0.02451113611459732
18197,0.20114605128765106
18198,0.14229828119277954
18199,0.08499103039503098
18200,0.07706913352012634
18201,0.037486445158720016
18202,0.08357669413089752
18203,0.043318334966897964
18204,0.19381113350391388
18205,0.12137208133935928
18206,0.03362041339278221
18207,0.02594786323606968
18208,0.03386315703392029
18209,0.05989707261323929
18210,0.050257183611392975
18211,0.033054232597351074
18212,0.054086118936538696
18213,0.014557573944330215
18214,0.056485917419195175
18215,0.024679847061634064
18216,0.0572669580578804
18217,0.07467202842235565
18218,0.03455255925655365
18219,0.10432878881692886
18220,0.04272950813174248
18221,0.11075978726148605
18222,0.06359805166721344
18223,0.024472463876008987
18224,0.04652678593993187
18225,0.024472463876008987
18226,0.024472463876008987
18227,0.024558188393712044
18228,0.024472463876008987
18229,0.024472463876008987
18230,0.03179820626974106
18231,0.033390406519174576
18232,0.024558188393712044
18233,0.024472463876008987
18234,0.024558188393712044
18235,0.024558188393712044
18236,0.024472463876008987
18237,0.024472463876008987
18238,0.024472463876008987
18239,0.055720701813697815
18240,0.023394960910081863
18241,0.035124171525239944
18242,0.10005467385053635
18243,0.23720669746398926
18244,0.03500814735889435
18245,0.047779522836208344
18246,0.05114275962114334
18247,0.10129740089178085
18248,0.12241412699222565
18249,0.08471005409955978
18250,0.15140092372894287
18251,0.04323720186948776
18252,0.34015393257141113
18253,0.12675979733467102
18254,0.32525819540023804
18255,0.03662939742207527
18256,0.03732261061668396
18257,0.03895857185125351
18258,0.04111240431666374
18259,0.030864443629980087
18260,0.061080314218997955
18261,0.09573497623205185
18262,0.029716534540057182
18263,0.03011287935078144
18264,0.09238950163125992
18265,0.03449488803744316
18266,0.042782027274370193
18267,0.0361432246863842
18268,0.0361432246863842
18269,0.09024050831794739
18270,0.06529434770345688
18271,0.03949763625860214
18272,0.1242235079407692
18273,0.06927814334630966
18274,0.0737457126379013
18275,0.026033418253064156
18276,0.06594415009021759
18277,0.026576224714517593
18278,0.03327745199203491
18279,0.054992929100990295
18280,0.051995113492012024
18281,0.04830412194132805
18282,0.02569371648132801
18283,0.06593912839889526
18284,0.03736244887113571
18285,0.04494136944413185
18286,0.02544810250401497
18287,0.08726519346237183
18288,0.0381014458835125
18289,0.02544810250401497
18290,0.08722454309463501
18291,0.025311138480901718
18292,0.16016976535320282
18293,0.04264480620622635
18294,0.028668517246842384
18295,0.03216095641255379
18296,0.14027658104896545
18297,0.24184811115264893
18298,0.03067016787827015
18299,0.0721428394317627
18300,0.07495919615030289
18301,0.06867678463459015
18302,0.03264230489730835
18303,0.03259603679180145
18304,0.10967428982257843
18305,0.054815929383039474
18306,0.0287607591599226
18307,0.14622004330158234
18308,0.06807596981525421
18309,0.0686507448554039
18310,0.043312039226293564
18311,0.12477699667215347
18312,0.05660735070705414
18313,0.03572797402739525
18314,0.05602719262242317
18315,0.02441975474357605
18316,0.026860827580094337
18317,0.03572789207100868
18318,0.029749801382422447
18319,0.03572789207100868
18320,0.03572789207100868
18321,0.08406221121549606
18322,0.03572789207100868
18323,0.03572789207100868
18324,0.04085541144013405
18325,0.03156571462750435
18326,0.03572789207100868
18327,0.05078072100877762
18328,0.03572789207100868
18329,0.03572789207100868
18330,0.03572789207100868
18331,0.03572789207100868
18332,0.03572789207100868
18333,0.03572789207100868
18334,0.05446271598339081
18335,0.02456473745405674
18336,0.052576303482055664
18337,0.06866775453090668
18338,0.04081219434738159
18339,0.028924347832798958
18340,0.023296816274523735
18341,0.04081219434738159
18342,0.18342821300029755
18343,0.03572789207100868
18344,0.0657811239361763
18345,0.04227716475725174
18346,0.053287263959646225
18347,0.04802102595567703
18348,0.03572789207100868
18349,0.15842323005199432
18350,0.1402401626110077
18351,0.042146436870098114
18352,0.03572789207100868
18353,0.05578673258423805
18354,0.07527739554643631
18355,0.07503572106361389
18356,0.6797612309455872
18357,0.039721276611089706
18358,0.07022806257009506
18359,0.03611397370696068
18360,0.02925497479736805
18361,0.04765951260924339
18362,0.037446118891239166
18363,0.024378301575779915
18364,0.0940880998969078
18365,0.036237504333257675
18366,0.060181986540555954
18367,0.031158847734332085
18368,0.11929526180028915
18369,0.03186206892132759
18370,0.1391706019639969
18371,0.048447396606206894
18372,0.06839951127767563
18373,0.06769105046987534
18374,0.029661713168025017
18375,0.029661713168025017
18376,0.029661713168025017
18377,0.029661713168025017
18378,0.050688449293375015
18379,0.029661713168025017
18380,0.029661713168025017
18381,0.029661713168025017
18382,0.029661713168025017
18383,0.029661713168025017
18384,0.029661713168025017
18385,0.029661713168025017
18386,0.029661713168025017
18387,0.029661713168025017
18388,0.029661713168025017
18389,0.029661713168025017
18390,0.04869473725557327
18391,0.07203437387943268
18392,0.0484619066119194
18393,0.029661713168025017
18394,0.029661713168025017
18395,0.07122103124856949
18396,0.03131103515625
18397,0.04456520080566406
18398,0.028967855498194695
18399,0.0404113233089447
18400,0.14739327132701874
18401,0.05460210144519806
18402,0.028596000745892525
18403,0.040780406445264816
18404,0.034809283912181854
18405,0.05901647359132767
18406,0.034809283912181854
18407,0.08128955215215683
18408,0.010517477057874203
18409,0.07250110059976578
18410,0.02832265943288803
18411,0.059754472225904465
18412,0.09515131264925003
18413,0.06270670145750046
18414,0.03928231820464134
18415,0.05853773280978203
18416,0.10500386357307434
18417,0.05518772080540657
18418,0.07821281999349594
18419,0.05568086728453636
18420,0.03922567889094353
18421,0.046952538192272186
18422,0.06626410782337189
18423,0.09886638820171356
18424,0.03192298114299774
18425,0.030732346698641777
18426,0.34251895546913147
18427,0.07755810767412186
18428,0.05313834175467491
18429,0.06328453123569489
18430,0.05265895277261734
18431,0.06349719315767288
18432,0.0341045968234539
18433,0.038739122450351715
18434,0.08546638488769531
18435,0.05986573547124863
18436,0.34251895546913147
18437,0.006209528539329767
18438,0.09551988542079926
18439,0.05330479145050049
18440,0.05839565768837929
18441,0.033288437873125076
18442,0.09181112051010132
18443,0.033288437873125076
18444,0.046948887407779694
18445,0.05249633640050888
18446,0.06393133848905563
18447,0.04676275700330734
18448,0.04140325263142586
18449,0.10890542715787888
18450,0.08292445540428162
18451,0.024125810712575912
18452,0.08466479182243347
18453,0.05950991436839104
18454,0.06242295354604721
18455,0.053184207528829575
18456,0.038866445422172546
18457,0.038866445422172546
18458,0.04938904196023941
18459,0.04446883872151375
18460,0.02317139506340027
18461,0.04171117767691612
18462,0.060676004737615585
18463,0.08035725355148315
18464,0.016477197408676147
18465,0.014464563690125942
18466,0.052719686180353165
18467,0.03473719209432602
18468,0.03982944414019585
18469,0.046583399176597595
18470,0.05730653926730156
18471,0.2081190049648285
18472,0.05165830999612808
18473,0.037951868027448654
18474,0.045918408781290054
18475,0.04235363006591797
18476,0.08110586553812027
18477,0.14692679047584534
18478,0.05988197401165962
18479,0.025876233354210854
18480,0.07336711883544922
18481,0.06043544411659241
18482,0.03597952425479889
18483,0.023016955703496933
18484,0.10761009156703949
18485,0.042812615633010864
18486,0.04610823094844818
18487,0.08175627887248993
18488,0.03812570124864578
18489,0.04107873514294624
18490,0.07323534786701202
18491,0.04847368225455284
18492,0.05264880508184433
18493,0.03322034329175949
18494,0.025287453085184097
18495,0.05101311579346657
18496,0.023270877078175545
18497,0.021367859095335007
18498,0.023432865738868713
18499,0.0627802237868309
18500,0.06987559795379639
18501,0.029066171497106552
18502,0.02841121144592762
18503,0.06316450238227844
18504,0.1157187819480896
18505,0.04121164232492447
18506,0.04748983681201935
18507,0.07118871062994003
18508,0.0863906666636467
18509,0.038935333490371704
18510,0.040863242000341415
18511,0.04418426379561424
18512,0.025677742436528206
18513,0.023364294320344925
18514,0.08646106719970703
18515,0.035494040697813034
18516,0.07857095450162888
18517,0.09342152625322342
18518,0.023236999288201332
18519,0.03434339538216591
18520,0.04093034937977791
18521,0.02047871984541416
18522,0.0077876439318060875
18523,0.14089927077293396
18524,0.14487026631832123
18525,0.04121164232492447
18526,0.024074504151940346
18527,0.04204105585813522
18528,0.07664982974529266
18529,0.05756603926420212
18530,0.03141925111413002
18531,0.04311179369688034
18532,0.06494265049695969
18533,0.032341454178094864
18534,0.11603651195764542
18535,0.04160385578870773
18536,0.02460644766688347
18537,0.05026809498667717
18538,0.03483247384428978
18539,0.043975815176963806
18540,0.05575401335954666
18541,0.04322945699095726
18542,0.03744732216000557
18543,0.044787704944610596
18544,0.039308659732341766
18545,0.02747022546827793
18546,0.04483303427696228
18547,0.021606989204883575
18548,0.03131570667028427
18549,0.0327429361641407
18550,0.025671297684311867
18551,0.0580187551677227
18552,0.03277498483657837
18553,0.05127887800335884
18554,0.03494018316268921
18555,0.06529434770345688
18556,0.03661590442061424
18557,0.3824905753135681
18558,0.04295175522565842
18559,0.025880344212055206
18560,0.05588683858513832
18561,0.028663134202361107
18562,0.03207427263259888
18563,0.1726510375738144
18564,0.03724892809987068
18565,0.03724892809987068
18566,0.03724892809987068
18567,0.03724892809987068
18568,0.03724892809987068
18569,0.04633495211601257
18570,0.04090972617268562
18571,0.04633495211601257
18572,0.02567945048213005
18573,0.04443992301821709
18574,0.025666723027825356
18575,0.03594294190406799
18576,0.057190921157598495
18577,0.02566925622522831
18578,0.06311649829149246
18579,0.022930685430765152
18580,0.08752426505088806
18581,0.0465797483921051
18582,0.0465797483921051
18583,0.05306127294898033
18584,0.11034970730543137
18585,0.07700935751199722
18586,0.18830184638500214
18587,0.025235207751393318
18588,0.1817280799150467
18589,0.048498980700969696
18590,0.027553897351026535
18591,0.01883343793451786
18592,0.06664387881755829
18593,0.035657111555337906
18594,0.04115373268723488
18595,0.06820458918809891
18596,0.04559393972158432
18597,0.025551484897732735
18598,0.037449050694704056
18599,0.03233220800757408
18600,0.07943161576986313
18601,0.025338253006339073
18602,0.034557949751615524
18603,0.14168547093868256
18604,0.07298006862401962
18605,0.04028964787721634
18606,0.037286143749952316
18607,0.06848904490470886
18608,0.026930145919322968
18609,0.22368864715099335
18610,0.025845453143119812
18611,0.0681069940328598
18612,0.050688449293375015
18613,0.024800153449177742
18614,0.024642614647746086
18615,0.03808687999844551
18616,0.3030513823032379
18617,0.056919120252132416
18618,0.030699649825692177
18619,0.04973480477929115
18620,0.06444426625967026
18621,0.047900713980197906
18622,0.07784190028905869
18623,0.06439024955034256
18624,0.05715153366327286
18625,0.13835304975509644
18626,0.045100778341293335
18627,0.09467635303735733
18628,0.055544883012771606
18629,0.03551851958036423
18630,0.02321418933570385
18631,0.09332496672868729
18632,0.3385048806667328
18633,0.02490217797458172
18634,0.03086134046316147
18635,0.05097369849681854
18636,0.10243523120880127
18637,0.21895715594291687
18638,0.03134341910481453
18639,0.02454543113708496
18640,0.08767884969711304
18641,0.05473668873310089
18642,0.062066785991191864
18643,0.029493320733308792
18644,0.020800961181521416
18645,0.03528545796871185
18646,0.08635114133358002
18647,0.030672255903482437
18648,0.02316587045788765
18649,0.05647728219628334
18650,0.03611850365996361
18651,0.03600289300084114
18652,0.07856976985931396
18653,0.03461175411939621
18654,0.12296930700540543
18655,0.10763154178857803
18656,0.09148076921701431
18657,0.030590206384658813
18658,0.04082830622792244
18659,0.04287145286798477
18660,0.0215886440128088
18661,0.04097996652126312
18662,0.0534801185131073
18663,0.03761536628007889
18664,0.059015922248363495
18665,0.06376965343952179
18666,0.06376965343952179
18667,0.03448638319969177
18668,0.06376965343952179
18669,0.05852410942316055
18670,0.06376965343952179
18671,0.03275799751281738
18672,0.03429060056805611
18673,0.0656176209449768
18674,0.07973392307758331
18675,0.03761536628007889
18676,0.0656176209449768
18677,0.04122792184352875
18678,0.03761536628007889
18679,0.06506320089101791
18680,0.03761536628007889
18681,0.03761536628007889
18682,0.03761536628007889
18683,0.018849948421120644
18684,0.03761536628007889
18685,0.07026122510433197
18686,0.12192641943693161
18687,0.030647076666355133
18688,0.11356513947248459
18689,0.05076094716787338
18690,0.03275799751281738
18691,0.0255601704120636
18692,0.045365434139966965
18693,0.08064542710781097
18694,0.045365434139966965
18695,0.3610270619392395
18696,0.08351559937000275
18697,0.04392572119832039
18698,0.027822345495224
18699,0.03130966052412987
18700,0.039305586367845535
18701,0.03210928663611412
18702,0.032027095556259155
18703,0.3817659914493561
18704,0.523636519908905
18705,0.059915438294410706
18706,0.1680784970521927
18707,0.1680784970521927
18708,0.05989709869027138
18709,0.03915255144238472
18710,0.030046634376049042
18711,0.08400829881429672
18712,0.1680784970521927
18713,0.0737367495894432
18714,0.05812043696641922
18715,0.05496545508503914
18716,0.02112818881869316
18717,0.15635961294174194
18718,0.02769463323056698
18719,0.1420956403017044
18720,0.09159727394580841
18721,0.04848077893257141
18722,0.0364178903400898
18723,0.08379722386598587
18724,0.03487563878297806
18725,0.03487563878297806
18726,0.03487563878297806
18727,0.03569468855857849
18728,0.03569468855857849
18729,0.04439666122198105
18730,0.05394012853503227
18731,0.05260887369513512
18732,0.02669563703238964
18733,0.027601011097431183
18734,0.03252960368990898
18735,0.02587517350912094
18736,0.05338866263628006
18737,0.050402380526065826
18738,0.030087169259786606
18739,0.05260887369513512
18740,0.03457682207226753
18741,0.048462413251399994
18742,0.03547268733382225
18743,0.010517477057874203
18744,0.025011200457811356
18745,0.08146439492702484
18746,0.044252827763557434
18747,0.040818728506565094
18748,0.027191724628210068
18749,0.05438907444477081
18750,0.03516685962677002
18751,0.02520579844713211
18752,0.03210808336734772
18753,0.026356080546975136
18754,0.039366334676742554
18755,0.02532818913459778
18756,0.03586520627140999
18757,0.025381842628121376
18758,0.04623989760875702
18759,0.02520579844713211
18760,0.05671608820557594
18761,0.055576663464307785
18762,0.04639044776558876
18763,0.05842873081564903
18764,0.03408319875597954
18765,0.025618858635425568
18766,0.04299698770046234
18767,0.027610352262854576
18768,0.06206228956580162
18769,0.040068067610263824
18770,0.07353194057941437
18771,0.02383148856461048
18772,0.04351217299699783
18773,0.03438829258084297
18774,0.047335680574178696
18775,0.03655705228447914
18776,0.06716190278530121
18777,0.024511396884918213
18778,0.03686534985899925
18779,0.02498737722635269
18780,0.039680492132902145
18781,0.06794256716966629
18782,0.06959991157054901
18783,0.024884700775146484
18784,0.035076215863227844
18785,0.04089033976197243
18786,0.02314191684126854
18787,0.024919981136918068
18788,0.08003667742013931
18789,0.33446764945983887
18790,0.08848210424184799
18791,0.04373445361852646
18792,0.029321253299713135
18793,0.0373438261449337
18794,0.01866689883172512
18795,0.10090958327054977
18796,0.030622567981481552
18797,0.032951150089502335
18798,0.11891733855009079
18799,0.03641389682888985
18800,0.03641389682888985
18801,0.03641389682888985
18802,0.02589532546699047
18803,0.02589532546699047
18804,0.02589532546699047
18805,0.3699692189693451
18806,0.0705958679318428
18807,0.025658173486590385
18808,0.051810044795274734
18809,0.03663180023431778
18810,0.026008741930127144
18811,0.18648388981819153
18812,0.0702567845582962
18813,0.024076301604509354
18814,0.026224231347441673
18815,0.026224231347441673
18816,0.0902826339006424
18817,0.1374645233154297
18818,0.08000452071428299
18819,0.12522222101688385
18820,0.07338942587375641
18821,0.1676860749721527
18822,0.02319388836622238
18823,0.02832811325788498
18824,0.02576485462486744
18825,0.058381758630275726
18826,0.032650019973516464
18827,0.2036624401807785
18828,0.06823808699846268
18829,0.02564075216650963
18830,0.042111609131097794
18831,0.03612474724650383
18832,0.042111609131097794
18833,0.02852284163236618
18834,0.1153540313243866
18835,0.03618400916457176
18836,0.06326939165592194
18837,0.006210534833371639
18838,0.10789109021425247
18839,0.024468012154102325
18840,0.03403618931770325
18841,0.03403618931770325
18842,0.02437322959303856
18843,0.03403618931770325
18844,0.04798824340105057
18845,0.04798824340105057
18846,0.04798824340105057
18847,0.015765348449349403
18848,0.10483015328645706
18849,0.08319289237260818
18850,0.03560392186045647
18851,0.020207006484270096
18852,0.027588259428739548
18853,0.04494675621390343
18854,0.04639318212866783
18855,0.06462865322828293
18856,0.039696913212537766
18857,0.05605040863156319
18858,0.3583025634288788
18859,0.06336816400289536
18860,0.03384591266512871
18861,0.03283006697893143
18862,0.11244119703769684
18863,0.05829333886504173
18864,0.26351863145828247
18865,0.019964680075645447
18866,0.025871064513921738
18867,0.0652947723865509
18868,0.04103947430849075
18869,0.03222591057419777
18870,0.04072461649775505
18871,0.030363604426383972
18872,0.04482068121433258
18873,0.06851326674222946
18874,0.04072461649775505
18875,0.023295318707823753
18876,0.03458785638213158
18877,0.024774564430117607
18878,0.1087956428527832
18879,0.05649111419916153
18880,0.03465075418353081
18881,0.03222591057419777
18882,0.05253296718001366
18883,0.05968310311436653
18884,0.014978275634348392
18885,0.010517477057874203
18886,0.05246812850236893
18887,0.060411419719457626
18888,0.04795428365468979
18889,0.05268660560250282
18890,0.04898038133978844
18891,0.06766388565301895
18892,0.02885422669351101
18893,0.023243116214871407
18894,0.07789327204227448
18895,0.02648485079407692
18896,0.024554122239351273
18897,0.04807404801249504
18898,0.017266742885112762
18899,0.1037297397851944
18900,0.1558741182088852
18901,0.04989727959036827
18902,0.0385589674115181
18903,0.04795428365468979
18904,0.06187749281525612
18905,0.0385589674115181
18906,0.04989727959036827
18907,0.04989727959036827
18908,0.028520692139863968
18909,0.0385589674115181
18910,0.05494142696261406
18911,0.06187749281525612
18912,0.06749527156352997
18913,0.04795428365468979
18914,0.04811446741223335
18915,0.04989727959036827
18916,0.04795428365468979
18917,0.04989727959036827
18918,0.04989727959036827
18919,0.04989727959036827
18920,0.04795428365468979
18921,0.03531539440155029
18922,0.03676607832312584
18923,0.046055715531110764
18924,0.028322668746113777
18925,0.06187749281525612
18926,0.04795428365468979
18927,0.04811446741223335
18928,0.06187749281525612
18929,0.0385589674115181
18930,0.06187749281525612
18931,0.06187749281525612
18932,0.0385589674115181
18933,0.03676607832312584
18934,0.021695435047149658
18935,0.04466736689209938
18936,0.09406723082065582
18937,0.05242307111620903
18938,0.07187117636203766
18939,0.09057361632585526
18940,0.05529677867889404
18941,0.06437449902296066
18942,0.048741862177848816
18943,0.03033199906349182
18944,0.035477690398693085
18945,0.03092443197965622
18946,0.04849378019571304
18947,0.04849378019571304
18948,0.04849378019571304
18949,0.043021589517593384
18950,0.040773097425699234
18951,0.06029192730784416
18952,0.03262563422322273
18953,0.03262563422322273
18954,0.10383997857570648
18955,0.058573514223098755
18956,0.12473775446414948
18957,0.22716033458709717
18958,0.047952961176633835
18959,0.047952961176633835
18960,0.04362301155924797
18961,0.05787248909473419
18962,0.03606858849525452
18963,0.09533819556236267
18964,0.030034521594643593
18965,0.024061361327767372
18966,0.024061361327767372
18967,0.03778737410902977
18968,0.07360333949327469
18969,0.03688274323940277
18970,0.03724171593785286
18971,0.13915303349494934
18972,0.0275692380964756
18973,0.04796220734715462
18974,0.04796220734715462
18975,0.04796220734715462
18976,0.04796220734715462
18977,0.04796220734715462
18978,0.05453542619943619
18979,0.04851575195789337
18980,0.05573229119181633
18981,0.06315942853689194
18982,0.09290679544210434
18983,0.0323786735534668
18984,0.055770888924598694
18985,0.045892853289842606
18986,0.037496622651815414
18987,0.024061361327767372
18988,0.07184319198131561
18989,0.04496242478489876
18990,0.03757106140255928
18991,0.06222805008292198
18992,0.157297745347023
18993,0.060827016830444336
18994,0.025746462866663933
18995,0.05246812850236893
18996,0.04835684597492218
18997,0.03266289457678795
18998,0.10753088444471359
18999,0.026577940210700035
19000,0.06766535341739655
19001,0.03967312350869179
19002,0.07717158645391464
19003,0.0665031298995018
19004,0.08356772363185883
19005,0.048593226820230484
19006,0.025687754154205322
19007,0.0373278371989727
19008,0.062299396842718124
19009,0.06248924881219864
19010,0.036999769508838654
19011,0.036999769508838654
19012,0.10832967609167099
19013,0.09509021788835526
19014,0.04598547890782356
19015,0.06429129093885422
19016,0.02914724498987198
19017,0.03209389001131058
19018,0.03636075556278229
19019,0.023130858317017555
19020,0.025879189372062683
19021,0.03283410891890526
19022,0.10844776034355164
19023,0.07906680554151535
19024,0.10851489007472992
19025,0.023217234760522842
19026,0.05922655016183853
19027,0.09405335038900375
19028,0.02302422747015953
19029,0.04216286912560463
19030,0.1089925691485405
19031,0.09812973439693451
19032,0.0451413169503212
19033,0.032619837671518326
19034,0.049116238951683044
19035,0.04791587218642235
19036,0.025076517835259438
19037,0.04148126766085625
19038,0.0627332329750061
19039,0.056612588465213776
19040,0.07045958936214447
19041,0.048799388110637665
19042,0.01726938970386982
19043,0.03707381710410118
19044,0.05545937269926071
19045,0.026950841769576073
19046,0.04006083309650421
19047,0.20159751176834106
19048,0.04217405244708061
19049,0.01912403479218483
19050,0.10219059139490128
19051,0.031094416975975037
19052,0.04991378262639046
19053,0.05503635108470917
19054,0.023084284737706184
19055,0.05842560902237892
19056,0.030085884034633636
19057,0.038115791976451874
19058,0.03262591361999512
19059,0.053543999791145325
19060,0.09464782476425171
19061,0.11268522590398788
19062,0.06849345564842224
19063,0.09943218529224396
19064,0.02311798557639122
19065,0.05587204173207283
19066,0.09943218529224396
19067,0.041509877890348434
19068,0.041509877890348434
19069,0.04359767585992813
19070,0.04565185680985451
19071,0.04360107704997063
19072,0.04359767585992813
19073,0.20986448228359222
19074,0.032141681760549545
19075,0.06230689957737923
19076,0.0831674262881279
19077,0.04670256748795509
19078,0.04670256748795509
19079,0.0383218489587307
19080,0.04058140516281128
19081,0.09103702008724213
19082,0.07603751122951508
19083,0.06001513451337814
19084,0.044732555747032166
19085,0.07235720753669739
19086,0.023950327187776566
19087,0.07586431503295898
19088,0.06260711699724197
19089,0.08444083482027054
19090,0.11801189929246902
19091,0.0463932640850544
19092,0.08721355348825455
19093,0.08721355348825455
19094,0.05376778915524483
19095,0.05376778915524483
19096,0.08444083482027054
19097,0.0374559722840786
19098,0.07340557873249054
19099,0.11485617607831955
19100,0.0242916252464056
19101,0.05700105428695679
19102,0.030102482065558434
19103,0.1475994735956192
19104,0.07215917110443115
19105,0.08721355348825455
19106,3.226633998565376e-4
19107,0.12303371727466583
19108,0.04636967554688454
19109,0.16021399199962616
19110,0.03832777217030525
19111,0.0734066441655159
19112,0.032692473381757736
19113,0.1390736848115921
19114,0.10656221956014633
19115,0.047669511288404465
19116,0.04631749913096428
19117,0.06613689661026001
19118,0.06938091665506363
19119,0.26472872495651245
19120,0.011071319691836834
19121,0.05243465676903725
19122,0.1349097341299057
19123,0.046988099813461304
19124,0.04369719699025154
19125,0.04813734441995621
19126,0.04813734441995621
19127,0.04813734441995621
19128,0.04813734441995621
19129,0.04813734441995621
19130,0.037396788597106934
19131,0.12081088125705719
19132,0.04813734441995621
19133,0.04813734441995621
19134,0.04813734441995621
19135,0.04813734441995621
19136,0.04813734441995621
19137,0.04813734441995621
19138,0.04813734441995621
19139,0.04813734441995621
19140,0.025948870927095413
19141,0.03822578862309456
19142,0.046860191971063614
19143,0.046929169446229935
19144,0.04758438840508461
19145,0.0355367548763752
19146,0.06545683741569519
19147,0.025604145601391792
19148,0.05960310623049736
19149,0.5452309846878052
19150,0.03952804207801819
19151,0.101640984416008
19152,0.07366657257080078
19153,0.05432023108005524
19154,0.04236149415373802
19155,0.1885221004486084
19156,0.10130413621664047
19157,0.09689456224441528
19158,0.4550918936729431
19159,0.02558315172791481
19160,0.1885221004486084
19161,0.025721948593854904
19162,0.10130413621664047
19163,0.04080857336521149
19164,0.11344087868928909
19165,0.07756484299898148
19166,0.045860450714826584
19167,0.045860450714826584
19168,0.06489500403404236
19169,0.23609355092048645
19170,0.050186678767204285
19171,0.04608741030097008
19172,0.05018407478928566
19173,0.058368925005197525
19174,0.07267320156097412
19175,0.1149020865559578
19176,0.06489500403404236
19177,0.036949995905160904
19178,0.04235818237066269
19179,0.02559533901512623
19180,0.07401002198457718
19181,0.07529440522193909
19182,0.24983206391334534
19183,0.025942688807845116
19184,0.06833064556121826
19185,0.1201491504907608
19186,0.06737827509641647
19187,0.14422611892223358
19188,0.09868519753217697
19189,0.027581272646784782
19190,0.05310521647334099
19191,0.02920874021947384
19192,0.10444386303424835
19193,0.05143795534968376
19194,0.05522369220852852
19195,0.11072363704442978
19196,0.10081467032432556
19197,0.041740547865629196
19198,0.0292055606842041
19199,0.09814340621232986
19200,0.08078844100236893
19201,0.04442660138010979
19202,0.09298349916934967
19203,0.23583437502384186
19204,0.16914716362953186
19205,0.03582259640097618
19206,0.03582259640097618
19207,0.11587478965520859
19208,0.09572599828243256
19209,0.09618376940488815
19210,0.08471086621284485
19211,0.10123742371797562
19212,0.10123742371797562
19213,0.01267073955386877
19214,0.42611372470855713
19215,0.03582259640097618
19216,0.0967569351196289
19217,0.08207619190216064
19218,0.2308829128742218
19219,0.11109185218811035
19220,0.09103722125291824
19221,0.07894139736890793
19222,0.03582259640097618
19223,0.05554373562335968
19224,0.07146374136209488
19225,0.1202147975564003
19226,0.08471086621284485
19227,0.11413516849279404
19228,0.07129183411598206
19229,0.0036793197505176067
19230,0.12863117456436157
19231,0.05646733194589615
19232,0.0821666494011879
19233,0.037016723304986954
19234,0.047738611698150635
19235,0.126813605427742
19236,0.032456174492836
19237,0.051664337515830994
19238,0.052908819168806076
19239,0.21219736337661743
19240,0.04722129926085472
19241,0.19855958223342896
19242,0.13835369050502777
19243,0.6948227882385254
19244,0.25829267501831055
19245,0.1576031744480133
19246,0.10971707850694656
19247,0.05143795534968376
19248,0.07407144457101822
19249,0.05143795534968376
19250,0.07329021394252777
19251,0.3142607808113098
19252,0.047201257199048996
19253,0.03876066952943802
19254,0.03876066952943802
19255,0.0479067899286747
19256,0.16896672546863556
19257,0.054211657494306564
19258,0.03876066952943802
19259,0.05093074217438698
19260,0.03946394845843315
19261,0.12224198877811432
19262,0.03222334384918213
19263,0.05064796656370163
19264,0.02114848606288433
19265,0.03876066952943802
19266,0.05125795677304268
19267,0.03222842514514923
19268,0.1691531240940094
19269,0.41861918568611145
19270,0.030398061498999596
19271,0.7056323289871216
19272,0.09236125648021698
19273,0.05228979140520096
19274,0.09421078860759735
19275,0.032579705119132996
19276,0.032579705119132996
19277,0.0800219476222992
19278,0.18171286582946777
19279,0.03494416922330856
19280,0.10131963342428207
19281,0.06596500426530838
19282,0.08846235275268555
19283,0.077768974006176
19284,0.07331246137619019
19285,0.4685274362564087
19286,0.008860979229211807
19287,0.10164914280176163
19288,0.038755446672439575
19289,0.038746342062950134
19290,0.09546292573213577
19291,0.09014873206615448
19292,0.17187324166297913
19293,0.09703008830547333
19294,0.11314787715673447
19295,0.043001022189855576
19296,0.03299614042043686
19297,0.10481369495391846
19298,0.05711320787668228
19299,0.07863616198301315
19300,0.0700763612985611
19301,0.1006656289100647
19302,0.46761077642440796
19303,0.2487371861934662
19304,0.16563591361045837
19305,0.18928655982017517
19306,0.10912074148654938
19307,0.08543551713228226
19308,0.044684603810310364
19309,0.031229211017489433
19310,0.3380465805530548
19311,0.07002314925193787
19312,0.04512668401002884
19313,0.11262588202953339
19314,0.1412721872329712
19315,0.05173483490943909
19316,0.046766072511672974
19317,0.04022366181015968
19318,0.04600808769464493
19319,0.03805149346590042
19320,0.03805149346590042
19321,0.03805149346590042
19322,0.03805149346590042
19323,0.17202913761138916
19324,0.07619204372167587
19325,0.07619204372167587
19326,0.1355517953634262
19327,0.1519625186920166
19328,0.04176617041230202
19329,0.11873245984315872
19330,0.16347582638263702
19331,0.07360798865556717
19332,0.1515975147485733
19333,0.0652906522154808
19334,0.11687957495450974
19335,0.08988355845212936
19336,0.17204073071479797
19337,0.05498431622982025
19338,0.04174986481666565
19339,0.061268970370292664
19340,0.36773043870925903
19341,0.07181065529584885
19342,0.045247435569763184
19343,0.06161145865917206
19344,0.09490682929754257
19345,0.1418166309595108
19346,0.083221934735775
19347,0.1667632758617401
19348,0.1599195897579193
19349,0.03427261859178543
19350,0.048597514629364014
19351,0.052483152598142624
19352,0.06511636823415756
19353,0.07342221587896347
19354,0.04378151893615723
19355,0.09119304269552231
19356,0.22944574058055878
19357,0.17227979004383087
19358,0.09551553428173065
19359,0.13285067677497864
19360,0.051341988146305084
19361,0.11542486399412155
19362,0.08461488783359528
19363,0.07342221587896347
19364,0.14818763732910156
19365,0.07591937482357025
19366,0.03078211471438408
19367,0.09465121477842331
19368,0.13631296157836914
19369,0.18413445353507996
19370,0.07342221587896347
19371,0.05692636966705322
19372,0.26247718930244446
19373,0.1228373795747757
19374,0.032073330134153366
19375,0.07418553531169891
19376,0.07418553531169891
19377,0.06839174777269363
19378,0.09684716910123825
19379,0.09684716910123825
19380,0.07054124027490616
19381,0.06839174777269363
19382,0.048811737447977066
19383,0.06991026550531387
19384,0.3307259678840637
19385,0.2964378297328949
19386,0.2156844437122345
19387,0.06990496069192886
19388,0.09893769025802612
19389,0.15185429155826569
19390,0.04492781311273575
19391,0.10692235827445984
19392,0.3299230635166168
19393,0.07698063552379608
19394,0.047798555344343185
19395,0.06592422723770142
19396,0.09456009417772293
19397,0.044436462223529816
19398,0.2590515911579132
19399,0.06408561021089554
19400,0.26163214445114136
19401,0.04277084767818451
19402,0.12429756671190262
19403,0.2082688957452774
19404,0.11222070455551147
19405,0.05090712383389473
19406,0.2445160448551178
19407,0.23427192866802216
19408,0.12358509004116058
19409,0.21029002964496613
19410,0.11611758917570114
19411,0.04618452861905098
19412,0.02659226767718792
19413,0.07770802825689316
19414,0.1696622520685196
19415,0.13043749332427979
19416,0.48026520013809204
19417,0.10619547218084335
19418,0.050085075199604034
19419,0.0487835668027401
19420,0.10865353047847748
19421,0.49803194403648376
19422,0.49803194403648376
19423,0.08956904709339142
19424,0.04523175582289696
19425,0.0487835668027401
19426,0.04523175582289696
19427,0.35336363315582275
19428,0.13676835596561432
19429,0.0970131903886795
19430,0.11889021098613739
19431,0.06893306225538254
19432,0.13109344244003296
19433,0.064816415309906
19434,0.04180857539176941
19435,0.3629617393016815
19436,0.12348949909210205
19437,0.06440231949090958
19438,0.06992872059345245
19439,0.09679356962442398
19440,0.10008016228675842
19441,0.11644036322832108
19442,0.1350260227918625
19443,0.18942952156066895
19444,0.09149868786334991
19445,0.11218039691448212
19446,0.04185289517045021
19447,0.26161906123161316
19448,0.033048853278160095
19449,0.07003993541002274
19450,0.04180857539176941
19451,0.055861469358205795
19452,0.13511355221271515
19453,0.13693132996559143
19454,0.041085854172706604
19455,0.09528010338544846
19456,0.06427481025457382
19457,0.06427481025457382
19458,0.04746958613395691
19459,0.044778741896152496
19460,0.0659184455871582
19461,0.09206493943929672
19462,0.15375223755836487
19463,0.09532547742128372
19464,0.06399338692426682
19465,0.05375630781054497
19466,0.08738525211811066
19467,0.06399338692426682
19468,0.1460403949022293
19469,0.06399338692426682
19470,0.17051009833812714
19471,0.08738525211811066
19472,0.053545430302619934
19473,0.136368066072464
19474,0.053545430302619934
19475,0.08192811906337738
19476,0.053545430302619934
19477,0.020973315462470055
19478,0.053545430302619934
19479,0.053545430302619934
19480,0.053545430302619934
19481,0.0643777847290039
19482,0.08001849055290222
19483,0.053545430302619934
19484,0.053545430302619934
19485,0.1387408971786499
19486,0.09178348630666733
19487,0.09179029613733292
19488,0.053545430302619934
19489,0.06618901342153549
19490,0.053545430302619934
19491,0.07492749392986298
19492,0.053545430302619934
19493,0.23209840059280396
19494,0.1598719358444214
19495,0.11718808114528656
19496,0.033903177827596664
19497,0.17888343334197998
19498,0.02905244566500187
19499,0.044539403170347214
19500,0.04388163611292839
19501,0.119443379342556
19502,0.029160642996430397
19503,0.038625579327344894
19504,0.06174534559249878
19505,0.05127522721886635
19506,0.06031037122011185
19507,0.029160642996430397
19508,0.029160642996430397
19509,0.09488169848918915
19510,0.049212537705898285
19511,0.029160642996430397
19512,0.119313545525074
19513,0.119313545525074
19514,0.119313545525074
19515,0.264948308467865
19516,0.3268807530403137
19517,0.07117684185504913
19518,0.1222945973277092
19519,0.0497155524790287
19520,0.07095347344875336
19521,0.0665498897433281
19522,0.0665498897433281
19523,0.0665498897433281
19524,0.5468311905860901
19525,0.14459343254566193
19526,0.09403850883245468
19527,0.021123269572854042
19528,0.041759192943573
19529,0.055913086980581284
19530,0.05868474021553993
19531,0.1339723914861679
19532,0.04499020054936409
19533,0.07130082696676254
19534,0.048474982380867004
19535,0.2423568069934845
19536,0.11100646108388901
19537,0.2672104835510254
19538,0.10157834738492966
19539,0.030633464455604553
19540,0.030633464455604553
19541,0.05447685346007347
19542,0.029347674921154976
19543,0.029347674921154976
19544,0.05415308475494385
19545,0.041396576911211014
19546,0.1781459003686905
19547,0.15496546030044556
19548,0.20675159990787506
19549,0.02891295962035656
19550,0.02891295962035656
19551,0.03664439916610718
19552,0.04075295105576515
19553,0.03941308334469795
19554,0.05415308475494385
19555,0.06736306101083755
19556,0.10163906961679459
19557,0.11425189673900604
19558,0.19851791858673096
19559,0.11655856668949127
19560,0.04213458299636841
19561,0.11362496763467789
19562,0.09342421591281891
19563,0.13415275514125824
19564,0.09358163177967072
19565,0.08081897348165512
19566,0.025769149884581566
19567,0.0898379310965538
19568,0.05078396201133728
19569,0.05078396201133728
19570,0.141560360789299
19571,0.05078396201133728
19572,0.04507869854569435
19573,0.05078396201133728
19574,0.18335631489753723
19575,0.26077020168304443
19576,0.03752953186631203
19577,0.28895309567451477
19578,0.04595447704195976
19579,0.05078396201133728
19580,0.0664568766951561
19581,0.276163786649704
19582,0.27121222019195557
19583,0.054849717766046524
19584,0.039585649967193604
19585,0.06735794991254807
19586,0.0938495323061943
19587,0.261616587638855
19588,0.03440714254975319
19589,0.0631902813911438
19590,0.037691280245780945
19591,0.14021752774715424
19592,0.12394730746746063
19593,0.0291602723300457
19594,0.035026758909225464
19595,0.07691369205713272
19596,0.05904673412442207
19597,0.09618048369884491
19598,0.08269122242927551
19599,0.07283169031143188
19600,0.07783325761556625
19601,0.12005816400051117
19602,0.04207608848810196
19603,0.0434202216565609
19604,0.07195708900690079
19605,0.11138767004013062
19606,0.009698152542114258
19607,0.06431549042463303
19608,0.06428608298301697
19609,0.16586752235889435
19610,0.029323067516088486
19611,0.029323067516088486
19612,0.1536879539489746
19613,0.09020666778087616
19614,0.04389210417866707
19615,0.1514977514743805
19616,0.027524519711732864
19617,0.058264754712581635
19618,0.09370242059230804
19619,0.19349272549152374
19620,0.0762266218662262
19621,0.10097302496433258
19622,0.06792806833982468
19623,0.08776470273733139
19624,0.12362078577280045
19625,0.08887329697608948
19626,0.05068403109908104
19627,0.06793839484453201
19628,0.1642771065235138
19629,0.07775045931339264
19630,0.07842567563056946
19631,0.07330840080976486
19632,0.093709297478199
19633,0.12418612837791443
19634,0.04934053122997284
19635,0.042788684368133545
19636,0.04826827347278595
19637,0.09615512192249298
19638,0.03600415959954262
19639,0.14278630912303925
19640,0.03687180206179619
19641,0.18755070865154266
19642,0.06213991343975067
19643,0.06740552186965942
19644,0.030711112543940544
19645,0.028924399986863136
19646,0.21386250853538513
19647,0.11950919032096863
19648,0.07926739752292633
19649,0.12579278647899628
19650,0.11970449984073639
19651,0.12074048072099686
19652,0.11125849932432175
19653,0.11945141106843948
19654,0.7968080043792725
19655,0.1121668666601181
19656,0.04911183565855026
19657,0.20059321820735931
19658,0.1819515824317932
19659,0.10963630676269531
19660,0.06502841413021088
19661,0.12362078577280045
19662,0.22757036983966827
19663,0.04021739587187767
19664,0.13805171847343445
19665,0.11816112697124481
19666,0.05450505390763283
19667,0.09049458056688309
19668,0.13783271610736847
19669,0.09049458056688309
19670,0.05171215906739235
19671,0.09959747642278671
19672,0.09049458056688309
19673,0.09049458056688309
19674,0.21865102648735046
19675,0.09049458056688309
19676,0.14902478456497192
19677,0.04207703843712807
19678,0.06205439195036888
19679,0.13875220715999603
19680,0.07176344096660614
19681,0.02518664114177227
19682,0.05812550708651543
19683,0.011525167152285576
19684,0.06808297336101532
19685,0.22611573338508606
19686,0.10195176303386688
19687,0.04642707109451294
19688,0.3386932611465454
19689,0.0779619887471199
19690,0.10196666419506073
19691,0.15734943747520447
19692,0.40306809544563293
19693,0.04769231006503105
19694,0.04944819211959839
19695,0.09103376418352127
19696,0.06325583159923553
19697,0.029586615040898323
19698,0.27247852087020874
19699,0.10830001533031464
19700,0.05915043130517006
19701,0.23746941983699799
19702,0.23386503756046295
19703,0.06644434481859207
19704,0.031035497784614563
19705,0.1462111622095108
19706,0.1414804756641388
19707,0.1437457650899887
19708,0.07582291960716248
19709,0.047763220965862274
19710,0.042519863694906235
19711,0.010219944640994072
19712,0.06497983634471893
19713,0.0723007395863533
19714,0.05013201758265495
19715,0.027522344142198563
19716,0.0294516421854496
19717,0.11673401296138763
19718,0.09657306224107742
19719,0.15470652282238007
19720,0.10661385953426361
19721,0.06053625047206879
19722,0.09191830456256866
19723,0.2012288123369217
19724,0.11182395368814468
19725,0.050113480538129807
19726,0.06969408690929413
19727,0.055494606494903564
19728,0.06414663791656494
19729,0.13714544475078583
19730,0.050113480538129807
19731,0.1046849936246872
19732,0.24912337958812714
19733,0.09780833125114441
19734,0.07877453416585922
19735,0.11820485442876816
19736,0.08531639724969864
19737,0.030742110684514046
19738,0.039721518754959106
19739,0.20567302405834198
19740,0.3837929368019104
19741,0.2533165216445923
19742,0.040925681591033936
19743,0.09758497029542923
19744,0.14221417903900146
19745,0.08566854149103165
19746,0.10686235874891281
19747,0.12039491534233093
19748,0.1660984605550766
19749,0.03398062661290169
19750,0.26738661527633667
19751,0.0225619375705719
19752,0.051625609397888184
19753,0.030436383560299873
19754,0.15594220161437988
19755,0.03472239524126053
19756,0.17944154143333435
19757,0.057424042373895645
19758,0.07988566160202026
19759,0.09267964959144592
19760,0.0820450484752655
19761,0.31499412655830383
19762,0.05725232511758804
19763,0.12568089365959167
19764,0.14681591093540192
19765,0.058708660304546356
19766,0.1349339336156845
19767,0.042734719812870026
19768,0.11441363394260406
19769,0.09556347876787186
19770,0.04748670384287834
19771,0.1315392553806305
19772,0.15474845468997955
19773,0.057424042373895645
19774,0.1369217187166214
19775,0.0874703899025917
19776,0.11351589858531952
19777,0.24750670790672302
19778,0.02888781763613224
19779,0.06732722371816635
19780,0.21666400134563446
19781,0.0869389995932579
19782,0.18117694556713104
19783,0.09480591118335724
19784,0.26436784863471985
19785,0.06629858911037445
19786,0.09321141242980957
19787,0.03651806712150574
19788,0.12423904240131378
19789,0.08441358804702759
19790,0.03615953028202057
19791,0.10571061819791794
19792,0.03698527067899704
19793,0.12920302152633667
19794,0.15245763957500458
19795,0.08089025318622589
19796,0.16030777990818024
19797,0.07312238961458206
19798,0.08662887662649155
19799,0.06125202402472496
19800,0.11678648740053177
19801,0.18008087575435638
19802,0.22583721578121185
19803,0.09786701947450638
19804,0.10328715294599533
19805,0.2893214225769043
19806,0.07637504488229752
19807,0.19405046105384827
19808,0.151641845703125
19809,0.08470454066991806
19810,0.046493593603372574
19811,0.1860167384147644
19812,0.046493593603372574
19813,0.046493593603372574
19814,0.05102080479264259
19815,0.046493593603372574
19816,0.06518871337175369
19817,0.046493593603372574
19818,0.030342882499098778
19819,0.24880129098892212
19820,0.09796775877475739
19821,0.02521814964711666
19822,0.049116238951683044
19823,0.06754572689533234
19824,0.08057393878698349
19825,0.03252838924527168
19826,0.08059902489185333
19827,0.22934237122535706
19828,0.17705605924129486
19829,0.03048422746360302
19830,0.05906030908226967
19831,0.17600472271442413
19832,0.1625722050666809
19833,0.05055214837193489
19834,0.032535649836063385
19835,0.19280792772769928
19836,0.045880451798439026
19837,0.15614233911037445
19838,0.11452849209308624
19839,0.13979308307170868
19840,0.04364583641290665
19841,0.07767804712057114
19842,0.0580347403883934
19843,0.08211255073547363
19844,0.07905824482440948
19845,0.5604037642478943
19846,0.072772979736328125
19847,0.09336903691291809
19848,0.1225290447473526
19849,0.1427479386329651
19850,0.05304870754480362
19851,0.04594042897224426
19852,0.04460570216178894
19853,0.11452849209308624
19854,0.1180952787399292
19855,0.16950631141662598
19856,0.18252389132976532
19857,0.04289332404732704
19858,0.045908067375421524
19859,0.04598178714513779
19860,0.06471280008554459
19861,0.029390545561909676
19862,0.0329476073384285
19863,0.1331409364938736
19864,0.038129571825265884
19865,0.11978019028902054
19866,0.21204566955566406
19867,0.07139592617750168
19868,0.12221800535917282
19869,0.08785831928253174
19870,0.06204245239496231
19871,0.661525309085846
19872,0.14348340034484863
19873,0.04398592188954353
19874,0.11747976392507553
19875,0.06074000149965286
19876,0.11533253639936447
19877,0.04798286035656929
19878,0.04512791708111763
19879,0.15247365832328796
19880,0.05496816337108612
19881,0.06074000149965286
19882,0.11006783694028854
19883,0.061895761638879776
19884,0.11379119008779526
19885,0.029492212459445
19886,0.029492212459445
19887,0.029492212459445
19888,0.3279796540737152
19889,0.029655490070581436
19890,0.07143374532461166
19891,0.014615627937018871
19892,0.06992772221565247
19893,0.08030766993761063
19894,0.8841084241867065
19895,0.15195342898368835
19896,0.14062274992465973
19897,0.21486805379390717
19898,0.10825001448392868
19899,0.3074074983596802
19900,0.2377621978521347
19901,0.6617593169212341
19902,0.2377621978521347
19903,0.06684369593858719
19904,0.06684369593858719
19905,0.2767769992351532
19906,0.2767769992351532
19907,0.2767769992351532
19908,0.08853031694889069
19909,0.19080442190170288
19910,0.09865334630012512
19911,0.09865334630012512
19912,0.09865334630012512
19913,0.09865334630012512
19914,0.12085075676441193
19915,0.06422677636146545
19916,0.3312753736972809
19917,0.07347118854522705
19918,0.05215933546423912
19919,0.04318961128592491
19920,0.071652851998806
19921,0.0936092734336853
19922,0.0936092734336853
19923,0.04318961128592491
19924,0.07319437712430954
19925,0.142822265625
19926,0.03839612007141113
19927,0.0783180221915245
19928,0.05215933546423912
19929,0.05215933546423912
19930,0.04654599726200104
19931,0.09614697098731995
19932,0.2970098853111267
19933,0.05973038449883461
19934,0.08656559139490128
19935,0.05088251084089279
19936,0.08592164516448975
19937,0.16123706102371216
19938,0.05210505425930023
19939,0.16921783983707428
19940,0.14604488015174866
19941,0.10636502504348755
19942,0.25229284167289734
19943,0.2776193916797638
19944,0.052798595279455185
19945,0.47734493017196655
19946,0.18158866465091705
19947,0.10268405824899673
19948,0.10268405824899673
19949,0.11975668370723724
19950,0.054316047579050064
19951,0.0602082759141922
19952,0.06046153977513313
19953,0.07011713832616806
19954,0.04431555047631264
19955,0.054249122738838196
19956,0.044700562953948975
19957,0.09455674886703491
19958,0.07413838803768158
19959,0.04929032176733017
19960,0.07077574729919434
19961,0.08431946486234665
19962,0.11975668370723724
19963,0.2259654551744461
19964,0.20682069659233093
19965,0.08822674304246902
19966,0.06046153977513313
19967,0.0602082759141922
19968,0.06326741725206375
19969,0.11128534376621246
19970,0.0602082759141922
19971,0.0115556875243783
19972,0.10648749768733978
19973,0.0820535197854042
19974,0.09217572212219238
19975,0.16942135989665985
19976,0.050031986087560654
19977,0.0930534228682518
19978,0.3657233715057373
19979,0.07690240442752838
19980,0.04024681821465492
19981,0.08152417838573456
19982,0.07578498870134354
19983,0.05914844200015068
19984,0.041925590485334396
19985,0.144550159573555
19986,0.25522536039352417
19987,0.24873675405979156
19988,0.0789993479847908
19989,0.19868959486484528
19990,0.1993713527917862
19991,0.19868959486484528
19992,0.2569892406463623
19993,0.1341511756181717
19994,0.03231033682823181
19995,0.2650962471961975
19996,0.10587099939584732
19997,0.025875546038150787
19998,0.23329588770866394
19999,0.07388835400342941
20000,0.11545579880475998
20001,0.08418024331331253
20002,0.05934411659836769
20003,0.1140984296798706
20004,0.029309317469596863
20005,0.10497099161148071
20006,0.05249019339680672
20007,0.1194421797990799
20008,0.20681527256965637
20009,0.17127655446529388
20010,0.10411294549703598
20011,0.10480252653360367
20012,0.09342421591281891
20013,0.055387143045663834
20014,0.13647271692752838
20015,0.2008313685655594
20016,0.007933207787573338
20017,0.07646072655916214
20018,0.07646072655916214
20019,0.0606238879263401
20020,0.08452108502388
20021,0.04895349219441414
20022,0.20936577022075653
20023,0.08330635726451874
20024,0.029541216790676117
20025,0.043850213289260864
20026,0.1396024078130722
20027,0.07449815422296524
20028,0.06523199379444122
20029,0.043850213289260864
20030,0.10463723540306091
20031,0.008883786387741566
20032,0.06746365129947662
20033,0.17933163046836853
20034,0.043164726346731186
20035,0.09654875099658966
20036,0.5729262232780457
20037,0.46766552329063416
20038,0.1430501639842987
20039,0.04382631927728653
20040,0.13347527384757996
20041,0.12324277311563492
20042,0.16742433607578278
20043,0.10381821542978287
20044,0.2886351943016052
20045,0.2713993489742279
20046,0.07346639782190323
20047,0.0841677114367485
20048,0.11266238987445831
20049,0.13062776625156403
20050,0.1428319662809372
20051,0.2519271969795227
20052,0.2824361026287079
20053,0.11998238414525986
20054,0.07677680253982544
20055,0.08740408718585968
20056,0.057067908346652985
20057,0.104825459420681
20058,0.1866234689950943
20059,0.13339170813560486
20060,0.10683127492666245
20061,0.10683127492666245
20062,0.28957217931747437
20063,0.10683127492666245
20064,0.1887071132659912
20065,0.10544157773256302
20066,0.057751093059778214
20067,0.06695050001144409
20068,0.05191649869084358
20069,0.036420732736587524
20070,0.15236328542232513
20071,0.14794690907001495
20072,0.27275195717811584
20073,0.16140063107013702
20074,0.1922752410173416
20075,0.0376768559217453
20076,0.10706009715795517
20077,0.10994403064250946
20078,0.17431585490703583
20079,0.10997595638036728
20080,0.1159108355641365
20081,0.09320227056741714
20082,0.07799222320318222
20083,0.09320227056741714
20084,0.17795971035957336
20085,0.11330477893352509
20086,0.10366551578044891
20087,0.08471084386110306
20088,0.05781072378158569
20089,0.0350329726934433
20090,0.21568799018859863
20091,0.23102478682994843
20092,0.06826425343751907
20093,0.12470530718564987
20094,0.08688820898532867
20095,0.10508611798286438
20096,0.22515468299388885
20097,0.011273203417658806
20098,0.044257499277591705
20099,0.1045675203204155
20100,0.05435725301504135
20101,0.07921402156352997
20102,0.18037155270576477
20103,0.17821744084358215
20104,0.1497908979654312
20105,0.20324765145778656
20106,0.044441718608140945
20107,0.1802271157503128
20108,0.10148417204618454
20109,0.07360530644655228
20110,0.07351092249155045
20111,0.07360530644655228
20112,0.11870872229337692
20113,0.07560846209526062
20114,0.07560846209526062
20115,0.2651520073413849
20116,0.28060686588287354
20117,0.10467735677957535
20118,0.07351092249155045
20119,0.058341242372989655
20120,0.07406734675168991
20121,0.06068595498800278
20122,0.05537312105298042
20123,0.04432912543416023
20124,0.09648924320936203
20125,0.24756154417991638
20126,0.14254000782966614
20127,0.07406734675168991
20128,0.07351092249155045
20129,0.07406734675168991
20130,0.05233827605843544
20131,0.07351092249155045
20132,0.21168223023414612
20133,0.09668802469968796
20134,0.07351092249155045
20135,0.09336455166339874
20136,0.07351092249155045
20137,0.07351092249155045
20138,0.07351092249155045
20139,0.069644033908844
20140,0.07360530644655228
20141,0.05637529119849205
20142,0.5275654792785645
20143,0.06326741725206375
20144,0.03260323777794838
20145,0.3624471426010132
20146,0.12643307447433472
20147,0.38644543290138245
20148,0.025248391553759575
20149,0.23119516670703888
20150,0.14101208746433258
20151,0.2060738205909729
20152,0.04987873136997223
20153,0.03659190982580185
20154,0.0711992010474205
20155,0.11037292331457138
20156,0.0878494530916214
20157,0.14054930210113525
20158,0.1018429696559906
20159,0.21872824430465698
20160,0.1396719068288803
20161,0.3942936956882477
20162,0.1375170201063156
20163,0.1431153118610382
20164,0.14886997640132904
20165,0.1672833114862442
20166,0.2217995971441269
20167,0.14053942263126373
20168,0.11076519638299942
20169,0.07967252284288406
20170,0.14243373274803162
20171,0.18370799720287323
20172,0.04491124674677849
20173,0.048832643777132034
20174,0.20604337751865387
20175,0.11076735705137253
20176,0.04491124674677849
20177,0.04491124674677849
20178,0.048832643777132034
20179,0.17457062005996704
20180,0.04491124674677849
20181,0.10457738488912582
20182,0.1869124323129654
20183,0.3354088068008423
20184,0.048832643777132034
20185,0.11852356791496277
20186,0.2444382905960083
20187,0.1390075534582138
20188,0.21626143157482147
20189,0.04491124674677849
20190,0.060837842524051666
20191,0.04491124674677849
20192,0.05477374047040939
20193,0.05675017088651657
20194,0.13291247189044952
20195,0.05596596747636795
20196,0.23798565566539764
20197,0.13224883377552032
20198,0.13224883377552032
20199,0.12034938484430313
20200,0.012660549953579903
20201,0.13778555393218994
20202,0.10446298867464066
20203,0.04836643114686012
20204,0.2790695130825043
20205,0.06646539270877838
20206,0.45262566208839417
20207,0.07285727560520172
20208,0.23216396570205688
20209,0.05510225147008896
20210,0.039602093398571014
20211,0.07681625336408615
20212,0.0958443433046341
20213,0.12892156839370728
20214,0.13731373846530914
20215,0.05533105880022049
20216,0.06927435845136642
20217,0.1259581744670868
20218,0.06927435845136642
20219,0.10230790078639984
20220,0.14607767760753632
20221,0.20083224773406982
20222,0.10634251683950424
20223,0.07404501736164093
20224,0.1399049162864685
20225,0.14461137354373932
20226,0.039957258850336075
20227,0.07970021665096283
20228,0.07678159326314926
20229,0.20804300904273987
20230,0.04304630309343338
20231,0.05699415132403374
20232,0.2488812357187271
20233,0.13428382575511932
20234,0.02952682599425316
20235,0.17276409268379211
20236,0.04672542214393616
20237,0.16675059497356415
20238,0.04677925258874893
20239,0.15056516230106354
20240,0.15985937416553497
20241,0.09456133097410202
20242,0.3061952292919159
20243,0.09456133097410202
20244,0.12561029195785522
20245,0.1356787234544754
20246,0.09213736653327942
20247,0.18412643671035767
20248,0.04424020275473595
20249,0.05790127441287041
20250,0.06310760229825974
20251,0.06310760229825974
20252,0.06310760229825974
20253,0.08233721554279327
20254,0.03596121072769165
20255,0.02901415340602398
20256,0.05678783357143402
20257,0.045663751661777496
20258,0.05125349014997482
20259,0.0011851274175569415
20260,0.0823497548699379
20261,0.08013735711574554
20262,0.13910011947155
20263,0.0823497548699379
20264,0.09927816689014435
20265,0.04525872692465782
20266,0.15520037710666656
20267,0.02886039949953556
20268,0.06515650451183319
20269,0.3117905259132385
20270,0.11334016174077988
20271,0.13794609904289246
20272,0.1281338334083557
20273,0.04563891515135765
20274,0.10418040305376053
20275,0.047933269292116165
20276,0.12744556367397308
20277,0.12744556367397308
20278,0.7637909650802612
20279,0.1496933251619339
20280,0.04350750520825386
20281,0.0625687763094902
20282,0.044857367873191833
20283,0.17016495764255524
20284,0.09971944242715836
20285,0.2722483277320862
20286,0.5562081336975098
20287,0.06418617814779282
20288,0.049909625202417374
20289,0.07274237275123596
20290,0.04369378834962845
20291,0.10137790441513062
20292,0.23281170427799225
20293,0.20083117485046387
20294,0.03932129591703415
20295,0.09491743892431259
20296,0.29096201062202454
20297,0.17001579701900482
20298,0.05333289876580238
20299,0.05333289876580238
20300,0.12384603172540665
20301,0.17962118983268738
20302,0.04379965737462044
20303,0.07843667268753052
20304,0.10824495553970337
20305,0.0967165008187294
20306,0.10152831673622131
20307,0.04622042924165726
20308,0.04074215888977051
20309,0.04392607882618904
20310,0.06040312349796295
20311,0.06783206760883331
20312,0.11372999846935272
20313,0.09643308073282242
20314,0.0542951300740242
20315,0.0550338476896286
20316,0.08043363690376282
20317,0.090379998087883
20318,0.07659218460321426
20319,0.13465651869773865
20320,0.08211255073547363
20321,0.08754128217697144
20322,0.14302155375480652
20323,0.16659370064735413
20324,0.054316047579050064
20325,0.09472454339265823
20326,0.09498332440853119
20327,0.09114687889814377
20328,0.05220520496368408
20329,0.07702839374542236
20330,0.029655879363417625
20331,0.048401299864053726
20332,0.1221284419298172
20333,0.06971268355846405
20334,0.07945919036865234
20335,0.3294048607349396
20336,0.08409175276756287
20337,0.08409175276756287
20338,0.08443287014961243
20339,0.060558974742889404
20340,0.060558974742889404
20341,0.060558974742889404
20342,0.060558974742889404
20343,0.060558974742889404
20344,0.09697183966636658
20345,0.060558974742889404
20346,0.1551520824432373
20347,0.050017863512039185
20348,0.13616874814033508
20349,0.0695965439081192
20350,0.1771308034658432
20351,0.09664532542228699
20352,0.2727816700935364
20353,0.0526236817240715
20354,0.16211259365081787
20355,0.11778420209884644
20356,0.09655293077230453
20357,0.0695999264717102
20358,0.15292969346046448
20359,0.05493777617812157
20360,0.08477739989757538
20361,0.05475195124745369
20362,0.031341224908828735
20363,0.06596745550632477
20364,0.07806441932916641
20365,0.16042843461036682
20366,0.22171396017074585
20367,0.10361147671937943
20368,0.10736288875341415
20369,0.2822454571723938
20370,0.09135617315769196
20371,0.13701991736888885
20372,0.13701991736888885
20373,0.07688656449317932
20374,0.09901857376098633
20375,0.13701991736888885
20376,0.1264433115720749
20377,0.008119569160044193
20378,0.041987258940935135
20379,0.1399311125278473
20380,0.08199439942836761
20381,0.08965334296226501
20382,0.05876569822430611
20383,0.10576554387807846
20384,0.4211719334125519
20385,0.051660358905792236
20386,0.051660358905792236
20387,0.08600566536188126
20388,0.05845613032579422
20389,0.05845613032579422
20390,0.07801959663629532
20391,0.031092295423150063
20392,0.061708077788352966
20393,0.1989656239748001
20394,0.18876993656158447
20395,0.04421772062778473
20396,0.14928969740867615
20397,0.24597813189029694
20398,0.11780717968940735
20399,0.06642735749483109
20400,0.09238725900650024
20401,0.09040170907974243
20402,0.06642735749483109
20403,0.06642735749483109
20404,0.24701948463916779
20405,0.18668369948863983
20406,0.06642735749483109
20407,0.18737536668777466
20408,0.1728546917438507
20409,0.1728546917438507
20410,0.06642735749483109
20411,0.19213899970054626
20412,0.06068919971585274
20413,0.06068919971585274
20414,0.1383829116821289
20415,0.16859941184520721
20416,0.11612515151500702
20417,0.10566572844982147
20418,0.06642735749483109
20419,0.10961345583200455
20420,0.128561332821846
20421,0.05579029768705368
20422,0.08623116463422775
20423,0.03902645781636238
20424,0.10707699507474899
20425,0.17761173844337463
20426,0.25696519017219543
20427,0.26417991518974304
20428,0.08185920119285583
20429,0.19979146122932434
20430,0.10752886533737183
20431,0.18693290650844574
20432,0.2560570538043976
20433,0.10956235975027084
20434,0.02867414802312851
20435,0.02956089749932289
20436,0.17884133756160736
20437,0.1618126630783081
20438,0.03186042606830597
20439,0.04132455587387085
20440,0.03186042606830597
20441,0.04132455587387085
20442,0.08584698289632797
20443,0.13069912791252136
20444,0.15365909039974213
20445,0.27087512612342834
20446,0.10818995535373688
20447,0.19494377076625824
20448,0.08845151215791702
20449,0.06353268772363663
20450,0.09130915999412537
20451,0.22516702115535736
20452,0.08794140815734863
20453,0.34334760904312134
20454,0.09888520836830139
20455,0.09359683096408844
20456,0.1791827231645584
20457,0.10203906893730164
20458,0.05700037255883217
20459,0.13483156263828278
20460,0.0969361737370491
20461,0.09707058221101761
20462,0.08572673052549362
20463,0.0902286022901535
20464,0.08210323005914688
20465,0.056402940303087234
20466,0.2196691632270813
20467,0.09422652423381805
20468,0.04085324704647064
20469,0.06811067461967468
20470,0.08876623213291168
20471,0.07589271664619446
20472,0.04889575019478798
20473,0.09744443744421005
20474,0.324807733297348
20475,0.06122354418039322
20476,0.34604784846305847
20477,0.07589271664619446
20478,0.015932559967041016
20479,0.11346298456192017
20480,0.10619872808456421
20481,0.10619872808456421
20482,0.3549351692199707
20483,0.1916484832763672
20484,0.1925937533378601
20485,0.12521469593048096
20486,0.1996810883283615
20487,0.05518361181020737
20488,0.06316347420215607
20489,0.17545846104621887
20490,0.08227089792490005
20491,0.13849374651908875
20492,0.18095359206199646
20493,0.11439073830842972
20494,0.08108074218034744
20495,0.11877256631851196
20496,0.11361142992973328
20497,0.07459989190101624
20498,0.2574019730091095
20499,0.06347928196191788
20500,0.22302085161209106
20501,0.15898725390434265
20502,0.029227549210190773
20503,0.055195651948451996
20504,0.1429087519645691
20505,0.11402121186256409
20506,0.05851864814758301
20507,0.38019758462905884
20508,0.08049625903367996
20509,0.05851864814758301
20510,0.029504861682653427
20511,0.09903895109891891
20512,0.21630977094173431
20513,0.13362453877925873
20514,0.029343722388148308
20515,0.052867788821458817
20516,0.08579991012811661
20517,0.09643218666315079
20518,0.2233535647392273
20519,0.048700619488954544
20520,0.34752365946769714
20521,0.05851864814758301
20522,0.05851864814758301
20523,0.14113223552703857
20524,0.28570592403411865
20525,0.048700619488954544
20526,0.04519439488649368
20527,0.22280961275100708
20528,0.05851864814758301
20529,0.12551015615463257
20530,0.1408797949552536
20531,0.07028136402368546
20532,0.06428212672472
20533,0.08636914193630219
20534,0.08353430032730103
20535,0.042300350964069366
20536,0.04819529131054878
20537,0.11845535039901733
20538,0.10984697192907333
20539,0.043483782559633255
20540,0.13997849822044373
20541,0.1698685586452484
20542,0.15449494123458862
20543,0.06806115061044693
20544,0.09191286563873291
20545,0.062451742589473724
20546,0.0902612954378128
20547,0.06094243377447128
20548,0.06490455567836761
20549,0.03126932308077812
20550,0.13537752628326416
20551,0.07079184055328369
20552,0.1918213963508606
20553,0.07492678612470627
20554,0.28854110836982727
20555,0.1376684010028839
20556,0.06622607260942459
20557,0.07516366988420486
20558,0.13412916660308838
20559,0.04344489052891731
20560,0.10029254108667374
20561,0.0960431769490242
20562,0.041508205235004425
20563,0.01959334686398506
20564,0.12310867011547089
20565,0.08397472649812698
20566,0.07322385162115097
20567,0.12025850266218185
20568,0.046828851103782654
20569,0.08186351507902145
20570,0.057296186685562134
20571,0.08989296108484268
20572,0.07014114409685135
20573,0.06462490558624268
20574,0.03750024363398552
20575,0.038841016590595245
20576,0.04794081673026085
20577,0.070765420794487
20578,0.07389406859874725
20579,0.17480222880840302
20580,0.1789626181125641
20581,0.032703183591365814
20582,0.03282734751701355
20583,0.08512745052576065
20584,0.02312012016773224
20585,0.19551557302474976
20586,0.11331804096698761
20587,0.12987659871578217
20588,0.0428943894803524
20589,0.037014298141002655
20590,0.044899631291627884
20591,0.16064594686031342
20592,0.07844652980566025
20593,0.1683020144701004
20594,0.16693292558193207
20595,0.06479375809431076
20596,0.1480141431093216
20597,0.15459010004997253
20598,0.15483340620994568
20599,0.3671492338180542
20600,0.16997037827968597
20601,0.23071299493312836
20602,0.13891170918941498
20603,0.050632067024707794
20604,0.03640403598546982
20605,0.2001153528690338
20606,0.10556627810001373
20607,0.030515143647789955
20608,0.14541193842887878
20609,0.03127114102244377
20610,0.047100331634283066
20611,0.08198167383670807
20612,0.17762267589569092
20613,0.23605023324489594
20614,0.29163798689842224
20615,0.13307061791419983
20616,0.11872165650129318
20617,0.05828389525413513
20618,0.11191974580287933
20619,0.029520587995648384
20620,0.05451657250523567
20621,0.06832302361726761
20622,0.05960580334067345
20623,0.02669438160955906
20624,0.07898271828889847
20625,0.06049411743879318
20626,0.09220126271247864
20627,0.1425531953573227
20628,0.06049411743879318
20629,0.06049411743879318
20630,0.07700689136981964
20631,0.06049411743879318
20632,0.06049411743879318
20633,0.06049411743879318
20634,0.12882688641548157
20635,0.010232179425656796
20636,0.1663835495710373
20637,0.0639229491353035
20638,0.08746141195297241
20639,0.07334014028310776
20640,0.07500582933425903
20641,0.15585200488567352
20642,0.34666815400123596
20643,0.029364237561821938
20644,0.07665809243917465
20645,0.012089811265468597
20646,0.13018827140331268
20647,0.042183924466371536
20648,0.08239144086837769
20649,0.08239144086837769
20650,0.2307182103395462
20651,0.08239144086837769
20652,0.06351864337921143
20653,0.07600708305835724
20654,0.06578540802001953
20655,0.07244134694337845
20656,0.1008385568857193
20657,0.07311350107192993
20658,0.06950164586305618
20659,0.049026235938072205
20660,0.05510649457573891
20661,0.05510649457573891
20662,0.1431111842393875
20663,0.12651892006397247
20664,0.11861754208803177
20665,0.20700238645076752
20666,0.07995278388261795
20667,0.04312165826559067
20668,0.049732327461242676
20669,0.1629248708486557
20670,0.0853152871131897
20671,0.050887588411569595
20672,0.12290041148662567
20673,0.13930168747901917
20674,0.07730494439601898
20675,0.05397118255496025
20676,0.04008197784423828
20677,0.13067656755447388
20678,0.05397118255496025
20679,0.08185652643442154
20680,0.42250701785087585
20681,0.09016548842191696
20682,0.14405806362628937
20683,0.10526303946971893
20684,0.10586272180080414
20685,0.0917852371931076
20686,0.066356658935546875
20687,0.066356658935546875
20688,0.02765394188463688
20689,0.13387036323547363
20690,0.00872969813644886
20691,0.04285234957933426
20692,0.066356658935546875
20693,0.06019313633441925
20694,0.04285234957933426
20695,0.066356658935546875
20696,0.3444845974445343
20697,0.066356658935546875
20698,0.38891100883483887
20699,0.066356658935546875
20700,0.09229166805744171
20701,0.2627280354499817
20702,0.0654243677854538
20703,0.0821002870798111
20704,0.06101042404770851
20705,0.07332263886928558
20706,0.29499465227127075
20707,0.07500619441270828
20708,0.13207605481147766
20709,0.05986025929450989
20710,0.05986025929450989
20711,0.08043213188648224
20712,0.040428146719932556
20713,0.03880960866808891
20714,0.22553673386573792
20715,0.47057080268859863
20716,0.05831232666969299
20717,0.08179715275764465
20718,0.1391293853521347
20719,0.09064240753650665
20720,0.08643575012683868
20721,0.1537121683359146
20722,0.13507044315338135
20723,0.22113995254039764
20724,0.07372114062309265
20725,0.07372114062309265
20726,0.2703140079975128
20727,0.046941500157117844
20728,0.1689293533563614
20729,0.04999404400587082
20730,0.05905579403042793
20731,0.052689582109451294
20732,0.11745771020650864
20733,0.047155000269412994
20734,0.06908655166625977
20735,0.06338458508253098
20736,0.42212286591529846
20737,0.1611209511756897
20738,0.13402611017227173
20739,0.1019706204533577
20740,0.05870741233229637
20741,0.09962203353643417
20742,0.1161818727850914
20743,0.17275865375995636
20744,0.023368772119283676
20745,0.06164523586630821
20746,0.3803573548793793
20747,0.1613095998764038
20748,0.08358940482139587
20749,0.08676017075777054
20750,0.19268250465393066
20751,0.17002540826797485
20752,0.08948520570993423
20753,0.08073072135448456
20754,0.12267771363258362
20755,0.033542219549417496
20756,0.10815766453742981
20757,0.11505930870771408
20758,0.08583533763885498
20759,0.03835378959774971
20760,0.036782220005989075
20761,0.061303578317165375
20762,0.07975617796182632
20763,0.049466341733932495
20764,0.23342813551425934
20765,0.171929731965065
20766,0.25427600741386414
20767,0.04920061305165291
20768,0.042183924466371536
20769,0.0552339106798172
20770,0.03506533056497574
20771,0.06947002559900284
20772,0.3631594777107239
20773,0.1766100376844406
20774,0.09914261102676392
20775,0.045565128326416016
20776,0.13583309948444366
20777,0.047429684549570084
20778,0.166327565908432
20779,0.061481185257434845
20780,0.028286118060350418
20781,0.30620619654655457
20782,0.4267868399620056
20783,0.04885118827223778
20784,0.15522795915603638
20785,0.15522795915603638
20786,0.05785902589559555
20787,0.04998180642724037
20788,0.145627960562706
20789,0.08664768934249878
20790,0.11949815601110458
20791,0.06576956063508987
20792,0.06576956063508987
20793,0.04123201593756676
20794,0.05929337814450264
20795,0.23568521440029144
20796,0.1378844976425171
20797,0.10134460031986237
20798,0.2300463318824768
20799,0.07985091209411621
20800,0.2046658843755722
20801,0.19592764973640442
20802,0.20858000218868256
20803,0.047228261828422546
20804,0.08232203125953674
20805,0.0511200986802578
20806,0.13295942544937134
20807,0.11427906155586243
20808,0.10120944678783417
20809,0.12791502475738525
20810,0.08179104328155518
20811,0.16381214559078217
20812,0.5553073287010193
20813,0.06864520907402039
20814,0.1477915644645691
20815,0.05785240978002548
20816,0.0858236700296402
20817,0.12674587965011597
20818,0.2787885069847107
20819,0.0705646276473999
20820,0.0939980298280716
20821,0.07785497605800629
20822,0.059499211609363556
20823,0.018614856526255608
20824,0.07785497605800629
20825,0.059499211609363556
20826,0.059499211609363556
20827,0.059499211609363556
20828,0.07785497605800629
20829,0.07908239960670471
20830,0.07785497605800629
20831,0.07785497605800629
20832,0.07785497605800629
20833,0.07785497605800629
20834,0.07785497605800629
20835,0.07785497605800629
20836,0.07785497605800629
20837,0.07785497605800629
20838,0.07785497605800629
20839,0.07785497605800629
20840,0.07908239960670471
20841,0.07785497605800629
20842,0.07769110053777695
20843,0.07785497605800629
20844,0.07785497605800629
20845,0.07785497605800629
20846,0.07785497605800629
20847,0.07785497605800629
20848,0.059499211609363556
20849,0.059499211609363556
20850,0.030633464455604553
20851,0.030633464455604553
20852,0.18242324888706207
20853,0.07785497605800629
20854,0.07908239960670471
20855,0.030633464455604553
20856,0.04965600743889809
20857,0.08801396936178207
20858,0.2522909641265869
20859,0.03551439568400383
20860,0.051259394735097885
20861,0.051259394735097885
20862,0.051852159202098846
20863,0.04748791828751564
20864,0.06541936099529266
20865,0.029398126527667046
20866,0.14800360798835754
20867,0.045884013175964355
20868,0.08801396936178207
20869,0.044201962649822235
20870,0.05704326182603836
20871,0.06483397632837296
20872,0.03651280701160431
20873,0.08801396936178207
20874,0.045884013175964355
20875,0.12090636044740677
20876,0.05039158836007118
20877,0.19312356412410736
20878,0.1433277726173401
20879,0.09468714147806168
20880,0.055329836905002594
20881,0.03760070726275444
20882,0.03760070726275444
20883,0.059662673622369766
20884,0.11507251858711243
20885,0.07824257761240005
20886,0.07562367618083954
20887,0.035088296979665756
20888,0.1420120894908905
20889,0.11965871602296829
20890,0.06417597085237503
20891,0.06417597085237503
20892,0.008898863568902016
20893,0.04637351259589195
20894,0.06417597085237503
20895,0.14309532940387726
20896,0.08975646644830704
20897,0.07174647599458694
20898,0.06120051071047783
20899,0.08966443687677383
20900,0.14844143390655518
20901,0.12985730171203613
20902,0.04045026749372482
20903,0.09288762509822845
20904,0.17817780375480652
20905,0.08496814966201782
20906,0.07656338810920715
20907,0.04696981608867645
20908,0.0660906434059143
20909,0.04676811024546623
20910,0.11320768296718597
20911,0.058020636439323425
20912,0.10728328675031662
20913,0.06416220963001251
20914,0.024754561483860016
20915,0.11732631176710129
20916,0.09549354016780853
20917,0.08469147235155106
20918,0.08469147235155106
20919,0.08957138657569885
20920,0.06074927747249603
20921,0.16559164226055145
20922,0.10286463052034378
20923,0.0585794672369957
20924,0.1279936283826828
20925,0.625340461730957
20926,0.05486166849732399
20927,0.040402863174676895
20928,0.09256522357463837
20929,0.030608879402279854
20930,0.03810567408800125
20931,0.11037243902683258
20932,0.015041914768517017
20933,0.07051726430654526
20934,0.033960066735744476
20935,0.05770009011030197
20936,0.07035189121961594
20937,0.07240872085094452
20938,0.053936637938022614
20939,0.030112657696008682
20940,0.09857247769832611
20941,0.0643121749162674
20942,0.11815223097801208
20943,0.03325820714235306
20944,0.2634735405445099
20945,0.1290656328201294
20946,0.1290656328201294
20947,0.31607475876808167
20948,0.1290656328201294
20949,0.052100639790296555
20950,0.058679841458797455
20951,0.10106202214956284
20952,0.0700974315404892
20953,0.18055590987205505
20954,0.04478515684604645
20955,0.0761495977640152
20956,0.37210988998413086
20957,0.030406756326556206
20958,0.07454406470060349
20959,0.04128800705075264
20960,0.033633265644311905
20961,0.06649716198444366
20962,0.05510515719652176
20963,0.05510515719652176
20964,0.04449296370148659
20965,0.10083100199699402
20966,0.07576102763414383
20967,0.026453372091054916
20968,0.06830601394176483
20969,0.107210174202919
20970,0.0415973924100399
20971,0.0415973924100399
20972,0.044199492782354355
20973,0.034450795501470566
20974,0.22991132736206055
20975,0.0673067644238472
20976,0.06511063873767853
20977,0.07838913053274155
20978,0.3963758647441864
20979,0.10989415645599365
20980,0.09098765254020691
20981,0.07640877366065979
20982,0.0980900377035141
20983,0.0921049639582634
20984,0.06628602743148804
20985,0.06628602743148804
20986,0.11643415689468384
20987,0.09219615161418915
20988,0.038409583270549774
20989,0.06529434770345688
20990,0.03597496077418327
20991,0.09051758050918579
20992,0.02706870436668396
20993,0.30602842569351196
20994,0.06628602743148804
20995,0.060902923345565796
20996,0.08122436702251434
20997,0.04799460619688034
20998,0.138326033949852
20999,0.06583970040082932
21000,0.0739593431353569
21001,0.04387412965297699
21002,0.09959325194358826
21003,0.04938550665974617
21004,0.1131737157702446
21005,0.16911117732524872
21006,0.12421584129333496
21007,0.03403539955615997
21008,0.2412843108177185
21009,0.18649524450302124
21010,0.13470558822155
21011,0.0674523264169693
21012,0.1183832511305809
21013,0.06628602743148804
21014,0.04905496537685394
21015,0.19594471156597137
21016,0.09317521750926971
21017,0.18213064968585968
21018,0.06046279892325401
21019,0.03965134546160698
21020,0.2661283314228058
21021,0.19997572898864746
21022,0.38118767738342285
21023,0.09026297926902771
21024,0.1539539396762848
21025,0.061931464821100235
21026,0.12408296763896942
21027,0.1893048733472824
21028,0.08386442065238953
21029,0.042539238929748535
21030,0.033386338502168655
21031,0.05683308094739914
21032,0.027885975316166878
21033,0.1957133561372757
21034,0.04422784596681595
21035,0.048092566430568695
21036,0.04422784596681595
21037,0.048092566430568695
21038,0.04422784596681595
21039,0.2474745512008667
21040,0.04422784596681595
21041,0.04422784596681595
21042,0.04422784596681595
21043,0.04422784596681595
21044,0.04422784596681595
21045,0.11331778019666672
21046,0.04422784596681595
21047,0.04422784596681595
21048,0.38589000701904297
21049,0.10647618770599365
21050,0.2342446893453598
21051,0.04422784596681595
21052,0.04422784596681595
21053,0.04422784596681595
21054,0.04422784596681595
21055,0.04422784596681595
21056,0.04422784596681595
21057,0.04422784596681595
21058,0.06833281368017197
21059,0.04422784596681595
21060,0.04422784596681595
21061,0.04422784596681595
21062,0.04422784596681595
21063,0.08630093187093735
21064,0.048092566430568695
21065,0.048092566430568695
21066,0.04578873887658119
21067,0.008074531331658363
21068,0.08862081915140152
21069,0.5837907791137695
21070,0.025024471804499626
21071,0.1532812863588333
21072,0.060658033937215805
21073,0.08591402322053909
21074,0.04215101897716522
21075,0.04215101897716522
21076,0.04215101897716522
21077,0.04215101897716522
21078,0.23563404381275177
21079,0.23568007349967957
21080,0.03450979292392731
21081,0.0967165008187294
21082,0.060699816793203354
21083,0.04907820746302605
21084,0.04215101897716522
21085,0.048275042325258255
21086,0.08943087607622147
21087,0.06989766657352448
21088,0.19818556308746338
21089,0.05811024457216263
21090,0.10011228173971176
21091,0.04376784712076187
21092,0.04054154455661774
21093,0.04134060814976692
21094,0.09629098325967789
21095,0.08897654712200165
21096,0.09467926621437073
21097,0.08866410702466965
21098,0.07853779196739197
21099,0.04059544950723648
21100,0.04512061923742294
21101,0.3752107620239258
21102,0.04852244257926941
21103,0.04418589919805527
21104,0.029199831187725067
21105,0.058099303394556046
21106,0.029239488765597343
21107,0.2303038090467453
21108,0.03897732123732567
21109,0.03128837049007416
21110,0.0468587651848793
21111,0.041152097284793854
21112,0.04057959467172623
21113,0.33355721831321716
21114,0.035688888281583786
21115,0.04056056961417198
21116,0.07002843916416168
21117,0.04175204038619995
21118,0.3375265896320343
21119,0.05391543358564377
21120,0.04075387492775917
21121,0.08605054020881653
21122,0.10819318145513535
21123,0.2373199760913849
21124,0.12292113155126572
21125,0.04127015545964241
21126,0.07002843916416168
21127,0.1151808351278305
21128,0.2202594131231308
21129,0.060176633298397064
21130,0.05989694222807884
21131,0.4033142030239105
21132,0.13813060522079468
21133,0.26216086745262146
21134,0.10971736907958984
21135,0.0452643483877182
21136,0.0452643483877182
21137,0.030940096825361252
21138,0.08601528406143188
21139,0.0452643483877182
21140,0.03083101101219654
21141,0.03082306496798992
21142,0.3843957185745239
21143,0.030961675569415092
21144,0.2585574984550476
21145,0.043109431862831116
21146,0.0289288517087698
21147,0.0294706579297781
21148,0.17013752460479736
21149,0.10190596431493759
21150,0.02599397860467434
21151,0.011265330016613007
21152,0.069718137383461
21153,0.04977869242429733
21154,0.12125453352928162
21155,0.07676751911640167
21156,0.20556625723838806
21157,0.045742157846689224
21158,0.09281942993402481
21159,0.07699964195489883
21160,0.18020519614219666
21161,0.12620878219604492
21162,0.5090195536613464
21163,0.04231179505586624
21164,0.12752851843833923
21165,0.03014601580798626
21166,0.0698954239487648
21167,0.036354731768369675
21168,0.06367749720811844
21169,0.0398649200797081
21170,0.505363941192627
21171,0.14510416984558105
21172,0.3102235198020935
21173,0.05231785029172897
21174,0.10104654729366302
21175,0.1111554354429245
21176,0.09768158197402954
21177,0.06959109753370285
21178,0.1069054901599884
21179,0.07759038358926773
21180,0.0437178835272789
21181,0.14328104257583618
21182,0.06429633498191833
21183,0.17006932199001312
21184,0.08070386946201324
21185,0.043904125690460205
21186,0.1617092490196228
21187,0.10062804073095322
21188,0.11932460963726044
21189,0.057573456317186356
21190,0.024744099006056786
21191,0.06191805750131607
21192,0.1677926927804947
21193,0.068851567804813385
21194,0.09673073142766953
21195,0.11710629612207413
21196,0.09441110491752625
21197,0.06295613944530487
21198,0.0776696652173996
21199,0.05291293188929558
21200,0.09441110491752625
21201,0.052151355892419815
21202,0.08920112997293472
21203,0.07051645964384079
21204,0.025210130959749222
21205,0.14971855282783508
21206,0.13281860947608948
21207,0.09526752680540085
21208,0.07969369739294052
21209,0.13488522171974182
21210,0.02523016184568405
21211,0.042410753667354584
21212,0.031084531918168068
21213,0.05020301416516304
21214,0.06984473764896393
21215,0.026212824508547783
21216,0.1341533362865448
21217,0.08129282295703888
21218,0.10212965309619904
21219,0.028107674792408943
21220,0.034895751625299454
21221,0.17377188801765442
21222,0.09532636404037476
21223,0.037824470549821854
21224,0.052144620567560196
21225,0.04025855287909508
21226,0.14239396154880524
21227,0.14518402516841888
21228,0.07012400776147842
21229,0.1841743290424347
21230,0.07366462051868439
21231,0.10871662944555283
21232,0.3543737530708313
21233,0.10077936202287674
21234,0.17878471314907074
21235,0.3080664575099945
21236,0.05938049778342247
21237,0.29497262835502625
21238,0.050760407000780106
21239,0.07082299143075943
21240,0.05140618607401848
21241,0.08416876941919327
21242,0.16616655886173248
21243,0.007897384464740753
21244,0.010921868495643139
21245,0.07082299143075943
21246,0.07082299143075943
21247,0.060364607721567154
21248,0.060364607721567154
21249,0.07082299143075943
21250,0.060364607721567154
21251,0.07082299143075943
21252,0.0310249961912632
21253,0.046253643929958344
21254,0.07082299143075943
21255,0.07082299143075943
21256,0.07082299143075943
21257,0.05140618607401848
21258,0.07082299143075943
21259,0.07082299143075943
21260,0.05140618607401848
21261,0.07082299143075943
21262,0.07082299143075943
21263,0.06204644590616226
21264,0.07082299143075943
21265,0.02503044344484806
21266,0.08508165180683136
21267,0.11499566584825516
21268,0.07082299143075943
21269,0.03142475336790085
21270,0.06939046084880829
21271,0.204692080616951
21272,0.07082299143075943
21273,0.07082299143075943
21274,0.07082299143075943
21275,0.04616387188434601
21276,0.04676603525876999
21277,0.08098240941762924
21278,0.029179666191339493
21279,0.06156184524297714
21280,0.08257922530174255
21281,0.04110713303089142
21282,0.0424874909222126
21283,0.06156184524297714
21284,0.06269832700490952
21285,0.13251082599163055
21286,0.04115426912903786
21287,0.07751806080341339
21288,0.04115426912903786
21289,0.04496392235159874
21290,0.07682392746210098
21291,0.10615354031324387
21292,0.17232409119606018
21293,0.14799465239048004
21294,0.11019311845302582
21295,0.04176933690905571
21296,0.05080072209239006
21297,0.0265816543251276
21298,0.07983506470918655
21299,0.10414408892393112
21300,0.05714987590909004
21301,0.19290374219417572
21302,0.1285490244626999
21303,0.052180152386426926
21304,0.25740763545036316
21305,0.05191302299499512
21306,0.0897822454571724
21307,0.3558202087879181
21308,0.04622369259595871
21309,0.15019772946834564
21310,0.13572052121162415
21311,0.12451869249343872
21312,0.11324458569288254
21313,0.03226645290851593
21314,0.0519527867436409
21315,0.04496674984693527
21316,0.04573504626750946
21317,0.09415028244256973
21318,0.1012912392616272
21319,0.09210070967674255
21320,0.5522374510765076
21321,0.0323013998568058
21322,0.06621548533439636
21323,0.09210070967674255
21324,0.07838190346956253
21325,0.03230904042720795
21326,0.3386908173561096
21327,0.0863645151257515
21328,0.19840829074382782
21329,0.18023042380809784
21330,0.027948245406150818
21331,0.051290951669216156
21332,0.08029148727655411
21333,0.3346211314201355
21334,0.29326334595680237
21335,0.21902742981910706
21336,0.08094163984060287
21337,0.08581729233264923
21338,0.04996274411678314
21339,0.3248918056488037
21340,0.04409679025411606
21341,0.03204567730426788
21342,0.13237492740154266
21343,0.4869019687175751
21344,0.056766707450151443
21345,0.07640465348958969
21346,0.05915277823805809
21347,0.039567723870277405
21348,0.14342980086803436
21349,0.05031000077724457
21350,0.12847119569778442
21351,0.37654146552085876
21352,0.11034528911113739
21353,0.036478713154792786
21354,0.12205173820257187
21355,0.05681473761796951
21356,0.07515385746955872
21357,0.03957387059926987
21358,0.5335397124290466
21359,0.19257013499736786
21360,0.10131441056728363
21361,0.08660624176263809
21362,0.051894884556531906
21363,0.10956626385450363
21364,0.03256387263536453
21365,0.041886333376169205
21366,0.20278741419315338
21367,0.13507913053035736
21368,0.05808747187256813
21369,0.16071289777755737
21370,0.11283306032419205
21371,0.04147370159626007
21372,0.059194352477788925
21373,0.04378204047679901
21374,0.14307184517383575
21375,0.08484424650669098
21376,0.03976888582110405
21377,0.059257879853248596
21378,0.35291430354118347
21379,0.048198550939559937
21380,0.058415912091732025
21381,0.10207659751176834
21382,0.5181416273117065
21383,0.13428129255771637
21384,0.035574112087488174
21385,0.11823888123035431
21386,0.061652038246393204
21387,0.024531779810786247
21388,0.07607517391443253
21389,0.20744307339191437
21390,0.03065638057887554
21391,0.04331422597169876
21392,0.0676293894648552
21393,0.054457515478134155
21394,0.12248837947845459
21395,0.06349272280931473
21396,0.03582886978983879
21397,0.07841995358467102
21398,0.11173083633184433
21399,0.31776663661003113
21400,0.1655604988336563
21401,0.04010019451379776
21402,0.044695910066366196
21403,0.17845003306865692
21404,0.23560672998428345
21405,0.104657381772995
21406,0.06760883331298828
21407,0.04433904215693474
21408,0.038755908608436584
21409,0.02514800801873207
21410,0.02819572575390339
21411,0.028580009937286377
21412,0.20812669396400452
21413,0.11629201471805573
21414,0.0721406638622284
21415,0.09673073142766953
21416,0.09646791964769363
21417,0.11080281436443329
21418,0.08874163776636124
21419,0.03200634941458702
21420,0.09555143117904663
21421,0.16499480605125427
21422,0.11637038737535477
21423,0.07122763991355896
21424,0.14314371347427368
21425,0.05368703603744507
21426,0.3851209878921509
21427,0.04103095456957817
21428,0.05388264358043671
21429,0.05388264358043671
21430,0.01525548193603754
21431,0.15551021695137024
21432,0.2640279233455658
21433,0.05388264358043671
21434,0.07416169345378876
21435,0.0353156216442585
21436,0.09045659005641937
21437,0.05388264358043671
21438,0.06500035524368286
21439,0.05388264358043671
21440,0.05388264358043671
21441,0.12581372261047363
21442,0.07416169345378876
21443,0.07416169345378876
21444,0.06500035524368286
21445,0.05388264358043671
21446,0.05388264358043671
21447,0.07416169345378876
21448,0.08170640468597412
21449,0.04628453403711319
21450,0.0811694785952568
21451,0.07416169345378876
21452,0.05388264358043671
21453,0.05388264358043671
21454,0.05388264358043671
21455,0.07416169345378876
21456,0.06396830081939697
21457,0.08055934309959412
21458,0.36897993087768555
21459,0.1992303878068924
21460,0.24908213317394257
21461,0.14425088465213776
21462,0.05388264358043671
21463,0.054991502314805984
21464,0.0334978923201561
21465,0.11471682041883469
21466,0.02792590670287609
21467,0.03164622560143471
21468,0.04363134875893593
21469,0.17346051335334778
21470,0.036078933626413345
21471,0.06728842854499817
21472,0.05240285396575928
21473,0.08595460653305054
21474,0.09320230036973953
21475,0.13232845067977905
21476,0.17853982746601105
21477,0.34296914935112
21478,0.07412409037351608
21479,0.06002168729901314
21480,0.10132091492414474
21481,0.057241156697273254
21482,0.14556968212127686
21483,0.03753848001360893
21484,0.09171845763921738
21485,0.09049739688634872
21486,0.07079582661390305
21487,0.08640586584806442
21488,0.07313452661037445
21489,0.0429454930126667
21490,0.11101275682449341
21491,0.08217449486255646
21492,0.179275244474411
21493,0.08114153891801834
21494,0.09235115349292755
21495,0.14247357845306396
21496,0.067668817937374115
21497,0.13880306482315063
21498,0.1563040316104889
21499,0.06200159713625908
21500,0.07194603979587555
21501,0.13880306482315063
21502,0.057056449353694916
21503,0.15244577825069427
21504,0.11484254896640778
21505,0.04850360378623009
21506,0.2469305545091629
21507,0.03169287368655205
21508,0.2069157063961029
21509,0.1474243402481079
21510,0.12563647329807281
21511,0.2887580990791321
21512,0.1857856661081314
21513,0.068268783390522
21514,0.11267537623643875
21515,0.07096569985151291
21516,0.24272243678569794
21517,0.11918133497238159
21518,0.14136146008968353
21519,0.034394826740026474
21520,0.02947589010000229
21521,0.24962963163852692
21522,0.03613456338644028
21523,0.09410969167947769
21524,0.2849467098712921
21525,0.17780840396881104
21526,0.17216169834136963
21527,0.2602212727069855
21528,0.1668349951505661
21529,0.1887311488389969
21530,0.05034993588924408
21531,0.025311969220638275
21532,0.0608193539083004
21533,0.07790149748325348
21534,0.10497254133224487
21535,0.13267064094543457
21536,0.11348605901002884
21537,0.11348605901002884
21538,0.04292980208992958
21539,0.06822286546230316
21540,0.06029996648430824
21541,0.06964538991451263
21542,0.06029996648430824
21543,0.06788302958011627
21544,0.028102880343794823
21545,0.04292980208992958
21546,0.05243312940001488
21547,0.04123285040259361
21548,0.3263581693172455
21549,0.07013478875160217
21550,0.025280820205807686
21551,0.1254461258649826
21552,0.04081537947058678
21553,0.029115090146660805
21554,0.0418744795024395
21555,0.09682214260101318
21556,0.09554237127304077
21557,0.07976464927196503
21558,0.06887707859277725
21559,0.06831147521734238
21560,0.11965256929397583
21561,0.05070348083972931
21562,0.23607631027698517
21563,0.1258430778980255
21564,0.02150515653192997
21565,0.18192049860954285
21566,0.06872320920228958
21567,0.044072214514017105
21568,0.05698173865675926
21569,0.10984580963850021
21570,0.1211523786187172
21571,0.11074049025774002
21572,0.09588795155286789
21573,0.08172043412923813
21574,0.05698173865675926
21575,0.13275417685508728
21576,0.13540580868721008
21577,0.061578113585710526
21578,0.04176643490791321
21579,0.4136286675930023
21580,0.04949169233441353
21581,0.04891320317983627
21582,0.13455377519130707
21583,0.04002111405134201
21584,0.11797749996185303
21585,0.05792868882417679
21586,0.12159579992294312
21587,0.1958341747522354
21588,0.1277896612882614
21589,0.14731766283512115
21590,0.15545456111431122
21591,0.06030441075563431
21592,0.027747906744480133
21593,0.039902351796627045
21594,0.038867976516485214
21595,0.06625580042600632
21596,0.08758772909641266
21597,0.06625580042600632
21598,0.022184692323207855
21599,0.14258019626140594
21600,0.08564484119415283
21601,0.08504536002874374
21602,0.05348396301269531
21603,0.06625580042600632
21604,0.18150579929351807
21605,0.05157776549458504
21606,0.03942315652966499
21607,0.2817320227622986
21608,0.17530225217342377
21609,0.02763822115957737
21610,0.06125357747077942
21611,0.06625580042600632
21612,0.05723177641630173
21613,0.036728374660015106
21614,0.32745063304901123
21615,0.20948463678359985
21616,0.060431912541389465
21617,0.08782148361206055
21618,0.04210127517580986
21619,0.07679954916238785
21620,0.05701253190636635
21621,0.0347275584936142
21622,0.11843737959861755
21623,0.058244138956069946
21624,0.10939928144216537
21625,0.11009558290243149
21626,0.10202782601118088
21627,0.0913185328245163
21628,0.1392194777727127
21629,0.08429967612028122
21630,0.019050899893045425
21631,0.12467780709266663
21632,0.12467780709266663
21633,0.12467780709266663
21634,0.12467780709266663
21635,0.12467780709266663
21636,0.12467780709266663
21637,0.12467780709266663
21638,0.16406601667404175
21639,0.13056990504264832
21640,0.18747617304325104
21641,0.03998665139079094
21642,0.20209114253520966
21643,0.08004838973283768
21644,0.046959493309259415
21645,0.23580637574195862
21646,0.19669747352600098
21647,0.0622357614338398
21648,0.13724182546138763
21649,0.2305937111377716
21650,0.2976456880569458
21651,0.09720632433891296
21652,0.06308665871620178
21653,0.07454623281955719
21654,0.28245699405670166
21655,0.036880962550640106
21656,0.18743063509464264
21657,0.08696488291025162
21658,0.1226440817117691
21659,0.09481969475746155
21660,0.21404507756233215
21661,0.14521153271198273
21662,0.09523624181747437
21663,0.02086620405316353
21664,0.07159630209207535
21665,0.11214891821146011
21666,0.13181082904338837
21667,0.5349489450454712
21668,0.4728759825229645
21669,0.17338067293167114
21670,0.06978581100702286
21671,0.2586246728897095
21672,0.02940838597714901
21673,0.2398151457309723
21674,0.07143202424049377
21675,0.07501791417598724
21676,0.11851286888122559
21677,0.2881028652191162
21678,0.09719323366880417
21679,0.22458882629871368
21680,0.0501987524330616
21681,0.05938370153307915
21682,0.30284959077835083
21683,0.30284959077835083
21684,0.3178611099720001
21685,0.024785418063402176
21686,0.41471776366233826
21687,0.04438260570168495
21688,0.03571692481637001
21689,0.04903976991772652
21690,0.035574112087488174
21691,0.06379710882902145
21692,0.40756314992904663
21693,0.187207892537117
21694,0.040566034615039825
21695,0.08401504904031754
21696,0.08401504904031754
21697,0.06805971264839172
21698,0.1286788433790207
21699,0.09366399049758911
21700,0.3517899215221405
21701,0.07773782312870026
21702,0.07041825354099274
21703,0.04460970312356949
21704,0.13701027631759644
21705,0.1302226483821869
21706,0.05555570125579834
21707,0.07606741786003113
21708,0.09696144610643387
21709,0.06456468254327774
21710,0.034188706427812576
21711,0.12910562753677368
21712,0.05678968131542206
21713,0.07964279502630234
21714,0.04325023293495178
21715,0.1586860567331314
21716,0.10096562653779984
21717,0.061744965612888336
21718,0.09132158756256104
21719,0.11697666347026825
21720,0.0892513245344162
21721,0.18560373783111572
21722,0.13843153417110443
21723,0.10995125770568848
21724,0.03433426097035408
21725,0.027855435386300087
21726,0.06077711284160614
21727,0.10097302496433258
21728,0.2863489091396332
21729,0.006210534833371639
21730,0.06289894133806229
21731,0.28498733043670654
21732,0.22514009475708008
21733,0.11605392396450043
21734,0.18599572777748108
21735,0.07932189106941223
21736,0.045773476362228394
21737,0.45139095187187195
21738,0.16435673832893372
21739,0.07695218175649643
21740,0.08852377533912659
21741,0.03983737900853157
21742,0.03983737900853157
21743,0.16419251263141632
21744,0.1590757668018341
21745,0.22514009475708008
21746,0.06134415417909622
21747,0.054421667009592056
21748,0.07991234213113785
21749,0.03996169939637184
21750,0.054948922246694565
21751,0.0849435105919838
21752,0.18815931677818298
21753,0.1482243835926056
21754,0.10002981871366501
21755,0.1726142019033432
21756,0.14269430935382843
21757,0.22945566475391388
21758,0.09041160345077515
21759,0.19481316208839417
21760,0.14449355006217957
21761,0.08320212364196777
21762,0.06266232579946518
21763,0.08211255073547363
21764,0.09540469199419022
21765,0.204152449965477
21766,0.0623428151011467
21767,0.02659817971289158
21768,0.06023535132408142
21769,0.20772281289100647
21770,0.06023535132408142
21771,0.06815040856599808
21772,0.06023535132408142
21773,0.06023535132408142
21774,0.009876254014670849
21775,0.12713783979415894
21776,0.059306979179382324
21777,0.1233152523636818
21778,0.330161452293396
21779,0.08513587713241577
21780,0.2898886501789093
21781,0.1495659351348877
21782,0.02514401264488697
21783,0.12498894333839417
21784,0.031834859400987625
21785,0.11661788076162338
21786,0.18893735110759735
21787,0.1794055849313736
21788,0.39775383472442627
21789,0.1520255208015442
21790,0.15135636925697327
21791,0.2672780752182007
21792,0.013674934394657612
21793,0.07531657069921494
21794,0.2709842026233673
21795,0.05961605906486511
21796,0.12621453404426575
21797,0.3859862685203552
21798,0.23875518143177032
21799,0.3890918791294098
21800,0.27648264169692993
21801,0.15958695113658905
21802,0.043509919196367264
21803,0.1508849561214447
21804,0.02499302104115486
21805,0.07289004325866699
21806,0.10238239169120789
21807,0.13546547293663025
21808,0.18345576524734497
21809,0.006210534833371639
21810,0.046129461377859116
21811,0.06139816343784332
21812,0.02636958472430706
21813,0.2938416302204132
21814,0.12762892246246338
21815,0.12762892246246338
21816,0.056041277945041656
21817,0.10831516981124878
21818,0.06852055341005325
21819,0.14999592304229736
21820,0.15794116258621216
21821,0.12768010795116425
21822,0.10988665372133255
21823,0.18766076862812042
21824,0.10280822962522507
21825,0.08647516369819641
21826,0.04523112624883652
21827,0.06607458740472794
21828,0.19509688019752502
21829,0.0456496961414814
21830,0.04209470376372337
21831,0.06607458740472794
21832,0.265551894903183
21833,0.06607458740472794
21834,0.27874621748924255
21835,0.2732214629650116
21836,0.3705262243747711
21837,0.59125816822052
21838,0.12038468569517136
21839,0.04831720143556595
21840,0.16665774583816528
21841,0.10794907808303833
21842,0.02139599807560444
21843,0.6559825539588928
21844,0.2596084773540497
21845,0.06888856738805771
21846,0.07536676526069641
21847,0.14059925079345703
21848,0.04627541825175285
21849,0.19129006564617157
21850,0.08471857011318207
21851,0.20039713382720947
21852,0.09485582262277603
21853,0.048507366329431534
21854,0.05702913552522659
21855,0.08202464878559113
21856,0.08363328874111176
21857,0.04550745338201523
21858,0.08346506208181381
21859,0.022569747641682625
21860,0.025178128853440285
21861,0.050066374242305756
21862,0.1912444531917572
21863,0.3083415925502777
21864,0.06446143239736557
21865,0.06446143239736557
21866,0.06446143239736557
21867,0.07631092518568039
21868,0.14193491637706757
21869,0.18626955151557922
21870,0.4127458930015564
21871,0.3083415925502777
21872,0.45223239064216614
21873,0.10232800990343094
21874,0.11569257825613022
21875,0.06586656719446182
21876,0.1947256624698639
21877,0.2338288426399231
21878,0.3311530351638794
21879,0.28489524126052856
21880,0.12178272008895874
21881,0.14228421449661255
21882,0.1359068751335144
21883,0.06859736144542694
21884,0.20657436549663544
21885,0.037569910287857056
21886,0.02785530313849449
21887,0.26754626631736755
21888,0.06237615644931793
21889,0.048392388969659805
21890,0.3116123080253601
21891,0.11849234998226166
21892,0.05257090553641319
21893,0.16325126588344574
21894,0.04862607643008232
21895,0.11888638138771057
21896,0.09281565248966217
21897,0.09760753065347672
21898,0.037050314247608185
21899,0.21452006697654724
21900,0.4729468822479248
21901,0.2713509798049927
21902,0.07397709041833878
21903,0.4683683216571808
21904,0.05949742719531059
21905,0.04378357529640198
21906,0.21287547051906586
21907,0.44133007526397705
21908,0.09178492426872253
21909,0.2969956398010254
21910,0.037050314247608185
21911,0.04369619861245155
21912,0.12003093957901001
21913,0.10545865446329117
21914,0.24646121263504028
21915,0.11899576336145401
21916,0.22012865543365479
21917,0.05022093653678894
21918,0.0417172871530056
21919,0.06029593572020531
21920,0.11345462501049042
21921,0.09933165460824966
21922,0.1790580153465271
21923,0.1625010073184967
21924,0.035820890218019485
21925,0.08076925575733185
21926,0.1321740448474884
21927,0.17048850655555725
21928,0.17433711886405945
21929,0.04040463641285896
21930,0.21822796761989594
21931,0.165231391787529
21932,0.23814629018306732
21933,0.42800265550613403
21934,0.03505678102374077
21935,0.0416494756937027
21936,0.060048580169677734
21937,0.20364518463611603
21938,0.1146380603313446
21939,0.06614696979522705
21940,0.16094903647899628
21941,0.04303501173853874
21942,0.10989459604024887
21943,0.12648479640483856
21944,0.16911470890045166
21945,0.1444336622953415
21946,0.13681569695472717
21947,0.21649158000946045
21948,0.07213910669088364
21949,0.24783523380756378
21950,0.026667525991797447
21951,0.044988732784986496
21952,0.037273842841386795
21953,0.034503716975450516
21954,0.024045728147029877
21955,0.07597050070762634
21956,0.24328944087028503
21957,0.01248337235301733
21958,0.028291871771216393
21959,0.19197921454906464
21960,0.2685961127281189
21961,0.09540790319442749
21962,0.0406898632645607
21963,0.09805067628622055
21964,0.061619728803634644
21965,0.37525680661201477
21966,0.16916772723197937
21967,0.02890639565885067
21968,0.09422047436237335
21969,0.02635110728442669
21970,0.0497979111969471
21971,0.0896412804722786
21972,0.17261888086795807
21973,0.25315093994140625
21974,0.028273962438106537
21975,0.1880790740251541
21976,0.11040593683719635
21977,0.09497201442718506
21978,0.05998244881629944
21979,0.039907440543174744
21980,0.0616186261177063
21981,0.11372236907482147
21982,0.01955621875822544
21983,0.15486326813697815
21984,0.11354445666074753
21985,0.03838639706373215
21986,0.1042238250374794
21987,0.12998418509960175
21988,0.037591010332107544
21989,0.05877791345119476
21990,0.10620696097612381
21991,0.1720491349697113
21992,0.4231727719306946
21993,0.09212003648281097
21994,0.049600325524806976
21995,0.056859374046325684
21996,0.09342729300260544
21997,0.09016185998916626
21998,0.08879970759153366
21999,0.3255113959312439
22000,0.06209930032491684
22001,0.07975617796182632
22002,0.08092205971479416
22003,0.051639728248119354
22004,0.056888457387685776
22005,0.09680905938148499
22006,0.09497176855802536
22007,0.11102259904146194
22008,0.09680905938148499
22009,0.14765730500221252
22010,0.10795563459396362
22011,0.07914871722459793
22012,0.13487933576107025
22013,0.02406134270131588
22014,0.15382333099842072
22015,0.16544827818870544
22016,0.1480814814567566
22017,0.0225579421967268
22018,0.0686245709657669
22019,0.15382333099842072
22020,0.18519923090934753
22021,0.15382333099842072
22022,0.11674616485834122
22023,0.06223228946328163
22024,0.16058948636054993
22025,0.05878080055117607
22026,0.21000000834465027
22027,0.03442191705107689
22028,0.11954322457313538
22029,0.04182099178433418
22030,0.07670658081769943
22031,0.05579425394535065
22032,0.3697825074195862
22033,0.06055040657520294
22034,0.14334627985954285
22035,0.0348811112344265
22036,0.09998556971549988
22037,0.0960693508386612
22038,0.08288747817277908
22039,0.1794067919254303
22040,0.09610094130039215
22041,0.08186783641576767
22042,0.04771581292152405
22043,0.08994297683238983
22044,0.08708648383617401
22045,0.020942358300089836
22046,0.18830427527427673
22047,0.15448224544525146
22048,0.02523737959563732
22049,0.08844547718763351
22050,0.08708648383617401
22051,0.08844547718763351
22052,0.08844547718763351
22053,0.08708648383617401
22054,0.0548778735101223
22055,0.08844547718763351
22056,0.08708648383617401
22057,0.3402625322341919
22058,0.46485161781311035
22059,0.025074215605854988
22060,0.09246741980314255
22061,0.08844547718763351
22062,0.08708648383617401
22063,0.08708648383617401
22064,0.061438124626874924
22065,0.03099719248712063
22066,0.5101902484893799
22067,0.08844547718763351
22068,0.08708648383617401
22069,0.08708648383617401
22070,0.04357362166047096
22071,0.08403462916612625
22072,0.17823556065559387
22073,0.0802692174911499
22074,0.19386301934719086
22075,0.08708648383617401
22076,0.07621794193983078
22077,0.10006653517484665
22078,0.07084634900093079
22079,0.07568686455488205
22080,0.06103818863630295
22081,0.0617089718580246
22082,0.06361839920282364
22083,0.04276449605822563
22084,0.1751370131969452
22085,0.04907675087451935
22086,0.0733092874288559
22087,0.09200479090213776
22088,0.09413476288318634
22089,0.0473000630736351
22090,0.2806028127670288
22091,0.19088725745677948
22092,0.10006653517484665
22093,0.06104282662272453
22094,0.1492096185684204
22095,0.15937994420528412
22096,0.04225417599081993
22097,0.12771639227867126
22098,0.07037720084190369
22099,0.13968785107135773
22100,0.0708991065621376
22101,0.19523866474628448
22102,0.1709471344947815
22103,0.030247490853071213
22104,0.06600423902273178
22105,0.07280951738357544
22106,0.2471015751361847
22107,0.06600423902273178
22108,0.07614073157310486
22109,0.06600423902273178
22110,0.08462168276309967
22111,0.06600423902273178
22112,0.06600423902273178
22113,0.06600423902273178
22114,0.06600423902273178
22115,0.085358165204525
22116,0.08541910350322723
22117,0.12922506034374237
22118,0.1709471344947815
22119,0.045698344707489014
22120,0.20051945745944977
22121,0.513725221157074
22122,0.16019883751869202
22123,0.12594439089298248
22124,0.2294570952653885
22125,0.1182972863316536
22126,0.06838443875312805
22127,0.03650660067796707
22128,0.16178511083126068
22129,0.11963009834289551
22130,0.03726230561733246
22131,0.041083551943302155
22132,0.17502009868621826
22133,0.06361839920282364
22134,0.06361839920282364
22135,0.06361839920282364
22136,0.06361839920282364
22137,0.08858470618724823
22138,0.06361839920282364
22139,0.052514925599098206
22140,0.06361839920282364
22141,0.2579885721206665
22142,0.22772535681724548
22143,0.06361839920282364
22144,0.06361839920282364
22145,0.17161892354488373
22146,0.11190690845251083
22147,0.06361839920282364
22148,0.06361839920282364
22149,0.07531162351369858
22150,0.06361839920282364
22151,0.06361839920282364
22152,0.1286270022392273
22153,0.06361839920282364
22154,0.136447012424469
22155,0.1509893834590912
22156,0.18422897160053253
22157,0.3407464623451233
22158,0.06589982658624649
22159,0.08455570042133331
22160,0.39161208271980286
22161,0.02649463154375553
22162,0.16050732135772705
22163,0.1566258668899536
22164,0.08671518415212631
22165,0.12526507675647736
22166,0.09586162120103836
22167,0.1464983969926834
22168,0.07043199241161346
22169,0.10628058761358261
22170,0.10375712066888809
22171,0.08485987037420273
22172,0.3349895179271698
22173,0.13721442222595215
22174,0.23924332857131958
22175,0.23924332857131958
22176,0.19674189388751984
22177,0.041750866919755936
22178,0.07017642259597778
22179,0.15033817291259766
22180,0.04878155514597893
22181,0.05024449899792671
22182,0.09740548580884933
22183,0.051838941872119904
22184,0.10342123359441757
22185,0.031987644731998444
