id,probs
1,0.0554034486413002
2,0.07608520239591599
3,0.671531617641449
4,0.07517602294683456
5,0.02509540133178234
6,0.03341253474354744
7,0.11858592927455902
8,0.03987652063369751
9,0.2578788995742798
10,0.03779326379299164
11,0.03304436802864075
12,0.7011462450027466
13,0.06604953110218048
14,0.06008357182145119
15,0.08679671585559845
16,0.043144192546606064
17,0.043471407145261765
18,0.008112410083413124
19,0.0217677503824234
20,0.032101165503263474
21,0.07147368043661118
22,0.06455966085195541
23,0.03767576068639755
24,0.03155582770705223
25,0.025171387940645218
26,0.039410512894392014
27,0.0298127681016922
28,0.023311953991651535
29,0.0489993691444397
30,0.045684557408094406
31,0.04878233000636101
32,0.03122377023100853
33,0.05170323699712753
34,0.028695838525891304
35,0.05845954269170761
36,0.03218882903456688
37,0.04784043878316879
38,0.03270135074853897
39,0.7041137218475342
40,0.07762965559959412
41,0.08588718622922897
42,0.05078822001814842
43,0.055457789450883865
44,0.02879251167178154
45,0.029774010181427002
46,0.06868015974760056
47,0.7246004343032837
48,0.09058535844087601
49,0.08796920627355576
50,0.7933412194252014
51,0.04020174592733383
52,0.0340803824365139
53,0.033383142203092575
54,0.03533944487571716
55,0.039379727095365524
56,0.697081446647644
57,0.26805150508880615
58,0.07539926469326019
59,0.6888074278831482
60,0.1127977967262268
61,0.03910239785909653
62,0.05341252684593201
63,0.04354093596339226
64,0.10563120245933533
65,0.260968953371048
66,0.6790955662727356
67,0.09637531638145447
68,0.038848139345645905
69,0.0637282133102417
70,0.033684078603982925
71,0.11134611815214157
72,0.7240633368492126
73,0.037710823118686676
74,0.03458080440759659
75,0.07364638894796371
76,0.004040212836116552
77,0.06229501590132713
78,0.40980100631713867
79,0.0527416355907917
80,0.20609381794929504
81,0.36493659019470215
82,0.058727655559778214
83,0.057828158140182495
84,0.3758935332298279
85,0.06383812427520752
86,0.7689400315284729
87,0.03040415048599243
88,0.03040415048599243
89,0.7131518125534058
90,0.05341985449194908
91,0.019977327436208725
92,0.02735564112663269
93,0.019977327436208725
94,0.10906052589416504
95,0.07390359789133072
96,0.0712454542517662
97,0.07717952132225037
98,0.06434545665979385
99,0.02521282248198986
100,0.03055824153125286
101,0.21597908437252045
102,0.42917579412460327
103,0.714543879032135
104,0.41946735978126526
105,0.07813487946987152
106,0.13408195972442627
107,0.038098763674497604
108,0.059272442013025284
109,0.6960839629173279
110,0.04798534885048866
111,0.06289024651050568
112,0.1163262203335762
113,0.07481688261032104
114,0.07481688261032104
115,0.06526120007038116
116,0.051332734525203705
117,0.6782002449035645
118,0.06749111413955688
119,0.00874926708638668
120,0.35499799251556396
121,0.26586422324180603
122,0.6407591700553894
123,0.06516215950250626
124,0.3454408049583435
125,0.0437304824590683
126,0.060776207596063614
127,0.06584300100803375
128,0.1134127527475357
129,0.05356825515627861
130,0.058020543307065964
131,0.7655179500579834
132,0.03931350260972977
133,0.059931010007858276
134,0.044498663395643234
135,0.04460810124874115
136,0.010136466473340988
137,0.05729354918003082
138,0.07781695574522018
139,0.06259149312973022
140,0.27661389112472534
141,0.08601083606481552
142,0.04193660616874695
143,0.045587800443172455
144,0.03127242997288704
145,0.0439937449991703
146,0.04364556074142456
147,0.05885188654065132
148,0.358074426651001
149,0.06941697746515274
150,0.11642301082611084
151,0.049380771815776825
152,0.05214449018239975
153,0.061888862401247025
154,0.13316597044467926
155,0.733941912651062
156,0.6267602443695068
157,0.8601331114768982
158,0.009351184591650963
159,0.8157258033752441
160,0.03445998206734657
161,0.09303508698940277
162,0.03127630054950714
163,0.36982035636901855
164,0.07056735455989838
165,0.022865179926156998
166,0.07272256165742874
167,0.44298914074897766
168,0.028334148228168488
169,0.0950743705034256
170,0.03039039857685566
171,0.05712750181555748
172,0.11883149296045303
173,0.43849751353263855
174,0.08420495688915253
175,0.0715421512722969
176,0.06714392453432083
177,0.7555697560310364
178,0.14463509619235992
179,0.7326207160949707
180,0.2233668565750122
181,0.05403497442603111
182,0.31951823830604553
183,0.06118312478065491
184,0.05906831845641136
185,0.08380582928657532
186,0.06678999960422516
187,0.7316728234291077
188,0.044275641441345215
189,0.06070258095860481
190,0.06548602879047394
191,0.10761985182762146
192,0.07946496456861496
193,0.6503123044967651
194,0.06835386157035828
195,0.05713246762752533
196,0.07686487585306168
197,0.07026233524084091
198,0.13832399249076843
199,0.06850281357765198
200,0.6521022915840149
201,0.0490284226834774
202,0.10010458528995514
203,0.021894222125411034
204,0.061117757111787796
205,0.6927175521850586
206,0.1462421417236328
207,0.07458622753620148
208,0.7427064776420593
209,0.005468675401061773
210,0.0574793666601181
211,0.06524921208620071
212,0.013650888577103615
213,0.025274397805333138
214,0.0814562439918518
215,0.07713889330625534
216,0.07923741638660431
217,0.06470241397619247
218,0.08304695785045624
219,0.22316420078277588
220,0.5232842564582825
221,0.082359418272972107
222,0.11120125651359558
223,0.08585530519485474
224,0.13581553101539612
225,0.06092515215277672
226,0.0944259837269783
227,0.5566323399543762
228,0.06984250992536545
229,0.2227545529603958
230,0.6791023015975952
231,0.05281902104616165
232,0.06946902722120285
233,0.3557901084423065
234,0.28282490372657776
235,0.024195613339543343
236,0.7118939161300659
237,0.7228482961654663
238,0.06100839003920555
239,0.05921371653676033
240,0.06890728324651718
241,0.6492062211036682
242,0.03660490736365318
243,0.06870140880346298
244,0.06112973019480705
245,0.1038159504532814
246,0.05864446610212326
247,0.07488855719566345
248,0.03473404794931412
249,0.15249040722846985
250,0.07041192799806595
251,0.0931338295340538
252,0.060212213546037674
253,0.04875609278678894
254,0.3078039586544037
255,0.05896947532892227
256,0.09067004919052124
257,0.04934108257293701
258,0.05358557030558586
259,0.049910612404346466
260,0.03453252837061882
261,0.07265541702508926
262,0.6937865018844604
263,0.01906193234026432
264,0.01928579807281494
265,0.01036594994366169
266,0.014217559248209
267,0.08118615299463272
268,0.015156066976487637
269,0.00914820283651352
270,0.01137422677129507
271,0.021791258826851845
272,0.011683898977935314
273,0.020310813561081886
274,0.05783088505268097
275,0.017677096650004387
276,0.010866310447454453
277,0.05568327754735947
278,0.01657809689640999
279,0.036396078765392303
280,0.2786135971546173
281,0.06452135741710663
282,0.050435736775398254
283,0.06927482038736343
284,0.018005242571234703
285,0.11127883195877075
286,0.05990435555577278
287,0.017811212688684464
288,0.01855628564953804
289,0.013931283727288246
290,0.08567198365926743
291,0.15740559995174408
292,0.3836945593357086
293,0.02061399631202221
294,0.023912537842988968
295,0.05405724421143532
296,0.006342364940792322
297,0.02511969394981861
298,0.049147363752126694
299,0.0506342388689518
300,0.03414696082472801
301,0.00933052971959114
302,0.011976007372140884
303,0.05022713541984558
304,0.03500499948859215
305,0.05506468191742897
306,0.029061216861009598
307,0.02945222333073616
308,0.03618324548006058
309,0.3455193042755127
310,0.03556625917553902
311,0.00913307350128889
312,0.04857616126537323
313,0.025977028533816338
314,0.044423289597034454
315,0.05467655137181282
316,0.03249453753232956
317,0.6004247069358826
318,0.022063499316573143
319,0.04991459101438522
320,0.0339934267103672
321,0.009932183660566807
322,0.01024807058274746
323,0.013842607848346233
324,0.01923798955976963
325,0.036225058138370514
326,0.010999026708304882
327,0.010053465142846107
328,0.025866681709885597
329,0.01944715715944767
330,0.009555693715810776
331,0.009069853462278843
332,0.028520852327346802
333,0.009069853462278843
334,0.012166067026555538
335,0.012783344835042953
336,0.01788458414375782
337,0.004443403333425522
338,0.594139575958252
339,0.01198820024728775
340,0.699512243270874
341,0.03037436306476593
342,0.034630659967660904
343,0.014242127537727356
344,0.027507048100233078
345,0.019600538536906242
346,0.023318227380514145
347,0.054227497428655624
348,0.028924651443958282
349,0.010287024080753326
350,0.06726168096065521
351,0.01913704350590706
352,0.008235225453972816
353,0.02086697518825531
354,0.0179574117064476
355,0.026249535381793976
356,0.010374627076089382
357,0.025101017206907272
358,0.07222093641757965
359,0.01693142205476761
360,0.007914106361567974
361,0.049008458852767944
362,0.006950548849999905
363,0.04543726146221161
364,0.00971144437789917
365,0.012424060143530369
366,0.027889329940080643
367,0.01047419011592865
368,0.035953670740127563
369,0.021206283941864967
370,0.003894534194841981
371,0.003894534194841981
372,0.006619245279580355
373,0.006619245279580355
374,0.010339925065636635
375,0.015258591622114182
376,0.016624564304947853
377,0.02959887683391571
378,0.06830092519521713
379,0.04279789328575134
380,0.01915496215224266
381,0.017595559358596802
382,0.023813633248209953
383,0.039442114531993866
384,0.05677799880504608
385,0.02441304922103882
386,0.024671757593750954
387,0.04638802632689476
388,0.058089010417461395
389,0.05534030497074127
390,0.03384660184383392
391,0.011130763217806816
392,0.048530228435993195
393,0.041320521384477615
394,0.022098027169704437
395,0.016284234821796417
396,0.1196507140994072
397,0.5733246803283691
398,0.031109288334846497
399,0.04398627206683159
400,0.043989554047584534
401,0.07173630595207214
402,0.02135525643825531
403,0.08008419722318649
404,0.013265352696180344
405,0.05755570903420448
406,0.0400250181555748
407,0.015238120220601559
408,0.052613548934459686
409,0.02583973854780197
410,0.02119547687470913
411,0.03185364603996277
412,0.012591356411576271
413,0.03985021263360977
414,0.040793608874082565
415,0.05613534897565842
416,0.03022540919482708
417,0.028431685641407967
418,0.07254564017057419
419,0.049370959401130676
420,0.10170010477304459
421,0.04536421597003937
422,0.6442909836769104
423,0.04154801741242409
424,0.057643480598926544
425,0.03602565824985504
426,0.012156110256910324
427,0.0364089161157608
428,0.027673395350575447
429,0.6784632802009583
430,0.710392951965332
431,0.030673861503601074
432,0.18815305829048157
433,0.15860378742218018
434,0.07369580119848251
435,0.06804277747869492
436,0.0325063057243824
437,0.04258865863084793
438,0.005097740795463324
439,0.027810774743556976
440,0.027844054624438286
441,0.01775236427783966
442,0.02252887934446335
443,0.030142545700073242
444,0.6705957055091858
445,0.020000174641609192
446,0.017039591446518898
447,0.015560898929834366
448,0.026698019355535507
449,0.03565250709652901
450,0.04312067851424217
451,0.0529048927128315
452,0.16371111571788788
453,0.08174050599336624
454,0.021672729402780533
455,0.037820592522621155
456,0.013935377821326256
457,0.028232339769601822
458,0.058624304831027985
459,0.007301793433725834
460,0.007301793433725834
461,0.007301793433725834
462,0.007301793433725834
463,0.007301793433725834
464,0.007301793433725834
465,0.007301793433725834
466,0.007301793433725834
467,0.007301793433725834
468,0.007301793433725834
469,0.019035907462239265
470,0.032523125410079956
471,0.027343738824129105
472,0.060484208166599274
473,0.009633561596274376
474,0.055465247482061386
475,0.01630781590938568
476,0.02077394351363182
477,0.06604035198688507
478,0.036867476999759674
479,0.03686750307679176
480,0.05189916491508484
481,0.0325973816215992
482,0.026568543165922165
483,0.04465444013476372
484,0.05665197968482971
485,0.043642256408929825
486,0.02776629477739334
487,0.021667419001460075
488,0.030689282342791557
489,0.02499714307487011
490,0.5217447280883789
491,0.020882753655314445
492,0.05524041876196861
493,0.014244423247873783
494,0.016492530703544617
495,0.04110284149646759
496,0.045150794088840485
497,0.02691558748483658
498,0.050444599241018295
499,0.04376499727368355
500,0.0092428894713521
501,0.017379751428961754
502,0.05050680786371231
503,0.05888441950082779
504,0.04319251701235771
505,0.02932565100491047
506,0.024617191404104233
507,0.048534490168094635
508,0.026017947122454643
509,0.0192695502191782
510,0.030418820679187775
511,0.03717152401804924
512,0.027656910941004753
513,0.020756224170327187
514,0.03302517905831337
515,0.023708147928118706
516,0.022111855447292328
517,0.024331077933311462
518,0.010417488403618336
519,0.07065103203058243
520,0.010930495336651802
521,0.010403300635516644
522,0.013228453695774078
523,0.01316789723932743
524,0.03775230050086975
525,0.03775230050086975
526,0.013074537739157677
527,0.0065758670680224895
528,0.006892108358442783
529,0.006892108358442783
530,0.013610538095235825
531,0.032179128378629684
532,0.012729130685329437
533,0.01373921986669302
534,0.011630033142864704
535,0.021838316693902016
536,0.0684754028916359
537,0.012787412852048874
538,0.01288421917706728
539,0.02133685164153576
540,0.02096155844628811
541,0.02178538404405117
542,0.7385760545730591
543,0.08165443688631058
544,0.014771702699363232
545,0.01714576967060566
546,0.013567745685577393
547,0.024953855201601982
548,0.017228731885552406
549,0.07901793718338013
550,0.052122313529253006
551,0.031677305698394775
552,0.017172040417790413
553,0.017703423276543617
554,0.01827617920935154
555,0.0308085810393095
556,0.018225012347102165
557,0.019403841346502304
558,0.02415866032242775
559,0.703953742980957
560,0.01940479315817356
561,0.025038357824087143
562,0.007564207538962364
563,0.03998641297221184
564,0.008900954388082027
565,0.006917985156178474
566,0.001609266153536737
567,0.001609266153536737
568,0.001609266153536737
569,0.007931587286293507
570,0.001609266153536737
571,0.011362051591277122
572,0.052416179329156876
573,0.012411213479936123
574,0.012411213479936123
575,0.18078476190567017
576,0.012411207892000675
577,0.0015084933256730437
578,0.0054959505796432495
579,0.00551946135237813
580,0.00551946135237813
581,0.7144151926040649
582,0.00551946135237813
583,0.44653499126434326
584,0.00551946135237813
585,0.00551946135237813
586,0.0054959505796432495
587,0.00551946135237813
588,0.020390640944242477
589,0.00551946135237813
590,0.00551946135237813
591,0.07570278644561768
592,0.0054959505796432495
593,0.05758093670010567
594,0.034569647163152695
595,0.011181468144059181
596,0.008787531405687332
597,0.024130575358867645
598,0.014256059192121029
599,0.009361928328871727
600,0.011230657808482647
601,0.01274564303457737
602,0.007201031781733036
603,0.028866274282336235
604,0.03001098521053791
605,0.016176952049136162
606,0.04000217840075493
607,0.026287205517292023
608,0.017608018592000008
609,0.01760800927877426
610,0.07622280716896057
611,0.01760800927877426
612,0.009237161837518215
613,0.015876896679401398
614,0.19736972451210022
615,0.01029434334486723
616,0.01783369854092598
617,0.19736972451210022
618,0.01029434334486723
619,0.01029434334486723
620,0.017931900918483734
621,0.030236106365919113
622,0.014228222891688347
623,0.02470039390027523
624,0.027405409142374992
625,0.024544917047023773
626,0.026012692600488663
627,0.017949039116501808
628,0.04804729297757149
629,0.02761341817677021
630,0.018100857734680176
631,0.02558945305645466
632,0.020160062238574028
633,0.02558945305645466
634,0.04340990260243416
635,0.020361775532364845
636,0.04036314785480499
637,0.06025557592511177
638,0.06615868210792542
639,0.06881771981716156
640,0.0518108569085598
641,0.016141440719366074
642,0.049578551203012466
643,0.7342125773429871
644,0.0405268594622612
645,0.07569664716720581
646,0.719834566116333
647,0.05553280562162399
648,0.03789612278342247
649,0.018844125792384148
650,0.07002672553062439
651,0.02186962217092514
652,0.024549102410674095
653,0.03943943977355957
654,0.040624845772981644
655,0.6401745676994324
656,0.0331563763320446
657,0.03241736814379692
658,9.808494942262769e-4
659,9.808494942262769e-4
660,9.808494942262769e-4
661,2.1466452744789422e-4
662,9.808494942262769e-4
663,3.6406595609150827e-4
664,0.001001533935777843
665,9.808494942262769e-4
666,9.808494942262769e-4
667,4.505639954004437e-4
668,9.808494942262769e-4
669,9.808494942262769e-4
670,0.006119358353316784
671,0.0015966782812029123
672,0.6333978772163391
673,0.10226788371801376
674,0.040152378380298615
675,0.07476448267698288
676,0.007839501835405827
677,0.039706964045763016
678,0.042057670652866364
679,0.029280243441462517
680,0.023186592385172844
681,0.28162139654159546
682,0.019995147362351418
683,0.01244190614670515
684,0.039761073887348175
685,0.020625324919819832
686,0.026473619043827057
687,0.010732878930866718
688,0.010732878930866718
689,0.010732878930866718
690,0.010732878930866718
691,0.01460181176662445
692,0.0186855997890234
693,0.016635382547974586
694,0.016635382547974586
695,0.016635382547974586
696,0.016635382547974586
697,0.016635382547974586
698,0.016635382547974586
699,0.016635382547974586
700,0.010079148225486279
701,0.006620934698730707
702,0.0700894445180893
703,0.01658043824136257
704,0.03183531388640404
705,0.014441682025790215
706,0.021819567307829857
707,0.025431420654058456
708,0.03902087360620499
709,0.008604140020906925
710,0.008753473870456219
711,0.008604140020906925
712,0.008604140020906925
713,0.013568039052188396
714,0.008604140020906925
715,0.008604140020906925
716,0.008604140020906925
717,0.008604140020906925
718,0.008753473870456219
719,0.007358082570135593
720,0.008753473870456219
721,0.008604140020906925
722,0.008604140020906925
723,0.013179098255932331
724,0.014671227894723415
725,0.0071314861997962
726,0.030164049938321114
727,0.01486441120505333
728,0.012165676802396774
729,0.020998090505599976
730,0.03721657022833824
731,0.03060614876449108
732,0.03060614876449108
733,0.03300480544567108
734,0.03060614876449108
735,0.030606135725975037
736,0.01547016017138958
737,0.020125415176153183
738,0.03060614876449108
739,0.017442354932427406
740,0.020125415176153183
741,0.020125415176153183
742,0.020125415176153183
743,0.020125415176153183
744,0.015470153652131557
745,0.020587025210261345
746,0.020125415176153183
747,0.05957594886422157
748,0.020125415176153183
749,0.05957594886422157
750,0.008233834989368916
751,0.027440477162599564
752,0.027440477162599564
753,0.025432737544178963
754,0.02828889712691307
755,0.016883274540305138
756,0.015662048012018204
757,0.016883274540305138
758,0.016883274540305138
759,0.016883274540305138
760,0.015662048012018204
761,0.015662048012018204
762,0.029639102518558502
763,0.015662048012018204
764,0.016883274540305138
765,0.023875858634710312
766,0.00868983380496502
767,0.02009790763258934
768,0.02009790763258934
769,0.02009790763258934
770,0.02009790763258934
771,0.009555689990520477
772,0.12625794112682343
773,0.03262873366475105
774,0.01580657623708248
775,0.01580657623708248
776,0.01580657623708248
777,0.03262873366475105
778,0.014366311021149158
779,0.030889209359884262
780,0.014366168528795242
781,0.015767237171530724
782,0.016249416396021843
783,0.014366168528795242
784,0.016249416396021843
785,0.014366168528795242
786,0.054760802537202835
787,0.021566705778241158
788,0.05045323446393013
789,0.01715526171028614
790,0.02908443659543991
791,0.07253427803516388
792,0.045806460082530975
793,0.02908443659543991
794,0.02908443659543991
795,0.02908443659543991
796,0.016017794609069824
797,0.02908443659543991
798,0.02908443659543991
799,0.12604920566082
800,0.030473101884126663
801,0.019729716703295708
802,0.015496961772441864
803,0.015496961772441864
804,0.010908684693276882
805,0.010908684693276882
806,0.010908684693276882
807,0.010908684693276882
808,0.010908684693276882
809,0.010908684693276882
810,0.020897608250379562
811,0.010814734734594822
812,0.10464031994342804
813,0.048219602555036545
814,0.033355336636304855
815,0.024751247838139534
816,0.013479272834956646
817,0.0042071472853422165
818,0.00891111884266138
819,0.016835518181324005
820,0.005909298546612263
821,0.005855048540979624
822,0.0060183340683579445
823,0.009795625694096088
824,0.001883495133370161
825,0.012672572396695614
826,0.0268569216132164
827,0.010794134810566902
828,0.010794134810566902
829,0.010810230858623981
830,0.010810230858623981
831,0.016003822907805443
832,0.03868839144706726
833,0.010794134810566902
834,0.0036437634844332933
835,0.011148490943014622
836,0.010790668427944183
837,0.010790668427944183
838,0.010793911293148994
839,0.010793911293148994
840,0.010793911293148994
841,0.010793911293148994
842,0.010790668427944183
843,0.010793911293148994
844,0.024639353156089783
845,0.024639353156089783
846,0.01295639667659998
847,0.019023651257157326
848,0.019023651257157326
849,0.019486965611577034
850,0.019825009629130363
851,0.719456136226654
852,0.041064321994781494
853,0.04004267230629921
854,0.49061694741249084
855,0.0240836963057518
856,0.04403959587216377
857,0.01011987030506134
858,0.03786935657262802
859,0.04194006696343422
860,0.02489684894680977
861,0.040840599685907364
862,0.02489684894680977
863,0.01166453305631876
864,0.04200898855924606
865,0.030449403449892998
866,0.027696967124938965
867,0.04151712357997894
868,0.058263663202524185
869,0.013398275710642338
870,0.013398275710642338
871,0.037301212549209595
872,0.037301212549209595
873,0.016066916286945343
874,0.03815421089529991
875,0.015262569300830364
876,0.03472714498639107
877,0.013398275710642338
878,0.013398275710642338
879,0.048045944422483444
880,0.35253477096557617
881,0.016240021213889122
882,0.014528832398355007
883,0.11543288081884384
884,0.014528832398355007
885,0.01069118082523346
886,0.02014733850955963
887,0.01069118082523346
888,0.01069118082523346
889,0.010769916698336601
890,0.011034926399588585
891,0.018651753664016724
892,0.002398128155618906
893,0.02614484168589115
894,0.07223913818597794
895,0.06877510994672775
896,0.01614549197256565
897,0.015919804573059082
898,0.021617889404296875
899,0.06460309028625488
900,0.0823153555393219
901,0.043230097740888596
902,0.027004696428775787
903,0.03170499578118324
904,0.024379830807447433
905,0.08130151778459549
906,0.029431268572807312
907,0.06945976614952087
908,0.0232088565826416
909,0.02751801162958145
910,0.030296171084046364
911,0.14126084744930267
912,0.0295148603618145
913,0.6838682889938354
914,0.004622341133654118
915,0.004622341133654118
916,0.004622341133654118
917,0.011147208511829376
918,0.004622341133654118
919,0.004622341133654118
920,0.015411724336445332
921,0.015411724336445332
922,0.004622341133654118
923,0.004622341133654118
924,0.004622341133654118
925,0.07355178892612457
926,0.041803162544965744
927,0.06199098378419876
928,0.03775276988744736
929,0.07768309116363525
930,0.010862652212381363
931,0.1010761484503746
932,0.0539979487657547
933,0.026598310098052025
934,0.8492759466171265
935,0.030459806323051453
936,0.06165476143360138
937,0.7537407279014587
938,0.05465857684612274
939,0.043203894048929214
940,0.037096429616212845
941,0.055271100252866745
942,0.05174100026488304
943,0.05461198836565018
944,0.03634684532880783
945,0.05820861831307411
946,0.7128225564956665
947,0.7194615602493286
948,0.0930219292640686
949,0.7751335501670837
950,0.016871562227606773
951,0.03035850264132023
952,0.06358365714550018
953,0.02520572952926159
954,0.021276533603668213
955,0.02563108317553997
956,0.056659895926713943
957,0.14407877624034882
958,0.013960665091872215
959,0.01047397218644619
960,0.012647515162825584
961,0.010738818906247616
962,0.012409979477524757
963,0.01839452050626278
964,0.017954418435692787
965,0.06721200793981552
966,0.039941079914569855
967,0.0074431151151657104
968,0.02551494911313057
969,0.021037133410573006
970,0.01437986921519041
971,0.011927332729101181
972,0.005260114092379808
973,0.012331093661487103
974,0.005260114092379808
975,0.008545994758605957
976,0.021020613610744476
977,0.0224166102707386
978,0.02346552535891533
979,0.012331093661487103
980,0.007720868103206158
981,0.022431107237935066
982,0.0072918240912258625
983,0.017523320391774178
984,0.01259234081953764
985,0.01802465319633484
986,0.01802465319633484
987,0.015372932888567448
988,0.02090233378112316
989,0.015372932888567448
990,0.03155891224741936
991,0.006352042779326439
992,0.009039762429893017
993,0.022200312465429306
994,0.031285107135772705
995,0.025190003216266632
996,0.012445405125617981
997,0.012100054882466793
998,0.008782599121332169
999,0.008534863591194153
1000,0.00860974658280611
1001,0.008534863591194153
1002,0.008534863591194153
1003,0.008534863591194153
1004,0.04193330183625221
1005,0.01670243963599205
1006,0.01066694874316454
1007,0.005358777474611998
1008,0.011455192230641842
1009,0.009510786272585392
1010,0.009171593934297562
1011,0.009707688353955746
1012,0.015018654987215996
1013,0.009171593934297562
1014,0.015018654987215996
1015,0.022332793101668358
1016,0.05506693571805954
1017,0.0024173420388251543
1018,0.0024173420388251543
1019,0.0024173420388251543
1020,0.02934994548559189
1021,0.045548491179943085
1022,0.0012006107717752457
1023,5.93819422647357e-4
1024,0.013090706430375576
1025,0.01839049719274044
1026,0.013196785002946854
1027,0.013196785002946854
1028,0.040580712258815765
1029,0.056633587926626205
1030,0.0268242210149765
1031,0.02242233231663704
1032,0.04530256241559982
1033,0.04429268464446068
1034,0.025688854977488518
1035,0.028742259368300438
1036,0.0010989786824211478
1037,0.0010989786824211478
1038,0.0012548030354082584
1039,0.002202338771894574
1040,0.02004142291843891
1041,0.019643880426883698
1042,0.05347586050629616
1043,0.02481684647500515
1044,0.02636188082396984
1045,0.033833108842372894
1046,0.4250783324241638
1047,0.003869679756462574
1048,0.00466966163367033
1049,0.07362354546785355
1050,0.013700028881430626
1051,0.00429129134863615
1052,0.00696532940492034
1053,0.0034957723692059517
1054,0.004424074199050665
1055,0.005187758710235357
1056,0.031773947179317474
1057,0.3545401096343994
1058,0.40848368406295776
1059,0.01776808500289917
1060,0.2764076292514801
1061,0.43602824211120605
1062,0.005864159669727087
1063,0.0043962085619568825
1064,0.006077441852539778
1065,0.03892836719751358
1066,0.00246035261079669
1067,0.002413901500403881
1068,0.026566417887806892
1069,0.01691758632659912
1070,0.08746234327554703
1071,0.06406707316637039
1072,0.021036000922322273
1073,0.014014389365911484
1074,0.013199131935834885
1075,0.0031764658633619547
1076,0.007461127359420061
1077,0.008436687290668488
1078,0.10826797783374786
1079,0.06339149922132492
1080,0.0038807049859315157
1081,0.005222122184932232
1082,0.0036064363084733486
1083,0.007654957007616758
1084,0.006487916223704815
1085,0.06402616947889328
1086,0.003861681092530489
1087,0.010599607601761818
1088,0.03948422893881798
1089,0.006055917590856552
1090,0.003925257828086615
1091,0.002513761864975095
1092,0.002522742375731468
1093,0.00926845520734787
1094,0.002972010290250182
1095,0.009423515759408474
1096,0.004485032055526972
1097,0.009534352459013462
1098,0.011878526769578457
1099,0.008873846381902695
1100,0.0694880485534668
1101,0.002461852505803108
1102,0.055803023278713226
1103,0.004434091039001942
1104,0.0025507828686386347
1105,7.827470544725657e-4
1106,6.487471982836723e-4
1107,1.4013881445862353e-4
1108,5.64814661629498e-4
1109,8.151815563905984e-5
1110,0.03920530527830124
1111,0.014259564690291882
1112,0.0064072562381625175
1113,0.02499011904001236
1114,0.0014461729442700744
1115,0.004448373336344957
1116,0.011127909645438194
1117,0.005643843207508326
1118,0.014048145152628422
1119,0.04504454880952835
1120,0.0032675862312316895
1121,0.02461361512541771
1122,0.00693939346820116
1123,0.026161910966038704
1124,0.05406705662608147
1125,0.03189283236861229
1126,0.08285953849554062
1127,0.02196311205625534
1128,0.1845727413892746
1129,0.04645567759871483
1130,0.0518534854054451
1131,0.01669384352862835
1132,0.5671481490135193
1133,0.018206676468253136
1134,0.03805011510848999
1135,0.0060181510634720325
1136,0.0091282082721591
1137,0.2622130215167999
1138,0.0049319788813591
1139,0.005523595958948135
1140,0.00730751221999526
1141,0.007129511795938015
1142,0.027506427839398384
1143,0.04568906128406525
1144,0.00404974864795804
1145,0.0801929160952568
1146,0.1501111537218094
1147,0.07385840266942978
1148,0.005781972780823708
1149,0.0018013666849583387
1150,0.001847543055191636
1151,0.004054713528603315
1152,0.009731839410960674
1153,0.010867991484701633
1154,0.1447809785604477
1155,0.1184757724404335
1156,0.017985308542847633
1157,0.009475705213844776
1158,0.013512806035578251
1159,0.004709769506007433
1160,0.006045293062925339
1161,0.016946665942668915
1162,0.05965400114655495
1163,0.1313200443983078
1164,0.006079092621803284
1165,0.003684954484924674
1166,0.00920404214411974
1167,0.015086069703102112
1168,0.0049642231315374374
1169,0.0019465811783447862
1170,0.0017355598974972963
1171,0.005532771814614534
1172,0.006941063329577446
1173,0.0047206515446305275
1174,0.07371284067630768
1175,0.19417347013950348
1176,0.1697990447282791
1177,0.10719016194343567
1178,0.008777188137173653
1179,0.01618068292737007
1180,0.0045192367397248745
1181,0.00271223415620625
1182,0.0023272442631423473
1183,0.0038989593740552664
1184,0.004289847332984209
1185,0.2184334397315979
1186,0.0031693580094724894
1187,0.21265652775764465
1188,0.003934495151042938
1189,0.0032766947988420725
1190,0.0256680715829134
1191,0.003240335965529084
1192,0.0024033274967223406
1193,0.004268927499651909
1194,0.02128821611404419
1195,0.012238709256052971
1196,0.013316173106431961
1197,0.029719581827521324
1198,0.012233056128025055
1199,0.018331345170736313
1200,0.018522996455430984
1201,0.022315291687846184
1202,0.0060823517851531506
1203,0.011760379187762737
1204,0.008424891158938408
1205,0.005319948308169842
1206,0.011796988546848297
1207,0.00904072355479002
1208,0.013464797288179398
1209,0.00610996363684535
1210,0.002577940234914422
1211,0.022517379373311996
1212,0.029657775536179543
1213,0.060727689415216446
1214,0.21250931918621063
1215,0.023104725405573845
1216,0.07331723719835281
1217,0.07771681994199753
1218,0.010317260399460793
1219,0.26074886322021484
1220,0.16606749594211578
1221,0.08159655332565308
1222,0.02290969155728817
1223,0.006560130510479212
1224,0.007094335276633501
1225,0.014944003894925117
1226,0.02484416589140892
1227,0.0305985938757658
1228,0.00808194000273943
1229,0.004125670529901981
1230,0.04981950297951698
1231,0.005926990881562233
1232,0.024100756272673607
1233,0.006846765987575054
1234,0.018749525770545006
1235,0.006210346706211567
1236,0.005646279081702232
1237,0.0056014214642345905
1238,0.028186555951833725
1239,0.01861405186355114
1240,0.05979397892951965
1241,0.05002068728208542
1242,0.051505401730537415
1243,0.07204540818929672
1244,0.007312521804124117
1245,0.0014371421420946717
1246,0.01042165793478489
1247,0.006503860466182232
1248,0.003465565387159586
1249,0.009944414719939232
1250,0.01145350281149149
1251,0.12785588204860687
1252,0.0065934439189732075
1253,0.007233201991766691
1254,0.007586138788610697
1255,0.003970195539295673
1256,0.009731844067573547
1257,0.019242405891418457
1258,0.007821515202522278
1259,0.004704691469669342
1260,0.035009026527404785
1261,0.00395610649138689
1262,0.010147131979465485
1263,0.006242652889341116
1264,0.006676832679659128
1265,0.19396260380744934
1266,0.5542327761650085
1267,0.6137580871582031
1268,0.008355379104614258
1269,0.024407897144556046
1270,0.023882027715444565
1271,0.07045169174671173
1272,0.014803478494286537
1273,0.04791611060500145
1274,0.13953451812267303
1275,0.5192883610725403
1276,0.072662353515625
1277,0.01985037326812744
1278,0.42617180943489075
1279,0.4554084241390228
1280,0.10160014778375626
1281,0.8472066521644592
1282,0.03876010328531265
1283,0.060400910675525665
1284,0.013936903327703476
1285,0.456562876701355
1286,0.33103591203689575
1287,0.11400676518678665
1288,0.37778666615486145
1289,0.005972047336399555
1290,0.0026875240728259087
1291,0.06971175223588943
1292,0.0710604190826416
1293,0.021221034228801727
1294,0.005549924913793802
1295,0.005026983097195625
1296,0.016176806762814522
1297,0.014787263236939907
1298,0.19026729464530945
1299,0.003703133901581168
1300,0.0251435786485672
1301,0.015279505401849747
1302,0.01516721025109291
1303,0.006112804636359215
1304,0.008838646113872528
1305,0.009641261771321297
1306,0.16232191026210785
1307,0.38094255328178406
1308,0.05713581666350365
1309,0.03883824124932289
1310,0.010303680785000324
1311,0.019890587776899338
1312,0.0031496796291321516
1313,0.005989805329591036
1314,0.007619244512170553
1315,0.012515828013420105
1316,0.006211607251316309
1317,0.009917344897985458
1318,0.003058056579902768
1319,0.0030241627246141434
1320,0.00121682311873883
1321,0.023951366543769836
1322,0.006101247854530811
1323,0.0023142597638070583
1324,0.0033700126223266125
1325,0.07219286262989044
1326,0.13246382772922516
1327,0.004300510976463556
1328,0.02705984003841877
1329,0.004548546392470598
1330,0.005464646499603987
1331,0.028428277000784874
1332,0.004204557277262211
1333,0.024998847395181656
1334,0.010736251249909401
1335,0.005900070536881685
1336,0.021680684760212898
1337,0.010490486398339272
1338,0.08928605169057846
1339,0.011403379961848259
1340,0.02507058158516884
1341,0.052716709673404694
1342,0.13694855570793152
1343,0.047741640359163284
1344,0.024295058101415634
1345,0.015270891599357128
1346,0.008070125244557858
1347,0.009332566522061825
1348,0.027279013767838478
1349,0.010157842189073563
1350,0.01922663301229477
1351,0.0037781945429742336
1352,0.0010832069674506783
1353,0.0015928639331832528
1354,0.048559047281742096
1355,0.029951533302664757
1356,0.005274967756122351
1357,0.006299103144556284
1358,0.015552223660051823
1359,0.005393305793404579
1360,0.009503466077148914
1361,0.001687330543063581
1362,0.001678908127360046
1363,0.0010515176691114902
1364,0.03135024756193161
1365,0.01929386518895626
1366,0.2765459716320038
1367,0.6485329270362854
1368,0.058603912591934204
1369,0.0482402965426445
1370,0.005166978575289249
1371,0.02673124335706234
1372,0.16656102240085602
1373,0.0824894830584526
1374,0.07211273163557053
1375,0.06809205561876297
1376,0.6925104856491089
1377,0.6925104856491089
1378,0.04249926656484604
1379,0.019970111548900604
1380,0.031167782843112946
1381,0.04478514567017555
1382,0.020845018327236176
1383,0.030697744339704514
1384,0.020769190043210983
1385,0.05192123353481293
1386,0.13194046914577484
1387,0.06020868942141533
1388,0.06000646576285362
1389,0.03754045441746712
1390,0.06845516711473465
1391,0.0753912627696991
1392,0.030325239524245262
1393,0.030099252238869667
1394,0.06384507566690445
1395,0.029005633667111397
1396,0.054569344967603683
1397,0.03017616830766201
1398,0.06651604920625687
1399,0.02629096619784832
1400,0.03952477499842644
1401,0.4192856252193451
1402,0.04532776400446892
1403,0.05577445402741432
1404,0.06425698101520538
1405,0.06050579994916916
1406,0.04343348369002342
1407,0.029526948928833008
1408,0.5467390418052673
1409,0.2782600224018097
1410,0.03219083324074745
1411,0.0495077446103096
1412,0.06269067525863647
1413,0.060498859733343124
1414,0.7302619218826294
1415,0.026977552101016045
1416,0.03509095683693886
1417,0.043381113559007645
1418,0.06112096086144447
1419,0.053820960223674774
1420,0.0056258379481732845
1421,0.10489696264266968
1422,0.1260019987821579
1423,0.14324668049812317
1424,0.1186874732375145
1425,0.06845761090517044
1426,0.02314126491546631
1427,0.10377268493175507
1428,0.048005610704422
1429,0.09001024067401886
1430,0.2828361988067627
1431,0.061018556356430054
1432,0.06322244554758072
1433,0.0641184002161026
1434,0.15905675292015076
1435,0.07083654403686523
1436,0.23674754798412323
1437,0.1219298392534256
1438,0.07750213146209717
1439,0.05869225040078163
1440,0.7846887707710266
1441,0.053363148123025894
1442,0.1241140365600586
1443,0.04594724625349045
1444,0.022559359669685364
1445,0.03886393457651138
1446,0.07271881401538849
1447,0.05265841260552406
1448,0.055501602590084076
1449,0.4952450692653656
1450,0.04040953889489174
1451,0.1394125372171402
1452,0.08028590679168701
1453,0.05112794414162636
1454,0.06373821198940277
1455,0.07064250856637955
1456,0.03703077509999275
1457,0.036824729293584824
1458,0.07156505435705185
1459,0.04910184070467949
1460,0.05223750323057175
1461,0.10755273699760437
1462,0.017817595973610878
1463,0.0577678456902504
1464,0.05985540524125099
1465,0.05875733122229576
1466,0.10906782746315002
1467,0.06144072860479355
1468,0.0419829860329628
1469,0.049343161284923553
1470,0.8416390419006348
1471,0.07657664269208908
1472,0.12127339839935303
1473,0.04901617765426636
1474,0.06102273240685463
1475,0.03822755068540573
1476,0.05495237186551094
1477,0.7966822385787964
1478,0.05669297277927399
1479,0.03423425182700157
1480,0.08713870495557785
1481,0.34634149074554443
1482,0.05805779621005058
1483,0.07203126698732376
1484,0.10759290307760239
1485,0.06301655620336533
1486,0.23113282024860382
1487,0.048191510140895844
1488,0.06955776363611221
1489,0.05476701259613037
1490,0.06580840051174164
1491,0.38108450174331665
1492,0.05250512436032295
1493,0.023311737924814224
1494,0.05883865803480148
1495,0.05883865803480148
1496,0.1843642294406891
1497,0.2190552055835724
1498,0.06499672681093216
1499,0.0468791127204895
1500,0.02324412390589714
1501,0.07812634110450745
1502,0.7773844003677368
1503,0.11931213736534119
1504,0.049648985266685486
1505,0.04249854385852814
1506,0.11026804894208908
1507,0.1763835996389389
1508,0.16293390095233917
1509,0.06520533561706543
1510,0.07184585928916931
1511,0.07114069163799286
1512,0.15232151746749878
1513,0.456562876701355
1514,0.06184198334813118
1515,0.07954347878694534
1516,0.163369819521904
1517,0.32285019755363464
1518,0.7282780408859253
1519,0.7282780408859253
1520,0.0566721148788929
1521,0.46788090467453003
1522,0.07754234969615936
1523,0.07021848857402802
1524,0.37980419397354126
1525,0.07341206818819046
1526,0.45552727580070496
1527,0.805341362953186
1528,0.033118560910224915
1529,0.04885515570640564
1530,0.0729222223162651
1531,0.1413199007511139
1532,0.05446803942322731
1533,0.104424849152565
1534,0.04314666613936424
1535,0.06800870597362518
1536,0.0741841271519661
1537,0.10637930780649185
1538,0.05886340141296387
1539,0.06196002662181854
1540,0.06621706485748291
1541,0.05092887952923775
1542,0.13788975775241852
1543,0.4813503324985504
1544,0.2024943083524704
1545,0.34765446186065674
1546,0.16154789924621582
1547,0.04799322783946991
1548,0.20705534517765045
1549,0.1066136434674263
1550,0.0805828645825386
1551,0.016884339973330498
1552,0.07445373386144638
1553,0.06470757722854614
1554,0.05255654454231262
1555,0.10533002763986588
1556,0.7632296681404114
1557,0.04994719848036766
1558,0.06533369421958923
1559,0.02243991196155548
1560,0.09855812042951584
1561,0.676793098449707
1562,0.5371226072311401
1563,0.04521945118904114
1564,0.09906502813100815
1565,0.20062699913978577
1566,0.06909823417663574
1567,0.07925081998109818
1568,0.052410248667001724
1569,0.03981834277510643
1570,0.021894222125411034
1571,0.12370073050260544
1572,0.12321384996175766
1573,0.021894222125411034
1574,0.01881146803498268
1575,0.06039828807115555
1576,0.07851941883563995
1577,0.06553077697753906
1578,0.7372757792472839
1579,0.05945633351802826
1580,0.07268952578306198
1581,0.16946732997894287
1582,0.05613246560096741
1583,0.03517762944102287
1584,0.05036981776356697
1585,0.6988614201545715
1586,0.04754729941487312
1587,0.07965169847011566
1588,0.7417193055152893
1589,0.3014076352119446
1590,0.08016691356897354
1591,0.11846061795949936
1592,0.0725930854678154
1593,0.07883397489786148
1594,0.01777062378823757
1595,0.06981755793094635
1596,0.07091068476438522
1597,0.056601911783218384
1598,0.32152143120765686
1599,0.4563806653022766
1600,0.07683252543210983
1601,0.2858177423477173
1602,0.11076197773218155
1603,0.05483655259013176
1604,0.042842358350753784
1605,0.04374697804450989
1606,0.048504993319511414
1607,0.13026440143585205
1608,0.06222808361053467
1609,0.07220913469791412
1610,0.08019107580184937
1611,0.049235425889492035
1612,0.060447536408901215
1613,0.3652963936328888
1614,0.7654013633728027
1615,0.0650523230433464
1616,0.06404196470975876
1617,0.6879662275314331
1618,0.029727397486567497
1619,0.17350582778453827
1620,0.020156212151050568
1621,0.045474376529455185
1622,0.748209536075592
1623,0.055052973330020905
1624,0.07072974741458893
1625,0.04401657357811928
1626,0.2108091115951538
1627,0.0035411620046943426
1628,0.005930012557655573
1629,0.002482582814991474
1630,0.0023996445816010237
1631,0.07021594047546387
1632,0.06853149831295013
1633,0.0754084438085556
1634,0.0817762166261673
1635,0.06633565574884415
1636,0.07249604165554047
1637,0.13927774131298065
1638,0.05996719002723694
1639,0.08243130892515182
1640,0.033925291150808334
1641,0.7805027365684509
1642,0.4275338649749756
1643,0.14269201457500458
1644,0.07919744402170181
1645,0.06330051273107529
1646,0.682218611240387
1647,0.06592218577861786
1648,0.044983718544244766
1649,0.0288607869297266
1650,0.07420509308576584
1651,0.047187477350234985
1652,0.456562876701355
1653,0.08045998215675354
1654,0.0521678701043129
1655,0.0728735476732254
1656,0.03987541422247887
1657,0.797230064868927
1658,0.058729272335767746
1659,0.06364548206329346
1660,0.05105559900403023
1661,0.06501602381467819
1662,0.045557353645563126
1663,0.17639568448066711
1664,0.04913926497101784
1665,0.0273593720048666
1666,0.023533722385764122
1667,0.0476597361266613
1668,0.053336191922426224
1669,0.07764395326375961
1670,0.4133570194244385
1671,0.0804874375462532
1672,0.19954617321491241
1673,0.15887156128883362
1674,0.08124980330467224
1675,0.042035236954689026
1676,0.03177749365568161
1677,0.028352171182632446
1678,0.026373473927378654
1679,0.05398119240999222
1680,0.06123314052820206
1681,0.07952980697154999
1682,0.11684500426054001
1683,0.05800477787852287
1684,0.04496118053793907
1685,0.06845905631780624
1686,0.0787874162197113
1687,0.3016360104084015
1688,0.30804985761642456
1689,0.4336271286010742
1690,0.035785648971796036
1691,0.017934728413820267
1692,0.7847191691398621
1693,0.2921307682991028
1694,0.05433652177453041
1695,0.04482561722397804
1696,0.08987797796726227
1697,0.03084847703576088
1698,0.01137422677129507
1699,0.01553343515843153
1700,0.037513360381126404
1701,0.017006579786539078
1702,0.05356890708208084
1703,0.029101399704813957
1704,0.06627179682254791
1705,0.050270698964595795
1706,0.695945680141449
1707,0.020729852840304375
1708,0.02994833141565323
1709,0.016956433653831482
1710,0.03448322042822838
1711,0.041846681386232376
1712,0.04656022787094116
1713,0.006621374748647213
1714,0.042582202702760696
1715,0.06018860638141632
1716,0.042582202702760696
1717,0.006621374748647213
1718,0.026714663952589035
1719,0.16326211392879486
1720,0.04421613737940788
1721,0.010998782701790333
1722,0.02418309636414051
1723,0.23889121413230896
1724,0.008454320020973682
1725,0.0077841151505708694
1726,0.044593509286642075
1727,0.010021098889410496
1728,0.06770134717226028
1729,0.019448725506663322
1730,0.04386604204773903
1731,0.03627592697739601
1732,0.016967063769698143
1733,0.0156304519623518
1734,0.012550302781164646
1735,0.02367253787815571
1736,0.010058179497718811
1737,0.010058179497718811
1738,0.010058179497718811
1739,0.06542211771011353
1740,0.013674048706889153
1741,0.033039040863513947
1742,0.14759008586406708
1743,0.01998980902135372
1744,0.07213395088911057
1745,0.07213395088911057
1746,0.06390770524740219
1747,0.026072027161717415
1748,0.0297772828489542
1749,0.014977635815739632
1750,0.0350654311478138
1751,0.07442204654216766
1752,0.008887936361134052
1753,0.046451207250356674
1754,0.02159242331981659
1755,0.004994179587811232
1756,0.004994179587811232
1757,0.004994179587811232
1758,0.007201154716312885
1759,0.007201151456683874
1760,0.007201151456683874
1761,0.007201154716312885
1762,0.044909700751304626
1763,0.05820931866765022
1764,0.012059692293405533
1765,0.015274506993591785
1766,0.00867370143532753
1767,0.010739361867308617
1768,0.011075706221163273
1769,0.037185557186603546
1770,0.006989050190895796
1771,0.07453842461109161
1772,0.011203664354979992
1773,0.013262382708489895
1774,0.023116258904337883
1775,0.006311343517154455
1776,0.006568473298102617
1777,0.0047265696339309216
1778,0.00865522213280201
1779,0.02320719137787819
1780,0.5325160026550293
1781,0.020191483199596405
1782,0.020191483199596405
1783,0.07721149921417236
1784,0.020191483199596405
1785,0.11025747656822205
1786,0.020191483199596405
1787,0.005890449043363333
1788,0.03080069273710251
1789,0.02744055911898613
1790,0.6553646922111511
1791,0.01041096169501543
1792,0.0024483336601406336
1793,0.0071296608075499535
1794,0.0071296608075499535
1795,0.0071296608075499535
1796,0.005281521938741207
1797,0.0071296608075499535
1798,0.0071296608075499535
1799,0.02561527118086815
1800,0.025012733414769173
1801,0.6996726393699646
1802,0.017249831929802895
1803,0.588369607925415
1804,0.012845806777477264
1805,0.020554332062602043
1806,0.0223467368632555
1807,0.01776028238236904
1808,0.025660524144768715
1809,0.0085360212251544
1810,0.027903897687792778
1811,0.0085360212251544
1812,0.012158837169408798
1813,0.09082440286874771
1814,0.013915184885263443
1815,0.008740616030991077
1816,0.006637087557464838
1817,0.01034549344331026
1818,0.007511555682867765
1819,0.007511555682867765
1820,0.006836592685431242
1821,0.012791536748409271
1822,0.013429302722215652
1823,0.03925250098109245
1824,0.033504754304885864
1825,0.011011115275323391
1826,0.01778191328048706
1827,0.022526996210217476
1828,0.022526996210217476
1829,0.0543162040412426
1830,0.014901561662554741
1831,0.018898524343967438
1832,0.029812391847372055
1833,0.013105579651892185
1834,0.013105579651892185
1835,0.006629374343901873
1836,0.023421160876750946
1837,0.020039405673742294
1838,0.0025668691378086805
1839,0.018411703407764435
1840,0.021152758970856667
1841,0.05307256057858467
1842,0.012598703615367413
1843,0.015164575539529324
1844,0.10628315061330795
1845,0.005279500503093004
1846,0.005279500503093004
1847,0.00903904065489769
1848,0.02878490649163723
1849,0.004864496644586325
1850,0.016747647896409035
1851,0.06914620846509933
1852,0.007898984476923943
1853,0.022079596295952797
1854,0.013334706425666809
1855,0.00918190460652113
1856,0.01464790664613247
1857,0.015837740153074265
1858,0.005827485583722591
1859,0.005827485583722591
1860,0.008173394948244095
1861,0.02394142374396324
1862,0.012964271008968353
1863,0.012670210562646389
1864,0.015504681505262852
1865,0.018434599041938782
1866,0.04734856262803078
1867,0.6713384985923767
1868,0.016408126801252365
1869,0.06100310757756233
1870,0.04066361114382744
1871,0.008367877453565598
1872,0.018816277384757996
1873,0.02845262922346592
1874,0.009162078611552715
1875,0.007527932059019804
1876,0.019534260034561157
1877,0.06848569959402084
1878,0.013140469789505005
1879,0.006024590227752924
1880,0.013587146997451782
1881,0.10866716504096985
1882,0.06645066291093826
1883,0.04091496765613556
1884,0.010165093466639519
1885,0.02309865690767765
1886,0.009354308247566223
1887,0.014752942137420177
1888,0.009354308247566223
1889,0.009354308247566223
1890,0.014327026903629303
1891,0.03779557719826698
1892,0.09608929604291916
1893,0.007075594738125801
1894,0.03236479312181473
1895,0.01616702787578106
1896,0.05120929703116417
1897,0.11306629329919815
1898,0.051930662244558334
1899,0.004984227474778891
1900,0.0023736266884952784
1901,0.02311789244413376
1902,0.0605325922369957
1903,0.003580210730433464
1904,0.01199387852102518
1905,0.025994544848799706
1906,0.025994544848799706
1907,0.025994544848799706
1908,0.025994544848799706
1909,0.025994544848799706
1910,0.025994544848799706
1911,0.025994544848799706
1912,0.03793400153517723
1913,0.0325063057243824
1914,0.11579900234937668
1915,0.027209216728806496
1916,0.025658713653683662
1917,0.025658713653683662
1918,0.01563146524131298
1919,0.0175631046295166
1920,0.006839063949882984
1921,0.028345366939902306
1922,0.006839067209511995
1923,0.004729782696813345
1924,0.0067803687416017056
1925,0.004729782696813345
1926,0.01302017830312252
1927,0.02491278573870659
1928,0.061643216758966446
1929,0.04033821076154709
1930,0.04892443120479584
1931,0.09886125475168228
1932,0.42737141251564026
1933,0.012159988284111023
1934,0.027553126215934753
1935,0.012159988284111023
1936,0.008338424377143383
1937,0.018238168209791183
1938,0.018890971317887306
1939,0.02499726600944996
1940,0.042626626789569855
1941,0.005854383111000061
1942,0.04062887653708458
1943,0.07721728086471558
1944,0.047814637422561646
1945,0.06279882788658142
1946,0.06293271481990814
1947,0.012860442511737347
1948,0.03243178874254227
1949,0.08094257861375809
1950,0.013788146898150444
1951,0.01588897407054901
1952,0.017258217558264732
1953,0.09945516288280487
1954,0.06244142726063728
1955,0.028601858764886856
1956,0.019096024334430695
1957,0.02689141035079956
1958,0.018473587930202484
1959,0.014835216104984283
1960,0.018473587930202484
1961,0.018473587930202484
1962,0.009927833452820778
1963,0.018473587930202484
1964,0.018473587930202484
1965,0.48682403564453125
1966,0.018473587930202484
1967,0.018473587930202484
1968,0.023225979879498482
1969,0.018473587930202484
1970,0.018473587930202484
1971,0.009888558648526669
1972,0.03974537551403046
1973,0.022824306041002274
1974,0.022973334416747093
1975,0.021856639534235
1976,0.009168674238026142
1977,0.009168674238026142
1978,0.009449117816984653
1979,0.009449117816984653
1980,0.012000140734016895
1981,0.009888558648526669
1982,0.01231872383505106
1983,0.018610602244734764
1984,0.029983405023813248
1985,0.012526900507509708
1986,0.027544967830181122
1987,0.04249203950166702
1988,0.01231872383505106
1989,0.03691726177930832
1990,0.043128132820129395
1991,0.42152920365333557
1992,0.02518853172659874
1993,0.02495402656495571
1994,0.020126033574342728
1995,0.004208018071949482
1996,0.005040863063186407
1997,0.04549126699566841
1998,0.036883361637592316
1999,0.038847461342811584
2000,0.02525666169822216
2001,0.03837614133954048
2002,0.03296416625380516
2003,0.07645111531019211
2004,0.0560154914855957
2005,0.0292357187718153
2006,0.028324296697974205
2007,0.006879680790007114
2008,0.0032376630697399378
2009,0.0030250237323343754
2010,0.00391734391450882
2011,0.003354092361405492
2012,0.01938614808022976
2013,0.05703939497470856
2014,0.013819174841046333
2015,0.010421538725495338
2016,0.01763211004436016
2017,0.02540264092385769
2018,0.13262946903705597
2019,0.013338407501578331
2020,0.02572431042790413
2021,0.02572431042790413
2022,0.014497269876301289
2023,0.02572431042790413
2024,0.02572431042790413
2025,0.02572431042790413
2026,0.04199729487299919
2027,0.08733470737934113
2028,0.5528385043144226
2029,0.017616920173168182
2030,0.025196263566613197
2031,0.008399050682783127
2032,0.005367983598262072
2033,0.02705669030547142
2034,0.02059485949575901
2035,0.027553845196962357
2036,0.21820802986621857
2037,0.027025405317544937
2038,0.04328291863203049
2039,0.029745696112513542
2040,0.05551742762327194
2041,0.011432445608079433
2042,0.03352688252925873
2043,0.0345325693488121
2044,0.04304874315857887
2045,0.07914856821298599
2046,0.02285926416516304
2047,0.02406333200633526
2048,0.013525180518627167
2049,0.0026376242749392986
2050,0.013877763412892818
2051,0.006669430527836084
2052,0.005549558904021978
2053,0.004318270832300186
2054,0.018933458253741264
2055,0.05803784728050232
2056,0.009795006364583969
2057,0.12727555632591248
2058,0.00984926987439394
2059,0.0034838146530091763
2060,0.012278075329959393
2061,0.017116375267505646
2062,0.0050702812150120735
2063,0.01758899912238121
2064,0.6772623658180237
2065,0.01942126452922821
2066,0.021059807389974594
2067,0.00462929205968976
2068,0.025058863684535027
2069,0.03869474679231644
2070,0.004687044769525528
2071,0.00339319696649909
2072,0.0092428894713521
2073,0.004369728267192841
2074,0.0036100000143051147
2075,0.0029384088702499866
2076,0.0014294200809672475
2077,7.734354585409164e-4
2078,6.51537673547864e-4
2079,2.8863095212727785e-4
2080,2.697732124943286e-4
2081,1.7657586431596428e-4
2082,7.936612382763997e-5
2083,0.013531926088035107
2084,0.005850598216056824
2085,0.02951108291745186
2086,0.026703134179115295
2087,0.00493796169757843
2088,0.15033073723316193
2089,0.027651255950331688
2090,0.02890786901116371
2091,0.746485710144043
2092,0.05457570403814316
2093,0.007823380641639233
2094,0.02505655027925968
2095,0.023708147928118706
2096,0.014024341478943825
2097,0.11122114956378937
2098,0.04342704266309738
2099,0.6686121225357056
2100,0.0302360150963068
2101,0.6852271556854248
2102,0.08086569607257843
2103,0.013017090037465096
2104,0.01050662063062191
2105,0.008021663874387741
2106,0.013060067780315876
2107,0.01959080807864666
2108,0.006595977582037449
2109,0.11536882817745209
2110,0.08451594412326813
2111,0.11536694318056107
2112,0.013475398533046246
2113,0.8075727224349976
2114,0.07986017316579819
2115,0.011493160389363766
2116,0.06409961730241776
2117,0.009295076131820679
2118,0.019820142537355423
2119,0.02821577899158001
2120,0.010621163062751293
2121,0.017074573785066605
2122,0.06421448290348053
2123,0.0712103322148323
2124,0.011265484616160393
2125,0.01637759432196617
2126,0.02651432901620865
2127,0.01427474059164524
2128,0.021960822865366936
2129,0.14350809156894684
2130,0.0064529553055763245
2131,0.013070766814053059
2132,0.027543092146515846
2133,0.023799385875463486
2134,0.00910806655883789
2135,0.025721754878759384
2136,0.07533786445856094
2137,0.022380968555808067
2138,0.01418765727430582
2139,0.04522842913866043
2140,0.008549300953745842
2141,0.03692879155278206
2142,0.01969235949218273
2143,0.01955427974462509
2144,0.007051147520542145
2145,0.01286565512418747
2146,0.04361208155751228
2147,0.05870198458433151
2148,0.006873496808111668
2149,0.026745811104774475
2150,0.06807684153318405
2151,0.03044062666594982
2152,0.009070676751434803
2153,0.013953656889498234
2154,0.005275923293083906
2155,0.02016003243625164
2156,0.014154195785522461
2157,0.009455233812332153
2158,0.007984640076756477
2159,0.013899778015911579
2160,0.009648795239627361
2161,0.011557561345398426
2162,0.021953852847218513
2163,0.021299410611391068
2164,0.011170475743710995
2165,0.009555120952427387
2166,0.013092972338199615
2167,0.006763841025531292
2168,0.0062242173589766026
2169,0.003525035921484232
2170,0.006511268671602011
2171,0.0063634710386395454
2172,0.004643306601792574
2173,0.004643306601792574
2174,0.016192378476262093
2175,0.02021106705069542
2176,0.012951189652085304
2177,0.007937743328511715
2178,0.012014373205602169
2179,0.023230787366628647
2180,0.019637780264019966
2181,0.038180433213710785
2182,0.04035979136824608
2183,0.01867293380200863
2184,0.004525754600763321
2185,0.004525754600763321
2186,0.01343979500234127
2187,0.006980487611144781
2188,0.011812664568424225
2189,0.0054873148910701275
2190,0.011016812175512314
2191,0.030167125165462494
2192,0.003640496637672186
2193,0.018957288935780525
2194,0.021953852847218513
2195,0.23271867632865906
2196,0.0037755267694592476
2197,0.009828775189816952
2198,0.009580420330166817
2199,0.00530089158564806
2200,0.009580420330166817
2201,0.007113832980394363
2202,0.001609266153536737
2203,0.06391891092061996
2204,0.04733355715870857
2205,0.027185192331671715
2206,0.003937078639864922
2207,0.012135555036365986
2208,0.027214497327804565
2209,0.027214502915740013
2210,0.0248479675501585
2211,0.00956257339566946
2212,0.02353554777801037
2213,0.005249221809208393
2214,0.010033060796558857
2215,0.010033060796558857
2216,0.01193397119641304
2217,0.00903303362429142
2218,0.004072064999490976
2219,0.005963230971246958
2220,0.005156559403985739
2221,0.0031082239001989365
2222,0.01077848020941019
2223,0.010021932423114777
2224,0.021320069208741188
2225,0.07670794427394867
2226,0.012662374414503574
2227,0.007872113958001137
2228,0.008308561518788338
2229,0.014696196652948856
2230,0.012738026678562164
2231,0.01692628674209118
2232,0.010986336506903172
2233,0.006816806737333536
2234,0.007399042136967182
2235,0.013706059195101261
2236,0.007706812117248774
2237,0.019802507013082504
2238,0.02311711199581623
2239,0.01807219535112381
2240,0.021299410611391068
2241,0.006144058424979448
2242,0.01054724957793951
2243,0.022356154397130013
2244,0.1715053766965866
2245,0.03127986192703247
2246,0.06145487725734711
2247,0.07896794378757477
2248,0.017345834523439407
2249,0.017345834523439407
2250,0.010043120943009853
2251,0.025672627612948418
2252,0.026026468724012375
2253,0.15511274337768555
2254,0.010876663960516453
2255,0.019940868020057678
2256,0.019940868020057678
2257,0.020969562232494354
2258,0.023995783179998398
2259,0.05428995192050934
2260,0.011281914077699184
2261,0.02955590933561325
2262,0.01122224796563387
2263,0.018212083727121353
2264,0.011736821383237839
2265,0.021729517728090286
2266,0.015208861790597439
2267,0.7212153077125549
2268,0.01192459836602211
2269,0.01909044198691845
2270,0.011362554505467415
2271,0.023875100538134575
2272,0.045674800872802734
2273,0.027189424261450768
2274,0.027306048199534416
2275,0.008424055762588978
2276,0.005973649676889181
2277,0.012241851538419724
2278,0.01454190630465746
2279,0.028861885890364647
2280,0.008447859436273575
2281,0.027979014441370964
2282,0.04439084976911545
2283,0.004793945234268904
2284,0.004528212361037731
2285,0.004868145100772381
2286,0.004868145100772381
2287,0.004709536675363779
2288,0.004868145100772381
2289,0.004736883565783501
2290,0.004736883565783501
2291,0.004868145100772381
2292,0.03822673112154007
2293,0.009750785306096077
2294,0.009862900711596012
2295,0.009742344729602337
2296,0.007670835126191378
2297,0.025234999135136604
2298,0.02823765203356743
2299,0.004477198235690594
2300,0.027453089132905006
2301,0.05013512074947357
2302,0.04800380393862724
2303,0.02686215005815029
2304,0.07467829436063766
2305,0.009807000868022442
2306,0.030179733410477638
2307,0.012676946818828583
2308,0.02729041688144207
2309,0.028048887848854065
2310,0.028048887848854065
2311,0.02413620613515377
2312,0.014551612548530102
2313,0.009493161924183369
2314,0.09699816256761551
2315,0.024627063423395157
2316,0.01685294695198536
2317,0.03651938959956169
2318,0.02453693561255932
2319,0.048962704837322235
2320,0.0131568294018507
2321,0.011177065782248974
2322,0.004432056564837694
2323,0.01665489189326763
2324,0.010408290661871433
2325,0.010408290661871433
2326,0.010408290661871433
2327,0.050355102866888046
2328,0.014168315567076206
2329,0.010408290661871433
2330,0.004921141546219587
2331,0.010408290661871433
2332,0.004921141546219587
2333,0.0208906140178442
2334,0.010408290661871433
2335,0.010408285073935986
2336,0.018674276769161224
2337,0.08051414787769318
2338,0.0339471660554409
2339,0.6749400496482849
2340,0.011277010664343834
2341,0.12296882271766663
2342,0.025652309879660606
2343,0.553229808807373
2344,0.025341667234897614
2345,0.7618781924247742
2346,0.018105648458003998
2347,0.036265041679143906
2348,0.02926797978579998
2349,0.03392752632498741
2350,0.06201091781258583
2351,0.045817699283361435
2352,0.050355102866888046
2353,0.004451410844922066
2354,0.06499627232551575
2355,0.0107116112485528
2356,0.005305441562086344
2357,0.01257129292935133
2358,0.007869123481214046
2359,0.024752946570515633
2360,0.006214618682861328
2361,0.0029287224169820547
2362,0.03236440569162369
2363,0.021672433242201805
2364,0.018035056069493294
2365,0.01373379211872816
2366,0.023737138137221336
2367,0.028342030942440033
2368,0.053330112248659134
2369,0.029328372329473495
2370,0.014035106636583805
2371,0.035261549055576324
2372,0.7728861570358276
2373,0.02656988799571991
2374,0.020024752244353294
2375,0.02519269846379757
2376,0.007897474803030491
2377,0.014173298142850399
2378,0.06661611050367355
2379,0.029889553785324097
2380,0.03494832664728165
2381,0.009866422042250633
2382,0.005018130410462618
2383,0.006849309429526329
2384,0.044992368668317795
2385,0.016027718782424927
2386,0.016213951632380486
2387,0.020049260929226875
2388,0.01345199067145586
2389,0.01795092225074768
2390,0.028562985360622406
2391,0.03551032021641731
2392,0.017228836193680763
2393,0.01175050251185894
2394,0.008146217092871666
2395,0.0034183755051344633
2396,0.004067492671310902
2397,0.03878570720553398
2398,0.02986045554280281
2399,0.007346125785261393
2400,0.020445631816983223
2401,0.012280925177037716
2402,0.07212299108505249
2403,0.026101836934685707
2404,0.007246849592775106
2405,0.005073622800409794
2406,0.017302121967077255
2407,0.005658754613250494
2408,0.005658754613250494
2409,0.028495149686932564
2410,0.03519309312105179
2411,0.03927521035075188
2412,0.05232862010598183
2413,0.019111018627882004
2414,0.09611982107162476
2415,0.04281853884458542
2416,0.02312374860048294
2417,0.0043380651623010635
2418,0.026204105466604233
2419,0.01842375658452511
2420,0.008194619789719582
2421,0.02141645923256874
2422,0.02699735015630722
2423,0.013210614211857319
2424,0.01714904047548771
2425,0.039268769323825836
2426,0.016846468672156334
2427,0.017339171841740608
2428,0.01836618408560753
2429,0.02726803347468376
2430,0.036674004048109055
2431,0.020336609333753586
2432,0.023816652595996857
2433,0.015607615932822227
2434,0.05644262582063675
2435,0.030860569328069687
2436,0.014783469960093498
2437,0.17094308137893677
2438,0.03229020908474922
2439,0.028293456882238388
2440,0.01431569829583168
2441,0.04272131994366646
2442,0.007246849592775106
2443,0.005112799815833569
2444,0.007032160181552172
2445,0.035035986453294754
2446,0.021111682057380676
2447,0.010989207774400711
2448,0.016597170382738113
2449,0.02360079064965248
2450,0.023073935881257057
2451,0.012962769716978073
2452,0.045375339686870575
2453,0.10930194705724716
2454,0.02597465179860592
2455,0.06407276540994644
2456,0.024250641465187073
2457,0.04264646768569946
2458,0.17621512711048126
2459,0.03846239298582077
2460,0.028867151588201523
2461,0.028882989659905434
2462,0.05463040992617607
2463,0.06175696477293968
2464,0.04751352593302727
2465,0.06330091506242752
2466,0.034352220594882965
2467,0.05148075893521309
2468,0.04751362279057503
2469,0.02027539722621441
2470,0.028807383030653
2471,0.022689560428261757
2472,0.06197868287563324
2473,0.04696432501077652
2474,0.03785150870680809
2475,0.015240339562296867
2476,0.021264107897877693
2477,0.0184065829962492
2478,0.020662302151322365
2479,0.007842784747481346
2480,0.006055033300071955
2481,0.02728543058037758
2482,0.022293804213404655
2483,0.026092862710356712
2484,0.10638968646526337
2485,0.026043757796287537
2486,0.048539698123931885
2487,0.02601880580186844
2488,0.8050418496131897
2489,0.011891556903719902
2490,0.09256080538034439
2491,0.005733189173042774
2492,0.054424699395895004
2493,0.13032670319080353
2494,0.0532786063849926
2495,0.05816110596060753
2496,0.03088654763996601
2497,0.023552922531962395
2498,0.02876715548336506
2499,0.05988093838095665
2500,0.015584072098135948
2501,0.11711211502552032
2502,0.11655038595199585
2503,0.12007652968168259
2504,0.11711211502552032
2505,0.12754662334918976
2506,0.09815063327550888
2507,0.7524983286857605
2508,0.168876513838768
2509,0.10494819283485413
2510,0.06712512671947479
2511,0.06275630742311478
2512,0.06275630742311478
2513,0.06712512671947479
2514,0.06712512671947479
2515,0.07533024251461029
2516,0.06163972243666649
2517,0.06163972243666649
2518,0.06712512671947479
2519,0.0461261160671711
2520,0.06712512671947479
2521,0.04335759952664375
2522,0.026003289967775345
2523,0.03632234036922455
2524,0.03084278479218483
2525,0.35161513090133667
2526,0.02603791281580925
2527,0.02603791654109955
2528,0.17178863286972046
2529,0.14477679133415222
2530,0.09062809497117996
2531,0.017738476395606995
2532,0.024372907355427742
2533,0.025455929338932037
2534,0.034637872129678726
2535,0.021822217851877213
2536,0.04359346255660057
2537,0.11540945619344711
2538,0.04748775064945221
2539,0.054399095475673676
2540,0.19296763837337494
2541,0.0324053019285202
2542,0.6057966947555542
2543,0.026010580360889435
2544,0.021580563858151436
2545,0.05674229934811592
2546,0.05691470950841904
2547,0.046933937817811966
2548,0.039429884403944016
2549,0.02788272686302662
2550,0.1178194209933281
2551,0.018286556005477905
2552,0.08075717836618423
2553,0.013907662592828274
2554,0.014968239702284336
2555,0.005607998929917812
2556,0.01304624043405056
2557,0.009188909083604813
2558,0.02809564210474491
2559,0.021765820682048798
2560,0.014558929949998856
2561,0.04317758232355118
2562,0.012172991409897804
2563,0.014066417701542377
2564,0.008909796364605427
2565,0.014376361854374409
2566,0.02644454687833786
2567,0.011173726059496403
2568,0.013274374417960644
2569,0.02490179054439068
2570,0.008226331323385239
2571,0.025069279596209526
2572,0.056715693324804306
2573,0.025469863787293434
2574,0.01835969276726246
2575,0.008323634043335915
2576,0.027359867468476295
2577,0.015454743057489395
2578,0.0073339310474693775
2579,0.027645723894238472
2580,0.022230999544262886
2581,0.018225908279418945
2582,0.026287687942385674
2583,0.030878620222210884
2584,0.03394773602485657
2585,0.004954265896230936
2586,0.02168409712612629
2587,0.029613042250275612
2588,0.028994204476475716
2589,0.014586896635591984
2590,0.05358944460749626
2591,0.008451019413769245
2592,0.008451019413769245
2593,0.012464734725654125
2594,0.01043453998863697
2595,0.007306242827326059
2596,0.02443281188607216
2597,0.02443281188607216
2598,0.02372734621167183
2599,0.042479682713747025
2600,0.02903991937637329
2601,0.011058039963245392
2602,0.004974007606506348
2603,0.008911047130823135
2604,0.011058039963245392
2605,0.036403603851795197
2606,0.015288958325982094
2607,0.006672191899269819
2608,0.007634063251316547
2609,0.014266683720052242
2610,0.017346298322081566
2611,0.012388713657855988
2612,0.01305213663727045
2613,0.02019011601805687
2614,0.017867522314190865
2615,0.014173358678817749
2616,0.01309186965227127
2617,0.011350941844284534
2618,0.027276912704110146
2619,0.025710202753543854
2620,0.01530279777944088
2621,0.022929087281227112
2622,0.02310403622686863
2623,0.008953617885708809
2624,0.018090752884745598
2625,0.023460881784558296
2626,0.02610502392053604
2627,0.018456170335412025
2628,0.01454873476177454
2629,0.02934369631111622
2630,0.0023755435831844807
2631,0.0016292707296088338
2632,0.0031445007771253586
2633,0.021619770675897598
2634,0.027861736714839935
2635,0.013982842676341534
2636,0.031085144728422165
2637,0.022742951288819313
2638,0.0628419816493988
2639,0.08715424686670303
2640,0.025454895570874214
2641,0.021939421072602272
2642,0.02960914559662342
2643,0.8457434773445129
2644,0.058264851570129395
2645,0.7218770384788513
2646,0.03762850537896156
2647,0.018471047282218933
2648,0.061098527163267136
2649,0.028579266741871834
2650,0.0266799945384264
2651,0.026510335505008698
2652,0.15861833095550537
2653,0.0069357468746602535
2654,0.006832129787653685
2655,0.04035242274403572
2656,0.0348052978515625
2657,0.013994285836815834
2658,0.029419617727398872
2659,0.07841590791940689
2660,0.013247901573777199
2661,0.007552772760391235
2662,0.012151805683970451
2663,0.04449884593486786
2664,0.024974003434181213
2665,0.026647981256246567
2666,0.04197053238749504
2667,0.06098681315779686
2668,0.03386179730296135
2669,0.01618875563144684
2670,0.01715581677854061
2671,0.017494650557637215
2672,0.0193457193672657
2673,0.004906769841909409
2674,0.00524238171055913
2675,0.022239690646529198
2676,0.00902900006622076
2677,0.014081794768571854
2678,0.010193112306296825
2679,0.0024900378193706274
2680,0.0070205191150307655
2681,0.005928176920861006
2682,0.01930459775030613
2683,0.00738910585641861
2684,0.020940810441970825
2685,0.015535149723291397
2686,0.02243044599890709
2687,0.02390027977526188
2688,0.005539922975003719
2689,0.009141582995653152
2690,0.015809515491127968
2691,0.05815863609313965
2692,0.013755434192717075
2693,0.014220955781638622
2694,0.011682312935590744
2695,0.06759895384311676
2696,0.011682312935590744
2697,0.026474235579371452
2698,0.022650882601737976
2699,0.024473831057548523
2700,0.047849398106336594
2701,0.026468323543667793
2702,0.03397110849618912
2703,0.008928810246288776
2704,0.040266092866659164
2705,0.008943459950387478
2706,0.02247435785830021
2707,0.013395603746175766
2708,0.006671676877886057
2709,0.00782991573214531
2710,0.005898358765989542
2711,0.035637542605400085
2712,0.019334731623530388
2713,0.051355939358472824
2714,0.0219802837818861
2715,0.010373887605965137
2716,0.014110124669969082
2717,0.012759235687553883
2718,0.011195743456482887
2719,0.008062577806413174
2720,0.025186847895383835
2721,0.0757606029510498
2722,0.011335141025483608
2723,0.06902449578046799
2724,0.01252708863466978
2725,0.024721328169107437
2726,0.00820154882967472
2727,0.01634201407432556
2728,0.0042877355590462685
2729,0.016691308468580246
2730,0.005910228472203016
2731,0.026256131008267403
2732,0.02552315965294838
2733,0.039913326501846313
2734,0.8102981448173523
2735,0.04126700758934021
2736,0.01134137250483036
2737,0.022110288962721825
2738,0.022110288962721825
2739,0.012330617755651474
2740,0.012639549560844898
2741,0.015453611500561237
2742,0.015927834436297417
2743,0.024979200214147568
2744,0.024023141711950302
2745,0.1626245677471161
2746,0.10882426798343658
2747,0.0748436227440834
2748,0.0411505401134491
2749,0.02499689906835556
2750,0.019580837339162827
2751,0.6435421109199524
2752,0.021190091967582703
2753,0.042213357985019684
2754,0.013860226608812809
2755,0.030038956552743912
2756,0.04050230607390404
2757,0.023978160694241524
2758,0.022921012714505196
2759,0.02418338693678379
2760,0.01406556461006403
2761,0.006517894100397825
2762,0.010087605565786362
2763,0.010399197228252888
2764,0.004715376533567905
2765,0.0342477411031723
2766,0.059041015803813934
2767,0.012730472721159458
2768,0.03701720014214516
2769,0.7906394600868225
2770,0.00413409573957324
2771,0.040181778371334076
2772,0.011284759268164635
2773,0.008088712580502033
2774,0.02801869995892048
2775,0.024900348857045174
2776,0.048432424664497375
2777,0.013584749773144722
2778,0.025336138904094696
2779,0.005113961640745401
2780,0.019064538180828094
2781,0.010820228606462479
2782,0.027585545554757118
2783,0.027585551142692566
2784,0.022312898188829422
2785,0.05130477622151375
2786,0.020275091752409935
2787,0.06517601758241653
2788,0.22932425141334534
2789,0.0271034836769104
2790,0.021821487694978714
2791,0.03857078775763512
2792,0.029511619359254837
2793,0.015657922253012657
2794,0.02886502631008625
2795,0.7777697443962097
2796,0.03791379928588867
2797,0.07986313104629517
2798,0.07346753776073456
2799,0.030653581023216248
2800,0.03299906104803085
2801,0.028520051389932632
2802,0.039699554443359375
2803,0.07259183377027512
2804,0.055314939469099045
2805,0.02052927389740944
2806,0.02052927389740944
2807,0.028678666800260544
2808,0.03451467677950859
2809,0.12911014258861542
2810,0.017442859709262848
2811,0.03725535050034523
2812,0.04967890679836273
2813,0.06507936865091324
2814,0.11890396475791931
2815,0.033105213195085526
2816,0.0328943096101284
2817,0.8436917662620544
2818,0.03900814801454544
2819,0.04352189972996712
2820,0.03574370592832565
2821,0.013473352417349815
2822,0.023160915821790695
2823,0.03900814801454544
2824,0.015508983284235
2825,0.008342087268829346
2826,0.043074894696474075
2827,0.0358249731361866
2828,0.007349412422627211
2829,0.004821327514946461
2830,0.022104598581790924
2831,0.021448837593197823
2832,0.027240246534347534
2833,0.01460079662501812
2834,0.02000485733151436
2835,0.011088158935308456
2836,0.013188968412578106
2837,0.003562222933396697
2838,0.038992464542388916
2839,0.020609421655535698
2840,0.03487703576683998
2841,0.03240308165550232
2842,0.052719321101903915
2843,0.021448837593197823
2844,0.06681355834007263
2845,0.027760641649365425
2846,0.06453392654657364
2847,0.02208246849477291
2848,0.017199868336319923
2849,0.021286366507411003
2850,0.015629375353455544
2851,0.038992464542388916
2852,0.058136794716119766
2853,0.020724287256598473
2854,0.028366612270474434
2855,0.013294956646859646
2856,0.009261606261134148
2857,0.014549478888511658
2858,0.019733618944883347
2859,0.019651183858513832
2860,0.3844757378101349
2861,0.029045792296528816
2862,0.437012255191803
2863,0.019235068932175636
2864,0.04828871414065361
2865,0.038966551423072815
2866,0.03613423928618431
2867,0.02906712517142296
2868,0.019397320225834846
2869,0.05062093213200569
2870,0.10659565031528473
2871,0.03837263211607933
2872,0.02867724560201168
2873,0.02867724560201168
2874,0.045194417238235474
2875,0.02765171229839325
2876,0.0329749621450901
2877,0.11232385784387589
2878,0.043173156678676605
2879,0.020568285137414932
2880,0.02240118384361267
2881,0.03260688856244087
2882,0.047332849353551865
2883,0.07442231476306915
2884,0.021668672561645508
2885,0.027812784537672997
2886,0.02851594053208828
2887,0.04399663209915161
2888,0.022347761318087578
2889,0.05382039025425911
2890,0.021337246522307396
2891,0.0422203466296196
2892,0.01486649177968502
2893,0.009593667462468147
2894,0.010432407259941101
2895,0.09199726581573486
2896,0.009633434005081654
2897,0.018207980319857597
2898,0.8239036798477173
2899,0.013016593642532825
2900,0.011358843185007572
2901,0.02559293620288372
2902,0.01988864876329899
2903,0.07536033540964127
2904,0.06765538454055786
2905,0.026218827813863754
2906,0.037537433207035065
2907,0.013047154992818832
2908,0.016263676807284355
2909,0.05483314394950867
2910,0.017473123967647552
2911,0.0108646797016263
2912,0.013032849878072739
2913,0.02660534344613552
2914,0.016269849613308907
2915,0.005235865246504545
2916,0.01132216863334179
2917,0.002808228600770235
2918,0.013047278858721256
2919,0.0303522739559412
2920,0.00918736681342125
2921,0.37779584527015686
2922,0.026419827714562416
2923,0.1114405170083046
2924,0.08378665894269943
2925,0.019553832709789276
2926,0.6101842522621155
2927,0.3139556348323822
2928,0.01138872466981411
2929,0.061865124851465225
2930,0.010628977790474892
2931,0.030433496460318565
2932,0.05885563790798187
2933,0.027941372245550156
2934,0.029483262449502945
2935,0.7761218547821045
2936,0.04711849242448807
2937,0.02925018221139908
2938,0.026165932416915894
2939,0.02611653134226799
2940,0.023135816678404808
2941,0.06276267021894455
2942,0.02894601598381996
2943,0.011189747601747513
2944,0.01617061346769333
2945,0.01443695928901434
2946,0.024025462567806244
2947,0.05063872039318085
2948,0.03060522861778736
2949,0.013047154992818832
2950,0.013564376160502434
2951,0.057956140488386154
2952,0.013047154992818832
2953,0.00782143697142601
2954,0.010432407259941101
2955,0.00695060845464468
2956,0.013564376160502434
2957,0.050077978521585464
2958,0.050077978521585464
2959,0.03225339204072952
2960,0.02592526562511921
2961,0.004778264556080103
2962,0.012226150371134281
2963,0.013047154992818832
2964,0.016362883150577545
2965,0.7784785628318787
2966,0.013089203275740147
2967,0.02112848125398159
2968,0.008634168654680252
2969,0.005470963194966316
2970,0.023965056985616684
2971,0.006410329136997461
2972,0.007797439582645893
2973,0.14917895197868347
2974,0.030906226485967636
2975,0.04456639289855957
2976,0.03867751359939575
2977,0.01296917162835598
2978,0.007034707814455032
2979,0.023935692384839058
2980,0.074562668800354
2981,0.7926023006439209
2982,0.014745141379535198
2983,0.053334757685661316
2984,0.03078535757958889
2985,0.07690202444791794
2986,0.03452562913298607
2987,0.03666944056749344
2988,0.02719595842063427
2989,0.01215851679444313
2990,0.7279956936836243
2991,0.04282020032405853
2992,0.010075507685542107
2993,0.04537409543991089
2994,0.053256936371326447
2995,0.04213190823793411
2996,0.07683829963207245
2997,0.033853258937597275
2998,0.06908529251813889
2999,0.05789814889431
3000,0.053723353892564774
3001,0.053723353892564774
3002,0.013993246480822563
3003,0.041672348976135254
3004,0.020345080643892288
3005,0.02750784158706665
3006,0.029321899637579918
3007,0.05838639661669731
3008,0.046161994338035583
3009,0.03529265150427818
3010,0.7621930241584778
3011,0.05649285763502121
3012,0.033880289644002914
3013,0.04479354992508888
3014,0.02686837688088417
3015,0.018650680780410767
3016,0.022394979372620583
3017,0.02992410585284233
3018,0.009727580472826958
3019,0.044442374259233475
3020,0.030118370428681374
3021,0.018453773111104965
3022,0.022545160725712776
3023,0.022530244663357735
3024,0.021309051662683487
3025,0.031161755323410034
3026,0.01983010210096836
3027,0.16926375031471252
3028,0.019900143146514893
3029,0.04113682359457016
3030,0.05759537220001221
3031,0.0260012149810791
3032,0.03845633193850517
3033,0.021452609449625015
3034,0.7444343566894531
3035,0.045163191854953766
3036,0.030623072758316994
3037,0.07039196044206619
3038,0.03450364992022514
3039,0.03329641744494438
3040,0.015529411844909191
3041,0.06173582747578621
3042,0.07846825569868088
3043,0.012791205197572708
3044,0.024749338626861572
3045,0.1387099027633667
3046,0.01760086975991726
3047,0.7533400654792786
3048,0.014974224381148815
3049,0.020981675013899803
3050,0.029150404036045074
3051,0.013826336711645126
3052,0.033737752586603165
3053,0.033737752586603165
3054,0.021071486175060272
3055,0.017417602241039276
3056,0.0201491117477417
3057,0.06479832530021667
3058,0.02818216010928154
3059,0.007810869254171848
3060,0.1801791936159134
3061,0.0226616058498621
3062,0.02818216010928154
3063,0.032618895173072815
3064,0.026396455243229866
3065,0.16603483259677887
3066,0.09177713096141815
3067,0.00812548864632845
3068,0.019968181848526
3069,0.030217068269848824
3070,0.006808373611420393
3071,0.005916582886129618
3072,0.015102515928447247
3073,0.7386210560798645
3074,0.05915320664644241
3075,0.021043838933110237
3076,0.01678748056292534
3077,0.01008316408842802
3078,0.07411175966262817
3079,0.048436544835567474
3080,0.01655135117471218
3081,0.021315637975931168
3082,0.012384386733174324
3083,0.10180093348026276
3084,0.013230059295892715
3085,0.028157945722341537
3086,0.012989861890673637
3087,0.04213724285364151
3088,0.032136861234903336
3089,0.00437607616186142
3090,0.01690623164176941
3091,0.008306927978992462
3092,0.05127972364425659
3093,0.006438661366701126
3094,0.02609129250049591
3095,0.011557348072528839
3096,0.0652616024017334
3097,0.02734810672700405
3098,0.01494977530092001
3099,0.006335342302918434
3100,0.01989796571433544
3101,0.04409582540392876
3102,0.027565577998757362
3103,0.011264199391007423
3104,0.03590472415089607
3105,0.035904720425605774
3106,0.009800247848033905
3107,0.0068793813697993755
3108,0.0068793813697993755
3109,0.007350414525717497
3110,0.023087533190846443
3111,0.004656650125980377
3112,0.008940515108406544
3113,0.004656650125980377
3114,0.015509304590523243
3115,0.0068793813697993755
3116,0.05312635749578476
3117,0.009189855307340622
3118,0.769425094127655
3119,0.008118082769215107
3120,0.008118082769215107
3121,0.009189855307340622
3122,0.008118082769215107
3123,0.008118082769215107
3124,0.0159175843000412
3125,0.008118082769215107
3126,0.008118082769215107
3127,0.008118082769215107
3128,0.07716739177703857
3129,0.021124280989170074
3130,0.018414799124002457
3131,0.01501292921602726
3132,0.06806790083646774
3133,0.03356309235095978
3134,0.03418273478746414
3135,0.010099273175001144
3136,0.029009386897087097
3137,0.034964825958013535
3138,0.04497954621911049
3139,0.04497954621911049
3140,0.009252570569515228
3141,0.020555716007947922
3142,0.01573793776333332
3143,0.03213144838809967
3144,0.012255051173269749
3145,0.04625910148024559
3146,0.022266395390033722
3147,0.009252570569515228
3148,0.020947109907865524
3149,0.06190313771367073
3150,0.006935178767889738
3151,0.08135535567998886
3152,0.02284848690032959
3153,0.0494137667119503
3154,0.010568697936832905
3155,0.010568697936832905
3156,0.020253507420420647
3157,0.21470236778259277
3158,0.007560482248663902
3159,0.016803765669465065
3160,0.016267042607069016
3161,0.15418264269828796
3162,0.01154397800564766
3163,0.006937537807971239
3164,0.007125559728592634
3165,0.008105870336294174
3166,0.00532463937997818
3167,0.013111968524754047
3168,0.01566513441503048
3169,0.00928333681076765
3170,0.011679715476930141
3171,0.020748689770698547
3172,0.009060725569725037
3173,0.004492040257900953
3174,0.003862994723021984
3175,0.0021948260255157948
3176,0.0016552165616303682
3177,0.01565176621079445
3178,0.004299459513276815
3179,0.007130446843802929
3180,0.018453773111104965
3181,0.05745752528309822
3182,0.014531146734952927
3183,0.009494256228208542
3184,0.016071423888206482
3185,0.060203999280929565
3186,0.8352726101875305
3187,0.012626013718545437
3188,0.024440467357635498
3189,0.014362889342010021
3190,0.05414280667901039
3191,0.004349347669631243
3192,0.013202914036810398
3193,0.013202914036810398
3194,0.006047327537089586
3195,0.012272247113287449
3196,0.004141153302043676
3197,0.009318786673247814
3198,0.00458636274561286
3199,0.0037969546392560005
3200,0.0036233363207429647
3201,0.018647145479917526
3202,0.0067464495077729225
3203,0.007122052367776632
3204,0.0067464495077729225
3205,0.020360354334115982
3206,0.021857747808098793
3207,0.014758245088160038
3208,0.16974228620529175
3209,0.011629726737737656
3210,0.01923312060534954
3211,0.01105593889951706
3212,0.6802047491073608
3213,0.04528781771659851
3214,0.02492085099220276
3215,0.024443969130516052
3216,0.02131291851401329
3217,0.01385943777859211
3218,0.01544864196330309
3219,0.01544864196330309
3220,0.07530186325311661
3221,0.05093473941087723
3222,0.024870196357369423
3223,0.7819893956184387
3224,0.05384444817900658
3225,0.016898032277822495
3226,0.021130112931132317
3227,0.11957253515720367
3228,0.015175936743617058
3229,0.028987213969230652
3230,0.021589316427707672
3231,0.0221086535602808
3232,0.010278698056936264
3233,0.022898053750395775
3234,0.018867837265133858
3235,0.08856992423534393
3236,0.029520308598876
3237,0.005883031990379095
3238,0.00968090444803238
3239,0.0150118013843894
3240,0.01467982679605484
3241,0.15283112227916718
3242,0.014729764312505722
3243,0.02025953121483326
3244,0.02454444020986557
3245,0.013201585970818996
3246,0.7435269951820374
3247,0.07763390988111496
3248,0.03242461010813713
3249,0.20521418750286102
3250,0.005734338890761137
3251,0.02088780328631401
3252,0.02184661477804184
3253,0.0072598461993038654
3254,0.005714020691812038
3255,0.016510963439941406
3256,0.014599958434700966
3257,0.03378138318657875
3258,0.04188545420765877
3259,0.0082054128870368
3260,0.0034288528840988874
3261,0.0029972372576594353
3262,0.010318228974938393
3263,0.68190598487854
3264,0.025443775579333305
3265,0.22783330082893372
3266,0.03327421471476555
3267,0.029461180791258812
3268,0.0144890695810318
3269,0.02069324254989624
3270,0.04039233177900314
3271,0.044614728540182114
3272,0.021431395784020424
3273,0.025713935494422913
3274,0.019689004868268967
3275,0.031512707471847534
3276,0.003045265795662999
3277,0.007397392764687538
3278,0.020159104838967323
3279,0.035441361367702484
3280,0.04887948930263519
3281,0.07472802698612213
3282,0.03375323489308357
3283,0.028438648208975792
3284,0.07568412274122238
3285,0.010837524197995663
3286,0.2700573801994324
3287,0.0377056784927845
3288,0.7608184218406677
3289,0.7414008975028992
3290,0.031126607209444046
3291,0.02057444490492344
3292,0.015654459595680237
3293,0.01547236181795597
3294,0.019664686173200607
3295,0.02194961905479431
3296,0.6986695528030396
3297,0.025430481880903244
3298,0.10153036564588547
3299,0.006721581798046827
3300,0.04841392859816551
3301,0.056705377995967865
3302,0.02940502017736435
3303,0.032610829919576645
3304,0.7697787880897522
3305,0.12236864119768143
3306,0.03301965817809105
3307,0.02448059245944023
3308,0.17424845695495605
3309,0.0386640690267086
3310,0.4168568551540375
3311,0.06087302789092064
3312,0.7692492008209229
3313,0.02369031496345997
3314,0.026111196726560593
3315,0.028014518320560455
3316,0.03409488499164581
3317,0.013572310097515583
3318,0.0708594024181366
3319,0.05343106761574745
3320,0.006357284262776375
3321,0.08746304363012314
3322,0.02110409550368786
3323,0.022106558084487915
3324,0.02444201521575451
3325,0.7241941094398499
3326,0.030233435332775116
3327,0.016796091571450233
3328,0.025337200611829758
3329,0.08906075358390808
3330,0.037954650819301605
3331,0.06072403863072395
3332,0.07287328690290451
3333,0.025833457708358765
3334,0.033925652503967285
3335,0.027710093185305595
3336,0.017647091299295425
3337,0.032663457095623016
3338,0.023604802787303925
3339,0.782985508441925
3340,0.015047144144773483
3341,0.048589933663606644
3342,0.039530910551548004
3343,0.009727580472826958
3344,0.02729085460305214
3345,0.022838808596134186
3346,0.02591092139482498
3347,0.044436756521463394
3348,0.009735286235809326
3349,0.032296471297740936
3350,0.008255146443843842
3351,0.01040868740528822
3352,0.0073739225044846535
3353,0.0073739225044846535
3354,0.0073739225044846535
3355,0.004084114916622639
3356,0.030808506533503532
3357,0.018441369757056236
3358,0.024692431092262268
3359,0.018535688519477844
3360,0.02535121515393257
3361,0.015643376857042313
3362,0.028966309502720833
3363,0.08112996071577072
3364,0.7319512963294983
3365,0.022059710696339607
3366,0.06680554896593094
3367,0.021497560665011406
3368,0.02692229487001896
3369,0.0277972761541605
3370,0.7400553226470947
3371,0.005514572374522686
3372,0.04788213595747948
3373,0.044657621532678604
3374,0.026456082239747047
3375,0.028456276282668114
3376,0.03283124044537544
3377,0.01637323945760727
3378,0.05839833989739418
3379,0.020485153421759605
3380,0.5891504883766174
3381,0.026331866160035133
3382,0.020125415176153183
3383,0.05220839008688927
3384,0.05220839008688927
3385,0.08443115651607513
3386,0.011028310284018517
3387,0.020511917769908905
3388,0.020125415176153183
3389,0.030610518530011177
3390,0.085324726998806
3391,0.027311226353049278
3392,0.03159864619374275
3393,0.028906522318720818
3394,0.022762181237339973
3395,0.015779562294483185
3396,0.017943305894732475
3397,0.025961413979530334
3398,0.023494401946663857
3399,0.02894943580031395
3400,0.03478923812508583
3401,0.012266842648386955
3402,0.041942112147808075
3403,0.005458456464111805
3404,0.024807311594486237
3405,0.011765052564442158
3406,0.023110076785087585
3407,0.012137212790548801
3408,0.07967159152030945
3409,0.06531496345996857
3410,0.06815965473651886
3411,0.009865965694189072
3412,0.009865965694189072
3413,0.06300176680088043
3414,0.02436046488583088
3415,0.12597784399986267
3416,0.029492616653442383
3417,0.010701888240873814
3418,0.03544030338525772
3419,0.0069989487528800964
3420,0.0069989487528800964
3421,0.0069989487528800964
3422,0.0069989487528800964
3423,0.0069989487528800964
3424,0.0069989487528800964
3425,0.0069989487528800964
3426,0.0069989487528800964
3427,0.019851630553603172
3428,0.07464616745710373
3429,0.01091732643544674
3430,0.017840247601270676
3431,0.025044351816177368
3432,0.0115412138402462
3433,0.06577475368976593
3434,0.03627597913146019
3435,0.025600165128707886
3436,0.051813431084156036
3437,0.14607639610767365
3438,0.04397699236869812
3439,0.022484704852104187
3440,0.007402260787785053
3441,0.05213475227355957
3442,0.012844241224229336
3443,0.05841665342450142
3444,0.023387914523482323
3445,0.0075012994930148125
3446,0.017857784405350685
3447,0.11905340850353241
3448,0.028645597398281097
3449,0.04609350487589836
3450,0.006270877085626125
3451,0.021574389189481735
3452,0.02602398954331875
3453,0.024569189175963402
3454,0.042654044926166534
3455,0.022856684401631355
3456,0.029810437932610512
3457,0.038353826850652695
3458,0.03965528681874275
3459,0.015536301769316196
3460,0.01802668534219265
3461,0.012638990767300129
3462,0.023581501096487045
3463,0.07427506148815155
3464,0.012572252191603184
3465,0.019982701167464256
3466,0.03303507715463638
3467,0.024482809007167816
3468,0.0075177899561822414
3469,0.0029289270751178265
3470,0.0034756402019411325
3471,9.622987709008157e-4
3472,3.761558036785573e-4
3473,4.0365703171119094e-4
3474,6.472353707067668e-4
3475,0.04997612163424492
3476,0.02446562796831131
3477,0.075359344482421875
3478,0.017919618636369705
3479,0.025714168325066566
3480,0.03476528823375702
3481,0.03308992460370064
3482,0.057285670191049576
3483,0.016841605305671692
3484,0.034211114048957825
3485,0.016497844830155373
3486,0.006539438385516405
3487,0.008343002758920193
3488,0.007311075925827026
3489,0.02876751683652401
3490,0.07340418547391891
3491,0.005326441954821348
3492,0.0414825938642025
3493,0.03400503098964691
3494,0.030846988782286644
3495,0.020561980083584785
3496,0.022692130878567696
3497,0.009087704122066498
3498,0.01319662295281887
3499,0.023735955357551575
3500,0.014494048431515694
3501,0.011692360043525696
3502,0.21365739405155182
3503,0.03019677847623825
3504,0.017571844160556793
3505,0.01785353757441044
3506,0.0251329205930233
3507,0.1075395792722702
3508,0.049414459615945816
3509,0.07030724734067917
3510,0.011302654631435871
3511,0.00889711081981659
3512,0.054116588085889816
3513,0.0091724395751953125
3514,0.03393169492483139
3515,0.03501252084970474
3516,0.022869374603033066
3517,0.020100204274058342
3518,0.0091724395751953125
3519,0.027214739471673965
3520,0.0198300089687109
3521,0.05314858257770538
3522,0.02633911371231079
3523,0.02490493282675743
3524,0.02309485152363777
3525,0.04895414039492607
3526,0.011661174707114697
3527,0.02013317123055458
3528,0.011661174707114697
3529,0.007149318233132362
3530,0.00471788365393877
3531,0.013287565670907497
3532,0.00471788365393877
3533,0.00471788365393877
3534,0.013287565670907497
3535,0.00471788365393877
3536,0.032621778547763824
3537,0.036399923264980316
3538,0.021856633946299553
3539,0.07513124495744705
3540,0.011854545213282108
3541,0.018865935504436493
3542,0.015520825050771236
3543,0.024954259395599365
3544,0.07685434073209763
3545,0.03575041517615318
3546,0.0801970362663269
3547,0.032661955803632736
3548,0.029334411025047302
3549,0.035197913646698
3550,0.6756126284599304
3551,0.055699415504932404
3552,0.051682230085134506
3553,0.027253005653619766
3554,0.02331661619246006
3555,0.020976556465029716
3556,0.033669713884592056
3557,0.0190955251455307
3558,0.01798228546977043
3559,0.024336032569408417
3560,0.047802072018384933
3561,0.02657480724155903
3562,0.0198389682918787
3563,0.02657480724155903
3564,0.03228950873017311
3565,0.035247769206762314
3566,0.08260972797870636
3567,0.018930722028017044
3568,0.05457593873143196
3569,0.0653272494673729
3570,0.7437884211540222
3571,0.6925515532493591
3572,0.02679397165775299
3573,0.5563364028930664
3574,0.058826498687267303
3575,0.12691925466060638
3576,0.031186411157250404
3577,0.030363550409674644
3578,0.026948511600494385
3579,0.03400218114256859
3580,0.1699932962656021
3581,0.040341734886169434
3582,0.03673955425620079
3583,0.05877956002950668
3584,0.07554700970649719
3585,0.7478939294815063
3586,0.04217848554253578
3587,0.028853364288806915
3588,0.8433139324188232
3589,0.051493555307388306
3590,0.04316835105419159
3591,0.07208636403083801
3592,0.046432215720415115
3593,0.06075562164187431
3594,0.06075562164187431
3595,0.024949317798018456
3596,0.4236548840999603
3597,0.024568689987063408
3598,0.009019780904054642
3599,0.009019780904054642
3600,0.022845497354865074
3601,0.022845497354865074
3602,0.10993773490190506
3603,0.030002914369106293
3604,0.02043321169912815
3605,0.01982511579990387
3606,0.02043321169912815
3607,0.028971025720238686
3608,0.02214163728058338
3609,0.022699546068906784
3610,0.04101376608014107
3611,0.0383644662797451
3612,0.025617152452468872
3613,0.05810924991965294
3614,0.02043321169912815
3615,0.007893798872828484
3616,0.02095666155219078
3617,0.014538291841745377
3618,0.039471082389354706
3619,0.03700403869152069
3620,0.031667597591876984
3621,0.007819953374564648
3622,0.03305881842970848
3623,0.1371610313653946
3624,0.0045624589547514915
3625,0.0045624589547514915
3626,0.05871303752064705
3627,0.0703972578048706
3628,0.050984665751457214
3629,0.011818598955869675
3630,0.002585666486993432
3631,0.005394016858190298
3632,0.014324624091386795
3633,0.014402370899915695
3634,0.04149683564901352
3635,0.03248262777924538
3636,0.05004383623600006
3637,0.03459182009100914
3638,0.07675954699516296
3639,0.03582058846950531
3640,0.024225233122706413
3641,0.035828132182359695
3642,0.010145015083253384
3643,0.047994934022426605
3644,0.012199671007692814
3645,0.010058810003101826
3646,0.05688278004527092
3647,0.15611431002616882
3648,0.004695400595664978
3649,0.002442136639729142
3650,0.01721777953207493
3651,0.006394059397280216
3652,0.00393442390486598
3653,0.023729924112558365
3654,0.03943363577127457
3655,0.015880601480603218
3656,0.024283310398459435
3657,0.023601816967129707
3658,0.016569003462791443
3659,0.08680395036935806
3660,0.0395321324467659
3661,0.0395321324467659
3662,0.006943907123059034
3663,0.0395321324467659
3664,0.0395321324467659
3665,0.0395321324467659
3666,0.0395321324467659
3667,0.022519178688526154
3668,0.06628251820802689
3669,0.03152019530534744
3670,0.398877888917923
3671,0.02577323652803898
3672,0.042145948857069016
3673,0.035312168300151825
3674,0.025469575077295303
3675,0.03808188810944557
3676,0.030078573152422905
3677,0.02236732468008995
3678,0.015441399067640305
3679,0.02339755930006504
3680,0.00683591328561306
3681,0.023576445877552032
3682,0.03443821519613266
3683,0.03914903104305267
3684,0.026823142543435097
3685,0.05783044546842575
3686,0.03542253375053406
3687,0.025069894269108772
3688,0.015496961772441864
3689,0.015496961772441864
3690,0.014359122142195702
3691,0.015496961772441864
3692,0.015496961772441864
3693,0.015496961772441864
3694,0.014359122142195702
3695,0.015496961772441864
3696,0.01437598466873169
3697,0.01437598466873169
3698,0.014359122142195702
3699,0.03423788398504257
3700,0.06862102448940277
3701,0.026652371510863304
3702,0.0034409414511173964
3703,0.052504461258649826
3704,0.08018486201763153
3705,0.02329939976334572
3706,0.07935047894716263
3707,0.04348045960068703
3708,0.022985363379120827
3709,0.5101597905158997
3710,0.03276330232620239
3711,0.025832070037722588
3712,0.02010999619960785
3713,0.030396221205592155
3714,0.028617355972528458
3715,0.7207221388816833
3716,0.028065182268619537
3717,0.02210421673953533
3718,0.004113752394914627
3719,0.010285631753504276
3720,0.00515781482681632
3721,0.0041642943397164345
3722,0.028493298217654228
3723,0.6207329034805298
3724,0.03234270587563515
3725,0.02089116908609867
3726,0.04350903257727623
3727,0.026830468326807022
3728,0.015128014609217644
3729,0.10925763845443726
3730,0.011632033623754978
3731,0.10925763845443726
3732,0.010644914582371712
3733,0.03048248030245304
3734,0.02763834409415722
3735,0.0637064054608345
3736,0.04309903457760811
3737,0.01164133008569479
3738,0.06367171555757523
3739,0.019683433696627617
3740,0.0077110109850764275
3741,0.024450184777379036
3742,0.01579885743558407
3743,0.01164133008569479
3744,0.04799649119377136
3745,0.017571112141013145
3746,0.019732341170310974
3747,0.010419528000056744
3748,0.01270483061671257
3749,0.018274974077939987
3750,0.07048511505126953
3751,0.02217791974544525
3752,0.027048544958233833
3753,0.021247897297143936
3754,0.021247897297143936
3755,0.03837618976831436
3756,0.010541294701397419
3757,0.0170866958796978
3758,0.02639983594417572
3759,0.02908966690301895
3760,0.05174287408590317
3761,0.022215716540813446
3762,0.015270533040165901
3763,0.009644422680139542
3764,0.019912777468562126
3765,0.02790607325732708
3766,0.004369216039776802
3767,0.07415328174829483
3768,0.04123030975461006
3769,0.00959309283643961
3770,0.00699567561969161
3771,0.02076953463256359
3772,0.013732978142797947
3773,0.02121029421687126
3774,0.01716667227447033
3775,0.02447921223938465
3776,0.0038469727151095867
3777,0.16065624356269836
3778,0.07127948105335236
3779,0.020028335973620415
3780,0.039331890642642975
3781,0.13143403828144073
3782,0.020250704139471054
3783,0.019201351329684258
3784,0.015906240791082382
3785,0.007704285439103842
3786,0.007704285439103842
3787,0.003936124965548515
3788,0.012635004706680775
3789,0.010465131141245365
3790,0.014997079037129879
3791,0.01078744325786829
3792,0.016140814870595932
3793,0.013648191466927528
3794,0.0105433976277709
3795,0.007093777880072594
3796,0.01289192121475935
3797,0.013648191466927528
3798,0.010035698302090168
3799,0.01036593597382307
3800,0.013648191466927528
3801,0.013664796017110348
3802,0.013648191466927528
3803,0.02285132370889187
3804,0.021197715774178505
3805,0.010580028407275677
3806,0.014485019259154797
3807,0.012286636047065258
3808,0.6840440034866333
3809,0.08345875144004822
3810,0.012630181387066841
3811,0.01833334192633629
3812,0.016179058700799942
3813,0.0060183340683579445
3814,0.00728257279843092
3815,0.012393924407660961
3816,0.02224496379494667
3817,0.014885575510561466
3818,0.07660964876413345
3819,0.011625013314187527
3820,0.120173379778862
3821,0.03072923794388771
3822,0.016535427421331406
3823,0.014283847995102406
3824,0.02757275104522705
3825,0.00945205893367529
3826,0.005579652730375528
3827,0.005579652730375528
3828,0.005579652730375528
3829,0.008069595322012901
3830,0.021871186792850494
3831,0.005746755283325911
3832,0.020428668707609177
3833,0.002299813786521554
3834,0.323691725730896
3835,0.7256456613540649
3836,0.022307053208351135
3837,0.006224666256457567
3838,0.009597927331924438
3839,0.006258966866880655
3840,0.02995244599878788
3841,0.023236706852912903
3842,0.08070879429578781
3843,0.024889733642339706
3844,0.0060183340683579445
3845,0.03915925696492195
3846,0.0060183340683579445
3847,0.03915925696492195
3848,0.009101351723074913
3849,0.010568968020379543
3850,0.023910993710160255
3851,0.005160641390830278
3852,0.006214400753378868
3853,0.05594584718346596
3854,0.0072847106494009495
3855,0.009597927331924438
3856,0.009460804052650928
3857,0.00973083358258009
3858,0.019376065582036972
3859,0.019253242760896683
3860,0.009460804052650928
3861,0.0060183340683579445
3862,0.009460804052650928
3863,0.02101922035217285
3864,0.020423520356416702
3865,0.012304042465984821
3866,0.005231027025729418
3867,0.2789000868797302
3868,0.04806022718548775
3869,0.685628354549408
3870,0.006530269049108028
3871,0.02304103411734104
3872,0.04177460819482803
3873,0.04408419132232666
3874,0.028374772518873215
3875,0.013039205223321915
3876,0.01654447801411152
3877,0.6498507261276245
3878,0.015756171196699142
3879,0.01067328080534935
3880,0.015139677561819553
3881,0.029077600687742233
3882,0.5686063170433044
3883,0.15914952754974365
3884,0.017887616530060768
3885,0.01264137215912342
3886,0.08019795268774033
3887,0.1597079038619995
3888,0.0060105775482952595
3889,0.027624353766441345
3890,0.043733861297369
3891,0.02730945497751236
3892,0.007704274263232946
3893,0.0067133293487131596
3894,0.06296658515930176
3895,0.6898170113563538
3896,0.019688643515110016
3897,0.7259617447853088
3898,0.7259617447853088
3899,0.030715910717844963
3900,0.0035624192096292973
3901,0.044795162975788116
3902,0.005508038215339184
3903,0.00973963551223278
3904,0.008666763082146645
3905,0.005663424730300903
3906,0.017690641805529594
3907,0.018805719912052155
3908,0.01667412370443344
3909,0.5330575108528137
3910,0.038784511387348175
3911,0.062252841889858246
3912,0.012593662366271019
3913,0.020385364070534706
3914,0.020718706771731377
3915,0.0541224479675293
3916,0.019077317789196968
3917,0.033217497169971466
3918,0.1720300167798996
3919,0.042749036103487015
3920,0.01471815537661314
3921,0.01368800364434719
3922,0.009981214068830013
3923,0.005482055712491274
3924,0.02221928909420967
3925,0.7981815934181213
3926,0.1712767630815506
3927,0.03247841075062752
3928,0.027948010712862015
3929,0.037754155695438385
3930,0.01940758340060711
3931,0.7208278775215149
3932,0.7037076354026794
3933,0.031949758529663086
3934,0.01832413487136364
3935,0.07334921509027481
3936,0.03820689395070076
3937,0.022897498682141304
3938,0.04954791069030762
3939,0.021135173738002777
3940,0.01749197021126747
3941,0.012604559771716595
3942,0.024730104953050613
3943,0.005890158470720053
3944,0.01936936378479004
3945,0.040449805557727814
3946,0.03160789608955383
3947,0.0752657800912857
3948,0.10806626081466675
3949,0.018367724493145943
3950,0.041222941130399704
3951,0.02154654450714588
3952,0.0068358187563717365
3953,0.023401161655783653
3954,0.027922937646508217
3955,0.2095402032136917
3956,0.025616122409701347
3957,0.026093151420354843
3958,0.013578029349446297
3959,0.008856186643242836
3960,0.009951201267540455
3961,0.010293751023709774
3962,0.010235710069537163
3963,0.010247837752103806
3964,0.016867388039827347
3965,0.015007014386355877
3966,0.026453092694282532
3967,0.011983181349933147
3968,0.017185114324092865
3969,0.014485101215541363
3970,0.053522929549217224
3971,0.04049979895353317
3972,0.12339641898870468
3973,0.026033900678157806
3974,0.029901234433054924
3975,0.34625479578971863
3976,0.05562211945652962
3977,0.0625075176358223
3978,0.12061291188001633
3979,0.019363276660442352
3980,0.05534406006336212
3981,0.036770910024642944
3982,0.013172389939427376
3983,0.019688701257109642
3984,0.021315233781933784
3985,0.013537540100514889
3986,0.7575706839561462
3987,0.2350034862756729
3988,0.054319847375154495
3989,0.02705206535756588
3990,0.011770108714699745
3991,0.011770108714699745
3992,0.0907355323433876
3993,0.6762022376060486
3994,0.022464055567979813
3995,0.02464328147470951
3996,0.011387140490114689
3997,0.031126072630286217
3998,0.005986532662063837
3999,0.00904802791774273
4000,0.022248364984989166
4001,0.009274369105696678
4002,0.018469149246811867
4003,0.015626227483153343
4004,0.010301744565367699
4005,0.011920059099793434
4006,0.02023543417453766
4007,0.013943012803792953
4008,0.056430187076330185
4009,0.029805336147546768
4010,0.016593940556049347
4011,0.02040914073586464
4012,0.0314984954893589
4013,0.0336783304810524
4014,0.01656108908355236
4015,0.02676272951066494
4016,0.0194209236651659
4017,0.020286209881305695
4018,0.032349586486816406
4019,0.05232357233762741
4020,0.0302536990493536
4021,0.07181524485349655
4022,0.1514798104763031
4023,0.034227896481752396
4024,0.031570885330438614
4025,0.016890034079551697
4026,0.6773167252540588
4027,0.026343099772930145
4028,0.06518258899450302
4029,0.02540760114789009
4030,0.0184711292386055
4031,0.051131702959537506
4032,0.04967445507645607
4033,0.7205047011375427
4034,0.04994163289666176
4035,0.016865909099578857
4036,0.08003789186477661
4037,0.05103466287255287
4038,0.027315348386764526
4039,0.03663673624396324
4040,0.039520908147096634
4041,0.025260375812649727
4042,0.03615250438451767
4043,0.07101859897375107
4044,0.022652097046375275
4045,0.026606706902384758
4046,0.05821119621396065
4047,0.04936359077692032
4048,0.024960624054074287
4049,0.015347481705248356
4050,0.02444651909172535
4051,0.17767572402954102
4052,0.05415952578186989
4053,0.0504511296749115
4054,0.027705276384949684
4055,0.023593883961439133
4056,0.012723930180072784
4057,0.01933586597442627
4058,0.06176558881998062
4059,0.6788118481636047
4060,0.010158749297261238
4061,0.0790012776851654
4062,0.06710190325975418
4063,0.05882994458079338
4064,0.028386350721120834
4065,0.017059559002518654
4066,0.01727929897606373
4067,0.01394507847726345
4068,0.7570589184761047
4069,0.036424316465854645
4070,0.028880642727017403
4071,0.02464911714196205
4072,0.054629746824502945
4073,0.2981780171394348
4074,0.08072736114263535
4075,0.013538783416152
4076,0.45407718420028687
4077,0.0291721411049366
4078,0.014326097443699837
4079,0.018863575533032417
4080,0.019044172018766403
4081,0.7288905382156372
4082,0.019575392827391624
4083,0.027127685025334358
4084,0.04815253987908363
4085,0.017368445172905922
4086,0.022764841094613075
4087,0.16167938709259033
4088,0.02413029782474041
4089,0.020614879205822945
4090,0.05501692742109299
4091,0.07049597054719925
4092,0.12648068368434906
4093,0.019091710448265076
4094,0.288145512342453
4095,0.01927999034523964
4096,0.0709274634718895
4097,0.0331876203417778
4098,0.006224315147846937
4099,0.03169391676783562
4100,0.1977071911096573
4101,0.04107389971613884
4102,0.05297119915485382
4103,0.37430715560913086
4104,0.024083934724330902
4105,0.06563673168420792
4106,0.05296960845589638
4107,0.023318011313676834
4108,0.26903027296066284
4109,0.6234959363937378
4110,0.017936276271939278
4111,0.673244297504425
4112,0.04425499588251114
4113,0.03872307762503624
4114,0.06255023926496506
4115,0.03256870433688164
4116,0.061077509075403214
4117,0.05330078303813934
4118,0.0036082251463085413
4119,0.725784957408905
4120,0.655580461025238
4121,0.06301908940076828
4122,0.019365539774298668
4123,0.047103773802518845
4124,0.031003544107079506
4125,0.015814635902643204
4126,0.014179423451423645
4127,0.004661899991333485
4128,0.001513742608949542
4129,0.0024824906140565872
4130,0.11258550733327866
4131,0.012268547900021076
4132,0.041403405368328094
4133,0.07298283278942108
4134,0.03625016286969185
4135,0.0605887733399868
4136,0.04256215691566467
4137,0.7515143156051636
4138,0.09215286374092102
4139,0.11345379054546356
4140,0.1364331841468811
4141,0.03088906779885292
4142,0.01545163057744503
4143,0.025047937408089638
4144,0.024696309119462967
4145,0.03255655616521835
4146,0.05741842836141586
4147,0.01610027626156807
4148,0.006561199203133583
4149,0.6485143303871155
4150,0.08745962381362915
4151,0.043681446462869644
4152,0.007233800832182169
4153,0.05598211660981178
4154,0.04489634186029434
4155,0.05990564078092575
4156,0.39468836784362793
4157,0.02193579450249672
4158,0.012848619371652603
4159,0.01735798269510269
4160,0.006844597868621349
4161,0.06522423774003983
4162,0.01771131157875061
4163,0.020248418673872948
4164,0.029318947345018387
4165,0.020248418673872948
4166,0.09203168749809265
4167,0.06989879906177521
4168,0.7181116938591003
4169,0.24014577269554138
4170,0.041086044162511826
4171,0.13354738056659698
4172,0.013849672861397266
4173,0.0559411458671093
4174,0.008641693741083145
4175,0.05775316059589386
4176,0.03301847353577614
4177,0.7464302778244019
4178,0.2169523984193802
4179,0.7117897272109985
4180,0.004280382301658392
4181,0.014491051435470581
4182,0.019625186920166016
4183,0.04956222325563431
4184,0.03690430521965027
4185,0.07604781538248062
4186,0.015530732460319996
4187,0.044213347136974335
4188,0.019629180431365967
4189,0.06549585610628128
4190,0.07298227399587631
4191,0.07529052346944809
4192,0.021731644868850708
4193,0.049038104712963104
4194,0.08038663119077682
4195,0.19314441084861755
4196,0.02659568190574646
4197,0.06796692311763763
4198,0.3706147074699402
4199,0.017362521961331367
4200,0.022185685113072395
4201,0.017324918881058693
4202,0.03849224001169205
4203,0.018292978405952454
4204,0.030726943165063858
4205,0.05516229197382927
4206,0.0568973571062088
4207,0.07027128338813782
4208,0.699013888835907
4209,0.07198038697242737
4210,0.017196329310536385
4211,0.02596239186823368
4212,0.7008863091468811
4213,0.7079636454582214
4214,0.05411785840988159
4215,0.05362601578235626
4216,0.05960465222597122
4217,0.015808550640940666
4218,0.04515765979886055
4219,0.456562876701355
4220,0.027658244594931602
4221,0.020331313833594322
4222,0.05628430098295212
4223,0.13846144080162048
4224,0.05243058130145073
4225,0.02131526544690132
4226,0.01700485870242119
4227,0.006390352267771959
4228,0.028691813349723816
4229,0.05399583280086517
4230,0.058312367647886276
4231,0.058312367647886276
4232,0.052191078662872314
4233,0.019557947292923927
4234,0.011982745490968227
4235,0.039897508919239044
4236,0.016008658334612846
4237,0.01687387190759182
4238,0.014196403324604034
4239,0.04701825976371765
4240,0.21563805639743805
4241,0.5104940533638
4242,0.015824057161808014
4243,0.030041271820664406
4244,0.0657912865281105
4245,0.053635239601135254
4246,0.029261644929647446
4247,0.0623200461268425
4248,0.72183990478515625
4249,0.02611740678548813
4250,0.10112684965133667
4251,0.06246600300073624
4252,0.015412804670631886
4253,0.013791446574032307
4254,0.02124275639653206
4255,0.12755359709262848
4256,0.15679822862148285
4257,0.03208257630467415
4258,0.1800231784582138
4259,0.0239219069480896
4260,0.02279188297688961
4261,0.08443882316350937
4262,0.6501341462135315
4263,0.03207311034202576
4264,0.0190744511783123
4265,0.07978103309869766
4266,0.07334817200899124
4267,0.034436505287885666
4268,0.06986566632986069
4269,0.020041760057210922
4270,0.018100814893841743
4271,0.030253054574131966
4272,0.01880751922726631
4273,0.01435232162475586
4274,0.029362307861447334
4275,0.15867814421653748
4276,0.028410756960511208
4277,0.19742082059383392
4278,0.13336390256881714
4279,0.02025161124765873
4280,0.03730741888284683
4281,0.07260750979185104
4282,0.10560737550258636
4283,0.10055358707904816
4284,0.015190348029136658
4285,0.02127605490386486
4286,0.052882131189107895
4287,0.2448773831129074
4288,0.06227367743849754
4289,0.02901993691921234
4290,0.02768634259700775
4291,0.7869272828102112
4292,0.07584865391254425
4293,0.014280309900641441
4294,0.05921448394656181
4295,0.03737513720989227
4296,0.7679893374443054
4297,0.01758454367518425
4298,0.07777556031942368
4299,0.06603115797042847
4300,0.08016873896121979
4301,0.07049556076526642
4302,0.1380898803472519
4303,0.006472085136920214
4304,0.4460020959377289
4305,0.03271764889359474
4306,0.8112128973007202
4307,0.07016554474830627
4308,0.028680015355348587
4309,0.07474099844694138
4310,0.045058540999889374
4311,0.8166759610176086
4312,0.6619828939437866
4313,0.02097560279071331
4314,0.020585278049111366
4315,0.021530045196413994
4316,0.015351951122283936
4317,0.023025939241051674
4318,0.02243475802242756
4319,0.005880123469978571
4320,0.008013089187443256
4321,0.0024220843333750963
4322,0.1821267455816269
4323,0.769105851650238
4324,0.06429874897003174
4325,0.06937314569950104
4326,0.028003808110952377
4327,0.02809109538793564
4328,0.07427007704973221
4329,0.05969224125146866
4330,0.026596063748002052
4331,0.02102755755186081
4332,0.1274486482143402
4333,0.05376429110765457
4334,0.027101347222924232
4335,0.05365893617272377
4336,0.031192846596240997
4337,0.0278922226279974
4338,0.053691476583480835
4339,0.043366845697164536
4340,0.141555055975914
4341,0.028611207380890846
4342,0.02406233176589012
4343,0.07894252240657806
4344,0.043610937893390656
4345,0.026763522997498512
4346,0.47102051973342896
4347,0.2745097577571869
4348,0.26981011033058167
4349,0.032194629311561584
4350,0.024207646027207375
4351,0.07151077687740326
4352,0.2664177417755127
4353,0.030913453549146652
4354,0.16412967443466187
4355,0.06542512774467468
4356,0.051115114241838455
4357,0.8487544655799866
4358,0.7338145971298218
4359,0.05388396978378296
4360,0.02981765940785408
4361,0.05740424990653992
4362,0.7577091455459595
4363,0.064689502120018
4364,0.8106128573417664
4365,0.8190397024154663
4366,0.052511971443891525
4367,0.052511971443891525
4368,0.039107780903577805
4369,0.04012294113636017
4370,0.07605225592851639
4371,0.0630105510354042
4372,0.04216904938220978
4373,0.09448011219501495
4374,0.13252803683280945
4375,0.05876988172531128
4376,0.030646376311779022
4377,0.04667554050683975
4378,0.07346165925264359
4379,0.2539271414279938
4380,0.08653593808412552
4381,0.06662335991859436
4382,0.11279335618019104
4383,0.21704773604869843
4384,0.07621828466653824
4385,0.07941494137048721
4386,0.06890740990638733
4387,0.0598781481385231
4388,0.07891011983156204
4389,0.08101820200681686
4390,0.07414881885051727
4391,0.06003190204501152
4392,0.07837189733982086
4393,0.07570949196815491
4394,0.7142457365989685
4395,0.039585765451192856
4396,0.04921167343854904
4397,0.03540017083287239
4398,0.06592550873756409
4399,0.059962838888168335
4400,0.42203959822654724
4401,0.028590206056833267
4402,0.3718952238559723
4403,0.8196041584014893
4404,0.10112830251455307
4405,0.05734993889927864
4406,0.05150556564331055
4407,0.0706833079457283
4408,0.05762113258242607
4409,0.06688046455383301
4410,0.05283822491765022
4411,0.05305420607328415
4412,0.030320458114147186
4413,0.11576911062002182
4414,0.03989250957965851
4415,0.04519965499639511
4416,0.23675833642482758
4417,0.057126011699438095
4418,0.07975399494171143
4419,0.0732172504067421
4420,0.06121193990111351
4421,0.06173411384224892
4422,0.06173411384224892
4423,0.019568076357245445
4424,0.7733508944511414
4425,0.3021993935108185
4426,0.05957143381237984
4427,0.06776061654090881
4428,0.06882801651954651
4429,0.07214126735925674
4430,0.08090324699878693
4431,0.02276614122092724
4432,0.05596208944916725
4433,0.1326269656419754
4434,0.04253027215600014
4435,0.08093578368425369
4436,0.076560378074646
4437,0.02468918077647686
4438,0.02468918077647686
4439,0.024611404165625572
4440,0.063469298183918
4441,0.3906463384628296
4442,0.39404770731925964
4443,0.03274700790643692
4444,0.045302823185920715
4445,0.07435553520917892
4446,0.04900423809885979
4447,0.07597360014915466
4448,0.07561524957418442
4449,0.7317640781402588
4450,0.04698334261775017
4451,0.13456422090530396
4452,0.06918001919984818
4453,0.27149006724357605
4454,0.5654174089431763
4455,0.1304723471403122
4456,0.7804349660873413
4457,0.07016130536794662
4458,0.15876705944538116
4459,0.7087640166282654
4460,0.2812829911708832
4461,0.21348895132541656
4462,0.07843126356601715
4463,0.08165660500526428
4464,0.056549496948719025
4465,0.2945152819156647
4466,0.2128707319498062
4467,0.038578640669584274
4468,0.07677627354860306
4469,0.060343753546476364
4470,0.0806162878870964
4471,0.20183436572551727
4472,0.05923733860254288
4473,0.80174720287323
4474,0.07131772488355637
4475,0.06083574891090393
4476,0.07972832769155502
4477,0.04485045000910759
4478,0.055752232670784
4479,0.0422913059592247
4480,0.09643156081438065
4481,0.04555090516805649
4482,0.06561168283224106
4483,0.011923575773835182
4484,0.069435715675354
4485,0.08002636581659317
4486,0.7804917097091675
4487,0.14950215816497803
4488,0.8198879361152649
4489,0.07350978255271912
4490,0.04920333996415138
4491,0.04823722317814827
4492,0.03752930089831352
4493,0.056754447519779205
4494,0.03988446667790413
4495,0.23967324197292328
4496,0.019218776375055313
4497,0.821150541305542
4498,0.3387450575828552
4499,0.08269207924604416
4500,0.04621795937418938
4501,0.22381171584129333
4502,0.22876116633415222
4503,0.18200980126857758
4504,0.774020254611969
4505,0.06881038099527359
4506,0.07617608457803726
4507,0.06639385968446732
4508,0.023889120668172836
4509,0.8183244466781616
4510,0.36658960580825806
4511,0.048652343451976776
4512,0.06444432586431503
4513,0.04528627172112465
4514,0.05121888592839241
4515,0.09989209473133087
4516,0.07319881021976471
4517,0.08409356325864792
4518,0.17709381878376007
4519,0.060001473873853683
4520,0.5052629709243774
4521,0.05216088518500328
4522,0.28351789712905884
4523,0.05639594420790672
4524,0.7819885015487671
4525,0.04451875016093254
4526,0.5163335204124451
4527,0.07827988266944885
4528,0.06725231558084488
4529,0.07360460609197617
4530,0.5275487303733826
4531,0.7240636944770813
4532,0.35455572605133057
4533,0.06886518746614456
4534,0.11116603016853333
4535,0.3508225679397583
4536,0.1124865934252739
4537,0.06283583492040634
4538,0.23965591192245483
4539,0.07370274513959885
4540,0.07159756869077682
4541,0.06801982969045639
4542,0.073875293135643
4543,0.06534960865974426
4544,0.786945104598999
4545,0.06407143920660019
4546,0.06616207957267761
4547,0.53998202085495
4548,0.455668181180954
4549,0.8530394434928894
4550,0.2944590747356415
4551,0.09143194556236267
4552,0.11194994300603867
4553,0.07693920284509659
4554,0.11929771304130554
4555,0.03737831860780716
4556,0.7552438378334045
4557,0.7252960801124573
4558,0.13393405079841614
4559,0.06254170835018158
4560,0.053347375243902206
4561,0.1070277988910675
4562,0.04592330753803253
4563,0.4863152503967285
4564,0.11013560742139816
4565,0.08139219135046005
4566,0.297590047121048
4567,0.12445356696844101
4568,0.07167545706033707
4569,0.09791626036167145
4570,0.04367038607597351
4571,0.17866826057434082
4572,0.49803397059440613
4573,0.06736833602190018
4574,0.3901725709438324
4575,0.22213178873062134
4576,0.8419762849807739
4577,0.8018718361854553
4578,0.07652095705270767
4579,0.07165366411209106
4580,0.06262631714344025
4581,0.015170429833233356
4582,0.4431576132774353
4583,0.07841808348894119
4584,0.3413732647895813
4585,0.06688405573368073
4586,0.04744229093194008
4587,0.08101212233304977
4588,0.06846662610769272
4589,0.07499145716428757
4590,0.36815696954727173
4591,0.09598307311534882
4592,0.7845845818519592
4593,0.7681525945663452
4594,0.07684153318405151
4595,0.09495258331298828
4596,0.08283144235610962
4597,0.06171266362071037
4598,0.06625930964946747
4599,0.027528489008545876
4600,0.07277433574199677
4601,0.030060820281505585
4602,0.05894635617733002
4603,0.783430814743042
4604,0.03960369899868965
4605,0.07878229767084122
4606,0.32216840982437134
4607,0.05276081711053848
4608,0.06075054779648781
4609,0.0753277838230133
4610,0.24728119373321533
4611,0.0671166330575943
4612,0.0934535562992096
4613,0.15780974924564362
4614,0.11420649290084839
4615,0.07372207194566727
4616,0.31525057554244995
4617,0.057265058159828186
4618,0.7878580093383789
4619,0.8493667244911194
4620,0.07302046567201614
4621,0.578369677066803
4622,0.04396961256861687
4623,0.4355807602405548
4624,0.1290319710969925
4625,0.10486160218715668
4626,0.5394181609153748
4627,0.05405342951416969
4628,0.070795938372612
4629,0.034128330647945404
4630,0.11383593827486038
4631,0.15696300566196442
4632,0.12559634447097778
4633,0.051146943122148514
4634,0.0757826492190361
4635,0.07083740085363388
4636,0.06563343107700348
4637,0.11096590012311935
4638,0.07262392342090607
4639,0.07612895965576172
4640,0.1044301688671112
4641,0.056840237230062485
4642,0.08690732717514038
4643,0.8164659142494202
4644,0.07648749649524689
4645,0.07714308798313141
4646,0.10763262212276459
4647,0.07456574589014053
4648,0.7854355573654175
4649,0.15506835281848907
4650,0.0785764828324318
4651,0.7770160436630249
4652,0.07120665162801743
4653,0.01622975617647171
4654,0.8163599967956543
4655,0.3158000409603119
4656,0.06313733756542206
4657,0.1880972981452942
4658,0.07170534878969193
4659,0.03161894157528877
4660,0.02507893182337284
4661,0.7519458532333374
4662,0.0770358070731163
4663,0.03161894157528877
4664,0.07196708768606186
4665,0.2511400282382965
4666,0.171078160405159
4667,0.07556106150150299
4668,0.05719891935586929
4669,0.7053365111351013
4670,0.3530159890651703
4671,0.0724613219499588
4672,0.08182575553655624
4673,0.034244026988744736
4674,0.28186067938804626
4675,0.06851425766944885
4676,0.14406733214855194
4677,0.06893409043550491
4678,0.13969454169273376
4679,0.19949419796466827
4680,0.1712767779827118
4681,0.10421408712863922
4682,0.07693247497081757
4683,0.16172392666339874
4684,0.048343218863010406
4685,0.06387750059366226
4686,0.06791835278272629
4687,0.03389536216855049
4688,0.7604156732559204
4689,0.060323186218738556
4690,0.08816265314817429
4691,0.0695856437087059
4692,0.043524324893951416
4693,0.0693424716591835
4694,0.0859784185886383
4695,0.035328831523656845
4696,0.10891549289226532
4697,0.743733286857605
4698,0.07749512046575546
4699,0.028912797570228577
4700,0.08182597160339355
4701,0.16826172173023224
4702,0.06666354835033417
4703,0.2978164255619049
4704,0.1442965716123581
4705,0.7477709650993347
4706,0.06199182942509651
4707,0.06884626299142838
4708,0.749985933303833
4709,0.6559852957725525
4710,0.6388499736785889
4711,0.748002290725708
4712,0.07481984794139862
4713,0.06674796342849731
4714,0.08122774958610535
4715,0.8031846284866333
4716,0.060180872678756714
4717,0.7740210890769958
4718,0.832001805305481
4719,0.07598065584897995
4720,0.05455094203352928
4721,0.06860212236642838
4722,0.08066897839307785
4723,0.7640215158462524
4724,0.06192317232489586
4725,0.054091598838567734
4726,0.27231287956237793
4727,0.10502976924180984
4728,0.07050611078739166
4729,0.14205268025398254
4730,0.0685538575053215
4731,0.14463993906974792
4732,0.16460290551185608
4733,0.16666488349437714
4734,0.02969883754849434
4735,0.045277293771505356
4736,0.043922606855630875
4737,0.21254298090934753
4738,0.3430803418159485
4739,0.14940102398395538
4740,0.6257129311561584
4741,0.6257129311561584
4742,0.03343770653009415
4743,0.02754485420882702
4744,0.26823922991752625
4745,0.08240413665771484
4746,0.04834293946623802
4747,0.1667771339416504
4748,0.11346419155597687
4749,0.14466187357902527
4750,0.4130169749259949
4751,0.057410743087530136
4752,0.3247051239013672
4753,0.061515673995018005
4754,0.024607880041003227
4755,0.8295591473579407
4756,0.08137375861406326
4757,0.235317200422287
4758,0.046581488102674484
4759,0.08322184532880783
4760,0.025823144242167473
4761,0.793459951877594
4762,0.7836266160011292
4763,0.015493957325816154
4764,0.059647951275110245
4765,0.05868292227387428
4766,0.795073926448822
4767,0.05651213601231575
4768,0.04663654789328575
4769,0.6340917944908142
4770,0.7984743118286133
4771,0.05967645347118378
4772,0.5296328067779541
4773,0.034507349133491516
4774,0.11814994364976883
4775,0.12466444075107574
4776,0.40291905403137207
4777,0.09060380607843399
4778,0.15121333301067352
4779,0.03626197576522827
4780,0.01700163073837757
4781,0.8592864871025085
4782,0.1441483497619629
4783,0.8307380080223083
4784,0.14765508472919464
4785,0.18964418768882751
4786,0.7517830729484558
4787,0.02974024787545204
4788,0.0824039950966835
4789,0.06604059040546417
4790,0.08116699755191803
4791,0.062381401658058167
4792,0.024829188361763954
4793,0.13063596189022064
4794,0.07279112935066223
4795,0.06599023938179016
4796,0.06508425623178482
4797,0.7532841563224792
4798,0.057881101965904236
4799,0.0787128210067749
4800,0.34617435932159424
4801,0.13396380841732025
4802,0.05213182047009468
4803,0.14360596239566803
4804,0.07220670580863953
4805,0.09613601863384247
4806,0.456562876701355
4807,0.013730170205235481
4808,0.1118592619895935
4809,0.1349194347858429
4810,0.05224757269024849
4811,0.055490754544734955
4812,0.07186392694711685
4813,0.1968463957309723
4814,0.02699575200676918
4815,0.5675073266029358
4816,0.04009231925010681
4817,0.5960899591445923
4818,0.0822521448135376
4819,0.09012730419635773
4820,0.030051369220018387
4821,0.07808724790811539
4822,0.501702606678009
4823,0.05172160640358925
4824,0.3175467252731323
4825,0.025459876284003258
4826,0.02575824409723282
4827,0.042333077639341354
4828,0.05155932158231735
4829,0.11148486286401749
4830,0.042611271142959595
4831,0.06339442729949951
4832,0.08150198310613632
4833,0.060992300510406494
4834,0.6859343647956848
4835,0.012263885699212551
4836,0.015323527157306671
4837,0.15876847505569458
4838,0.4005971848964691
4839,0.06835456937551498
4840,0.04007019102573395
4841,0.5307766199111938
4842,0.08190345019102097
4843,0.07266369462013245
4844,0.06712263077497482
4845,0.026426156982779503
4846,0.06241810321807861
4847,0.016027912497520447
4848,0.07953371107578278
4849,0.7378235459327698
4850,0.014885763637721539
4851,0.011792059056460857
4852,0.021915603429079056
4853,0.006822051480412483
4854,0.012290051206946373
4855,0.0781223326921463
4856,0.02710970677435398
4857,0.012307260185480118
4858,0.07064129412174225
4859,0.04485088586807251
4860,0.04881175234913826
4861,0.057170990854501724
4862,0.6731871962547302
4863,0.009839733131229877
4864,0.043599098920822144
4865,0.14388509094715118
4866,0.011013539507985115
4867,0.037694837898015976
4868,0.0128035182133317
4869,0.08665908873081207
4870,0.7360808253288269
4871,0.046402595937252045
4872,0.043135859072208405
4873,0.054631344974040985
4874,0.05691841244697571
4875,0.026015015318989754
4876,0.007720184978097677
4877,0.007504821754992008
4878,0.007720184978097677
4879,0.7426547408103943
4880,0.03233727440237999
4881,0.028607536107301712
4882,0.07940049469470978
4883,0.06682844460010529
4884,0.03813118487596512
4885,0.7177978754043579
4886,0.03282329812645912
4887,0.058791935443878174
4888,0.037921860814094543
4889,0.025438448414206505
4890,0.7014344334602356
4891,0.0054701147601008415
4892,0.017726223915815353
4893,0.017239820212125778
4894,0.02858118526637554
4895,0.053498078137636185
4896,0.13183026015758514
4897,0.07686726003885269
4898,0.7149560451507568
4899,0.049950774759054184
4900,0.03240050747990608
4901,0.009844811633229256
4902,0.7253484129905701
4903,0.04310717061161995
4904,0.020499050617218018
4905,0.03307024762034416
4906,0.04356946051120758
4907,0.0027157566510140896
4908,0.00882080476731062
4909,0.010737857781350613
4910,0.02871067449450493
4911,0.01115795224905014
4912,0.02431933395564556
4913,0.07709904760122299
4914,0.013428961858153343
4915,0.012484313920140266
4916,0.04248186945915222
4917,0.1503387987613678
4918,0.06870097666978836
4919,0.0155417425557971
4920,0.10327432304620743
4921,0.0192563496530056
4922,0.13131456077098846
4923,0.0141524663195014
4924,0.007386120036244392
4925,0.03127111494541168
4926,0.030100330710411072
4927,0.016315782442688942
4928,0.7466621994972229
4929,0.03611673042178154
4930,0.01337457075715065
4931,0.005260114092379808
4932,0.012331093661487103
4933,0.016552554443478584
4934,0.04906609281897545
4935,0.006422483362257481
4936,0.02092401683330536
4937,0.008770544081926346
4938,0.017667977139353752
4939,0.0357540100812912
4940,0.006422483362257481
4941,0.03468393161892891
4942,0.012511810287833214
4943,0.018826162442564964
4944,0.017523320391774178
4945,0.003667085198685527
4946,0.02574910968542099
4947,0.006656673736870289
4948,0.6246290802955627
4949,0.0467214435338974
4950,0.04775608703494072
4951,0.01649850234389305
4952,0.077626071870327
4953,0.020707158371806145
4954,0.03682221844792366
4955,0.0052531021647155285
4956,0.04173954576253891
4957,0.0028686695732176304
4958,0.03205856680870056
4959,0.01504033338278532
4960,0.08709093183279037
4961,0.02243940159678459
4962,0.01504033338278532
4963,0.03861997649073601
4964,0.03491973876953125
4965,0.059254955500364304
4966,0.051750946789979935
4967,0.059275660663843155
4968,0.008400234393775463
4969,0.07164157927036285
4970,0.0352926068007946
4971,0.7707414031028748
4972,0.061109792441129684
4973,0.14904245734214783
4974,0.7131370306015015
4975,0.020875444635748863
4976,0.019861461594700813
4977,0.5404058694839478
4978,0.0609617754817009
4979,0.06849972903728485
4980,0.042444195598363876
4981,0.042444195598363876
4982,0.06287185847759247
4983,0.07849675416946411
4984,0.024818401783704758
4985,0.024299059063196182
4986,0.03231203928589821
4987,0.04463374614715576
4988,0.05081057921051979
4989,0.018749015405774117
4990,0.010076617822051048
4991,0.04792526364326477
4992,0.684169352054596
4993,0.014524094760417938
4994,0.021652115508913994
4995,0.04595651850104332
4996,0.0479637011885643
4997,0.030494514852762222
4998,0.062201905995607376
4999,0.056918587535619736
5000,0.02604317106306553
5001,0.07033061236143112
5002,0.026765331625938416
5003,0.06954020261764526
5004,0.015125172212719917
5005,0.030274417251348495
5006,0.02604317106306553
5007,0.018268324434757233
5008,0.016251955181360245
5009,0.026733649894595146
5010,0.01268328633159399
5011,0.008735498413443565
5012,0.030927248299121857
5013,0.03330526128411293
5014,0.035569533705711365
5015,0.01136043481528759
5016,0.005215492099523544
5017,0.02231757901608944
5018,0.008998711593449116
5019,0.7580177783966064
5020,0.044247835874557495
5021,0.00984414666891098
5022,0.01032327488064766
5023,0.01032327488064766
5024,0.03870232403278351
5025,0.05306894704699516
5026,0.035257481038570404
5027,0.061913296580314636
5028,0.02788570709526539
5029,0.01229088380932808
5030,0.028391433879733086
5031,0.023771153762936592
5032,0.08195039629936218
5033,0.10226736217737198
5034,0.031839050352573395
5035,0.021941814571619034
5036,0.020309878513216972
5037,0.02025061659514904
5038,0.009802186861634254
5039,0.007051912136375904
5040,0.03768916055560112
5041,0.15301547944545746
5042,0.7555771470069885
5043,0.002514552092179656
5044,0.0076655372977256775
5045,0.024500081315636635
5046,0.004806246142834425
5047,0.009023251011967659
5048,0.009533037431538105
5049,0.009533037431538105
5050,0.01066694874316454
5051,0.009713645093142986
5052,0.020332952961325645
5053,0.019210921600461006
5054,0.05611637979745865
5055,0.07103227823972702
5056,0.007815197110176086
5057,0.038508571684360504
5058,0.009234207682311535
5059,0.034441106021404266
5060,0.027837155386805534
5061,0.03788414224982262
5062,0.004831651691347361
5063,0.005494415294378996
5064,0.0448959581553936
5065,0.07013833522796631
5066,0.08186843246221542
5067,0.18524745106697083
5068,0.07012830674648285
5069,0.2607502341270447
5070,0.014698827639222145
5071,0.06359115242958069
5072,0.008761454373598099
5073,0.021763373166322708
5074,0.021763373166322708
5075,0.009293051436543465
5076,0.01606764644384384
5077,0.01419362798333168
5078,0.04443575441837311
5079,0.018848009407520294
5080,0.016022251918911934
5081,0.01419362798333168
5082,0.020506639033555984
5083,0.041152261197566986
5084,0.08143527060747147
5085,0.024305440485477448
5086,0.020218968391418457
5087,0.039753664284944534
5088,0.07200401276350021
5089,0.019576124846935272
5090,0.011096685193479061
5091,0.05039893835783005
5092,0.004791823215782642
5093,0.02127205953001976
5094,0.018508123233914375
5095,0.7423274517059326
5096,0.07252752035856247
5097,0.6970831155776978
5098,0.014982378110289574
5099,0.021258074790239334
5100,0.028877265751361847
5101,0.042775582522153854
5102,0.009171593934297562
5103,0.01632566563785076
5104,0.009171593934297562
5105,0.015018654987215996
5106,0.09619715064764023
5107,0.009411821141839027
5108,0.03556935861706734
5109,0.020070411264896393
5110,0.05710583180189133
5111,0.03705662861466408
5112,0.014092735946178436
5113,0.009171593934297562
5114,0.009171593934297562
5115,0.020070411264896393
5116,0.010301181115210056
5117,0.015992427244782448
5118,0.019402792677283287
5119,0.6711522936820984
5120,0.05492895096540451
5121,0.01645251177251339
5122,0.06740932166576385
5123,0.04866080731153488
5124,0.0027656001038849354
5125,0.011137672699987888
5126,0.06347348541021347
5127,0.032146766781806946
5128,0.024934682995080948
5129,0.011868342757225037
5130,0.035544052720069885
5131,0.01654360070824623
5132,0.030561920255422592
5133,0.010430846363306046
5134,0.011897675693035126
5135,0.04337456449866295
5136,0.01618126779794693
5137,0.010430846363306046
5138,0.03431648388504982
5139,0.01185619831085205
5140,0.012525479309260845
5141,0.009196504950523376
5142,0.02228478342294693
5143,0.031707148998975754
5144,0.037675682455301285
5145,0.008002037182450294
5146,0.11636731028556824
5147,0.03423915058374405
5148,0.03423915058374405
5149,0.030773578211665154
5150,0.011396468617022038
5151,0.024736369028687477
5152,0.018972953781485558
5153,0.011897675693035126
5154,0.07116927206516266
5155,0.018307022750377655
5156,0.036211952567100525
5157,0.011187279596924782
5158,0.03548465669155121
5159,0.048602182418107986
5160,0.04235025867819786
5161,0.04209647327661514
5162,0.049693990498781204
5163,0.01837000623345375
5164,0.28443464636802673
5165,0.03713563084602356
5166,0.03713563084602356
5167,0.04868357256054878
5168,0.015272986143827438
5169,0.02381070889532566
5170,0.06172069534659386
5171,0.05934302508831024
5172,0.06334800273180008
5173,0.018496470525860786
5174,0.03767741098999977
5175,0.048784300684928894
5176,0.08120781183242798
5177,0.035482317209243774
5178,0.34271013736724854
5179,0.016394564881920815
5180,0.004635076504200697
5181,0.04079871252179146
5182,0.020285017788410187
5183,0.011706440709531307
5184,0.009875290095806122
5185,0.03226691111922264
5186,0.023512665182352066
5187,0.0024173420388251543
5188,0.0023782888893038034
5189,0.013654381968080997
5190,0.019712883979082108
5191,0.04149135574698448
5192,0.035443130880594254
5193,0.02635256201028824
5194,0.025688854977488518
5195,0.040577203035354614
5196,0.025663921609520912
5197,0.02242233231663704
5198,0.15829890966415405
5199,0.028519965708255768
5200,6.670156144537032e-4
5201,5.813678144477308e-4
5202,0.002034697914496064
5203,0.06018494442105293
5204,0.04460321366786957
5205,0.008946215733885765
5206,0.008946215733885765
5207,0.019302019849419594
5208,0.004590086173266172
5209,0.01479494757950306
5210,0.01479494757950306
5211,0.01479494757950306
5212,0.0072863176465034485
5213,0.058684807270765305
5214,0.02066519856452942
5215,0.021047670394182205
5216,0.01213912758976221
5217,0.02832302264869213
5218,0.01213912758976221
5219,0.02016356959939003
5220,0.08215977996587753
5221,0.037507545202970505
5222,0.02239047922194004
5223,0.015225281938910484
5224,0.015225281938910484
5225,0.027427073568105698
5226,0.029731065034866333
5227,0.01806887984275818
5228,0.028955446556210518
5229,0.009216886945068836
5230,0.03821204975247383
5231,0.03821204975247383
5232,0.00818454846739769
5233,0.024504756554961205
5234,0.04145607724785805
5235,0.02527131699025631
5236,0.7614070773124695
5237,0.025539740920066833
5238,0.016368141397833824
5239,0.028342818841338158
5240,0.05558821186423302
5241,0.06147836893796921
5242,0.022436225786805153
5243,0.04970133677124977
5244,0.042732883244752884
5245,0.04466394707560539
5246,0.027530768886208534
5247,0.01430610753595829
5248,0.01643970049917698
5249,0.01698926091194153
5250,0.01698926091194153
5251,0.04282718896865845
5252,0.05238006263971329
5253,0.014306101016700268
5254,0.2895548343658447
5255,0.03896002471446991
5256,0.6155380606651306
5257,0.02403576858341694
5258,0.06071760132908821
5259,0.04446837306022644
5260,0.029892059043049812
5261,0.029892059043049812
5262,0.01393981371074915
5263,0.029892059043049812
5264,0.029892059043049812
5265,0.00872936099767685
5266,0.040851373225450516
5267,0.014689975418150425
5268,0.016566183418035507
5269,0.00872936099767685
5270,0.6909998655319214
5271,0.01771199144423008
5272,0.06349726021289825
5273,0.008309131488204002
5274,0.02520085498690605
5275,0.009501712396740913
5276,0.03966057300567627
5277,0.013355260714888573
5278,0.028252722695469856
5279,0.026582328602671623
5280,0.03435198962688446
5281,0.02228899672627449
5282,0.06452171504497528
5283,0.01457144133746624
5284,0.006720296107232571
5285,0.08873643726110458
5286,0.0859435647726059
5287,0.02434813790023327
5288,0.023625310510396957
5289,0.3975798785686493
5290,0.061356984078884125
5291,0.004574558697640896
5292,0.004668793175369501
5293,0.054006557911634445
5294,0.03554952144622803
5295,0.07149245589971542
5296,0.012812906876206398
5297,0.03400247544050217
5298,0.011412420310080051
5299,0.030998194590210915
5300,0.016839349642395973
5301,0.02142946980893612
5302,0.07672654092311859
5303,0.007471321616321802
5304,0.010054661892354488
5305,0.12000218033790588
5306,0.026716498658061028
5307,0.021116487681865692
5308,0.021116487681865692
5309,0.014786372892558575
5310,0.009619246236979961
5311,0.03567265346646309
5312,0.05391111969947815
5313,0.05679520219564438
5314,0.021889571100473404
5315,0.03308843448758125
5316,0.022490357980132103
5317,0.029756831005215645
5318,0.006039470434188843
5319,0.05783076956868172
5320,0.011133992113173008
5321,0.012540160678327084
5322,0.7068741917610168
5323,0.030945900827646255
5324,0.05605483427643776
5325,0.014375226572155952
5326,0.04170425236225128
5327,0.011999138630926609
5328,0.040334511548280716
5329,0.06457563489675522
5330,0.03745077922940254
5331,0.0311267226934433
5332,0.029947098344564438
5333,0.03546452522277832
5334,0.04774211347103119
5335,0.023225747048854828
5336,0.02359367161989212
5337,0.021924825385212898
5338,0.7476997971534729
5339,0.2750632166862488
5340,0.147237166762352
5341,0.027655713260173798
5342,0.027655713260173798
5343,0.06116481125354767
5344,0.02277323789894581
5345,0.048400260508060455
5346,0.01789717748761177
5347,0.06355113536119461
5348,0.04504343867301941
5349,0.043488748371601105
5350,0.01666921377182007
5351,0.028556274250149727
5352,0.03378172963857651
5353,0.03239733353257179
5354,0.06319110095500946
5355,0.02059180662035942
5356,0.042203888297080994
5357,0.02630043961107731
5358,0.03847217932343483
5359,0.02620052359998226
5360,0.04324949532747269
5361,0.0497434101998806
5362,0.04977622255682945
5363,0.018508806824684143
5364,0.016405757516622543
5365,0.03185844421386719
5366,0.026911156252026558
5367,0.03908507898449898
5368,0.05946142598986626
5369,0.014794858172535896
5370,0.037765029817819595
5371,0.06355305761098862
5372,0.03383801877498627
5373,0.018501916900277138
5374,0.025556540116667747
5375,0.05255628377199173
5376,0.08326966315507889
5377,0.026130666956305504
5378,0.029827971011400223
5379,0.03227492421865463
5380,0.03497433289885521
5381,0.06322947889566422
5382,0.06196211278438568
5383,0.7812405824661255
5384,0.025980550795793533
5385,0.027733929455280304
5386,0.09435942769050598
5387,0.038814328610897064
5388,0.16314607858657837
5389,0.05155806988477707
5390,0.020441442728042603
5391,0.038018859922885895
5392,0.03269697353243828
5393,0.4319820702075958
5394,0.704164445400238
5395,0.025186702609062195
5396,0.19537265598773956
5397,0.02950616553425789
5398,0.15810756385326385
5399,0.054056208580732346
5400,0.07618895918130875
5401,0.021505506709218025
5402,0.027321549132466316
5403,0.0634271502494812
5404,0.027653750032186508
5405,0.03181685134768486
5406,0.01917942427098751
5407,0.07057606428861618
5408,0.02786523848772049
5409,0.028391065075993538
5410,0.12110482156276703
5411,0.019927673041820526
5412,0.06889169663190842
5413,0.03530280664563179
5414,0.029100827872753143
5415,0.017982589080929756
5416,0.00730429170653224
5417,0.07586947828531265
5418,0.06923452019691467
5419,0.012073603458702564
5420,0.027878502383828163
5421,0.027878502383828163
5422,0.10554245114326477
5423,0.6806920170783997
5424,0.5947081446647644
5425,0.1892174482345581
5426,0.03851507604122162
5427,0.03851507604122162
5428,0.325225293636322
5429,0.03541520982980728
5430,0.703170120716095
5431,0.031427428126335144
5432,0.0536421574652195
5433,0.05192708969116211
5434,0.027664663270115852
5435,0.05192708969116211
5436,0.027763374149799347
5437,0.04288105294108391
5438,0.03581559658050537
5439,0.038645073771476746
5440,0.6586722731590271
5441,0.6552099585533142
5442,0.1322813332080841
5443,0.07562774419784546
5444,0.02102598175406456
5445,0.2633165419101715
5446,0.00960440281778574
5447,0.03313073515892029
5448,0.012301255017518997
5449,0.07588040083646774
5450,0.03259145841002464
5451,0.017888378351926804
5452,0.03101867064833641
5453,0.019131479784846306
5454,0.020677661523222923
5455,0.0563548244535923
5456,0.025294123217463493
5457,0.029240693897008896
5458,0.012265335768461227
5459,0.02009863406419754
5460,0.02041572704911232
5461,0.012443043291568756
5462,0.013071220368146896
5463,0.011414188891649246
5464,0.039728447794914246
5465,0.046658482402563095
5466,0.5478317737579346
5467,0.004693889990448952
5468,0.00987378042191267
5469,0.020511677488684654
5470,0.030391337350010872
5471,0.021058790385723114
5472,0.011719119735062122
5473,0.22036691009998322
5474,0.5737497210502625
5475,0.021755188703536987
5476,0.02232144959270954
5477,0.0526043139398098
5478,0.07745202630758286
5479,0.02567240037024021
5480,0.011782478541135788
5481,0.006253301631659269
5482,0.004689457360655069
5483,0.7341791987419128
5484,0.017108099535107613
5485,0.01881488785147667
5486,0.018552562221884727
5487,0.11246789991855621
5488,0.025976944714784622
5489,0.07214313000440598
5490,0.036902133375406265
5491,0.019528137519955635
5492,0.014524375088512897
5493,0.023516831919550896
5494,0.02075164020061493
5495,0.048149194568395615
5496,0.015473821200430393
5497,0.01892569474875927
5498,0.018455585464835167
5499,0.18456950783729553
5500,0.027314482256770134
5501,0.017977191135287285
5502,0.04949353262782097
5503,0.029480772092938423
5504,0.013162804767489433
5505,0.019614750519394875
5506,0.008195328526198864
5507,0.01266181468963623
5508,0.03785251826047897
5509,0.06912652403116226
5510,0.04973362758755684
5511,0.01857551746070385
5512,0.02152649313211441
5513,0.16511954367160797
5514,0.031459104269742966
5515,0.10890749096870422
5516,0.06412133574485779
5517,0.021437587216496468
5518,0.59714275598526
5519,0.027496958151459694
5520,0.19151335954666138
5521,0.011669485829770565
5522,0.026228809729218483
5523,0.017806624993681908
5524,0.02995084784924984
5525,0.024638120085000992
5526,0.018740789964795113
5527,0.05074704810976982
5528,0.03348356857895851
5529,0.02195635624229908
5530,0.02062135934829712
5531,0.05774232745170593
5532,0.015115820802748203
5533,0.693515956401825
5534,0.5918706059455872
5535,0.012274449691176414
5536,0.009840592741966248
5537,0.007609764579683542
5538,0.028526972979307175
5539,0.016995489597320557
5540,0.046760495752096176
5541,0.022802084684371948
5542,0.014512327499687672
5543,0.6708567142486572
5544,0.020681846886873245
5545,0.04541033133864403
5546,0.04022078961133957
5547,0.028075238689780235
5548,0.010080979205667973
5549,0.00496874051168561
5550,0.16182975471019745
5551,0.026016438379883766
5552,0.023846596479415894
5553,0.5466949939727783
5554,0.024302242323756218
5555,0.005103548523038626
5556,0.0182108785957098
5557,0.00974430050700903
5558,0.013752470724284649
5559,0.03998247906565666
5560,0.014442149549722672
5561,0.015760021284222603
5562,0.016833197325468063
5563,0.005103548523038626
5564,0.02646528370678425
5565,0.04613875970244408
5566,0.06444443017244339
5567,0.010080983862280846
5568,0.6932421922683716
5569,0.009864012710750103
5570,0.007891854271292686
5571,0.012761897407472134
5572,0.014347310177981853
5573,0.025394994765520096
5574,0.03719010949134827
5575,0.02982262708246708
5576,0.07126519083976746
5577,0.048584818840026855
5578,0.026618795469403267
5579,0.014762691222131252
5580,0.01435396820306778
5581,0.015830637887120247
5582,0.008338585495948792
5583,0.009412815794348717
5584,0.010912872850894928
5585,0.02699289098381996
5586,0.008239362388849258
5587,0.03841200843453407
5588,0.08532398194074631
5589,0.09575347602367401
5590,0.015605923719704151
5591,0.017896205186843872
5592,0.06825688481330872
5593,0.024262862280011177
5594,0.044504277408123016
5595,0.029318058863282204
5596,0.03523130342364311
5597,0.022118929773569107
5598,0.012377021834254265
5599,0.018987419083714485
5600,0.013005467131733894
5601,0.01679569110274315
5602,0.021808767691254616
5603,0.01649678312242031
5604,0.021358560770750046
5605,0.017310570925474167
5606,0.020102785900235176
5607,0.02956211380660534
5608,0.034238193184137344
5609,0.034078095108270645
5610,0.025531446561217308
5611,0.04494017735123634
5612,0.0254624392837286
5613,0.014419018290936947
5614,0.009645442478358746
5615,0.010474976152181625
5616,0.011811607517302036
5617,0.010474976152181625
5618,0.013499349355697632
5619,0.5828622579574585
5620,0.01263449341058731
5621,0.026881638914346695
5622,0.11304271221160889
5623,0.008832461200654507
5624,0.05091562494635582
5625,0.015375805087387562
5626,0.020056432113051414
5627,0.019653553143143654
5628,0.025565754622220993
5629,0.012831563130021095
5630,0.007278709672391415
5631,0.021990390494465828
5632,0.05903630331158638
5633,0.04928254708647728
5634,0.012555823661386967
5635,0.008338455110788345
5636,0.030069200322031975
5637,0.0130752082914114
5638,0.01299727987498045
5639,0.014837544411420822
5640,0.016762172803282738
5641,0.0039920262061059475
5642,0.018684465438127518
5643,0.01811005175113678
5644,0.012634136714041233
5645,0.011642158962786198
5646,0.0062802499160170555
5647,0.01866644062101841
5648,0.7219459414482117
5649,0.024792855605483055
5650,0.02034517005085945
5651,0.1173432320356369
5652,0.008609681390225887
5653,0.019110897555947304
5654,0.02085820771753788
5655,0.05333418771624565
5656,0.11055421084165573
5657,0.021014053374528885
5658,0.016874561086297035
5659,0.07507588714361191
5660,0.012013280764222145
5661,0.07946553826332092
5662,0.04348531737923622
5663,0.1037835106253624
5664,0.01279672235250473
5665,0.017358697950839996
5666,0.016139578074216843
5667,0.021363060921430588
5668,0.020877888426184654
5669,0.05521486699581146
5670,0.01720030978322029
5671,0.03474992886185646
5672,0.01703813672065735
5673,0.04831225425004959
5674,0.0196548979729414
5675,0.024109646677970886
5676,0.03170585632324219
5677,0.02203318290412426
5678,0.01082289032638073
5679,0.02294517681002617
5680,0.010837366804480553
5681,0.14528682827949524
5682,0.03120722994208336
5683,0.012094773352146149
5684,0.018009772524237633
5685,0.008080663159489632
5686,0.011286813765764236
5687,0.008080663159489632
5688,0.03971565514802933
5689,0.013100658543407917
5690,0.0190433319658041
5691,0.0642094537615776
5692,0.00838061235845089
5693,0.03020167164504528
5694,0.019044555723667145
5695,0.03565891832113266
5696,0.07709786295890808
5697,0.023050285875797272
5698,0.02675371989607811
5699,0.020843977108597755
5700,0.022198176011443138
5701,0.008561563678085804
5702,0.011081675998866558
5703,0.022705622017383575
5704,0.04025866836309433
5705,0.022793881595134735
5706,0.14046382904052734
5707,0.024274228140711784
5708,0.026623958721756935
5709,0.013123439624905586
5710,0.025800684466958046
5711,0.025800684466958046
5712,0.007034617476165295
5713,0.01365684811025858
5714,0.007034617476165295
5715,0.025800684466958046
5716,0.12450329214334488
5717,0.007034617476165295
5718,0.025800684466958046
5719,0.025800684466958046
5720,0.023555127903819084
5721,0.05230145901441574
5722,0.03702453151345253
5723,0.750797688961029
5724,0.028568340465426445
5725,0.01807282119989395
5726,0.033591192215681076
5727,0.0180728267878294
5728,0.013842971995472908
5729,0.6155313849449158
5730,0.020525014027953148
5731,0.01807282119989395
5732,0.01807282119989395
5733,0.02084658294916153
5734,0.02991800382733345
5735,0.03550078347325325
5736,0.030394190922379494
5737,0.08005639910697937
5738,0.01795663870871067
5739,0.023805657401680946
5740,0.01763833872973919
5741,0.02059500478208065
5742,0.048471320420503616
5743,0.1320636123418808
5744,0.005027777049690485
5745,0.030684368684887886
5746,0.009192578494548798
5747,0.0074460008181631565
5748,0.0061278208158910275
5749,0.012538005597889423
5750,0.012538005597889423
5751,0.012538005597889423
5752,0.012538005597889423
5753,0.012538005597889423
5754,0.015512390993535519
5755,0.02208845131099224
5756,0.015583888627588749
5757,0.01899796724319458
5758,0.04238864779472351
5759,0.10580579936504364
5760,0.02529788576066494
5761,0.011624536477029324
5762,0.034049127250909805
5763,0.02781471237540245
5764,0.07250544428825378
5765,0.07658225297927856
5766,0.03169809281826019
5767,0.016362538561224937
5768,0.047882817685604095
5769,0.029891081154346466
5770,0.6549990177154541
5771,0.012906870804727077
5772,0.008037276566028595
5773,0.003320080693811178
5774,0.003691287012770772
5775,0.010658740065991879
5776,0.0076447706669569016
5777,0.08127652108669281
5778,0.034049127250909805
5779,0.8591836094856262
5780,0.01905469223856926
5781,0.034049127250909805
5782,0.01950192078948021
5783,0.02932056225836277
5784,0.4793563485145569
5785,0.05534469708800316
5786,0.7863879799842834
5787,0.01355035975575447
5788,0.031326793134212494
5789,0.021672727540135384
5790,0.023335957899689674
5791,0.037544287741184235
5792,0.010220509022474289
5793,0.006284697912633419
5794,0.04541795700788498
5795,0.014639533124864101
5796,0.026068003848195076
5797,0.01709931157529354
5798,0.02309749275445938
5799,0.018129685893654823
5800,0.012872275896370411
5801,0.015401179902255535
5802,0.0028721413109451532
5803,0.02986067347228527
5804,0.037942852824926376
5805,0.03409387916326523
5806,0.0050795478746294975
5807,0.0076977270655334
5808,0.010300728492438793
5809,0.020082544535398483
5810,0.02694164775311947
5811,0.03390618413686752
5812,0.018540792167186737
5813,0.03572674095630646
5814,0.00939779169857502
5815,0.018080253154039383
5816,0.025674857199192047
5817,0.02300724945962429
5818,0.01544690877199173
5819,0.016858873888850212
5820,0.6069082021713257
5821,0.061420001089572906
5822,0.006857891101390123
5823,0.006857887841761112
5824,0.029457751661539078
5825,0.03088771365582943
5826,0.7613658308982849
5827,0.028600389137864113
5828,0.02159959077835083
5829,0.052329327911138535
5830,0.019538646563887596
5831,0.020360738039016724
5832,0.03162583336234093
5833,0.03031395748257637
5834,0.03492870554327965
5835,0.01588502898812294
5836,0.015469957143068314
5837,0.02647484838962555
5838,0.028007838875055313
5839,0.014347810298204422
5840,0.018404416739940643
5841,0.018061697483062744
5842,0.7691736817359924
5843,0.031336262822151184
5844,0.04863616079092026
5845,0.10121062397956848
5846,0.009388025850057602
5847,0.009689245373010635
5848,0.007456050720065832
5849,0.009388025850057602
5850,0.008970435708761215
5851,0.024224022403359413
5852,0.024490119889378548
5853,0.028824349865317345
5854,0.11419390887022018
5855,0.01606140471994877
5856,0.04322797432541847
5857,0.8549100756645203
5858,0.005932596046477556
5859,0.020944755524396896
5860,0.023736536502838135
5861,0.018976999446749687
5862,0.02810167521238327
5863,0.029505545273423195
5864,0.03128140792250633
5865,0.011401847936213017
5866,0.05186969414353371
5867,0.02147737331688404
5868,0.7181326746940613
5869,0.7181326746940613
5870,0.020125145092606544
5871,0.018939461559057236
5872,0.04849492758512497
5873,0.027686934918165207
5874,0.07772591710090637
5875,0.021396184340119362
5876,0.025900812819600105
5877,0.013316786848008633
5878,0.04626114293932915
5879,0.7567915916442871
5880,0.07007307559251785
5881,0.06643414497375488
5882,0.05823878198862076
5883,0.18038108944892883
5884,0.051446333527565
5885,0.051591984927654266
5886,0.02075929567217827
5887,0.05324429273605347
5888,0.02589387632906437
5889,0.027148017659783363
5890,0.04266773536801338
5891,0.011611953377723694
5892,0.04059388488531113
5893,0.04059388488531113
5894,0.04427403584122658
5895,0.05874818190932274
5896,0.04541201516985893
5897,0.13057680428028107
5898,0.5273735523223877
5899,0.02660488523542881
5900,0.017283184453845024
5901,0.06223767623305321
5902,0.04407377168536186
5903,0.02079317532479763
5904,0.0315609835088253
5905,0.05777764320373535
5906,0.7397238612174988
5907,0.010241774842143059
5908,0.02734662964940071
5909,0.07039809972047806
5910,0.11165909469127655
5911,0.022848155349493027
5912,0.009633833542466164
5913,0.0624111145734787
5914,0.026832766830921173
5915,0.039800334721803665
5916,0.037084441632032394
5917,0.021724633872509003
5918,0.024569133296608925
5919,0.014318249188363552
5920,0.04027165472507477
5921,0.6852901577949524
5922,0.17274250090122223
5923,0.7318112850189209
5924,0.05887420102953911
5925,0.022480975836515427
5926,0.01010415144264698
5927,0.03370366245508194
5928,0.28759872913360596
5929,0.05021482706069946
5930,0.020886901766061783
5931,0.044408995658159256
5932,0.05777398869395256
5933,0.3724607229232788
5934,0.716741144657135
5935,0.03732050582766533
5936,0.46212008595466614
5937,0.15197955071926117
5938,0.12287245690822601
5939,0.12287245690822601
5940,0.31200069189071655
5941,0.12287245690822601
5942,0.12287245690822601
5943,0.01283986959606409
5944,0.12724968791007996
5945,0.014694254845380783
5946,0.524340808391571
5947,0.12287245690822601
5948,0.0825686976313591
5949,0.26385021209716797
5950,0.03758583590388298
5951,0.047408007085323334
5952,0.820634663105011
5953,0.05099770054221153
5954,0.058267440646886826
5955,0.058267440646886826
5956,0.07962701469659805
5957,0.01785808615386486
5958,0.018274612724781036
5959,0.010447950102388859
5960,0.4105255901813507
5961,0.09379252791404724
5962,0.14686788618564606
5963,0.04250417277216911
5964,0.024992281571030617
5965,0.12513267993927002
5966,0.3887377381324768
5967,0.17662379145622253
5968,0.19320325553417206
5969,0.12241622805595398
5970,0.04921606928110123
5971,0.039518602192401886
5972,0.030225541442632675
5973,0.027405470609664917
5974,0.8636578917503357
5975,0.018691187724471092
5976,0.07303529232740402
5977,0.027825411409139633
5978,0.031867846846580505
5979,0.009282696060836315
5980,0.01061682403087616
5981,0.011961566284298897
5982,0.02753237821161747
5983,0.044230617582798004
5984,0.04729466512799263
5985,0.02847418375313282
5986,0.14106084406375885
5987,0.8550258874893188
5988,0.029141459614038467
5989,0.04056285321712494
5990,0.023784931749105453
5991,0.024611927568912506
5992,0.028546374291181564
5993,0.00768430158495903
5994,0.037925608456134796
5995,0.013494727201759815
5996,0.04040512442588806
5997,0.03700430318713188
5998,0.0241248719394207
5999,0.04466034471988678
6000,0.010716280899941921
6001,0.010716280899941921
6002,0.005040942225605249
6003,0.013263143599033356
6004,0.04457686096429825
6005,0.5299211144447327
6006,0.03295942395925522
6007,0.6337304711341858
6008,0.022095689550042152
6009,0.03539009764790535
6010,0.7890748977661133
6011,0.016075948253273964
6012,0.015407848171889782
6013,0.004031939897686243
6014,0.034362342208623886
6015,0.04485107958316803
6016,0.027739735320210457
6017,0.027615267783403397
6018,0.02648332342505455
6019,0.7588987350463867
6020,0.06353611499071121
6021,0.025461385026574135
6022,0.03568490967154503
6023,0.2924409806728363
6024,0.019550058990716934
6025,0.0409674271941185
6026,0.03896183893084526
6027,0.009400362148880959
6028,0.01477293111383915
6029,0.014723950996994972
6030,0.02548358589410782
6031,0.025461385026574135
6032,0.054278694093227386
6033,0.03965478017926216
6034,0.1555243730545044
6035,0.02671755850315094
6036,0.025657013058662415
6037,0.014471861533820629
6038,0.05187993496656418
6039,0.03247782588005066
6040,0.036087509244680405
6041,0.7043727040290833
6042,0.05611705407500267
6043,0.023507602512836456
6044,0.010946983471512794
6045,0.018599456176161766
6046,0.011539441533386707
6047,0.016622863709926605
6048,0.11458982527256012
6049,0.021498141810297966
6050,0.026968585327267647
6051,0.017939023673534393
6052,0.014629500918090343
6053,0.02277725376188755
6054,0.02594483457505703
6055,0.010227612219750881
6056,0.006104357074946165
6057,0.018650030717253685
6058,0.01605740375816822
6059,0.018839972093701363
6060,0.016615577042102814
6061,0.06828659772872925
6062,0.01822933368384838
6063,0.07317785173654556
6064,0.026665417477488518
6065,0.011492250487208366
6066,0.013194605708122253
6067,0.011219766922295094
6068,0.013616767711937428
6069,0.013616767711937428
6070,0.07347705960273743
6071,0.04053454473614693
6072,0.027953973039984703
6073,0.01601817086338997
6074,0.016494670882821083
6075,0.032521359622478485
6076,0.02496984228491783
6077,0.05558688938617706
6078,0.021894395351409912
6079,0.02082262933254242
6080,0.05558688938617706
6081,0.011063945479691029
6082,0.00852890219539404
6083,0.016787167638540268
6084,0.1192709282040596
6085,0.05220913514494896
6086,0.05045035481452942
6087,0.023315636441111565
6088,0.023315636441111565
6089,0.007979943417012691
6090,0.007979943417012691
6091,0.007979943417012691
6092,0.007979943417012691
6093,0.007979943417012691
6094,0.0013335839612409472
6095,0.007979943417012691
6096,0.04485107958316803
6097,0.023921208456158638
6098,0.03500484675168991
6099,0.022052638232707977
6100,0.027323562651872635
6101,0.02208707109093666
6102,0.026375679299235344
6103,0.01519474945962429
6104,0.02003449574112892
6105,0.029226476326584816
6106,0.024956820532679558
6107,0.11920444667339325
6108,0.024814749136567116
6109,0.012173897586762905
6110,0.01562116015702486
6111,0.016884183511137962
6112,0.028206542134284973
6113,0.017273524776101112
6114,0.013339712284505367
6115,0.1864035427570343
6116,0.02654501609504223
6117,0.025781134143471718
6118,0.04002922400832176
6119,0.022058768197894096
6120,0.016805648803710938
6121,0.010417226701974869
6122,0.012821865268051624
6123,0.006400406360626221
6124,0.006400406360626221
6125,0.014580297283828259
6126,0.015097723342478275
6127,0.03028235398232937
6128,0.005961503367871046
6129,0.015586852096021175
6130,0.03372889384627342
6131,0.014968205243349075
6132,0.006768818013370037
6133,0.012316114269196987
6134,0.012316114269196987
6135,0.013096152804791927
6136,0.007945721969008446
6137,0.014968205243349075
6138,0.06651467084884644
6139,0.014968205243349075
6140,0.007945721969008446
6141,0.021995404735207558
6142,0.007945721969008446
6143,0.007945714518427849
6144,0.014968205243349075
6145,0.014968205243349075
6146,0.014968205243349075
6147,0.014968205243349075
6148,0.018160488456487656
6149,0.007945721969008446
6150,0.014968205243349075
6151,0.01697644218802452
6152,0.007945721969008446
6153,0.007945721969008446
6154,0.00828584935516119
6155,0.007631946355104446
6156,0.014968205243349075
6157,0.007945721969008446
6158,0.007945721969008446
6159,0.015103778801858425
6160,0.014968205243349075
6161,0.013920420780777931
6162,0.01501934602856636
6163,0.007699780631810427
6164,0.018906768411397934
6165,0.020059937611222267
6166,0.05930972099304199
6167,0.06764702498912811
6168,0.040863506495952606
6169,0.024970879778265953
6170,0.02115577645599842
6171,0.008437073789536953
6172,0.008437073789536953
6173,0.010016006417572498
6174,0.0160283874720335
6175,0.013069634325802326
6176,0.07847727090120316
6177,0.048303455114364624
6178,0.04398711770772934
6179,0.026453394442796707
6180,0.025462444871664047
6181,0.03680885210633278
6182,0.04878101125359535
6183,0.025461841374635696
6184,0.727755606174469
6185,0.673195481300354
6186,0.027198923751711845
6187,0.012589369900524616
6188,0.013836367055773735
6189,0.028777021914720535
6190,0.10220450907945633
6191,0.027302604168653488
6192,0.047688379883766174
6193,0.04722301661968231
6194,0.06392857432365417
6195,0.04263155162334442
6196,0.5860219597816467
6197,0.007502357475459576
6198,0.02782791666686535
6199,0.05098309367895126
6200,0.03993476927280426
6201,0.005843766033649445
6202,0.012296673841774464
6203,0.0028654863126575947
6204,0.03471284732222557
6205,0.025202572345733643
6206,0.022997042164206505
6207,0.004841084126383066
6208,0.0034838130231946707
6209,0.015324548818171024
6210,0.026102351024746895
6211,0.0046719699166715145
6212,0.02496984228491783
6213,0.015105921775102615
6214,0.024970879778265953
6215,0.035491324961185455
6216,0.02243044599890709
6217,0.010543134063482285
6218,0.020239949226379395
6219,0.04370071738958359
6220,0.00917962659150362
6221,0.03487050160765648
6222,0.022069523110985756
6223,0.008700808510184288
6224,0.025465622544288635
6225,0.013599742203950882
6226,0.01594863459467888
6227,0.017826491966843605
6228,0.04583466425538063
6229,0.03539542853832245
6230,0.04077981412410736
6231,0.010337588377296925
6232,0.021330630406737328
6233,0.015114940702915192
6234,0.03426838666200638
6235,0.051781393587589264
6236,0.05419980362057686
6237,0.014128657057881355
6238,0.028944099321961403
6239,0.019992591813206673
6240,0.006151956971734762
6241,0.0445856899023056
6242,0.023955410346388817
6243,0.01691959984600544
6244,0.01691959984600544
6245,0.02525574341416359
6246,0.023955410346388817
6247,0.02085045911371708
6248,0.04407110437750816
6249,0.008120778948068619
6250,0.0065255905501544476
6251,0.019283240661025047
6252,0.06034249812364578
6253,0.021402578800916672
6254,0.009683468379080296
6255,0.04564189538359642
6256,0.04435327276587486
6257,0.01817045547068119
6258,0.04193627089262009
6259,0.025722071528434753
6260,0.018100453540682793
6261,0.023035911843180656
6262,0.023035911843180656
6263,0.023035911843180656
6264,0.07595847547054291
6265,0.303423672914505
6266,0.01790989562869072
6267,0.023035911843180656
6268,0.023035911843180656
6269,0.023035911843180656
6270,0.013151661492884159
6271,0.11132678389549255
6272,0.012804139405488968
6273,0.029838204383850098
6274,0.04255005344748497
6275,0.009160222485661507
6276,0.02380194701254368
6277,0.8160918354988098
6278,0.011566820554435253
6279,0.005857971962541342
6280,0.05504264310002327
6281,0.011345122009515762
6282,0.02660941891372204
6283,0.025400325655937195
6284,0.010726512409746647
6285,0.024139495566487312
6286,0.01922609657049179
6287,0.009057878516614437
6288,0.004543708637356758
6289,0.02486889250576496
6290,0.04359103739261627
6291,0.010713040828704834
6292,0.010023156180977821
6293,0.02283976972103119
6294,0.014939351007342339
6295,0.038526345044374466
6296,0.06668384373188019
6297,0.02191811241209507
6298,0.030497640371322632
6299,0.008272431790828705
6300,0.039272427558898926
6301,0.018459202721714973
6302,0.015290177427232265
6303,0.018459202721714973
6304,0.04049183800816536
6305,0.07791249454021454
6306,0.014007676392793655
6307,0.08132953941822052
6308,0.014007676392793655
6309,0.019053393974900246
6310,0.06743128597736359
6311,0.07621943205595016
6312,0.020637622103095055
6313,0.02748166210949421
6314,0.03381052985787392
6315,0.008188889361917973
6316,0.007646174170076847
6317,0.034212999045848846
6318,0.04355444014072418
6319,0.7762352824211121
6320,0.7693908214569092
6321,0.039741817861795425
6322,0.02591310441493988
6323,0.02536615915596485
6324,0.02374826930463314
6325,0.013058895245194435
6326,0.05790502950549126
6327,0.05790502950549126
6328,0.05790502950549126
6329,0.05790502950549126
6330,0.053213149309158325
6331,0.05790502950549126
6332,0.016871776431798935
6333,0.03538259491324425
6334,0.033628929406404495
6335,0.022069601342082024
6336,0.0401894673705101
6337,0.01151399314403534
6338,0.010917373932898045
6339,0.04289650544524193
6340,0.046646662056446075
6341,0.04937465488910675
6342,0.0063019185326993465
6343,0.023554353043437004
6344,0.013333463110029697
6345,0.019408825784921646
6346,0.020544830709695816
6347,0.013333463110029697
6348,0.007421386428177357
6349,0.030912987887859344
6350,0.0625537857413292
6351,0.03625447675585747
6352,0.007421386428177357
6353,0.024454757571220398
6354,0.011556020006537437
6355,0.05108628794550896
6356,0.007647325284779072
6357,0.007647325284779072
6358,0.025871144607663155
6359,0.04130490496754646
6360,0.02688744105398655
6361,0.03867751359939575
6362,0.038650814443826675
6363,0.013496213592588902
6364,0.008268610574305058
6365,0.038871556520462036
6366,0.022223779931664467
6367,0.06498517096042633
6368,0.03363402187824249
6369,0.02627456933259964
6370,0.01523940172046423
6371,0.01891692355275154
6372,0.015189248137176037
6373,0.07219093292951584
6374,0.060175489634275436
6375,0.044032566249370575
6376,0.05305175855755806
6377,0.22072938084602356
6378,0.07281576097011566
6379,0.4194718897342682
6380,0.045205678790807724
6381,0.040717530995607376
6382,0.07471335679292679
6383,0.36008933186531067
6384,0.025057407096028328
6385,0.030893322080373764
6386,0.013908937573432922
6387,0.03147774934768677
6388,0.05665384232997894
6389,0.06503382325172424
6390,0.03968080133199692
6391,0.775693416595459
6392,0.03986331820487976
6393,0.021404732018709183
6394,0.0386241115629673
6395,0.34378933906555176
6396,0.17560838162899017
6397,0.04372086748480797
6398,0.13855403661727905
6399,0.026512475684285164
6400,0.07984025031328201
6401,0.013617767952382565
6402,0.0789039134979248
6403,0.023671498522162437
6404,0.023105185478925705
6405,0.04032693803310394
6406,0.034401051700115204
6407,0.04600965976715088
6408,0.45683178305625916
6409,0.23624294996261597
6410,0.034401051700115204
6411,0.02044704370200634
6412,0.02616932988166809
6413,0.05977877601981163
6414,0.01799059845507145
6415,0.04927176982164383
6416,0.032318130135536194
6417,0.674626886844635
6418,0.30561813712120056
6419,0.06002303212881088
6420,0.028087366372346878
6421,0.0649566650390625
6422,0.042028382420539856
6423,0.03699066862463951
6424,0.032318130135536194
6425,0.011149347759783268
6426,0.0798826515674591
6427,0.8806349039077759
6428,0.038099899888038635
6429,0.06897765398025513
6430,0.033796314150094986
6431,0.08451352268457413
6432,0.030637146905064583
6433,0.02379082888364792
6434,0.03131207451224327
6435,0.017053579911589622
6436,0.015757568180561066
6437,0.012875886633992195
6438,0.039915069937705994
6439,0.10441131144762039
6440,0.017877139151096344
6441,0.021465810015797615
6442,0.010162752121686935
6443,0.05116372928023338
6444,0.028198614716529846
6445,0.017877139151096344
6446,0.017877139151096344
6447,0.017726466059684753
6448,0.009262134321033955
6449,0.010162752121686935
6450,0.006896437611430883
6451,0.009262134321033955
6452,0.001201891922391951
6453,0.06398766487836838
6454,0.022284019738435745
6455,0.022284019738435745
6456,0.009434289298951626
6457,0.06652681529521942
6458,0.03788389265537262
6459,0.030313005670905113
6460,0.041754644364118576
6461,0.018056273460388184
6462,0.018790390342473984
6463,0.7742501497268677
6464,0.2256024032831192
6465,0.04781825467944145
6466,0.020536035299301147
6467,0.028708919882774353
6468,0.014247867278754711
6469,0.024765238165855408
6470,0.04640752822160721
6471,0.06595565378665924
6472,0.04980790242552757
6473,0.007700830232352018
6474,0.010687045753002167
6475,0.033285513520240784
6476,0.010457849130034447
6477,0.010367066599428654
6478,0.010763213038444519
6479,0.009967855177819729
6480,0.019816696643829346
6481,0.011164789088070393
6482,0.010367066599428654
6483,0.009368326514959335
6484,0.010367066599428654
6485,0.010367066599428654
6486,0.02380429394543171
6487,0.010367066599428654
6488,0.01588890329003334
6489,0.006619075778871775
6490,0.006619075778871775
6491,0.0736156478524208
6492,0.023972705006599426
6493,0.023972705006599426
6494,0.031856950372457504
6495,0.023866979405283928
6496,0.009121477603912354
6497,0.010367066599428654
6498,0.0319981724023819
6499,0.010687045753002167
6500,0.12651632726192474
6501,0.012388679198920727
6502,0.12609149515628815
6503,0.015866687521338463
6504,0.05609384551644325
6505,0.012698695994913578
6506,0.02462233416736126
6507,0.06744805723428726
6508,0.005567905493080616
6509,0.030649913474917412
6510,0.009057878516614437
6511,0.009057878516614437
6512,0.01905532367527485
6513,0.026499422267079353
6514,0.011081828735768795
6515,0.011613454669713974
6516,0.02255399152636528
6517,0.02046722173690796
6518,0.02491552196443081
6519,0.04715072736144066
6520,0.055812690407037735
6521,0.0402672253549099
6522,0.048040229827165604
6523,0.015312457457184792
6524,0.022626100108027458
6525,0.0800602063536644
6526,0.009759952314198017
6527,0.009759952314198017
6528,0.02842622809112072
6529,0.009759952314198017
6530,0.009759952314198017
6531,0.009759952314198017
6532,0.009759952314198017
6533,0.009759952314198017
6534,0.009759952314198017
6535,0.061431802809238434
6536,0.009759952314198017
6537,0.0067766448482871056
6538,0.05455823615193367
6539,0.062186405062675476
6540,0.24924321472644806
6541,0.0296314787119627
6542,0.010674760676920414
6543,0.030228659510612488
6544,0.02112680673599243
6545,0.025004759430885315
6546,0.05528544262051582
6547,0.029145298525691032
6548,0.11893338710069656
6549,0.009935677982866764
6550,0.02674928680062294
6551,0.013184581883251667
6552,0.031521908938884735
6553,0.014208728447556496
6554,0.018588459119200706
6555,0.04686766862869263
6556,0.014641198329627514
6557,0.22443760931491852
6558,0.039772454649209976
6559,0.751801609992981
6560,0.0626136064529419
6561,0.02595522440969944
6562,0.06832762807607651
6563,0.04300167039036751
6564,0.015164803713560104
6565,0.049067553132772446
6566,0.05685748532414436
6567,0.027922537177801132
6568,0.025422409176826477
6569,0.05120192840695381
6570,0.03534262254834175
6571,0.05614335089921951
6572,0.035409435629844666
6573,0.31180500984191895
6574,0.04034464433789253
6575,0.046660419553518295
6576,0.807134211063385
6577,0.028637977316975594
6578,0.07858861237764359
6579,0.0407177209854126
6580,0.01901753433048725
6581,0.03407197818160057
6582,0.052098002284765244
6583,0.06141097471117973
6584,0.05790409445762634
6585,0.04001035541296005
6586,0.0332656167447567
6587,0.8728052377700806
6588,0.07075101882219315
6589,0.7309690713882446
6590,0.06700445711612701
6591,0.06258206814527512
6592,0.03171990439295769
6593,0.046986181288957596
6594,0.24730265140533447
6595,0.034980982542037964
6596,0.6506625413894653
6597,0.7749977707862854
6598,0.02618373930454254
6599,0.050570759922266006
6600,0.7428698539733887
6601,0.022048838436603546
6602,0.020610691979527473
6603,0.01630278304219246
6604,0.015190704725682735
6605,0.009263211861252785
6606,0.01721823774278164
6607,0.00833037681877613
6608,0.12756991386413574
6609,0.023370172828435898
6610,0.01760658249258995
6611,0.015706511214375496
6612,0.007363640237599611
6613,0.023660175502300262
6614,0.017318619415163994
6615,0.08160291612148285
6616,0.03617675602436066
6617,0.017318619415163994
6618,0.042412471026182175
6619,0.038633737713098526
6620,0.03008875623345375
6621,0.022094277665019035
6622,0.0335208959877491
6623,0.0513925775885582
6624,0.028369832783937454
6625,0.028369832783937454
6626,0.24017222225666046
6627,0.024252723902463913
6628,0.03014197014272213
6629,0.008496660739183426
6630,0.008496660739183426
6631,0.008703745901584625
6632,0.008703745901584625
6633,0.008496660739183426
6634,0.008703745901584625
6635,0.042690228670835495
6636,0.008121281862258911
6637,0.008496660739183426
6638,0.008703745901584625
6639,0.03214487433433533
6640,0.008703745901584625
6641,0.008496660739183426
6642,0.02065284550189972
6643,0.015115139074623585
6644,0.027884941548109055
6645,0.008703745901584625
6646,0.008703745901584625
6647,0.017569664865732193
6648,0.008496660739183426
6649,0.008703745901584625
6650,0.014569683000445366
6651,0.008496660739183426
6652,0.008703745901584625
6653,0.008496660739183426
6654,0.008496660739183426
6655,0.008496664464473724
6656,0.04116962477564812
6657,0.07318700850009918
6658,0.008496660739183426
6659,0.011329942382872105
6660,0.006632103119045496
6661,0.020357515662908554
6662,0.029533926397562027
6663,0.0620591975748539
6664,0.3579709827899933
6665,0.007827153429389
6666,0.013614635914564133
6667,0.0398750901222229
6668,0.17238079011440277
6669,0.02688952162861824
6670,0.007527244742959738
6671,0.0058905878104269505
6672,0.00698957359418273
6673,0.04385319724678993
6674,0.021842923015356064
6675,0.016966942697763443
6676,0.008641575463116169
6677,0.026871439069509506
6678,0.025791313499212265
6679,0.06649872660636902
6680,0.018176497891545296
6681,0.03359965980052948
6682,0.04542117193341255
6683,0.7729787230491638
6684,0.021365202963352203
6685,0.01582339033484459
6686,0.011858344078063965
6687,0.020014885812997818
6688,0.0194845087826252
6689,0.036170560866594315
6690,0.0194845087826252
6691,0.0013934134040027857
6692,0.012222609482705593
6693,0.021886831149458885
6694,0.040937427431344986
6695,0.020979180932044983
6696,0.09853751957416534
6697,0.032778769731521606
6698,0.022578712552785873
6699,0.01348682027310133
6700,0.009393908083438873
6701,0.009438131004571915
6702,0.03787139803171158
6703,0.043982166796922684
6704,0.023860720917582512
6705,0.07319828867912292
6706,0.029275335371494293
6707,0.020652156323194504
6708,0.01584635116159916
6709,0.05160617455840111
6710,0.06234416738152504
6711,0.6591266989707947
6712,0.02195361815392971
6713,0.02508726343512535
6714,0.02508726343512535
6715,0.00968111865222454
6716,0.03043469414114952
6717,0.04529941454529762
6718,0.059977274388074875
6719,0.012724247761070728
6720,0.008438537828624249
6721,0.008438541553914547
6722,0.008438541553914547
6723,0.008438541553914547
6724,0.03683635964989662
6725,0.013158909045159817
6726,0.021100161597132683
6727,0.07151110470294952
6728,0.019443143159151077
6729,0.05335848778486252
6730,0.014979260973632336
6731,0.01389237493276596
6732,0.03682506084442139
6733,0.051048532128334045
6734,0.28300172090530396
6735,0.020118439570069313
6736,0.06051192805171013
6737,0.16291622817516327
6738,0.030508186668157578
6739,0.03340429440140724
6740,0.023734530434012413
6741,0.025690412148833275
6742,0.7305614948272705
6743,0.6982360482215881
6744,0.0722188875079155
6745,0.012578877620398998
6746,0.060177795588970184
6747,0.010618452914059162
6748,0.03393273800611496
6749,0.01374344527721405
6750,0.01374344527721405
6751,0.009650463238358498
6752,0.012181107886135578
6753,0.004613061435520649
6754,0.012181107886135578
6755,0.04504776746034622
6756,0.004968943540006876
6757,0.029552169144153595
6758,0.009650463238358498
6759,0.004613061435520649
6760,0.1739591360092163
6761,0.02214578166604042
6762,0.004979417659342289
6763,0.09637970477342606
6764,0.017133014276623726
6765,0.051345378160476685
6766,0.03507281094789505
6767,0.020236795768141747
6768,0.026209235191345215
6769,0.04291589558124542
6770,0.037205200642347336
6771,0.04544348269701004
6772,0.028339484706521034
6773,0.020624889060854912
6774,0.007953315041959286
6775,0.03688722103834152
6776,0.047288499772548676
6777,0.03722892701625824
6778,0.04758213460445404
6779,0.04337270185351372
6780,0.014687505550682545
6781,0.005504341330379248
6782,0.033066291362047195
6783,0.007274962030351162
6784,0.0935223177075386
6785,0.01641669310629368
6786,0.038812797516584396
6787,0.03981519863009453
6788,0.012985088862478733
6789,0.015141170471906662
6790,0.01264870073646307
6791,0.012940642423927784
6792,0.01732305996119976
6793,0.06293826550245285
6794,0.07138940691947937
6795,0.012667710892856121
6796,0.012667710892856121
6797,0.012332702055573463
6798,0.02471536584198475
6799,0.03548084944486618
6800,0.006749799475073814
6801,0.005806588102132082
6802,0.07650668919086456
6803,0.010123810730874538
6804,0.04048654064536095
6805,0.037555377930402756
6806,0.021864572539925575
6807,0.007985792122781277
6808,0.015229645185172558
6809,0.03137219697237015
6810,0.03500879555940628
6811,0.0811842754483223
6812,0.015079468488693237
6813,0.040342219173908234
6814,0.040342219173908234
6815,0.015079468488693237
6816,0.008665625005960464
6817,0.027067532762885094
6818,0.027067532762885094
6819,0.027067532762885094
6820,0.027067532762885094
6821,0.008514965884387493
6822,0.005693198647350073
6823,0.0071563152596354485
6824,0.06928584724664688
6825,0.0995197668671608
6826,0.038440730422735214
6827,0.07245317846536636
6828,0.7151142358779907
6829,0.03387327492237091
6830,0.06234864145517349
6831,0.04045715555548668
6832,0.02495676651597023
6833,0.0658329427242279
6834,0.06292267888784409
6835,0.05361206457018852
6836,0.02594624273478985
6837,0.07714473456144333
6838,0.022501124069094658
6839,0.008820288814604282
6840,0.03385072201490402
6841,0.03385072201490402
6842,0.020126821473240852
6843,0.02710520476102829
6844,0.012724931351840496
6845,0.040737204253673553
6846,0.03749491274356842
6847,0.031562305986881256
6848,0.042818695306777954
6849,0.01791107840836048
6850,0.00798975583165884
6851,0.031518369913101196
6852,0.022118492051959038
6853,0.022118492051959038
6854,0.008120475336909294
6855,0.008120475336909294
6856,0.025465993210673332
6857,0.031593095511198044
6858,0.03101932629942894
6859,0.019352534785866737
6860,0.00698957359418273
6861,0.11640472710132599
6862,0.16204582154750824
6863,0.014745444990694523
6864,0.03531673550605774
6865,0.028290700167417526
6866,0.024734649807214737
6867,0.019762450829148293
6868,0.039888881146907806
6869,0.03952588886022568
6870,0.029676174744963646
6871,0.015522480010986328
6872,0.014439583756029606
6873,0.009283564984798431
6874,0.01607883721590042
6875,0.01607883721590042
6876,0.025981342419981956
6877,0.01571006327867508
6878,0.030313631519675255
6879,0.0726795345544815
6880,0.01568545587360859
6881,0.01769835129380226
6882,0.0253177247941494
6883,0.016860421746969223
6884,0.04191223159432411
6885,0.017891034483909607
6886,0.061288297176361084
6887,0.04311879724264145
6888,0.06417934596538544
6889,0.009283564984798431
6890,0.03672381862998009
6891,0.02964945323765278
6892,0.01787581667304039
6893,0.03393926844000816
6894,0.011223279871046543
6895,0.017482148483395576
6896,0.03359004110097885
6897,0.01782471500337124
6898,0.02538066916167736
6899,0.017848629504442215
6900,0.1376839131116867
6901,0.0434880368411541
6902,0.048787087202072144
6903,0.027129031717777252
6904,0.35602158308029175
6905,0.015009995549917221
6906,0.05393420159816742
6907,0.016023604199290276
6908,0.019948774948716164
6909,0.01891784928739071
6910,0.015759438276290894
6911,0.025289157405495644
6912,0.04816337302327156
6913,0.022784076631069183
6914,0.30927276611328125
6915,0.029831498861312866
6916,0.03037656471133232
6917,0.08513414859771729
6918,0.023233624175190926
6919,0.0673401951789856
6920,0.007983434945344925
6921,0.017708729952573776
6922,0.02983264997601509
6923,0.02555043064057827
6924,0.030765501782298088
6925,0.02094321884214878
6926,0.008631895296275616
6927,0.03161771595478058
6928,0.029108332470059395
6929,0.029449623078107834
6930,0.032932206988334656
6931,0.06138098984956741
6932,0.055784862488508224
6933,0.041812922805547714
6934,0.01476865541189909
6935,0.2549763321876526
6936,0.7276404500007629
6937,0.11295478790998459
6938,0.29856863617897034
6939,0.05401583015918732
6940,0.060287415981292725
6941,0.0638868659734726
6942,0.06498999893665314
6943,0.006647438742220402
6944,0.02246471866965294
6945,0.0016100637149065733
6946,0.02246471308171749
6947,0.02246471308171749
6948,0.02246471308171749
6949,0.23970049619674683
6950,0.04696086794137955
6951,0.06914632022380829
6952,0.02172791212797165
6953,0.06885526329278946
6954,0.017816824838519096
6955,0.01022519450634718
6956,0.012397468090057373
6957,0.03293846175074577
6958,0.03066464699804783
6959,0.03650015965104103
6960,0.012929726392030716
6961,0.05428972840309143
6962,0.052902933210134506
6963,0.3706841468811035
6964,0.7461540102958679
6965,0.03403223678469658
6966,0.7434354424476624
6967,0.05356581509113312
6968,0.0490834079682827
6969,0.7410275936126709
6970,0.7383338212966919
6971,0.017816824838519096
6972,0.25619393587112427
6973,0.147596538066864
6974,0.03416899964213371
6975,0.04944177344441414
6976,0.028269849717617035
6977,0.05904408544301987
6978,0.05952778458595276
6979,0.020903032273054123
6980,0.016935715451836586
6981,0.03234079107642174
6982,0.03668730705976486
6983,0.7351060509681702
6984,0.04234388843178749
6985,0.042844150215387344
6986,0.1257438361644745
6987,0.03675417602062225
6988,0.08203236013650894
6989,0.027403483167290688
6990,0.13407626748085022
6991,0.04502332583069801
6992,0.00613419571891427
6993,0.041317474097013474
6994,0.028340384364128113
6995,0.03305545449256897
6996,0.015243646688759327
6997,0.04265952855348587
6998,0.7146851420402527
6999,0.047138817608356476
7000,0.03514266386628151
7001,0.05624270439147949
7002,0.05941607058048248
7003,0.026102665811777115
7004,0.016064101830124855
7005,0.007307501509785652
7006,0.047882284969091415
7007,0.043052542954683304
7008,0.02128744311630726
7009,0.04791741818189621
7010,0.030004791915416718
7011,0.7109957337379456
7012,0.0219372920691967
7013,0.03438864275813103
7014,0.06388485431671143
7015,0.032378457486629486
7016,0.04460101202130318
7017,0.08100579679012299
7018,0.08130449801683426
7019,0.014652518555521965
7020,0.03218797594308853
7021,0.04690499231219292
7022,0.03313864767551422
7023,0.03572539612650871
7024,0.03603874146938324
7025,0.031573209911584854
7026,0.07733570039272308
7027,0.05651577189564705
7028,0.0505242794752121
7029,0.011603666469454765
7030,0.011603666469454765
7031,0.015869293361902237
7032,0.015869293361902237
7033,0.7243122458457947
7034,0.5657470226287842
7035,0.04068337753415108
7036,0.04068337753415108
7037,0.6992092132568359
7038,0.43326616287231445
7039,0.019137075170874596
7040,0.06136224418878555
7041,0.02582569792866707
7042,0.05630560219287872
7043,0.7603092789649963
7044,0.05811668932437897
7045,0.8571224808692932
7046,0.028322605416178703
7047,0.034741900861263275
7048,0.04771572723984718
7049,0.052988603711128235
7050,0.07527828216552734
7051,0.05109438672661781
7052,0.02516256831586361
7053,0.6487454175949097
7054,0.02516256831586361
7055,0.034803356975317
7056,0.016805283725261688
7057,0.06991469115018845
7058,0.040932897478342056
7059,0.0492033027112484
7060,0.09756572544574738
7061,0.09756572544574738
7062,0.059753693640232086
7063,0.014399231411516666
7064,0.074984610080719
7065,0.0666758194565773
7066,0.17537614703178406
7067,0.7722193598747253
7068,0.733710527420044
7069,0.04682260379195213
7070,0.039736613631248474
7071,0.04349880665540695
7072,0.2665958106517792
7073,0.05618366226553917
7074,0.022036965936422348
7075,0.021786442026495934
7076,0.0072330753318965435
7077,0.04350602999329567
7078,0.008936583064496517
7079,0.06467273831367493
7080,0.4307633340358734
7081,0.7351769804954529
7082,0.1546749472618103
7083,0.16280941665172577
7084,0.05403832346200943
7085,0.025218775495886803
7086,0.05217908322811127
7087,0.040569428354501724
7088,0.028933119028806686
7089,0.0647556409239769
7090,0.031246323138475418
7091,0.030109096318483353
7092,0.053068339824676514
7093,0.01784743368625641
7094,0.028679845854640007
7095,0.03883332014083862
7096,0.015948820859193802
7097,0.06069547310471535
7098,0.04822446033358574
7099,0.015308338217437267
7100,0.007847505621612072
7101,0.015028647147119045
7102,0.10500715672969818
7103,0.04547363519668579
7104,0.008069251663982868
7105,0.060207635164260864
7106,0.02646208368241787
7107,0.009219435043632984
7108,0.037097759544849396
7109,0.04784349724650383
7110,0.03491247445344925
7111,0.027319831773638725
7112,0.018858950585126877
7113,0.04587417468428612
7114,0.05881800875067711
7115,0.06443584710359573
7116,0.04179008677601814
7117,0.04373303800821304
7118,0.045067667961120605
7119,0.014580667950212955
7120,0.02598636969923973
7121,0.039824169129133224
7122,0.079959437251091
7123,0.031468573957681656
7124,0.06570247560739517
7125,0.025614671409130096
7126,0.017777234315872192
7127,0.01785852015018463
7128,0.17794381082057953
7129,0.06490204483270645
7130,0.02578107640147209
7131,0.02796327695250511
7132,0.0397966094315052
7133,0.03508433327078819
7134,0.0080837681889534
7135,0.04679904505610466
7136,0.02952425740659237
7137,0.014943139627575874
7138,0.042352158576250076
7139,0.042352158576250076
7140,0.009323114529252052
7141,0.009323114529252052
7142,0.016488423570990562
7143,0.01544796023517847
7144,0.025435736402869225
7145,0.030522344633936882
7146,0.07084669172763824
7147,0.03230743110179901
7148,0.010601053014397621
7149,0.027068166062235832
7150,0.017448991537094116
7151,0.02319473586976528
7152,0.02382764033973217
7153,0.02319473586976528
7154,0.005054482724517584
7155,0.02975337766110897
7156,0.005715730134397745
7157,0.015442971140146255
7158,0.04165396839380264
7159,0.06013232097029686
7160,0.027938157320022583
7161,0.027938157320022583
7162,0.058772385120391846
7163,0.04854946583509445
7164,0.06869886070489883
7165,0.7621961236000061
7166,0.072829470038414
7167,0.05877237021923065
7168,0.05794554203748703
7169,0.012958909384906292
7170,0.014356591738760471
7171,0.058772385120391846
7172,0.014476132579147816
7173,0.017191583290696144
7174,0.024042323231697083
7175,0.012116476893424988
7176,0.017448991537094116
7177,0.015630222856998444
7178,0.011723814532160759
7179,0.046984463930130005
7180,0.028900381177663803
7181,0.025674352422356606
7182,0.016369860619306564
7183,0.015420809388160706
7184,0.021341532468795776
7185,0.014307229779660702
7186,0.7100722789764404
7187,0.03370823711156845
7188,0.327984094619751
7189,0.06763704121112823
7190,0.04331951588392258
7191,0.015329484827816486
7192,0.1404045969247818
7193,0.03785496577620506
7194,0.04378606379032135
7195,0.040953680872917175
7196,0.020706329494714737
7197,0.027744775637984276
7198,0.04012729600071907
7199,0.07642364501953125
7200,0.03778731822967529
7201,0.03753288835287094
7202,0.0199960358440876
7203,0.05019669607281685
7204,0.04509863257408142
7205,0.040266070514917374
7206,0.042921073734760284
7207,0.23063421249389648
7208,0.04231315106153488
7209,0.0361923910677433
7210,0.031276434659957886
7211,0.024332216009497643
7212,0.04173121228814125
7213,0.01441164780408144
7214,0.01441164780408144
7215,0.010068234987556934
7216,0.0018948771758005023
7217,0.01441164780408144
7218,0.163114532828331
7219,0.02687608078122139
7220,0.06759153306484222
7221,0.050873491913080215
7222,0.026530634611845016
7223,0.03434058651328087
7224,0.06840838491916656
7225,0.11847250163555145
7226,0.06447003781795502
7227,0.031539805233478546
7228,0.015666237100958824
7229,0.035302840173244476
7230,0.03374945744872093
7231,0.05338910594582558
7232,0.04943963512778282
7233,0.03485769405961037
7234,0.07924699038267136
7235,0.013168690726161003
7236,0.02075052447617054
7237,0.01391762588173151
7238,0.007078593131154776
7239,0.016256768256425858
7240,0.04898177087306976
7241,0.014328515157103539
7242,0.06175932288169861
7243,0.02576354332268238
7244,0.5963802337646484
7245,0.008547235280275345
7246,0.05765563249588013
7247,0.018325312063097954
7248,0.007303459104150534
7249,0.34131333231925964
7250,0.010891108773648739
7251,0.010891108773648739
7252,0.010891108773648739
7253,0.017758261412382126
7254,0.028368260711431503
7255,0.009902611374855042
7256,0.2885696291923523
7257,0.027599751949310303
7258,0.01610715687274933
7259,0.03636714816093445
7260,0.020428726449608803
7261,0.01891268976032734
7262,0.06400541216135025
7263,0.02062053047120571
7264,0.02878222055733204
7265,0.02597930282354355
7266,0.017826542258262634
7267,0.02750007063150406
7268,0.044090621173381805
7269,0.007009820081293583
7270,0.023919526487588882
7271,0.017460718750953674
7272,0.016541173681616783
7273,0.01609206758439541
7274,0.016541173681616783
7275,0.02696126699447632
7276,0.0120602548122406
7277,0.011756389401853085
7278,0.011756389401853085
7279,0.011756389401853085
7280,0.026914052665233612
7281,0.03379550948739052
7282,0.04317719489336014
7283,0.009228499606251717
7284,0.009228499606251717
7285,0.018876096233725548
7286,0.019451996311545372
7287,0.0666312649846077
7288,0.0386357307434082
7289,0.14296109974384308
7290,0.0020093743223696947
7291,0.023504527285695076
7292,0.04206399992108345
7293,0.015371575951576233
7294,0.019034497439861298
7295,0.029077520594000816
7296,0.019598811864852905
7297,0.07870369404554367
7298,0.005731903947889805
7299,0.017226366326212883
7300,0.01547249872237444
7301,0.05092179402709007
7302,0.07910146564245224
7303,0.03149523213505745
7304,0.025792015716433525
7305,0.006418558768928051
7306,0.029136933386325836
7307,0.041868504136800766
7308,0.05371393635869026
7309,0.017954181879758835
7310,0.07210904359817505
7311,0.013787270523607731
7312,0.03751425817608833
7313,0.013158896937966347
7314,0.010528692975640297
7315,0.0390913225710392
7316,0.14291547238826752
7317,0.02971433475613594
7318,0.011257403530180454
7319,0.01858387142419815
7320,0.040511999279260635
7321,0.028580879792571068
7322,0.03544933348894119
7323,0.012908990494906902
7324,0.013519970700144768
7325,0.5254813432693481
7326,0.02336498722434044
7327,0.060943134129047394
7328,0.03375185281038284
7329,0.014957108534872532
7330,0.1530960202217102
7331,0.015158109366893768
7332,0.01648707687854767
7333,0.02771715819835663
7334,0.014119579456746578
7335,0.015620989724993706
7336,0.01591971144080162
7337,0.004520533140748739
7338,0.016015449538826942
7339,0.015620989724993706
7340,0.015441563911736012
7341,0.010667003691196442
7342,0.008517421782016754
7343,0.010667003691196442
7344,0.01117792073637247
7345,0.015620989724993706
7346,0.014966905117034912
7347,0.6801905035972595
7348,0.062448736280202866
7349,0.026204939931631088
7350,0.01799960620701313
7351,0.03927423804998398
7352,0.0161464624106884
7353,0.70688396692276
7354,0.027746424078941345
7355,0.027746424078941345
7356,0.026228873059153557
7357,0.029141534119844437
7358,0.030003638938069344
7359,0.011191125959157944
7360,0.015047221444547176
7361,0.01452131662517786
7362,0.05729437619447708
7363,0.06663066148757935
7364,0.014693069271743298
7365,0.05015324801206589
7366,0.07472261786460876
7367,0.008608151227235794
7368,0.015047221444547176
7369,0.02511279284954071
7370,0.02156912349164486
7371,0.09921633452177048
7372,0.0061693633906543255
7373,0.011723046191036701
7374,0.03707428649067879
7375,0.038007717579603195
7376,0.00617929408326745
7377,0.02894343063235283
7378,0.033374790102243423
7379,0.015317707322537899
7380,0.013023548759520054
7381,0.010516772978007793
7382,0.015572970733046532
7383,0.024121761322021484
7384,0.006631971336901188
7385,0.013463171198964119
7386,0.044130098074674606
7387,0.017819447442889214
7388,0.13179482519626617
7389,0.010855142958462238
7390,0.02379385381937027
7391,0.5952712893486023
7392,0.05896448716521263
7393,0.028289062902331352
7394,0.009092746302485466
7395,0.009244373999536037
7396,0.017678167670965195
7397,0.25389930605888367
7398,0.0510050505399704
7399,0.05564041808247566
7400,0.0791853591799736
7401,0.054129574447870255
7402,0.02491975761950016
7403,0.11071579903364182
7404,0.05010216310620308
7405,0.02167009748518467
7406,0.04643596336245537
7407,0.01165844313800335
7408,0.6853271126747131
7409,0.016935501247644424
7410,0.058522313833236694
7411,0.11982454359531403
7412,0.027182752266526222
7413,0.033914800733327866
7414,0.7189918756484985
7415,0.05188869312405586
7416,0.08501222729682922
7417,0.038308124989271164
7418,0.06676285713911057
7419,0.06613627821207047
7420,0.029490631073713303
7421,0.7044286131858826
7422,0.1005539819598198
7423,0.7187758684158325
7424,0.03038022480905056
7425,0.012877990491688251
7426,0.07141635566949844
7427,0.021234456449747086
7428,0.019573282450437546
7429,0.005499973427504301
7430,0.02499697357416153
7431,0.05400130897760391
7432,0.01811986044049263
7433,0.013002462685108185
7434,0.01821250282227993
7435,0.0077816518023610115
7436,0.017964569851756096
7437,0.01552591286599636
7438,0.05439243093132973
7439,0.06433235853910446
7440,0.013004990294575691
7441,0.063899993896484375
7442,0.06589542329311371
7443,0.6639102101325989
7444,0.011197426356375217
7445,0.012662750668823719
7446,0.066936589777469635
7447,0.027872394770383835
7448,0.01690545678138733
7449,0.0052828676998615265
7450,0.04578340798616409
7451,0.014391058124601841
7452,0.020160701125860214
7453,0.03802966699004173
7454,0.06191110983490944
7455,0.01376571599394083
7456,0.026945222169160843
7457,0.07381030172109604
7458,0.7261263132095337
7459,0.01775798574090004
7460,0.01234259270131588
7461,0.013616384007036686
7462,0.6576504111289978
7463,0.016409028321504593
7464,0.03622695431113243
7465,0.011068481020629406
7466,0.010623883455991745
7467,0.029915550723671913
7468,0.014470601454377174
7469,0.03293190523982048
7470,0.015166575089097023
7471,0.013900908641517162
7472,0.021780209615826607
7473,0.03981343284249306
7474,0.0040921736508607864
7475,0.0040921736508607864
7476,0.019102822989225388
7477,0.04031769931316376
7478,0.02378029003739357
7479,0.024584678933024406
7480,0.03932919353246689
7481,0.011389530263841152
7482,0.031065504997968674
7483,0.010377735830843449
7484,0.030221903696656227
7485,0.050394751131534576
7486,0.07794532924890518
7487,0.036970481276512146
7488,0.056313302367925644
7489,0.031342897564172745
7490,0.03038087487220764
7491,0.0464530810713768
7492,0.0367257185280323
7493,0.05451340600848198
7494,0.019817981868982315
7495,0.02468149922788143
7496,0.013944881968200207
7497,0.07780114561319351
7498,0.007517270278185606
7499,0.015166575089097023
7500,0.009558175690472126
7501,0.01882249116897583
7502,0.010479646734893322
7503,0.007517270278185606
7504,0.6822249293327332
7505,0.07705575227737427
7506,0.016726719215512276
7507,0.00647945748642087
7508,0.023021910339593887
7509,0.017523648217320442
7510,0.027683185413479805
7511,0.0220391433686018
7512,0.0220391433686018
7513,0.0220391433686018
7514,0.1677602082490921
7515,0.6877554655075073
7516,0.006174666341394186
7517,0.00647945748642087
7518,0.015166575089097023
7519,0.015452420338988304
7520,0.019170183688402176
7521,0.014904655516147614
7522,0.020116498693823814
7523,0.01305542141199112
7524,0.06031592935323715
7525,0.0355074368417263
7526,0.010502278804779053
7527,0.07447546720504761
7528,0.038693781942129135
7529,0.010348638519644737
7530,0.046075161546468735
7531,0.006091912277042866
7532,0.013755097053945065
7533,0.039772599935531616
7534,0.02728215977549553
7535,0.032007791101932526
7536,0.03730962797999382
7537,0.04413041099905968
7538,0.02534174546599388
7539,0.013621404767036438
7540,0.07022321969270706
7541,0.01072531845420599
7542,0.016216391697525978
7543,0.7850679159164429
7544,0.05529569461941719
7545,0.07381641119718552
7546,0.6450322270393372
7547,0.02534174546599388
7548,0.0758511945605278
7549,0.007367921993136406
7550,0.017194435000419617
7551,0.010457360185682774
7552,0.016332602128386497
7553,0.0225764699280262
7554,0.013810592703521252
7555,0.022650057449936867
7556,0.016208399087190628
7557,0.02436239644885063
7558,0.016424085944890976
7559,0.04635155200958252
7560,0.035910479724407196
7561,0.004092840477824211
7562,0.033330969512462616
7563,0.029444335028529167
7564,0.07906146347522736
7565,0.05613077059388161
7566,0.02912077121436596
7567,0.010670659132301807
7568,0.029894063249230385
7569,0.018091019243001938
7570,0.6973153948783875
7571,0.01997183822095394
7572,0.030186515301465988
7573,0.07032738626003265
7574,0.024635793641209602
7575,0.028689756989479065
7576,0.03378262370824814
7577,0.7456060647964478
7578,0.03647725284099579
7579,0.09123218059539795
7580,0.6767896413803101
7581,0.026126602664589882
7582,0.023533234372735023
7583,0.04115099832415581
7584,0.019934898242354393
7585,0.047502774745225906
7586,0.045236632227897644
7587,0.08173540979623795
7588,0.01620125211775303
7589,0.04821157827973366
7590,0.049963776022195816
7591,0.04034803807735443
7592,0.033363159745931625
7593,0.07918805629014969
7594,0.01960761472582817
7595,0.12237562239170074
7596,0.06648828834295273
7597,0.048288244754076004
7598,0.18731266260147095
7599,0.026092177256941795
7600,0.7084400653839111
7601,0.07130580395460129
7602,0.046902596950531006
7603,0.04032599925994873
7604,0.016235215589404106
7605,0.039816468954086304
7606,0.006308072712272406
7607,0.7316516637802124
7608,0.7240724563598633
7609,0.06194532662630081
7610,0.021710142493247986
7611,0.02792551927268505
7612,0.05190170556306839
7613,0.02557615004479885
7614,0.005500912666320801
7615,0.013620847836136818
7616,0.022089356556534767
7617,0.06864623725414276
7618,0.021581556648015976
7619,0.018084600567817688
7620,0.009693204425275326
7621,0.08032816648483276
7622,0.009672376327216625
7623,0.04058986157178879
7624,0.6992561221122742
7625,0.03778678551316261
7626,0.07227253913879395
7627,0.013951531611382961
7628,0.06030406802892685
7629,0.023194963112473488
7630,0.7220941185951233
7631,0.02386152558028698
7632,0.042648542672395706
7633,0.023194963112473488
7634,0.02318599261343479
7635,0.03340554237365723
7636,0.03974708169698715
7637,0.13345876336097717
7638,0.09904175251722336
7639,0.01641804166138172
7640,0.06452237814664841
7641,0.016214800998568535
7642,0.014875411987304688
7643,0.017624422907829285
7644,0.061436787247657776
7645,0.03746461868286133
7646,0.04777737706899643
7647,0.019437681883573532
7648,0.021577630192041397
7649,0.06793620437383652
7650,0.05654117465019226
7651,0.079911969602108
7652,0.06660597771406174
7653,0.08674890547990799
7654,0.06660597771406174
7655,0.03985905274748802
7656,0.015778739005327225
7657,0.07446655631065369
7658,0.01637977547943592
7659,0.018767347559332848
7660,0.026328416541218758
7661,0.011462744325399399
7662,0.06705257296562195
7663,0.04722246155142784
7664,0.07787922769784927
7665,0.024104202166199684
7666,0.02502558007836342
7667,0.01999303326010704
7668,0.11387620121240616
7669,0.04303164780139923
7670,0.6805533170700073
7671,0.2571151554584503
7672,0.009277479723095894
7673,0.6750657558441162
7674,0.010405740700662136
7675,0.09719083458185196
7676,0.06751615554094315
7677,0.11806853860616684
7678,0.594279944896698
7679,0.018490292131900787
7680,0.020944034680724144
7681,0.020944029092788696
7682,0.05507620796561241
7683,0.027143174782395363
7684,0.07343056797981262
7685,0.01845664530992508
7686,0.01845664530992508
7687,0.6877382397651672
7688,0.05913052707910538
7689,0.018256977200508118
7690,0.020282112061977386
7691,0.0662151649594307
7692,0.0183182992041111
7693,0.025915231555700302
7694,0.05895928665995598
7695,0.0249614380300045
7696,0.023367052897810936
7697,0.043659090995788574
7698,0.01841186173260212
7699,0.003953899256885052
7700,0.014995289035141468
7701,0.26518434286117554
7702,0.030662447214126587
7703,0.0955791026353836
7704,0.7202372550964355
7705,0.011255046352744102
7706,0.7356153130531311
7707,0.05502106621861458
7708,0.44482335448265076
7709,0.006390352267771959
7710,0.7233410477638245
7711,0.04231790453195572
7712,0.03346513956785202
7713,0.027801990509033203
7714,0.013972223736345768
7715,0.07899048924446106
7716,0.0819975733757019
7717,0.025177737697958946
7718,0.05783912539482117
7719,0.025177737697958946
7720,0.022191878408193588
7721,0.10264623910188675
7722,0.7086009383201599
7723,0.1416560858488083
7724,0.06854994595050812
7725,0.014250317588448524
7726,0.06678131967782974
7727,0.02477199211716652
7728,0.03923473134636879
7729,0.07715226709842682
7730,0.06596831977367401
7731,0.03327160328626633
7732,0.019307250156998634
7733,0.06627905368804932
7734,0.07187601178884506
7735,0.7326721549034119
7736,0.01813475415110588
7737,0.011411424726247787
7738,0.048076339066028595
7739,0.0677630677819252
7740,0.1364816576242447
7741,0.0765826478600502
7742,0.02432141825556755
7743,0.15933483839035034
7744,0.0670909732580185
7745,0.01539673376828432
7746,0.016473861411213875
7747,0.017838425934314728
7748,0.023694252595305443
7749,0.025842608883976936
7750,0.03929581865668297
7751,0.05510427802801132
7752,0.0822402834892273
7753,0.037481121718883514
7754,0.11590085923671722
7755,0.012241839431226254
7756,0.18413595855236053
7757,0.6927067637443542
7758,0.059464748948812485
7759,0.04988619685173035
7760,0.3897533416748047
7761,0.02140744775533676
7762,0.025388745591044426
7763,0.0585143081843853
7764,0.016963381320238113
7765,0.7033374905586243
7766,0.03273053467273712
7767,0.0225069597363472
7768,0.024595031514763832
7769,0.021887360140681267
7770,0.055091358721256256
7771,0.013645065948367119
7772,0.0509842224419117
7773,0.05451154708862305
7774,0.10214043408632278
7775,0.058990478515625
7776,0.05034784600138664
7777,0.7405964732170105
7778,0.7352909445762634
7779,0.07658691704273224
7780,0.07435084879398346
7781,0.106574647128582
7782,0.6998935341835022
7783,0.1522902250289917
7784,0.063930414617061615
7785,0.0388493612408638
7786,0.19776809215545654
7787,0.08825337141752243
7788,0.08825337141752243
7789,0.08009062707424164
7790,0.07593001425266266
7791,0.016944745555520058
7792,0.06732630729675293
7793,0.05323254317045212
7794,0.03153330832719803
7795,0.017903849482536316
7796,0.04999222978949547
7797,0.288560152053833
7798,0.07760757952928543
7799,0.012852429412305355
7800,0.07411686331033707
7801,0.020375072956085205
7802,0.18953822553157806
7803,0.043351490050554276
7804,0.2953702211380005
7805,0.043381836265325546
7806,0.5266976356506348
7807,0.05584285035729408
7808,0.0740283876657486
7809,0.05010433867573738
7810,0.1051999032497406
7811,0.11096372455358505
7812,0.03917129337787628
7813,0.013547318987548351
7814,0.013861353509128094
7815,0.027628298848867416
7816,0.01817934960126877
7817,0.01459853071719408
7818,0.09445852786302567
7819,0.02643629163503647
7820,0.016603847965598106
7821,0.017100170254707336
7822,0.02643629163503647
7823,0.02385851927101612
7824,0.02643629163503647
7825,0.017100170254707336
7826,0.017100170254707336
7827,0.016603847965598106
7828,0.02206242084503174
7829,0.016603847965598106
7830,0.017100170254707336
7831,0.07014207541942596
7832,0.023086829110980034
7833,0.06769748777151108
7834,0.038674961775541306
7835,0.04123147949576378
7836,0.11491305381059647
7837,0.05409401282668114
7838,0.03290222957730293
7839,0.10342074185609818
7840,0.023700105026364326
7841,0.09082209318876266
7842,0.0984431654214859
7843,0.027282407507300377
7844,0.01563340239226818
7845,0.02370009943842888
7846,0.017016110941767693
7847,0.023600755259394646
7848,0.0686710998415947
7849,0.05928553640842438
7850,0.015748636797070503
7851,0.058902475982904434
7852,0.058902475982904434
7853,0.80845046043396
7854,0.15520131587982178
7855,0.06976095587015152
7856,0.074641652405262
7857,0.7292684316635132
7858,0.0543927438557148
7859,0.08155762404203415
7860,0.08034992963075638
7861,0.044404447078704834
7862,0.18152280151844025
7863,0.014217197895050049
7864,0.026502486318349838
7865,0.07361985743045807
7866,0.03496808186173439
7867,0.7868768572807312
7868,0.06411641836166382
7869,0.013961046002805233
7870,0.07059412449598312
7871,0.190019428730011
7872,0.07433752715587616
7873,0.34575268626213074
7874,0.07778645306825638
7875,0.023268461227416992
7876,0.020212160423398018
7877,0.0680551752448082
7878,0.03244607523083687
7879,0.8241584897041321
7880,0.027302348986268044
7881,0.06915545463562012
7882,0.07885660231113434
7883,0.05528063699603081
7884,0.06963963061571121
7885,0.05047253891825676
7886,0.05047253891825676
7887,0.017795735970139503
7888,0.2901478409767151
7889,0.05309205502271652
7890,0.04949664697051048
7891,0.04294870048761368
7892,0.455344021320343
7893,0.06408281624317169
7894,0.7747904062271118
7895,0.2287379950284958
7896,0.32088369131088257
7897,0.04171841964125633
7898,0.06766775250434875
7899,0.05420844629406929
7900,0.040040332823991776
7901,0.043931327760219574
7902,0.0988287404179573
7903,0.10613647103309631
7904,0.4636668562889099
7905,0.07005253434181213
7906,0.07839339226484299
7907,0.08560439944267273
7908,0.1745203584432602
7909,0.7085586190223694
7910,0.025826837867498398
7911,0.11742545664310455
7912,0.8065939545631409
7913,0.028041254729032516
7914,0.025575676932930946
7915,0.01705598458647728
7916,0.02907644584774971
7917,0.06829600036144257
7918,0.06438658386468887
7919,0.06310782581567764
7920,0.08083447068929672
7921,0.3575260639190674
7922,0.07639459520578384
7923,0.24238242208957672
7924,0.05108551308512688
7925,0.05568700283765793
7926,0.4463164508342743
7927,0.11616485565900803
7928,0.05679236724972725
7929,0.2308253049850464
7930,0.0509847067296505
7931,0.03596379980444908
7932,0.05938655883073807
7933,0.1987677812576294
7934,0.08339885622262955
7935,0.06483985483646393
7936,0.013428463600575924
7937,0.021597174927592278
7938,0.0919603630900383
7939,0.06483985483646393
7940,0.3790045380592346
7941,0.06808646768331528
7942,0.06808646768331528
7943,0.06116398051381111
7944,0.03956029936671257
7945,0.4165780544281006
7946,0.8820196986198425
7947,0.034508951008319855
7948,0.8368774056434631
7949,0.11303003877401352
7950,0.04405868053436279
7951,0.060868583619594574
7952,0.1286378651857376
7953,0.10189074277877808
7954,0.7700124382972717
7955,0.08155906200408936
7956,0.04500126838684082
7957,0.44040319323539734
7958,0.02432830259203911
7959,0.872927725315094
7960,0.8819036483764648
7961,0.7743975520133972
7962,0.7896672487258911
7963,0.035991355776786804
7964,0.035991355776786804
7965,0.05039137229323387
7966,0.04240624979138374
7967,0.07187211513519287
7968,0.04145637899637222
7969,0.012165815569460392
7970,0.039620012044906616
7971,0.2609071433544159
7972,0.1379537582397461
7973,0.05564213544130325
7974,0.0647205039858818
7975,0.05604853108525276
7976,0.05056501179933548
7977,0.1339166909456253
7978,0.05910147726535797
7979,0.07737905532121658
7980,0.04136328026652336
7981,0.7815499305725098
7982,0.0377328097820282
7983,0.060530539602041245
7984,0.06475500762462616
7985,0.05532816797494888
7986,0.0520620122551918
7987,0.07112471759319305
7988,0.12458772212266922
7989,0.063816167414188385
7990,0.6963162422180176
7991,0.05890405923128128
7992,0.04763873666524887
7993,0.06227150931954384
7994,0.06773873418569565
7995,0.07759411633014679
7996,0.06519807130098343
7997,0.815852165222168
7998,0.06770942360162735
7999,0.11875007301568985
8000,0.07298727333545685
8001,0.04263908416032791
8002,0.017989417538046837
8003,0.07727903872728348
8004,0.13586945831775665
8005,0.05533948540687561
8006,0.10118052363395691
8007,0.06960797309875488
8008,0.7641406059265137
8009,0.07714274525642395
8010,0.07088068127632141
8011,0.062471285462379456
8012,0.052350595593452454
8013,0.05877687409520149
8014,0.7698599100112915
8015,0.8139317035675049
8016,0.10224974155426025
8017,0.07090766727924347
8018,0.07389447093009949
8019,0.7874581217765808
8020,0.35952380299568176
8021,0.10751727223396301
8022,0.7980847358703613
8023,0.7982703447341919
8024,0.8191776275634766
8025,0.04950970783829689
8026,0.7873551845550537
8027,0.08010118454694748
8028,0.08205007761716843
8029,0.312232106924057
8030,0.03127456456422806
8031,0.7642447352409363
8032,0.06315179169178009
8033,0.045041654258966446
8034,0.06600765138864517
8035,0.0800730288028717
8036,0.2552715241909027
8037,0.0794716328382492
8038,0.08109848946332932
8039,0.03664533793926239
8040,0.03698886185884476
8041,0.09422202408313751
8042,0.46286800503730774
8043,0.15915562212467194
8044,0.0664827823638916
8045,0.41851627826690674
8046,0.10885506868362427
8047,0.059513580054044724
8048,0.07430916279554367
8049,0.05707240849733353
8050,0.8366565108299255
8051,0.5570935010910034
8052,0.1573871672153473
8053,0.06382215768098831
8054,0.06805148720741272
8055,0.08027263730764389
8056,0.044181108474731445
8057,0.04211179167032242
8058,0.07771459966897964
8059,0.33186402916908264
8060,0.8712630867958069
8061,0.8040241003036499
8062,0.2527361810207367
8063,0.29027482867240906
8064,0.07561010122299194
8065,0.07859160751104355
8066,0.06056179851293564
8067,0.07449229806661606
8068,0.1499919444322586
8069,0.12947127223014832
8070,0.059557996690273285
8071,0.07632296532392502
8072,0.48532742261886597
8073,0.07741338014602661
8074,0.8017480969429016
8075,0.11239983141422272
8076,0.06023680046200752
8077,0.7447278499603271
8078,0.07673972845077515
8079,0.036242567002773285
8080,0.10479703545570374
8081,0.07226024568080902
8082,0.8884891867637634
8083,0.066471166908741
8084,0.0696612000465393
8085,0.12481068074703217
8086,0.12522073090076447
8087,0.07845402508974075
8088,0.06325964629650116
8089,0.06577551364898682
8090,0.07241526246070862
8091,0.06343699246644974
8092,0.040736980736255646
8093,0.07970275729894638
8094,0.28467699885368347
8095,0.07153034210205078
8096,0.01858861744403839
8097,0.11852748692035675
8098,0.2743484675884247
8099,0.012501786462962627
8100,0.028319114819169044
8101,0.06925726681947708
8102,0.11802945286035538
8103,0.3030078709125519
8104,0.025843046605587006
8105,0.7763139009475708
8106,0.03884688392281532
8107,0.17570048570632935
8108,0.05095771327614784
8109,0.35297125577926636
8110,0.3155912458896637
8111,0.05507991462945938
8112,0.04006168991327286
8113,0.03819034993648529
8114,0.0745692327618599
8115,0.37966811656951904
8116,0.08852239698171616
8117,0.56106036901474
8118,0.04559052363038063
8119,0.12957344949245453
8120,0.07444128394126892
8121,0.7317658066749573
8122,0.2634671926498413
8123,0.4148183763027191
8124,0.0454639233648777
8125,0.11712831258773804
8126,0.059795819222927094
8127,0.01778307929635048
8128,0.09099526703357697
8129,0.8254616856575012
8130,0.13723360002040863
8131,0.8260820508003235
8132,0.09099528938531876
8133,0.10207489132881165
8134,0.1247672289609909
8135,0.03637028485536575
8136,0.07565978169441223
8137,0.7086280584335327
8138,0.15062347054481506
8139,0.11735545098781586
8140,0.1306377798318863
8141,0.14348885416984558
8142,0.061256587505340576
8143,0.07176269590854645
8144,0.12136388570070267
8145,0.07508116215467453
8146,0.05323847383260727
8147,0.876461386680603
8148,0.8320052027702332
8149,0.1528947800397873
8150,0.27821826934814453
8151,0.05456741526722908
8152,0.06647788733243942
8153,0.12559016048908234
8154,0.27172091603279114
8155,0.05078203231096268
8156,0.07070819288492203
8157,0.06146770715713501
8158,0.026031915098428726
8159,0.14913500845432281
8160,0.7026451826095581
8161,0.08903767168521881
8162,0.05270536616444588
8163,0.0760887861251831
8164,0.43648838996887207
8165,0.07631870359182358
8166,0.08000880479812622
8167,0.37629958987236023
8168,0.05074198544025421
8169,0.017441928386688232
8170,0.06081428751349449
8171,0.4467548429965973
8172,0.055609408766031265
8173,0.42863699793815613
8174,0.03727973625063896
8175,0.07221175730228424
8176,0.07446934282779694
8177,0.13123945891857147
8178,0.08300407230854034
8179,0.44335347414016724
8180,0.23077310621738434
8181,0.23386090993881226
8182,0.41509658098220825
8183,0.4754209816455841
8184,0.8028385043144226
8185,0.7831608057022095
8186,0.11140208691358566
8187,0.07292620837688446
8188,0.4433530569076538
8189,0.6760454773902893
8190,0.7498846054077148
8191,0.8735038042068481
8192,0.05304288864135742
8193,0.07284009456634521
8194,0.0795358344912529
8195,0.4281561076641083
8196,0.06809300184249878
8197,0.048051003366708755
8198,0.07193857431411743
8199,0.0736195370554924
8200,0.09708542376756668
8201,0.2094888687133789
8202,0.7721784710884094
8203,0.08356416970491409
8204,0.09683843702077866
8205,0.09007489681243896
8206,0.3552868366241455
8207,0.6101707220077515
8208,0.06691694259643555
8209,0.07858796417713165
8210,0.10227707028388977
8211,0.7170773148536682
8212,0.07914595305919647
8213,0.45162495970726013
8214,0.7039995193481445
8215,0.15757639706134796
8216,0.8228740096092224
8217,0.07938801497220993
8218,0.09149861335754395
8219,0.038592949509620667
8220,0.15463398396968842
8221,0.38549134135246277
8222,0.12642881274223328
8223,0.1592871993780136
8224,0.05802033469080925
8225,0.19141735136508942
8226,0.7727592587471008
8227,0.04785669595003128
8228,0.07932063937187195
8229,0.0678669735789299
8230,0.008637466467916965
8231,0.5284960269927979
8232,0.1721872091293335
8233,0.08160001784563065
8234,0.456562876701355
8235,0.07737075537443161
8236,0.7794494032859802
8237,0.8542723059654236
8238,0.1842033714056015
8239,0.08770690113306046
8240,0.7471398115158081
8241,0.7419047355651855
8242,0.03182906657457352
8243,0.05629739165306091
8244,0.04502972215414047
8245,0.37420281767845154
8246,0.053309205919504166
8247,0.053309205919504166
8248,0.8539555072784424
8249,0.0722799077630043
8250,0.13752181828022003
8251,0.058960095047950745
8252,0.16162608563899994
8253,0.05935387685894966
8254,0.06130068749189377
8255,0.04556724429130554
8256,0.45230022072792053
8257,0.12440506368875504
8258,0.082723468542099
8259,0.7588446140289307
8260,0.16655319929122925
8261,0.08915771543979645
8262,0.1337541937828064
8263,0.2701821029186249
8264,0.5351998805999756
8265,0.06705743074417114
8266,0.055522993206977844
8267,0.18732284009456635
8268,0.055298883467912674
8269,0.0932740643620491
8270,0.12417734414339066
8271,0.11100806295871735
8272,0.854740560054779
8273,0.538428008556366
8274,0.023220637813210487
8275,0.07755252718925476
8276,0.04019692540168762
8277,0.06793176382780075
8278,0.3977046310901642
8279,0.16321639716625214
8280,0.08676999807357788
8281,0.8369662761688232
8282,0.5013695359230042
8283,0.4266464412212372
8284,0.07297114282846451
8285,0.43343880772590637
8286,0.07521787285804749
8287,0.07775670289993286
8288,0.07132347673177719
8289,0.46438539028167725
8290,0.08024042844772339
8291,0.05419192090630531
8292,0.08087675273418427
8293,0.0734395682811737
8294,0.07403063029050827
8295,0.2665479779243469
8296,0.12287907302379608
8297,0.06210548058152199
8298,0.06509077548980713
8299,0.07803244143724442
8300,0.758759617805481
8301,0.06827305257320404
8302,0.19896207749843597
8303,0.07752981036901474
8304,0.058781228959560394
8305,0.040185436606407166
8306,0.013442830182611942
8307,0.13324037194252014
8308,0.764548122882843
8309,0.5630382299423218
8310,0.7167593240737915
8311,0.04240542650222778
8312,0.04240542650222778
8313,0.04240542650222778
8314,0.5993077754974365
8315,0.5993077754974365
8316,0.07201138883829117
8317,0.07289046049118042
8318,0.11573729664087296
8319,0.1628497987985611
8320,0.06662951409816742
8321,0.5378391146659851
8322,0.5120438933372498
8323,0.5090664625167847
8324,0.5346417427062988
8325,0.07683607190847397
8326,0.06441055238246918
8327,0.0626109316945076
8328,0.006378990598022938
8329,0.6264883875846863
8330,0.0878487303853035
8331,0.08437765389680862
8332,0.06555142253637314
8333,0.13999824225902557
8334,0.05126437917351723
8335,0.04819399490952492
8336,0.5838065147399902
8337,0.4562792479991913
8338,0.05101916193962097
8339,0.8113926649093628
8340,0.8175411224365234
8341,0.08013804256916046
8342,0.40438100695610046
8343,0.2855302095413208
8344,0.0733223408460617
8345,0.0479295589029789
8346,0.02900528348982334
8347,0.06378253549337387
8348,0.06992753595113754
8349,0.7392142415046692
8350,0.09352193027734756
8351,0.7016291618347168
8352,0.3315196931362152
8353,0.1398518830537796
8354,0.18811757862567902
8355,0.08505287766456604
8356,0.07070920616388321
8357,0.07480165362358093
8358,0.06519947201013565
8359,0.0726466029882431
8360,0.06414691358804703
8361,0.05723080784082413
8362,0.08549284189939499
8363,0.8457141518592834
8364,0.18146532773971558
8365,0.6916782855987549
8366,0.26875603199005127
8367,0.07954718172550201
8368,0.8090869784355164
8369,0.12866774201393127
8370,0.12865003943443298
8371,0.833967387676239
8372,0.2118152230978012
8373,0.1870732456445694
8374,0.042300429195165634
8375,0.07238972187042236
8376,0.0645170658826828
8377,0.11688629537820816
8378,0.07475830614566803
8379,0.080671027302742
8380,0.8760343194007874
8381,0.04502791538834572
8382,0.07756336033344269
8383,0.06662216782569885
8384,0.47232094407081604
8385,0.5423890948295593
8386,0.04013632610440254
8387,0.0570162795484066
8388,0.07049059867858887
8389,0.060242168605327606
8390,0.5812257528305054
8391,0.07708033919334412
8392,0.1134747788310051
8393,0.19185389578342438
8394,0.06383075565099716
8395,0.03890834376215935
8396,0.25879722833633423
8397,0.7666242122650146
8398,0.7125898003578186
8399,0.6968836784362793
8400,0.040804989635944366
8401,0.24485251307487488
8402,0.04473676532506943
8403,0.10134892910718918
8404,0.368999719619751
8405,0.13086986541748047
8406,0.0809815376996994
8407,0.050113432109355927
8408,0.0800817683339119
8409,0.4493619501590729
8410,0.04206160828471184
8411,0.06508619338274002
8412,0.07704290747642517
8413,0.0706232339143753
8414,0.7349889874458313
8415,0.3179628252983093
8416,0.08922513574361801
8417,0.788662850856781
8418,0.04494345933198929
8419,0.07596387714147568
8420,0.030989808961749077
8421,0.22016611695289612
8422,0.07623635977506638
8423,0.06615308672189713
8424,0.766628623008728
8425,0.04018760845065117
8426,0.07008984684944153
8427,0.5105209946632385
8428,0.5582506656646729
8429,0.8251842260360718
8430,0.4593571722507477
8431,0.07708407193422318
8432,0.4013439118862152
8433,0.008386450819671154
8434,0.07465174049139023
8435,0.12122688442468643
8436,0.06709457188844681
8437,0.06709457188844681
8438,0.33128806948661804
8439,0.7262130975723267
8440,0.6978603601455688
8441,0.7883777022361755
8442,0.27743273973464966
8443,0.08848854899406433
8444,0.20594032108783722
8445,0.07807569205760956
8446,0.13936872780323029
8447,0.05306732654571533
8448,0.05926811695098877
8449,0.3499654531478882
8450,0.07530714571475983
8451,0.42647090554237366
8452,0.07619129121303558
8453,0.07041788846254349
8454,0.8386675119400024
8455,0.622686505317688
8456,0.062338557094335556
8457,0.305440217256546
8458,0.1112467497587204
8459,0.3038022816181183
8460,0.13367842137813568
8461,0.11240684986114502
8462,0.05630015209317207
8463,0.20878200232982635
8464,0.8447774648666382
8465,0.0937705785036087
8466,0.0743318498134613
8467,0.23414795100688934
8468,0.052802667021751404
8469,0.051079317927360535
8470,0.12038607150316238
8471,0.07988224923610687
8472,0.07404284179210663
8473,0.07030431926250458
8474,0.7805860638618469
8475,0.07635660469532013
8476,0.47891858220100403
8477,0.1963241994380951
8478,0.06679286807775497
8479,0.05675230175256729
8480,0.06085699796676636
8481,0.30840879678726196
8482,0.06657318770885468
8483,0.07419738173484802
8484,0.11083978414535522
8485,0.04032554104924202
8486,0.07122308760881424
8487,0.3015120029449463
8488,0.05824239179491997
8489,0.05765737220644951
8490,0.03701278939843178
8491,0.766345739364624
8492,0.13709528744220734
8493,0.07799025624990463
8494,0.10396838933229446
8495,0.15242528915405273
8496,0.3966212272644043
8497,0.04012635722756386
8498,0.01458792481571436
8499,0.015036329627037048
8500,0.01733843982219696
8501,0.01733843982219696
8502,0.01733843982219696
8503,0.030279679223895073
8504,0.03606557473540306
8505,0.01809489168226719
8506,0.02297397144138813
8507,0.02297397144138813
8508,0.02297397144138813
8509,0.01224642526358366
8510,0.014861701056361198
8511,0.02297397144138813
8512,0.02297397144138813
8513,0.02297397144138813
8514,0.02297397144138813
8515,0.02297397144138813
8516,0.010340896435081959
8517,0.020444022491574287
8518,0.020444022491574287
8519,0.020444022491574287
8520,0.020444022491574287
8521,0.020444022491574287
8522,0.020444022491574287
8523,0.005243371706455946
8524,0.010601574555039406
8525,0.010340896435081959
8526,0.02394077740609646
8527,0.022792117670178413
8528,0.022792117670178413
8529,0.01891736499965191
8530,0.017233075574040413
8531,0.017233075574040413
8532,0.006450385320931673
8533,0.017233075574040413
8534,0.017233075574040413
8535,0.014279968105256557
8536,0.014279968105256557
8537,0.014279968105256557
8538,0.004518561530858278
8539,0.014279968105256557
8540,0.03483827784657478
8541,0.016872111707925797
8542,0.014279968105256557
8543,0.014279968105256557
8544,0.017594704404473305
8545,0.017594704404473305
8546,0.017594704404473305
8547,0.017594704404473305
8548,0.017594704404473305
8549,0.017594704404473305
8550,0.017594704404473305
8551,0.017594704404473305
8552,0.017594704404473305
8553,0.017594704404473305
8554,0.011104249395430088
8555,0.008758265525102615
8556,0.01679130643606186
8557,0.004366422537714243
8558,0.022611673921346664
8559,0.026041043922305107
8560,0.022611673921346664
8561,0.021892551332712173
8562,0.021892551332712173
8563,0.022611673921346664
8564,0.021892551332712173
8565,0.02566969394683838
8566,0.01712300255894661
8567,0.01712300255894661
8568,0.01712300255894661
8569,0.006488115526735783
8570,0.01712300255894661
8571,0.01712300255894661
8572,0.02543560415506363
8573,0.01962224394083023
8574,0.016413243487477303
8575,0.005276924464851618
8576,0.016413243487477303
8577,0.010703640058636665
8578,0.036268725991249084
8579,0.030251340940594673
8580,0.024741817265748978
8581,0.04261995479464531
8582,0.06032118573784828
8583,0.017784304916858673
8584,0.027439957484602928
8585,0.0098226647824049
8586,0.04862561449408531
8587,0.02685385011136532
8588,0.01462855190038681
8589,0.0224174652248621
8590,0.022889813408255577
8591,0.022889813408255577
8592,0.009097778238356113
8593,0.008882795460522175
8594,0.0563293993473053
8595,0.0624767541885376
8596,0.02830887772142887
8597,0.032691407948732376
8598,0.056434132158756256
8599,0.056434132158756256
8600,0.06106641888618469
8601,0.07873609662055969
8602,0.012769072316586971
8603,0.012769072316586971
8604,0.02551695890724659
8605,0.04829768091440201
8606,0.03622434288263321
8607,0.010537450201809406
8608,0.010537450201809406
8609,0.0031810635700821877
8610,0.008900509215891361
8611,0.010537445545196533
8612,0.010537445545196533
8613,0.031171955168247223
8614,0.017247965559363365
8615,0.034629467874765396
8616,0.02378075383603573
8617,0.06506982445716858
8618,0.02106795459985733
8619,0.025791499763727188
8620,0.012779662385582924
8621,0.8551244735717773
8622,0.012779662385582924
8623,0.012779662385582924
8624,0.004290275275707245
8625,0.01698552444577217
8626,0.012779662385582924
8627,0.012779662385582924
8628,0.043707769364118576
8629,0.03339424356818199
8630,0.01730179786682129
8631,0.13798671960830688
8632,0.09715962409973145
8633,0.022435355931520462
8634,0.021850695833563805
8635,0.025035995990037918
8636,0.00945226475596428
8637,0.06084268167614937
8638,0.04472349211573601
8639,0.022715279832482338
8640,0.022715279832482338
8641,0.022715285420417786
8642,0.017687691375613213
8643,0.01400770340114832
8644,0.017687691375613213
8645,0.017687691375613213
8646,0.017687691375613213
8647,0.017687691375613213
8648,0.017687691375613213
8649,0.017687691375613213
8650,0.017687691375613213
8651,0.017687691375613213
8652,0.017687691375613213
8653,0.017687691375613213
8654,0.08983946591615677
8655,0.010643008165061474
8656,0.07956549525260925
8657,0.07303077727556229
8658,0.023582294583320618
8659,0.024182680994272232
8660,0.014987466856837273
8661,0.014987466856837273
8662,0.06837054342031479
8663,0.024182680994272232
8664,0.024182680994272232
8665,0.014987466856837273
8666,0.014987466856837273
8667,0.024182680994272232
8668,0.021361226215958595
8669,0.06342391669750214
8670,0.042894147336483
8671,0.04475722834467888
8672,0.06659669429063797
8673,0.024182680994272232
8674,0.06804988533258438
8675,0.06499622762203217
8676,0.011894970200955868
8677,0.05867487192153931
8678,0.023359591141343117
8679,0.04003757983446121
8680,0.07447788864374161
8681,0.07447788864374161
8682,0.04484190791845322
8683,0.034127745777368546
8684,0.8207688331604004
8685,0.05218053236603737
8686,0.008371665142476559
8687,0.026369336992502213
8688,0.03346232697367668
8689,0.037998445332050323
8690,0.03801669180393219
8691,0.031716641038656235
8692,0.034629467874765396
8693,0.06861431896686554
8694,0.021852755919098854
8695,0.8364797234535217
8696,0.012806188315153122
8697,0.012806188315153122
8698,0.012806188315153122
8699,0.012806188315153122
8700,0.012806188315153122
8701,0.012806188315153122
8702,0.012806188315153122
8703,0.05873901769518852
8704,0.07045090943574905
8705,0.04481286555528641
8706,0.06736641377210617
8707,0.01726698689162731
8708,0.06528078019618988
8709,0.05623823404312134
8710,0.03798066824674606
8711,0.0752420425415039
8712,0.08323321491479874
8713,0.06955994665622711
8714,0.022766076028347015
8715,0.01790386624634266
8716,0.022766076028347015
8717,0.022766076028347015
8718,0.01790386624634266
8719,0.022766076028347015
8720,0.01648450270295143
8721,0.022766076028347015
8722,0.03865361213684082
8723,0.03865361213684082
8724,0.022766076028347015
8725,0.022766076028347015
8726,0.022766076028347015
8727,0.022766076028347015
8728,0.03865361213684082
8729,0.022766076028347015
8730,0.01790386624634266
8731,0.07694990932941437
8732,0.07694990932941437
8733,0.05277661979198456
8734,0.05515037477016449
8735,0.07344555854797363
8736,0.09000031650066376
8737,0.7733017802238464
8738,0.024388780817389488
8739,0.017634663730859756
8740,0.013312057591974735
8741,0.017675375565886497
8742,0.017634663730859756
8743,0.04760097339749336
8744,0.07073462009429932
8745,0.017634663730859756
8746,0.02254205197095871
8747,0.025032388046383858
8748,0.025032388046383858
8749,0.05295597389340401
8750,0.02254205197095871
8751,0.024003516882658005
8752,0.025032388046383858
8753,0.02254205197095871
8754,0.017797011882066727
8755,0.12246576696634293
8756,0.0243168193846941
8757,0.14644476771354675
8758,0.14644476771354675
8759,0.072933100163936615
8760,0.07879559695720673
8761,0.016129110008478165
8762,0.10421666502952576
8763,0.09667830169200897
8764,0.03602229431271553
8765,0.0280159804970026
8766,0.015030630864202976
8767,0.015030630864202976
8768,0.010377833619713783
8769,0.0241787638515234
8770,0.0241787638515234
8771,0.024682996794581413
8772,0.015030630864202976
8773,0.015030630864202976
8774,0.0241787638515234
8775,0.03754531592130661
8776,0.0241787638515234
8777,0.19446828961372375
8778,0.05233322083950043
8779,0.04488769918680191
8780,0.1445896327495575
8781,0.06874027103185654
8782,0.11417578905820847
8783,0.04553407430648804
8784,0.04553407430648804
8785,0.06751380115747452
8786,0.015030630864202976
8787,0.01884262077510357
8788,0.016378501430153847
8789,0.06528078019618988
8790,0.016664477065205574
8791,0.028349386528134346
8792,0.04995392635464668
8793,0.2169162780046463
8794,0.12892742455005646
8795,0.059288766235113144
8796,0.21351683139801025
8797,0.06394603848457336
8798,0.037848226726055145
8799,0.0210700836032629
8800,0.013053370639681816
8801,0.013563036918640137
8802,0.018703971058130264
8803,0.013053364120423794
8804,0.02281600795686245
8805,0.07483840733766556
8806,0.0516546331346035
8807,0.8527381420135498
8808,0.11622989177703857
8809,0.07459055632352829
8810,0.07211437821388245
8811,0.07921259850263596
8812,0.8614609837532043
8813,0.04605712741613388
8814,0.13928790390491486
8815,0.7802972197532654
8816,0.04834417626261711
8817,0.043995678424835205
8818,0.08212891221046448
8819,0.02130124904215336
8820,0.010179777629673481
8821,0.06478624790906906
8822,0.8614609837532043
8823,0.06502694636583328
8824,0.012518727220594883
8825,0.02504681423306465
8826,0.02237011305987835
8827,0.021609939634799957
8828,0.021609939634799957
8829,0.02130124904215336
8830,0.02408544160425663
8831,0.013118796050548553
8832,0.8815712332725525
8833,0.09714857488870621
8834,0.02466726116836071
8835,0.06407290697097778
8836,0.06658194959163666
8837,0.06596695631742477
8838,0.015061081387102604
8839,0.015061081387102604
8840,0.015061081387102604
8841,0.015061081387102604
8842,0.015061081387102604
8843,0.015061081387102604
8844,0.035665880888700485
8845,0.05026594549417496
8846,0.06842917203903198
8847,0.06842917203903198
8848,0.0653979554772377
8849,0.012657779268920422
8850,0.012718169018626213
8851,0.012718169018626213
8852,0.012657779268920422
8853,0.012657779268920422
8854,0.8087710738182068
8855,0.0752820298075676
8856,0.2855812907218933
8857,0.012718169018626213
8858,0.009074748493731022
8859,0.02695809118449688
8860,0.015975739806890488
8861,0.02153879404067993
8862,0.015975739806890488
8863,0.016755525022745132
8864,0.01284760981798172
8865,0.01284760981798172
8866,0.06467154622077942
8867,0.01284760981798172
8868,0.0404023602604866
8869,0.06531821191310883
8870,0.06161852180957794
8871,0.08660681545734406
8872,0.04991962015628815
8873,0.01798086427152157
8874,0.07393091917037964
8875,0.07725594937801361
8876,0.0637596845626831
8877,0.0799560695886612
8878,0.033821627497673035
8879,0.2128443568944931
8880,0.7847325205802917
8881,0.2128443568944931
8882,0.025760624557733536
8883,0.06818335503339767
8884,0.022199464961886406
8885,0.022199464961886406
8886,0.022199464961886406
8887,0.022199464961886406
8888,0.1418929398059845
8889,0.08467591553926468
8890,0.012721276842057705
8891,0.050718095153570175
8892,0.007782192900776863
8893,0.04770961031317711
8894,0.07194747030735016
8895,0.06426087021827698
8896,0.0854792520403862
8897,0.058803439140319824
8898,0.023610219359397888
8899,0.009062182158231735
8900,0.009062182158231735
8901,0.01774880662560463
8902,0.024876700714230537
8903,0.009062182158231735
8904,0.009062182158231735
8905,0.024876700714230537
8906,0.0348941870033741
8907,0.004525951575487852
8908,0.024876700714230537
8909,0.0260132048279047
8910,0.049776919186115265
8911,0.04233068227767944
8912,0.05708293244242668
8913,0.044247571378946304
8914,0.04308464378118515
8915,0.043524306267499924
8916,0.054114483296871185
8917,0.05081317573785782
8918,0.013005496934056282
8919,0.018152907490730286
8920,0.02472694218158722
8921,0.006425404921174049
8922,0.0031161578372120857
8923,0.7624546885490417
8924,0.010205330327153206
8925,0.01123312022536993
8926,0.024897871538996696
8927,0.0049017504788935184
8928,0.04171450063586235
8929,0.005026653409004211
8930,0.007960190996527672
8931,0.005026653409004211
8932,0.018155410885810852
8933,0.024137327447533607
8934,0.01042874064296484
8935,0.013623430393636227
8936,0.01585770957171917
8937,0.03247329965233803
8938,0.841332733631134
8939,0.06838008761405945
8940,0.021918578073382378
8941,0.007085620891302824
8942,0.03884752094745636
8943,0.004304986912757158
8944,0.015411204658448696
8945,0.2859902083873749
8946,0.00880021695047617
8947,0.0070182327181100845
8948,0.008688075467944145
8949,0.008688075467944145
8950,0.16621308028697968
8951,0.004304986912757158
8952,0.014410591684281826
8953,0.06436766684055328
8954,0.023707283660769463
8955,0.01327837910503149
8956,0.15586398541927338
8957,0.013488158583641052
8958,0.01157353725284338
8959,0.029454071074724197
8960,0.02123149298131466
8961,0.047089140862226486
8962,0.05543491244316101
8963,0.07009048759937286
8964,0.04393783584237099
8965,0.8339506387710571
8966,0.012333364225924015
8967,0.02634659968316555
8968,0.012284084223210812
8969,0.0058182161301374435
8970,0.0058182161301374435
8971,0.02973184920847416
8972,0.008943756110966206
8973,0.006485909689217806
8974,0.006485909689217806
8975,0.006485909689217806
8976,0.006485909689217806
8977,0.006485909689217806
8978,0.006485909689217806
8979,0.006485909689217806
8980,0.006485909689217806
8981,0.006485909689217806
8982,0.006485909689217806
8983,0.005282198078930378
8984,0.0021270227152854204
8985,0.006485909689217806
8986,0.006485909689217806
8987,0.006485909689217806
8988,0.006485909689217806
8989,0.006485909689217806
8990,0.006485909689217806
8991,0.012995737604796886
8992,0.03091464191675186
8993,0.03091464191675186
8994,0.02141043171286583
8995,0.02412249706685543
8996,0.019913461059331894
8997,0.020737646147608757
8998,0.054987531155347824
8999,0.013843974098563194
9000,0.02578709088265896
9001,0.05749690905213356
9002,0.006121031939983368
9003,0.020934388041496277
9004,0.08157112449407578
9005,0.031874850392341614
9006,0.009443063288927078
9007,0.011448115110397339
9008,0.017768494784832
9009,0.0066087557934224606
9010,0.019127994775772095
9011,0.011422166600823402
9012,0.03017052263021469
9013,0.025599922984838486
9014,0.006710353307425976
9015,0.00837185513228178
9016,0.040481436997652054
9017,0.018226901069283485
9018,0.0088662039488554
9019,0.039880119264125824
9020,0.02013455145061016
9021,0.004920794162899256
9022,0.011422166600823402
9023,0.025599922984838486
9024,0.04078467935323715
9025,0.046393983066082
9026,0.0165295097976923
9027,0.014505045488476753
9028,0.005840193014591932
9029,0.0042315153405070305
9030,0.013128090649843216
9031,0.02641255594789982
9032,0.0042315153405070305
9033,0.0042315153405070305
9034,0.0037786413449794054
9035,0.0037786413449794054
9036,0.0042315153405070305
9037,0.020260047167539597
9038,0.0037786413449794054
9039,0.005840193014591932
9040,0.005840193014591932
9041,0.0042315153405070305
9042,0.001587626407854259
9043,0.006645014509558678
9044,0.014127607457339764
9045,0.07867670059204102
9046,0.01913527399301529
9047,0.07090289890766144
9048,0.006647885777056217
9049,0.008063241839408875
9050,0.032321080565452576
9051,0.006274146493524313
9052,0.00634626392275095
9053,0.018205551430583
9054,0.02779209241271019
9055,0.0420316681265831
9056,0.06394635140895844
9057,0.025023972615599632
9058,0.08013833314180374
9059,0.049825266003608704
9060,0.01711355149745941
9061,0.04135105013847351
9062,0.003296477720141411
9063,0.005749178119003773
9064,0.013035934418439865
9065,0.004751723259687424
9066,0.010074234567582607
9067,0.009259802289307117
9068,0.004751723259687424
9069,0.004751723259687424
9070,0.02086125873029232
9071,0.01128469593822956
9072,0.005749178119003773
9073,0.004111140035092831
9074,0.004111140035092831
9075,0.005518108606338501
9076,0.004111140035092831
9077,0.020490778610110283
9078,0.005518108606338501
9079,0.005749178119003773
9080,0.004111140035092831
9081,0.005749178119003773
9082,0.005749178119003773
9083,0.02982998639345169
9084,0.02724343165755272
9085,0.005518108606338501
9086,0.005749178119003773
9087,0.031550101935863495
9088,0.005749178119003773
9089,0.0017118931282311678
9090,0.0014061742695048451
9091,0.12172869592905045
9092,0.04971439391374588
9093,0.005518108606338501
9094,0.004111140035092831
9095,0.015095558948814869
9096,0.010770963504910469
9097,0.009552296251058578
9098,0.026987111195921898
9099,0.8413952589035034
9100,0.00919785164296627
9101,0.012159472331404686
9102,0.0057234312407672405
9103,0.005093505140393972
9104,0.0057234312407672405
9105,0.0057234312407672405
9106,0.0057234312407672405
9107,0.005093505140393972
9108,0.0057234312407672405
9109,0.0057234312407672405
9110,0.06470125913619995
9111,0.029320498928427696
9112,0.013955862261354923
9113,0.013283214531838894
9114,0.010111871175467968
9115,0.03345625847578049
9116,0.007682150229811668
9117,0.007642274722456932
9118,0.05508805811405182
9119,0.03669917583465576
9120,0.02494504302740097
9121,0.01682325080037117
9122,0.004934214986860752
9123,0.004563231952488422
9124,0.008018864318728447
9125,0.056799694895744324
9126,0.05410907790064812
9127,0.005254732444882393
9128,0.014541761949658394
9129,0.03564191982150078
9130,0.029070304706692696
9131,0.013577946461737156
9132,0.014541761949658394
9133,0.059036631137132645
9134,0.8156126141548157
9135,0.122388556599617
9136,0.004232562147080898
9137,0.004232562147080898
9138,0.004232562147080898
9139,0.004232562147080898
9140,0.0015951738459989429
9141,0.004232562147080898
9142,0.013039696961641312
9143,0.013414130546152592
9144,0.004232562147080898
9145,0.004232562147080898
9146,0.00633206544443965
9147,0.004232562147080898
9148,0.00587094621732831
9149,0.8220250010490417
9150,0.05070958659052849
9151,0.009789837524294853
9152,0.016924304887652397
9153,0.01260167546570301
9154,0.01810607872903347
9155,0.06617378443479538
9156,0.051700349897146225
9157,0.017880957573652267
9158,0.005177572835236788
9159,0.037215638905763626
9160,0.005168127827346325
9161,0.005168127827346325
9162,0.005177572835236788
9163,0.005168127827346325
9164,0.005168127827346325
9165,0.004936038516461849
9166,3.021927841473371e-4
9167,0.004936038516461849
9168,0.005168127827346325
9169,0.038951385766267776
9170,0.012756774201989174
9171,0.00754221435636282
9172,0.007117366883903742
9173,0.00754221435636282
9174,0.007117366883903742
9175,0.00754221435636282
9176,0.00783228687942028
9177,0.00783228687942028
9178,0.00783228687942028
9179,0.00783228687942028
9180,0.007451585028320551
9181,0.00783228687942028
9182,0.00783228687942028
9183,0.007832283154129982
9184,0.007832283154129982
9185,0.00783228687942028
9186,0.00783228687942028
9187,0.00783228687942028
9188,0.00783228687942028
9189,0.00783228687942028
9190,0.0048427521251142025
9191,0.00783228687942028
9192,0.00783228687942028
9193,0.00783228687942028
9194,0.00783228687942028
9195,0.00783228687942028
9196,0.056096505373716354
9197,0.009321151301264763
9198,0.01209076214581728
9199,0.02552236244082451
9200,0.016305461525917053
9201,0.03147965669631958
9202,0.0048427521251142025
9203,0.00783228687942028
9204,0.021025555208325386
9205,0.021649494767189026
9206,0.0068312459625303745
9207,0.013400638476014137
9208,0.0023327176459133625
9209,0.029021048918366432
9210,0.0057052853517234325
9211,0.0057052853517234325
9212,0.03301641345024109
9213,0.023320095613598824
9214,0.00811732280999422
9215,0.007247505243867636
9216,0.007247505243867636
9217,0.015292626805603504
9218,0.007317934185266495
9219,0.007698738947510719
9220,0.036542586982250214
9221,0.032731469720602036
9222,0.024932797998189926
9223,0.06753101199865341
9224,0.012452221475541592
9225,0.004942288622260094
9226,0.004942288622260094
9227,0.04758026450872421
9228,0.02157609909772873
9229,0.004942288622260094
9230,0.007958000525832176
9231,0.004942288622260094
9232,0.004942288622260094
9233,0.025563184171915054
9234,0.06333813071250916
9235,0.0722045749425888
9236,0.0152669046074152
9237,0.040939077734947205
9238,0.005100895185023546
9239,0.015982523560523987
9240,0.002588873263448477
9241,0.002588873263448477
9242,0.007407241500914097
9243,0.02613481506705284
9244,0.028950491920113564
9245,0.03482142835855484
9246,0.004233605228364468
9247,0.004233607091009617
9248,0.008501864038407803
9249,0.004233605228364468
9250,0.004233605228364468
9251,0.004233605228364468
9252,0.004233605228364468
9253,0.004233605228364468
9254,0.004233605228364468
9255,0.004233605228364468
9256,0.004233605228364468
9257,0.004233605228364468
9258,0.019490353763103485
9259,0.019490353763103485
9260,0.013822534121572971
9261,0.019490353763103485
9262,0.019490353763103485
9263,0.019490353763103485
9264,0.019490353763103485
9265,0.019490353763103485
9266,0.019490353763103485
9267,0.019490353763103485
9268,0.019490353763103485
9269,0.019490353763103485
9270,0.12110216170549393
9271,0.027270760387182236
9272,0.007548930589109659
9273,0.008513153530657291
9274,0.008513153530657291
9275,0.008513153530657291
9276,0.008513153530657291
9277,0.008513153530657291
9278,0.008513153530657291
9279,0.013924871571362019
9280,0.008513153530657291
9281,0.008513153530657291
9282,0.008317744359374046
9283,0.00318961963057518
9284,0.0027746246196329594
9285,0.06952884793281555
9286,0.048724278807640076
9287,0.034537624567747116
9288,0.048724278807640076
9289,0.048724278807640076
9290,0.034537624567747116
9291,0.048724278807640076
9292,0.05162787437438965
9293,0.030118823051452637
9294,0.05162787437438965
9295,0.025713413953781128
9296,0.2977869510650635
9297,0.0044417311437428
9298,0.0044417311437428
9299,0.0020808656699955463
9300,0.0020808656699955463
9301,0.002668853849172592
9302,0.0020808656699955463
9303,0.0020808656699955463
9304,0.002542054047808051
9305,0.023646118119359016
9306,0.002311235060915351
9307,0.0030344161204993725
9308,0.0030344161204993725
9309,0.02896733023226261
9310,0.01712670922279358
9311,0.04715996980667114
9312,0.05289798229932785
9313,0.017842227593064308
9314,0.01263699121773243
9315,0.01263699121773243
9316,0.01263699121773243
9317,0.01263699121773243
9318,0.005118974484503269
9319,0.01263699121773243
9320,0.01263699121773243
9321,0.01263699121773243
9322,0.01263699121773243
9323,0.011905325576663017
9324,0.01263699121773243
9325,0.01263699121773243
9326,0.012258053757250309
9327,0.01263699121773243
9328,0.01263699121773243
9329,0.01263699121773243
9330,0.01263699121773243
9331,0.01263699121773243
9332,0.01263699121773243
9333,0.01263699121773243
9334,0.01263699121773243
9335,0.01263699121773243
9336,0.027342528104782104
9337,0.027342528104782104
9338,0.02896934188902378
9339,0.05618688836693764
9340,0.06288394331932068
9341,0.03806808218359947
9342,0.023883292451500893
9343,0.010931680910289288
9344,0.017531661316752434
9345,0.010931680910289288
9346,0.015510150231420994
9347,0.047478605061769485
9348,0.02027895860373974
9349,0.02027895860373974
9350,0.00465276837348938
9351,0.02027895860373974
9352,0.04704401642084122
9353,0.06731853634119034
9354,0.021526694297790527
9355,0.02303461916744709
9356,0.02341747097671032
9357,0.005586748011410236
9358,0.004173855762928724
9359,0.004173855762928724
9360,0.005969169083982706
9361,0.004173855762928724
9362,0.0022340891882777214
9363,0.004173855762928724
9364,0.005586748011410236
9365,0.005969169083982706
9366,0.004173855762928724
9367,0.032979682087898254
9368,0.020217400044202805
9369,0.026348460465669632
9370,0.07646160572767258
9371,0.003725991351529956
9372,0.021184708923101425
9373,0.009746802970767021
9374,0.009746802970767021
9375,0.015811245888471603
9376,0.009746807627379894
9377,0.009746802970767021
9378,0.003703183261677623
9379,0.003703183261677623
9380,0.00564540596678853
9381,0.003703183261677623
9382,0.00564540596678853
9383,0.003703183261677623
9384,0.03851654380559921
9385,0.029561618342995644
9386,0.014200574718415737
9387,0.027790648862719536
9388,0.014200574718415737
9389,0.014200574718415737
9390,0.024745851755142212
9391,0.007609671447426081
9392,0.004987337626516819
9393,0.004774719476699829
9394,0.007609671447426081
9395,0.004987337626516819
9396,0.007609671447426081
9397,0.007609671447426081
9398,0.004987337626516819
9399,0.004987337626516819
9400,0.004774719476699829
9401,0.004987337626516819
9402,0.007609671447426081
9403,0.004774719476699829
9404,0.007609671447426081
9405,0.023909518495202065
9406,0.004987337626516819
9407,0.02080385945737362
9408,0.05367595702409744
9409,0.014426039531826973
9410,0.014426039531826973
9411,0.014426039531826973
9412,0.012340708635747433
9413,0.015512770973145962
9414,0.015512770973145962
9415,0.014426039531826973
9416,0.015512770973145962
9417,0.015512770973145962
9418,0.015512770973145962
9419,0.015512770973145962
9420,0.01093640923500061
9421,0.01093640923500061
9422,0.013246765360236168
9423,0.01093640923500061
9424,0.01093640923500061
9425,0.01093640923500061
9426,0.01093640923500061
9427,0.09419045597314835
9428,0.049075718969106674
9429,0.09419045597314835
9430,0.722621500492096
9431,0.011498271487653255
9432,0.04919501766562462
9433,0.01904529705643654
9434,0.0405917651951313
9435,0.045552607625722885
9436,0.020109593868255615
9437,0.020109593868255615
9438,0.007762941997498274
9439,0.009701290167868137
9440,0.009701290167868137
9441,0.0180005244910717
9442,0.009701290167868137
9443,0.009701290167868137
9444,0.007762941997498274
9445,0.02964083105325699
9446,0.05279627814888954
9447,0.05404618754982948
9448,0.03577766939997673
9449,0.054459236562252045
9450,0.06013798713684082
9451,0.017326852306723595
9452,0.00961707066744566
9453,0.00961707066744566
9454,0.017326852306723595
9455,0.017326852306723595
9456,0.017326852306723595
9457,0.017326852306723595
9458,0.017326852306723595
9459,0.017326852306723595
9460,0.017326852306723595
9461,0.017326852306723595
9462,0.017326852306723595
9463,0.017326852306723595
9464,0.017326852306723595
9465,0.017326852306723595
9466,0.00961707066744566
9467,0.017326852306723595
9468,0.02143893763422966
9469,0.017326852306723595
9470,0.017326852306723595
9471,0.017326852306723595
9472,0.017326852306723595
9473,0.06994370371103287
9474,0.07879240065813065
9475,0.07608815282583237
9476,0.07879240065813065
9477,0.06994370371103287
9478,0.049927178770303726
9479,0.024925265461206436
9480,0.05802735313773155
9481,0.05802735313773155
9482,0.05690938979387283
9483,0.051005635410547256
9484,0.05115007981657982
9485,0.013964945450425148
9486,0.051694367080926895
9487,0.013964945450425148
9488,0.03857869654893875
9489,0.07175883650779724
9490,0.032511524856090546
9491,0.02123115584254265
9492,0.02123115584254265
9493,0.05631706863641739
9494,0.03147365525364876
9495,0.005248250439763069
9496,0.005248250439763069
9497,0.005248250439763069
9498,0.005248250439763069
9499,0.005248250439763069
9500,0.005248250439763069
9501,0.005248250439763069
9502,0.005248250439763069
9503,0.06197403371334076
9504,0.005248250439763069
9505,0.005248250439763069
9506,0.005248250439763069
9507,0.005248250439763069
9508,0.005248250439763069
9509,0.005248250439763069
9510,0.02558879368007183
9511,0.02905927784740925
9512,0.054299939423799515
9513,0.04174482077360153
9514,0.04174482077360153
9515,0.043717458844184875
9516,0.032267242670059204
9517,0.02852584421634674
9518,0.04675380140542984
9519,0.0497097410261631
9520,0.003961140755563974
9521,0.003961140755563974
9522,0.003961140755563974
9523,0.003961140755563974
9524,0.003961140755563974
9525,0.003961140755563974
9526,0.003961140755563974
9527,0.005397704895585775
9528,0.004241508431732655
9529,0.005990404170006514
9530,0.004241508431732655
9531,0.005397704895585775
9532,0.003961140755563974
9533,0.005397704895585775
9534,0.003961140755563974
9535,0.005397707223892212
9536,0.005397707223892212
9537,0.003961140755563974
9538,0.003961140755563974
9539,0.003961140755563974
9540,0.003961140755563974
9541,0.005397704895585775
9542,0.003961140755563974
9543,0.003961140755563974
9544,0.003961140755563974
9545,0.005397704895585775
9546,0.003961140755563974
9547,0.014192980714142323
9548,0.00816415250301361
9549,0.014192980714142323
9550,0.06213679537177086
9551,0.013362414203584194
9552,0.011004858650267124
9553,0.011004858650267124
9554,0.011004858650267124
9555,0.02160963974893093
9556,0.013492302037775517
9557,0.02350713312625885
9558,0.2056015282869339
9559,0.02068677358329296
9560,0.009472895413637161
9561,0.02068677358329296
9562,0.010051481425762177
9563,0.009472895413637161
9564,0.009206311777234077
9565,0.009206311777234077
9566,0.01478281058371067
9567,0.019140202552080154
9568,0.02188274636864662
9569,0.028818566352128983
9570,0.023082010447978973
9571,0.0011580608552321792
9572,0.0027163957711309195
9573,0.005631546955555677
9574,0.0027163957711309195
9575,0.0037680550012737513
9576,0.0014824485406279564
9577,0.0027163957711309195
9578,0.0014824485406279564
9579,0.0027163957711309195
9580,0.0027163957711309195
9581,0.0027163957711309195
9582,0.0014824485406279564
9583,0.0014824485406279564
9584,0.0027163957711309195
9585,0.0027163957711309195
9586,0.0035065331030637026
9587,0.025540020316839218
9588,0.005631546955555677
9589,0.0035823597572743893
9590,0.018806884065270424
9591,0.0014824485406279564
9592,0.0014824485406279564
9593,0.0020362846553325653
9594,0.010717888362705708
9595,0.027898520231246948
9596,0.0035823597572743893
9597,0.034939542412757874
9598,0.03489367663860321
9599,0.014219224452972412
9600,0.014220580458641052
9601,0.05237052962183952
9602,0.04958442598581314
9603,0.008495322428643703
9604,0.008495322428643703
9605,0.010930299758911133
9606,0.008495322428643703
9607,0.007462783716619015
9608,0.027740230783820152
9609,0.008495322428643703
9610,0.008495322428643703
9611,0.007462783716619015
9612,0.008495322428643703
9613,0.008495322428643703
9614,0.007462783716619015
9615,0.008495322428643703
9616,0.008495322428643703
9617,0.008495322428643703
9618,0.008495322428643703
9619,0.008495322428643703
9620,0.008495322428643703
9621,0.008495322428643703
9622,0.013958100229501724
9623,0.007462783716619015
9624,0.008495322428643703
9625,0.008495322428643703
9626,0.008220341987907887
9627,0.01620803400874138
9628,0.017154360190033913
9629,0.014351443387567997
9630,0.017154360190033913
9631,0.012201085686683655
9632,0.017154360190033913
9633,0.05008307844400406
9634,0.0703505128622055
9635,0.02530997432768345
9636,0.05140405148267746
9637,0.04363798722624779
9638,0.031384896486997604
9639,0.01918269507586956
9640,0.010094578377902508
9641,0.010094578377902508
9642,0.010094578377902508
9643,0.010094578377902508
9644,0.015306483954191208
9645,0.014312018640339375
9646,0.014312018640339375
9647,0.010094578377902508
9648,0.010094578377902508
9649,0.013219711370766163
9650,0.01603648252785206
9651,0.04767822474241257
9652,0.06292020529508591
9653,0.09605317562818527
9654,0.042042847722768784
9655,0.01370268315076828
9656,0.01370268315076828
9657,0.01370268315076828
9658,0.01370268315076828
9659,0.01370268315076828
9660,0.018220502883195877
9661,0.058179065585136414
9662,0.017911531031131744
9663,0.0034176055341959
9664,0.8788873553276062
9665,0.003417608793824911
9666,0.003417608793824911
9667,0.003417608793824911
9668,0.003417608793824911
9669,0.0150416549295187
9670,0.05830197036266327
9671,0.04323410615324974
9672,0.04677070677280426
9673,0.02984861470758915
9674,0.020081879571080208
9675,0.028413482010364532
9676,0.020137391984462738
9677,0.02356661856174469
9678,0.05086551234126091
9679,0.03486422076821327
9680,0.022389914840459824
9681,0.03669339045882225
9682,0.02418537624180317
9683,0.008984057232737541
9684,0.03576875850558281
9685,0.019004473462700844
9686,0.03705132007598877
9687,0.035970255732536316
9688,0.07363172620534897
9689,0.061223406344652176
9690,0.06971380114555359
9691,0.03240912780165672
9692,0.025021448731422424
9693,0.01924309879541397
9694,0.8241180777549744
9695,0.011932332068681717
9696,0.009181210771203041
9697,0.058900244534015656
9698,0.12532812356948853
9699,0.06629086285829544
9700,0.7951337695121765
9701,0.10031817108392715
9702,0.11339244246482849
9703,0.21058642864227295
9704,0.12778249382972717
9705,0.008373149670660496
9706,0.06331422924995422
9707,0.6279372572898865
9708,0.0016836884897202253
9709,0.0016836884897202253
9710,0.0016836884897202253
9711,0.042554549872875214
9712,0.0028694537468254566
9713,0.0028694537468254566
9714,0.0520910806953907
9715,0.026507463306188583
9716,0.1220269575715065
9717,0.0011913690250366926
9718,0.0011913690250366926
9719,0.07882437855005264
9720,0.0011913690250366926
9721,0.06976914405822754
9722,0.10861500352621078
9723,0.15089654922485352
9724,0.029302896931767464
9725,0.16571280360221863
9726,0.06541121751070023
9727,0.21855925023555756
9728,0.013483471237123013
9729,0.07387975603342056
9730,0.04067738726735115
9731,0.054499972611665726
9732,0.9069017171859741
9733,0.09947989135980606
9734,0.022540291771292686
9735,0.026230772957205772
9736,0.027616383507847786
9737,0.09128685295581818
9738,0.031177474185824394
9739,0.028120072558522224
9740,0.031824856996536255
9741,0.024685420095920563
9742,0.027721241116523743
9743,0.029852675274014473
9744,0.024415770545601845
9745,0.12483502924442291
9746,0.024410096928477287
9747,0.10708726197481155
9748,0.014278732240200043
9749,0.01733587495982647
9750,0.025826292112469673
9751,0.042098190635442734
9752,0.01576339639723301
9753,0.018563011661171913
9754,0.01094597578048706
9755,0.029717303812503815
9756,0.012184355407953262
9757,0.015259954147040844
9758,0.014979555271565914
9759,0.04987363517284393
9760,0.07043146342039108
9761,0.016483545303344727
9762,0.015022458508610725
9763,0.015022458508610725
9764,0.021729296073317528
9765,0.019164353609085083
9766,0.014727506786584854
9767,0.017893798649311066
9768,0.015716413035988808
9769,0.018350550904870033
9770,0.028329847380518913
9771,0.06610997021198273
9772,0.02426333725452423
9773,0.013921034522354603
9774,0.019137565046548843
9775,0.013827403075993061
9776,0.022679315879940987
9777,0.026283808052539825
9778,0.27555665373802185
9779,0.15594510734081268
9780,0.05238458514213562
9781,0.02087988331913948
9782,0.012399990111589432
9783,0.017876049503684044
9784,0.04965834692120552
9785,0.010295397602021694
9786,0.0430353507399559
9787,0.02498129941523075
9788,0.014948678202927113
9789,0.05169229209423065
9790,0.07037229090929031
9791,0.026658643037080765
9792,0.06356239318847656
9793,0.05282900482416153
9794,0.05153345316648483
9795,0.016935471445322037
9796,0.024102890864014626
9797,0.02261853590607643
9798,0.011437991634011269
9799,0.039917394518852234
9800,0.03576261177659035
9801,0.053477246314287186
9802,0.027512334287166595
9803,0.007361235562711954
9804,0.01391762588173151
9805,0.007361235562711954
9806,0.01391762588173151
9807,0.01391762588173151
9808,0.01391762588173151
9809,0.01391762588173151
9810,0.01391762588173151
9811,0.13579152524471283
9812,0.00756662106141448
9813,0.00756662106141448
9814,0.00756662106141448
9815,0.00756662106141448
9816,0.020544538274407387
9817,0.00756662106141448
9818,0.01391762588173151
9819,0.02365095540881157
9820,0.00756662106141448
9821,0.00756662106141448
9822,0.03512712940573692
9823,0.09762198477983475
9824,0.02261495590209961
9825,0.3486429452896118
9826,0.04995354264974594
9827,0.019728871062397957
9828,0.022024771198630333
9829,0.044339023530483246
9830,0.007851717062294483
9831,0.005665538366883993
9832,0.04175831004977226
9833,0.0424351803958416
9834,0.04486904293298721
9835,0.015890488401055336
9836,0.07272907346487045
9837,0.014733466319739819
9838,0.14487308263778687
9839,0.036123234778642654
9840,0.040064308792352676
9841,0.06501524895429611
9842,0.018525289371609688
9843,0.021959098055958748
9844,0.15096452832221985
9845,0.04244742542505264
9846,0.0444810725748539
9847,0.05765801668167114
9848,0.14736509323120117
9849,0.04615402966737747
9850,0.0379578098654747
9851,0.015053097158670425
9852,0.07077223807573318
9853,0.1353795975446701
9854,0.781040370464325
9855,0.02684118039906025
9856,0.057091325521469116
9857,0.038824304938316345
9858,0.07583197206258774
9859,0.04717357084155083
9860,0.04782423749566078
9861,0.03823161497712135
9862,0.016547394916415215
9863,0.020358921959996223
9864,0.024148941040039063
9865,0.03930376470088959
9866,0.0431240051984787
9867,0.027279578149318695
9868,0.01876872219145298
9869,0.01096657756716013
9870,0.01793278194963932
9871,0.06569743901491165
9872,0.027606720104813576
9873,0.06446585804224014
9874,0.06328745186328888
9875,0.04137297347187996
9876,0.04169878736138344
9877,0.01618328131735325
9878,0.08251252770423889
9879,0.02056393399834633
9880,0.02056393399834633
9881,0.06883499771356583
9882,0.05094826966524124
9883,0.032028742134571075
9884,0.06866882741451263
9885,0.042083919048309326
9886,0.023865893483161926
9887,0.01763019524514675
9888,0.03701305016875267
9889,0.034873683005571365
9890,0.035720374435186386
9891,0.03466431051492691
9892,0.024914409965276718
9893,0.056461550295352936
9894,0.02091808058321476
9895,0.020290056243538857
9896,0.010148569941520691
9897,0.016018787398934364
9898,0.023312080651521683
9899,0.019215000793337822
9900,0.016176629811525345
9901,0.023747049272060394
9902,0.024563591927289963
9903,0.009867972694337368
9904,0.03201419115066528
9905,0.04227853938937187
9906,0.03251137584447861
9907,0.009249874390661716
9908,0.02153613418340683
9909,0.03511212021112442
9910,0.02368081733584404
9911,0.03511212021112442
9912,0.036072615534067154
9913,0.014095968566834927
9914,0.025697311386466026
9915,0.007627639453858137
9916,0.01211297232657671
9917,0.020808370783925056
9918,0.02466915175318718
9919,0.0087105892598629
9920,0.04983823746442795
9921,0.02076580561697483
9922,0.02133386954665184
9923,0.016438042744994164
9924,0.01640620082616806
9925,0.04171520844101906
9926,0.03679010644555092
9927,0.025614676997065544
9928,0.03300204500555992
9929,0.033064357936382294
9930,0.15768562257289886
9931,0.0222497396171093
9932,0.02720111608505249
9933,0.02201502025127411
9934,0.010729644447565079
9935,0.026935765519738197
9936,0.04259876906871796
9937,0.06631137430667877
9938,0.029792413115501404
9939,0.015978625044226646
9940,0.021434780210256577
9941,0.7766199111938477
9942,0.012210744433104992
9943,0.025028826668858528
9944,0.011111287400126457
9945,0.8467885255813599
9946,0.051943205296993256
9947,0.035360876470804214
9948,0.029335856437683105
9949,0.028853559866547585
9950,0.054531801491975784
9951,0.02144336886703968
9952,0.02007727138698101
9953,0.005325171630829573
9954,0.06751435250043869
9955,0.02946913056075573
9956,0.04496180638670921
9957,0.05907575413584709
9958,0.040678489953279495
9959,0.025248631834983826
9960,0.013514845632016659
9961,0.020121945068240166
9962,0.0223621167242527
9963,0.025169434025883675
9964,0.020121945068240166
9965,0.026072660461068153
9966,0.025971712544560432
9967,0.02455984055995941
9968,0.013586526736617088
9969,0.03661743551492691
9970,0.026723289862275124
9971,0.2366458624601364
9972,0.018014252185821533
9973,0.0809173434972763
9974,0.036691851913928986
9975,0.026107989251613617
9976,0.02461405098438263
9977,0.06895048171281815
9978,0.03465202450752258
9979,0.023994525894522667
9980,0.03220584988594055
9981,0.03242030739784241
9982,0.012536659836769104
9983,0.019906770437955856
9984,0.016328368335962296
9985,0.0264587365090847
9986,0.03162005916237831
9987,0.026472650468349457
9988,0.024363355711102486
9989,0.010656874626874924
9990,0.02571156434714794
9991,0.05769633501768112
9992,0.05769633501768112
9993,8.535716915503144e-5
9994,2.0335464796517044e-4
9995,0.014411755837500095
9996,0.03882109373807907
9997,0.015122728422284126
9998,0.025787539780139923
9999,0.02528693899512291
10000,0.04199151322245598
10001,0.03968562185764313
10002,0.010389809496700764
10003,0.01246415451169014
10004,0.017013078555464745
10005,0.03302589803934097
10006,0.01860409788787365
10007,0.014098070561885834
10008,0.023787956684827805
10009,0.03929556533694267
10010,0.02747116982936859
10011,1.8410712073091418e-4
10012,1.8410712073091418e-4
10013,3.846190229523927e-4
10014,2.517634420655668e-4
10015,1.8410712073091418e-4
10016,1.8410712073091418e-4
10017,1.8410712073091418e-4
10018,1.8410712073091418e-4
10019,1.8410712073091418e-4
10020,1.8410712073091418e-4
10021,3.012429515365511e-4
10022,1.8410712073091418e-4
10023,3.012429515365511e-4
10024,1.8410712073091418e-4
10025,3.012429515365511e-4
10026,0.027039404958486557
10027,0.016873201355338097
10028,0.016873201355338097
10029,0.07013355940580368
10030,0.029618429020047188
10031,0.06770920008420944
10032,0.0452658049762249
10033,0.06770920008420944
10034,0.06277449429035187
10035,0.04063330590724945
10036,0.02291540615260601
10037,0.028924887999892235
10038,0.028924887999892235
10039,0.026827245950698853
10040,0.031020117923617363
10041,0.014271164312958717
10042,0.06653793156147003
10043,0.008174925111234188
10044,0.023557642474770546
10045,0.010121101513504982
10046,0.010121101513504982
10047,0.020556792616844177
10048,1.993263140320778e-5
10049,0.022531142458319664
10050,3.599307092372328e-5
10051,1.4575205568689853e-5
10052,1.4977166756580118e-5
10053,3.599307092372328e-5
10054,0.05325554311275482
10055,0.025911305099725723
10056,0.02452121116220951
10057,0.03485327214002609
10058,0.034453682601451874
10059,0.03485327214002609
10060,0.024108484387397766
10061,0.06852749735116959
10062,0.014451607130467892
10063,0.023737486451864243
10064,8.413560863118619e-5
10065,4.445700324140489e-5
10066,0.023230377584695816
10067,2.7716706972569227e-4
10068,6.670896545983851e-4
10069,2.7716706972569227e-4
10070,6.670896545983851e-4
10071,6.670896545983851e-4
10072,2.7716706972569227e-4
10073,0.012432968243956566
10074,5.567576954490505e-5
10075,5.567576954490505e-5
10076,0.1287531852722168
10077,0.03543897718191147
10078,3.060286326217465e-5
10079,3.060289236600511e-5
10080,5.097303073853254e-5
10081,0.11357425153255463
10082,0.012408215552568436
10083,0.03429560735821724
10084,0.012928935699164867
10085,0.02306468039751053
10086,0.0584942102432251
10087,0.010078081861138344
10088,0.010078081861138344
10089,0.012656616978347301
10090,0.012656616978347301
10091,0.012656616978347301
10092,0.03795378655195236
10093,0.050147030502557755
10094,0.015142072923481464
10095,0.033424243330955505
10096,0.012206178158521652
10097,0.04553736001253128
10098,0.04993469640612602
10099,0.01837766356766224
10100,0.012099400162696838
10101,0.012099400162696838
10102,0.012099400162696838
10103,0.012099400162696838
10104,0.012099400162696838
10105,0.014331890270113945
10106,0.034415941685438156
10107,0.03099401295185089
10108,0.012099400162696838
10109,0.012099400162696838
10110,0.0693650022149086
10111,0.012099400162696838
10112,0.012099400162696838
10113,0.014331890270113945
10114,0.040189266204833984
10115,0.012099400162696838
10116,0.012099400162696838
10117,0.0433419905602932
10118,0.012099400162696838
10119,0.6580700278282166
10120,0.012099400162696838
10121,0.012099400162696838
10122,0.012099400162696838
10123,0.006349328905344009
10124,0.012099400162696838
10125,0.012099400162696838
10126,0.012099400162696838
10127,0.012099400162696838
10128,0.012099400162696838
10129,0.012099400162696838
10130,0.012099400162696838
10131,0.012099400162696838
10132,0.012099400162696838
10133,0.014331890270113945
10134,0.012099400162696838
10135,0.012099400162696838
10136,0.012099400162696838
10137,0.03232366219162941
10138,0.07364869862794876
10139,0.012099400162696838
10140,0.012099400162696838
10141,0.012099400162696838
10142,0.02860361337661743
10143,0.03049403242766857
10144,0.03265535458922386
10145,0.013602237217128277
10146,0.042693693190813065
10147,0.01061964500695467
10148,0.024332204833626747
10149,0.0348857045173645
10150,0.04377065226435661
10151,0.06768103688955307
10152,0.018467742949724197
10153,0.03390799090266228
10154,0.03390799090266228
10155,0.007842772640287876
10156,0.007842772640287876
10157,0.007842772640287876
10158,0.007842772640287876
10159,0.006138054188340902
10160,0.003664716612547636
10161,0.0020725924987345934
10162,0.06678275763988495
10163,0.02371533028781414
10164,0.01698535867035389
10165,0.027586542069911957
10166,0.03923734650015831
10167,0.05356346815824509
10168,0.03374641016125679
10169,0.031661923974752426
10170,0.06494079530239105
10171,0.00642290897667408
10172,0.044427283108234406
10173,0.07410965859889984
10174,0.06898302584886551
10175,0.06898302584886551
10176,0.07850035279989243
10177,0.023948345333337784
10178,0.034528881311416626
10179,0.0331929549574852
10180,0.04696309566497803
10181,0.024804024025797844
10182,0.030504481866955757
10183,0.11397968977689743
10184,0.032041024416685104
10185,0.057906560599803925
10186,0.06697123497724533
10187,0.039319317787885666
10188,0.08129619807004929
10189,0.8703237175941467
10190,0.9268927574157715
10191,0.03997022286057472
10192,0.03937094658613205
10193,0.030210690572857857
10194,0.020756088197231293
10195,0.05077528953552246
10196,0.054127730429172516
10197,0.09721561521291733
10198,0.04185827821493149
10199,0.06463903188705444
10200,0.058113764971494675
10201,0.014405369758605957
10202,0.05525413528084755
10203,0.01728426106274128
10204,0.04458710178732872
10205,0.05315885692834854
10206,0.05680966377258301
10207,0.0385490283370018
10208,0.0385490283370018
10209,0.49041613936424255
10210,0.5652448534965515
10211,0.02030569687485695
10212,0.02030569687485695
10213,0.022373409941792488
10214,0.07328427582979202
10215,0.020232627168297768
10216,0.015144214034080505
10217,0.014610245823860168
10218,0.05554157495498657
10219,2.848924623322091e-6
10220,1.2083816045560525e-6
10221,1.2083816045560525e-6
10222,0.013782485388219357
10223,2.296033017046284e-6
10224,2.296033017046284e-6
10225,2.296033017046284e-6
10226,0.008626413531601429
10227,7.593314512632787e-5
10228,7.593314512632787e-5
10229,7.593314512632787e-5
10230,7.593314512632787e-5
10231,7.593314512632787e-5
10232,7.593314512632787e-5
10233,7.593314512632787e-5
10234,7.593314512632787e-5
10235,0.024754365906119347
10236,0.04438284784555435
10237,0.02836487628519535
10238,0.05017789453268051
10239,0.05017789453268051
10240,0.021545561030507088
10241,0.15341031551361084
10242,0.04259484261274338
10243,0.01161547377705574
10244,0.019935816526412964
10245,0.002268120413646102
10246,0.0017019954975694418
10247,0.0013421176699921489
10248,0.0012487747007980943
10249,7.673066575080156e-4
10250,7.724995957687497e-4
10251,0.003245227737352252
10252,3.4367002081125975e-4
10253,4.1511922609061003e-4
10254,8.87286732904613e-5
10255,2.218643930973485e-4
10256,3.679107176139951e-4
10257,3.393055230844766e-4
10258,7.999679655767977e-5
10259,0.012339215725660324
10260,0.012339215725660324
10261,0.012339215725660324
10262,0.012339215725660324
10263,0.04058084264397621
10264,0.04058084264397621
10265,0.04058084264397621
10266,0.04058084264397621
10267,0.0331905372440815
10268,0.0331905372440815
10269,0.0331905372440815
10270,0.0331905372440815
10271,0.0331905372440815
10272,0.0331905372440815
10273,0.0331905372440815
10274,0.0331905372440815
10275,0.0331905372440815
10276,0.0331905372440815
10277,0.0331905372440815
10278,0.0331905372440815
10279,0.013947254978120327
10280,0.012898646295070648
10281,0.012898646295070648
10282,0.012898646295070648
10283,0.012898646295070648
10284,0.018368979915976524
10285,0.005330728832632303
10286,0.019304053857922554
10287,0.0037235955242067575
10288,0.012845837511122227
10289,0.012845837511122227
10290,0.012845837511122227
10291,0.012845837511122227
10292,0.012845837511122227
10293,0.013286547735333443
10294,0.013286547735333443
10295,0.03846777230501175
10296,0.005334251560270786
10297,0.021497370675206184
10298,0.021497370675206184
10299,0.021497370675206184
10300,0.021497370675206184
10301,0.021497370675206184
10302,0.021497370675206184
10303,0.021497370675206184
10304,0.021497370675206184
10305,0.021497370675206184
10306,0.021497370675206184
10307,0.0214077178388834
10308,0.0214077178388834
10309,0.0214077178388834
10310,0.0214077178388834
10311,0.0214077178388834
10312,0.01358156930655241
10313,0.01358156930655241
10314,0.01358156930655241
10315,0.01358156930655241
10316,0.01358156930655241
10317,0.061598289757966995
10318,0.008903061971068382
10319,0.009300838224589825
10320,0.008703506551682949
10321,0.02449207566678524
10322,0.023417195305228233
10323,0.06653941422700882
10324,0.0064210472628474236
10325,0.0024662637151777744
10326,0.002448007697239518
10327,0.003829611698165536
10328,0.002688138745725155
10329,0.0025531179271638393
10330,0.0021432635840028524
10331,0.0012290002778172493
10332,8.412487804889679e-4
10333,6.278459914028645e-4
10334,2.6562836137600243e-4
10335,1.3163831317797303e-4
10336,2.9094760975567624e-5
10337,1.6247482562903315e-5
10338,4.882713619736023e-5
10339,3.8017486076569185e-5
10340,1.0637092600518372e-5
10341,2.2361032279150095e-6
10342,2.1044263576186495e-6
10343,3.890513653459493e-6
10344,1.7817985735746333e-6
10345,9.283628060074989e-6
10346,3.9340176272162353e-7
10347,6.362130875459115e-7
10348,2.2330866045194853e-7
10349,0.024125561118125916
10350,0.006204319652169943
10351,0.07977427542209625
10352,0.050148654729127884
10353,0.05676901340484619
10354,0.020143898203969002
10355,0.07013099640607834
10356,0.029097504913806915
10357,0.012649199925363064
10358,0.0034180458169430494
10359,0.021582843735814095
10360,0.00592644652351737
10361,0.07555101066827774
10362,0.40054425597190857
10363,0.28661397099494934
10364,0.26084238290786743
10365,0.008125846274197102
10366,0.011114269495010376
10367,0.0553487092256546
10368,0.05716603249311447
10369,0.049031686037778854
10370,0.055757082998752594
10371,0.024388780817389488
10372,0.057835664600133896
10373,0.05129163712263107
10374,0.05077654495835304
10375,0.026763642206788063
10376,0.042594704777002335
10377,0.042594704777002335
10378,0.06188599392771721
10379,0.01579698920249939
10380,0.05473506823182106
10381,0.060687366873025894
10382,0.8428738713264465
10383,0.010050537995994091
10384,0.8396698236465454
10385,0.25127553939819336
10386,0.018552567809820175
10387,0.046466704457998276
10388,0.0700543150305748
10389,0.7498449683189392
10390,0.031324032694101334
10391,0.05171994864940643
10392,0.021986795589327812
10393,0.007241987157613039
10394,0.007247182074934244
10395,0.007241987157613039
10396,0.007241987157613039
10397,0.007241987157613039
10398,0.026629192754626274
10399,0.007247178815305233
10400,0.021146051585674286
10401,0.019417840987443924
10402,0.15952986478805542
10403,0.005712679587304592
10404,0.005712679587304592
10405,0.005712679587304592
10406,0.005712679587304592
10407,0.005712679587304592
10408,0.005712679587304592
10409,0.005712679587304592
10410,0.005712679587304592
10411,0.005712679587304592
10412,0.005712679587304592
10413,0.005712679587304592
10414,0.005712679587304592
10415,0.005712679587304592
10416,0.005712679587304592
10417,0.005712679587304592
10418,0.0244655329734087
10419,0.014757754281163216
10420,0.0074321250431239605
10421,0.01795424148440361
10422,0.0024307221174240112
10423,0.056626513600349426
10424,0.0021939019206911325
10425,0.05700768902897835
10426,0.0028668369632214308
10427,0.002483310177922249
10428,4.6812742948532104e-4
10429,0.016460685059428215
10430,0.016828646883368492
10431,0.011705226264894009
10432,0.04838383570313454
10433,0.007819742895662785
10434,0.025599922984838486
10435,0.028576496988534927
10436,0.06296499818563461
10437,0.008063241839408875
10438,0.024737847968935966
10439,0.005096338223665953
10440,0.03523357957601547
10441,0.03313233330845833
10442,0.017251135781407356
10443,0.020727593451738358
10444,0.04526454582810402
10445,0.006022471468895674
10446,0.006022471468895674
10447,0.006022471468895674
10448,0.006022471468895674
10449,0.006022471468895674
10450,0.00976638775318861
10451,0.0035695950500667095
10452,0.06871214509010315
10453,0.013975277543067932
10454,0.0361638069152832
10455,0.006046415772289038
10456,0.006046415772289038
10457,0.0037659078370779753
10458,0.002879912732169032
10459,0.07689859718084335
10460,0.055592551827430725
10461,0.007480308413505554
10462,0.006162236910313368
10463,0.07689859718084335
10464,0.011020490899682045
10465,0.01720789074897766
10466,0.011020490899682045
10467,0.017322905361652374
10468,0.01720789074897766
10469,0.011020490899682045
10470,0.02539478987455368
10471,0.011020490899682045
10472,0.013349826447665691
10473,0.007067314349114895
10474,0.007067314349114895
10475,0.0032440403010696173
10476,0.020509863272309303
10477,0.060307733714580536
10478,0.00864875502884388
10479,0.022828416898846626
10480,0.026033442467451096
10481,0.00762599753215909
10482,0.43814870715141296
10483,0.06216197460889816
10484,0.005096966400742531
10485,0.005096966400742531
10486,0.030278805643320084
10487,0.010452792048454285
10488,0.008504126220941544
10489,0.01870489865541458
10490,0.015800228342413902
10491,0.02175155095756054
10492,0.03325466439127922
10493,0.07087097316980362
10494,0.024798985570669174
10495,0.004920274019241333
10496,0.04776040464639664
10497,0.0463416650891304
10498,0.004017222672700882
10499,0.003417123341932893
10500,0.0029536825604736805
10501,0.0012372513301670551
10502,0.002685417188331485
10503,0.0012411376228556037
10504,8.37265863083303e-4
10505,0.002623151056468487
10506,0.026311680674552917
10507,0.010087177157402039
10508,0.09776828438043594
10509,0.027992481365799904
10510,0.040158357471227646
10511,0.013266470283269882
10512,0.013266470283269882
10513,0.07092566043138504
10514,0.07092566043138504
10515,0.026429433375597
10516,0.0026065052952617407
10517,0.004253979306668043
10518,0.007342534605413675
10519,0.007342534605413675
10520,0.007342534605413675
10521,0.008456571027636528
10522,0.01207585446536541
10523,0.0076753804460167885
10524,0.003613262204453349
10525,0.006571352481842041
10526,0.004800120834261179
10527,0.007373621687293053
10528,0.011051956564188004
10529,0.019050151109695435
10530,0.021163370460271835
10531,0.04345685616135597
10532,0.011084353551268578
10533,0.036517538130283356
10534,0.036517538130283356
10535,0.031149398535490036
10536,0.030258679762482643
10537,0.15414102375507355
10538,0.09819958359003067
10539,0.028839245438575745
10540,0.027219600975513458
10541,0.0014146147295832634
10542,0.0816354751586914
10543,0.019823823124170303
10544,0.021659718826413155
10545,0.053428955376148224
10546,0.043272197246551514
10547,0.1606113612651825
10548,0.06109534204006195
10549,0.019823823124170303
10550,0.023121917620301247
10551,0.023121917620301247
10552,0.030969534069299698
10553,0.050359178334474564
10554,0.027301043272018433
10555,0.1654527485370636
10556,0.005784906912595034
10557,0.01060186792165041
10558,0.01038066390901804
10559,0.07361593842506409
10560,0.006417512893676758
10561,0.04197775200009346
10562,0.05840594321489334
10563,0.07968407869338989
10564,0.07361593842506409
10565,0.026513811200857162
10566,0.06126245856285095
10567,0.022117340937256813
10568,0.07412678003311157
10569,0.02845742367208004
10570,0.027462417259812355
10571,0.026553934440016747
10572,0.06962945312261581
10573,0.005954754538834095
10574,0.01782919652760029
10575,0.0286434143781662
10576,0.006602920591831207
10577,0.01782919652760029
10578,0.017357274889945984
10579,0.07504202425479889
10580,0.017357274889945984
10581,0.01782919652760029
10582,0.026553934440016747
10583,0.01782919652760029
10584,0.02653784118592739
10585,0.017133135348558426
10586,0.0737532302737236
10587,0.022659795358777046
10588,0.013625006191432476
10589,0.01782919652760029
10590,0.058264754712581635
10591,0.02877970039844513
10592,0.12130053341388702
10593,0.75689297914505
10594,0.01782919652760029
10595,9.86895407550037e-4
10596,0.037737756967544556
10597,0.019330408424139023
10598,0.008467510342597961
10599,0.005272220820188522
10600,0.03968946635723114
10601,0.013375300914049149
10602,0.03516118973493576
10603,0.009437520056962967
10604,0.0030486828181892633
10605,0.07924964278936386
10606,0.0074026393704116344
10607,0.020821234211325645
10608,0.05058654770255089
10609,0.06792469322681427
10610,0.02033858932554722
10611,0.018703769892454147
10612,0.009897292591631413
10613,0.03088730201125145
10614,0.009897292591631413
10615,0.1009167730808258
10616,0.02095090039074421
10617,0.03386148065328598
10618,0.012225009500980377
10619,0.046536222100257874
10620,0.010494903661310673
10621,0.007243087515234947
10622,0.06248418614268303
10623,0.012169482186436653
10624,0.012169482186436653
10625,0.024375073611736298
10626,0.028482964262366295
10627,0.06684287637472153
10628,0.015964357182383537
10629,0.06894832849502563
10630,0.024169793352484703
10631,0.05211909860372543
10632,0.07093586772680283
10633,0.01758304424583912
10634,0.023986782878637314
10635,0.02239779755473137
10636,0.03530631586909294
10637,0.06923399120569229
10638,0.02617035061120987
10639,0.12786640226840973
10640,0.00401642918586731
10641,0.10722581297159195
10642,0.004427573177963495
10643,0.004652097355574369
10644,0.006516927387565374
10645,0.005410681013017893
10646,0.003024983685463667
10647,0.0018747135763987899
10648,9.734626510180533e-4
10649,0.0027227988466620445
10650,5.913236527703702e-4
10651,1.8461162107996643e-4
10652,1.0109937284141779e-4
10653,6.006259718560614e-5
10654,0.021317247301340103
10655,0.0038774735294282436
10656,0.005379220470786095
10657,0.044461868703365326
10658,0.03864821791648865
10659,0.003991961479187012
10660,0.019829297438263893
10661,0.08078993111848831
10662,0.06060979887843132
10663,0.010594538412988186
10664,0.0044966633431613445
10665,0.010493327863514423
10666,0.002879328327253461
10667,0.0014994650846347213
10668,0.042111534625291824
10669,0.024253258481621742
10670,0.028040686622262
10671,0.024253258481621742
10672,0.032524362206459045
10673,0.028040686622262
10674,0.03326881676912308
10675,0.028040686622262
10676,0.028040686622262
10677,0.0523972287774086
10678,0.8032345175743103
10679,0.08340869098901749
10680,0.008675714954733849
10681,0.05254917964339256
10682,0.043638698756694794
10683,0.03083697520196438
10684,0.03859005495905876
10685,0.026051748543977737
10686,0.046109847724437714
10687,0.06635328382253647
10688,0.038828205317258835
10689,0.025526901707053185
10690,0.07200456410646439
10691,0.003392157144844532
10692,0.04020580276846886
10693,0.03237013891339302
10694,0.02890635095536709
10695,0.04539480805397034
10696,0.008878565393388271
10697,0.01492587011307478
10698,0.8343409299850464
10699,0.061108723282814026
10700,0.015983935445547104
10701,0.011599128134548664
10702,0.015983935445547104
10703,0.015983935445547104
10704,0.015983935445547104
10705,0.015983935445547104
10706,0.015983935445547104
10707,0.01155828032642603
10708,0.0030921355355530977
10709,0.005993136670440435
10710,0.002356518292799592
10711,9.675080655142665e-4
10712,0.01155828032642603
10713,0.004646177403628826
10714,0.007080225273966789
10715,0.005075371358543634
10716,0.002586530754342675
10717,0.0016480161575600505
10718,0.0011248564114794135
10719,8.822368690744042e-4
10720,0.01155828032642603
10721,0.020383736118674278
10722,0.009861340746283531
10723,0.005704130511730909
10724,0.0025078491307795048
10725,0.004544801544398069
10726,0.013175750151276588
10727,0.0134251918643713
10728,0.05096737667918205
10729,0.013175750151276588
10730,0.013175750151276588
10731,0.013175750151276588
10732,0.015965323895215988
10733,0.01416594535112381
10734,0.01416594535112381
10735,0.03207044675946236
10736,0.04186379909515381
10737,0.015467139892280102
10738,0.06602025032043457
10739,0.03692290931940079
10740,0.003428390249609947
10741,0.027579333633184433
10742,0.06818818300962448
10743,0.072049580514431
10744,0.04810367897152901
10745,0.028040874749422073
10746,0.012703532353043556
10747,0.009135119616985321
10748,0.001452151220291853
10749,0.002848167670890689
10750,0.002308532828465104
10751,0.001295423717238009
10752,0.018987582996487617
10753,0.058240365236997604
10754,0.023268867284059525
10755,0.07585885375738144
10756,0.028789186850190163
10757,0.041561271995306015
10758,0.015965323895215988
10759,0.028744561597704887
10760,0.015965323895215988
10761,0.015965323895215988
10762,0.006938996259123087
10763,0.009367940947413445
10764,0.012254422530531883
10765,0.01804151013493538
10766,0.009918637573719025
10767,0.015965323895215988
10768,0.028786012902855873
10769,0.045678071677684784
10770,0.020917359739542007
10771,0.35668954253196716
10772,0.04861953854560852
10773,0.036826398223638535
10774,0.01003302726894617
10775,0.00967483501881361
10776,0.01003302726894617
10777,0.01003302726894617
10778,0.01003302726894617
10779,0.009186438284814358
10780,0.013888964429497719
10781,0.07202668488025665
10782,0.07202668488025665
10783,0.060709159821271896
10784,0.1104290783405304
10785,0.016103055328130722
10786,0.06747610121965408
10787,0.00967483501881361
10788,0.010965947061777115
10789,0.010965947061777115
10790,0.006132689770311117
10791,0.006132689770311117
10792,0.006132689770311117
10793,0.006132689770311117
10794,0.03244038671255112
10795,0.04302904009819031
10796,0.021229878067970276
10797,0.006132689770311117
10798,0.02073606476187706
10799,0.07274462282657623
10800,0.05132240802049637
10801,0.015532116405665874
10802,0.015532116405665874
10803,0.05930131673812866
10804,0.012656920589506626
10805,0.04135599359869957
10806,0.011544701643288136
10807,0.005589527077972889
10808,0.007348880637437105
10809,0.0026544227730482817
10810,0.0022655020002275705
10811,0.0038112541660666466
10812,0.0031686921138316393
10813,0.0014870960731059313
10814,0.07207874953746796
10815,0.019599895924329758
10816,0.01317575667053461
10817,0.02214849926531315
10818,0.033342089504003525
10819,0.022159716114401817
10820,0.006335997022688389
10821,0.007945988327264786
10822,0.004017108120024204
10823,0.003525796812027693
10824,0.015212947502732277
10825,0.013339092023670673
10826,0.030324244871735573
10827,0.026768358424305916
10828,0.015073462389409542
10829,0.02112756483256817
10830,0.07371655106544495
10831,0.018142040818929672
10832,0.018142040818929672
10833,0.024154549464583397
10834,0.07358022779226303
10835,0.019293352961540222
10836,0.03636152669787407
10837,0.05716993659734726
10838,0.027012981474399567
10839,0.03242271766066551
10840,0.01872323453426361
10841,0.018336430191993713
10842,0.018336430191993713
10843,0.003979948349297047
10844,0.10377837717533112
10845,0.10377837717533112
10846,0.003463375847786665
10847,0.021732324734330177
10848,0.06346772611141205
10849,0.0350935272872448
10850,0.028506210073828697
10851,0.051728181540966034
10852,0.009944189339876175
10853,0.03511722385883331
10854,0.07476625591516495
10855,0.010472184047102928
10856,0.010472184047102928
10857,0.010472184047102928
10858,0.06958424299955368
10859,0.010472184047102928
10860,0.02046980708837509
10861,0.010472184047102928
10862,0.010472184047102928
10863,0.0204914640635252
10864,0.018336430191993713
10865,0.018336430191993713
10866,0.003463375847786665
10867,0.007749679032713175
10868,0.02184915915131569
10869,0.009783446788787842
10870,0.02338530123233795
10871,0.0034065372310578823
10872,0.03296473249793053
10873,0.026650935411453247
10874,0.021377237513661385
10875,0.05620817467570305
10876,0.02094685658812523
10877,0.05870033800601959
10878,0.8645093441009521
10879,0.02634521573781967
10880,0.0504288375377655
10881,0.010056834667921066
10882,0.02341090515255928
10883,0.01959928497672081
10884,0.04478023946285248
10885,0.04630954936146736
10886,0.01710626296699047
10887,0.007616872899234295
10888,0.029978131875395775
10889,0.030791889876127243
10890,0.037210240960121155
10891,0.024088159203529358
10892,0.037210240960121155
10893,0.037210240960121155
10894,0.029187796637415886
10895,0.019006744027137756
10896,0.0625552237033844
10897,0.035236723721027374
10898,0.023988302797079086
10899,0.0034811224322766066
10900,0.749565839767456
10901,0.045089662075042725
10902,0.045089662075042725
10903,0.018722841516137123
10904,0.08326325565576553
10905,0.8858843445777893
10906,0.07702820003032684
10907,0.043003376573324203
10908,0.7971199750900269
10909,0.0296021718531847
10910,0.06409301608800888
10911,0.02837550826370716
10912,0.03531866893172264
10913,0.035318680107593536
10914,0.03538864478468895
10915,0.12118276953697205
10916,0.7000436782836914
10917,0.020950553938746452
10918,0.028488894924521446
10919,0.00993624422699213
10920,0.020950553938746452
10921,0.017244264483451843
10922,0.020950553938746452
10923,0.020950553938746452
10924,0.01164436899125576
10925,0.020950553938746452
10926,0.05989670753479004
10927,0.07956740260124207
10928,0.06389783322811127
10929,0.028433477506041527
10930,0.019140470772981644
10931,0.019140470772981644
10932,0.019140470772981644
10933,0.00976667832583189
10934,0.006088624708354473
10935,0.003277520416304469
10936,0.0027645020745694637
10937,0.002433008048683405
10938,0.0026043951511383057
10939,0.019140470772981644
10940,0.04658486321568489
10941,0.022554200142621994
10942,0.04457040876150131
10943,0.03833939507603645
10944,0.04914918914437294
10945,0.013547662645578384
10946,0.012838365510106087
10947,0.02603420615196228
10948,0.06237489730119705
10949,0.051652103662490845
10950,0.007294530980288982
10951,0.0450349822640419
10952,0.015887422487139702
10953,0.026494324207305908
10954,0.0668867900967598
10955,0.028389835730195045
10956,0.026301708072423935
10957,0.015014474280178547
10958,0.025808364152908325
10959,0.015014474280178547
10960,0.015014474280178547
10961,0.02687045931816101
10962,0.007900374941527843
10963,0.05569976940751076
10964,0.03875201940536499
10965,0.009182662703096867
10966,0.02775038778781891
10967,0.020993271842598915
10968,0.07471726834774017
10969,0.06555058062076569
10970,0.04143258184194565
10971,0.00927056185901165
10972,0.8223509788513184
10973,0.07360737770795822
10974,0.06791769713163376
10975,0.05094348266720772
10976,0.02344708889722824
10977,0.021942323073744774
10978,0.04963347315788269
10979,0.010722783394157887
10980,0.02666020207107067
10981,0.009672467596828938
10982,0.036229055374860764
10983,0.03655834123492241
10984,0.12563751637935638
10985,0.08002001792192459
10986,0.018881497904658318
10987,0.006453224457800388
10988,0.018161863088607788
10989,0.038078900426626205
10990,0.01134242583066225
10991,0.03921566531062126
10992,0.04266207665205002
10993,0.012634886428713799
10994,0.0220048651099205
10995,0.10572990775108337
10996,0.01970500871539116
10997,0.05460618436336517
10998,0.01970500871539116
10999,0.046956371515989304
11000,0.028101721778512
11001,0.017755359411239624
11002,0.01738951914012432
11003,0.015584590844810009
11004,0.05353676155209541
11005,0.035478491336107254
11006,0.027498168870806694
11007,0.07315970957279205
11008,0.05005848407745361
11009,0.008419547230005264
11010,0.026424113661050797
11011,0.1277250051498413
11012,0.037494972348213196
11013,0.01562582328915596
11014,0.015608626417815685
11015,0.010303951799869537
11016,0.021585583686828613
11017,0.009337007068097591
11018,0.01819019578397274
11019,0.015400273725390434
11020,0.022189706563949585
11021,0.00822707824409008
11022,0.04086313024163246
11023,0.10166552662849426
11024,0.11380833387374878
11025,0.027119360864162445
11026,0.0159040167927742
11027,0.016208991408348083
11028,0.018950536847114563
11029,0.019924741238355637
11030,0.05171801894903183
11031,0.04593025520443916
11032,0.02942279912531376
11033,0.031479425728321075
11034,0.030341990292072296
11035,0.014639780856668949
11036,0.020801043137907982
11037,0.020801043137907982
11038,0.017719177529215813
11039,0.03230028972029686
11040,0.05456659570336342
11041,0.05725814402103424
11042,0.034783389419317245
11043,0.04685080423951149
11044,0.025105945765972137
11045,0.045661091804504395
11046,0.013882703147828579
11047,0.019718648865818977
11048,0.008159478195011616
11049,0.009394063614308834
11050,0.021237995475530624
11051,0.005048539023846388
11052,0.011849815957248211
11053,0.005645745899528265
11054,0.004222789779305458
11055,0.002495942870154977
11056,0.03132933750748634
11057,0.016084671020507813
11058,0.00719428900629282
11059,0.006185642909258604
11060,0.005271000787615776
11061,0.013726966455578804
11062,0.014570776373147964
11063,0.008288059383630753
11064,0.07747959345579147
11065,0.01544320397078991
11066,0.05750109627842903
11067,0.00865614227950573
11068,0.029516004025936127
11069,0.015591534785926342
11070,0.017945341765880585
11071,0.02065753936767578
11072,0.0822022333741188
11073,0.023357000201940536
11074,0.03297315910458565
11075,0.014616206288337708
11076,0.03331191837787628
11077,0.014421959407627583
11078,0.12211425602436066
11079,0.029012227430939674
11080,0.009543868713080883
11081,0.012090722098946571
11082,0.01430536713451147
11083,0.07159353047609329
11084,0.04357512295246124
11085,0.019235190004110336
11086,0.02725338563323021
11087,0.04587903991341591
11088,0.04672795161604881
11089,0.010860863141715527
11090,0.013027550652623177
11091,0.015774201601743698
11092,0.016228673979640007
11093,0.07059416174888611
11094,0.01226373016834259
11095,0.02644682489335537
11096,0.024413181468844414
11097,0.03972085192799568
11098,0.007364954333752394
11099,0.02096761390566826
11100,0.03876910358667374
11101,0.012673597782850266
11102,0.019237784668803215
11103,0.018343325704336166
11104,0.025779061019420624
11105,0.01112378016114235
11106,0.01678065024316311
11107,0.018167033791542053
11108,0.00821688026189804
11109,0.005701510235667229
11110,0.006807773374021053
11111,0.013541718944907188
11112,0.014569093473255634
11113,0.024835554882884026
11114,0.012926027178764343
11115,0.022728392854332924
11116,0.018163464963436127
11117,0.006732481997460127
11118,0.014558492228388786
11119,0.006732481997460127
11120,0.020249713212251663
11121,0.041852448135614395
11122,0.026547636836767197
11123,0.006732481997460127
11124,0.006732481997460127
11125,0.006732481997460127
11126,0.006732481997460127
11127,0.006732481997460127
11128,0.006732481997460127
11129,0.006732481997460127
11130,0.012355620041489601
11131,0.006732481997460127
11132,0.0030272838193923235
11133,0.006732481997460127
11134,0.006732481997460127
11135,0.006732478737831116
11136,0.0029536099173128605
11137,0.006732481997460127
11138,0.006732481997460127
11139,0.006732481997460127
11140,0.006732481997460127
11141,0.013534421101212502
11142,0.01542219240218401
11143,0.046763867139816284
11144,0.03814169019460678
11145,0.019475780427455902
11146,0.007243530359119177
11147,0.04128720238804817
11148,0.051122620701789856
11149,0.016034388914704323
11150,0.008261297829449177
11151,0.012907507829368114
11152,0.005055638495832682
11153,0.019951393827795982
11154,0.010212036781013012
11155,0.009410220198333263
11156,0.003997554536908865
11157,0.011075570248067379
11158,0.0071746367029845715
11159,0.007538645528256893
11160,0.003966710064560175
11161,0.0071746367029845715
11162,0.007538645528256893
11163,0.02626371569931507
11164,0.012833072803914547
11165,0.0071746367029845715
11166,0.0071746367029845715
11167,0.05301687493920326
11168,0.007538649253547192
11169,0.03440716490149498
11170,0.08701064437627792
11171,0.04605696350336075
11172,0.005804149899631739
11173,0.005804149899631739
11174,0.04789434373378754
11175,0.054417531937360764
11176,0.03937074914574623
11177,0.01532527431845665
11178,0.009707839228212833
11179,0.02751047909259796
11180,0.02122977375984192
11181,0.08571184426546097
11182,0.05755448713898659
11183,0.02254367619752884
11184,0.009439905174076557
11185,0.006438245996832848
11186,0.20784863829612732
11187,0.011055189184844494
11188,0.01309177652001381
11189,0.005473989062011242
11190,0.015269112773239613
11191,0.008453049696981907
11192,0.012661266140639782
11193,0.054295964539051056
11194,0.029943261295557022
11195,0.030037248507142067
11196,0.34431079030036926
11197,0.08818314224481583
11198,0.05452847108244896
11199,0.06372486799955368
11200,0.015858246013522148
11201,0.007010503672063351
11202,0.015018359757959843
11203,0.013500797562301159
11204,0.007010503672063351
11205,0.007859770208597183
11206,0.02007853239774704
11207,0.06439690291881561
11208,0.054481763392686844
11209,0.033462319523096085
11210,0.031156474724411964
11211,0.0830967053771019
11212,0.036458518356084824
11213,0.024673616513609886
11214,0.04065573215484619
11215,0.10427980870008469
11216,0.021103080362081528
11217,0.09153896570205688
11218,0.23026201128959656
11219,0.014067224226891994
11220,0.014067224226891994
11221,0.01505858264863491
11222,0.014067224226891994
11223,0.014067224226891994
11224,0.014067224226891994
11225,0.08341096341609955
11226,0.8709917068481445
11227,0.029015270993113518
11228,0.06304353475570679
11229,0.030619598925113678
11230,0.008852745406329632
11231,0.4416359066963196
11232,0.03050697222352028
11233,0.04996997490525246
11234,0.3119190037250519
11235,0.030928075313568115
11236,0.053158897906541824
11237,0.053158897906541824
11238,0.01505858264863491
11239,0.030619598925113678
11240,0.23677369952201843
11241,0.23026201128959656
11242,0.006685956846922636
11243,0.014067224226891994
11244,0.014067224226891994
11245,0.014067224226891994
11246,0.009330904111266136
11247,0.009216295555233955
11248,0.02762674354016781
11249,0.026468273252248764
11250,0.011558307334780693
11251,0.02432451955974102
11252,0.02432451955974102
11253,0.048927437514066696
11254,0.024946043267846107
11255,0.059824734926223755
11256,0.007594922091811895
11257,0.011349630542099476
11258,0.017001129686832428
11259,0.017001129686832428
11260,0.005912747234106064
11261,0.011928614228963852
11262,0.008882351219654083
11263,0.01755729876458645
11264,0.00430903397500515
11265,0.01653118245303631
11266,0.02488090470433235
11267,0.02868643030524254
11268,0.03382185474038124
11269,0.010819372721016407
11270,0.004675108008086681
11271,0.005493827164173126
11272,0.010103708133101463
11273,0.005493827164173126
11274,0.022319769486784935
11275,0.02376364730298519
11276,0.010408397763967514
11277,0.012727441266179085
11278,0.030085863545536995
11279,0.012717575766146183
11280,0.0034249103628098965
11281,0.0034249103628098965
11282,0.0034249103628098965
11283,0.0034249103628098965
11284,0.005694747436791658
11285,0.08032121509313583
11286,0.017501020804047585
11287,0.0034249103628098965
11288,0.0034249103628098965
11289,0.024902768433094025
11290,0.010978774167597294
11291,0.013116950169205666
11292,0.030437584966421127
11293,0.07034129649400711
11294,0.018327459692955017
11295,0.00793499406427145
11296,0.003105324925854802
11297,0.01485999021679163
11298,0.01485999021679163
11299,0.05878637358546257
11300,0.025036418810486794
11301,0.03625784069299698
11302,0.02307025156915188
11303,0.03287966921925545
11304,0.011767340824007988
11305,0.0064623113721609116
11306,0.004109843634068966
11307,0.1737208068370819
11308,0.07717709243297577
11309,0.004024543333798647
11310,0.011275707744061947
11311,0.042940810322761536
11312,0.0034167186822742224
11313,0.05069156363606453
11314,0.03740596026182175
11315,0.06238183379173279
11316,0.071503646671772
11317,0.02085890807211399
11318,0.023571522906422615
11319,0.02221847139298916
11320,0.005621129181236029
11321,0.018191717565059662
11322,0.018191717565059662
11323,0.007383232936263084
11324,0.01825573854148388
11325,0.005736087914556265
11326,0.021166212856769562
11327,0.041829708963632584
11328,0.017548656091094017
11329,0.023067299276590347
11330,0.020052464678883553
11331,0.03409823402762413
11332,0.011139621958136559
11333,0.041346240788698196
11334,0.012181623838841915
11335,0.006378790829330683
11336,0.0031685971189290285
11337,0.0025597698986530304
11338,0.04076794162392616
11339,0.056868698447942734
11340,0.024750174954533577
11341,0.022114640101790428
11342,0.02437952719628811
11343,0.0478648766875267
11344,0.28504353761672974
11345,0.02956501953303814
11346,0.005970872938632965
11347,0.002757600275799632
11348,0.13531765341758728
11349,0.06003403663635254
11350,0.06101441755890846
11351,0.015099821612238884
11352,0.026023440062999725
11353,0.04714951664209366
11354,0.02402872033417225
11355,0.018999923020601273
11356,0.034012600779533386
11357,0.02295220084488392
11358,0.02657768316566944
11359,0.016224121674895287
11360,0.027980344370007515
11361,0.027980344370007515
11362,0.0356992669403553
11363,0.08134129643440247
11364,0.027168884873390198
11365,0.02091989852488041
11366,0.01912861317396164
11367,0.005973958410322666
11368,0.018090253695845604
11369,0.03122616931796074
11370,0.10006045550107956
11371,0.12480854988098145
11372,0.0678621232509613
11373,0.02114885486662388
11374,0.07011806964874268
11375,0.043699000030756
11376,0.042812708765268326
11377,0.03327092155814171
11378,0.027497736737132072
11379,0.02117106132209301
11380,0.03849908336997032
11381,0.02660060115158558
11382,0.72335052490234375
11383,0.07258016616106033
11384,0.7601072192192078
11385,0.01479093823581934
11386,0.01479093823581934
11387,0.06205374374985695
11388,0.04982868209481239
11389,0.024358125403523445
11390,0.03550583869218826
11391,0.032179515808820724
11392,0.06108512729406357
11393,0.007675583474338055
11394,0.008004816249012947
11395,0.016492445021867752
11396,0.016300048679113388
11397,0.15109463036060333
11398,0.027938932180404663
11399,0.03937532380223274
11400,0.07965623587369919
11401,0.010614856146275997
11402,0.03573329374194145
11403,0.00933336466550827
11404,0.025936394929885864
11405,0.005839257501065731
11406,0.016901234164834023
11407,0.39024287462234497
11408,0.39024287462234497
11409,0.63344407081604
11410,0.2305479794740677
11411,0.026004347950220108
11412,0.5205077528953552
11413,0.12948966026306152
11414,0.06372935324907303
11415,0.046176716685295105
11416,0.2533986270427704
11417,0.05905662849545479
11418,0.8291468620300293
11419,0.23272529244422913
11420,0.05277002975344658
11421,0.018388861790299416
11422,0.055870018899440765
11423,0.12893401086330414
11424,0.03463186323642731
11425,0.012480240315198898
11426,0.2235175520181656
11427,0.02324083261191845
11428,0.033142510801553726
11429,0.012480240315198898
11430,0.018660293892025948
11431,0.06303160637617111
11432,0.045878294855356216
11433,0.025479674339294434
11434,0.11695214360952377
11435,0.020556310191750526
11436,0.11695214360952377
11437,0.028300117701292038
11438,0.012599586509168148
11439,0.00967468786984682
11440,0.02012225240468979
11441,0.02083653025329113
11442,0.01893213950097561
11443,0.01893213950097561
11444,0.015303716994822025
11445,0.023163627833127975
11446,0.007273213006556034
11447,0.01893213950097561
11448,0.02956501953303814
11449,0.03089889883995056
11450,0.023163627833127975
11451,0.015311306342482567
11452,0.008238572627305984
11453,0.0071548111736774445
11454,0.0038200535345822573
11455,0.0027575292624533176
11456,0.01436321996152401
11457,0.009615517221391201
11458,0.02433294616639614
11459,0.042423661798238754
11460,0.014921838417649269
11461,0.023865392431616783
11462,0.02056705765426159
11463,0.03772792965173721
11464,0.026413241401314735
11465,0.02466726116836071
11466,0.006314439699053764
11467,0.006639380007982254
11468,0.009128953330218792
11469,0.07314648479223251
11470,0.006563941482454538
11471,0.0037089705001562834
11472,0.0032612746581435204
11473,0.01678748056292534
11474,0.016797218471765518
11475,0.09382233023643494
11476,0.028021367266774178
11477,0.019927121698856354
11478,0.010442834347486496
11479,0.017713135108351707
11480,0.05381367728114128
11481,0.005290495231747627
11482,0.005290495231747627
11483,0.0214039646089077
11484,0.03728257492184639
11485,0.010677088052034378
11486,0.019125375896692276
11487,0.0713392049074173
11488,0.03015628084540367
11489,0.009481427259743214
11490,0.006692413706332445
11491,0.009481427259743214
11492,0.026892006397247314
11493,0.015505896881222725
11494,0.012591931968927383
11495,0.02809014357626438
11496,0.02809116058051586
11497,0.06204654276371002
11498,0.07355175912380219
11499,0.017073189839720726
11500,0.011500677093863487
11501,0.022063303738832474
11502,0.008575445972383022
11503,0.028836606070399284
11504,0.004175231792032719
11505,0.0015099110314622521
11506,0.0012710534501820803
11507,0.015847904607653618
11508,0.04301257058978081
11509,0.008503090590238571
11510,0.020050305873155594
11511,0.008905014023184776
11512,0.06204816699028015
11513,0.01673259399831295
11514,0.017730502411723137
11515,0.01723015308380127
11516,0.017730502411723137
11517,0.018270909786224365
11518,0.032757557928562164
11519,0.033759862184524536
11520,0.02340792492032051
11521,0.06464841216802597
11522,0.019856346771121025
11523,0.02823825553059578
11524,0.07907474786043167
11525,0.013970737345516682
11526,0.013774769380688667
11527,0.017150092869997025
11528,0.0172580499202013
11529,0.05869472771883011
11530,0.016730429604649544
11531,0.014154736883938313
11532,0.40704211592674255
11533,0.029744552448391914
11534,0.02021912857890129
11535,0.01775379665195942
11536,0.05417544022202492
11537,0.01706133596599102
11538,0.03864173963665962
11539,0.020078182220458984
11540,0.06163537874817848
11541,0.029381612315773964
11542,0.017375947907567024
11543,0.008066973648965359
11544,0.00928416196256876
11545,0.00928416196256876
11546,0.016434919089078903
11547,0.00928416196256876
11548,0.0769505575299263
11549,0.032250721007585526
11550,0.03406999632716179
11551,0.056081321090459824
11552,0.01813170313835144
11553,0.02388043701648712
11554,0.00971013680100441
11555,0.03435669466853142
11556,0.004714935552328825
11557,0.007792922668159008
11558,0.007792922668159008
11559,0.20796126127243042
11560,0.012276571244001389
11561,0.02117796242237091
11562,0.06155283376574516
11563,0.0032838708721101284
11564,0.04113262891769409
11565,0.009525747038424015
11566,0.021772896870970726
11567,0.00986835453659296
11568,0.00986835453659296
11569,0.00986835453659296
11570,0.015409374609589577
11571,0.028813807293772697
11572,0.015427947975695133
11573,0.05997149646282196
11574,0.012447860091924667
11575,0.024908222258090973
11576,0.008569326251745224
11577,0.024908222258090973
11578,0.008569326251745224
11579,0.024908222258090973
11580,0.015123263001441956
11581,0.016423547640442848
11582,0.01562734879553318
11583,0.020755521953105927
11584,0.07223571836948395
11585,0.01590711623430252
11586,0.01188358012586832
11587,0.011347941122949123
11588,0.019771190360188484
11589,0.022506913170218468
11590,0.11868929862976074
11591,0.0505828820168972
11592,0.03386789187788963
11593,0.021421456709504128
11594,0.019125383347272873
11595,0.020565472543239594
11596,0.0778302326798439
11597,0.08846931904554367
11598,0.07715695351362228
11599,0.019147083163261414
11600,0.4841812551021576
11601,0.012736179865896702
11602,0.012736179865896702
11603,0.49386292695999146
11604,0.123633973300457
11605,0.016521425917744637
11606,0.06110633164644241
11607,0.05838897451758385
11608,0.04459703713655472
11609,0.265938401222229
11610,0.5071325302124023
11611,0.026694076135754585
11612,0.009318804368376732
11613,0.06217394396662712
11614,0.030459653586149216
11615,0.04176897555589676
11616,0.04219190403819084
11617,0.028524599969387054
11618,0.0636267140507698
11619,0.020314643159508705
11620,0.02689508907496929
11621,0.02128387615084648
11622,0.07091836631298065
11623,0.006504485383629799
11624,0.0020165028981864452
11625,0.016336670145392418
11626,0.024205008521676064
11627,0.02168603613972664
11628,0.030875444412231445
11629,0.031122853979468346
11630,0.03113260306417942
11631,0.0563725046813488
11632,0.04366356134414673
11633,0.014702881686389446
11634,0.05236941576004028
11635,0.022339679300785065
11636,0.027156975120306015
11637,0.025446457788348198
11638,0.01207258366048336
11639,0.007228766102343798
11640,0.017482664436101913
11641,0.016491277143359184
11642,0.012552596628665924
11643,0.04965612664818764
11644,0.027048476040363312
11645,0.013036645948886871
11646,0.08579879254102707
11647,0.07172854989767075
11648,0.05371495708823204
11649,0.04121917113661766
11650,0.01634031906723976
11651,0.024044016376137733
11652,0.01868280954658985
11653,0.015731733292341232
11654,0.015454183332622051
11655,0.05098523944616318
11656,0.030643455684185028
11657,0.02629016526043415
11658,0.06444893777370453
11659,0.058342110365629196
11660,0.038151998072862625
11661,0.026689710095524788
11662,0.36185482144355774
11663,0.02042088843882084
11664,0.020681088790297508
11665,0.016463009640574455
11666,0.7802733182907104
11667,0.05694856122136116
11668,0.03231695666909218
11669,0.07895015925168991
11670,0.034241728484630585
11671,0.81803297996521
11672,0.05225767940282822
11673,0.03203156590461731
11674,0.4443669021129608
11675,0.014497406780719757
11676,0.0180972907692194
11677,0.0665256530046463
11678,0.017232535406947136
11679,0.07095281034708023
11680,0.009483817964792252
11681,0.029777275398373604
11682,0.017232535406947136
11683,0.017232535406947136
11684,0.017232535406947136
11685,0.017232535406947136
11686,0.01254623755812645
11687,0.011758611537516117
11688,0.011758611537516117
11689,0.05924954637885094
11690,0.0180972907692194
11691,0.07852723449468613
11692,0.027123859152197838
11693,0.018489893525838852
11694,0.013710631057620049
11695,0.015282492153346539
11696,0.044140249490737915
11697,0.017599664628505707
11698,0.07009811699390411
11699,0.01598161831498146
11700,0.07486076653003693
11701,0.06161639466881752
11702,0.0104376170784235
11703,0.07820639759302139
11704,0.017849290743470192
11705,0.030824771150946617
11706,0.01953640766441822
11707,0.6949042081832886
11708,0.09339983761310577
11709,0.02348593808710575
11710,0.023659486323595047
11711,0.02627863921225071
11712,0.016338542103767395
11713,0.01877644844353199
11714,0.01098265964537859
11715,0.23831655085086823
11716,0.07866254448890686
11717,0.010244970209896564
11718,0.05267038568854332
11719,0.039910558611154556
11720,0.1327916979789734
11721,0.04919460415840149
11722,0.034743450582027435
11723,0.10841754823923111
11724,0.017727753147482872
11725,0.6062480807304382
11726,0.07972479611635208
11727,0.007355446927249432
11728,0.023732637986540794
11729,0.01864854246377945
11730,0.04152759164571762
11731,0.04497974365949631
11732,0.015985818579792976
11733,0.19662122428417206
11734,0.011358601972460747
11735,0.12497128546237946
11736,0.016148220747709274
11737,0.11402395367622375
11738,0.02380903623998165
11739,0.04929487779736519
11740,0.017726948484778404
11741,0.023259421810507774
11742,0.015121984295547009
11743,0.136568084359169
11744,0.049532823264598846
11745,0.2940003275871277
11746,0.02370859682559967
11747,0.07880114763975143
11748,0.016845639795064926
11749,0.05189397558569908
11750,0.029437242075800896
11751,0.07756006717681885
11752,0.019442953169345856
11753,0.011662053875625134
11754,0.015093185007572174
11755,0.029480159282684326
11756,0.057565685361623764
11757,0.020131386816501617
11758,0.013818497769534588
11759,0.05563662201166153
11760,0.014093768782913685
11761,0.025452034547924995
11762,0.023213418200612068
11763,0.06970483064651489
11764,0.055475909262895584
11765,0.16385573148727417
11766,0.025416718795895576
11767,0.017747260630130768
11768,0.17186328768730164
11769,0.014890764839947224
11770,0.036085739731788635
11771,0.019956449046730995
11772,0.026766683906316757
11773,0.05526190251111984
11774,0.04941582679748535
11775,0.05035942792892456
11776,0.07869087159633636
11777,0.021474618464708328
11778,0.05137501284480095
11779,0.023958763107657433
11780,0.03166666254401207
11781,0.027314307168126106
11782,0.019687747582793236
11783,0.017599664628505707
11784,0.021345343440771103
11785,0.06652166694402695
11786,0.04509168490767479
11787,0.02474808320403099
11788,0.028877323493361473
11789,0.010802371427416801
11790,0.040589526295661926
11791,0.03319573402404785
11792,0.031939078122377396
11793,0.04834085330367088
11794,0.13436450064182281
11795,0.050810057669878006
11796,0.022694256156682968
11797,0.39561009407043457
11798,0.4170587956905365
11799,0.025357088074088097
11800,0.033385276794433594
11801,0.012254012748599052
11802,0.012435146607458591
11803,0.012254012748599052
11804,0.012435146607458591
11805,0.010635432787239552
11806,0.012435146607458591
11807,0.012435146607458591
11808,0.010501903481781483
11809,0.010417005978524685
11810,0.010495917871594429
11811,0.012435146607458591
11812,0.012435146607458591
11813,0.012435146607458591
11814,0.012254012748599052
11815,0.010635432787239552
11816,0.010635432787239552
11817,0.010401660576462746
11818,0.010495917871594429
11819,0.012435146607458591
11820,0.010635432787239552
11821,0.010495917871594429
11822,0.01022812444716692
11823,0.07997852563858032
11824,0.012435146607458591
11825,0.049817681312561035
11826,0.02370358072221279
11827,0.906869649887085
11828,0.185569629073143
11829,0.012435146607458591
11830,0.03289492800831795
11831,0.06492146849632263
11832,0.02169608324766159
11833,0.6077349185943604
11834,0.02763405814766884
11835,0.012129005044698715
11836,0.012246938422322273
11837,0.012246938422322273
11838,0.012246938422322273
11839,0.012246944010257721
11840,0.05850120261311531
11841,0.018419593572616577
11842,0.08401022106409073
11843,0.04423753544688225
11844,0.06895381957292557
11845,0.02506089024245739
11846,0.04595635086297989
11847,0.018298834562301636
11848,0.029106345027685165
11849,0.028010020032525063
11850,0.06465000659227371
11851,0.025973133742809296
11852,0.014991620555520058
11853,0.025914838537573814
11854,0.6996275186538696
11855,0.03649156913161278
11856,0.055970147252082825
11857,0.07484573870897293
11858,0.043627478182315826
11859,0.05694304034113884
11860,0.07994560152292252
11861,0.06632586568593979
11862,5.081472918391228e-4
11863,0.5975726246833801
11864,0.031121384352445602
11865,0.014452674426138401
11866,0.025291278958320618
11867,0.0238365326076746
11868,0.056468892842531204
11869,0.019120359793305397
11870,0.004209505394101143
11871,0.022912973538041115
11872,0.019612755626440048
11873,0.041966427117586136
11874,0.02809489704668522
11875,0.056251410394907
11876,0.05231239274144173
11877,0.021057114005088806
11878,0.06255485117435455
11879,0.06989176571369171
11880,0.017254935577511787
11881,0.031163860112428665
11882,0.6912984251976013
11883,0.027656951919198036
11884,0.025286078453063965
11885,0.04916775971651077
11886,0.01583152823150158
11887,0.01043877936899662
11888,0.004029587376862764
11889,0.7217249870300293
11890,0.28965383768081665
11891,0.2934354543685913
11892,0.025930659845471382
11893,0.6676110029220581
11894,0.06002287194132805
11895,0.32490023970603943
11896,0.8854918479919434
11897,0.026048343628644943
11898,5.705562653020024e-4
11899,0.010610519908368587
11900,0.2797061800956726
11901,0.04434824734926224
11902,0.019716380164027214
11903,0.02823268622159958
11904,0.01809387467801571
11905,0.059068042784929276
11906,0.5471171736717224
11907,0.0522463358938694
11908,0.8627074956893921
11909,0.008049946278333664
11910,0.03448832035064697
11911,0.019541297107934952
11912,0.009647874161601067
11913,0.009647874161601067
11914,0.00965291541069746
11915,0.03447467088699341
11916,0.10243029147386551
11917,0.04006160795688629
11918,0.051014430820941925
11919,0.08441794663667679
11920,0.76246178150177
11921,0.24642974138259888
11922,0.07221201807260513
11923,0.021162280812859535
11924,0.024209357798099518
11925,0.05155738443136215
11926,0.08169218897819519
11927,0.014615217223763466
11928,0.06695479899644852
11929,0.04506797716021538
11930,0.04226943477988243
11931,0.099355548620224
11932,0.06548801809549332
11933,0.008248567581176758
11934,0.027141902595758438
11935,0.49132949113845825
11936,0.05084460228681564
11937,0.8832639455795288
11938,0.045053910464048386
11939,0.06025323644280434
11940,0.44574421644210815
11941,0.059857334941625595
11942,0.054825395345687866
11943,0.05989105999469757
11944,0.05322596803307533
11945,0.06372936815023422
11946,0.025578511878848076
11947,0.015658274292945862
11948,0.06745140254497528
11949,0.021953629329800606
11950,0.0020536642987281084
11951,0.021063484251499176
11952,0.00857351254671812
11953,0.07368176430463791
11954,0.025982609018683434
11955,0.027131956070661545
11956,0.01767903007566929
11957,0.025982609018683434
11958,0.02000678889453411
11959,0.02507881633937359
11960,0.037016384303569794
11961,0.0575387179851532
11962,0.01767903007566929
11963,0.0192234106361866
11964,0.05109281465411186
11965,0.022989945486187935
11966,0.025982609018683434
11967,0.025982609018683434
11968,0.025982609018683434
11969,0.01743374951183796
11970,0.012632816098630428
11971,0.022318048402667046
11972,0.01767903007566929
11973,0.025982609018683434
11974,0.006187361665070057
11975,0.025982609018683434
11976,0.025982609018683434
11977,0.02507881633937359
11978,0.01155542116612196
11979,0.018132708966732025
11980,0.015883635729551315
11981,0.039476145058870316
11982,0.008042281493544579
11983,0.008042281493544579
11984,0.043656714260578156
11985,0.006586323492228985
11986,0.012557301670312881
11987,0.02590133622288704
11988,0.02590133622288704
11989,0.025874793529510498
11990,0.01799396425485611
11991,0.013632550835609436
11992,0.008950960822403431
11993,0.02600688673555851
11994,0.008472038432955742
11995,0.005594401154667139
11996,0.02049649879336357
11997,0.01841271109879017
11998,0.010356592014431953
11999,0.024310695007443428
12000,0.0042985472828149796
12001,0.015580560080707073
12002,0.0025069117546081543
12003,0.013976703397929668
12004,0.002324899425730109
12005,0.02638547495007515
12006,0.005756198428571224
12007,0.0061249579302966595
12008,0.011107302270829678
12009,0.00850833673030138
12010,0.014130177907645702
12011,0.015138760209083557
12012,0.04464080184698105
12013,0.011936007998883724
12014,0.023709522560238838
12015,0.013086775317788124
12016,0.01578858308494091
12017,0.01698974519968033
12018,0.018070917576551437
12019,0.010411005467176437
12020,0.007351646199822426
12021,0.021076738834381104
12022,0.017483819276094437
12023,0.015039606019854546
12024,0.018228692933917046
12025,0.015451839193701744
12026,0.595224916934967
12027,0.014493339695036411
12028,0.012175061739981174
12029,0.016594214364886284
12030,0.03940049558877945
12031,0.023338278755545616
12032,0.8149961829185486
12033,0.0569375678896904
12034,0.039065953344106674
12035,0.01037545409053564
12036,0.013028482906520367
12037,0.02512863278388977
12038,0.03867528215050697
12039,0.01203858107328415
12040,0.018457336351275444
12041,0.04463896155357361
12042,0.031655628234148026
12043,0.010004620999097824
12044,0.016853366047143936
12045,0.012388479895889759
12046,0.042577143758535385
12047,0.010988077148795128
12048,0.05419700965285301
12049,0.013619662262499332
12050,0.013028482906520367
12051,0.012407058849930763
12052,0.009513355791568756
12053,0.019405532628297806
12054,0.017229409888386726
12055,0.01323103066533804
12056,0.05409148707985878
12057,0.0742998793721199
12058,0.01188395544886589
12059,0.016055071726441383
12060,0.042577143758535385
12061,0.00974502693861723
12062,0.12414833158254623
12063,0.024722056463360786
12064,0.020423969253897667
12065,0.06927205622196198
12066,0.030269300565123558
12067,0.04345198720693588
12068,0.03938423842191696
12069,0.04254362732172012
12070,0.04848445579409599
12071,0.032498400658369064
12072,0.029614312574267387
12073,0.056407783180475235
12074,0.008918942883610725
12075,0.02357989363372326
12076,0.008057069964706898
12077,0.06369588524103165
12078,0.006450097542256117
12079,0.05032108351588249
12080,0.0635061040520668
12081,0.04055760055780411
12082,0.039698611944913864
12083,0.0446699857711792
12084,0.02198835276067257
12085,0.018599139526486397
12086,0.06360016018152237
12087,0.03575712814927101
12088,0.009874864481389523
12089,0.01242102961987257
12090,0.006143525708466768
12091,0.011444047093391418
12092,0.009070591069757938
12093,0.03832095488905907
12094,0.032445937395095825
12095,0.03239450603723526
12096,0.008692632429301739
12097,0.04624364525079727
12098,0.0572633370757103
12099,0.026808813214302063
12100,0.008156286552548409
12101,0.02442368119955063
12102,0.01985529623925686
12103,0.14246243238449097
12104,0.04193331301212311
12105,0.008145933039486408
12106,0.012435444630682468
12107,0.005031110718846321
12108,0.0272322129458189
12109,0.008861071430146694
12110,0.0114397332072258
12111,0.015468163415789604
12112,0.015468163415789604
12113,0.020611312240362167
12114,0.016010379418730736
12115,0.019949201494455338
12116,0.02970040589570999
12117,0.027881938964128494
12118,0.12174422293901443
12119,0.01664593070745468
12120,0.017734646797180176
12121,0.027568895369768143
12122,0.00539741525426507
12123,0.012835901230573654
12124,0.011761304922401905
12125,0.005717587191611528
12126,3.34203417878598e-4
12127,8.941887062974274e-4
12128,0.0016613455954939127
12129,1.0552905587246642e-4
12130,1.7995300004258752e-4
12131,0.028525210916996002
12132,0.01068149134516716
12133,0.006315217353403568
12134,0.031693633645772934
12135,0.010422183200716972
12136,0.008297747932374477
12137,0.023684630170464516
12138,0.008946668356657028
12139,0.026781907305121422
12140,0.016119783744215965
12141,0.010524044744670391
12142,0.010524044744670391
12143,0.014748251996934414
12144,0.012203976511955261
12145,0.011851098388433456
12146,0.021452290937304497
12147,0.037158649414777756
12148,0.006851352751255035
12149,0.011302420869469643
12150,0.22522889077663422
12151,0.02238388918340206
12152,0.025278888642787933
12153,0.025278888642787933
12154,0.010324937291443348
12155,0.026043081656098366
12156,0.04265527427196503
12157,0.12533186376094818
12158,0.12183775007724762
12159,0.026043081656098366
12160,0.007044460624456406
12161,0.016426483169198036
12162,0.009158962406218052
12163,0.05609678849577904
12164,0.023193808272480965
12165,0.029137620702385902
12166,0.013276748359203339
12167,0.012478042393922806
12168,0.02775886468589306
12169,0.02775886468589306
12170,0.02775886468589306
12171,0.030652977526187897
12172,0.009448143653571606
12173,0.017173731699585915
12174,0.025208113715052605
12175,0.05873049050569534
12176,0.05641687288880348
12177,0.034217990934848785
12178,0.019805079326033592
12179,0.010850018821656704
12180,0.027276970446109772
12181,0.012478042393922806
12182,0.012478042393922806
12183,0.030064567923545837
12184,0.0045287092216312885
12185,0.046244651079177856
12186,0.01132423896342516
12187,0.03160268813371658
12188,0.029858585447072983
12189,0.02036643773317337
12190,0.0785074308514595
12191,0.03766297921538353
12192,0.015367807820439339
12193,0.22432690858840942
12194,0.04282001778483391
12195,0.006411668844521046
12196,0.006411668844521046
12197,0.007599512115120888
12198,0.037796150892972946
12199,0.01756826415657997
12200,0.01756826415657997
12201,0.01756826415657997
12202,0.010454913601279259
12203,0.01756826415657997
12204,0.01756826415657997
12205,0.030095575377345085
12206,0.044581130146980286
12207,0.05071582272648811
12208,0.035604264587163925
12209,0.011034886352717876
12210,0.03987318277359009
12211,0.02284465916454792
12212,0.0635823979973793
12213,0.018528910353779793
12214,0.025805246084928513
12215,0.0020006007980555296
12216,0.015351583249866962
12217,0.04479014500975609
12218,0.02278178185224533
12219,0.027374520897865295
12220,0.02522108145058155
12221,0.061021409928798676
12222,0.02534409426152706
12223,0.012098054401576519
12224,0.018020140007138252
12225,0.020935330539941788
12226,0.039069537073373795
12227,0.01818217895925045
12228,0.04871847853064537
12229,0.029165659099817276
12230,0.009882043115794659
12231,0.04594884440302849
12232,0.06987261027097702
12233,0.01288414467126131
12234,0.03820627182722092
12235,0.04954100027680397
12236,0.007466521114110947
12237,0.0783117339015007
12238,0.039981719106435776
12239,0.020722227171063423
12240,0.05619923025369644
12241,0.05619923025369644
12242,0.02078416384756565
12243,0.0044518508948385715
12244,0.02519846521317959
12245,0.009789615869522095
12246,0.008356099016964436
12247,0.013778883032500744
12248,0.01975870504975319
12249,0.019778165966272354
12250,0.014163954183459282
12251,0.0441083088517189
12252,0.014163954183459282
12253,0.08925452828407288
12254,0.014163954183459282
12255,0.02620793879032135
12256,0.5853702425956726
12257,0.014829274266958237
12258,0.12008883059024811
12259,0.014163954183459282
12260,0.014163954183459282
12261,0.02748621068894863
12262,0.01287461444735527
12263,0.062363531440496445
12264,0.03159194439649582
12265,0.030225416645407677
12266,0.013068976812064648
12267,0.015134396031498909
12268,0.0252507496625185
12269,0.011158831417560577
12270,0.010223761200904846
12271,0.016845490783452988
12272,0.017225472256541252
12273,0.02666565403342247
12274,0.02666565403342247
12275,0.13695628941059113
12276,0.5368338823318481
12277,0.8607341647148132
12278,0.011208954267203808
12279,0.07199784368276596
12280,0.06042681261897087
12281,0.024192646145820618
12282,0.008817674592137337
12283,0.03431868925690651
12284,0.00868962798267603
12285,0.02084282599389553
12286,0.038401372730731964
12287,0.05794759467244148
12288,0.019187575206160545
12289,0.05114202946424484
12290,0.017028093338012695
12291,0.008543809875845909
12292,0.024482136592268944
12293,0.01284177415072918
12294,0.024482136592268944
12295,0.01766180992126465
12296,0.024482136592268944
12297,0.01766180992126465
12298,0.024482136592268944
12299,0.020087242126464844
12300,0.049626827239990234
12301,0.024482136592268944
12302,0.062232255935668945
12303,0.009433678351342678
12304,0.021075330674648285
12305,0.028456849977374077
12306,0.014742535538971424
12307,0.05892270803451538
12308,0.020983388647437096
12309,0.01766180992126465
12310,0.01839994266629219
12311,0.07550209015607834
12312,0.05577018857002258
12313,0.018485955893993378
12314,0.023496555164456367
12315,0.013332008384168148
12316,0.03760720044374466
12317,0.014382544904947281
12318,0.01091640442609787
12319,0.028900224715471268
12320,0.4573556184768677
12321,0.013323687948286533
12322,0.022858230397105217
12323,0.017623698338866234
12324,0.017211928963661194
12325,0.018783578649163246
12326,0.054370567202568054
12327,0.07880784571170807
12328,0.17971667647361755
12329,0.011189636774361134
12330,0.01187625341117382
12331,0.046750497072935104
12332,0.028793444857001305
12333,0.02793402038514614
12334,0.05287903547286987
12335,0.04803060367703438
12336,0.02775932103395462
12337,0.023091312497854233
12338,0.036850906908512115
12339,0.04290042072534561
12340,0.00798901915550232
12341,0.528052806854248
12342,0.10548369586467743
12343,0.13147442042827606
12344,0.010859020054340363
12345,0.01889205537736416
12346,0.016581768169999123
12347,0.018235454335808754
12348,0.07832857966423035
12349,0.06645791977643967
12350,0.17227520048618317
12351,0.012310140766203403
12352,0.05246125906705856
12353,0.0218711756169796
12354,0.09653298556804657
12355,0.011633213609457016
12356,0.026371996849775314
12357,0.02421858347952366
12358,0.01693866215646267
12359,0.050677590072155
12360,0.4387880861759186
12361,0.03159947320818901
12362,0.06818979233503342
12363,0.8995471596717834
12364,0.07656965404748917
12365,0.02255714312195778
12366,0.8289857506752014
12367,0.026878003031015396
12368,0.014457606710493565
12369,0.016664978116750717
12370,0.025736229494214058
12371,0.050152044743299484
12372,0.9022536873817444
12373,0.017820965498685837
12374,0.014203805476427078
12375,0.020251676440238953
12376,0.09748757630586624
12377,0.05484592169523239
12378,0.025736229494214058
12379,0.013224092312157154
12380,0.5069100856781006
12381,0.024126654490828514
12382,0.01360310148447752
12383,0.017047299072146416
12384,0.7726180553436279
12385,0.025864340364933014
12386,0.025697974488139153
12387,0.018974564969539642
12388,0.01284177415072918
12389,0.04260328412055969
12390,0.016724664717912674
12391,0.020702311769127846
12392,0.03388695791363716
12393,0.025802824646234512
12394,0.019738953560590744
12395,0.011162340641021729
12396,0.046081963926553726
12397,0.0535590797662735
12398,0.09898270666599274
12399,0.042402610182762146
12400,0.05779748409986496
12401,0.06210295483469963
12402,0.07017377018928528
12403,0.027444448322057724
12404,0.0419023372232914
12405,0.008878509514033794
12406,0.04194667562842369
12407,0.017865588888525963
12408,0.012632816098630428
12409,0.01441796775907278
12410,0.027020419016480446
12411,0.022359699010849
12412,0.03003997914493084
12413,0.5589030981063843
12414,0.028903719037771225
12415,0.028903711587190628
12416,0.028903711587190628
12417,0.017249703407287598
12418,0.017249703407287598
12419,0.017249703407287598
12420,0.025188488885760307
12421,0.062219053506851196
12422,0.07737372070550919
12423,0.010854179970920086
12424,0.4999955892562866
12425,0.01281597651541233
12426,0.005953439045697451
12427,0.006437028758227825
12428,0.012658398598432541
12429,0.015533202327787876
12430,0.018198926001787186
12431,0.025236260145902634
12432,0.012717978097498417
12433,0.04907778650522232
12434,0.017203576862812042
12435,0.01622629165649414
12436,0.681823194026947
12437,0.03808118775486946
12438,0.00949221570044756
12439,0.3840804696083069
12440,0.027023566886782646
12441,0.05181269347667694
12442,0.02635835111141205
12443,0.04658246040344238
12444,0.04361981526017189
12445,0.042181096971035004
12446,0.02691376581788063
12447,0.028600214049220085
12448,0.027919059619307518
12449,0.026692572981119156
12450,0.026801427826285362
12451,0.0359702929854393
12452,0.05781422182917595
12453,0.045923128724098206
12454,0.23600880801677704
12455,0.6625752449035645
12456,0.656599223613739
12457,0.05254800617694855
12458,0.02158169262111187
12459,0.04293327033519745
12460,0.04061362147331238
12461,0.0616452656686306
12462,0.03685576468706131
12463,0.015429629012942314
12464,0.023089833557605743
12465,0.02073175087571144
12466,0.044987279921770096
12467,0.01936095952987671
12468,0.020336182788014412
12469,0.018136417493224144
12470,0.044595494866371155
12471,0.016469541937112808
12472,0.009447059594094753
12473,0.009447059594094753
12474,0.10605189949274063
12475,0.061262570321559906
12476,0.054072581231594086
12477,0.010262502357363701
12478,0.02737906202673912
12479,0.05407257005572319
12480,0.019652394577860832
12481,0.007474752143025398
12482,0.016715100035071373
12483,0.013279666192829609
12484,0.08797697722911835
12485,0.02373402751982212
12486,0.02373402751982212
12487,0.01589474454522133
12488,0.09271281957626343
12489,0.015092866495251656
12490,0.02890339121222496
12491,0.062166422605514526
12492,0.044986434280872345
12493,0.01085991133004427
12494,0.01811334863305092
12495,0.027974043041467667
12496,0.02763664536178112
12497,0.12472494691610336
12498,0.019999267533421516
12499,0.05955123528838158
12500,0.01802545040845871
12501,0.02528894506394863
12502,0.024533001706004143
12503,0.020463956519961357
12504,0.02349902130663395
12505,0.020463956519961357
12506,0.07781696319580078
12507,0.02407541498541832
12508,0.01047820970416069
12509,0.03493021801114082
12510,0.05636010318994522
12511,0.033601898699998856
12512,0.012337598949670792
12513,0.052244678139686584
12514,0.01660969667136669
12515,0.03036300092935562
12516,0.017518041655421257
12517,0.06711959093809128
12518,0.04663083702325821
12519,2.1152262343093753e-4
12520,0.016703223809599876
12521,0.030549516901373863
12522,0.012456879019737244
12523,0.061649128794670105
12524,0.05705966800451279
12525,0.013641126453876495
12526,0.13020552694797516
12527,0.050061602145433426
12528,0.35839569568634033
12529,0.012894672341644764
12530,0.06398560851812363
12531,0.02516760304570198
12532,0.06148000806570053
12533,0.01759607158601284
12534,0.0478130541741848
12535,0.013593723997473717
12536,0.013593723997473717
12537,0.013551582582294941
12538,0.013593723997473717
12539,0.023537348955869675
12540,0.013593723997473717
12541,0.013593723997473717
12542,0.013593723997473717
12543,0.03456558659672737
12544,0.013593718409538269
12545,0.012263105250895023
12546,0.0777578055858612
12547,0.013593723997473717
12548,0.013593723997473717
12549,0.013593723997473717
12550,0.013593723997473717
12551,0.013593723997473717
12552,0.013593723997473717
12553,0.013593723997473717
12554,0.014058814384043217
12555,0.013593723997473717
12556,0.013593723997473717
12557,0.013593723997473717
12558,0.01875297538936138
12559,0.028451034799218178
12560,0.017103642225265503
12561,0.013593723997473717
12562,0.013150825165212154
12563,0.013593723997473717
12564,0.006774177774786949
12565,0.023809632286429405
12566,0.03064618445932865
12567,0.018086573109030724
12568,0.015350472182035446
12569,0.01145285926759243
12570,0.018299782648682594
12571,0.051579516381025314
12572,0.11605631560087204
12573,0.04899754375219345
12574,0.021512692794203758
12575,0.0237005352973938
12576,0.03776673227548599
12577,0.01739378087222576
12578,0.01739378087222576
12579,0.33384671807289124
12580,0.03953111916780472
12581,0.024551337584853172
12582,0.172899067401886
12583,0.0532291978597641
12584,0.009316985495388508
12585,0.01955624669790268
12586,0.02287815697491169
12587,0.02212030254304409
12588,0.053883668035268784
12589,0.01363060250878334
12590,0.024433521553874016
12591,0.03137572854757309
12592,0.8804224133491516
12593,0.00884258933365345
12594,0.015708189457654953
12595,0.01563100889325142
12596,0.030619902536273003
12597,0.0034358676057308912
12598,0.2980758547782898
12599,0.05324747785925865
12600,0.02537212148308754
12601,0.015703339129686356
12602,0.012716062366962433
12603,0.02031237632036209
12604,0.8372836112976074
12605,0.1582985520362854
12606,0.02070552296936512
12607,0.050321243703365326
12608,0.007626649923622608
12609,0.0059668212197721004
12610,0.008295289240777493
12611,0.008295289240777493
12612,0.05629822611808777
12613,0.46775656938552856
12614,0.04724572226405144
12615,0.024802034720778465
12616,0.02263730578124523
12617,0.005877309013158083
12618,0.018632983788847923
12619,0.018632983788847923
12620,0.018632983788847923
12621,0.016709208488464355
12622,0.018632983788847923
12623,0.016709208488464355
12624,0.016709208488464355
12625,0.018472058698534966
12626,0.010422679595649242
12627,0.01035691425204277
12628,0.010158115066587925
12629,0.009131580591201782
12630,0.016709208488464355
12631,0.017407508566975594
12632,0.017407508566975594
12633,0.034911397844552994
12634,0.8121575117111206
12635,0.018261238932609558
12636,0.014629865065217018
12637,0.01755347289144993
12638,0.017403384670615196
12639,0.7604118585586548
12640,0.04599420726299286
12641,0.0781199112534523
12642,0.05294828861951828
12643,0.024448907002806664
12644,0.015597859397530556
12645,0.35213086009025574
12646,0.004285608883947134
12647,0.012639687396585941
12648,0.0739867314696312
12649,0.013444670476019382
12650,0.03584368899464607
12651,0.11668238043785095
12652,0.02345789410173893
12653,0.013444670476019382
12654,0.02068413607776165
12655,5.659264279529452e-4
12656,0.0117906853556633
12657,0.023985862731933594
12658,0.07836198061704636
12659,0.01316401269286871
12660,0.06236248090863228
12661,0.053486865013837814
12662,0.06324633955955505
12663,0.024301426485180855
12664,0.017563030123710632
12665,0.01669403165578842
12666,0.022052288055419922
12667,0.01669403165578842
12668,0.01669403165578842
12669,0.01642361655831337
12670,0.01669403165578842
12671,0.014802400954067707
12672,0.057534608989953995
12673,0.02876710705459118
12674,0.04508134722709656
12675,0.039344269782304764
12676,0.014435812830924988
12677,0.01330097671598196
12678,0.005977374501526356
12679,0.1019001454114914
12680,0.01498087216168642
12681,0.07654289901256561
12682,0.05929766222834587
12683,0.033313848078250885
12684,0.03453833982348442
12685,0.03453833982348442
12686,0.016673145815730095
12687,0.054292719811201096
12688,0.01485877763479948
12689,0.02333412691950798
12690,0.05884631723165512
12691,0.18529270589351654
12692,0.07417309284210205
12693,0.044754140079021454
12694,0.012445561587810516
12695,0.009355372749269009
12696,0.009355372749269009
12697,0.006723368540406227
12698,0.017085079103708267
12699,0.46612316370010376
12700,0.04562272131443024
12701,0.025862175971269608
12702,0.09513242542743683
12703,0.018175190314650536
12704,0.05476001650094986
12705,0.028934432193636894
12706,0.015365434810519218
12707,0.8746117949485779
12708,0.037650395184755325
12709,0.004669941030442715
12710,0.012730898335576057
12711,0.04537871852517128
12712,0.11737941205501556
12713,0.15586797893047333
12714,0.02355070225894451
12715,0.02596796303987503
12716,0.019161364063620567
12717,0.013137415051460266
12718,0.009159632958471775
12719,0.8357335925102234
12720,0.03127177059650421
12721,0.01656479388475418
12722,0.06588558852672577
12723,0.04845835268497467
12724,0.004766336176544428
12725,0.39893099665641785
12726,0.04176662862300873
12727,0.046814925968647
12728,0.004766336176544428
12729,0.07191421836614609
12730,0.012433137744665146
12731,0.22328154742717743
12732,0.05192101001739502
12733,0.004766336176544428
12734,0.046814925968647
12735,0.011703025549650192
12736,0.004766336176544428
12737,0.004766336176544428
12738,0.05836142972111702
12739,0.020481761544942856
12740,0.06924377381801605
12741,0.0384640134871006
12742,0.030899522826075554
12743,0.06486523896455765
12744,0.05452471226453781
12745,0.01948220282793045
12746,0.07600922882556915
12747,0.011805348098278046
12748,0.045782480388879776
12749,0.011653120629489422
12750,0.777545154094696
12751,0.061735689640045166
12752,0.012358150444924831
12753,0.05607054755091667
12754,0.022527478635311127
12755,0.02438913844525814
12756,0.35596510767936707
12757,0.02438913844525814
12758,0.012638568878173828
12759,0.012358150444924831
12760,0.012358150444924831
12761,0.020173894241452217
12762,0.08965476602315903
12763,0.03423299640417099
12764,0.018957845866680145
12765,0.0580965131521225
12766,0.02875334955751896
12767,0.022725805640220642
12768,0.011810421012341976
12769,0.007982684299349785
12770,0.07599293440580368
12771,0.0304942075163126
12772,0.0818258598446846
12773,0.11852406710386276
12774,0.0508727990090847
12775,0.03635839372873306
12776,0.0564081110060215
12777,0.059083569794893265
12778,0.022026071324944496
12779,0.04744831100106239
12780,0.011460203677415848
12781,0.3601949214935303
12782,0.058980342000722885
12783,0.023439571261405945
12784,0.03155804052948952
12785,0.0204823799431324
12786,0.03967026248574257
12787,0.04848047345876694
12788,0.03154787793755531
12789,0.029917150735855103
12790,0.011455348692834377
12791,0.011455348692834377
12792,0.011455348692834377
12793,0.024243727326393127
12794,0.06156365945935249
12795,0.02363310009241104
12796,0.013118430972099304
12797,0.013118430972099304
12798,0.013118430972099304
12799,0.053760215640068054
12800,0.012693356722593307
12801,0.009810781106352806
12802,0.10377725213766098
12803,0.011967445723712444
12804,0.026338446885347366
12805,0.026338446885347366
12806,0.027935197576880455
12807,0.04260043427348137
12808,0.03913532570004463
12809,0.030619902536273003
12810,0.0168169979006052
12811,0.012737413868308067
12812,0.03413884714245796
12813,0.027126092463731766
12814,0.01220209151506424
12815,0.01220209151506424
12816,0.0519784614443779
12817,0.07528144121170044
12818,0.027561750262975693
12819,0.09843328595161438
12820,0.02977774478495121
12821,0.012864808551967144
12822,0.026432249695062637
12823,0.0532291978597641
12824,0.06250917911529541
12825,0.05883656069636345
12826,0.07092153280973434
12827,0.07333185523748398
12828,0.013635468669235706
12829,0.05887983739376068
12830,0.028041109442710876
12831,0.022981522604823112
12832,0.07031962275505066
12833,0.04273180291056633
12834,0.06318314373493195
12835,0.037758417427539825
12836,0.03964809700846672
12837,0.024192100390791893
12838,0.03237977251410484
12839,0.07379049062728882
12840,0.8221850991249084
12841,0.029701752588152885
12842,0.014322449453175068
12843,0.01736835576593876
12844,0.019489532336592674
12845,0.012623759917914867
12846,0.7835525274276733
12847,0.05811464041471481
12848,0.850629985332489
12849,0.037513550370931625
12850,0.8355229496955872
12851,0.01803942583501339
12852,0.02966262400150299
12853,0.07975658774375916
12854,0.06407973915338516
12855,0.02778889797627926
12856,0.07699571549892426
12857,0.02639712207019329
12858,0.01873425394296646
12859,0.07259830087423325
12860,0.012490682303905487
12861,0.012670687399804592
12862,0.012490682303905487
12863,0.01249068696051836
12864,0.019702553749084473
12865,0.8411742448806763
12866,0.0804758295416832
12867,0.13526493310928345
12868,0.03468594700098038
12869,0.03275363892316818
12870,0.21365194022655487
12871,0.15421965718269348
12872,0.04901357367634773
12873,0.04925113171339035
12874,0.06499636173248291
12875,0.05761368200182915
12876,0.07707598060369492
12877,0.019684316590428352
12878,0.0200022105127573
12879,0.029124831780791283
12880,0.026478435844182968
12881,0.037607669830322266
12882,0.026478435844182968
12883,0.026478435844182968
12884,0.026478435844182968
12885,0.10350722819566727
12886,0.0643463060259819
12887,0.6455681324005127
12888,0.017160817980766296
12889,0.011229118332266808
12890,0.04834764450788498
12891,0.3453899323940277
12892,0.06231380254030228
12893,0.0073267691768705845
12894,0.012095382437109947
12895,0.002721623284742236
12896,0.012095388025045395
12897,0.02263920195400715
12898,0.046975526958703995
12899,0.025551415979862213
12900,0.056924693286418915
12901,0.07783124595880508
12902,0.024304993450641632
12903,0.02400878444314003
12904,0.021715128794312477
12905,0.1496189385652542
12906,0.011457212269306183
12907,0.016567271202802658
12908,0.05798241123557091
12909,0.04603873938322067
12910,0.07529561966657639
12911,0.06000019609928131
12912,0.049925267696380615
12913,0.027520347386598587
12914,0.046065352857112885
12915,0.016368702054023743
12916,0.05896569788455963
12917,0.012440329417586327
12918,0.06762310862541199
12919,0.25188207626342773
12920,0.02200285717844963
12921,0.07094763964414597
12922,0.010575377382338047
12923,0.021715128794312477
12924,0.02627192810177803
12925,0.031495992094278336
12926,0.019000543281435966
12927,0.02847210504114628
12928,0.04000224173069
12929,0.040768932551145554
12930,0.008069075644016266
12931,0.007312913425266743
12932,0.07063779979944229
12933,0.0211083572357893
12934,0.0552668459713459
12935,0.020647484809160233
12936,0.012054024264216423
12937,0.007312913425266743
12938,0.012054024264216423
12939,0.012054024264216423
12940,0.022539084777235985
12941,0.041733767837285995
12942,0.8147109746932983
12943,0.08037212491035461
12944,0.017292922362685204
12945,0.04994840919971466
12946,0.06932072341442108
12947,0.8314932584762573
12948,0.03343405947089195
12949,0.027889659628272057
12950,0.015471338294446468
12951,0.025557344779372215
12952,0.07983075827360153
12953,0.027009282261133194
12954,0.32343053817749023
12955,0.009769284166395664
12956,0.014208766631782055
12957,0.01362424436956644
12958,0.020336933434009552
12959,0.05906887352466583
12960,0.052747342735528946
12961,0.05506957322359085
12962,0.005820406600832939
12963,0.008382902480661869
12964,0.05094223842024803
12965,0.059630002826452255
12966,0.008382902480661869
12967,0.030837731435894966
12968,0.010747784748673439
12969,0.026081649586558342
12970,0.01929447427392006
12971,0.020415395498275757
12972,0.16827352344989777
12973,0.04137025773525238
12974,0.19427350163459778
12975,0.050374988466501236
12976,0.11119202524423599
12977,0.013375835493206978
12978,0.013375835493206978
12979,0.013375835493206978
12980,0.027195269241929054
12981,0.0183690395206213
12982,0.031003208830952644
12983,0.009397556073963642
12984,0.023088155314326286
12985,0.009397556073963642
12986,0.0183690395206213
12987,0.0183690395206213
12988,0.0183690395206213
12989,0.010332182981073856
12990,0.028050318360328674
12991,0.0639156848192215
12992,0.032641250640153885
12993,0.22111855447292328
12994,0.041021548211574554
12995,0.03343082219362259
12996,0.0558152012526989
12997,0.035769738256931305
12998,0.8024822473526001
12999,0.035769738256931305
13000,0.5122994780540466
13001,0.05876009911298752
13002,0.03404931351542473
13003,0.01636950671672821
13004,0.022163400426506996
13005,0.027867840602993965
13006,0.02454335242509842
13007,0.0509120337665081
13008,0.0460507869720459
13009,0.02105107344686985
13010,0.021029751747846603
13011,0.025029325857758522
13012,0.017769375815987587
13013,0.04734014347195625
13014,0.08201959729194641
13015,0.014842662028968334
13016,0.035053256899118423
13017,0.03047773241996765
13018,0.0899609923362732
13019,0.01765553466975689
13020,0.023391960188746452
13021,0.017163418233394623
13022,0.018173813819885254
13023,0.017163418233394623
13024,0.018173804506659508
13025,0.018173813819885254
13026,0.005860666278749704
13027,0.15392479300498962
13028,0.05756088346242905
13029,0.023730112239718437
13030,0.017163418233394623
13031,0.005841217469424009
13032,0.017532434314489365
13033,0.05644788593053818
13034,0.009039458818733692
13035,0.04022176191210747
13036,0.011256802827119827
13037,0.04413246363401413
13038,0.027124695479869843
13039,0.04650422930717468
13040,0.12769320607185364
13041,0.015570025891065598
13042,0.1633872389793396
13043,0.025717314332723618
13044,0.05320090055465698
13045,0.027725450694561005
13046,0.02167474292218685
13047,0.043451111763715744
13048,0.02167474292218685
13049,0.028060052543878555
13050,0.02167474292218685
13051,0.02167474292218685
13052,0.007757885847240686
13053,0.007150557823479176
13054,0.8133134841918945
13055,0.02186601050198078
13056,0.017860645428299904
13057,0.017860645428299904
13058,0.017860645428299904
13059,0.017860645428299904
13060,0.010756457224488258
13061,0.017860645428299904
13062,0.017860645428299904
13063,0.06609009206295013
13064,0.05013921856880188
13065,0.04181486368179321
13066,0.03515226021409035
13067,0.036163464188575745
13068,0.036163464188575745
13069,0.033290304243564606
13070,0.01313403993844986
13071,0.02271311916410923
13072,0.08033226430416107
13073,0.06607619673013687
13074,0.01419907994568348
13075,0.007348768878728151
13076,0.013427799567580223
13077,0.007348768878728151
13078,0.8289968371391296
13079,0.020602339878678322
13080,0.007348768878728151
13081,0.05851483717560768
13082,0.036132894456386566
13083,0.012107770889997482
13084,0.020136632025241852
13085,0.014180796220898628
13086,0.03172746300697327
13087,0.01209880132228136
13088,0.05400305241346359
13089,0.01001614611595869
13090,0.017000898718833923
13091,0.040549520403146744
13092,0.040549520403146744
13093,0.03055332973599434
13094,0.03055332973599434
13095,0.04866261035203934
13096,0.008065874688327312
13097,0.051140494644641876
13098,0.014707233756780624
13099,0.010099115781486034
13100,0.02887592278420925
13101,0.019053131341934204
13102,0.009307862259447575
13103,0.006912562996149063
13104,0.006912562996149063
13105,0.017849724739789963
13106,0.04393235594034195
13107,0.03849713131785393
13108,0.05879676342010498
13109,0.04854635149240494
13110,0.010854094289243221
13111,0.017082100734114647
13112,0.039043962955474854
13113,0.021361706778407097
13114,0.015210919082164764
13115,0.038940124213695526
13116,0.027746109291911125
13117,0.0070406729355454445
13118,0.04740004986524582
13119,0.015072783455252647
13120,0.024524103850126266
13121,0.04199190437793732
13122,0.009429819881916046
13123,0.013433462008833885
13124,0.024011757224798203
13125,0.008517755195498466
13126,0.007552250288426876
13127,0.007147917523980141
13128,0.03936747834086418
13129,0.0516759529709816
13130,0.03927966207265854
13131,0.03927966207265854
13132,0.013077596202492714
13133,0.022904962301254272
13134,0.08015051484107971
13135,0.01000774372369051
13136,0.02052471600472927
13137,0.011639579199254513
13138,0.019590621814131737
13139,0.019194509834051132
13140,0.08549576252698898
13141,0.06317583471536636
13142,0.03832387551665306
13143,0.009605690836906433
13144,0.07788054645061493
13145,0.011853768490254879
13146,0.7352775931358337
13147,0.013077596202492714
13148,0.012154478579759598
13149,0.016935160383582115
13150,0.011952158063650131
13151,0.022402288392186165
13152,0.01779741235077381
13153,0.02443661354482174
13154,0.04007899388670921
13155,0.19362294673919678
13156,0.0169838834553957
13157,0.049805451184511185
13158,0.018902262672781944
13159,0.017394447699189186
13160,0.003941671922802925
13161,0.00503655057400465
13162,0.002595679834485054
13163,0.0018585604848340154
13164,0.004026876762509346
13165,6.297343061305583e-4
13166,5.42017281986773e-4
13167,3.8289264193736017e-4
13168,0.00985387060791254
13169,0.008302791975438595
13170,0.017506621778011322
13171,0.05502995476126671
13172,0.017228635028004646
13173,0.012385335750877857
13174,0.020827531814575195
13175,0.007137651089578867
13176,0.020612608641386032
13177,0.007137651089578867
13178,0.01566704548895359
13179,0.008311871439218521
13180,0.013777165673673153
13181,0.058680105954408646
13182,0.008395698852837086
13183,0.007219443563371897
13184,0.004901347681879997
13185,0.008547567762434483
13186,0.0035247812047600746
13187,0.042782146483659744
13188,0.014430074021220207
13189,0.014430074021220207
13190,0.019253632053732872
13191,0.014430074021220207
13192,0.014430074021220207
13193,0.031572069972753525
13194,0.06571809202432632
13195,0.018584156408905983
13196,0.010633531957864761
13197,0.019121913239359856
13198,0.04359152168035507
13199,0.010633531957864761
13200,0.03416519612073898
13201,0.019159799441695213
13202,0.09362608194351196
13203,0.051508232951164246
13204,0.05369133874773979
13205,0.03212139010429382
13206,0.03552836552262306
13207,0.011323945596814156
13208,0.021668631583452225
13209,0.011323945596814156
13210,0.011323945596814156
13211,0.0214423518627882
13212,0.029758380725979805
13213,0.011323945596814156
13214,0.08005917072296143
13215,0.03138222172856331
13216,0.017347153276205063
13217,0.05592525377869606
13218,0.02063841186463833
13219,0.03945022448897362
13220,0.01457678247243166
13221,0.019516721367836
13222,0.019299162551760674
13223,0.05772282928228378
13224,0.019985338672995567
13225,0.13776923716068268
13226,0.048437949270009995
13227,0.04965873807668686
13228,0.035996757447719574
13229,0.029125463217496872
13230,0.014176597818732262
13231,0.06413330882787704
13232,0.05915085971355438
13233,0.018095888197422028
13234,0.038571737706661224
13235,0.05975966528058052
13236,0.08644524216651917
13237,0.018268108367919922
13238,0.13836021721363068
13239,0.00844835489988327
13240,0.014955457299947739
13241,0.022166091948747635
13242,0.16142863035202026
13243,0.014742293395102024
13244,0.017329823225736618
13245,0.025073593482375145
13246,0.07092729210853577
13247,0.5961011052131653
13248,0.17780530452728271
13249,0.021654276177287102
13250,0.1424386352300644
13251,0.018268108367919922
13252,0.059054210782051086
13253,0.017543772235512733
13254,0.016087476164102554
13255,0.01173859741538763
13256,0.06561481207609177
13257,0.07634677737951279
13258,0.06515663862228394
13259,0.019498104229569435
13260,0.008396759629249573
13261,0.017543772235512733
13262,0.03773771971464157
13263,0.06645999103784561
13264,0.017543772235512733
13265,0.036839745938777924
13266,0.03369097039103508
13267,0.029698656871914864
13268,0.017543772235512733
13269,0.015009100548923016
13270,0.013789190910756588
13271,0.1219373419880867
13272,0.008518420159816742
13273,0.04692446067929268
13274,0.018308982253074646
13275,0.018308982253074646
13276,0.018308982253074646
13277,0.09579054266214371
13278,0.01385172363370657
13279,0.0025443765334784985
13280,0.0025443765334784985
13281,0.0025443765334784985
13282,0.0025443765334784985
13283,0.0025443765334784985
13284,0.0026688321959227324
13285,0.0026688321959227324
13286,0.0026688321959227324
13287,0.05721886828541756
13288,0.018598955124616623
13289,0.04457174241542816
13290,0.27934274077415466
13291,0.008685201406478882
13292,0.0073146335780620575
13293,0.004894954152405262
13294,0.05887170135974884
13295,0.045894015580415726
13296,0.034393418580293655
13297,0.07880465686321259
13298,0.009927336126565933
13299,0.013267830945551395
13300,0.04131240397691727
13301,0.009865638799965382
13302,0.009865638799965382
13303,0.009377813898026943
13304,0.009377813898026943
13305,0.06708811223506927
13306,0.012673634104430676
13307,0.009377813898026943
13308,0.009377813898026943
13309,0.06708811223506927
13310,0.024045053869485855
13311,0.05809386447072029
13312,0.024214686825871468
13313,0.013357233256101608
13314,0.05356554687023163
13315,0.008700594305992126
13316,0.013891179114580154
13317,0.009377813898026943
13318,0.04903668910264969
13319,0.07428658753633499
13320,0.06451704353094101
13321,0.10562149435281754
13322,0.040866486728191376
13323,0.04903190955519676
13324,0.01158520020544529
13325,0.02547452040016651
13326,0.01671755313873291
13327,0.021133579313755035
13328,0.047114212065935135
13329,0.05562104657292366
13330,0.004666898865252733
13331,0.0318167470395565
13332,0.054639801383018494
13333,0.08261120319366455
13334,0.017327826470136642
13335,0.007981988601386547
13336,0.019691022112965584
13337,0.17119354009628296
13338,0.01408147718757391
13339,0.017431514337658882
13340,0.0801287367939949
13341,0.05759131535887718
13342,0.06529152393341064
13343,0.004071574658155441
13344,0.002367910696193576
13345,0.005780638661235571
13346,0.0026669709477573633
13347,0.0348200686275959
13348,0.014736657030880451
13349,0.06979931890964508
13350,0.007539034821093082
13351,9.047441417351365e-4
13352,9.047441417351365e-4
13353,7.871182751841843e-4
13354,9.047441417351365e-4
13355,0.0012420570710673928
13356,9.047441417351365e-4
13357,0.007539034821093082
13358,0.007539034821093082
13359,0.03449796140193939
13360,0.02049061469733715
13361,0.04744588956236839
13362,0.05652511492371559
13363,0.013522407039999962
13364,0.023716166615486145
13365,0.023716166615486145
13366,0.07521208375692368
13367,0.015320907346904278
13368,0.0679827332496643
13369,0.029464665800333023
13370,0.029464665800333023
13371,0.033605579286813736
13372,0.016997989267110825
13373,0.02961764670908451
13374,0.008808501996099949
13375,0.005746352486312389
13376,0.008808501996099949
13377,0.005746354348957539
13378,0.008808501996099949
13379,0.005746354348957539
13380,0.02926829643547535
13381,0.02926829643547535
13382,0.005746354348957539
13383,0.005746354348957539
13384,0.591946005821228
13385,0.014968964271247387
13386,0.130136176943779
13387,0.06331566721200943
13388,0.05453295633196831
13389,0.02961764670908451
13390,0.002024495042860508
13391,0.018992172554135323
13392,0.018981408327817917
13393,0.016953738406300545
13394,0.018981408327817917
13395,0.010059474967420101
13396,0.010059474967420101
13397,0.010059474967420101
13398,0.15805236995220184
13399,0.010059474967420101
13400,0.06708421558141708
13401,0.060812078416347504
13402,0.0755644217133522
13403,0.018130553886294365
13404,0.027058880776166916
13405,0.019313974305987358
13406,0.010059474967420101
13407,0.037506382912397385
13408,0.01721992716193199
13409,0.04609545320272446
13410,0.02695944719016552
13411,0.03750637173652649
13412,0.06011544540524483
13413,0.010059474967420101
13414,0.012431047856807709
13415,0.010059474967420101
13416,0.03305227681994438
13417,0.011976238340139389
13418,0.023420317098498344
13419,0.034293439239263535
13420,0.020589588209986687
13421,0.03931557014584541
13422,0.00970509834587574
13423,0.007072820793837309
13424,0.03947427496314049
13425,0.06292113661766052
13426,0.05598717927932739
13427,0.014390164986252785
13428,0.027795273810625076
13429,0.04688173905014992
13430,0.07997908443212509
13431,0.011908321641385555
13432,0.032415978610515594
13433,0.03755442798137665
13434,0.014165839180350304
13435,0.019746776670217514
13436,0.019615525379776955
13437,0.07958243787288666
13438,0.04468809813261032
13439,0.05289514362812042
13440,0.007793010678142309
13441,0.04740993678569794
13442,0.014118365943431854
13443,0.019004229456186295
13444,0.01836674101650715
13445,0.017567435279488564
13446,0.019746776670217514
13447,0.014118365943431854
13448,0.04699832201004028
13449,0.009069952182471752
13450,0.01927776448428631
13451,0.0287309680134058
13452,0.04046277701854706
13453,0.035950805991888046
13454,0.012988902628421783
13455,0.009095036424696445
13456,0.007895708084106445
13457,0.021977096796035767
13458,0.01610696129500866
13459,0.021977096796035767
13460,0.007895708084106445
13461,0.01155505608767271
13462,0.007895708084106445
13463,0.01155505608767271
13464,0.02654600888490677
13465,0.01610696129500866
13466,0.01402768399566412
13467,0.01610696129500866
13468,0.007242532446980476
13469,0.01018434576690197
13470,0.013694340363144875
13471,0.023668412119150162
13472,0.018410464748740196
13473,0.009954255074262619
13474,0.010954600758850574
13475,0.01723187416791916
13476,0.01701125130057335
13477,0.014329902827739716
13478,0.015766052529215813
13479,0.023468906059861183
13480,0.19988879561424255
13481,0.03044978901743889
13482,0.025052135810256004
13483,0.013642500154674053
13484,0.019843293353915215
13485,0.02030070684850216
13486,0.009485946036875248
13487,0.05770593881607056
13488,0.024433288723230362
13489,0.030134420841932297
13490,0.07524268329143524
13491,0.05139973759651184
13492,0.0400770865380764
13493,0.5787488222122192
13494,0.009583917446434498
13495,0.024311058223247528
13496,0.035848163068294525
13497,0.04614149406552315
13498,0.1309356540441513
13499,0.8217872381210327
13500,0.03988724201917648
13501,0.719168484210968
13502,0.006148427724838257
13503,0.010167133994400501
13504,0.006148427724838257
13505,0.02944331243634224
13506,0.0042008571326732635
13507,0.0042008571326732635
13508,0.015520768240094185
13509,0.015520768240094185
13510,0.03364691138267517
13511,0.03364691138267517
13512,0.04396238178014755
13513,0.0756433755159378
13514,0.05023931339383125
13515,0.06521114706993103
13516,0.05456196144223213
13517,0.03355618938803673
13518,0.780607283115387
13519,0.029559411108493805
13520,0.07442564517259598
13521,0.009421397000551224
13522,0.016778236255049706
13523,0.05052528530359268
13524,0.04852062091231346
13525,0.046319905668497086
13526,2.098344557452947e-4
13527,0.03083721734583378
13528,0.01286501344293356
13529,0.13286201655864716
13530,0.8482954502105713
13531,0.017401881515979767
13532,0.0537935309112072
13533,0.036534953862428665
13534,0.026669299229979515
13535,0.7656379342079163
13536,0.012602180242538452
13537,0.011320642195641994
13538,0.009322555735707283
13539,0.011320642195641994
13540,0.02300170436501503
13541,0.012664132751524448
13542,0.011320642195641994
13543,0.018402056768536568
13544,0.009322555735707283
13545,0.025057896971702576
13546,0.020799551159143448
13547,0.021690497174859047
13548,0.018014609813690186
13549,0.04563058912754059
13550,0.006029063370078802
13551,0.013169365003705025
13552,0.026583097875118256
13553,0.007765035144984722
13554,0.00263033015653491
13555,0.011025762185454369
13556,0.018014609813690186
13557,0.009499835781753063
13558,0.09874632209539413
13559,0.03425513952970505
13560,0.023380551487207413
13561,0.7434018850326538
13562,0.008606002666056156
13563,0.04050864279270172
13564,0.008606002666056156
13565,0.01751178875565529
13566,0.005951779894530773
13567,0.012896861881017685
13568,0.02065333165228367
13569,0.01589147001504898
13570,0.015509814023971558
13571,0.06094815209507942
13572,0.045383453369140625
13573,0.0375971682369709
13574,0.04987942799925804
13575,0.0673607885837555
13576,0.04312676563858986
13577,0.32205647230148315
13578,0.025124961510300636
13579,0.055060166865587234
13580,0.017599986866116524
13581,0.024072162806987762
13582,0.024618182331323624
13583,0.015066434629261494
13584,0.04015331715345383
13585,0.0204597320407629
13586,0.09519781917333603
13587,0.01664932630956173
13588,0.01931517943739891
13589,0.04498407617211342
13590,0.019915521144866943
13591,0.05402885377407074
13592,0.017616551369428635
13593,0.02840413711965084
13594,0.02427140437066555
13595,0.013020587153732777
13596,0.03160633519291878
13597,0.055060166865587234
13598,0.07090068608522415
13599,0.018739992752671242
13600,0.013012913055717945
13601,0.17716185748577118
13602,0.04197903349995613
13603,0.013168541714549065
13604,0.06892752647399902
13605,0.3480154871940613
13606,0.013900313526391983
13607,0.010463505983352661
13608,0.02847260795533657
13609,0.875123143196106
13610,0.04766835644841194
13611,0.03988862782716751
13612,0.04368552193045616
13613,0.016934406012296677
13614,0.01335976179689169
13615,0.030486399307847023
13616,0.01335976179689169
13617,0.01335976179689169
13618,0.022030983120203018
13619,0.004542984068393707
13620,0.03915295749902725
13621,0.01335976179689169
13622,0.06368518620729446
13623,0.06608449667692184
13624,0.02414882928133011
13625,0.06864020228385925
13626,0.0639963448047638
13627,0.017468441277742386
13628,0.01773736998438835
13629,0.005011870060116053
13630,0.06239311769604683
13631,0.0495479591190815
13632,0.031938374042510986
13633,0.26871103048324585
13634,0.05489806830883026
13635,0.018635068088769913
13636,0.013428039848804474
13637,0.013428039848804474
13638,0.013803456909954548
13639,0.013428039848804474
13640,0.015301475301384926
13641,0.048622481524944305
13642,0.0274007897824049
13643,0.031938374042510986
13644,0.005183161236345768
13645,0.7371608018875122
13646,0.059855904430150986
13647,0.016298945993185043
13648,0.05422070994973183
13649,0.015098425559699535
13650,0.015098425559699535
13651,0.023783721029758453
13652,0.02633715234696865
13653,0.07352182269096375
13654,0.05196327343583107
13655,0.019273195415735245
13656,0.05981547012925148
13657,0.027355819940567017
13658,0.0662197396159172
13659,0.026864545419812202
13660,0.08175024390220642
13661,0.026600686833262444
13662,0.010395473800599575
13663,0.026600686833262444
13664,0.026864556595683098
13665,0.026600686833262444
13666,0.015091030858457088
13667,0.026600686833262444
13668,0.0454021655023098
13669,0.012706576846539974
13670,0.04104902222752571
13671,0.010395473800599575
13672,0.003118611639365554
13673,0.01731117255985737
13674,0.014248394407331944
13675,0.03799104690551758
13676,0.01731117255985737
13677,0.003928445279598236
13678,0.05480559915304184
13679,0.8616065382957458
13680,0.020631173625588417
13681,0.05714181065559387
13682,0.012256043963134289
13683,0.03377996385097504
13684,0.06297682970762253
13685,0.007355627603828907
13686,0.008061655797064304
13687,0.06604845821857452
13688,0.13256362080574036
13689,0.022037509828805923
13690,0.022037509828805923
13691,0.022123737260699272
13692,0.011243495158851147
13693,0.00940986443310976
13694,0.022037509828805923
13695,0.014193841256201267
13696,0.022037509828805923
13697,0.022037509828805923
13698,0.022037509828805923
13699,0.022037509828805923
13700,0.016036730259656906
13701,0.012256043963134289
13702,0.022037509828805923
13703,0.022037509828805923
13704,0.01419384777545929
13705,0.022037509828805923
13706,0.01357274316251278
13707,0.0145909134298563
13708,0.022037509828805923
13709,0.022037509828805923
13710,0.022037509828805923
13711,0.004615568555891514
13712,0.009637202136218548
13713,0.009800335392355919
13714,0.020113050937652588
13715,0.07309070974588394
13716,0.0736573338508606
13717,0.01901218853890896
13718,0.011814221739768982
13719,0.009800335392355919
13720,0.009800335392355919
13721,0.029395025223493576
13722,0.029395025223493576
13723,0.05815820395946503
13724,0.04477623105049133
13725,0.06868274509906769
13726,0.009800335392355919
13727,0.009800340048968792
13728,0.008667182177305222
13729,0.015773208811879158
13730,0.028504762798547745
13731,0.05434831976890564
13732,0.06346460431814194
13733,0.017880210652947426
13734,0.020649613812565804
13735,0.015514139086008072
13736,0.021590247750282288
13737,0.027668826282024384
13738,0.027668826282024384
13739,0.01480814442038536
13740,0.015058780089020729
13741,0.11179594695568085
13742,0.015773208811879158
13743,0.053479697555303574
13744,0.015773208811879158
13745,0.013568542897701263
13746,0.013359729200601578
13747,0.09727795422077179
13748,0.017913755029439926
13749,0.057032510638237
13750,0.02059292048215866
13751,0.042826563119888306
13752,0.035743433982133865
13753,0.050419118255376816
13754,0.024306731298565865
13755,0.04244661331176758
13756,0.015255983918905258
13757,0.832227885723114
13758,0.06722136586904526
13759,0.07143384218215942
13760,0.19353041052818298
13761,0.021434180438518524
13762,0.02054341696202755
13763,0.05266432836651802
13764,0.0420643575489521
13765,0.01889295130968094
13766,0.0420643575489521
13767,0.019520260393619537
13768,0.02095782943069935
13769,0.01869332231581211
13770,0.02043122611939907
13771,0.02501925267279148
13772,0.03715604171156883
13773,0.02501925267279148
13774,0.06690225750207901
13775,0.02078564278781414
13776,0.03480339050292969
13777,0.061111658811569214
13778,0.04207324609160423
13779,0.2385421246290207
13780,0.053063105791807175
13781,0.056713543832302094
13782,0.010227351449429989
13783,0.06744658201932907
13784,0.019985292106866837
13785,0.08043012768030167
13786,0.027591411024332047
13787,0.0191620122641325
13788,0.021073846146464348
13789,0.3016932010650635
13790,0.01319687720388174
13791,0.0210738405585289
13792,0.0210738405585289
13793,0.02095985785126686
13794,0.021073846146464348
13795,0.03895876556634903
13796,0.02613214962184429
13797,0.017438340932130814
13798,0.04546790570020676
13799,0.045326050370931625
13800,0.05197959393262863
13801,0.05599048361182213
13802,0.021073846146464348
13803,0.031145663931965828
13804,0.06297175586223602
13805,0.009106324054300785
13806,0.044320881366729736
13807,3.9006510633043945e-4
13808,0.021270370110869408
13809,0.0216075386852026
13810,0.0731915682554245
13811,0.07872035354375839
13812,0.03131737560033798
13813,0.008651851676404476
13814,0.020715614780783653
13815,0.013861581683158875
13816,0.7913021445274353
13817,0.013496315106749535
13818,0.023014426231384277
13819,0.19049163162708282
13820,0.15449398756027222
13821,0.035611510276794434
13822,0.026682714000344276
13823,0.0801859200000763
13824,0.027140159159898758
13825,0.07307038456201553
13826,0.05378437787294388
13827,0.04027208685874939
13828,0.06246987357735634
13829,0.057024430483579636
13830,0.050717275589704514
13831,0.06551733613014221
13832,0.02037709392607212
13833,0.018394697457551956
13834,0.016857150942087173
13835,0.04659770056605339
13836,0.004667720757424831
13837,0.034755073487758636
13838,0.012465327978134155
13839,0.007325867656618357
13840,0.007325867656618357
13841,0.007325867656618357
13842,0.01936074160039425
13843,0.06356461346149445
13844,0.012465327978134155
13845,0.14476622641086578
13846,0.012465327978134155
13847,0.03455139696598053
13848,0.02974570356309414
13849,0.01936074160039425
13850,0.012465327978134155
13851,0.02055462636053562
13852,0.01936074160039425
13853,0.01936074160039425
13854,0.01936074160039425
13855,0.019360732287168503
13856,0.019360732287168503
13857,0.036215461790561676
13858,0.7028381824493408
13859,0.01936074160039425
13860,0.024460291489958763
13861,0.01936074160039425
13862,0.01936074160039425
13863,0.01936074160039425
13864,0.012465327978134155
13865,0.01936074160039425
13866,0.01936074160039425
13867,0.43681877851486206
13868,0.0267927348613739
13869,0.028230633586645126
13870,0.026417026296257973
13871,0.12759171426296234
13872,0.009319037199020386
13873,0.01284216158092022
13874,0.02420370653271675
13875,0.0379701592028141
13876,0.018016239628195763
13877,0.04850442335009575
13878,0.08687964826822281
13879,0.013013984076678753
13880,0.0384121797978878
13881,0.025209126994013786
13882,0.014096405357122421
13883,0.020478732883930206
13884,0.014096405357122421
13885,0.04840395599603653
13886,0.0188532043248415
13887,0.891855776309967
13888,0.01871013268828392
13889,0.03945941478013992
13890,0.024156806990504265
13891,0.026875393465161324
13892,0.07622178643941879
13893,0.37187767028808594
13894,0.04521715268492699
13895,0.016520630568265915
13896,0.015544603578746319
13897,0.013637586496770382
13898,0.013637586496770382
13899,0.009074856527149677
13900,0.33756089210510254
13901,0.013637586496770382
13902,0.02221621386706829
13903,0.013637586496770382
13904,0.0074868109077215195
13905,0.046065885573625565
13906,0.015570251271128654
13907,0.022276202216744423
13908,0.018296141177415848
13909,0.022221868857741356
13910,0.05940316244959831
13911,0.08296371251344681
13912,0.16075892746448517
13913,0.027288757264614105
13914,0.022221868857741356
13915,0.008854562416672707
13916,0.04198991507291794
13917,0.0871610939502716
13918,0.11620946228504181
13919,0.7808741331100464
13920,0.018324315547943115
13921,0.0452360175549984
13922,0.041356656700372696
13923,0.017267780378460884
13924,0.040732771158218384
13925,0.009590215981006622
13926,0.8498322367668152
13927,0.013195939362049103
13928,0.2831612527370453
13929,0.07405807822942734
13930,0.018159111961722374
13931,0.019850488752126694
13932,0.020378198474645615
13933,0.014910964295268059
13934,0.06046212837100029
13935,0.018430711701512337
13936,0.07902058213949203
13937,0.0068244594149291515
13938,0.026977378875017166
13939,0.054804299026727676
13940,0.019054003059864044
13941,0.05099774897098541
13942,0.09277153760194778
13943,0.04135414958000183
13944,0.03907546401023865
13945,0.054324012249708176
13946,0.055325668305158615
13947,0.057629939168691635
13948,0.020483575761318207
13949,0.041543763130903244
13950,0.02574310451745987
13951,0.021201642230153084
13952,0.03424660861492157
13953,0.011056434363126755
13954,0.044739801436662674
13955,0.024042723700404167
13956,0.03321485221385956
13957,0.031247174367308617
13958,0.03317536041140556
13959,0.03317536041140556
13960,0.8579771518707275
13961,0.0422147735953331
13962,0.006288161966949701
13963,0.06339513510465622
13964,0.2691994607448578
13965,0.010839042253792286
13966,0.028107179328799248
13967,0.023407764732837677
13968,0.050837453454732895
13969,0.03589287027716637
13970,0.012182381004095078
13971,0.009653782472014427
13972,0.04386112466454506
13973,0.0390348918735981
13974,0.0390348918735981
13975,0.0664050355553627
13976,0.08021131902933121
13977,0.02290366217494011
13978,0.05349016189575195
13979,0.011703467927873135
13980,0.022722134366631508
13981,0.096378326416015625
13982,0.04965216666460037
13983,0.04292899742722511
13984,0.041030727326869965
13985,1.78497692104429e-4
13986,0.024317534640431404
13987,0.0254387054592371
13988,0.004551272373646498
13989,0.016458362340927124
13990,0.022819338366389275
13991,0.02160649560391903
13992,0.017600001767277718
13993,0.029153071343898773
13994,0.049168381839990616
13995,0.06447271257638931
13996,0.05348317697644234
13997,0.031155560165643692
13998,0.011407757177948952
13999,0.05798875167965889
14000,0.027753880247473717
14001,0.14839278161525726
14002,0.02644798532128334
14003,0.005935357883572578
14004,0.04049587994813919
14005,0.0157198216766119
14006,0.04195312410593033
14007,0.028361650183796883
14008,0.02019689604640007
14009,0.022624287754297256
14010,0.040355145931243896
14011,0.04242248088121414
14012,0.02558104135096073
14013,0.06093787029385567
14014,0.04310588166117668
14015,0.027271999046206474
14016,0.011567347683012486
14017,0.0293513722717762
14018,0.014564664103090763
14019,0.01915830187499523
14020,0.01915830187499523
14021,0.01915830187499523
14022,0.01915830187499523
14023,0.018179552629590034
14024,0.012514418922364712
14025,0.005763874389231205
14026,0.010121149010956287
14027,0.01915830187499523
14028,0.01915830187499523
14029,0.01915830187499523
14030,0.012514418922364712
14031,0.01915830187499523
14032,0.01915830187499523
14033,0.012514418922364712
14034,0.010121149010956287
14035,0.01915830187499523
14036,0.01915830187499523
14037,0.01915830187499523
14038,0.7321369051933289
14039,0.012514418922364712
14040,0.01022168155759573
14041,0.008248637430369854
14042,0.01504528522491455
14043,0.01504528522491455
14044,0.010121149010956287
14045,0.010121149010956287
14046,0.007490234449505806
14047,0.010121149010956287
14048,0.010121149010956287
14049,0.010121149010956287
14050,0.010121149010956287
14051,0.013565250672399998
14052,0.010121149010956287
14053,0.0049821920692920685
14054,0.010121149010956287
14055,0.012514418922364712
14056,0.010121149010956287
14057,0.010121149010956287
14058,0.010121149010956287
14059,0.010121149010956287
14060,0.010121149010956287
14061,0.010121149010956287
14062,0.014292752370238304
14063,0.01844063773751259
14064,0.013603606261312962
14065,0.013603606261312962
14066,0.021553995087742805
14067,0.018755748867988586
14068,0.05253628268837929
14069,0.05239718779921532
14070,0.03007245808839798
14071,0.009950868785381317
14072,0.03222073242068291
14073,0.03461785614490509
14074,0.020910123363137245
14075,0.012769493274390697
14076,0.09518525004386902
14077,0.2059505581855774
14078,0.02640652470290661
14079,0.03266168013215065
14080,0.027073271572589874
14081,0.011967096477746964
14082,0.03518654778599739
14083,0.020740240812301636
14084,0.013864124193787575
14085,0.025562861934304237
14086,0.0053246342577040195
14087,0.02891489677131176
14088,0.01381902489811182
14089,0.04906172305345535
14090,0.1554640680551529
14091,0.023265983909368515
14092,0.7982244491577148
14093,0.75831538438797
14094,0.041696272790431976
14095,0.023806678131222725
14096,0.027109932154417038
14097,0.04806780815124512
14098,0.05605010688304901
14099,0.017688091844320297
14100,0.017364351078867912
14101,0.05464191362261772
14102,0.05466384068131447
14103,0.0527910552918911
14104,0.03968765214085579
14105,0.012669326737523079
14106,0.038036853075027466
14107,0.03188449516892433
14108,0.013417734764516354
14109,0.1613132357597351
14110,0.037785060703754425
14111,0.02189534343779087
14112,0.02189534343779087
14113,0.05046617612242699
14114,0.0669606551527977
14115,0.0669606551527977
14116,0.009122524410486221
14117,0.0192739125341177
14118,0.02921667881309986
14119,0.7232182025909424
14120,0.03030054271221161
14121,0.014595144428312778
14122,0.0551084503531456
14123,0.8394495844841003
14124,0.008250150829553604
14125,0.3511480391025543
14126,0.023062054067850113
14127,0.0658276155591011
14128,0.024181662127375603
14129,0.018232695758342743
14130,0.0814758688211441
14131,0.08403094112873077
14132,0.019353680312633514
14133,0.017364351078867912
14134,0.05515224486589432
14135,0.011777504347264767
14136,0.012559554539620876
14137,0.554960310459137
14138,0.05479136109352112
14139,0.056816134601831436
14140,0.08019284904003143
14141,0.08060439676046371
14142,0.020809171721339226
14143,0.015003961510956287
14144,0.05179084092378616
14145,0.008487281389534473
14146,0.06129322201013565
14147,0.02929055690765381
14148,0.04726257175207138
14149,0.026017025113105774
14150,0.02413019724190235
14151,0.05998552590608597
14152,0.029597604647278786
14153,0.017850685864686966
14154,0.007371643558144569
14155,0.040698226541280746
14156,0.636250376701355
14157,0.08673246204853058
14158,0.0895000547170639
14159,0.012372610159218311
14160,0.03787276893854141
14161,0.039654623717069626
14162,0.012603343464434147
14163,0.012603343464434147
14164,0.08169086277484894
14165,0.01355283334851265
14166,0.03575288876891136
14167,0.014082761481404305
14168,0.7737175822257996
14169,0.014082761481404305
14170,0.014082761481404305
14171,0.04258638247847557
14172,0.06145143881440163
14173,0.0032888909336179495
14174,0.022515952587127686
14175,0.5304136872291565
14176,0.029915351420640945
14177,0.06188236549496651
14178,0.016378624364733696
14179,0.7193909287452698
14180,0.02841455489397049
14181,0.03213725611567497
14182,0.01893497072160244
14183,0.06042923405766487
14184,0.070095159113407135
14185,0.04037471488118172
14186,0.014442583546042442
14187,0.014442583546042442
14188,0.9033798575401306
14189,0.0657910481095314
14190,0.10396311432123184
14191,0.04239674285054207
14192,0.01807321608066559
14193,0.02681443654000759
14194,0.3957383334636688
14195,0.22339212894439697
14196,0.02647370472550392
14197,0.05879620090126991
14198,0.07405240088701248
14199,0.0660853311419487
14200,0.058205652981996536
14201,0.04610803723335266
14202,0.017508869990706444
14203,0.02982212044298649
14204,0.021014928817749023
14205,0.0499005950987339
14206,0.0499005950987339
14207,0.05739292502403259
14208,0.015692437067627907
14209,0.1653067022562027
14210,0.03560873493552208
14211,0.02517121098935604
14212,0.5837147235870361
14213,0.06891459226608276
14214,0.04750572144985199
14215,0.038373883813619614
14216,0.10962062329053879
14217,0.0792832300066948
14218,0.368763267993927
14219,0.01569492556154728
14220,0.2241051346063614
14221,0.01559766847640276
14222,0.07836473733186722
14223,0.013057086616754532
14224,0.8959965109825134
14225,0.05344920977950096
14226,0.04288467392325401
14227,0.9081287980079651
14228,0.9113385677337646
14229,0.0754590854048729
14230,0.04227596893906593
14231,0.05130362883210182
14232,0.18577167391777039
14233,0.09976033866405487
14234,0.012684594839811325
14235,0.1572134792804718
14236,0.020463421940803528
14237,0.030913084745407104
14238,0.8669188022613525
14239,0.029756419360637665
14240,0.019851548597216606
14241,0.06771772354841232
14242,0.022588105872273445
14243,0.24383345246315002
14244,0.05945052206516266
14245,0.018186159431934357
14246,0.03947656974196434
14247,0.38934028148651123
14248,0.5538203120231628
14249,0.13747577369213104
14250,0.07389281690120697
14251,0.08760051429271698
14252,0.09281618148088455
14253,0.02268320508301258
14254,0.1537712663412094
14255,0.04408629983663559
14256,0.08073485642671585
14257,0.04130498319864273
14258,0.10127496719360352
14259,0.1031547337770462
14260,0.008509194478392601
14261,0.008509194478392601
14262,0.008509194478392601
14263,0.8823477625846863
14264,0.03364325314760208
14265,0.3011232018470764
14266,0.06627824902534485
14267,0.0467085987329483
14268,0.05279267579317093
14269,0.04129127040505409
14270,0.7627320289611816
14271,0.008509194478392601
14272,0.01281063910573721
14273,0.1529630720615387
14274,0.031778573989868164
14275,0.015382672660052776
14276,0.06437813490629196
14277,0.027660105377435684
14278,0.08052199333906174
14279,0.932625412940979
14280,0.12870801985263824
14281,0.02932121977210045
14282,0.08597030490636826
14283,0.04716457054018974
14284,0.015823062509298325
14285,0.06725427508354187
14286,0.018805725499987602
14287,0.18804453313350677
14288,0.05098810791969299
14289,0.013882690109312534
14290,0.10146752744913101
14291,0.05537804216146469
14292,0.025201797485351563
14293,0.02360670082271099
14294,0.721805989742279
14295,0.014545959420502186
14296,0.34134358167648315
14297,0.04229593649506569
14298,0.9065181016921997
14299,0.014881318435072899
14300,0.0726977288722992
14301,0.030865715816617012
14302,0.09035008400678635
14303,0.019173510372638702
14304,0.029822783544659615
14305,0.05763548985123634
14306,0.02054222673177719
14307,0.02054222673177719
14308,0.02054222673177719
14309,0.01798686385154724
14310,0.01825849525630474
14311,0.022267870604991913
14312,0.13627398014068604
14313,0.027086865156888962
14314,0.01763162575662136
14315,0.02657637745141983
14316,0.014723487198352814
14317,0.02249922603368759
14318,0.031013453379273415
14319,0.01779322698712349
14320,0.034282904118299484
14321,0.033980030566453934
14322,0.08114985376596451
14323,0.01751083694398403
14324,0.01897956058382988
14325,0.014791536144912243
14326,0.028442418202757835
14327,0.03277881070971489
14328,0.5150837302207947
14329,0.03163587674498558
14330,0.10399039089679718
14331,0.07157725840806961
14332,0.1698915958404541
14333,0.023539340123534203
14334,0.026541290804743767
14335,0.4575832188129425
14336,0.0291123129427433
14337,0.6475977897644043
14338,0.4074508845806122
14339,0.044824011623859406
14340,0.8050607442855835
14341,0.06629488617181778
14342,0.026541290804743767
14343,0.055728979408741
14344,0.018500665202736855
14345,0.18435125052928925
14346,0.10347875952720642
14347,0.01995115727186203
14348,0.08618953078985214
14349,0.015832003206014633
14350,0.015832003206014633
14351,0.014278565533459187
14352,0.02839014306664467
14353,0.07799428701400757
14354,0.019898250699043274
14355,0.005019825417548418
14356,0.43000537157058716
14357,0.6285738348960876
14358,0.3553367257118225
14359,0.04802633821964264
14360,0.06510947644710541
14361,0.15859773755073547
14362,0.7024235725402832
14363,0.09619354456663132
14364,0.06539420038461685
14365,0.01743076927959919
14366,0.031736232340335846
14367,0.044776130467653275
14368,0.011237988248467445
14369,0.012726062908768654
14370,0.012142296880483627
14371,0.05623587965965271
14372,0.025860745459794998
14373,0.0449468158185482
14374,0.03552970662713051
14375,0.030329059809446335
14376,0.02455715835094452
14377,0.4211769998073578
14378,0.45808500051498413
14379,0.01228318177163601
14380,0.08815775066614151
14381,0.024413099512457848
14382,0.01503877155482769
14383,0.07699746638536453
14384,0.008906655013561249
14385,0.02305726706981659
14386,0.013588745146989822
14387,0.0688091516494751
14388,0.003400577697902918
14389,0.008906655013561249
14390,0.003095173742622137
14391,0.42477548122406006
14392,0.06933370232582092
14393,0.025834104046225548
14394,0.0012543137418106198
14395,0.019052371382713318
14396,0.07951465249061584
14397,0.032789550721645355
14398,0.08156932890415192
14399,0.07810384780168533
14400,0.10061176121234894
14401,0.03892716392874718
14402,0.03892716392874718
14403,0.7433621287345886
14404,0.06327707320451736
14405,0.016136521473526955
14406,0.22525721788406372
14407,0.07430058717727661
14408,0.23106995224952698
14409,0.9075817465782166
14410,0.36387622356414795
14411,0.3275291621685028
14412,0.01838337816298008
14413,0.02440076880156994
14414,0.10068181157112122
14415,0.3871884047985077
14416,0.06255491822957993
14417,0.018999164924025536
14418,0.07838911563158035
14419,0.026942569762468338
14420,0.12023954093456268
14421,0.0561138316988945
14422,0.07851726561784744
14423,0.04775756224989891
14424,0.35357025265693665
14425,0.07274074107408524
14426,0.058434389531612396
14427,0.698674738407135
14428,0.06298341602087021
14429,0.6919518113136292
14430,0.08391272276639938
14431,0.10610487312078476
14432,0.0612848661839962
14433,0.21039851009845734
14434,0.032486576586961746
14435,0.058474816381931305
14436,0.05252973362803459
14437,0.4536929726600647
14438,0.45205315947532654
14439,0.016551949083805084
14440,0.6339519023895264
14441,0.05005800351500511
14442,0.02372995764017105
14443,0.010005665943026543
14444,0.06592307239770889
14445,0.0681510642170906
14446,0.010125077329576015
14447,0.02414599061012268
14448,0.033379871398210526
14449,0.05331633612513542
14450,0.15083488821983337
14451,0.05331633612513542
14452,0.828874409198761
14453,0.5764577388763428
14454,0.025712717324495316
14455,0.147948756814003
14456,0.7502534985542297
14457,0.040032606571912766
14458,0.015714164823293686
14459,0.022873353213071823
14460,0.665428876876831
14461,0.07138755917549133
14462,0.018078574910759926
14463,0.06893692165613174
14464,0.06748579442501068
14465,0.022229809314012527
14466,0.009028095752000809
14467,0.2691139280796051
14468,0.018261415883898735
14469,0.03783850744366646
14470,0.8936610817909241
14471,0.06400170177221298
14472,0.01548211183398962
14473,0.8356046080589294
14474,0.7422627806663513
14475,0.06777039915323257
14476,0.026348654180765152
14477,0.030733974650502205
14478,0.06155192106962204
14479,0.08615784347057343
14480,0.0369488000869751
14481,0.3631497919559479
14482,0.057506099343299866
14483,0.044937822967767715
14484,0.36506855487823486
14485,0.014704483561217785
14486,0.025432856753468513
14487,0.025432856753468513
14488,0.025432856753468513
14489,0.013851320371031761
14490,0.009308802895247936
14491,0.027026932686567307
14492,0.0014413456665351987
14493,0.0953211635351181
14494,0.01909676566720009
14495,0.12080490589141846
14496,0.06756167858839035
14497,0.03645608574151993
14498,0.013297316618263721
14499,0.022807173430919647
14500,0.2957638204097748
14501,0.026121020317077637
14502,0.316263884305954
14503,0.03140432387590408
14504,0.027147790417075157
14505,0.038943059742450714
14506,0.03682645782828331
14507,0.044725291430950165
14508,0.23940956592559814
14509,0.09682640433311462
14510,0.02930019237101078
14511,0.0660829097032547
14512,0.8891199827194214
14513,0.061399057507514954
14514,0.016937367618083954
14515,0.061399057507514954
14516,0.06534701585769653
14517,0.02353774569928646
14518,0.012185940518975258
14519,0.06076491251587868
14520,0.6494150757789612
14521,0.0660596564412117
14522,0.015127318911254406
14523,0.0764954537153244
14524,0.0764954537153244
14525,0.0014373541343957186
14526,0.5204359889030457
14527,0.027147790417075157
14528,0.4200684428215027
14529,0.028998207300901413
14530,0.03980700299143791
14531,0.026304572820663452
14532,7.872986025176942e-4
14533,0.01514237280935049
14534,0.9083892703056335
14535,0.04065973311662674
14536,0.2132314145565033
14537,0.6714666485786438
14538,0.0070549179799854755
14539,0.05609394237399101
14540,0.02386615239083767
14541,0.364933043718338
14542,0.13882587850093842
14543,0.02139551378786564
14544,0.5978328585624695
14545,0.07787637412548065
14546,0.028340816497802734
14547,0.03307976946234703
14548,0.06712359935045242
14549,0.01631135120987892
14550,0.025437360629439354
14551,0.04269709438085556
14552,0.023709965869784355
14553,0.023709965869784355
14554,0.023709965869784355
14555,0.03758027032017708
14556,0.023709965869784355
14557,0.023709965869784355
14558,0.023709965869784355
14559,0.023709969595074654
14560,0.022739693522453308
14561,0.07188788056373596
14562,0.021724024787545204
14563,0.1113429069519043
14564,0.023709965869784355
14565,0.023709965869784355
14566,0.023709965869784355
14567,0.023709965869784355
14568,0.023709965869784355
14569,0.02586652897298336
14570,0.023709965869784355
14571,0.021724024787545204
14572,0.021724024787545204
14573,0.023709965869784355
14574,0.023709965869784355
14575,0.023709965869784355
14576,0.19201236963272095
14577,0.023709965869784355
14578,0.023709965869784355
14579,0.9061815738677979
14580,0.023709965869784355
14581,0.023709965869784355
14582,0.02273968793451786
14583,0.04447317495942116
14584,0.003406950505450368
14585,0.003406950505450368
14586,0.002197400201112032
14587,0.003406950505450368
14588,0.0033066312316805124
14589,0.0033066312316805124
14590,0.003406950505450368
14591,0.003406945616006851
14592,0.003406945616006851
14593,0.003406950505450368
14594,0.7259484529495239
14595,0.01894407346844673
14596,0.03745613247156143
14597,0.045408084988594055
14598,0.0727931559085846
14599,0.016474973410367966
14600,0.030090440064668655
14601,0.059240736067295074
14602,0.0880100429058075
14603,0.04152550920844078
14604,0.027582775801420212
14605,0.03801296278834343
14606,0.02099653333425522
14607,0.021796686574816704
14608,0.012713355012238026
14609,0.04911462962627411
14610,0.05165422707796097
14611,0.898464024066925
14612,0.021796686574816704
14613,0.021796686574816704
14614,0.09071231633424759
14615,0.04196024686098099
14616,0.18472664058208466
14617,0.3502589762210846
14618,0.03297629952430725
14619,0.08368100970983505
14620,0.025557156652212143
14621,0.606211245059967
14622,0.07394435256719589
14623,0.12959802150726318
14624,0.06932879984378815
14625,0.016714777797460556
14626,0.013460274785757065
14627,0.016305070370435715
14628,0.017174310982227325
14629,0.03802572563290596
14630,0.4038272798061371
14631,0.15255559980869293
14632,0.09157778322696686
14633,0.020785896107554436
14634,0.029384637251496315
14635,0.3599761724472046
14636,0.8846891522407532
14637,0.09399082511663437
14638,0.031128812581300735
14639,0.026162615045905113
14640,0.7539401054382324
14641,0.01664353348314762
14642,0.016422299668192863
14643,0.018022142350673676
14644,0.03269457072019577
14645,0.07069636881351471
14646,0.06160515919327736
14647,0.08325382322072983
14648,0.01928449422121048
14649,0.7061310410499573
14650,0.0038952298928052187
14651,0.8466941118240356
14652,0.04820055142045021
14653,0.11954842507839203
14654,0.11386226117610931
14655,0.7376644015312195
14656,0.06190018355846405
14657,0.037856824696063995
14658,0.03621986508369446
14659,0.02691270411014557
14660,0.07222823798656464
14661,0.08132191747426987
14662,0.07971225678920746
14663,0.15974338352680206
14664,0.04942171648144722
14665,0.7616602778434753
14666,0.11933059990406036
14667,0.19460676610469818
14668,0.40022847056388855
14669,0.1474873274564743
14670,0.9109291434288025
14671,0.02452862076461315
14672,0.12225472182035446
14673,0.0420110709965229
14674,0.02452862076461315
14675,0.027842506766319275
14676,0.024528145790100098
14677,0.013875249773263931
14678,0.016097337007522583
14679,0.027715366333723068
14680,0.024718815460801125
14681,0.4380311071872711
14682,0.024369722232222557
14683,0.05575581267476082
14684,0.1269485354423523
14685,0.03887876123189926
14686,0.028515903279185295
14687,0.03887875750660896
14688,0.021346785128116608
14689,0.04082105681300163
14690,0.053873833268880844
14691,0.06412047892808914
14692,0.07112232595682144
14693,0.06225647032260895
14694,0.016472507268190384
14695,0.09756587445735931
14696,0.056815944612026215
14697,0.027128608897328377
14698,0.7255236506462097
14699,0.039397407323122025
14700,0.11000604182481766
14701,0.017245525494217873
14702,0.0201016403734684
14703,0.5345006585121155
14704,0.2988361120223999
14705,0.7646638751029968
14706,0.16339118778705597
14707,0.44270801544189453
14708,0.07347723841667175
14709,0.016008861362934113
14710,0.04033980891108513
14711,0.0846247524023056
14712,0.702807605266571
14713,0.06525560468435287
14714,0.9051569104194641
14715,0.02089684084057808
14716,0.02153707668185234
14717,0.03379546105861664
14718,0.02153707668185234
14719,0.08864417672157288
14720,0.08022139221429825
14721,0.0674908384680748
14722,0.02014554850757122
14723,0.03427094966173172
14724,0.037501562386751175
14725,0.037501562386751175
14726,0.02998189628124237
14727,0.02998189628124237
14728,0.02998189628124237
14729,0.037501562386751175
14730,0.02998189628124237
14731,0.037501562386751175
14732,0.037501562386751175
14733,0.037501562386751175
14734,0.027038665488362312
14735,0.06684169173240662
14736,0.027038665488362312
14737,0.037501562386751175
14738,0.037501562386751175
14739,0.36310434341430664
14740,0.027038665488362312
14741,0.027038665488362312
14742,0.037501562386751175
14743,0.037501562386751175
14744,0.04579887539148331
14745,0.23057585954666138
14746,0.06978975981473923
14747,0.037501562386751175
14748,0.02127808704972267
14749,0.0015913404058665037
14750,0.0013704441953450441
14751,0.0010303559247404337
14752,0.001090981182642281
14753,9.342021076008677e-4
14754,0.10282664000988007
14755,0.05679328367114067
14756,0.05954528972506523
14757,0.06335078179836273
14758,0.3207983076572418
14759,0.01908884011209011
14760,0.1281624734401703
14761,0.09619848430156708
14762,0.025949016213417053
14763,0.01172641571611166
14764,0.08024253696203232
14765,0.03505102917551994
14766,0.018456963822245598
14767,0.012853373773396015
14768,0.12418515235185623
14769,0.0486934557557106
14770,0.008832965046167374
14771,0.0048693763092160225
14772,0.0018886108882725239
14773,0.019099069759249687
14774,0.6049758791923523
14775,0.015919361263513565
14776,0.018549706786870956
14777,0.009005905129015446
14778,0.005870181135833263
14779,0.027255889028310776
14780,0.016651051118969917
14781,0.8867872953414917
14782,0.01481629442423582
14783,0.014193921349942684
14784,0.023491259664297104
14785,0.027277890592813492
14786,0.011800453066825867
14787,0.06335436552762985
14788,0.5288127660751343
14789,0.08866069465875626
14790,0.028684018179774284
14791,0.027173465117812157
14792,0.07318117469549179
14793,0.038927823305130005
14794,0.07331530004739761
14795,0.003969291690737009
14796,0.0015599376056343317
14797,0.001192761119455099
14798,8.550802012905478e-4
14799,7.190161850303411e-4
14800,0.020411822944879532
14801,0.12948091328144073
14802,0.01554298959672451
14803,0.03577689826488495
14804,0.11284339427947998
14805,0.09640480577945709
14806,0.0318523533642292
14807,0.011657536961138248
14808,0.037615127861499786
14809,0.034216899424791336
14810,0.025706110522150993
14811,0.017868326976895332
14812,0.03532726317644119
14813,0.06523662060499191
14814,0.05742201581597328
14815,0.06523662060499191
14816,0.06766636669635773
14817,0.35945063829421997
14818,0.5882585048675537
14819,0.311021625995636
14820,0.05175093561410904
14821,0.0704730898141861
14822,0.301676869392395
14823,0.8353715538978577
14824,0.06773900240659714
14825,0.09108103811740875
14826,0.6026562452316284
14827,0.15637849271297455
14828,0.041380565613508224
14829,0.14402908086776733
14830,0.042110592126846313
14831,0.08551469445228577
14832,0.04452233389019966
14833,0.08551469445228577
14834,0.042991675436496735
14835,0.20018595457077026
14836,0.016938915476202965
14837,0.05581170693039894
14838,0.5726551413536072
14839,0.2061578780412674
14840,0.4459103047847748
14841,0.05464959144592285
14842,0.26025697588920593
14843,0.051387496292591095
14844,0.04678920656442642
14845,0.18684983253479004
14846,0.012668546289205551
14847,0.6486158967018127
14848,0.05763721466064453
14849,0.8826035857200623
14850,0.01699519343674183
14851,0.07557593286037445
14852,0.07957993447780609
14853,0.013953006826341152
14854,0.03909860551357269
14855,0.12131285667419434
14856,0.2787112295627594
14857,0.016441812738776207
14858,0.015640323981642723
14859,0.021580243483185768
14860,0.07327556610107422
14861,0.4103647470474243
14862,0.2030421793460846
14863,0.8941737413406372
14864,0.023974260315299034
14865,0.42740318179130554
14866,0.03549100086092949
14867,0.1287311464548111
14868,0.1287311464548111
14869,0.06337907910346985
14870,0.015045392327010632
14871,0.020940469577908516
14872,0.014472446404397488
14873,0.02187773957848549
14874,0.01756027527153492
14875,0.0320984311401844
14876,0.0320984311401844
14877,0.8833603262901306
14878,0.019584449008107185
14879,0.08315272629261017
14880,0.034586261957883835
14881,0.37168654799461365
14882,0.04337678104639053
14883,0.026389146223664284
14884,0.04655815288424492
14885,0.13798967003822327
14886,0.053795091807842255
14887,0.025635160505771637
14888,0.8857622146606445
14889,0.2128799855709076
14890,0.03675178810954094
14891,0.0296800397336483
14892,0.01777138188481331
14893,0.019584449008107185
14894,0.07173220813274384
14895,0.030941946431994438
14896,0.015182153321802616
14897,0.009588739834725857
14898,0.02953523024916649
14899,0.027783537283539772
14900,0.0684468075633049
14901,0.15645626187324524
14902,0.1596125215291977
14903,0.08682435005903244
14904,0.14754514396190643
14905,0.10725897550582886
14906,0.04446277394890785
14907,0.7993608713150024
14908,0.04985427483916283
14909,0.018690200522542
14910,0.017630228772759438
14911,0.8697512745857239
14912,0.01859954744577408
14913,0.10746552795171738
14914,0.1683548390865326
14915,0.056260205805301666
14916,0.015333820134401321
14917,0.012796391732990742
14918,0.10902311652898788
14919,0.6867796778678894
14920,0.18136613070964813
14921,0.017806733027100563
14922,0.07251767814159393
14923,0.06879273056983948
14924,0.02180938981473446
14925,0.03013531304895878
14926,0.15854470431804657
14927,0.04044194892048836
14928,0.8519584536552429
14929,0.06972434371709824
14930,0.031414858996868134
14931,0.34664562344551086
14932,0.6200831532478333
14933,0.23940889537334442
14934,0.361434668302536
14935,0.475100040435791
14936,0.0828314796090126
14937,0.8869369626045227
14938,0.040252190083265305
14939,0.040252190083265305
14940,0.14500871300697327
14941,0.06856116652488708
14942,0.21634559333324432
14943,0.04366922751069069
14944,0.19241368770599365
14945,0.047486912459135056
14946,0.010386084206402302
14947,0.1418798565864563
14948,0.02427571453154087
14949,0.11967118829488754
14950,0.016994452103972435
14951,0.30649176239967346
14952,0.06667924672365189
14953,0.038464806973934174
14954,0.015146269463002682
14955,0.016994452103972435
14956,0.016994452103972435
14957,0.0199185311794281
14958,0.08971282094717026
14959,0.016994452103972435
14960,0.016994452103972435
14961,0.12431337684392929
14962,0.12431337684392929
14963,0.03840114176273346
14964,0.40015700459480286
14965,0.10408336669206619
14966,5.931863561272621e-4
14967,0.0013726288452744484
14968,9.971268009394407e-4
14969,0.0013726288452744484
14970,5.931863561272621e-4
14971,0.09636899083852768
14972,0.07374494522809982
14973,0.10586130619049072
14974,0.8892998099327087
14975,0.023534230887889862
14976,0.01803610287606716
14977,0.15982957184314728
14978,0.041441451758146286
14979,0.044739894568920135
14980,0.5691940784454346
14981,0.034006960690021515
14982,0.02858436107635498
14983,0.13695766031742096
14984,0.044590577483177185
14985,0.027985461056232452
14986,0.7506642937660217
14987,0.14534559845924377
14988,0.029984626919031143
14989,0.907473623752594
14990,0.019297344610095024
14991,0.014307284727692604
14992,0.1552664041519165
14993,0.1761815994977951
14994,0.036507491022348404
14995,0.0559581033885479
14996,0.3343048095703125
14997,0.054511167109012604
14998,0.028236594051122665
14999,0.03170199692249298
15000,0.6170415878295898
15001,0.01793963462114334
15002,0.128684401512146
15003,0.41286924481391907
15004,0.08497489243745804
15005,0.07427389919757843
15006,0.08169279992580414
15007,0.06839217245578766
15008,0.21328628063201904
15009,0.04229225590825081
15010,0.17384977638721466
15011,0.061929069459438324
15012,0.015532925724983215
15013,0.017414402216672897
15014,0.014790666289627552
15015,0.29051071405410767
15016,0.09396835416555405
15017,0.07579801231622696
15018,0.2610003352165222
15019,0.01453391369432211
15020,0.5626511573791504
15021,0.15225383639335632
15022,0.11159577965736389
15023,0.6040307283401489
15024,0.08377885073423386
15025,0.07889608293771744
15026,0.061424851417541504
15027,0.07889608293771744
15028,0.05501594394445419
15029,0.80063796043396
15030,0.02836417220532894
15031,0.08026383817195892
15032,0.07889608293771744
15033,0.23815257847309113
15034,0.08807060122489929
15035,0.026341469958424568
15036,0.03351776674389839
15037,0.050391726195812225
15038,0.009042534977197647
15039,0.11903548985719681
15040,0.03428397700190544
15041,0.010530099272727966
15042,0.893895149230957
15043,0.13524866104125977
15044,0.008375882171094418
15045,0.1353738009929657
15046,0.8849652409553528
15047,0.9087535738945007
15048,0.05008231848478317
15049,0.1989586502313614
15050,0.05609172210097313
15051,0.0599084198474884
15052,0.08418957144021988
15053,0.3562617599964142
15054,0.014907839708030224
15055,0.09904574602842331
15056,0.05703679099678993
15057,0.02099180966615677
15058,0.07828082889318466
15059,0.04258028790354729
15060,0.132088303565979
15061,0.8623688220977783
15062,0.09230667352676392
15063,0.18448668718338013
15064,0.3858780562877655
15065,0.12122371047735214
15066,0.13122449815273285
15067,0.1004960685968399
15068,0.10450494289398193
15069,0.17191502451896667
15070,0.06932546198368073
15071,0.05382711812853813
15072,0.11701305210590363
15073,0.037059035152196884
15074,0.23805202543735504
15075,0.10309475660324097
15076,0.05371342599391937
15077,0.2464192509651184
15078,0.08037620037794113
15079,0.033985868096351624
15080,0.20902828872203827
15081,0.16077454388141632
15082,0.08085973560810089
15083,0.014955366030335426
15084,0.21416707336902618
15085,0.012793909758329391
15086,0.1777971386909485
15087,0.04511089622974396
15088,0.08905200660228729
15089,0.042659759521484375
15090,0.026784870773553848
15091,0.294156938791275
15092,0.46419209241867065
15093,0.09242933988571167
15094,0.017864536494016647
15095,0.13773764669895172
15096,0.8941201567649841
15097,0.048319678753614426
15098,0.05958959087729454
15099,0.1491192877292633
15100,0.09616295248270035
15101,0.0281570665538311
15102,0.01941705122590065
15103,0.011859036982059479
15104,0.006371399387717247
15105,0.21750997006893158
15106,0.07966793328523636
15107,0.06801854819059372
15108,0.35937172174453735
15109,0.7153037190437317
15110,0.799728512763977
15111,0.14242781698703766
15112,0.03426537662744522
15113,0.11446448415517807
15114,0.09226654469966888
15115,0.01682540401816368
15116,0.10545526444911957
15117,0.2287091165781021
15118,0.06932671368122101
15119,0.7164934873580933
15120,0.03624097630381584
15121,0.8892540335655212
15122,0.16172495484352112
15123,0.048150863498449326
15124,0.08759475499391556
15125,0.030495446175336838
15126,0.030495446175336838
15127,0.030495446175336838
15128,0.030495446175336838
15129,0.027945304289460182
15130,0.030495446175336838
15131,0.030495446175336838
15132,0.0730680525302887
15133,0.07109895348548889
15134,0.030495446175336838
15135,0.030495446175336838
15136,0.07493999600410461
15137,0.030495446175336838
15138,0.030495446175336838
15139,0.030495446175336838
15140,0.030495446175336838
15141,0.030495446175336838
15142,0.015484429895877838
15143,0.15315954387187958
15144,0.09733480960130692
15145,0.8200626969337463
15146,0.07432730495929718
15147,0.09864602982997894
15148,0.09241530299186707
15149,0.09241530299186707
15150,0.09241530299186707
15151,0.03884115442633629
15152,0.05134691298007965
15153,0.029967142269015312
15154,0.03468849137425423
15155,0.07991865277290344
15156,0.057439159601926804
15157,0.028768282383680344
15158,0.029215455055236816
15159,0.0658426508307457
15160,0.3080866038799286
15161,0.09159702062606812
15162,0.3292411267757416
15163,0.017993688583374023
15164,0.05471564084291458
15165,0.37972113490104675
15166,0.07309573143720627
15167,0.02412893995642662
15168,0.8890315890312195
15169,0.015109292231500149
15170,0.05251658707857132
15171,0.05251658707857132
15172,0.04245048016309738
15173,0.021602783352136612
15174,0.01912679150700569
15175,0.03642301633954048
15176,0.018424781039357185
15177,0.17288553714752197
15178,0.05854296684265137
15179,0.017361698672175407
15180,0.026871588081121445
15181,0.022813867777585983
15182,0.03530101478099823
15183,0.03604413568973541
15184,0.07400701940059662
15185,0.04940410330891609
15186,0.04701801761984825
15187,0.8520633578300476
15188,0.5787903666496277
15189,0.11450245976448059
15190,0.05872378125786781
15191,0.15327100455760956
15192,0.1357564926147461
15193,0.1466994434595108
15194,0.06516581773757935
15195,0.08691628277301788
15196,0.0166635625064373
15197,0.15458446741104126
15198,0.0778205469250679
15199,0.07852651923894882
15200,0.2807884216308594
15201,0.00924619846045971
15202,0.019061021506786346
15203,0.06493216007947922
15204,0.03980734199285507
15205,0.014338957145810127
15206,0.11987154930830002
15207,0.08245482295751572
15208,0.04464949294924736
15209,0.01310665812343359
15210,0.042782869189977646
15211,0.03029659017920494
15212,0.14734630286693573
15213,0.04738180711865425
15214,0.03924409672617912
15215,0.020734230056405067
15216,0.026536831632256508
15217,0.03906230255961418
15218,0.02376297302544117
15219,0.2468378096818924
15220,0.02688845805823803
15221,0.039039213210344315
15222,0.133100688457489
15223,0.13216759264469147
15224,0.9164958596229553
15225,0.049529388546943665
15226,0.03621309623122215
15227,0.07166147977113724
15228,0.02636086568236351
15229,0.5887898802757263
15230,0.3014661967754364
15231,0.14981192350387573
15232,0.08601106703281403
15233,0.07166147977113724
15234,0.07166147977113724
15235,0.13462229073047638
15236,0.02081298641860485
15237,0.07949725538492203
15238,0.038549039512872696
15239,0.03661894053220749
15240,0.06849926710128784
15241,0.05328842252492905
15242,0.03111742064356804
15243,0.09027107059955597
15244,0.059271372854709625
15245,0.8998781442642212
15246,0.05039199814200401
15247,0.12770813703536987
15248,0.1730196624994278
15249,0.3005441129207611
15250,0.4271393418312073
15251,0.04380536451935768
15252,0.030161425471305847
15253,0.007967148907482624
15254,0.027794677764177322
15255,0.06076071783900261
15256,0.011755974031984806
15257,0.017545530572533607
15258,0.34595367312431335
15259,0.19383348524570465
15260,0.011469531804323196
15261,0.08546169847249985
15262,0.004370879847556353
15263,0.0017388617852702737
15264,7.540290826000273e-4
15265,7.939859642647207e-4
15266,0.04878819361329079
15267,0.02603071555495262
15268,0.017757637426257133
15269,0.07460430264472961
15270,0.06585220992565155
15271,0.039175763726234436
15272,0.07086347043514252
15273,0.3567788898944855
15274,0.030798932537436485
15275,0.03554023802280426
15276,0.7005045413970947
15277,0.14121350646018982
15278,0.025876199826598167
15279,0.7456355094909668
15280,0.8771039247512817
15281,0.043052610009908676
15282,0.04630126804113388
15283,0.21069952845573425
15284,0.004349552094936371
15285,0.12164513766765594
15286,0.07537410408258438
15287,0.01613030582666397
15288,0.0236828550696373
15289,0.024385228753089905
15290,0.08794313669204712
15291,0.12233011424541473
15292,0.04371430724859238
15293,0.038979366421699524
15294,0.0678691491484642
15295,0.038807205855846405
15296,0.0476616770029068
15297,0.015631215646862984
15298,0.057988300919532776
15299,0.03507404401898384
15300,0.02152949757874012
15301,0.066522017121315
15302,0.0588371641933918
15303,0.028416192159056664
15304,0.056248005479574203
15305,0.025178736075758934
15306,0.025178736075758934
15307,0.0176977701485157
15308,0.025285933166742325
15309,0.025178736075758934
15310,0.06357819586992264
15311,0.025178736075758934
15312,0.025178736075758934
15313,0.00852181576192379
15314,0.025178736075758934
15315,0.8795270323753357
15316,0.025178736075758934
15317,0.09800523519515991
15318,0.025178736075758934
15319,0.17074069380760193
15320,0.018791016191244125
15321,0.05691629648208618
15322,0.04356686770915985
15323,0.0463225282728672
15324,0.03553690388798714
15325,0.07206586003303528
15326,0.06596861034631729
15327,0.18168006837368011
15328,0.1267157346010208
15329,0.2544068694114685
15330,0.06261666119098663
15331,0.017172958701848984
15332,0.10307550430297852
15333,0.02092781476676464
15334,0.03361761197447777
15335,0.014984820038080215
15336,0.2797652781009674
15337,0.011051982641220093
15338,0.04491455852985382
15339,0.04641353711485863
15340,0.04396628960967064
15341,0.10679399967193604
15342,0.06380706280469894
15343,0.14325924217700958
15344,0.10813532024621964
15345,0.01887665130198002
15346,0.06938634067773819
15347,0.0821228176355362
15348,0.026020992547273636
15349,0.08241661638021469
15350,0.05499258637428284
15351,0.01882254146039486
15352,0.016905194148421288
15353,0.06182028725743294
15354,0.012101822532713413
15355,0.7961024641990662
15356,0.019037270918488503
15357,0.04638678580522537
15358,0.06103707477450371
15359,0.34051164984703064
15360,0.013121765106916428
15361,0.10383491963148117
15362,0.043978266417980194
15363,0.3205421566963196
15364,0.072651706635952
15365,0.027382710948586464
15366,0.012823857367038727
15367,0.02715826965868473
15368,0.010064966045320034
15369,0.010054945945739746
15370,0.0032867612317204475
15371,0.004792309831827879
15372,0.08076660335063934
15373,0.017692862078547478
15374,0.018965953961014748
15375,0.0549449659883976
15376,0.032808300107717514
15377,0.3252418339252472
15378,0.0809343010187149
15379,0.03970663622021675
15380,0.05065498501062393
15381,0.03592611849308014
15382,0.008491046726703644
15383,0.0668530985713005
15384,0.015599419362843037
15385,0.012509535066783428
15386,0.006903890520334244
15387,0.0052499063313007355
15388,0.023678595200181007
15389,0.022404193878173828
15390,0.004617922008037567
15391,0.04645243659615517
15392,0.5765399932861328
15393,0.01576610468327999
15394,0.01941705122590065
15395,0.011242578737437725
15396,0.0068880231119692326
15397,0.32916611433029175
15398,0.4370794892311096
15399,0.06643512099981308
15400,0.07376835495233536
15401,0.022117428481578827
15402,0.03273613005876541
15403,0.035907749086618423
15404,0.09066843241453171
15405,0.08374673128128052
15406,0.02834927663207054
15407,0.013015429489314556
15408,0.05137594789266586
15409,0.0196896493434906
15410,0.012411492876708508
15411,0.04511967673897743
15412,0.13145844638347626
15413,0.09434506297111511
15414,0.8854227662086487
15415,0.08542512357234955
15416,0.012525767087936401
15417,0.01424149889498949
15418,0.05645646154880524
15419,0.021164102479815483
15420,0.17414794862270355
15421,0.028569767251610756
15422,0.029115105047822
15423,0.01285569742321968
15424,0.0994453951716423
15425,0.015123049728572369
15426,0.024444345384836197
15427,0.0657629445195198
15428,0.01133792009204626
15429,0.04300050437450409
15430,0.15142621099948883
15431,0.03976229578256607
15432,0.014500003308057785
15433,0.07922195643186569
15434,0.03786841034889221
15435,0.036979712545871735
15436,0.18604202568531036
15437,0.03541799634695053
15438,0.08599680662155151
15439,0.3509749174118042
15440,0.015284952707588673
15441,0.09271298348903656
15442,0.06232364475727081
15443,0.15707923471927643
15444,0.02117065340280533
15445,0.03306220471858978
15446,0.1430729329586029
15447,0.007617554627358913
15448,0.02243446372449398
15449,0.015237226150929928
15450,0.02168007753789425
15451,0.042051102966070175
15452,0.018523531034588814
15453,0.054170336574316025
15454,0.0506959892809391
15455,0.058064479380846024
15456,0.012536057271063328
15457,0.027909772470593452
15458,0.03893051669001579
15459,0.014959665015339851
15460,0.05169836804270744
15461,0.04926633834838867
15462,0.0312996543943882
15463,0.01354239508509636
15464,0.02551996149122715
15465,0.025272680446505547
15466,0.008926890790462494
15467,0.04550877586007118
15468,0.05344982445240021
15469,0.028974678367376328
15470,0.6386781334877014
15471,0.0375136137008667
15472,0.06069154664874077
15473,0.043796125799417496
15474,0.06804914772510529
15475,0.030830655246973038
15476,0.03750920668244362
15477,0.022977719083428383
15478,0.05211270973086357
15479,0.014177597127854824
15480,0.025125762447714806
15481,0.03523844853043556
15482,0.15333937108516693
15483,0.010152996517717838
15484,0.06737682968378067
15485,0.011455641128122807
15486,0.010800526477396488
15487,0.010152996517717838
15488,0.011455635540187359
15489,0.012287481687963009
15490,0.02110484056174755
15491,0.014089039526879787
15492,0.020633786916732788
15493,0.015325167216360569
15494,0.07204509526491165
15495,0.07607750594615936
15496,0.021021390333771706
15497,0.6121937036514282
15498,0.012964833527803421
15499,0.030367599800229073
15500,0.013190488331019878
15501,0.013190488331019878
15502,0.04790075495839119
15503,0.012311914935708046
15504,0.013000424019992352
15505,0.018471060320734978
15506,0.0863899514079094
15507,0.8330795764923096
15508,0.009833629243075848
15509,0.07481236010789871
15510,0.048872049897909164
15511,0.06163052096962929
15512,0.008668352849781513
15513,0.013190488331019878
15514,0.06355628371238708
15515,0.06676515936851501
15516,0.02800552174448967
15517,0.019357608631253242
15518,0.1420086771249771
15519,0.08163867145776749
15520,0.035048529505729675
15521,0.0049944776110351086
15522,0.04457903280854225
15523,0.03763129189610481
15524,0.015276040881872177
15525,0.030271660536527634
15526,0.0049944776110351086
15527,0.011837002821266651
15528,0.058271825313568115
15529,0.022815005853772163
15530,0.07092510908842087
15531,0.0412672683596611
15532,0.04020703583955765
15533,0.07429947704076767
15534,0.05080532655119896
15535,0.40306299924850464
15536,0.012571181170642376
15537,0.012732432223856449
15538,0.047042809426784515
15539,0.034151434898376465
15540,0.01605192944407463
15541,0.04807882755994797
15542,0.012957964092493057
15543,0.033466488122940063
15544,0.05556179955601692
15545,0.012526297941803932
15546,0.013363884761929512
15547,0.12027391046285629
15548,0.022245420143008232
15549,0.16834241151809692
15550,0.02461005374789238
15551,0.009889837354421616
15552,0.09015442430973053
15553,0.017833322286605835
15554,0.33476880192756653
15555,0.02004891261458397
15556,0.029231464490294456
15557,0.018051404505968094
15558,0.02454337105154991
15559,0.01724952645599842
15560,0.024645930156111717
15561,0.13214677572250366
15562,0.014657270163297653
15563,0.021571900695562363
15564,0.01258870679885149
15565,0.010240348987281322
15566,0.0546107217669487
15567,0.012234716676175594
15568,0.03285776078701019
15569,0.02558974176645279
15570,0.013185934163630009
15571,0.04466525837779045
15572,0.013341997750103474
15573,0.02163200080394745
15574,0.025474747642874718
15575,0.009879053570330143
15576,0.02321644499897957
15577,0.05177736654877663
15578,0.05975743383169174
15579,0.018116284161806107
15580,0.02375856786966324
15581,0.029758332297205925
15582,0.043574683368206024
15583,0.026978079229593277
15584,0.1453564465045929
15585,0.030872905626893044
15586,0.040883757174015045
15587,0.09321260452270508
15588,0.09250222146511078
15589,0.15139620006084442
15590,0.009173193015158176
15591,0.05403882637619972
15592,0.062000907957553864
15593,0.06709681451320648
15594,0.022074636071920395
15595,0.014945415779948235
15596,0.04608440771698952
15597,0.02727504074573517
15598,0.780440628528595
15599,0.0627768337726593
15600,0.03586553782224655
15601,0.012728891335427761
15602,0.00839425902813673
15603,0.046100154519081116
15604,0.0063537610694766045
15605,0.027087079361081123
15606,0.019849518314003944
15607,0.01537060085684061
15608,0.016218505799770355
15609,0.3049364387989044
15610,0.012728891335427761
15611,0.01537060085684061
15612,0.01537060085684061
15613,0.01537060085684061
15614,0.01537060085684061
15615,0.15574419498443604
15616,0.015370593406260014
15617,0.043346650898456573
15618,0.012111539952456951
15619,0.816146969795227
15620,0.021848853677511215
15621,0.3209618926048279
15622,0.04889101907610893
15623,0.016262829303741455
15624,0.016262829303741455
15625,0.4282523989677429
15626,0.01589309051632881
15627,0.05993995815515518
15628,0.056435976177453995
15629,0.009561657905578613
15630,0.009561657905578613
15631,0.016857150942087173
15632,0.004819977097213268
15633,0.0408683605492115
15634,0.02862042561173439
15635,0.010104570537805557
15636,0.024050675332546234
15637,0.00704850722104311
15638,0.010104570537805557
15639,0.2242114543914795
15640,0.03686360642313957
15641,0.00625133141875267
15642,0.025831742212176323
15643,0.012556479312479496
15644,0.045947082340717316
15645,0.013350600376725197
15646,0.009836152195930481
15647,0.05194815993309021
15648,0.2952965199947357
15649,0.06211710348725319
15650,0.04592367261648178
15651,0.13056160509586334
15652,0.002832229482010007
15653,0.009285793639719486
15654,0.0174271110445261
15655,0.048530761152505875
15656,0.029789863154292107
15657,0.025097988545894623
15658,0.013313248753547668
15659,0.0075791021808981895
15660,0.01415308564901352
15661,0.01146678626537323
15662,0.01146678626537323
15663,0.010949610732495785
15664,0.022667016834020615
15665,0.3529556691646576
15666,0.1512129306793213
15667,0.02087353728711605
15668,0.015117133967578411
15669,0.017778750509023666
15670,0.0702279806137085
15671,0.017778750509023666
15672,0.0072867111302912235
15673,0.007522782776504755
15674,0.15665359795093536
15675,0.0572710819542408
15676,0.06982496380805969
15677,0.010896246880292892
15678,0.008377485908567905
15679,0.019260244444012642
15680,0.03839142248034477
15681,0.15979883074760437
15682,0.05294479802250862
15683,0.014387223869562149
15684,0.030862009152770042
15685,0.07978131622076035
15686,0.014123409986495972
15687,0.01821018010377884
15688,0.06495986878871918
15689,0.0018131006509065628
15690,0.03384087234735489
15691,0.12966886162757874
15692,0.03906578943133354
15693,0.01584773324429989
15694,0.015645764768123627
15695,0.018813971430063248
15696,0.07066803425550461
15697,0.06786362081766129
15698,0.7698931097984314
15699,0.018756037577986717
15700,0.015952900052070618
15701,0.0076041747815907
15702,0.018771251663565636
15703,0.013598400168120861
15704,0.2156955748796463
15705,0.10477003455162048
15706,0.8233317136764526
15707,0.028339333832263947
15708,0.04877663403749466
15709,0.010922734625637531
15710,0.00813701469451189
15711,0.010922734625637531
15712,0.010922734625637531
15713,0.010922734625637531
15714,0.053585611283779144
15715,0.8268188834190369
15716,0.010922734625637531
15717,0.010922734625637531
15718,0.010922734625637531
15719,0.010793467983603477
15720,0.017389152199029922
15721,0.00813701469451189
15722,0.010922734625637531
15723,0.010922734625637531
15724,0.010922734625637531
15725,0.00813701469451189
15726,0.020265504717826843
15727,0.013534560799598694
15728,0.010922734625637531
15729,0.010922734625637531
15730,0.010922734625637531
15731,0.010922734625637531
15732,0.010922734625637531
15733,0.8012824058532715
15734,0.012014780193567276
15735,0.009263521991670132
15736,0.019400380551815033
15737,0.0587957501411438
15738,0.04703167453408241
15739,0.014244075864553452
15740,0.01967867836356163
15741,0.01587383635342121
15742,0.1397887021303177
15743,0.012797295115888119
15744,0.012797295115888119
15745,0.00808750744909048
15746,0.012797307223081589
15747,0.03315950185060501
15748,0.0462840273976326
15749,0.01892164722084999
15750,0.13851863145828247
15751,0.028150416910648346
15752,0.05591514706611633
15753,0.067078597843647
15754,0.08825983852148056
15755,0.04005257412791252
15756,0.0049388473853468895
15757,0.1356882005929947
15758,0.011923636309802532
15759,0.0049388473853468895
15760,0.011095534078776836
15761,0.015641070902347565
15762,0.017030032351613045
15763,4.277786356396973e-4
15764,0.031183242797851563
15765,0.044291455298662186
15766,0.05009954050183296
15767,0.010654108598828316
15768,0.043376028537750244
15769,0.024998530745506287
15770,0.027440093457698822
15771,0.022443989291787148
15772,0.014244987629354
15773,0.01472387369722128
15774,0.02849298156797886
15775,0.02226407267153263
15776,0.012372108176350594
15777,0.016024364158511162
15778,0.022591708227992058
15779,0.040305305272340775
15780,0.2078789621591568
15781,0.74599689245224
15782,0.05829707905650139
15783,0.010654108598828316
15784,0.038001060485839844
15785,0.056746840476989746
15786,0.06861758232116699
15787,0.0064053600654006004
15788,0.0049931458197534084
15789,0.00802496075630188
15790,0.00691986596211791
15791,0.04524998366832733
15792,0.00691986596211791
15793,0.002408588770776987
15794,0.0050196279771625996
15795,0.00547748152166605
15796,0.0050196279771625996
15797,0.005008732434362173
15798,0.005683530122041702
15799,0.011006249114871025
15800,0.005683530122041702
15801,0.0064053600654006004
15802,0.017738640308380127
15803,0.010582085698843002
15804,0.05126684159040451
15805,0.018819386139512062
15806,0.009037371724843979
15807,0.01496540755033493
15808,0.05528337508440018
15809,0.035087112337350845
15810,0.022340454161167145
15811,0.027970360592007637
15812,0.022964198142290115
15813,0.039459966123104095
15814,0.04127124324440956
15815,0.07245787233114243
15816,0.8373668789863586
15817,0.05519391596317291
15818,0.038622304797172546
15819,0.04763235151767731
15820,0.01320594735443592
15821,0.04294848442077637
15822,0.02075381949543953
15823,0.03441592678427696
15824,0.01583768241107464
15825,0.020433228462934494
15826,0.04781155660748482
15827,0.005093446932733059
15828,0.008325599133968353
15829,0.005093446932733059
15830,0.005093446932733059
15831,0.02058733068406582
15832,0.044702447950839996
15833,0.04605782404541969
15834,0.04048458859324455
15835,0.00604237662628293
15836,0.008083882741630077
15837,0.04438719525933266
15838,0.013875884003937244
15839,0.02952517196536064
15840,0.12260475009679794
15841,0.03188522905111313
15842,0.016808632761240005
15843,0.07387236505746841
15844,0.03606114163994789
15845,0.016808632761240005
15846,0.016808632761240005
15847,0.0297932717949152
15848,0.05995680391788483
15849,0.03188522905111313
15850,0.3357025682926178
15851,0.016808632761240005
15852,0.016808632761240005
15853,0.011839060112833977
15854,0.0275596734136343
15855,0.8369898796081543
15856,0.005268063861876726
15857,0.019754678010940552
15858,0.012942018918693066
15859,0.011630543507635593
15860,0.021383821964263916
15861,0.025995858013629913
15862,0.07556217163801193
15863,0.07216713577508926
15864,0.02341022714972496
15865,0.8213968873023987
15866,0.021386774256825447
15867,0.015830369666218758
15868,0.007000158075243235
15869,0.009753512218594551
15870,0.42589685320854187
15871,0.018487025052309036
15872,0.019472338259220123
15873,0.02306029573082924
15874,0.056005824357271194
15875,0.018246235325932503
15876,0.03185458108782768
15877,0.08371205627918243
15878,0.030514484271407127
15879,0.015688326209783554
15880,0.09475759416818619
15881,0.009753512218594551
15882,0.044412486255168915
15883,0.0061400532722473145
15884,0.0157452579587698
15885,0.045149240642786026
15886,0.06114313751459122
15887,0.07597746700048447
15888,0.02098928950726986
15889,0.014685270376503468
15890,0.009431855753064156
15891,0.009003186598420143
15892,0.009003186598420143
15893,0.015030384063720703
15894,0.0750233605504036
15895,0.02359430119395256
15896,0.019541893154382706
15897,0.009383141063153744
15898,0.07564324885606766
15899,0.0710616335272789
15900,0.0710616335272789
15901,0.021600373089313507
15902,0.023900408297777176
15903,0.7983633875846863
15904,0.02419218420982361
15905,0.020119767636060715
15906,0.018391475081443787
15907,0.014756014570593834
15908,0.04153301566839218
15909,0.012721787206828594
15910,0.05717836692929268
15911,0.025348588824272156
15912,0.03866603597998619
15913,0.8577137589454651
15914,0.02825435996055603
15915,0.009224027395248413
15916,0.016184737905859947
15917,0.020099399611353874
15918,0.040530845522880554
15919,0.04533799737691879
15920,0.0197124145925045
15921,0.016284272074699402
15922,0.01675994135439396
15923,0.016284272074699402
15924,0.6751869320869446
15925,0.02522401697933674
15926,0.058280326426029205
15927,0.05889172479510307
15928,0.049209561198949814
15929,0.057579174637794495
15930,0.05214933678507805
15931,0.015001664869487286
15932,0.6464036703109741
15933,0.09959179908037186
15934,0.013293225318193436
15935,0.016724389046430588
15936,0.027687834575772285
15937,0.0076530626974999905
15938,0.06089654192328453
15939,0.014856172725558281
15940,0.03037998639047146
15941,0.008953249081969261
15942,0.008953249081969261
15943,0.011208207346498966
15944,0.012501032091677189
15945,0.012501032091677189
15946,0.0032153057400137186
15947,0.0578879676759243
15948,0.004524680785834789
15949,0.046056848019361496
15950,0.015935275703668594
15951,0.011848474852740765
15952,0.00891562644392252
15953,0.008292323909699917
15954,0.00891562644392252
15955,0.014853550121188164
15956,0.011848474852740765
15957,0.00891562644392252
15958,0.011848474852740765
15959,0.011848474852740765
15960,0.020350273698568344
15961,0.011848474852740765
15962,0.007529147434979677
15963,0.011848474852740765
15964,0.011848474852740765
15965,0.011848474852740765
15966,0.012444332242012024
15967,0.0983903706073761
15968,0.00902314018458128
15969,0.027665043249726295
15970,0.05784326419234276
15971,0.2628341019153595
15972,0.12132547795772552
15973,0.04540734365582466
15974,0.03570754453539848
15975,1.897474576253444e-4
15976,0.1366555243730545
15977,0.1366555243730545
15978,0.7562981843948364
15979,0.03869707137346268
15980,1.897474576253444e-4
15981,1.4246186765376478e-4
15982,1.897474576253444e-4
15983,1.4246186765376478e-4
15984,0.006097028031945229
15985,0.5540559887886047
15986,0.21038462221622467
15987,0.043528757989406586
15988,0.013273388147354126
15989,0.019952531903982162
15990,0.005862338934093714
15991,0.028835633769631386
15992,0.0625036284327507
15993,0.8206996917724609
15994,0.036383695900440216
15995,0.016406062990427017
15996,0.006282482761889696
15997,0.016406062990427017
15998,0.016406062990427017
15999,0.01136269886046648
16000,0.02315383218228817
16001,0.023153837770223618
16002,0.018309030681848526
16003,0.005862338934093714
16004,0.016406062990427017
16005,0.014965738169848919
16006,0.016406062990427017
16007,0.016397111117839813
16008,0.013798887841403484
16009,0.03447591885924339
16010,0.03562973439693451
16011,0.028337128460407257
16012,0.016406062990427017
16013,0.008392663672566414
16014,0.05043166130781174
16015,0.015260354615747929
16016,0.0314907468855381
16017,0.014022608287632465
16018,0.0057877651415765285
16019,0.13697773218154907
16020,0.0033869624603539705
16021,0.01707400754094124
16022,0.03326210752129555
16023,0.03842012211680412
16024,0.10809355229139328
16025,0.0057877651415765285
16026,0.02709192968904972
16027,0.08680985867977142
16028,0.018359124660491943
16029,0.07578454911708832
16030,0.07578454911708832
16031,0.08057449012994766
16032,0.017077559605240822
16033,0.0159000251442194
16034,0.056024037301540375
16035,0.009737060405313969
16036,0.03189939260482788
16037,0.025096332654356956
16038,0.019678229466080666
16039,0.10472921282052994
16040,0.060033537447452545
16041,0.06494949758052826
16042,0.03843170776963234
16043,0.05754353106021881
16044,0.456562876701355
16045,0.024054275825619698
16046,0.029993517324328423
16047,0.008025899529457092
16048,0.07000258564949036
16049,0.009743532165884972
16050,0.03609612584114075
16051,0.02966040000319481
16052,0.02262277901172638
16053,0.005801417864859104
16054,0.038152873516082764
16055,0.020910918712615967
16056,0.005801417864859104
16057,0.005801417864859104
16058,0.001835033530369401
16059,0.02655711956322193
16060,0.039117902517318726
16061,0.019045880064368248
16062,0.035769131034612656
16063,0.17910230159759521
16064,0.04600284993648529
16065,0.045019928365945816
16066,0.07137098163366318
16067,0.044251345098018646
16068,0.027277227491140366
16069,0.21190033853054047
16070,0.7494847774505615
16071,0.05039208009839058
16072,0.004572499077767134
16073,0.061483558267354965
16074,0.025097684934735298
16075,0.05743657425045967
16076,0.13268563151359558
16077,0.42859023809432983
16078,0.027508672326803207
16079,0.028183361515402794
16080,0.0943019688129425
16081,0.012070411816239357
16082,0.2915140986442566
16083,0.02509620040655136
16084,0.1089450940489769
16085,0.0045363144017755985
16086,0.0045363144017755985
16087,0.012252108193933964
16088,0.011003764346241951
16089,0.051857173442840576
16090,0.023789523169398308
16091,0.03655194118618965
16092,0.03534327447414398
16093,0.06502386182546616
16094,0.02508310042321682
16095,0.03576091676950455
16096,0.8018636107444763
16097,0.04607240483164787
16098,0.029763000085949898
16099,0.14795692265033722
16100,0.04032700136303902
16101,0.09180857241153717
16102,0.001526948413811624
16103,0.010188807733356953
16104,0.006420669611543417
16105,0.012881021946668625
16106,0.009758795611560345
16107,0.05314716324210167
16108,0.03677826747298241
16109,0.007668239995837212
16110,0.030062781646847725
16111,0.06150614470243454
16112,0.010004961863160133
16113,0.02238822542130947
16114,0.016725612804293633
16115,0.7482246160507202
16116,0.010811817832291126
16117,0.010600888170301914
16118,0.027343833819031715
16119,0.0070495218969881535
16120,0.004578493069857359
16121,0.033032823354005814
16122,0.02052668109536171
16123,0.00981946475803852
16124,0.02052668109536171
16125,0.02052668109536171
16126,0.02052668109536171
16127,0.00981945637613535
16128,0.020526684820652008
16129,0.02052668109536171
16130,0.004578493069857359
16131,0.004578493069857359
16132,0.02052668109536171
16133,0.004578493069857359
16134,0.01042754016816616
16135,0.004578493069857359
16136,0.004578493069857359
16137,0.0024922641459852457
16138,0.004578493069857359
16139,0.010811817832291126
16140,0.004578493069857359
16141,0.004578493069857359
16142,0.15109369158744812
16143,0.04733092710375786
16144,0.021044963970780373
16145,0.04313407465815544
16146,0.03559562936425209
16147,0.010811817832291126
16148,0.024837130680680275
16149,0.047082122415304184
16150,0.04313407465815544
16151,0.04313407465815544
16152,0.04313407465815544
16153,0.015837540850043297
16154,0.0346328429877758
16155,0.01843980886042118
16156,0.020270053297281265
16157,0.014930708333849907
16158,0.011682230979204178
16159,0.011682230979204178
16160,0.011682230979204178
16161,0.011682230979204178
16162,0.008922990411520004
16163,0.011682230979204178
16164,0.011682230979204178
16165,0.03130286931991577
16166,0.024930957704782486
16167,0.006503579672425985
16168,0.006503579672425985
16169,0.012268374674022198
16170,0.008475961163640022
16171,0.0722469612956047
16172,0.17749597132205963
16173,0.7670140862464905
16174,9.594516013748944e-4
16175,0.10130220651626587
16176,0.0685446709394455
16177,0.028142239898443222
16178,0.007780625019222498
16179,0.03834103047847748
16180,0.07845785468816757
16181,0.06377048790454865
16182,0.016049489378929138
16183,0.015637680888175964
16184,0.0313689261674881
16185,0.031954314559698105
16186,0.10852489620447159
16187,0.031954314559698105
16188,0.01383368019014597
16189,0.05825026333332062
16190,0.05065495893359184
16191,0.012708527036011219
16192,0.05386378616094589
16193,0.11199136078357697
16194,0.03755970299243927
16195,0.017366653308272362
16196,0.0010424972278997302
16197,0.018346643075346947
16198,0.8211784362792969
16199,0.06092807278037071
16200,0.07516530156135559
16201,0.028245732188224792
16202,0.03150585666298866
16203,0.1092207133769989
16204,0.04501146450638771
16205,0.011130212806165218
16206,0.218601256608963
16207,0.033308520913124084
16208,0.07829493284225464
16209,0.09287899732589722
16210,0.040519267320632935
16211,0.023360157385468483
16212,0.05127240717411041
16213,0.03511722385883331
16214,0.06570642441511154
16215,0.01670800894498825
16216,0.0959988534450531
16217,0.08383751660585403
16218,0.04218915477395058
16219,0.03518163412809372
16220,0.04024113714694977
16221,0.0465775690972805
16222,0.028765836730599403
16223,0.05855872109532356
16224,0.030056016519665718
16225,0.36527061462402344
16226,0.03151100501418114
16227,0.026230115443468094
16228,0.030036527663469315
16229,0.040356554090976715
16230,0.13657380640506744
16231,0.03542485460639
16232,0.5863702893257141
16233,0.0065298788249492645
16234,0.013438606634736061
16235,0.06340499967336655
16236,0.029868049547076225
16237,0.26980772614479065
16238,0.12711505591869354
16239,0.0726110115647316
16240,0.08226657658815384
16241,0.05650511756539345
16242,0.024727916345000267
16243,0.06129495054483414
16244,0.036867883056402206
16245,0.03787237033247948
16246,0.048168811947107315
16247,0.07258247584104538
16248,0.14977870881557465
16249,0.02623549848794937
16250,0.14977870881557465
16251,0.14977870881557465
16252,0.14977870881557465
16253,0.3951922059059143
16254,0.14977870881557465
16255,0.0735430046916008
16256,0.04631732776761055
16257,0.017665691673755646
16258,0.0359903946518898
16259,0.06630117446184158
16260,0.02418733946979046
16261,0.06330011039972305
16262,0.020841943100094795
16263,0.06279794871807098
16264,0.03234478831291199
16265,0.0719992145895958
16266,0.01937679573893547
16267,0.13330283761024475
16268,0.0062265158630907536
16269,0.038466472178697586
16270,0.06030546501278877
16271,0.027132108807563782
16272,0.0050094095058739185
16273,7.296622497960925e-4
16274,0.041972965002059937
16275,0.05593450739979744
16276,0.5461674928665161
16277,0.1433488130569458
16278,0.7755798101425171
16279,0.04556405171751976
16280,0.04318121448159218
16281,0.034989338368177414
16282,0.07239148765802383
16283,0.009232562966644764
16284,0.05694654956459999
16285,0.11879297345876694
16286,0.16108724474906921
16287,0.07272681593894958
16288,0.00754808122292161
16289,0.00754808122292161
16290,0.12320174276828766
16291,0.0273251011967659
16292,0.024102836847305298
16293,0.00754808122292161
16294,0.008005515672266483
16295,0.2528688609600067
16296,0.00754808122292161
16297,0.29564914107322693
16298,0.07361382991075516
16299,0.09237690269947052
16300,0.02288435958325863
16301,0.041331470012664795
16302,0.018098002299666405
16303,0.0212726928293705
16304,0.3168601393699646
16305,0.016473490744829178
16306,0.032200898975133896
16307,4.950867150910199e-4
16308,0.032588642090559006
16309,0.00923714879900217
16310,0.06198754534125328
16311,0.00789716001600027
16312,0.31297171115875244
16313,0.12453417479991913
16314,0.00779280811548233
16315,0.015217293053865433
16316,0.050628792494535446
16317,0.13698525726795197
16318,0.054440297186374664
16319,0.12315148115158081
16320,0.015874313190579414
16321,0.03051769733428955
16322,0.06618480384349823
16323,0.015791554003953934
16324,0.12315148115158081
16325,0.07264108955860138
16326,0.056550588458776474
16327,0.053259655833244324
16328,0.06801793724298477
16329,0.43967434763908386
16330,0.028965754434466362
16331,0.06827371567487717
16332,0.13942860066890717
16333,0.15674027800559998
16334,0.372732937335968
16335,0.1273278146982193
16336,0.015016075223684311
16337,0.05020817741751671
16338,0.20416609942913055
16339,0.023967500776052475
16340,0.016663627699017525
16341,0.04664813354611397
16342,0.008894843980669975
16343,0.19983845949172974
16344,0.15887905657291412
16345,0.021263690665364265
16346,0.013917140662670135
16347,0.2602715492248535
16348,0.02400839515030384
16349,0.01708425208926201
16350,0.02895033359527588
16351,0.017084244638681412
16352,0.14298328757286072
16353,0.7525213360786438
16354,0.01708425208926201
16355,0.02895033359527588
16356,0.01708425208926201
16357,0.031273253262043
16358,0.01064757164567709
16359,0.04836665838956833
16360,0.06266596913337708
16361,0.27369770407676697
16362,0.0664142444729805
16363,0.024672582745552063
16364,0.20498014986515045
16365,0.01708425208926201
16366,0.01708425208926201
16367,0.01708425208926201
16368,0.06263702362775803
16369,0.02973971515893936
16370,0.02895033359527588
16371,0.035298414528369904
16372,0.01598471589386463
16373,0.02549409680068493
16374,0.018679795786738396
16375,0.01708425208926201
16376,0.029846392571926117
16377,0.04169364646077156
16378,0.02895033359527588
16379,0.009817457757890224
16380,0.02549409680068493
16381,0.0152441980317235
16382,0.0177659559994936
16383,0.05864044278860092
16384,0.0404055081307888
16385,0.016587210819125175
16386,0.011174074374139309
16387,0.03301313892006874
16388,0.029462279751896858
16389,0.0257263146340847
16390,0.009870423004031181
16391,0.07826156914234161
16392,0.005504379980266094
16393,0.0277714766561985
16394,0.009229314513504505
16395,0.00467535899952054
16396,0.04904494434595108
16397,0.033447105437517166
16398,0.04377592355012894
16399,0.017603401094675064
16400,0.012667113915085793
16401,0.025820618495345116
16402,0.053260914981365204
16403,0.11566465348005295
16404,0.04677838832139969
16405,0.0714632049202919
16406,0.8480021357536316
16407,0.6062003374099731
16408,0.019665861502289772
16409,0.023500779643654823
16410,0.01056621689349413
16411,0.28555363416671753
16412,0.01056621689349413
16413,0.010122386738657951
16414,3.8375123403966427e-4
16415,0.0027210370171815157
16416,0.012467077001929283
16417,0.012467077001929283
16418,0.012467077001929283
16419,0.012467077001929283
16420,0.013925584964454174
16421,0.01614297926425934
16422,0.012467077001929283
16423,0.012925862334668636
16424,0.012925862334668636
16425,0.012925862334668636
16426,0.207482248544693
16427,0.25813645124435425
16428,0.012925862334668636
16429,0.01948639750480652
16430,0.049303364008665085
16431,0.7642301917076111
16432,0.05098971351981163
16433,0.08040602505207062
16434,0.026278717443346977
16435,0.026278717443346977
16436,0.01121426559984684
16437,0.012732641771435738
16438,0.012732641771435738
16439,0.012732641771435738
16440,0.00871710292994976
16441,0.016148623079061508
16442,0.012732641771435738
16443,0.0392400324344635
16444,0.02388910762965679
16445,0.061038926243782043
16446,0.012732641771435738
16447,0.05728317052125931
16448,0.01809046044945717
16449,0.02388910762965679
16450,0.02388910762965679
16451,0.02388910762965679
16452,0.02388910762965679
16453,0.02388910762965679
16454,0.02388910762965679
16455,0.02388910762965679
16456,0.016019003465771675
16457,0.02388910762965679
16458,0.7526044249534607
16459,0.02388910762965679
16460,0.02388910762965679
16461,0.02388910762965679
16462,0.016019003465771675
16463,0.02388910762965679
16464,0.02388910762965679
16465,0.02388910762965679
16466,0.016019003465771675
16467,0.02388910762965679
16468,0.016019003465771675
16469,0.01548493281006813
16470,0.02388910762965679
16471,0.02263573929667473
16472,0.012732641771435738
16473,0.0544121228158474
16474,0.04826773330569267
16475,0.01664930209517479
16476,0.7785237431526184
16477,0.04470735043287277
16478,0.014995022676885128
16479,0.05600370466709137
16480,0.03164135292172432
16481,0.03311121091246605
16482,0.05926630645990372
16483,0.027906285598874092
16484,0.007190464995801449
16485,0.07300391793251038
16486,0.04506964981555939
16487,0.051006101071834564
16488,0.06817794591188431
16489,0.021487468853592873
16490,0.131381556391716
16491,0.06169087439775467
16492,0.0320262685418129
16493,0.052978742867708206
16494,0.0050826771184802055
16495,0.013810318894684315
16496,0.01704704388976097
16497,0.02006990648806095
16498,0.02006990648806095
16499,0.038913410156965256
16500,0.04221665486693382
16501,0.035429537296295166
16502,0.06774187088012695
16503,0.02006990648806095
16504,0.079204559326171875
16505,0.020295752212405205
16506,0.06293153762817383
16507,0.03359900042414665
16508,0.06665373593568802
16509,0.010419612750411034
16510,0.03957732021808624
16511,0.024117473512887955
16512,0.004739098716527224
16513,0.014792793430387974
16514,0.03949150815606117
16515,0.015098169445991516
16516,0.1603352576494217
16517,0.03283314034342766
16518,0.033597029745578766
16519,0.07296495884656906
16520,0.052277494221925735
16521,0.07937393337488174
16522,0.014578373171389103
16523,0.08830618113279343
16524,0.03573564812541008
16525,0.0517699159681797
16526,0.07296495884656906
16527,0.02953917905688286
16528,0.12752479314804077
16529,0.029958046972751617
16530,0.08135798573493958
16531,0.008208459243178368
16532,0.030500134453177452
16533,0.059730902314186096
16534,0.016525998711586
16535,0.14222128689289093
16536,0.02185124345123768
16537,0.08768508583307266
16538,0.03417489305138588
16539,0.05080994963645935
16540,0.02825343608856201
16541,0.019683783873915672
16542,0.013722642324864864
16543,0.016140978783369064
16544,0.778497040271759
16545,0.07332063466310501
16546,0.013722642324864864
16547,0.12457302957773209
16548,0.037877991795539856
16549,0.06171782687306404
16550,0.029253041371703148
16551,0.013998451642692089
16552,0.021801410242915154
16553,0.07010141760110855
16554,0.15949727594852448
16555,0.058109384030103683
16556,0.8344882130622864
16557,0.0802159458398819
16558,0.03474968671798706
16559,0.05148259922862053
16560,0.09294000267982483
16561,0.03110891580581665
16562,0.7819178700447083
16563,0.03056253120303154
16564,0.05785701051354408
16565,0.07237841933965683
16566,0.11794043332338333
16567,0.05896373465657234
16568,0.04082131385803223
16569,0.06833932548761368
16570,0.06453420966863632
16571,0.019089117646217346
16572,0.10859429836273193
16573,0.019089117646217346
16574,0.029348207637667656
16575,0.02319207973778248
16576,0.033817313611507416
16577,0.07772248983383179
16578,0.0235008392482996
16579,0.07802048325538635
16580,0.07761432975530624
16581,0.1991492658853531
16582,0.6869927048683167
16583,0.02463197335600853
16584,0.00968229304999113
16585,0.019089117646217346
16586,0.011656257323920727
16587,0.022526243701577187
16588,0.01243365928530693
16589,0.03861456736922264
16590,0.030660506337881088
16591,0.028827594593167305
16592,0.06770304590463638
16593,0.7884998321533203
16594,0.028414102271199226
16595,0.09286119788885117
16596,0.09286119788885117
16597,0.0779527798295021
16598,0.06666664779186249
16599,0.011023360304534435
16600,0.0281782578676939
16601,0.0281782578676939
16602,0.0281782578676939
16603,0.0281782578676939
16604,0.0281782578676939
16605,0.0281782578676939
16606,0.0281782578676939
16607,0.0281782578676939
16608,0.0281782578676939
16609,0.0281782578676939
16610,0.0281782578676939
16611,0.0281782578676939
16612,0.0534898042678833
16613,0.0281782578676939
16614,0.0281782578676939
16615,0.0281782578676939
16616,0.031389135867357254
16617,0.0281782578676939
16618,0.006320773623883724
16619,0.031389135867357254
16620,0.010433993302285671
16621,0.02201347053050995
16622,0.0281782578676939
16623,0.01306929625570774
16624,0.01307704858481884
16625,0.06415484100580215
16626,0.024473756551742554
16627,0.061341624706983566
16628,0.061341624706983566
16629,0.07876197248697281
16630,0.028934653848409653
16631,0.02956521138548851
16632,0.02362130768597126
16633,0.013740291818976402
16634,0.012991641648113728
16635,0.0701514184474945
16636,0.023684492334723473
16637,0.014516650699079037
16638,0.01418396271765232
16639,0.030375584959983826
16640,0.019011996686458588
16641,0.03319157287478447
16642,0.03319157287478447
16643,0.05546494945883751
16644,0.21902787685394287
16645,0.026369018480181694
16646,0.09255781769752502
16647,5.550843197852373e-4
16648,0.027127569541335106
16649,0.030302708968520164
16650,0.7841429114341736
16651,0.058217696845531464
16652,0.08733078092336655
16653,0.025929389521479607
16654,0.7846948504447937
16655,0.03421811759471893
16656,0.013885732740163803
16657,0.02874809131026268
16658,0.029497474431991577
16659,0.046870846301317215
16660,0.0368613563477993
16661,0.03004234842956066
16662,0.018621789291501045
16663,0.02732784114778042
16664,0.019729744642972946
16665,0.05835387110710144
16666,0.0313618928194046
16667,0.01596316695213318
16668,0.03904018923640251
16669,0.043422479182481766
16670,0.05540665611624718
16671,0.010869489051401615
16672,0.03222271054983139
16673,0.030570480972528458
16674,0.05268649011850357
16675,0.0642862543463707
16676,0.01240250188857317
16677,0.03638054057955742
16678,0.01754392869770527
16679,0.01754392869770527
16680,0.014497202821075916
16681,0.2980727255344391
16682,0.01871020719408989
16683,0.11633723229169846
16684,0.06943961977958679
16685,0.04785177856683731
16686,0.07407153397798538
16687,0.19669611752033234
16688,0.04383870214223862
16689,0.01871020719408989
16690,0.05268649011850357
16691,0.07220458984375
16692,0.011567294597625732
16693,0.042245592921972275
16694,0.021070031449198723
16695,0.06021557375788689
16696,0.08082649856805801
16697,0.04719340801239014
16698,0.013760097324848175
16699,0.7646462321281433
16700,0.025992607697844505
16701,0.03192610293626785
16702,0.03890106827020645
16703,0.07857823371887207
16704,0.025670183822512627
16705,0.24663926661014557
16706,0.019117675721645355
16707,0.03929552808403969
16708,0.040625881403684616
16709,0.048158057034015656
16710,0.06452634930610657
16711,0.025008754804730415
16712,0.013879094272851944
16713,0.03735332936048508
16714,0.029027467593550682
16715,0.21087536215782166
16716,0.7759544253349304
16717,0.029120031744241714
16718,0.02434057556092739
16719,0.019117675721645355
16720,0.016668228432536125
16721,0.03997892886400223
16722,0.031172698363661766
16723,0.025041576474905014
16724,0.019682103767991066
16725,0.052428461611270905
16726,0.07214437425136566
16727,0.0381648987531662
16728,0.07654692977666855
16729,0.03591390699148178
16730,0.10703645646572113
16731,0.05633404850959778
16732,0.03332255035638809
16733,0.10703645646572113
16734,0.02368076704442501
16735,0.02384716272354126
16736,0.02595222182571888
16737,0.03986402601003647
16738,0.06522978842258453
16739,0.19108712673187256
16740,0.04019579291343689
16741,0.12751084566116333
16742,0.05563497543334961
16743,0.024592317640781403
16744,0.022877296432852745
16745,0.05770566686987877
16746,0.025379803031682968
16747,0.02823454514145851
16748,0.14650321006774902
16749,0.035762522369623184
16750,0.01657145284116268
16751,0.008994383737444878
16752,0.7973687052726746
16753,0.012934011407196522
16754,0.06697646528482437
16755,0.0324382409453392
16756,0.038121916353702545
16757,0.03215456008911133
16758,0.05436696484684944
16759,0.01264052651822567
16760,0.006379238795489073
16761,0.07873180508613586
16762,0.036585647612810135
16763,0.03143710643053055
16764,0.08599903434515
16765,0.04235178604722023
16766,0.021185385063290596
16767,0.021185381338000298
16768,0.029673375189304352
16769,0.04752742871642113
16770,0.03969024121761322
16771,0.0786547139286995
16772,0.03531286120414734
16773,0.13128507137298584
16774,0.07465928047895432
16775,0.03009866736829281
16776,0.32183223962783813
16777,0.8163819909095764
16778,0.05438254028558731
16779,0.038445308804512024
16780,0.028691086918115616
16781,0.022249756380915642
16782,0.014360425062477589
16783,0.015546320006251335
16784,0.015546320006251335
16785,0.02752169594168663
16786,0.05343983322381973
16787,0.056941770017147064
16788,0.01234667282551527
16789,0.06799840182065964
16790,0.02225412428379059
16791,0.012522205710411072
16792,0.05343983322381973
16793,0.3207069933414459
16794,0.02963119000196457
16795,0.056429117918014526
16796,0.052522268146276474
16797,0.054899610579013824
16798,0.018909834325313568
16799,0.029628463089466095
16800,0.049984026700258255
16801,0.04190118610858917
16802,0.07324391603469849
16803,0.09798727929592133
16804,0.0634356141090393
16805,0.025708286091685295
16806,0.026331258937716484
16807,0.06172601878643036
16808,0.04093125835061073
16809,0.0798526331782341
16810,0.04093125835061073
16811,0.05545727536082268
16812,0.01944081112742424
16813,0.04729418084025383
16814,0.07486340403556824
16815,0.06894373148679733
16816,0.021678104996681213
16817,0.07249896973371506
16818,0.03351495414972305
16819,0.08776022493839264
16820,0.12036576867103577
16821,0.014314777217805386
16822,0.041157856583595276
16823,0.014314777217805386
16824,0.006504654884338379
16825,0.016392866149544716
16826,0.016392866149544716
16827,0.0433666855096817
16828,0.012398560531437397
16829,0.13750715553760529
16830,0.032930999994277954
16831,0.021577315405011177
16832,0.05375581234693527
16833,0.04739208519458771
16834,0.1067291647195816
16835,0.12486948072910309
16836,0.01438845507800579
16837,0.01970639079809189
16838,0.016729487106204033
16839,0.023000400513410568
16840,0.020122332498431206
16841,0.012879791669547558
16842,0.04110215604305267
16843,0.02392551675438881
16844,0.02392551675438881
16845,0.03645804524421692
16846,0.030382191762328148
16847,0.03459373116493225
16848,0.060476306825876236
16849,0.03969815373420715
16850,0.022604772821068764
16851,0.022604772821068764
16852,0.022604772821068764
16853,0.022604772821068764
16854,0.830043613910675
16855,0.05468440800905228
16856,0.05468440800905228
16857,0.02437654323875904
16858,0.019988037645816803
16859,0.06680501252412796
16860,0.01904354989528656
16861,0.024592209607362747
16862,0.019962012767791748
16863,0.024010220542550087
16864,0.014407522976398468
16865,0.09218722581863403
16866,0.011345400474965572
16867,0.015753818675875664
16868,0.036474086344242096
16869,0.015835950151085854
16870,0.020303722470998764
16871,0.05333920940756798
16872,0.053107354789972305
16873,0.018770558759570122
16874,0.06789024919271469
16875,0.32062655687332153
16876,0.04202926903963089
16877,0.031799834221601486
16878,0.06414379179477692
16879,0.0242037121206522
16880,0.03676139563322067
16881,0.016341809183359146
16882,0.03876662254333496
16883,0.05172083526849747
16884,0.06906004995107651
16885,0.04007416218519211
16886,0.013835293240845203
16887,0.0682658925652504
16888,0.04703355208039284
16889,0.04999968409538269
16890,0.062489740550518036
16891,0.04045414552092552
16892,0.04763905704021454
16893,0.016811439767479897
16894,0.020610006526112556
16895,0.07866384088993073
16896,0.02108815871179104
16897,0.013371915556490421
16898,0.061752911657094955
16899,0.031057998538017273
16900,0.029738429933786392
16901,0.029482608661055565
16902,0.047400642186403275
16903,0.025552216917276382
16904,0.07647837698459625
16905,0.03184862434864044
16906,0.3147556781768799
16907,0.38993722200393677
16908,0.03136497735977173
16909,0.06825032830238342
16910,0.026446493342518806
16911,0.05525439605116844
16912,0.07374843209981918
16913,0.07374843209981918
16914,9.668363491073251e-4
16915,0.06397641450166702
16916,0.07673484832048416
16917,0.033764176070690155
16918,0.04923027381300926
16919,0.02862212434411049
16920,0.021439455449581146
16921,0.0022038626484572887
16922,0.022415678948163986
16923,0.0791473537683487
16924,0.08863472938537598
16925,0.08863472938537598
16926,0.07255838811397552
16927,0.17473258078098297
16928,0.05979320779442787
16929,0.0815492644906044
16930,0.025919348001480103
16931,0.020128313452005386
16932,0.053788091987371445
16933,0.04107550159096718
16934,0.017863482236862183
16935,0.03625183925032616
16936,0.03543125465512276
16937,0.027528636157512665
16938,0.008164051920175552
16939,0.02156650274991989
16940,0.01391530316323042
16941,0.028610974550247192
16942,0.013027496635913849
16943,0.013027496635913849
16944,0.012249569408595562
16945,0.013027496635913849
16946,0.013027496635913849
16947,0.023179087787866592
16948,0.02946300059556961
16949,0.10801432281732559
16950,0.0536561980843544
16951,0.042633987963199615
16952,0.020146256312727928
16953,0.020173205062747
16954,0.0652904212474823
16955,0.019971484318375587
16956,0.019971484318375587
16957,0.02682250365614891
16958,0.4997095465660095
16959,0.032209187746047974
16960,0.011892206035554409
16961,0.06909780204296112
16962,0.1747429519891739
16963,0.007553980220109224
16964,0.061461519449949265
16965,0.01716010831296444
16966,0.012781521305441856
16967,0.06613751500844955
16968,0.06613751500844955
16969,0.060045335441827774
16970,0.08403002470731735
16971,0.033240288496017456
16972,0.03752348572015762
16973,0.2206103503704071
16974,0.02014327049255371
16975,0.0292140394449234
16976,0.05765409395098686
16977,0.0350022129714489
16978,0.04710082709789276
16979,0.03683559224009514
16980,0.01097987312823534
16981,0.01080666296184063
16982,0.05491437017917633
16983,0.042915962636470795
16984,0.04120838642120361
16985,0.027990885078907013
16986,0.01284035388380289
16987,0.021416934207081795
16988,0.026590101420879364
16989,0.015071757137775421
16990,0.014423144981265068
16991,0.032552797347307205
16992,0.059712618589401245
16993,0.03926674649119377
16994,0.03655167296528816
16995,0.024361347779631615
16996,0.017733242362737656
16997,0.023435691371560097
16998,0.04500502720475197
16999,0.01720869541168213
17000,0.013681882992386818
17001,0.030277259647846222
17002,0.01904631033539772
17003,0.04998081177473068
17004,0.02619978040456772
17005,0.02619978040456772
17006,0.012126138433814049
17007,0.01970572955906391
17008,0.02238553948700428
17009,0.03857555612921715
17010,0.02619978040456772
17011,0.013393410481512547
17012,0.014035588130354881
17013,0.02545778825879097
17014,0.02263951115310192
17015,0.05998629331588745
17016,0.03166058659553528
17017,0.040325116366147995
17018,0.03889322653412819
17019,0.06255152821540833
17020,0.014336342923343182
17021,0.008719731122255325
17022,0.1678660660982132
17023,0.018385306000709534
17024,0.04924005642533302
17025,0.03827892243862152
17026,0.021191516891121864
17027,0.05610254034399986
17028,0.0415303036570549
17029,0.03210608661174774
17030,0.019749430939555168
17031,0.020179202780127525
17032,0.052477672696113586
17033,0.028316717594861984
17034,0.019363438710570335
17035,0.018023692071437836
17036,0.04282330721616745
17037,0.01463749073445797
17038,0.032103367149829865
17039,0.017769699916243553
17040,0.018529988825321198
17041,0.002696709707379341
17042,0.027291687205433846
17043,0.05327485501766205
17044,0.024879181757569313
17045,0.021634066477417946
17046,0.030322780832648277
17047,0.018266664817929268
17048,0.06732092797756195
17049,0.05119047313928604
17050,0.06669681519269943
17051,0.02662540227174759
17052,0.01780191995203495
17053,0.07598014920949936
17054,0.0655582994222641
17055,0.018297221511602402
17056,0.01982581987977028
17057,0.01743626594543457
17058,0.03905145451426506
17059,0.012911640107631683
17060,0.028393711894750595
17061,0.01611066609621048
17062,0.01462146732956171
17063,0.06273270398378372
17064,0.01995479129254818
17065,0.04867732152342796
17066,0.04592126980423927
17067,0.04099911078810692
17068,0.019058503210544586
17069,0.01995479129254818
17070,0.016134219244122505
17071,0.016981981694698334
17072,0.05885078012943268
17073,0.12623552978038788
17074,0.11869588494300842
17075,0.033858779817819595
17076,0.0123866843059659
17077,0.8122169971466064
17078,0.05384304001927376
17079,0.2318599820137024
17080,0.01604500226676464
17081,0.012575856409966946
17082,0.017521075904369354
17083,0.013297396712005138
17084,0.011475307866930962
17085,0.011065797880291939
17086,0.02139008231461048
17087,0.12936174869537354
17088,0.06825967133045197
17089,0.07174935936927795
17090,0.07710747420787811
17091,0.011475307866930962
17092,0.0033132017124444246
17093,0.023590372875332832
17094,0.06068537384271622
17095,0.040541648864746094
17096,0.029683168977499008
17097,0.014097950421273708
17098,0.06399498879909515
17099,0.022347401827573776
17100,0.06494048237800598
17101,0.03658895567059517
17102,0.016234826296567917
17103,0.010120031423866749
17104,0.38198405504226685
17105,0.0775688886642456
17106,0.002696709707379341
17107,0.001407407340593636
17108,0.013436135835945606
17109,0.04914975166320801
17110,0.1365307867527008
17111,0.06343052536249161
17112,0.010172533802688122
17113,0.014469522051513195
17114,0.014469522051513195
17115,0.04846077784895897
17116,0.029683168977499008
17117,0.013701149262487888
17118,0.023590372875332832
17119,0.014469514600932598
17120,0.014782115817070007
17121,0.023590372875332832
17122,0.06890743225812912
17123,0.03207819536328316
17124,0.014469522051513195
17125,0.023590372875332832
17126,0.060906387865543365
17127,0.020652854815125465
17128,0.03207819536328316
17129,0.023590372875332832
17130,0.06058457866311073
17131,0.014782115817070007
17132,0.03207819536328316
17133,0.014469522051513195
17134,0.02180543728172779
17135,0.04119078069925308
17136,0.043710459023714066
17137,0.02678944729268551
17138,0.028927693143486977
17139,0.026951106265187263
17140,0.0200272835791111
17141,0.02788909710943699
17142,0.01193784736096859
17143,0.06155005469918251
17144,0.010564994066953659
17145,0.04911414161324501
17146,0.055807773023843765
17147,0.01618829183280468
17148,0.015342598780989647
17149,0.03437753766775131
17150,0.055807773023843765
17151,0.01619291864335537
17152,0.048096150159835815
17153,0.05133587121963501
17154,0.012327888049185276
17155,0.024714160710573196
17156,0.006403141655027866
17157,0.012428454123437405
17158,0.016484711319208145
17159,0.0076219066977500916
17160,0.01641513779759407
17161,0.012741572223603725
17162,0.00770536158233881
17163,0.029936183243989944
17164,0.009467647410929203
17165,0.21171873807907104
17166,0.041132573038339615
17167,0.02674834430217743
17168,0.023245424032211304
17169,0.03978356346487999
17170,0.004485688172280788
17171,0.14414136111736298
17172,0.023234553635120392
17173,0.07741348445415497
17174,0.02316945604979992
17175,0.020173205062747
17176,0.0051784454844892025
17177,0.057535577565431595
17178,0.02013375237584114
17179,0.016159769147634506
17180,0.019924044609069824
17181,0.01670088805258274
17182,0.011709916405379772
17183,0.06101701036095619
17184,0.019966179504990578
17185,0.03943170979619026
17186,0.03943170979619026
17187,0.017759723588824272
17188,0.017172355204820633
17189,0.01145830936729908
17190,0.09795010834932327
17191,0.018360573798418045
17192,0.0251155998557806
17193,0.0374799408018589
17194,0.015887539833784103
17195,0.07677338272333145
17196,0.033900775015354156
17197,0.03762085735797882
17198,0.028032559901475906
17199,0.019711876288056374
17200,0.054150573909282684
17201,0.016005277633666992
17202,0.03541131690144539
17203,0.05940699204802513
17204,0.009146460331976414
17205,0.020068205893039703
17206,0.05181504040956497
17207,0.012402437627315521
17208,0.02656235359609127
17209,0.013338645920157433
17210,0.01967647857964039
17211,0.017512651160359383
17212,0.045635346323251724
17213,0.07123606652021408
17214,0.051882386207580566
17215,0.02656235359609127
17216,0.02232161909341812
17217,0.1010335385799408
17218,0.7116667628288269
17219,0.005834642332047224
17220,0.02141335792839527
17221,0.02234441414475441
17222,0.005834642332047224
17223,0.01582513377070427
17224,2.592089294921607e-4
17225,0.029614947736263275
17226,0.009561413899064064
17227,0.009533663280308247
17228,0.07134365290403366
17229,0.0170014388859272
17230,0.010566240176558495
17231,0.011969971470534801
17232,0.03522093594074249
17233,0.01216163206845522
17234,0.021687790751457214
17235,0.007265174295753241
17236,0.06194362789392471
17237,0.014929110184311867
17238,0.028009820729494095
17239,0.03546370193362236
17240,0.022199738770723343
17241,0.024836070835590363
17242,0.021130569279193878
17243,0.04013717547059059
17244,0.16765567660331726
17245,0.01840197481215
17246,0.007716127205640078
17247,0.007716130930930376
17248,0.029985301196575165
17249,0.03086983971297741
17250,0.056162215769290924
17251,0.18070203065872192
17252,0.009007195010781288
17253,0.04018642008304596
17254,0.014260831288993359
17255,0.011445746757090092
17256,0.02210966870188713
17257,0.002284892601892352
17258,0.019340939819812775
17259,0.0818551629781723
17260,0.07019328325986862
17261,0.296994149684906
17262,0.8673622608184814
17263,0.045511990785598755
17264,0.02012181095778942
17265,0.08385185897350311
17266,0.009609906002879143
17267,0.01971510611474514
17268,0.019209610298275948
17269,0.010988927446305752
17270,0.012755476869642735
17271,0.025928515940904617
17272,0.04558418318629265
17273,0.4535903036594391
17274,0.015744158998131752
17275,0.015744158998131752
17276,0.015744158998131752
17277,0.020880749449133873
17278,0.019478091970086098
17279,0.028704991564154625
17280,0.015744158998131752
17281,0.013596582226455212
17282,0.010988927446305752
17283,0.028619511052966118
17284,0.028490280732512474
17285,0.01122947596013546
17286,0.05717938393354416
17287,0.024296628311276436
17288,0.032842207700014114
17289,0.08097417652606964
17290,0.05194089189171791
17291,0.05194089189171791
17292,0.10977092385292053
17293,0.015149499289691448
17294,0.0803741067647934
17295,0.03335816040635109
17296,0.020158249884843826
17297,0.06282847374677658
17298,0.02998431958258152
17299,0.012664401903748512
17300,0.15031114220619202
17301,0.1160031259059906
17302,0.02402879297733307
17303,0.02402879297733307
17304,0.02402879297733307
17305,0.02402879297733307
17306,0.03773966804146767
17307,0.029294641688466072
17308,0.1412840336561203
17309,0.8465458750724792
17310,0.044603511691093445
17311,0.030046183615922928
17312,0.6443440318107605
17313,0.04168487340211868
17314,0.017654938623309135
17315,0.06537148356437683
17316,0.014833934605121613
17317,0.01240777038037777
17318,0.019728831946849823
17319,0.04986574873328209
17320,0.05255839228630066
17321,0.02915218286216259
17322,0.004281139001250267
17323,0.0704488530755043
17324,0.01673974096775055
17325,0.014301057904958725
17326,0.04014350473880768
17327,0.06422348320484161
17328,0.03448573127388954
17329,0.06335857510566711
17330,0.06108590215444565
17331,0.8627967238426208
17332,0.11542569100856781
17333,0.0380253903567791
17334,0.004552084486931562
17335,0.023954587057232857
17336,0.01975919120013714
17337,0.01963011734187603
17338,0.19161364436149597
17339,0.013748169876635075
17340,0.06965696066617966
17341,0.8208370804786682
17342,0.04346230626106262
17343,0.021613620221614838
17344,0.24767449498176575
17345,0.10009229928255081
17346,0.023294711485505104
17347,0.013418726623058319
17348,0.06289485096931458
17349,0.027777396142482758
17350,0.049855854362249374
17351,0.03823375701904297
17352,0.02392381988465786
17353,0.05789727717638016
17354,0.05804887413978577
17355,0.06545457988977432
17356,0.030836328864097595
17357,0.02664613164961338
17358,0.10107021033763885
17359,0.08038245886564255
17360,0.04866011440753937
17361,0.11479177325963974
17362,0.8553711771965027
17363,0.010244282893836498
17364,0.04839540645480156
17365,0.02050596848130226
17366,0.07971661537885666
17367,0.020571472123265266
17368,0.04498300328850746
17369,0.02722221612930298
17370,0.02722221612930298
17371,0.05832360312342644
17372,0.06485513597726822
17373,0.029772259294986725
17374,0.03388097882270813
17375,0.06899554282426834
17376,0.07315853983163834
17377,0.031246639788150787
17378,0.033691711723804474
17379,0.026443179696798325
17380,0.036398161202669144
17381,0.010642670094966888
17382,0.026420172303915024
17383,0.3686012327671051
17384,0.22438623011112213
17385,0.06206169351935387
17386,0.02662350796163082
17387,0.06508643180131912
17388,0.0413036048412323
17389,0.027141233906149864
17390,0.0629567876458168
17391,0.025862662121653557
17392,0.010443056002259254
17393,0.04950735345482826
17394,0.04950735345482826
17395,0.03724890947341919
17396,0.01931765116751194
17397,0.025481056421995163
17398,0.052858442068099976
17399,0.038645099848508835
17400,0.055766377598047256
17401,0.020629845559597015
17402,0.16677699983119965
17403,0.16677699983119965
17404,0.16677699983119965
17405,0.05400460958480835
17406,0.04101172089576721
17407,0.07904524356126785
17408,0.017297841608524323
17409,0.01261135097593069
17410,0.010650022886693478
17411,0.07053231447935104
17412,0.041044723242521286
17413,0.02886788547039032
17414,0.016727464273571968
17415,0.060069724917411804
17416,0.0422675646841526
17417,0.032878223806619644
17418,0.03594082221388817
17419,0.013047407381236553
17420,0.005312384106218815
17421,0.017370928078889847
17422,0.22380220890045166
17423,0.10879481583833694
17424,0.015588133595883846
17425,0.010094993747770786
17426,0.0233589056879282
17427,0.012404416687786579
17428,0.044573597609996796
17429,4.040648927912116e-4
17430,0.017633432522416115
17431,0.036639876663684845
17432,0.06362251937389374
17433,0.013531639240682125
17434,0.015992870554327965
17435,0.03696727380156517
17436,0.032399654388427734
17437,0.015292827039957047
17438,0.02700858563184738
17439,0.07897467166185379
17440,0.05285017564892769
17441,3.632983425632119e-4
17442,0.007504459470510483
17443,0.007504459470510483
17444,0.007504459470510483
17445,0.007504459470510483
17446,0.02442842535674572
17447,0.06185147166252136
17448,0.010218088515102863
17449,0.07061803340911865
17450,0.009898227639496326
17451,0.020394906401634216
17452,0.017116807401180267
17453,0.009796139784157276
17454,0.20535850524902344
17455,0.7539265751838684
17456,0.11999053508043289
17457,0.04424358159303665
17458,0.06737437844276428
17459,0.057643305510282516
17460,0.05300544202327728
17461,0.016083691269159317
17462,0.6278913617134094
17463,0.07532303035259247
17464,0.044726837426424026
17465,0.043797485530376434
17466,0.02716718427836895
17467,0.036232028156518936
17468,0.018270740285515785
17469,0.028177056461572647
17470,0.03255482017993927
17471,0.025683114305138588
17472,0.06745067238807678
17473,0.015054715797305107
17474,0.06966620683670044
17475,0.031043795868754387
17476,0.03181614354252815
17477,0.013767890632152557
17478,0.039182960987091064
17479,0.5789743661880493
17480,0.07532867789268494
17481,0.06609458476305008
17482,0.4687730669975281
17483,0.02937265858054161
17484,0.21589405834674835
17485,0.08608163893222809
17486,0.019711386412382126
17487,0.02250007353723049
17488,0.02869807928800583
17489,0.3580072224140167
17490,0.01940688118338585
17491,0.074734628200531
17492,0.07223747670650482
17493,0.058412469923496246
17494,0.07388829439878464
17495,0.7513070702552795
17496,0.03827811777591705
17497,0.015330974012613297
17498,0.03577461466193199
17499,0.013155022636055946
17500,0.015596892684698105
17501,0.08285500854253769
17502,0.04786529019474983
17503,0.025677118450403214
17504,0.019509442150592804
17505,0.01275203563272953
17506,0.01944497972726822
17507,0.5657619833946228
17508,0.020624183118343353
17509,0.02072753570973873
17510,0.012668151408433914
17511,0.06904882192611694
17512,0.04771377518773079
17513,0.06945259869098663
17514,0.061148300766944885
17515,0.049707796424627304
17516,0.055827729403972626
17517,0.04166407883167267
17518,0.0531763918697834
17519,0.12398721277713776
17520,0.07492949813604355
17521,0.01835309900343418
17522,0.46270543336868286
17523,0.011129463091492653
17524,0.033586449921131134
17525,0.06126090884208679
17526,0.2577679753303528
17527,0.061724767088890076
17528,0.04599710553884506
17529,0.11637873202562332
17530,0.060810621827840805
17531,0.02104106917977333
17532,0.0756128802895546
17533,0.02104419469833374
17534,0.02796773985028267
17535,0.07137195020914078
17536,0.04171401262283325
17537,0.023587435483932495
17538,0.8151448965072632
17539,0.12054575234651566
17540,0.01591983251273632
17541,0.25585809350013733
17542,0.027301829308271408
17543,0.02104106917977333
17544,0.02104419469833374
17545,0.02104419469833374
17546,0.10065115988254547
17547,0.09475309401750565
17548,0.02104106917977333
17549,0.053183332085609436
17550,0.054791878908872604
17551,0.015815867111086845
17552,0.1546742171049118
17553,0.02957422100007534
17554,0.0794481709599495
17555,0.11262260377407074
17556,0.016816185787320137
17557,0.03321036696434021
17558,0.017844660207629204
17559,0.07997601479291916
17560,0.016816185787320137
17561,0.009949684143066406
17562,0.20021630823612213
17563,0.06285461038351059
17564,0.053183332085609436
17565,0.050491467118263245
17566,0.0701255351305008
17567,0.07894911617040634
17568,0.038783635944128036
17569,0.06480886787176132
17570,0.010792302899062634
17571,0.017342224717140198
17572,0.03316103667020798
17573,0.40978527069091797
17574,0.1469210684299469
17575,0.0268819872289896
17576,0.1516217589378357
17577,0.02701832354068756
17578,0.6992473602294922
17579,0.0676787793636322
17580,0.013807859271764755
17581,0.07191099971532822
17582,0.056303199380636215
17583,0.4460868835449219
17584,0.08072008937597275
17585,0.8560829758644104
17586,0.6596867442131042
17587,0.024038510397076607
17588,0.01889810897409916
17589,0.0565536692738533
17590,0.027226313948631287
17591,0.07293011993169785
17592,0.02300126478075981
17593,0.9148491621017456
17594,0.04351755604147911
17595,0.07319372892379761
17596,0.08021176606416702
17597,0.8604791164398193
17598,0.6052570939064026
17599,0.6052570343017578
17600,0.025127099826931953
17601,0.5159274935722351
17602,0.017888303846120834
17603,0.016953244805336
17604,0.781473696231842
17605,0.06605346500873566
17606,0.0743269994854927
17607,0.04214105382561684
17608,0.011440153233706951
17609,0.011440153233706951
17610,0.011292688548564911
17611,0.018027542158961296
17612,0.011440153233706951
17613,0.033146586269140244
17614,0.011440153233706951
17615,0.04328596219420433
17616,0.010481789708137512
17617,0.01699838787317276
17618,0.018065230920910835
17619,0.028439339250326157
17620,0.06113813817501068
17621,0.01857544295489788
17622,0.026503339409828186
17623,0.15211600065231323
17624,0.8183714151382446
17625,0.8299362659454346
17626,0.04874651879072189
17627,0.03381716459989548
17628,0.12468383461236954
17629,0.011440153233706951
17630,0.009671170264482498
17631,0.11635176837444305
17632,0.03976396098732948
17633,0.06570795178413391
17634,0.07515717297792435
17635,0.05620919540524483
17636,0.0053449999541044235
17637,0.052127137780189514
17638,0.03288726881146431
17639,0.020336005836725235
17640,0.009601091034710407
17641,0.030789220705628395
17642,0.020336005836725235
17643,0.02003810927271843
17644,0.057183895260095596
17645,0.23205605149269104
17646,0.14464004337787628
17647,0.015903854742646217
17648,0.012188620865345001
17649,0.06147734075784683
17650,0.8676099181175232
17651,0.2829374670982361
17652,0.015903854742646217
17653,0.015903854742646217
17654,0.023194570094347
17655,0.22800424695014954
17656,0.030040591955184937
17657,0.24944666028022766
17658,0.022020185366272926
17659,0.011695881374180317
17660,0.008650853298604488
17661,0.07660096138715744
17662,0.010862949304282665
17663,0.07466952502727509
17664,0.01087652426213026
17665,0.10778285562992096
17666,0.025584975257515907
17667,0.03000502847135067
17668,0.10468842089176178
17669,0.024134909734129906
17670,0.057982515543699265
17671,0.015136130154132843
17672,0.021157201379537582
17673,0.08756927400827408
17674,0.13150469958782196
17675,0.038034550845623016
17676,0.040911197662353516
17677,0.06288720667362213
17678,0.10825283080339432
17679,0.03348778933286667
17680,0.10602620244026184
17681,0.011807098984718323
17682,0.0065291766077280045
17683,0.021633481606841087
17684,0.014602270908653736
17685,0.06540266424417496
17686,0.6991119384765625
17687,0.03505401313304901
17688,0.0218485239893198
17689,0.0746573805809021
17690,0.06718749552965164
17691,0.12063345313072205
17692,0.032134439796209335
17693,0.05973149836063385
17694,0.016347264871001244
17695,0.07134373486042023
17696,0.0670890361070633
17697,0.0853331908583641
17698,0.07683579623699188
17699,0.01210098434239626
17700,0.018124857917428017
17701,0.0463174544274807
17702,0.900650143623352
17703,0.026533061638474464
17704,0.014059931971132755
17705,0.05143862962722778
17706,0.037412647157907486
17707,0.055041100829839706
17708,0.01874367892742157
17709,0.07340578734874725
17710,0.04826352000236511
17711,0.028614467009902
17712,0.013376508839428425
17713,0.061058931052684784
17714,0.046911537647247314
17715,0.20778679847717285
17716,0.055735111236572266
17717,0.020452646538615227
17718,0.053962573409080505
17719,0.01835600472986698
17720,0.053543820977211
17721,0.014827921986579895
17722,0.011190989054739475
17723,0.039458513259887695
17724,0.1512031853199005
17725,0.05091840773820877
17726,0.016451718285679817
17727,0.5625593066215515
17728,0.13928140699863434
17729,0.013098815456032753
17730,0.01366038154810667
17731,0.017251595854759216
17732,0.03699205815792084
17733,0.034028369933366776
17734,0.05812210962176323
17735,0.06246453523635864
17736,0.023281019181013107
17737,0.06730024516582489
17738,0.03383118286728859
17739,0.0694776400923729
17740,0.017774851992726326
17741,0.016576800495386124
17742,0.011218824423849583
17743,0.021708326414227486
17744,0.05954015627503395
17745,0.01635834015905857
17746,0.03023783303797245
17747,0.03177180141210556
17748,0.014145495370030403
17749,0.8150485157966614
17750,0.03023783303797245
17751,0.03202103450894356
17752,0.03818725049495697
17753,0.024217762053012848
17754,0.046761225908994675
17755,0.0209309421479702
17756,0.036835700273513794
17757,0.04296259209513664
17758,0.050870589911937714
17759,0.055479634553194046
17760,0.019064730033278465
17761,0.4639894962310791
17762,0.06552097201347351
17763,0.0077527412213385105
17764,0.032542962580919266
17765,0.0077527412213385105
17766,0.0077527412213385105
17767,0.032542962580919266
17768,0.0077527412213385105
17769,0.0077527412213385105
17770,0.0077527412213385105
17771,0.0077527412213385105
17772,0.055479634553194046
17773,0.05108372122049332
17774,0.7092410922050476
17775,0.05192827433347702
17776,0.02454877644777298
17777,0.17487139999866486
17778,0.7296696901321411
17779,0.04970809072256088
17780,0.01816810667514801
17781,0.00889426376670599
17782,0.025693479925394058
17783,0.02827218919992447
17784,0.3191016912460327
17785,0.07601118832826614
17786,0.017066126689314842
17787,0.04357057064771652
17788,0.05413661524653435
17789,0.69679856300354
17790,0.01823890209197998
17791,0.15434753894805908
17792,0.010176768526434898
17793,0.06940366327762604
17794,0.03483622521162033
17795,0.06476876884698868
17796,0.008107637986540794
17797,0.05799221992492676
17798,0.04462982341647148
17799,0.057476773858070374
17800,0.05252627655863762
17801,0.04390225186944008
17802,0.04408077523112297
17803,0.07388049364089966
17804,0.15892642736434937
17805,0.029065918177366257
17806,0.030168723315000534
17807,0.6915795803070068
17808,0.023111093789339066
17809,0.034716829657554626
17810,0.026937097311019897
17811,0.04694771766662598
17812,0.011274166405200958
17813,0.04200043901801109
17814,0.015350609086453915
17815,0.019672293215990067
17816,0.020112033933401108
17817,0.01232120767235756
17818,0.014684614725410938
17819,0.02991653047502041
17820,0.014073025435209274
17821,0.0719061866402626
17822,0.17560069262981415
17823,0.8647007942199707
17824,0.01349844690412283
17825,0.014102165587246418
17826,0.048594653606414795
17827,0.024664947763085365
17828,0.026738451793789864
17829,0.16212281584739685
17830,0.03317514806985855
17831,0.02796124294400215
17832,0.02643701620399952
17833,0.029853537678718567
17834,0.06473051011562347
17835,0.013665400445461273
17836,0.07197241485118866
17837,0.024658266454935074
17838,0.02701125666499138
17839,0.008087347261607647
17840,0.008755956776440144
17841,0.008528776466846466
17842,0.008528776466846466
17843,0.008528776466846466
17844,0.008006717078387737
17845,0.01213446818292141
17846,0.016809595748782158
17847,0.009305176325142384
17848,0.008006717078387737
17849,0.05011884868144989
17850,0.0140365120023489
17851,0.008528776466846466
17852,0.008528776466846466
17853,0.014773652888834476
17854,0.05276525020599365
17855,0.013948705047369003
17856,0.014037687331438065
17857,0.010606136173009872
17858,0.012216024100780487
17859,0.024938924238085747
17860,0.07547365128993988
17861,0.06944186985492706
17862,0.018111707642674446
17863,0.00787110161036253
17864,0.06156100705265999
17865,0.00787110161036253
17866,0.00787110161036253
17867,0.00787110161036253
17868,0.013067243620753288
17869,0.00787110161036253
17870,0.00787110161036253
17871,0.03086390532553196
17872,0.00787110161036253
17873,0.055376965552568436
17874,0.00787110161036253
17875,0.0796552523970604
17876,0.05304845795035362
17877,0.01859043911099434
17878,0.053269438445568085
17879,0.009051298722624779
17880,0.013137700036168098
17881,0.055527303367853165
17882,0.013075849041342735
17883,0.12895220518112183
17884,0.0678270161151886
17885,0.817853569984436
17886,0.013075849041342735
17887,0.02692732959985733
17888,0.10410013794898987
17889,0.8794834613800049
17890,0.06264448910951614
17891,0.08034376800060272
17892,0.02314375340938568
17893,0.034510575234889984
17894,0.05128394812345505
17895,0.017427831888198853
17896,0.7675958275794983
17897,0.026367155835032463
17898,0.7227592468261719
17899,0.024770772084593773
17900,0.05717054009437561
17901,0.07201225310564041
17902,0.7828423976898193
17903,0.01861773617565632
17904,0.0153548838570714
17905,0.06658507138490677
17906,0.059681784361600876
17907,0.054849110543727875
17908,0.052261777222156525
17909,0.02590191923081875
17910,0.02030673436820507
17911,0.0257649514824152
17912,0.008665051311254501
17913,0.01599685475230217
17914,0.009440935216844082
17915,0.027894362807273865
17916,3.8882691296748817e-4
17917,3.8882691296748817e-4
17918,0.04946035146713257
17919,3.8882766966708004e-4
17920,4.0867706411518157e-4
17921,0.02877921611070633
17922,0.048181287944316864
17923,0.04238375276327133
17924,0.04238375276327133
17925,0.04238375276327133
17926,0.034057844430208206
17927,3.8882691296748817e-4
17928,0.017936628311872482
17929,0.01565871760249138
17930,0.014102278277277946
17931,0.014037687331438065
17932,4.4789741514250636e-4
17933,0.011846459470689297
17934,0.34499111771583557
17935,0.34147724509239197
17936,0.016227981075644493
17937,0.019908994436264038
17938,0.01484049391001463
17939,0.05533146858215332
17940,0.018220195546746254
17941,0.011928495950996876
17942,0.02128867246210575
17943,0.07402734458446503
17944,0.04254628345370293
17945,0.010827157646417618
17946,0.009254926815629005
17947,0.016243992373347282
17948,0.04610263556241989
17949,0.056545551866292953
17950,0.15562501549720764
17951,0.05122370272874832
17952,0.1093306839466095
17953,0.027025828137993813
17954,0.027025828137993813
17955,0.02478940039873123
17956,0.052876267582178116
17957,0.23389753699302673
17958,0.015423283912241459
17959,0.016931286081671715
17960,0.016931286081671715
17961,0.016931286081671715
17962,0.010936625301837921
17963,0.06525340676307678
17964,0.018251756206154823
17965,0.015473944135010242
17966,0.13691765069961548
17967,0.5610142946243286
17968,0.0363244004547596
17969,0.011046184226870537
17970,0.463017076253891
17971,0.06744559854269028
17972,0.02439015358686447
17973,0.023180454969406128
17974,0.05506652966141701
17975,0.08740999549627304
17976,0.056047242134809494
17977,0.06326011568307877
17978,0.015001214109361172
17979,0.01366486120969057
17980,0.03134863078594208
17981,0.015001214109361172
17982,0.015001214109361172
17983,0.04407816380262375
17984,0.010129919275641441
17985,0.007916263304650784
17986,0.01143633108586073
17987,0.028728438541293144
17988,0.014273659326136112
17989,0.12514670193195343
17990,0.050000227987766266
17991,0.030386749655008316
17992,0.09456026554107666
17993,0.07456444203853607
17994,0.012183856219053268
17995,0.029125763103365898
17996,0.05236538499593735
17997,0.09082814306020737
17998,0.026430996134877205
17999,0.027563463896512985
18000,0.007589629385620356
18001,0.022575771436095238
18002,0.01620401255786419
18003,0.01688697561621666
18004,0.01527779083698988
18005,0.058230601251125336
18006,0.03466526418924332
18007,0.1677655726671219
18008,0.0308034960180521
18009,0.009264047257602215
18010,0.026361919939517975
18011,0.03739951178431511
18012,0.05750922113656998
18013,0.064661405980587
18014,0.03536950796842575
18015,0.8399234414100647
18016,0.013729711063206196
18017,0.01599186472594738
18018,0.03647966682910919
18019,0.05207768455147743
18020,0.04307044297456741
18021,0.02198595367372036
18022,0.03272189944982529
18023,0.05296967923641205
18024,0.0443723239004612
18025,0.02424437925219536
18026,0.05940999463200569
18027,0.02126431278884411
18028,0.012435690499842167
18029,0.07531526684761047
18030,0.031077150255441666
18031,0.021287456154823303
18032,0.05868237838149071
18033,0.02865896001458168
18034,0.026477063074707985
18035,0.027063915506005287
18036,0.06198478117585182
18037,0.02100716158747673
18038,3.0632311245426536e-4
18039,0.07977604866027832
18040,0.16388173401355743
18041,0.18226858973503113
18042,0.05327042564749718
18043,0.007795758545398712
18044,0.027416367083787918
18045,0.02043684758245945
18046,0.03116459958255291
18047,0.037578195333480835
18048,0.025911185890436172
18049,0.0026798867620527744
18050,0.030036233365535736
18051,0.032456327229738235
18052,0.26948994398117065
18053,0.029512420296669006
18054,0.02254544198513031
18055,0.05111217126250267
18056,0.024258427321910858
18057,0.027507774531841278
18058,0.08041446655988693
18059,0.04939395189285278
18060,0.03628803417086601
18061,0.03917941078543663
18062,0.017908873036503792
18063,0.1199183389544487
18064,0.05441944673657417
18065,0.019562803208827972
18066,0.3933742642402649
18067,0.06767088174819946
18068,0.18972791731357574
18069,0.09610763937234879
18070,0.033406440168619156
18071,0.5527083873748779
18072,0.13082201778888702
18073,0.04317814111709595
18074,3.5350871621631086e-4
18075,0.03853034973144531
18076,0.04660271853208542
18077,0.025973010808229446
18078,0.05643659830093384
18079,0.1251717358827591
18080,0.6257587671279907
18081,0.10119777917861938
18082,0.05816080793738365
18083,0.04230135679244995
18084,0.04230135679244995
18085,0.07024496793746948
18086,0.09909562766551971
18087,0.045702315866947174
18088,0.021538076922297478
18089,0.04226718470454216
18090,0.05608072131872177
18091,0.06382472813129425
18092,0.07899605482816696
18093,0.018847966566681862
18094,0.02102579176425934
18095,0.023777205497026443
18096,0.07207437604665756
18097,0.014816335402429104
18098,0.02923896722495556
18099,0.02855238877236843
18100,0.8514706492424011
18101,0.05537453666329384
18102,0.078505739569664
18103,0.25239893794059753
18104,0.08794929832220078
18105,0.19083526730537415
18106,0.01689627394080162
18107,0.018350396305322647
18108,0.09227079898118973
18109,0.04916398972272873
18110,0.024860789999365807
18111,0.052165690809488297
18112,0.09471262991428375
18113,0.057643041014671326
18114,0.01971886120736599
18115,0.022926149889826775
18116,0.13868756592273712
18117,0.03264866769313812
18118,0.02515510842204094
18119,0.02515510842204094
18120,0.17420825362205505
18121,0.02515510842204094
18122,0.02515510842204094
18123,0.02515510842204094
18124,0.1365567445755005
18125,0.014181016013026237
18126,0.032149702310562134
18127,0.03523683547973633
18128,0.6814602017402649
18129,0.015416348353028297
18130,0.0766640231013298
18131,0.07621122896671295
18132,0.04718228057026863
18133,0.5608287453651428
18134,0.3363109529018402
18135,0.04915618896484375
18136,0.012233033776283264
18137,0.0733272135257721
18138,0.012233033776283264
18139,0.6226583123207092
18140,0.03845787048339844
18141,0.012149040587246418
18142,0.14664170145988464
18143,0.018703825771808624
18144,0.07329930365085602
18145,0.0733272135257721
18146,0.41322430968284607
18147,0.13942494988441467
18148,0.11499714851379395
18149,0.07498537003993988
18150,0.2750217914581299
18151,0.024421732872724533
18152,0.06895585358142853
18153,0.07872247695922852
18154,0.02244959957897663
18155,0.033396173268556595
18156,0.0427873395383358
18157,0.13070237636566162
18158,0.031933944672346115
18159,0.020505111664533615
18160,0.020260876044631004
18161,0.024353152140975
18162,0.038018934428691864
18163,0.04273870959877968
18164,0.025161022320389748
18165,0.02490326017141342
18166,0.007441029418259859
18167,0.037325333803892136
18168,0.033986710011959076
18169,0.035368651151657104
18170,0.45836326479911804
18171,0.08197817206382751
18172,0.07283439487218857
18173,0.05567663908004761
18174,0.07524510473012924
18175,0.09020768851041794
18176,0.019876612350344658
18177,0.026889199391007423
18178,0.03807883709669113
18179,0.07541849464178085
18180,0.5903873443603516
18181,5.340651259757578e-4
18182,0.015366049483418465
18183,0.10948261618614197
18184,0.07829278707504272
18185,0.03807200491428375
18186,0.05772075802087784
18187,0.0188165120780468
18188,0.0429692380130291
18189,0.878131628036499
18190,0.06781460344791412
18191,0.03182154893875122
18192,0.07389874011278152
18193,0.6496684551239014
18194,0.02255205623805523
18195,0.046359833329916
18196,0.018154477700591087
18197,0.08825935423374176
18198,0.04292050376534462
18199,0.6860448718070984
18200,0.019559521228075027
18201,0.017745180055499077
18202,0.8722800612449646
18203,0.027328472584486008
18204,0.0918387770652771
18205,0.6688893437385559
18206,0.026736252009868622
18207,0.017192469909787178
18208,0.04804673790931702
18209,0.06947597861289978
18210,0.05998740345239639
18211,0.054993655532598495
18212,0.0675109326839447
18213,0.010455165058374405
18214,0.06827432662248611
18215,0.03747572749853134
18216,0.1489398032426834
18217,0.08026059716939926
18218,0.020505541935563087
18219,0.035600870847702026
18220,0.07086549699306488
18221,0.04194950312376022
18222,0.02923019789159298
18223,0.017520824447274208
18224,0.028544463217258453
18225,0.017520824447274208
18226,0.017520824447274208
18227,0.017724789679050446
18228,0.017520824447274208
18229,0.017520824447274208
18230,0.012538035400211811
18231,0.015898093581199646
18232,0.017724789679050446
18233,0.017520824447274208
18234,0.017724789679050446
18235,0.017724789679050446
18236,0.017520824447274208
18237,0.017520824447274208
18238,0.017520824447274208
18239,0.029332533478736877
18240,0.031938619911670685
18241,0.029201552271842957
18242,0.21348591148853302
18243,0.7164798378944397
18244,0.05437774211168289
18245,0.053592629730701447
18246,0.06466081738471985
18247,0.7095186114311218
18248,0.23954106867313385
18249,0.11339583247900009
18250,0.07907349616289139
18251,0.10690388083457947
18252,0.8863558173179626
18253,0.4435875117778778
18254,0.7953281998634338
18255,0.022509876638650894
18256,0.07018111646175385
18257,0.04976356774568558
18258,0.0706300437450409
18259,0.04795803874731064
18260,0.13740888237953186
18261,0.3134099245071411
18262,0.05739501118659973
18263,0.06726247817277908
18264,0.3827642798423767
18265,0.022839708253741264
18266,0.05728079006075859
18267,0.02087651938199997
18268,0.02087651938199997
18269,0.8619633316993713
18270,0.049049489200115204
18271,0.03669954463839531
18272,0.863811731338501
18273,0.20508672297000885
18274,0.0732339546084404
18275,0.04084571823477745
18276,0.16912135481834412
18277,0.018690932542085648
18278,2.9824720695614815e-4
18279,0.054639238864183426
18280,0.028938766568899155
18281,0.012663066387176514
18282,0.04251442849636078
18283,0.16776970028877258
18284,0.1562427133321762
18285,0.057674407958984375
18286,0.037159714847803116
18287,0.6304491758346558
18288,0.07275672256946564
18289,0.037159714847803116
18290,0.03846748173236847
18291,0.021346181631088257
18292,0.4318322241306305
18293,0.026378793641924858
18294,0.04586704447865486
18295,0.11212192475795746
18296,0.08379050344228745
18297,0.05545130744576454
18298,0.054728541523218155
18299,0.02707766555249691
18300,0.030587973073124886
18301,0.015115358866751194
18302,0.007318955846130848
18303,0.014328697696328163
18304,0.49575912952423096
18305,0.03703094273805618
18306,0.020360223948955536
18307,0.03681785613298416
18308,0.2557462751865387
18309,0.01509539783000946
18310,0.07809566706418991
18311,0.04319532588124275
18312,0.41088542342185974
18313,0.014419831335544586
18314,0.13318860530853271
18315,0.017604760825634003
18316,0.03762214258313179
18317,0.013396643102169037
18318,0.020124725997447968
18319,0.013396643102169037
18320,0.013396643102169037
18321,0.028314631432294846
18322,0.013396643102169037
18323,0.013396643102169037
18324,0.05723893642425537
18325,0.047635212540626526
18326,0.013396643102169037
18327,0.06655615568161011
18328,0.013396643102169037
18329,0.013396643102169037
18330,0.013396643102169037
18331,0.013396643102169037
18332,0.013396643102169037
18333,0.013396643102169037
18334,0.014619261957705021
18335,0.03789868578314781
18336,0.04247559234499931
18337,0.029461154714226723
18338,0.026260385289788246
18339,0.020453836768865585
18340,0.032617002725601196
18341,0.026260385289788246
18342,0.6267266869544983
18343,0.013396643102169037
18344,0.07332112640142441
18345,0.05432208999991417
18346,0.0635659322142601
18347,0.028713295236229897
18348,0.013396643102169037
18349,0.04176126793026924
18350,0.14228694140911102
18351,0.02985181100666523
18352,0.013396643102169037
18353,0.06848449259996414
18354,0.08150886744260788
18355,0.01822362095117569
18356,0.8579699993133545
18357,0.02347324602305889
18358,0.22647437453269958
18359,0.05626903846859932
18360,0.04078681766986847
18361,0.08351241797208786
18362,0.022227531298995018
18363,0.036045655608177185
18364,0.6567152142524719
18365,0.08497295528650284
18366,0.015932656824588776
18367,0.0292946919798851
18368,0.8484569787979126
18369,0.0315803699195385
18370,0.7729220390319824
18371,0.07333827018737793
18372,0.003542158752679825
18373,0.6115076541900635
18374,0.011999587528407574
18375,0.011999587528407574
18376,0.011999587528407574
18377,0.011999587528407574
18378,0.06695126742124557
18379,0.011999587528407574
18380,0.011999587528407574
18381,0.011999587528407574
18382,0.011999587528407574
18383,0.011999587528407574
18384,0.011999587528407574
18385,0.011999587528407574
18386,0.011999587528407574
18387,0.011999587528407574
18388,0.011999587528407574
18389,0.011999587528407574
18390,0.05744386836886406
18391,0.0787692442536354
18392,0.07235215604305267
18393,0.011999587528407574
18394,0.011999587528407574
18395,0.07703764736652374
18396,0.013655031099915504
18397,0.06724685430526733
18398,0.030017096549272537
18399,0.052123770117759705
18400,0.7464802265167236
18401,0.06470702588558197
18402,0.03161390870809555
18403,0.060350026935338974
18404,0.02136479876935482
18405,0.025743559002876282
18406,0.02136479876935482
18407,0.040907248854637146
18408,0.0025756251998245716
18409,0.036355771124362946
18410,0.03760739415884018
18411,0.08650555461645126
18412,0.4181496500968933
18413,0.07375387102365494
18414,0.05154099687933922
18415,0.12299466878175735
18416,0.7067851424217224
18417,0.028507689014077187
18418,0.07315896451473236
18419,0.06713466346263885
18420,0.021279705688357353
18421,0.022383106872439384
18422,0.23408068716526031
18423,0.16515789926052094
18424,0.10798932611942291
18425,0.037528958171606064
18426,0.759989857673645
18427,0.8793016672134399
18428,0.029452571645379066
18429,0.333615243434906
18430,0.03302975744009018
18431,0.03834380581974983
18432,0.02362922765314579
18433,0.02401210367679596
18434,0.6127288341522217
18435,0.5126033425331116
18436,0.759989857673645
18437,0.007277303840965033
18438,0.0766788050532341
18439,0.0856960341334343
18440,0.03787430003285408
18441,0.015401497483253479
18442,0.017223024740815163
18443,0.015401497483253479
18444,0.025012172758579254
18445,0.06088091805577278
18446,0.07043280452489853
18447,0.028724711388349533
18448,0.02564636431634426
18449,0.12518353760242462
18450,0.09291889518499374
18451,0.007491312455385923
18452,0.02384914457798004
18453,0.08014610409736633
18454,0.07525426894426346
18455,0.07154731452465057
18456,0.05069883540272713
18457,0.05069883540272713
18458,0.1237059086561203
18459,0.03404868021607399
18460,0.03286704793572426
18461,0.06984004378318787
18462,0.038049500435590744
18463,0.07835365831851959
18464,0.01114998385310173
18465,0.013222149573266506
18466,0.0174393393099308
18467,0.024200547486543655
18468,0.05267529562115669
18469,0.019276708364486694
18470,0.06712810695171356
18471,0.8097385168075562
18472,0.019578613340854645
18473,0.04525619372725487
18474,0.07437287271022797
18475,0.012917590327560902
18476,0.5153071284294128
18477,0.23074209690093994
18478,0.013269615359604359
18479,0.01926378719508648
18480,0.07516990602016449
18481,0.033659644424915314
18482,0.06144899129867554
18483,0.01954846829175949
18484,0.10339803248643875
18485,0.05897959694266319
18486,0.04376307502388954
18487,0.013260086998343468
18488,0.050206005573272705
18489,0.016438934952020645
18490,0.05284496769309044
18491,0.06512600928544998
18492,0.014364873059093952
18493,0.017412396147847176
18494,0.012209426611661911
18495,0.06530088931322098
18496,0.023153821006417274
18497,0.018736617639660835
18498,0.0169253908097744
18499,0.024418478831648827
18500,0.014347917400300503
18501,0.012761469930410385
18502,0.028551504015922546
18503,0.06256518512964249
18504,0.25562283396720886
18505,0.017270052805542946
18506,0.058125488460063934
18507,0.05531127378344536
18508,0.1069858968257904
18509,0.06921087205410004
18510,0.018390057608485222
18511,0.04842717945575714
18512,0.04045109078288078
18513,0.011470305733382702
18514,0.07894852757453918
18515,0.05224981531500816
18516,0.014710074290633202
18517,0.11804091185331345
18518,0.00902310200035572
18519,0.011863435618579388
18520,0.01683717779815197
18521,0.009362014010548592
18522,0.013219499960541725
18523,0.2760719060897827
18524,0.04452672228217125
18525,0.017270052805542946
18526,0.02853277698159218
18527,0.05400914326310158
18528,0.28864938020706177
18529,0.06847119331359863
18530,0.030332747846841812
18531,0.06788848340511322
18532,0.07188352197408676
18533,0.03440767899155617
18534,0.11723002046346664
18535,0.03314119949936867
18536,0.016001766547560692
18537,0.05310528725385666
18538,0.021602565422654152
18539,0.045340683311223984
18540,0.01875291019678116
18541,0.017727112397551537
18542,0.05898282676935196
18543,0.021073585376143456
18544,0.007813027128577232
18545,0.027678366750478745
18546,0.01842000149190426
18547,0.009902700781822205
18548,0.02268035151064396
18549,0.04786759242415428
18550,0.02520369552075863
18551,0.06350183486938477
18552,0.08432529866695404
18553,0.019928807392716408
18554,2.61198787484318e-4
18555,0.0286254920065403
18556,0.016144538298249245
18557,0.04842333495616913
18558,0.017166858538985252
18559,0.011991718783974648
18560,0.04317096993327141
18561,0.05747910588979721
18562,0.03326639533042908
18563,0.8443330526351929
18564,0.023079661652445793
18565,0.023079661652445793
18566,0.023079661652445793
18567,0.023079661652445793
18568,0.023079661652445793
18569,0.016841581091284752
18570,0.016054047271609306
18571,0.016841581091284752
18572,0.025292877107858658
18573,0.01823115162551403
18574,0.011028274893760681
18575,0.07075551897287369
18576,0.014567950740456581
18577,0.025181451812386513
18578,0.03601868823170662
18579,0.02232002466917038
18580,0.04899299144744873
18581,0.02739754319190979
18582,0.02739754319190979
18583,0.0711255818605423
18584,0.5956341028213501
18585,0.042225029319524765
18586,0.05887118726968765
18587,0.01696590892970562
18588,0.4889897406101227
18589,0.051943689584732056
18590,0.020482875406742096
18591,0.008422656916081905
18592,0.03725522756576538
18593,0.03146866708993912
18594,0.016975337639451027
18595,0.07085239142179489
18596,0.019093802198767662
18597,0.022967394441366196
18598,2.1671901049558073e-4
18599,0.0075820330530405045
18600,0.03047807514667511
18601,0.01180847454816103
18602,0.0347636416554451
18603,0.07723982632160187
18604,0.019016476348042488
18605,0.0335041843354702
18606,0.05391915515065193
18607,0.0710686668753624
18608,0.024308478459715843
18609,0.514397382736206
18610,0.011865022592246532
18611,0.05315576121211052
18612,0.06468842178583145
18613,0.02787448838353157
18614,0.02398284338414669
18615,0.03224734216928482
18616,0.7781948447227478
18617,0.03025984764099121
18618,0.027990039438009262
18619,0.018267856910824776
18620,0.05464361980557442
18621,0.05698534473776817
18622,0.053389932960271835
18623,0.05070554092526436
18624,0.053591903299093246
18625,0.07387818396091461
18626,0.016891393810510635
18627,0.1022554337978363
18628,0.03472099453210831
18629,0.010658306069672108
18630,0.010174387134611607
18631,0.10923005640506744
18632,0.6295292377471924
18633,0.028561893850564957
18634,0.029401665553450584
18635,0.04497598484158516
18636,0.23648513853549957
18637,0.053788796067237854
18638,0.029799483716487885
18639,0.014544311910867691
18640,0.2138776034116745
18641,0.04742402210831642
18642,0.055470552295446396
18643,0.03937719017267227
18644,0.023791920393705368
18645,0.014296145178377628
18646,0.014960494823753834
18647,0.028528369963169098
18648,0.02300095558166504
18649,0.012323006056249142
18650,0.02995065040886402
18651,0.050278715789318085
18652,0.03119254671037197
18653,0.017181627452373505
18654,0.06793064624071121
18655,0.06374992430210114
18656,0.07348215579986572
18657,0.026278968900442123
18658,0.035188447684049606
18659,0.02347772940993309
18660,0.017931126058101654
18661,0.012952354736626148
18662,0.07585857808589935
18663,0.02357526496052742
18664,0.09884714335203171
18665,0.08214797079563141
18666,0.08214797079563141
18667,0.034801747649908066
18668,0.08214797079563141
18669,0.05906498059630394
18670,0.08214797079563141
18671,0.03306391462683678
18672,0.01179433148354292
18673,0.0801796242594719
18674,0.05705185979604721
18675,0.02357526496052742
18676,0.0801796242594719
18677,0.031901709735393524
18678,0.02357526496052742
18679,0.11133644729852676
18680,0.02357526496052742
18681,0.02357526496052742
18682,0.02357526496052742
18683,0.008863707073032856
18684,0.02357526496052742
18685,0.06821274757385254
18686,0.027253540232777596
18687,0.042219098657369614
18688,0.016207989305257797
18689,0.07453884929418564
18690,0.03306391462683678
18691,0.010666999034583569
18692,0.03900187835097313
18693,0.04414965584874153
18694,0.03900187835097313
18695,0.8289583325386047
18696,0.05481905862689018
18697,0.0389682911336422
18698,0.04028244689106941
18699,0.032317664474248886
18700,2.4928885977715254e-4
18701,0.030337510630488396
18702,0.013401225209236145
18703,0.06522299349308014
18704,0.10178438574075699
18705,0.022704770788550377
18706,0.03506944328546524
18707,0.03506944328546524
18708,0.02280428819358349
18709,0.013439144939184189
18710,0.019426319748163223
18711,0.1275273710489273
18712,0.03506944328546524
18713,0.06999316811561584
18714,0.046570785343647
18715,0.07511163502931595
18716,0.009895685128867626
18717,0.032818324863910675
18718,0.00956086628139019
18719,0.038508620113134384
18720,0.060692086815834045
18721,0.13179317116737366
18722,0.015007887035608292
18723,0.023641739040613174
18724,0.04090554639697075
18725,0.04090554639697075
18726,0.04090554639697075
18727,0.0065679606050252914
18728,0.011909292079508305
18729,0.021956689655780792
18730,0.04388091340661049
18731,0.039614204317331314
18732,0.012158338911831379
18733,0.02557985484600067
18734,0.03343679755926132
18735,0.02504122070968151
18736,0.010502220131456852
18737,0.056813184171915054
18738,0.013015889562666416
18739,0.039614204317331314
18740,0.01267518661916256
18741,0.021568359807133675
18742,0.02818075194954872
18743,0.0015944791957736015
18744,0.01111672818660736
18745,0.1267039030790329
18746,0.014323674142360687
18747,0.03515968099236488
18748,0.045744799077510834
18749,0.04729829356074333
18750,0.01413944736123085
18751,0.011413974687457085
18752,0.03194427117705345
18753,0.011954686604440212
18754,0.028852637857198715
18755,0.011270924471318722
18756,0.054772038012742996
18757,0.023465683683753014
18758,0.051228586584329605
18759,0.011413980275392532
18760,0.08155854046344757
18761,0.09270830452442169
18762,0.04930165782570839
18763,0.05001070722937584
18764,0.035463713109493256
18765,0.01494667213410139
18766,0.04223696142435074
18767,0.03511526808142662
18768,0.06903322041034698
18769,0.0167431328445673
18770,0.0692184716463089
18771,0.014652525074779987
18772,0.03922705352306366
18773,0.01456718984991312
18774,0.026724325492978096
18775,0.016352074220776558
18776,0.07021594792604446
18777,0.011008799076080322
18778,0.036891989409923553
18779,0.029388602823019028
18780,0.042764123529195786
18781,0.08376653492450714
18782,0.08358732610940933
18783,0.028655827045440674
18784,0.0444943942129612
18785,0.053683165460824966
18786,0.022867288440465927
18787,0.010732514783740044
18788,0.057484619319438934
18789,0.900006115436554
18790,0.07430795580148697
18791,0.0334414504468441
18792,0.025460129603743553
18793,0.03617967665195465
18794,0.008508559316396713
18795,0.05584917217493057
18796,0.028865432366728783
18797,0.014216984622180462
18798,0.020784571766853333
18799,0.014153318479657173
18800,0.014153318479657173
18801,0.014153318479657173
18802,0.013906138949096203
18803,0.013906138949096203
18804,0.013906138949096203
18805,0.8185620903968811
18806,0.1259630024433136
18807,0.010937693528831005
18808,0.017109839245676994
18809,0.01648802123963833
18810,0.010472381487488747
18811,0.5041274428367615
18812,0.07365986704826355
18813,0.02136125974357128
18814,0.03553628921508789
18815,0.03553628921508789
18816,0.05577545985579491
18817,0.05195080488920212
18818,0.0475071482360363
18819,0.017035892233252525
18820,0.046999238431453705
18821,0.8453102707862854
18822,0.022937946021556854
18823,0.011420886032283306
18824,0.025056801736354828
18825,0.04357152059674263
18826,0.006540333852171898
18827,0.06368108838796616
18828,0.02642694115638733
18829,0.02487196959555149
18830,0.07287859171628952
18831,0.034782882779836655
18832,0.07287859171628952
18833,0.04947667941451073
18834,0.02361907996237278
18835,0.029455747455358505
18836,0.046565402299165726
18837,0.004866655450314283
18838,0.07141844183206558
18839,0.014032382518053055
18840,0.019805487245321274
18841,0.019805487245321274
18842,0.023934945464134216
18843,0.019805487245321274
18844,0.029985643923282623
18845,0.029985643923282623
18846,0.029985643923282623
18847,0.009503938257694244
18848,0.024126077070832253
18849,0.01769152842462063
18850,0.030445564538240433
18851,0.019700374454259872
18852,0.011826861649751663
18853,0.06758695095777512
18854,0.015800993889570236
18855,0.049844931811094284
18856,0.03238532692193985
18857,0.04500008001923561
18858,0.7086189985275269
18859,0.040063075721263885
18860,0.02746625617146492
18861,0.032753851264715195
18862,0.2344767302274704
18863,0.06824620813131332
18864,0.7683241963386536
18865,0.009547754190862179
18866,0.024985460564494133
18867,0.043164413422346115
18868,0.034228019416332245
18869,0.026124821975827217
18870,0.0059087323024868965
18871,0.029740652069449425
18872,0.021580036729574203
18873,0.027785148471593857
18874,0.015246732160449028
18875,0.022951815277338028
18876,0.03529901057481766
18877,0.010836251080036163
18878,0.07792467623949051
18879,0.03177421912550926
18880,0.015052864328026772
18881,0.026124821975827217
18882,0.019861357286572456
18883,0.12477657943964005
18884,0.0027210083790123463
18885,0.0019246982410550117
18886,0.008717839606106281
18887,0.024860577657818794
18888,0.01574075035750866
18889,0.009113377891480923
18890,0.019644159823656082
18891,0.18729116022586823
18892,0.013078543357551098
18893,0.022888805717229843
18894,0.01696573570370674
18895,0.037062011659145355
18896,0.01098334789276123
18897,0.014349198900163174
18898,0.008215654641389847
18899,0.05551884323358536
18900,0.020964907482266426
18901,0.03075278177857399
18902,0.0103965038433671
18903,0.01574075035750866
18904,0.06572787463665009
18905,0.0103965038433671
18906,0.03075278177857399
18907,0.03075278177857399
18908,0.017510099336504936
18909,0.0103965038433671
18910,0.012928392738103867
18911,0.06572785973548889
18912,0.02290150336921215
18913,0.01574075035750866
18914,0.015180555172264576
18915,0.03075278177857399
18916,0.01574075035750866
18917,0.03075278177857399
18918,0.03075278177857399
18919,0.03075278177857399
18920,0.01574075035750866
18921,0.01823493279516697
18922,0.02203446440398693
18923,0.05688030645251274
18924,0.012075615115463734
18925,0.06572787463665009
18926,0.01574075035750866
18927,0.015180555172264576
18928,0.06572787463665009
18929,0.0103965038433671
18930,0.06572787463665009
18931,0.06572787463665009
18932,0.0103965038433671
18933,0.02203446440398693
18934,0.01726132445037365
18935,0.0419873408973217
18936,0.2090117633342743
18937,0.02198871783912182
18938,0.05416512116789818
18939,0.015534407459199429
18940,0.04111054539680481
18941,0.09951288998126984
18942,0.018389642238616943
18943,0.012092756107449532
18944,0.03772418946027756
18945,0.017943767830729485
18946,0.01750727742910385
18947,0.01750727742910385
18948,0.01750727742910385
18949,0.017155230045318604
18950,0.06788650155067444
18951,0.04511759430170059
18952,0.027995392680168152
18953,0.027995392680168152
18954,0.10960910469293594
18955,0.044997915625572205
18956,0.1977219134569168
18957,0.850853443145752
18958,0.0190944392234087
18959,0.0190944392234087
18960,0.0331607311964035
18961,0.04138586297631264
18962,0.01905064657330513
18963,0.15969286859035492
18964,0.027641143649816513
18965,0.014016847126185894
18966,0.014016847126185894
18967,0.04228168725967407
18968,0.12179036438465118
18969,0.014427016489207745
18970,0.04415205121040344
18971,0.049362313002347946
18972,0.02796170860528946
18973,0.03089151717722416
18974,0.03089151717722416
18975,0.03089151717722416
18976,0.03089151717722416
18977,0.03089151717722416
18978,0.01768193393945694
18979,0.029514098539948463
18980,0.04130448028445244
18981,0.10763364285230637
18982,0.8298364281654358
18983,0.0291568785905838
18984,0.04176373779773712
18985,0.043014273047447205
18986,0.00878950860351324
18987,0.014016847126185894
18988,0.01134554948657751
18989,0.07855928689241409
18990,0.014168303459882736
18991,0.018123634159564972
18992,0.022542499005794525
18993,0.08661048859357834
18994,0.024806683883070946
18995,0.020522259175777435
18996,0.05781470239162445
18997,0.013652480207383633
18998,0.05788249149918556
18999,0.02985289692878723
19000,0.1478888988494873
19001,0.030839158222079277
19002,0.013288234360516071
19003,0.07698316872119904
19004,0.44619220495224
19005,0.035065606236457825
19006,0.012137635610997677
19007,0.029471877962350845
19008,0.01771419867873192
19009,0.019062381237745285
19010,0.0663696750998497
19011,0.0663696750998497
19012,0.0645582377910614
19013,0.032732754945755005
19014,0.04488693177700043
19015,0.02467925474047661
19016,0.01262447889894247
19017,2.014130150200799e-4
19018,0.015567452646791935
19019,0.022805850952863693
19020,0.025439800694584846
19021,0.02881927229464054
19022,0.06554239988327026
19023,0.137828066945076
19024,0.016037994995713234
19025,0.022604193538427353
19026,0.04052253067493439
19027,0.20931582152843475
19028,0.01034322939813137
19029,0.03126878663897514
19030,0.4501095414161682
19031,0.18272016942501068
19032,0.012256038375198841
19033,0.014099687337875366
19034,0.01727207563817501
19035,0.06111695244908333
19036,0.029678206890821457
19037,0.012827208265662193
19038,0.018946148455142975
19039,0.011504151858389378
19040,0.04300135746598244
19041,0.05033455416560173
19042,0.008083140477538109
19043,0.02925012819468975
19044,0.040042124688625336
19045,0.011805436573922634
19046,0.03335800766944885
19047,0.8607556819915771
19048,0.01170038990676403
19049,0.008849438279867172
19050,0.04547778517007828
19051,0.024467753246426582
19052,0.05083518102765083
19053,0.018120190128684044
19054,0.01926276832818985
19055,0.020392535254359245
19056,0.021969469264149666
19057,0.04078757017850876
19058,0.030694112181663513
19059,0.059380631893873215
19060,0.21340487897396088
19061,0.061282288283109665
19062,0.07231849431991577
19063,0.05233049765229225
19064,0.02271287888288498
19065,0.05696840211749077
19066,0.05233049765229225
19067,0.016057970002293587
19068,0.016057970002293587
19069,0.03582093492150307
19070,0.0321224220097065
19071,0.035911157727241516
19072,0.03582094609737396
19073,0.04335963726043701
19074,0.026741599664092064
19075,0.026335757225751877
19076,0.05026150494813919
19077,0.07325981557369232
19078,0.07325981557369232
19079,0.014906330034136772
19080,0.04295887425541878
19081,0.042736466974020004
19082,0.013331837952136993
19083,0.07541520893573761
19084,0.05050911754369736
19085,0.024289343506097794
19086,0.010593029670417309
19087,0.14475928246974945
19088,0.06845458596944809
19089,0.05686283856630325
19090,0.016517531126737595
19091,0.01817299984395504
19092,0.1134900227189064
19093,0.1134900227189064
19094,0.017198022454977036
19095,0.017198022454977036
19096,0.05686283856630325
19097,0.01933230459690094
19098,0.03310901299118996
19099,0.061767227947711945
19100,0.022633904591202736
19101,0.06331422179937363
19102,0.013123233802616596
19103,0.02656499110162258
19104,0.03988717868924141
19105,0.1134900227189064
19106,0.0018639154732227325
19107,0.015822511166334152
19108,0.03825719654560089
19109,0.20541420578956604
19110,0.013777139596641064
19111,0.07527860999107361
19112,0.025473952293395996
19113,0.21887867152690887
19114,0.06511881202459335
19115,0.07768572866916656
19116,0.04856877401471138
19117,0.026833517476916313
19118,0.07445667684078217
19119,0.10901276022195816
19120,0.011221760883927345
19121,0.04744173213839531
19122,0.02382661961019039
19123,0.06267113983631134
19124,0.021248944103717804
19125,0.028742553666234016
19126,0.028742553666234016
19127,0.028742553666234016
19128,0.028742553666234016
19129,0.028742553666234016
19130,0.009690371342003345
19131,0.014415508136153221
19132,0.028742553666234016
19133,0.028742553666234016
19134,0.028742553666234016
19135,0.02874254621565342
19136,0.02874254621565342
19137,0.028742553666234016
19138,0.028742553666234016
19139,0.028742553666234016
19140,0.02435639686882496
19141,0.027995862066745758
19142,0.009152746759355068
19143,0.05223175883293152
19144,0.018076205626130104
19145,0.07637731730937958
19146,0.022907918319106102
19147,0.022784961387515068
19148,0.07522040605545044
19149,0.7728415727615356
19150,0.0345204696059227
19151,0.04524490237236023
19152,0.07425719499588013
19153,0.023788858205080032
19154,0.017940768972039223
19155,0.35989320278167725
19156,0.15233202278614044
19157,0.11545001715421677
19158,0.06899600476026535
19159,0.019588954746723175
19160,0.35989320278167725
19161,0.02321803942322731
19162,0.15233202278614044
19163,0.01524119172245264
19164,0.023856615647673607
19165,0.08367610722780228
19166,0.010179382748901844
19167,0.010179387405514717
19168,0.04945225268602371
19169,0.05248214676976204
19170,0.028618576005101204
19171,0.01698693446815014
19172,0.04884843900799751
19173,0.04137811064720154
19174,0.024112580344080925
19175,0.048892613500356674
19176,0.04945225268602371
19177,0.04713384807109833
19178,0.017964038997888565
19179,0.019736871123313904
19180,0.025645088404417038
19181,0.02523990347981453
19182,0.8672174215316772
19183,0.022772086784243584
19184,0.02420811913907528
19185,0.35647568106651306
19186,0.05589233338832855
19187,0.0685001015663147
19188,0.18775629997253418
19189,0.024421915411949158
19190,0.049862369894981384
19191,0.02533715032041073
19192,0.3846784234046936
19193,0.03213809058070183
19194,0.02035655453801155
19195,0.026082878932356834
19196,0.014621639624238014
19197,0.03926224261522293
19198,0.024361543357372284
19199,0.19683726131916046
19200,0.011748376302421093
19201,0.03974391147494316
19202,0.10176721960306168
19203,0.8873521089553833
19204,0.042400285601615906
19205,0.009193168953061104
19206,0.009193168953061104
19207,0.012875457294285297
19208,0.027481406927108765
19209,0.055436622351408005
19210,0.07105053216218948
19211,0.15251675248146057
19212,0.15251675248146057
19213,0.05813074856996536
19214,0.8791318535804749
19215,0.009193168953061104
19216,0.08849453926086426
19217,0.05703233927488327
19218,0.4869396984577179
19219,0.025902535766363144
19220,0.06694589555263519
19221,0.013596180826425552
19222,0.009193168953061104
19223,0.06730913370847702
19224,0.06944926828145981
19225,0.0233831275254488
19226,0.07105053216218948
19227,0.06384007632732391
19228,0.0565178319811821
19229,0.006689500529319048
19230,0.0764499083161354
19231,0.03373086825013161
19232,0.024033328518271446
19233,0.014239376410841942
19234,0.02040492743253708
19235,0.01514569390565157
19236,0.012858686037361622
19237,0.06248638033866882
19238,0.019522950053215027
19239,0.23345689475536346
19240,0.035562559962272644
19241,0.6544138193130493
19242,0.0413600318133831
19243,0.8224338889122009
19244,0.07410605996847153
19245,0.07770439982414246
19246,0.03515679016709328
19247,0.017896121367812157
19248,0.025706948712468147
19249,0.017896121367812157
19250,0.0248787272721529
19251,0.04803027585148811
19252,0.02502625435590744
19253,0.019627926871180534
19254,0.019627926871180534
19255,0.07796492427587509
19256,0.048939455300569534
19257,0.01921890489757061
19258,0.019627926871180534
19259,0.018726881593465805
19260,0.034501977264881134
19261,0.41531607508659363
19262,0.024560237303376198
19263,0.03744533658027649
19264,0.024738550186157227
19265,0.019627926871180534
19266,0.06145436689257622
19267,0.024615749716758728
19268,0.2213527411222458
19269,0.04412607476115227
19270,0.026162289083003998
19271,0.8946969509124756
19272,0.011606554500758648
19273,0.06542517989873886
19274,0.5049929022789001
19275,0.02730756439268589
19276,0.02730756439268589
19277,0.04911215975880623
19278,0.8912827372550964
19279,0.01184038259088993
19280,0.08395525068044662
19281,0.06739670783281326
19282,0.011390716768801212
19283,0.17542533576488495
19284,0.07395622134208679
19285,0.7111806273460388
19286,0.003360776463523507
19287,0.07763241976499557
19288,0.020031007006764412
19289,0.04891164228320122
19290,0.022797899320721626
19291,0.013222803361713886
19292,0.017559805884957314
19293,0.12859192490577698
19294,0.1807883232831955
19295,0.016136489808559418
19296,0.01271772664040327
19297,0.10065583884716034
19298,0.02732180431485176
19299,0.09299924969673157
19300,0.07610424607992172
19301,0.11038243770599365
19302,0.7884981632232666
19303,0.5916419625282288
19304,0.018804427236318588
19305,0.8210035562515259
19306,0.01406517531722784
19307,0.07272904366254807
19308,0.05872563645243645
19309,0.027787595987319946
19310,0.023478340357542038
19311,0.07022693753242493
19312,0.015828171744942665
19313,0.03758047893643379
19314,0.5449320077896118
19315,0.01784461736679077
19316,0.034049008041620255
19317,0.01548740267753601
19318,0.03154005482792854
19319,0.013471058569848537
19320,0.013471058569848537
19321,0.013471058569848537
19322,0.013471058569848537
19323,0.05236425623297691
19324,0.01778215542435646
19325,0.01778215542435646
19326,0.8330873847007751
19327,0.4618963599205017
19328,0.03600474074482918
19329,0.20284247398376465
19330,0.07689684629440308
19331,0.07526306062936783
19332,0.39892855286598206
19333,0.0727771744132042
19334,0.20897406339645386
19335,0.07380330562591553
19336,0.0523192435503006
19337,0.06392247974872589
19338,0.03719265013933182
19339,0.07495594024658203
19340,0.6343109011650085
19341,0.03213861957192421
19342,0.016603412106633186
19343,0.05231456458568573
19344,0.03098868578672409
19345,0.035534098744392395
19346,0.07491761445999146
19347,0.08961751312017441
19348,0.06635867059230804
19349,0.013227800838649273
19350,0.03896341100335121
19351,0.019037606194615364
19352,0.05252571031451225
19353,0.03311166167259216
19354,0.020347313955426216
19355,0.08360124379396439
19356,0.09470114856958389
19357,0.8807952404022217
19358,0.04014115780591965
19359,0.012894919142127037
19360,0.01697852835059166
19361,0.06397587060928345
19362,0.049245771020650864
19363,0.025037961080670357
19364,0.030136287212371826
19365,0.05271657183766365
19366,0.026480380445718765
19367,0.06796666979789734
19368,0.04344611242413521
19369,0.05357744172215462
19370,0.025037961080670357
19371,0.034199994057416916
19372,0.7982591390609741
19373,0.6753355264663696
19374,0.01708904840052128
19375,0.047677889466285706
19376,0.04564792290329933
19377,0.02675594389438629
19378,0.03096945583820343
19379,0.03096945583820343
19380,0.053625207394361496
19381,0.02675594389438629
19382,0.019667839631438255
19383,0.02419384941458702
19384,0.6814525723457336
19385,0.5358360409736633
19386,0.03736122325062752
19387,0.024188537150621414
19388,0.011876702308654785
19389,0.28078263998031616
19390,0.016621235758066177
19391,0.03489650785923004
19392,0.7512561678886414
19393,0.06452810019254684
19394,0.07399262487888336
19395,0.06654169410467148
19396,0.06037849187850952
19397,0.010352898389101028
19398,0.819047212600708
19399,0.07084985822439194
19400,0.03869100660085678
19401,0.015848388895392418
19402,0.040689073503017426
19403,0.06905050575733185
19404,0.06500368565320969
19405,0.0392984114587307
19406,0.018754957243800163
19407,0.03918515518307686
19408,0.013387835584580898
19409,0.05108419060707092
19410,0.04958891123533249
19411,0.0411856584250927
19412,0.010798463597893715
19413,0.026587147265672684
19414,0.6115022897720337
19415,0.01511739008128643
19416,0.05201556533575058
19417,0.012922067195177078
19418,0.046267349272966385
19419,0.018390635028481483
19420,0.08040690422058105
19421,0.27098533511161804
19422,0.27098533511161804
19423,0.029362274333834648
19424,0.016950910910964012
19425,0.018390635028481483
19426,0.016950903460383415
19427,0.8530292510986328
19428,0.014550594612956047
19429,0.057810764759778976
19430,0.0621415376663208
19431,0.019351396709680557
19432,0.015366942621767521
19433,0.0870235338807106
19434,0.03860635682940483
19435,0.42395681142807007
19436,0.09483525156974792
19437,0.045943304896354675
19438,0.06456193327903748
19439,0.031356096267700195
19440,0.01250836905092001
19441,0.194753497838974
19442,0.1414736807346344
19443,0.33206692337989807
19444,0.054044101387262344
19445,0.080328069627285
19446,0.04265942797064781
19447,0.8349581360816956
19448,0.015955476090312004
19449,0.02409949153661728
19450,0.03860635682940483
19451,0.0681985467672348
19452,0.03769926354289055
19453,0.0697939470410347
19454,0.048175085335969925
19455,0.03311419486999512
19456,0.045814789831638336
19457,0.045814789831638336
19458,0.05024284869432449
19459,0.023875689134001732
19460,0.04582178220152855
19461,0.07069441676139832
19462,0.36595433950424194
19463,0.05820811167359352
19464,0.018177945166826248
19465,0.017071718350052834
19466,0.05404534935951233
19467,0.018177945166826248
19468,0.5532476305961609
19469,0.018177945166826248
19470,0.06792564690113068
19471,0.05404534935951233
19472,0.025768142193555832
19473,0.07003630697727203
19474,0.025768142193555832
19475,0.05726002901792526
19476,0.025768142193555832
19477,0.019171644002199173
19478,0.025768142193555832
19479,0.025768142193555832
19480,0.025768142193555832
19481,0.045948855578899384
19482,0.11700309067964554
19483,0.025768142193555832
19484,0.025768142193555832
19485,0.057214558124542236
19486,0.07908156514167786
19487,0.07923971861600876
19488,0.025768142193555832
19489,0.025024134665727615
19490,0.025768142193555832
19491,0.027958443388342857
19492,0.025768142193555832
19493,0.148140549659729
19494,0.12715128064155579
19495,0.07234512269496918
19496,0.02904057689011097
19497,0.10888509452342987
19498,0.02524375170469284
19499,0.03530315309762955
19500,0.041038114577531815
19501,0.0383690744638443
19502,0.013847900554537773
19503,0.04559479281306267
19504,0.02642694115638733
19505,0.01726188138127327
19506,0.021321821957826614
19507,0.013847900554537773
19508,0.013847900554537773
19509,0.03236157074570656
19510,0.0217151939868927
19511,0.013847900554537773
19512,0.06197497248649597
19513,0.06197497248649597
19514,0.06197497248649597
19515,0.1378307342529297
19516,0.041969504207372665
19517,0.04587380960583687
19518,0.28496453166007996
19519,0.06142747774720192
19520,0.024403097108006477
19521,0.11334391683340073
19522,0.11334391683340073
19523,0.11334391683340073
19524,0.8044954538345337
19525,0.3067679703235626
19526,0.06856656074523926
19527,0.006599809043109417
19528,0.019154055044054985
19529,0.06518403440713882
19530,0.027813134714961052
19531,0.014873120933771133
19532,0.05791611224412918
19533,0.0625900998711586
19534,0.04434211552143097
19535,0.020359255373477936
19536,0.1497100442647934
19537,0.42598873376846313
19538,0.07859083265066147
19539,0.026090027764439583
19540,0.026090027764439583
19541,0.026514889672398567
19542,0.014067820273339748
19543,0.014067820273339748
19544,0.008015242405235767
19545,0.016830936074256897
19546,0.044861700385808945
19547,0.6236082911491394
19548,0.2550434470176697
19549,0.025484047830104828
19550,0.025484047830104828
19551,0.04388706758618355
19552,0.050379570573568344
19553,0.010537320747971535
19554,0.008015242405235767
19555,0.013566793873906136
19556,0.10699044913053513
19557,0.1959548443555832
19558,0.2664404809474945
19559,0.05672360584139824
19560,0.01272235531359911
19561,0.028871895745396614
19562,0.023547884076833725
19563,0.04732150584459305
19564,0.3614793121814728
19565,0.024648115038871765
19566,0.009104236960411072
19567,0.2096244990825653
19568,0.018696598708629608
19569,0.018696598708629608
19570,0.022870831191539764
19571,0.018696598708629608
19572,0.04033900424838066
19573,0.018696598708629608
19574,0.27382582426071167
19575,0.8489289879798889
19576,0.01832333207130432
19577,0.0243942029774189
19578,0.030563704669475555
19579,0.018696598708629608
19580,0.07621004432439804
19581,0.11936768889427185
19582,0.0657474473118782
19583,0.03849485144019127
19584,0.010477002710103989
19585,0.013569238595664501
19586,0.10675591975450516
19587,0.8388699889183044
19588,0.012073119170963764
19589,0.08279579877853394
19590,0.015724867582321167
19591,0.12719658017158508
19592,0.07227028161287308
19593,0.024586794897913933
19594,0.03735865280032158
19595,0.06511537730693817
19596,0.04131913557648659
19597,0.033826906234025955
19598,0.05634436756372452
19599,0.07885703444480896
19600,0.02686050906777382
19601,0.060204051434993744
19602,0.02489973045885563
19603,0.018174979835748672
19604,0.069196417927742
19605,0.36361420154571533
19606,0.018662186339497566
19607,0.02260194532573223
19608,0.022573739290237427
19609,0.08022887259721756
19610,0.015681369230151176
19611,0.029170287773013115
19612,0.07108988612890244
19613,0.02989521250128746
19614,0.01647680439054966
19615,0.8735321164131165
19616,0.023754272609949112
19617,0.04235035553574562
19618,0.030165093019604683
19619,0.07069747895002365
19620,0.036286305636167526
19621,0.06593982130289078
19622,0.023686310276389122
19623,0.012258411385118961
19624,0.05474613234400749
19625,0.24382925033569336
19626,0.015851587057113647
19627,0.02369820326566696
19628,0.012346243485808372
19629,0.1251227855682373
19630,0.026433199644088745
19631,0.026621036231517792
19632,0.03523823246359825
19633,0.06743618845939636
19634,0.03036663308739662
19635,0.016308994963765144
19636,0.017665229737758636
19637,0.1037270799279213
19638,0.025833018124103546
19639,0.4367377460002899
19640,0.0139424754306674
19641,0.5620092749595642
19642,0.04051576554775238
19643,0.023242443799972534
19644,0.011738475412130356
19645,0.025609439238905907
19646,0.3019550144672394
19647,0.06224730238318443
19648,0.0486576110124588
19649,0.07928251475095749
19650,0.034919705241918564
19651,0.06777195632457733
19652,0.0520702600479126
19653,0.014641535468399525
19654,0.8266566395759583
19655,0.03494234010577202
19656,0.013968301005661488
19657,0.02938179112970829
19658,0.17572471499443054
19659,0.03419773280620575
19660,0.03785102069377899
19661,0.06948477774858475
19662,0.09839995205402374
19663,0.015007112175226212
19664,0.3389787971973419
19665,0.025852905586361885
19666,0.05050750449299812
19667,0.06053992360830307
19668,0.05881938338279724
19669,0.06053992360830307
19670,0.0285031720995903
19671,0.07255522906780243
19672,0.06053992360830307
19673,0.06053992360830307
19674,0.150592640042305
19675,0.06053992360830307
19676,0.3553313612937927
19677,0.015481109730899334
19678,0.017093928530812263
19679,0.08163808286190033
19680,0.023987827822566032
19681,0.00884841289371252
19682,0.01868405006825924
19683,0.00516141252592206
19684,0.04852386564016342
19685,0.4459531903266907
19686,0.025438455864787102
19687,0.03485230728983879
19688,0.025056935846805573
19689,0.05286509171128273
19690,0.030562985688447952
19691,0.378217488527298
19692,0.047225914895534515
19693,0.027143049985170364
19694,0.029501311480998993
19695,0.029241960495710373
19696,0.07766875624656677
19697,0.009047972038388252
19698,0.29617947340011597
19699,0.07775706797838211
19700,0.009788875468075275
19701,0.06393850594758987
19702,0.760162889957428
19703,0.017427584156394005
19704,0.01998937502503395
19705,0.07986588031053543
19706,0.050981294363737106
19707,0.11823105067014694
19708,0.02148249000310898
19709,0.03411856293678284
19710,0.008876258507370949
19711,0.006747171748429537
19712,0.047573626041412354
19713,0.01847526989877224
19714,0.014521761797368526
19715,0.016364051029086113
19716,0.008299369364976883
19717,0.1361459344625473
19718,0.0627642273902893
19719,0.13939093053340912
19720,0.07809679210186005
19721,0.016546254977583885
19722,0.05963267758488655
19723,0.06196914613246918
19724,0.026176730170845985
19725,0.01082203071564436
19726,0.0157990213483572
19727,0.02917005494236946
19728,0.007514168508350849
19729,0.0532560758292675
19730,0.01082203071564436
19731,0.02401966042816639
19732,0.07036343216896057
19733,0.02500876598060131
19734,0.0206723902374506
19735,0.08310898393392563
19736,0.06370959430932999
19737,0.029135409742593765
19738,0.02796085923910141
19739,0.04513687640428543
19740,0.8205482959747314
19741,0.01773611642420292
19742,0.029579177498817444
19743,0.02889256738126278
19744,0.07569389045238495
19745,0.09954565018415451
19746,0.07909771800041199
19747,0.027759483084082603
19748,0.030384790152311325
19749,0.02003113366663456
19750,0.06971899420022964
19751,0.006639229133725166
19752,0.033642202615737915
19753,0.008885168470442295
19754,0.6670287251472473
19755,0.018990905955433846
19756,0.05884811282157898
19757,0.02889707125723362
19758,0.07085289061069489
19759,0.044198352843523026
19760,0.031164729967713356
19761,0.0736936628818512
19762,0.015417746268212795
19763,0.014618974179029465
19764,0.06570062041282654
19765,0.044555556029081345
19766,0.3226672410964966
19767,0.010457277297973633
19768,0.05021362379193306
19769,0.04740769788622856
19770,0.03139036148786545
19771,0.0388777032494545
19772,0.07765159010887146
19773,0.0156476441770792
19774,0.0572948083281517
19775,0.06600663810968399
19776,0.03498898446559906
19777,0.4338482618331909
19778,0.018398813903331757
19779,0.0337408185005188
19780,0.1152585819363594
19781,0.04400133341550827
19782,0.0490327849984169
19783,0.011088640429079533
19784,0.019057342782616615
19785,0.016773980110883713
19786,0.04447270929813385
19787,0.027808506041765213
19788,0.02154645323753357
19789,0.02173200063407421
19790,0.02025717869400978
19791,0.02405553124845028
19792,0.01029136497527361
19793,0.058713290840387344
19794,0.16874217987060547
19795,0.05980895832180977
19796,0.05076999589800835
19797,0.028544560074806213
19798,0.016802482306957245
19799,0.040696945041418076
19800,0.0954882949590683
19801,0.039746638387441635
19802,0.8062689900398254
19803,0.07288630306720734
19804,0.026121225208044052
19805,0.737080454826355
19806,0.04422900453209877
19807,0.03717688098549843
19808,0.12278430908918381
19809,0.061853595077991486
19810,0.0176331028342247
19811,0.452671617269516
19812,0.0176331028342247
19813,0.0176331028342247
19814,0.04126697778701782
19815,0.0176331028342247
19816,0.020433668047189713
19817,0.029104899615049362
19818,0.019711492583155632
19819,0.027996579185128212
19820,0.04474684223532677
19821,0.003941853065043688
19822,0.009452277794480324
19823,0.01714707911014557
19824,0.026227837428450584
19825,0.020788250491023064
19826,0.016791824251413345
19827,0.048320937901735306
19828,0.04359416663646698
19829,0.02022652141749859
19830,0.031376518309116364
19831,0.05023152381181717
19832,0.03592268377542496
19833,0.02678350917994976
19834,0.01990356482565403
19835,0.06451333314180374
19836,0.0177192110568285
19837,0.027011217549443245
19838,0.01694365032017231
19839,0.021208355203270912
19840,0.021453196182847023
19841,0.03578302636742592
19842,0.03840234503149986
19843,0.04792358726263046
19844,0.02505546808242798
19845,0.06163595989346504
19846,0.06118939071893692
19847,0.016567708924412727
19848,0.025598997250199318
19849,0.030273765325546265
19850,0.06344368308782578
19851,0.06491225957870483
19852,0.010457893833518028
19853,0.02024000510573387
19854,0.035285647958517075
19855,0.022257838398218155
19856,0.0295275766402483
19857,0.011845996603369713
19858,0.021665610373020172
19859,0.06285960972309113
19860,0.0394170880317688
19861,0.01679270900785923
19862,0.020808769389986992
19863,0.07964616268873215
19864,0.01993984542787075
19865,0.10441353917121887
19866,0.07504318654537201
19867,0.04875769466161728
19868,0.11919639259576797
19869,0.021818241104483604
19870,0.044549062848091125
19871,0.6421825289726257
19872,0.05914730578660965
19873,0.030637677758932114
19874,0.10396870225667953
19875,0.007026302628219128
19876,0.08010227233171463
19877,0.0337681919336319
19878,0.012251830659806728
19879,0.03651740401983261
19880,0.03866761550307274
19881,0.007026302628219128
19882,0.06094400957226753
19883,0.02424214594066143
19884,0.06435633450746536
19885,0.01746201142668724
19886,0.01746201142668724
19887,0.01746201142668724
19888,0.07420098036527634
19889,0.017519617453217506
19890,0.015720469877123833
19891,0.0073798405937850475
19892,0.018189502879977226
19893,0.01615174300968647
19894,0.04742337390780449
19895,0.07569515705108643
19896,0.0314742811024189
19897,0.07188385725021362
19898,0.05223655700683594
19899,0.11360540241003036
19900,0.04655025899410248
19901,0.050571076571941376
19902,0.04655025899410248
19903,0.021915046498179436
19904,0.021915046498179436
19905,0.04352711886167526
19906,0.04352711886167526
19907,0.04352711886167526
19908,0.043761152774095535
19909,0.01847444847226143
19910,0.03994261845946312
19911,0.03994261845946312
19912,0.03994261845946312
19913,0.07084503024816513
19914,0.08084681630134583
19915,0.04092208296060562
19916,0.03174257278442383
19917,0.01907935179769993
19918,0.02164451591670513
19919,0.023133032023906708
19920,0.017901510000228882
19921,0.06974493712186813
19922,0.06974493712186813
19923,0.023133032023906708
19924,0.018721921369433403
19925,0.04595585912466049
19926,0.022801782935857773
19927,0.03925936296582222
19928,0.02164451591670513
19929,0.02164451591670513
19930,0.029246464371681213
19931,0.07054637372493744
19932,0.07772687077522278
19933,0.033312346786260605
19934,0.015244190581142902
19935,0.025647591799497604
19936,0.0384819395840168
19937,0.06143888831138611
19938,0.007432178594172001
19939,0.06853694468736649
19940,0.037308789789676666
19941,0.024348704144358635
19942,0.4038905203342438
19943,0.07645922154188156
19944,0.026951080188155174
19945,0.5677717328071594
19946,0.05193004384636879
19947,0.01754174381494522
19948,0.01754174381494522
19949,0.017557140439748764
19950,0.005144213791936636
19951,0.007873986847698689
19952,0.006961784791201353
19953,0.03506741300225258
19954,0.010520590469241142
19955,0.011662982404232025
19956,0.0119277723133564
19957,0.03506052494049072
19958,0.05175185948610306
19959,0.013550729490816593
19960,0.011295750737190247
19961,0.03990694880485535
19962,0.017557140439748764
19963,0.06844140589237213
19964,0.7635706663131714
19965,0.04047510400414467
19966,0.007728035561740398
19967,0.007508978713303804
19968,0.030746065080165863
19969,0.12188839167356491
19970,0.006751916371285915
19971,0.006135265808552504
19972,0.030534135177731514
19973,0.06426065415143967
19974,0.045915234833955765
19975,0.05974836274981499
19976,0.03294021636247635
19977,0.01590888388454914
19978,0.04711528494954109
19979,0.01618369109928608
19980,0.022961705923080444
19981,0.0405455119907856
19982,0.01685912534594536
19983,0.012401134707033634
19984,0.032153286039829254
19985,0.17997591197490692
19986,0.0710526779294014
19987,0.3650207221508026
19988,0.0396428257226944
19989,0.06936433911323547
19990,0.019073717296123505
19991,0.06936433911323547
19992,0.3568051755428314
19993,0.035055845975875854
19994,0.011028819717466831
19995,0.0586552619934082
19996,0.025016751140356064
19997,0.005512109491974115
19998,0.30648842453956604
19999,0.06763435155153275
20000,0.16106727719306946
20001,0.010290010832250118
20002,0.036545559763908386
20003,0.0820656269788742
20004,0.016924923285841942
20005,0.0738089457154274
20006,0.007824484258890152
20007,0.04915322735905647
20008,0.062108177691698074
20009,0.06172731891274452
20010,0.04759722948074341
20011,0.0438837856054306
20012,0.016472168266773224
20013,0.014756609685719013
20014,0.058328498154878616
20015,0.039292655885219574
20016,0.0022378487046808004
20017,0.054665885865688324
20018,0.054665885865688324
20019,0.009761961176991463
20020,0.025317557156085968
20021,0.013265416026115417
20022,0.03439735248684883
20023,0.04193911701440811
20024,0.01795879192650318
20025,0.011822732165455818
20026,0.015629658475518227
20027,0.02534721978008747
20028,0.04448851943016052
20029,0.011822732165455818
20030,0.012436822056770325
20031,0.008173367008566856
20032,0.037946198135614395
20033,0.0352049395442009
20034,0.012204308994114399
20035,0.10535714775323868
20036,0.6110625863075256
20037,0.34041011333465576
20038,0.0254883524030447
20039,0.01179574429988861
20040,0.07677442580461502
20041,0.11891234666109085
20042,0.1900530755519867
20043,0.043704770505428314
20044,0.020752931013703346
20045,0.07105863839387894
20046,0.07990673184394836
20047,0.03282350301742554
20048,0.1136183813214302
20049,0.058534592390060425
20050,0.022462276741862297
20051,0.16173982620239258
20052,0.5872220396995544
20053,0.012926592491567135
20054,0.05547267571091652
20055,0.03392450883984566
20056,0.01509008090943098
20057,0.06281708925962448
20058,0.026932572945952415
20059,0.03041251190006733
20060,0.07901865243911743
20061,0.07901865243911743
20062,0.10387097299098969
20063,0.07901865243911743
20064,0.04881032183766365
20065,0.1395052820444107
20066,0.04797782003879547
20067,0.032283153384923935
20068,0.03290339931845665
20069,0.021410280838608742
20070,0.29925084114074707
20071,0.03416558727622032
20072,0.12313195317983627
20073,0.05965995416045189
20074,0.1516426056623459
20075,0.020793642848730087
20076,0.05328139290213585
20077,0.02546733431518078
20078,0.04617062583565712
20079,0.027437282726168633
20080,0.026476172730326653
20081,0.039838336408138275
20082,0.0503939613699913
20083,0.039838336408138275
20084,0.01426972821354866
20085,0.032790932804346085
20086,0.07132922112941742
20087,0.07375160604715347
20088,0.03682338818907738
20089,0.038546785712242126
20090,0.1264091432094574
20091,0.05589282140135765
20092,0.026537707075476646
20093,0.02831324189901352
20094,0.018886467441916466
20095,0.04721735417842865
20096,0.26000773906707764
20097,0.005932334344834089
20098,0.00966973602771759
20099,0.044991035014390945
20100,0.011853829957544804
20101,0.036914363503456116
20102,0.08463101089000702
20103,0.02827395871281624
20104,0.16847997903823853
20105,0.2707173526287079
20106,0.013103062286973
20107,0.09633510559797287
20108,0.024771835654973984
20109,0.02506330981850624
20110,0.025309719145298004
20111,0.02506330981850624
20112,0.052774377167224884
20113,0.01693274825811386
20114,0.01693274825811386
20115,0.0923624187707901
20116,0.7757129669189453
20117,0.018263299018144608
20118,0.025309719145298004
20119,0.040470659732818604
20120,0.010943911969661713
20121,0.08040841668844223
20122,0.03944056108593941
20123,0.010002218186855316
20124,0.05726858600974083
20125,0.04953603819012642
20126,0.12002599984407425
20127,0.010943911969661713
20128,0.02530972845852375
20129,0.010943911969661713
20130,0.04502756893634796
20131,0.025309719145298004
20132,0.4525063931941986
20133,0.06526544690132141
20134,0.025309719145298004
20135,0.04063873738050461
20136,0.025309719145298004
20137,0.025309719145298004
20138,0.025309719145298004
20139,0.04090537875890732
20140,0.02506330981850624
20141,0.016376089304685593
20142,0.7262072563171387
20143,0.030746065080165863
20144,0.0076715354807674885
20145,0.0826193168759346
20146,0.05079923942685127
20147,0.028277123346924782
20148,0.007515079341828823
20149,0.02073785476386547
20150,0.031934954226017
20151,0.3570437431335449
20152,0.0129469595849514
20153,0.02635907381772995
20154,0.06981465220451355
20155,0.058441370725631714
20156,0.04086219519376755
20157,0.08496111631393433
20158,0.07656234502792358
20159,0.02115987055003643
20160,0.16214145720005035
20161,0.7741358280181885
20162,0.10785100609064102
20163,0.07199664413928986
20164,0.03333902359008789
20165,0.054192446172237396
20166,0.029187167063355446
20167,0.08561740070581436
20168,0.02630653977394104
20169,0.021384328603744507
20170,0.02354571223258972
20171,0.06445003300905228
20172,0.01009953673928976
20173,0.010055880062282085
20174,0.0610264390707016
20175,0.027724942192435265
20176,0.01009953673928976
20177,0.01009953673928976
20178,0.010055880062282085
20179,0.06404169648885727
20180,0.01009953673928976
20181,0.06962446123361588
20182,0.2960186004638672
20183,0.13285449147224426
20184,0.010055880062282085
20185,0.0327722504734993
20186,0.07086954265832901
20187,0.05970614776015282
20188,0.06865581125020981
20189,0.01009953673928976
20190,0.0694815069437027
20191,0.010099541395902634
20192,0.01755082607269287
20193,0.016278423368930817
20194,0.028813304379582405
20195,0.014410103671252728
20196,0.050670456141233444
20197,0.03130337968468666
20198,0.03130337968468666
20199,0.030350595712661743
20200,0.011987302452325821
20201,0.06851538270711899
20202,0.06777838617563248
20203,0.012377546168863773
20204,0.04107974097132683
20205,0.02037990093231201
20206,0.5365762114524841
20207,0.031140126287937164
20208,0.7666140794754028
20209,0.033542390912771225
20210,0.012905029579997063
20211,0.054485831409692764
20212,0.04888391122221947
20213,0.05488752946257591
20214,0.05727320536971092
20215,0.03337625786662102
20216,0.03359294682741165
20217,0.0427282452583313
20218,0.03359294682741165
20219,0.01200852170586586
20220,0.1400296688079834
20221,0.26294752955436707
20222,0.07494906336069107
20223,0.051559530198574066
20224,0.03359893336892128
20225,0.12237969785928726
20226,0.01974995993077755
20227,0.01991424523293972
20228,0.054199814796447754
20229,0.06709681451320648
20230,0.02470157854259014
20231,0.015094191767275333
20232,0.01874815858900547
20233,0.05318663269281387
20234,0.01711314357817173
20235,0.8349424600601196
20236,0.0269264355301857
20237,6.754564819857478e-4
20238,0.027714481577277184
20239,0.06135779991745949
20240,0.4910857081413269
20241,0.06047578155994415
20242,0.05695623904466629
20243,0.06047578155994415
20244,0.0767044723033905
20245,0.02903136983513832
20246,0.011867186054587364
20247,0.06717409938573837
20248,0.02828221209347248
20249,0.015281200408935547
20250,0.01655462197959423
20251,0.01655462197959423
20252,0.01655462197959423
20253,0.020149603486061096
20254,0.047542769461870193
20255,0.018197599798440933
20256,0.03482607752084732
20257,0.012332243844866753
20258,0.00892147608101368
20259,0.0035343123599886894
20260,0.031057970598340034
20261,0.055245958268642426
20262,0.03002113103866577
20263,0.031057970598340034
20264,0.0479620136320591
20265,0.027184076607227325
20266,0.3885347545146942
20267,0.01821955479681492
20268,0.01661713607609272
20269,0.19033952057361603
20270,0.02437867783010006
20271,0.03844790533185005
20272,0.059383127838373184
20273,0.012313827872276306
20274,0.05201822146773338
20275,0.012864728458225727
20276,0.11535987257957458
20277,0.11535987257957458
20278,0.8297406435012817
20279,0.03811655193567276
20280,0.01308478694409132
20281,0.015759017318487167
20282,0.01214373204857111
20283,0.058975882828235626
20284,0.06398622691631317
20285,0.16239546239376068
20286,0.6106284856796265
20287,0.017222894355654716
20288,0.015604260377585888
20289,0.06036951020359993
20290,0.0136566748842597
20291,0.06622860580682755
20292,0.7488599419593811
20293,0.12055535614490509
20294,0.01086981687694788
20295,0.007389620412141085
20296,0.8760101199150085
20297,0.06100059673190117
20298,0.03639446943998337
20299,0.03639446943998337
20300,0.05388479679822922
20301,0.04395543038845062
20302,0.029369572177529335
20303,0.04374358803033829
20304,0.025851529091596603
20305,0.023355500772595406
20306,0.011282161809504032
20307,0.03218858689069748
20308,0.026726476848125458
20309,0.02990519069135189
20310,0.030238676816225052
20311,0.028933368623256683
20312,0.0277294609695673
20313,0.028699999675154686
20314,0.011462673544883728
20315,0.02814117632806301
20316,0.021121283993124962
20317,0.030599767342209816
20318,0.05501783639192581
20319,0.1499851942062378
20320,0.05374429002404213
20321,0.013279990293085575
20322,0.04286938160657883
20323,0.018080342561006546
20324,3.9078155532479286e-4
20325,0.042731769382953644
20326,0.04954897239804268
20327,0.06402158737182617
20328,0.037531983107328415
20329,0.012254024855792522
20330,0.01748029701411724
20331,0.013446049764752388
20332,0.016599122434854507
20333,0.05064679682254791
20334,0.02065805345773697
20335,0.7757748365402222
20336,0.07024803757667542
20337,0.07024803757667542
20338,0.02486380748450756
20339,0.009684410877525806
20340,0.009684410877525806
20341,0.01804850809276104
20342,0.01804850809276104
20343,0.009684410877525806
20344,0.03894125670194626
20345,0.009684410877525806
20346,0.059133004397153854
20347,0.018215449526906013
20348,0.05645390599966049
20349,0.02102440781891346
20350,0.04582046717405319
20351,0.01882253773510456
20352,0.03581571206450462
20353,0.027761265635490417
20354,0.0437747947871685
20355,0.028687957674264908
20356,0.027722269296646118
20357,0.020680781453847885
20358,0.3336506187915802
20359,0.017393819987773895
20360,0.049733441323041916
20361,0.048711031675338745
20362,0.03326614573597908
20363,0.07230070978403091
20364,0.04436842352151871
20365,0.5921000838279724
20366,0.01961689628660679
20367,0.07614899426698685
20368,0.05062103644013405
20369,0.03725659102201462
20370,0.07623682916164398
20371,0.015573650598526001
20372,0.015573650598526001
20373,0.07415845990180969
20374,0.013073153793811798
20375,0.015573650598526001
20376,0.06215691566467285
20377,0.004667720757424831
20378,0.020626522600650787
20379,0.03811616078019142
20380,0.0380367748439312
20381,0.06345172971487045
20382,0.024167632684111595
20383,0.09110503643751144
20384,0.04947758466005325
20385,0.03645770251750946
20386,0.03645770251750946
20387,0.03909293934702873
20388,0.01647641696035862
20389,0.01647641696035862
20390,0.06261114776134491
20391,0.023667016997933388
20392,0.05674935132265091
20393,0.142998605966568
20394,0.030194375663995743
20395,0.008440248668193817
20396,0.04750235378742218
20397,0.1419592946767807
20398,0.09743576496839523
20399,0.02224663458764553
20400,0.02840268425643444
20401,0.06511318683624268
20402,0.02224663458764553
20403,0.02224663458764553
20404,0.26941779255867004
20405,0.07046575099229813
20406,0.02224663458764553
20407,0.07303349673748016
20408,0.056518327444791794
20409,0.06895813345909119
20410,0.011606388725340366
20411,0.05588024482131004
20412,0.018410546705126762
20413,0.018410546705126762
20414,0.13666518032550812
20415,0.050686314702034
20416,0.02991781383752823
20417,0.05043869838118553
20418,0.02224663458764553
20419,0.03058122843503952
20420,0.04766227304935455
20421,0.01803920790553093
20422,0.1279933750629425
20423,0.029498344287276268
20424,0.029674457386136055
20425,0.04637850448489189
20426,0.4983171820640564
20427,0.020512158051133156
20428,0.04623527452349663
20429,0.5703791975975037
20430,0.042570073157548904
20431,0.22563500702381134
20432,0.04191504046320915
20433,0.08516284823417664
20434,0.013202901929616928
20435,0.014154302887618542
20436,0.015265235677361488
20437,0.13777437806129456
20438,0.019994311034679413
20439,0.014625542797148228
20440,0.019994311034679413
20441,0.014625542797148228
20442,0.10403363406658173
20443,0.07327528297901154
20444,0.07162141054868698
20445,0.09940065443515778
20446,0.10684345662593842
20447,0.017075182870030403
20448,0.04666091129183769
20449,0.03903442993760109
20450,0.026772884652018547
20451,0.09197594225406647
20452,0.033004194498062134
20453,0.764317512512207
20454,0.026978272944688797
20455,0.07451792806386948
20456,0.09902443736791611
20457,0.029705023393034935
20458,0.016491036862134933
20459,0.05852404609322548
20460,0.09844972938299179
20461,0.028712915256619453
20462,0.044567838311195374
20463,0.025920972228050232
20464,0.02063003182411194
20465,0.017976755276322365
20466,0.5810490250587463
20467,0.04823979362845421
20468,0.03147422522306442
20469,0.043704111129045486
20470,0.02670210413634777
20471,0.012473507784307003
20472,0.016931310296058655
20473,0.0670572891831398
20474,0.8502780199050903
20475,0.05451921746134758
20476,0.4056400954723358
20477,0.012473507784307003
20478,0.010352849029004574
20479,0.05907779559493065
20480,0.03258341923356056
20481,0.03258341923356056
20482,0.02369379997253418
20483,0.01570192538201809
20484,0.1556391566991806
20485,0.06479325145483017
20486,0.07273942232131958
20487,0.050307538360357285
20488,0.05457940325140953
20489,0.1643572300672531
20490,0.03162926062941551
20491,0.1390671581029892
20492,0.41949662566185
20493,0.12270651757717133
20494,0.07186330109834671
20495,0.22881346940994263
20496,0.11454127728939056
20497,0.06460446119308472
20498,0.2829206883907318
20499,0.013084731064736843
20500,0.8910015225410461
20501,0.058077484369277954
20502,0.01859113574028015
20503,0.04988059028983116
20504,0.024151725694537163
20505,0.06226814165711403
20506,0.023138651624321938
20507,0.33133527636528015
20508,0.07117544114589691
20509,0.023138651624321938
20510,0.010266144759953022
20511,0.1448264867067337
20512,0.49198195338249207
20513,0.166475310921669
20514,0.021115288138389587
20515,0.013445417396724224
20516,0.07790414243936539
20517,0.033367909491062164
20518,0.3023993670940399
20519,0.014413319528102875
20520,0.12786667048931122
20521,0.023138651624321938
20522,0.023138651624321938
20523,0.37408530712127686
20524,0.02367648482322693
20525,0.014413319528102875
20526,0.01571344956755638
20527,0.020371995866298676
20528,0.023138651624321938
20529,0.1343463659286499
20530,0.07974842935800552
20531,0.014133253134787083
20532,0.02730231173336506
20533,0.0844445526599884
20534,0.024155661463737488
20535,0.015368481166660786
20536,0.035747479647397995
20537,0.1322757452726364
20538,0.06167617440223694
20539,0.018633954226970673
20540,0.040377430617809296
20541,0.04486909881234169
20542,0.13292738795280457
20543,0.03945131227374077
20544,0.034545235335826874
20545,0.07409289479255676
20546,0.07001784443855286
20547,0.02639748528599739
20548,0.012691988609731197
20549,0.011852382682263851
20550,0.07347196340560913
20551,0.029206162318587303
20552,0.024145247414708138
20553,0.062214914709329605
20554,0.041656240820884705
20555,0.11979743093252182
20556,0.02366824448108673
20557,0.018511466681957245
20558,0.11267760396003723
20559,0.00754766957834363
20560,0.019961265847086906
20561,0.12648287415504456
20562,0.030508581548929214
20563,0.026555510237812996
20564,0.04791896417737007
20565,0.05500046908855438
20566,0.02211390621960163
20567,0.8178732991218567
20568,0.016488438472151756
20569,0.062406908720731735
20570,0.01695270650088787
20571,0.04537937417626381
20572,0.014205428771674633
20573,0.04862446337938309
20574,0.012524846941232681
20575,0.028963051736354828
20576,0.016186341643333435
20577,0.021606173366308212
20578,0.06459254026412964
20579,0.048198211938142776
20580,0.07147008925676346
20581,0.024185001850128174
20582,0.011558901518583298
20583,0.0722818523645401
20584,0.013535084202885628
20585,0.3181108832359314
20586,0.05848411098122597
20587,0.12373663485050201
20588,0.027416696771979332
20589,0.028537025675177574
20590,0.05294141173362732
20591,0.008098118007183075
20592,0.029280567541718483
20593,0.06542757898569107
20594,0.05921328067779541
20595,0.02112746611237526
20596,0.015122502110898495
20597,0.0715537741780281
20598,0.09476092457771301
20599,0.7560543417930603
20600,0.11329002678394318
20601,0.4192024767398834
20602,0.06629817932844162
20603,0.01618952304124832
20604,0.028245944529771805
20605,0.06026091054081917
20606,0.03173461928963661
20607,0.020335396751761436
20608,0.1862167865037918
20609,0.023733748123049736
20610,0.00858487281948328
20611,0.11386490613222122
20612,0.07757101953029633
20613,0.11886206269264221
20614,0.2612256109714508
20615,0.4975636303424835
20616,0.07836931943893433
20617,0.018916593864560127
20618,0.03255109488964081
20619,0.026963582262396812
20620,0.016788244247436523
20621,0.01996590755879879
20622,0.049390580505132675
20623,0.00978053268045187
20624,0.04780995100736618
20625,0.020088577643036842
20626,0.052658505737781525
20627,0.03665962815284729
20628,0.020088577643036842
20629,0.01106331404298544
20630,0.06370265036821365
20631,0.020088577643036842
20632,0.020088577643036842
20633,0.020088577643036842
20634,0.07154978811740875
20635,0.005247613415122032
20636,0.13147886097431183
20637,0.04920386150479317
20638,0.056572142988443375
20639,0.03171476721763611
20640,0.06419838219881058
20641,0.12439829856157303
20642,0.7818589210510254
20643,0.019935062155127525
20644,0.048599764704704285
20645,0.02303202636539936
20646,0.047456514090299606
20647,0.011230605654418468
20648,0.044431380927562714
20649,0.044431380927562714
20650,0.029254408553242683
20651,0.044431380927562714
20652,0.027880484238266945
20653,0.023439565673470497
20654,0.045636001974344254
20655,0.061856213957071304
20656,0.049544986337423325
20657,0.04999927803874016
20658,0.011050221510231495
20659,0.04616139456629753
20660,0.021363891661167145
20661,0.021363891661167145
20662,0.13065829873085022
20663,0.06940727680921555
20664,0.13081461191177368
20665,0.08200699090957642
20666,0.05006607994437218
20667,0.013570655137300491
20668,0.03474602848291397
20669,0.08026674389839172
20670,0.04342320188879967
20671,0.013426492922008038
20672,0.06967799365520477
20673,0.06329885870218277
20674,0.0447627529501915
20675,0.027709828689694405
20676,0.007569861598312855
20677,0.10433457791805267
20678,0.027709828689694405
20679,0.07517020404338837
20680,0.39805859327316284
20681,0.055804844945669174
20682,0.04428055137395859
20683,0.03416568785905838
20684,0.028698056936264038
20685,0.02852633409202099
20686,0.021909845992922783
20687,0.021909845992922783
20688,0.009468162432312965
20689,0.04426750913262367
20690,0.003213878720998764
20691,0.017827503383159637
20692,0.021909845992922783
20693,0.028031038120388985
20694,0.017827503383159637
20695,0.021909845992922783
20696,0.03537009283900261
20697,0.021909845992922783
20698,0.11738856881856918
20699,0.021909845992922783
20700,0.0278810802847147
20701,0.06097225844860077
20702,0.03408230468630791
20703,0.026640288531780243
20704,0.039253246039152145
20705,0.05217095836997032
20706,0.12015761435031891
20707,0.021694565191864967
20708,0.025097714737057686
20709,0.021749719977378845
20710,0.021749719977378845
20711,0.05967022106051445
20712,0.007177962921559811
20713,0.008380552753806114
20714,0.080385223031044
20715,0.45425087213516235
20716,0.04426734149456024
20717,0.012868671678006649
20718,0.1577577143907547
20719,0.04460083693265915
20720,0.07135149091482162
20721,0.2231547087430954
20722,0.038719285279512405
20723,0.0013023011852055788
20724,0.031174059957265854
20725,0.031174059957265854
20726,0.05213911086320877
20727,0.017649929970502853
20728,0.09962892532348633
20729,0.01643119752407074
20730,0.04556906968355179
20731,0.03529568761587143
20732,0.05724656954407692
20733,0.03456759825348854
20734,0.04402899369597435
20735,0.04850400611758232
20736,0.05748863145709038
20737,0.0736379325389862
20738,0.10794348269701004
20739,0.05932164192199707
20740,0.01874726265668869
20741,0.08612143248319626
20742,0.02246181108057499
20743,0.04617634788155556
20744,0.01009141094982624
20745,0.029261289164423943
20746,0.12075885385274887
20747,0.20728199183940887
20748,0.0541774183511734
20749,0.06856752932071686
20750,0.0590706467628479
20751,0.34584206342697144
20752,0.04642895236611366
20753,0.023070940747857094
20754,0.09259500354528427
20755,0.02281886339187622
20756,0.12213102728128433
20757,0.13989253342151642
20758,0.04903198033571243
20759,0.024739786982536316
20760,0.011998794041574001
20761,0.012819783762097359
20762,0.026792149990797043
20763,0.04729946330189705
20764,0.5466891527175903
20765,0.07652747631072998
20766,0.07979319989681244
20767,0.015603139996528625
20768,0.011230605654418468
20769,0.02121257409453392
20770,0.028746912255883217
20771,0.011052947491407394
20772,0.6790810227394104
20773,0.240562304854393
20774,0.020741691812872887
20775,0.009137256070971489
20776,0.18286103010177612
20777,0.034488726407289505
20778,0.07022182643413544
20779,0.03302445262670517
20780,0.01651313155889511
20781,0.5201203227043152
20782,0.7856020331382751
20783,0.014360262081027031
20784,0.04334820806980133
20785,0.04334820806980133
20786,0.03332009166479111
20787,0.01642315462231636
20788,0.042274560779333115
20789,0.020886775106191635
20790,0.03136309236288071
20791,0.040658142417669296
20792,0.040658142417669296
20793,0.02646913006901741
20794,0.034295517951250076
20795,0.8904600739479065
20796,0.06418125331401825
20797,0.05197855830192566
20798,0.028677918016910553
20799,0.02445354126393795
20800,0.052076783031225204
20801,0.07112018018960953
20802,0.11290308088064194
20803,0.01824820786714554
20804,0.06828620284795761
20805,0.047287747263908386
20806,0.03527185693383217
20807,0.049013786017894745
20808,0.028608450666069984
20809,0.029026422649621964
20810,0.010996573604643345
20811,0.07328838109970093
20812,0.795863687992096
20813,0.027501383796334267
20814,0.07290893793106079
20815,0.03215673938393593
20816,0.053419772535562515
20817,0.06067264825105667
20818,0.8949282169342041
20819,0.07229925692081451
20820,0.059200506657361984
20821,0.02252059243619442
20822,0.023353664204478264
20823,0.8711814284324646
20824,0.02252059243619442
20825,0.02692042849957943
20826,0.023353664204478264
20827,0.023353664204478264
20828,0.02252059243619442
20829,0.02850753627717495
20830,0.02252059243619442
20831,0.022520586848258972
20832,0.022520586848258972
20833,0.02252059243619442
20834,0.02252059243619442
20835,0.02252059243619442
20836,0.02252059243619442
20837,0.02252059243619442
20838,0.02252059243619442
20839,0.02252059243619442
20840,0.02850753627717495
20841,0.02252059243619442
20842,0.024162940680980682
20843,0.02252059243619442
20844,0.02252059243619442
20845,0.02252059243619442
20846,0.02252059243619442
20847,0.02252059243619442
20848,0.023353664204478264
20849,0.023353664204478264
20850,0.012643626891076565
20851,0.012643626891076565
20852,0.20870663225650787
20853,0.02252059243619442
20854,0.02850753627717495
20855,0.012643626891076565
20856,0.03681306168437004
20857,0.028243208304047585
20858,0.3407193422317505
20859,0.00925782136619091
20860,0.015146063640713692
20861,0.015146063640713692
20862,0.016933826729655266
20863,0.013043520040810108
20864,0.03406256064772606
20865,0.010520773008465767
20866,0.06455039232969284
20867,0.028113145381212234
20868,0.028243208304047585
20869,0.020706843584775925
20870,0.05361505597829819
20871,0.013936195522546768
20872,0.011686084792017937
20873,0.028243208304047585
20874,0.028113145381212234
20875,0.03942704200744629
20876,0.018293889239430428
20877,0.05660075694322586
20878,0.04666817560791969
20879,0.011750097386538982
20880,0.012689474038779736
20881,0.011536352336406708
20882,0.011536352336406708
20883,0.01713290810585022
20884,0.03818124160170555
20885,0.06665263324975967
20886,0.020612766966223717
20887,0.026663275435566902
20888,0.04776739701628685
20889,0.09244125336408615
20890,0.012316172011196613
20891,0.012316172011196613
20892,0.007571177091449499
20893,0.025097813457250595
20894,0.012316172011196613
20895,0.1173645406961441
20896,0.025905108079314232
20897,0.022270549088716507
20898,0.032831430435180664
20899,0.02497759647667408
20900,0.09812484681606293
20901,0.03384316340088844
20902,0.03393564745783806
20903,0.04527692496776581
20904,0.13795101642608643
20905,0.024444742128252983
20906,0.05565450340509415
20907,0.029243415221571922
20908,0.045566193759441376
20909,0.04353893920779228
20910,0.2415381819009781
20911,0.032882802188396454
20912,0.13160477578639984
20913,0.03707464039325714
20914,0.008762356825172901
20915,0.2985185980796814
20916,0.02894558757543564
20917,0.02844381146132946
20918,0.02844381146132946
20919,0.023991063237190247
20920,0.02143710106611252
20921,8.674440323375165e-4
20922,0.017363211140036583
20923,0.036646272987127304
20924,0.025885354727506638
20925,0.90596771240234375
20926,0.01767890527844429
20927,0.01741693913936615
20928,0.06489245593547821
20929,0.019699139520525932
20930,0.029523629695177078
20931,0.029971342533826828
20932,0.002417914802208543
20933,0.02252853848040104
20934,0.019418664276599884
20935,0.028516478836536407
20936,0.03080706112086773
20937,0.03991781547665596
20938,0.03002382442355156
20939,0.018482869490981102
20940,0.027954738587141037
20941,0.03234224393963814
20942,0.06741908192634583
20943,0.023521147668361664
20944,0.041238654404878616
20945,0.13232803344726563
20946,0.13232803344726563
20947,0.8447217345237732
20948,0.13232803344726563
20949,0.017192181199789047
20950,0.03006499819457531
20951,0.071649931371212
20952,0.02199666015803814
20953,0.28228265047073364
20954,0.013317282311618328
20955,0.011755087412893772
20956,0.8451744318008423
20957,0.015163257718086243
20958,0.07503581047058105
20959,0.03582553565502167
20960,0.02923332341015339
20961,0.06427370756864548
20962,0.04815398156642914
20963,0.04815398156642914
20964,0.030278170481324196
20965,0.08567337691783905
20966,0.010802804492413998
20967,0.01842634379863739
20968,0.12709635496139526
20969,0.0729009360074997
20970,0.06750744581222534
20971,0.06750744581222534
20972,0.028118621557950974
20973,0.02122853696346283
20974,0.809256911277771
20975,0.025883881375193596
20976,0.0706128403544426
20977,0.04670528322458267
20978,0.8999809622764587
20979,0.025338824838399887
20980,0.07032527029514313
20981,0.0752447247505188
20982,0.23622064292430878
20983,0.03940878063440323
20984,0.04683125019073486
20985,0.04683125019073486
20986,0.5624635219573975
20987,0.06573749333620071
20988,0.012821926735341549
20989,0.028739646077156067
20990,0.025985119864344597
20991,0.012591634877026081
20992,0.03254994750022888
20993,0.885154128074646
20994,0.04683125019073486
20995,0.030111592262983322
20996,0.010577778331935406
20997,0.014797581359744072
20998,0.09326103329658508
20999,0.015636321157217026
21000,0.013894261792302132
21001,0.06214393302798271
21002,0.6092299818992615
21003,0.015408425591886044
21004,0.2607470452785492
21005,0.20206119120121002
21006,0.08631792664527893
21007,0.029676813632249832
21008,0.018245471641421318
21009,0.15779909491539001
21010,0.41356608271598816
21011,0.021434810012578964
21012,0.0606694296002388
21013,0.04683125019073486
21014,0.028137773275375366
21015,0.3617708086967468
21016,0.18752723932266235
21017,0.07364510744810104
21018,0.06187489256262779
21019,0.025928383693099022
21020,0.05211867392063141
21021,0.36757752299308777
21022,0.766918420791626
21023,0.05626850202679634
21024,0.12115968763828278
21025,0.09819848835468292
21026,0.09053338319063187
21027,0.495831698179245
21028,0.16589631140232086
21029,0.025786198675632477
21030,0.03611476719379425
21031,0.07138776034116745
21032,0.03186600282788277
21033,0.8874861598014832
21034,0.02172418311238289
21035,0.025716956704854965
21036,0.02172418311238289
21037,0.025716956704854965
21038,0.02172418311238289
21039,0.7406502366065979
21040,0.02172418311238289
21041,0.02172418311238289
21042,0.02172418311238289
21043,0.02172418311238289
21044,0.02172418311238289
21045,0.32472577691078186
21046,0.02172418311238289
21047,0.02172418311238289
21048,0.8178231716156006
21049,0.054542988538742065
21050,0.07638572156429291
21051,0.02172418311238289
21052,0.02172418311238289
21053,0.02172418311238289
21054,0.02172418311238289
21055,0.02172418311238289
21056,0.02172418311238289
21057,0.02172418311238289
21058,0.012228614650666714
21059,0.02172418311238289
21060,0.02172418311238289
21061,0.02172418311238289
21062,0.02172418311238289
21063,0.2179366499185562
21064,0.025716956704854965
21065,0.025716956704854965
21066,0.059029337018728256
21067,0.0036753262393176556
21068,0.01893213950097561
21069,0.8930888772010803
21070,0.024174928665161133
21071,0.13829641044139862
21072,0.1384250968694687
21073,0.040349990129470825
21074,0.009519697166979313
21075,0.009519697166979313
21076,0.009519697166979313
21077,0.009519697166979313
21078,0.08031021058559418
21079,0.6615779399871826
21080,0.056448355317115784
21081,0.2874142527580261
21082,0.14221103489398956
21083,0.010452121496200562
21084,0.009519697166979313
21085,0.04246919974684715
21086,0.057224325835704803
21087,0.03390873968601227
21088,0.039185598492622375
21089,0.03638070821762085
21090,0.029969576746225357
21091,0.04488801583647728
21092,0.022556835785508156
21093,0.017782198265194893
21094,0.2665821611881256
21095,0.033499136567115784
21096,0.017222104594111443
21097,0.04305719956755638
21098,0.16207392513751984
21099,0.02248450182378292
21100,0.06223416328430176
21101,0.7262066602706909
21102,0.29270991683006287
21103,0.052379436790943146
21104,0.0156178530305624
21105,0.06547129154205322
21106,0.01648247055709362
21107,0.23515793681144714
21108,0.07043402642011642
21109,0.03929300606250763
21110,0.04959752410650253
21111,0.07392711192369461
21112,0.027011875063180923
21113,0.9277746081352234
21114,0.04742533713579178
21115,0.02952532097697258
21116,0.03584294766187668
21117,0.03807847201824188
21118,0.6844408512115479
21119,0.08123457431793213
21120,0.022235039621591568
21121,0.10832251608371735
21122,0.6611772775650024
21123,0.15523193776607513
21124,0.019112475216388702
21125,0.02121622860431671
21126,0.03584294766187668
21127,0.0988185852766037
21128,0.3116823136806488
21129,0.1287315934896469
21130,0.13231150805950165
21131,0.6771317720413208
21132,0.5685805678367615
21133,0.8365088701248169
21134,0.7262109518051147
21135,0.0738481879234314
21136,0.0738481879234314
21137,0.01732192374765873
21138,0.10725464671850204
21139,0.0738481879234314
21140,0.017038695514202118
21141,0.052072394639253616
21142,0.06243481859564781
21143,0.04992175102233887
21144,0.6475576162338257
21145,0.022330453619360924
21146,0.015236318111419678
21147,0.05724485591053963
21148,0.7379418015480042
21149,0.060878366231918335
21150,0.015342272818088531
21151,0.04096301645040512
21152,0.015296785160899162
21153,0.012856678105890751
21154,0.1535140872001648
21155,0.06205997243523598
21156,0.8482441902160645
21157,0.023291392251849174
21158,0.07329747825860977
21159,0.036487236618995667
21160,0.2000381499528885
21161,0.10520031303167343
21162,0.8558946251869202
21163,0.017976736649870872
21164,0.06623969227075577
21165,0.030223216861486435
21166,0.008861415088176727
21167,0.03652212396264076
21168,0.02949836477637291
21169,0.043678123503923416
21170,0.8783047199249268
21171,0.5462229251861572
21172,0.7647260427474976
21173,0.027389811351895332
21174,0.049999743700027466
21175,0.06424938887357712
21176,0.15061230957508087
21177,0.047839414328336716
21178,0.051752686500549316
21179,0.03879291191697121
21180,0.0102054663002491
21181,0.0876704752445221
21182,0.07392363995313644
21183,0.7464495897293091
21184,0.12123436480760574
21185,0.023323262110352516
21186,0.6075272560119629
21187,0.07082043588161469
21188,0.052864767611026764
21189,0.07486772537231445
21190,0.014955689199268818
21191,0.05882556363940239
21192,0.0696103498339653
21193,0.01245270948857069
21194,0.27512070536613464
21195,0.06780040264129639
21196,0.19096888601779938
21197,0.030784469097852707
21198,0.47350654006004333
21199,0.12295534461736679
21200,0.2623912990093231
21201,0.04511334002017975
21202,0.04076974466443062
21203,0.056353483349084854
21204,0.013540548272430897
21205,0.018555158749222755
21206,0.41322061419487
21207,0.07285681366920471
21208,0.24073238670825958
21209,0.9215927720069885
21210,0.013347303494811058
21211,0.060920923948287964
21212,0.043714769184589386
21213,0.01125271711498499
21214,0.034205276519060135
21215,0.015813471749424934
21216,0.08015745133161545
21217,0.6689626574516296
21218,0.04929661005735397
21219,0.03767911344766617
21220,0.050724614411592484
21221,0.3425788879394531
21222,0.4327779710292816
21223,0.04403442144393921
21224,0.06443684548139572
21225,0.16409069299697876
21226,0.06260606646537781
21227,0.6367876529693604
21228,0.03568309545516968
21229,0.04161852225661278
21230,0.03730922192335129
21231,0.051602788269519806
21232,0.7408002018928528
21233,0.07961473613977432
21234,0.10879797488451004
21235,0.17353880405426025
21236,0.049750421196222305
21237,0.8947449326515198
21238,0.04233716428279877
21239,0.0336887426674366
21240,0.027241837233304977
21241,0.0571596585214138
21242,0.022264905273914337
21243,0.0053482940420508385
21244,0.015898684039711952
21245,0.0336887426674366
21246,0.0336887426674366
21247,0.04138750955462456
21248,0.04138750955462456
21249,0.0336887426674366
21250,0.04138752073049545
21251,0.0336887426674366
21252,0.020100781694054604
21253,0.04755984991788864
21254,0.0336887426674366
21255,0.0336887426674366
21256,0.0336887426674366
21257,0.027241837233304977
21258,0.0336887426674366
21259,0.0336887426674366
21260,0.027241837233304977
21261,0.0336887426674366
21262,0.0336887426674366
21263,0.02909207157790661
21264,0.0336887426674366
21265,0.02293834649026394
21266,0.016528254374861717
21267,0.034703828394412994
21268,0.0336887426674366
21269,0.04182722419500351
21270,0.19541403651237488
21271,0.5161411166191101
21272,0.0336887426674366
21273,0.0336887426674366
21274,0.0336887426674366
21275,0.060249216854572296
21276,0.027161631733179092
21277,0.1659306138753891
21278,0.014955000951886177
21279,0.21791380643844604
21280,0.03956419229507446
21281,0.07035370171070099
21282,0.044491611421108246
21283,0.21791379153728485
21284,0.05485433712601662
21285,0.13393323123455048
21286,0.020803924649953842
21287,0.026573624461889267
21288,0.020803924649953842
21289,0.008417210541665554
21290,0.07277671992778778
21291,0.04542560502886772
21292,0.02106539160013199
21293,0.11685598641633987
21294,0.7006687521934509
21295,0.06298043578863144
21296,0.02634897083044052
21297,0.034959424287080765
21298,0.13987281918525696
21299,0.2552623748779297
21300,0.028190096840262413
21301,0.04232660308480263
21302,0.08256666362285614
21303,0.02689266949892044
21304,0.689420759677887
21305,0.08008270710706711
21306,0.1483539342880249
21307,0.9241795539855957
21308,0.050178829580545425
21309,0.05315808206796646
21310,0.0883680060505867
21311,0.05374794453382492
21312,0.07854931801557541
21313,0.017552880570292473
21314,0.16734470427036285
21315,0.02258281223475933
21316,0.016270453110337257
21317,0.22803258895874023
21318,0.04352615028619766
21319,0.06431936472654343
21320,0.7725890278816223
21321,0.017727693542838097
21322,0.04589676856994629
21323,0.06431936472654343
21324,0.06680386513471603
21325,0.017747392877936363
21326,0.8799060583114624
21327,0.03971557691693306
21328,0.021604035049676895
21329,0.023724691942334175
21330,0.03816402330994606
21331,0.047537095844745636
21332,0.04593852907419205
21333,0.6573636531829834
21334,0.7078548669815063
21335,0.8853422999382019
21336,0.03691231086850166
21337,0.34074458479881287
21338,0.05522105097770691
21339,0.127204030752182
21340,0.06456019729375839
21341,0.018218766897916794
21342,0.06347954273223877
21343,0.014636279083788395
21344,0.028682373464107513
21345,0.1233200952410698
21346,0.041067708283662796
21347,0.06714583188295364
21348,0.0926259458065033
21349,0.007136005442589521
21350,0.06604759395122528
21351,0.07875552773475647
21352,0.37905803322792053
21353,0.047382473945617676
21354,0.06597189605236053
21355,0.031866371631622314
21356,0.0719580426812172
21357,0.03744543343782425
21358,0.74957674741745
21359,0.1391099989414215
21360,0.01502382755279541
21361,0.0410568043589592
21362,0.0461263470351696
21363,0.709423303604126
21364,0.017730053514242172
21365,0.0582868829369545
21366,0.6417105197906494
21367,0.02037155069410801
21368,0.09146548062562943
21369,0.6083462834358215
21370,0.025387581437826157
21371,0.014615333639085293
21372,0.08737323433160782
21373,0.07389754056930542
21374,0.708477795124054
21375,0.10814528167247772
21376,0.02565930224955082
21377,0.053558751940727234
21378,0.6793493628501892
21379,0.08550339192152023
21380,0.1142626479268074
21381,0.13972653448581696
21382,0.7832894921302795
21383,0.1170593723654747
21384,0.04354038089513779
21385,0.7678008079528809
21386,0.16299763321876526
21387,0.01480384636670351
21388,0.3428284227848053
21389,0.5537276864051819
21390,0.017330829054117203
21391,0.03305590897798538
21392,0.13447162508964539
21393,0.04598299413919449
21394,0.08069328963756561
21395,0.08946722745895386
21396,0.044828370213508606
21397,0.15058614313602448
21398,0.2696162164211273
21399,0.2619946002960205
21400,0.3763027787208557
21401,0.05079836770892143
21402,0.05072381719946861
21403,0.6956042051315308
21404,0.625637948513031
21405,0.2945695221424103
21406,0.13940078020095825
21407,0.02240927889943123
21408,0.043755628168582916
21409,0.029151126742362976
21410,0.027862409129738808
21411,0.028795791789889336
21412,0.4669383764266968
21413,0.15317830443382263
21414,0.0325486995279789
21415,0.04411974921822548
21416,0.04016978293657303
21417,0.45288538932800293
21418,0.5384443402290344
21419,0.05123399943113327
21420,0.08369150012731552
21421,0.10452789813280106
21422,0.2486802637577057
21423,0.04455677419900894
21424,0.05064346268773079
21425,0.06987057626247406
21426,0.9255577921867371
21427,0.059524860233068466
21428,0.033117085695266724
21429,0.033117085695266724
21430,0.010251766070723534
21431,0.25508615374565125
21432,0.6194202303886414
21433,0.033117085695266724
21434,0.03725184500217438
21435,0.027357012033462524
21436,0.04310699924826622
21437,0.033117085695266724
21438,0.03150629997253418
21439,0.03311709314584732
21440,0.03311709314584732
21441,0.08014825731515884
21442,0.03725184500217438
21443,0.03725184500217438
21444,0.03150629997253418
21445,0.033117085695266724
21446,0.033117085695266724
21447,0.03725184500217438
21448,0.07401113957166672
21449,0.01467207632958889
21450,0.10818154364824295
21451,0.03725184500217438
21452,0.033117085695266724
21453,0.033117085695266724
21454,0.033117085695266724
21455,0.03725184500217438
21456,0.07895398885011673
21457,0.07264931499958038
21458,0.8234132528305054
21459,0.7491289973258972
21460,0.7515772581100464
21461,0.7370116114616394
21462,0.033117085695266724
21463,0.02810981683433056
21464,0.017400186508893967
21465,0.06453197449445724
21466,0.019587401300668716
21467,0.02769625559449196
21468,0.022557901218533516
21469,0.4592348039150238
21470,0.05769466981291771
21471,0.06782113015651703
21472,0.07039528340101242
21473,0.07170889526605606
21474,0.045924268662929535
21475,0.32450610399246216
21476,0.5063167810440063
21477,0.784035325050354
21478,0.06222115457057953
21479,0.029243793338537216
21480,0.21825237572193146
21481,0.026589207351207733
21482,0.2614966034889221
21483,0.06652526557445526
21484,0.08291759341955185
21485,0.07630901783704758
21486,0.21692660450935364
21487,0.7170751094818115
21488,0.047823529690504074
21489,0.023587100207805634
21490,0.017850343137979507
21491,0.03799881041049957
21492,0.06407453864812851
21493,0.0428285077214241
21494,0.045304346829652786
21495,0.04780738428235054
21496,0.07443977147340775
21497,0.4322461783885956
21498,0.01954943872988224
21499,0.17437855899333954
21500,0.5135824084281921
21501,0.4322461783885956
21502,0.03984605520963669
21503,0.05701572820544243
21504,0.7758723497390747
21505,0.07934044301509857
21506,0.026243673637509346
21507,0.031262535601854324
21508,0.0494273342192173
21509,0.9419442415237427
21510,0.6869955658912659
21511,0.026651931926608086
21512,0.6903005838394165
21513,0.1252666413784027
21514,0.16635172069072723
21515,0.03921283408999443
21516,0.929989755153656
21517,0.18157167732715607
21518,0.20615702867507935
21519,0.036071762442588806
21520,0.031106537207961082
21521,0.027008937671780586
21522,0.04461391642689705
21523,0.04215778037905693
21524,0.05141656845808029
21525,0.713127076625824
21526,0.7741009593009949
21527,0.5794897675514221
21528,0.19016878306865692
21529,0.026618435978889465
21530,0.09319548308849335
21531,0.028893863782286644
21532,0.026535985991358757
21533,0.051902804523706436
21534,0.6276409029960632
21535,0.019791295751929283
21536,0.5809532403945923
21537,0.580953061580658
21538,0.02843633107841015
21539,0.03159254044294357
21540,0.04063810780644417
21541,0.06341162323951721
21542,0.04063810780644417
21543,0.057906534522771835
21544,0.018113533034920692
21545,0.03232994303107262
21546,0.13195598125457764
21547,0.056670065969228745
21548,0.8650316596031189
21549,0.03245509788393974
21550,0.03634829446673393
21551,0.1538904756307602
21552,0.020897721871733665
21553,0.032114360481500626
21554,0.009385103359818459
21555,0.04669724032282829
21556,0.08349870145320892
21557,0.6025959253311157
21558,0.13612012565135956
21559,0.28475674986839294
21560,0.2746802270412445
21561,0.016669901087880135
21562,0.04203407093882561
21563,0.09060726314783096
21564,0.01280868612229824
21565,0.10372546315193176
21566,0.32815366983413696
21567,0.06985105574131012
21568,0.11726704239845276
21569,0.08670281618833542
21570,0.38352659344673157
21571,0.2960251569747925
21572,0.08642424643039703
21573,0.4095630943775177
21574,0.11726704239845276
21575,0.05746850743889809
21576,0.8885181546211243
21577,0.350238174200058
21578,0.03383119776844978
21579,0.8418270945549011
21580,0.043408092111349106
21581,0.07734816521406174
21582,0.11358276009559631
21583,0.04759293049573898
21584,0.7934226989746094
21585,0.03464614599943161
21586,0.07891016453504562
21587,0.07976912707090378
21588,0.011966604739427567
21589,0.019462592899799347
21590,0.11558014154434204
21591,0.011708608828485012
21592,0.03849273547530174
21593,0.04466838389635086
21594,0.007580562960356474
21595,0.020946981385350227
21596,0.09194046258926392
21597,0.04642857238650322
21598,0.014138136990368366
21599,0.12133044749498367
21600,0.31174638867378235
21601,0.12105393409729004
21602,0.02713059075176716
21603,0.04642857238650322
21604,0.020062629133462906
21605,0.058584265410900116
21606,0.047876954078674316
21607,0.9318627715110779
21608,0.38362544775009155
21609,0.049234166741371155
21610,0.07854807376861572
21611,0.04642857238650322
21612,0.028129788115620613
21613,0.024071650579571724
21614,0.05421014502644539
21615,0.8797353506088257
21616,0.020946066826581955
21617,0.6855978965759277
21618,0.0606096126139164
21619,0.06824752688407898
21620,0.04640708863735199
21621,0.010550315491855145
21622,0.6577523350715637
21623,0.028347106650471687
21624,0.7448205351829529
21625,0.04536152258515358
21626,0.5156949758529663
21627,0.5079337954521179
21628,0.022292617708444595
21629,0.0694543793797493
21630,0.012141374871134758
21631,0.09341558068990707
21632,0.08383045345544815
21633,0.08383043855428696
21634,0.08383043855428696
21635,0.08383043855428696
21636,0.08383043855428696
21637,0.08383043855428696
21638,0.7585516571998596
21639,0.16701655089855194
21640,0.49465909600257874
21641,0.054459333419799805
21642,0.6351197361946106
21643,0.034089747816324234
21644,0.024643149226903915
21645,0.16714735329151154
21646,0.02158913016319275
21647,0.09553231298923492
21648,0.6405842900276184
21649,0.9317834377288818
21650,0.9208220839500427
21651,0.04353552684187889
21652,0.024497857317328453
21653,0.41887974739074707
21654,0.027410168200731277
21655,0.02491396851837635
21656,0.36488762497901917
21657,0.6373330950737
21658,0.05674153193831444
21659,0.6811583638191223
21660,0.35508590936660767
21661,0.06936735659837723
21662,0.11110246926546097
21663,0.01712876372039318
21664,0.06278295069932938
21665,0.059911660850048065
21666,0.09254323691129684
21667,0.0784972533583641
21668,0.8594663143157959
21669,0.28721967339515686
21670,0.05934061482548714
21671,0.49335283041000366
21672,0.03871103376150131
21673,0.376184344291687
21674,0.17365945875644684
21675,0.10324785113334656
21676,0.27738913893699646
21677,0.026498442515730858
21678,0.06798999756574631
21679,0.021308278664946556
21680,0.025946859270334244
21681,0.046801138669252396
21682,0.027139347046613693
21683,0.02676272951066494
21684,0.6299593448638916
21685,0.014900678768754005
21686,0.8183697462081909
21687,0.10718026012182236
21688,0.05165973678231239
21689,0.014040485955774784
21690,0.04748956859111786
21691,0.043554287403821945
21692,0.055912844836711884
21693,0.02092224732041359
21694,0.010025783441960812
21695,0.023978378623723984
21696,0.023978378623723984
21697,0.015858961269259453
21698,0.04861484840512276
21699,0.600320041179657
21700,0.906701385974884
21701,0.06656676530838013
21702,0.2056979089975357
21703,0.05329818278551102
21704,0.09432728588581085
21705,0.10843932628631592
21706,0.0582042820751667
21707,0.03501094505190849
21708,0.044433221220970154
21709,0.07305704802274704
21710,0.01854315772652626
21711,0.027515385299921036
21712,0.020459124818444252
21713,0.03796325996518135
21714,0.021283820271492004
21715,0.0835050642490387
21716,0.0661192387342453
21717,0.08072924613952637
21718,0.04206877946853638
21719,0.15463222563266754
21720,0.39291277527809143
21721,0.02827600948512554
21722,0.13860838115215302
21723,0.15134938061237335
21724,0.027215763926506042
21725,0.05322384089231491
21726,0.021199963986873627
21727,0.07426642626523972
21728,0.05032355710864067
21729,0.006824077572673559
21730,0.13613279163837433
21731,0.4707861840724945
21732,0.47031259536743164
21733,0.04999848082661629
21734,0.07918602228164673
21735,0.03703466057777405
21736,0.030747242271900177
21737,0.06386422365903854
21738,0.1349504292011261
21739,0.19824489951133728
21740,0.03773210942745209
21741,0.05304214358329773
21742,0.05304214358329773
21743,0.5785083770751953
21744,0.019005050882697105
21745,0.47031259536743164
21746,0.05886903405189514
21747,0.027769817039370537
21748,0.13959021866321564
21749,0.05064937844872475
21750,0.03512454405426979
21751,0.12577806413173676
21752,0.059981558471918106
21753,0.017521612346172333
21754,0.07594896852970123
21755,0.3433355391025543
21756,0.01721706986427307
21757,0.13587172329425812
21758,0.07599680125713348
21759,0.039809584617614746
21760,0.41895031929016113
21761,0.09506311267614365
21762,0.6986562013626099
21763,0.082160584628582
21764,0.399003803730011
21765,0.2804027199745178
21766,0.13127413392066956
21767,0.03438244387507439
21768,0.037407927215099335
21769,0.09988485276699066
21770,0.037407927215099335
21771,0.030571533367037773
21772,0.037407927215099335
21773,0.037407927215099335
21774,0.008075234480202198
21775,0.6960484981536865
21776,0.13946124911308289
21777,0.6580090522766113
21778,0.05837586894631386
21779,0.040190551429986954
21780,0.027042662724852562
21781,0.7558248043060303
21782,0.030883459374308586
21783,0.13804510235786438
21784,0.03344428166747093
21785,0.04095224291086197
21786,0.07014304399490356
21787,0.06902790814638138
21788,0.8244940638542175
21789,0.04966094344854355
21790,0.15992417931556702
21791,0.02714064158499241
21792,0.02855713851749897
21793,0.08043157309293747
21794,0.05591636896133423
21795,0.11091676354408264
21796,0.01700538583099842
21797,0.9039198160171509
21798,0.048835936933755875
21799,0.6670491695404053
21800,0.2562408447265625
21801,0.2404082715511322
21802,0.02336696721613407
21803,0.6903766989707947
21804,0.03201201185584068
21805,0.06546786427497864
21806,0.015621871687471867
21807,0.5182031393051147
21808,0.23474955558776855
21809,0.009492251090705395
21810,0.024297883734107018
21811,0.02819480560719967
21812,0.014707840979099274
21813,0.5428865551948547
21814,0.08714593946933746
21815,0.08714593946933746
21816,0.0279593113809824
21817,0.08082806318998337
21818,0.0358218215405941
21819,0.06160363554954529
21820,0.683853805065155
21821,0.04702193662524223
21822,0.051628243178129196
21823,0.07403227686882019
21824,0.042502373456954956
21825,0.059355564415454865
21826,0.10998890548944473
21827,0.05663146451115608
21828,0.06062490493059158
21829,0.023951571434736252
21830,0.0602886863052845
21831,0.04557695984840393
21832,0.5060662627220154
21833,0.04557695984840393
21834,0.1138753890991211
21835,0.04658159241080284
21836,0.08304273337125778
21837,0.66078948974609375
21838,0.7131022810935974
21839,0.07928817719221115
21840,0.6711965203285217
21841,0.04160134866833687
21842,0.01263456977903843
21843,0.8979801535606384
21844,0.024562779814004898
21845,0.03508385643362999
21846,0.036278434097766876
21847,0.91238933801651
21848,0.057533733546733856
21849,0.031333040446043015
21850,0.16398324072360992
21851,0.8971668481826782
21852,0.7104876041412354
21853,0.15966010093688965
21854,0.02970365434885025
21855,0.6713898777961731
21856,0.05561157688498497
21857,0.022168105468153954
21858,0.16482694447040558
21859,0.012863614596426487
21860,0.013009624555706978
21861,0.07009682804346085
21862,0.022117644548416138
21863,0.5912882685661316
21864,0.22206711769104004
21865,0.22206711769104004
21866,0.22206711769104004
21867,0.11925128102302551
21868,0.2915588915348053
21869,0.020499596372246742
21870,0.7696355581283569
21871,0.5912882685661316
21872,0.7758527398109436
21873,0.07349053025245667
21874,0.13825467228889465
21875,0.09139153361320496
21876,0.29900985956192017
21877,0.03475578874349594
21878,0.517715573310852
21879,0.02738296426832676
21880,0.08110201358795166
21881,0.031860966235399246
21882,0.5394054055213928
21883,0.02974126674234867
21884,0.6118888854980469
21885,0.05165902525186539
21886,0.018938004970550537
21887,0.31808164715766907
21888,0.13126900792121887
21889,0.022471146658062935
21890,0.04744839295744896
21891,0.028178956359624863
21892,0.10438277572393417
21893,0.6879682540893555
21894,0.04339584708213806
21895,0.14503443241119385
21896,0.016411328688263893
21897,0.21482795476913452
21898,0.08390562981367111
21899,0.05026087909936905
21900,0.8367587924003601
21901,0.1185295507311821
21902,0.060125891119241714
21903,0.9082692265510559
21904,0.11194837093353271
21905,0.06734995543956757
21906,0.03901831805706024
21907,0.85700523853302
21908,0.3593226671218872
21909,0.09429896622896194
21910,0.08390562981367111
21911,0.014682585373520851
21912,0.20120084285736084
21913,0.05245494097471237
21914,0.6452648639678955
21915,0.1079137995839119
21916,0.24050433933734894
21917,0.06768425554037094
21918,0.06196301430463791
21919,0.08618434518575668
21920,0.5738809704780579
21921,0.15104469656944275
21922,0.3403734564781189
21923,0.3640361428260803
21924,0.05300415679812431
21925,0.059098824858665466
21926,0.2568305432796478
21927,0.021473968401551247
21928,0.26258501410484314
21929,0.01008019968867302
21930,0.05703224986791611
21931,0.07188593596220016
21932,0.305055171251297
21933,0.9107849597930908
21934,0.04228666424751282
21935,0.0468604639172554
21936,0.06641672551631927
21937,0.36070209741592407
21938,0.016187038272619247
21939,0.024167165160179138
21940,0.08058314770460129
21941,0.02092072367668152
21942,0.05160463601350784
21943,0.05739932507276535
21944,0.019574033096432686
21945,0.033675629645586014
21946,0.0234672948718071
21947,0.2510664761066437
21948,0.12293967604637146
21949,0.7290794253349304
21950,0.03202490136027336
21951,0.017047865316271782
21952,0.02082774043083191
21953,0.02158472314476967
21954,0.013883179984986782
21955,0.07285978645086288
21956,0.7077555656433105
21957,0.011919323354959488
21958,0.033267777413129807
21959,0.7412640452384949
21960,0.02307455614209175
21961,0.04610276222229004
21962,0.010437729768455029
21963,0.0746881440281868
21964,0.05364292860031128
21965,0.02803908847272396
21966,0.9105943441390991
21967,0.01706521399319172
21968,0.05104920640587807
21969,0.036858607083559036
21970,0.0661420077085495
21971,0.040728483349084854
21972,0.08490518480539322
21973,0.5594460964202881
21974,0.03285077214241028
21975,0.05691034719347954
21976,0.06775117665529251
21977,0.3173939287662506
21978,0.015076006762683392
21979,0.009592108428478241
21980,0.023648634552955627
21981,0.1530473828315735
21982,0.028362352401018143
21983,0.424440860748291
21984,0.24257396161556244
21985,0.016921479254961014
21986,0.04874595254659653
21987,0.18662449717521667
21988,0.056733325123786926
21989,0.017006397247314453
21990,0.07134874910116196
21991,0.5209038853645325
21992,0.8675113320350647
21993,0.052089743316173553
21994,0.038911089301109314
21995,0.05946137383580208
21996,0.07704997062683105
21997,0.013865290209650993
21998,0.08469650894403458
21999,0.45313817262649536
22000,0.025923484936356544
22001,0.06543552130460739
22002,0.047811176627874374
22003,0.025940844789147377
22004,0.027013618499040604
22005,0.058695998042821884
22006,0.06041696295142174
22007,0.028942430391907692
22008,0.058695998042821884
22009,0.3754519820213318
22010,0.0683492124080658
22011,0.04091087728738785
22012,0.07739757746458054
22013,0.03660096228122711
22014,0.1923610270023346
22015,0.7410679459571838
22016,0.909353494644165
22017,0.07465454936027527
22018,0.03187323361635208
22019,0.1923610270023346
22020,0.24316366016864777
22021,0.1923610270023346
22022,0.3273032307624817
22023,0.024455565959215164
22024,0.1303671896457672
22025,0.015828274190425873
22026,0.42526447772979736
22027,0.01906176656484604
22028,0.47527647018432617
22029,0.020867982879281044
22030,0.0674644485116005
22031,0.037609707564115524
22032,0.44856467843055725
22033,0.05414199084043503
22034,0.06678159534931183
22035,0.018796369433403015
22036,0.70100998878479
22037,0.07916577905416489
22038,0.025745971128344536
22039,0.06161118671298027
22040,0.015461144037544727
22041,0.037112582474946976
22042,0.15342599153518677
22043,0.03999784588813782
22044,0.046901848167181015
22045,0.012307989411056042
22046,0.08738166093826294
22047,0.0776136964559555
22048,0.02691018022596836
22049,0.04760488495230675
22050,0.046901848167181015
22051,0.04760488495230675
22052,0.04760488495230675
22053,0.046901848167181015
22054,0.0523785836994648
22055,0.04760488495230675
22056,0.046901848167181015
22057,0.06409309804439545
22058,0.9093775749206543
22059,0.0297438632696867
22060,0.08306045830249786
22061,0.04760488495230675
22062,0.046901848167181015
22063,0.046901848167181015
22064,0.056023333221673965
22065,0.016716497018933296
22066,0.5620588660240173
22067,0.04760488495230675
22068,0.046901848167181015
22069,0.046901848167181015
22070,0.023133372887969017
22071,0.02826668694615364
22072,0.8344753980636597
22073,0.07822820544242859
22074,0.054087892174720764
22075,0.046901848167181015
22076,0.07278596609830856
22077,0.1095694825053215
22078,0.07221227139234543
22079,0.03510526195168495
22080,0.08015042543411255
22081,0.019841890782117844
22082,0.027723753824830055
22083,0.04302498325705528
22084,0.21742618083953857
22085,0.04422052204608917
22086,0.03460594266653061
22087,0.0673530176281929
22088,0.2738022208213806
22089,0.10800095647573471
22090,0.026258070021867752
22091,0.157080739736557
22092,0.1095694825053215
22093,0.07997466623783112
22094,0.5328129529953003
22095,0.018470795825123787
22096,0.06490349024534225
22097,0.053818751126527786
22098,0.03864014893770218
22099,0.9249807000160217
22100,0.5429893136024475
22101,0.02059016562998295
22102,0.018711445853114128
22103,0.016656789928674698
22104,0.044765669852495193
22105,0.14819945394992828
22106,0.9128941893577576
22107,0.044765669852495193
22108,0.03705202788114548
22109,0.044765669852495193
22110,0.11114613711833954
22111,0.0447656475007534
22112,0.021055862307548523
22113,0.044765669852495193
22114,0.044765669852495193
22115,0.07442355901002884
22116,0.03754059597849846
22117,0.15473230183124542
22118,0.018711445853114128
22119,0.016002396121621132
22120,0.10987485945224762
22121,0.06630991399288177
22122,0.018109623342752457
22123,0.710169792175293
22124,0.2914832830429077
22125,0.14558838307857513
22126,0.03138667717576027
22127,0.019566087052226067
22128,0.07889430969953537
22129,0.029711365699768066
22130,0.04818524420261383
22131,0.04297979548573494
22132,0.05706096440553665
22133,0.027723753824830055
22134,0.027723753824830055
22135,0.027723753824830055
22136,0.027723753824830055
22137,0.052502766251564026
22138,0.027723753824830055
22139,0.046055205166339874
22140,0.027723753824830055
22141,0.7810758948326111
22142,0.05882557854056358
22143,0.027723753824830055
22144,0.027723753824830055
22145,0.4101211130619049
22146,0.028441349044442177
22147,0.027723753824830055
22148,0.027723753824830055
22149,0.06535350531339645
22150,0.027723753824830055
22151,0.027723753824830055
22152,0.0976887121796608
22153,0.027723753824830055
22154,0.1394936740398407
22155,0.3568061590194702
22156,0.09262154996395111
22157,0.909269392490387
22158,0.12537850439548492
22159,0.112147256731987
22160,0.47350478172302246
22161,0.0333387665450573
22162,0.02043180912733078
22163,0.26077672839164734
22164,0.03790195286273956
22165,0.5287628769874573
22166,0.0641767829656601
22167,0.0782468244433403
22168,0.13812194764614105
22169,0.08008310943841934
22170,0.07373672723770142
22171,0.11156343668699265
22172,0.06417100131511688
22173,0.18458856642246246
22174,0.02186408080160618
22175,0.02186407707631588
22176,0.4119226634502411
22177,0.025249643251299858
22178,0.46118593215942383
22179,0.30132749676704407
22180,0.06017250567674637
22181,0.055430617183446884
22182,0.3387604355812073
22183,0.026260700076818466
22184,0.04487793147563934
22185,0.03906524181365967
