id,probs
1,0.01299879141151905
2,0.21053437888622284
3,0.7026628851890564
4,0.22425225377082825
5,0.004706877749413252
6,0.006958412937819958
7,0.058899614959955215
8,0.010788042098283768
9,0.2144659161567688
10,0.014053844846785069
11,0.008273066021502018
12,0.7276652455329895
13,0.025646228343248367
14,0.029621493071317673
15,0.01832444779574871
16,0.01163382176309824
17,0.010363207198679447
18,0.0014204814797267318
19,0.002252761274576187
20,0.006597861647605896
21,0.027692729607224464
22,0.014169681817293167
23,0.011232193559408188
24,0.008047644048929214
25,0.009458164684474468
26,0.009347152896225452
27,0.006263156421482563
28,0.005719449836760759
29,1.8126661598216742e-4
30,0.010839251801371574
31,0.017555635422468185
32,0.009046945720911026
33,0.012205884791910648
34,0.004662853665649891
35,0.07134758681058884
36,0.007845018059015274
37,0.014748466201126575
38,0.004362524952739477
39,0.6817448735237122
40,0.03024674765765667
41,0.04755376651883125
42,0.017464980483055115
43,0.0073576862923800945
44,0.0031304166186600924
45,0.008637537248432636
46,0.04909277707338333
47,0.6084445118904114
48,0.026272116228938103
49,0.06885141134262085
50,0.7868369221687317
51,0.008633340708911419
52,0.009571104310452938
53,0.008251766674220562
54,0.0077725923620164394
55,0.008688080124557018
56,0.732147753238678
57,0.02402614802122116
58,0.04210066795349121
59,0.7269923686981201
60,0.11514243483543396
61,0.010696452111005783
62,0.008241485804319382
63,0.01264052651822567
64,0.05576331913471222
65,0.3820287585258484
66,0.7609185576438904
67,0.06827335059642792
68,0.013448110781610012
69,0.04815804585814476
70,0.009278357028961182
71,0.02830519527196884
72,0.7713501453399658
73,0.009199146181344986
74,0.011583448387682438
75,0.13145311176776886
76,2.5518861366435885e-4
77,0.025759093463420868
78,0.3424679934978485
79,0.012961538508534431
80,0.060654424130916595
81,0.701188862323761
82,0.04713668301701546
83,0.015072494745254517
84,0.13584007322788239
85,0.01573760434985161
86,0.79451751708984375
87,0.003112390171736479
88,0.003112390171736479
89,0.754680335521698
90,0.007330008782446384
91,0.00909375213086605
92,0.002827103016898036
93,0.00909375213086605
94,0.017743220552802086
95,0.05739906430244446
96,0.1944132149219513
97,0.1606539487838745
98,0.016179392114281654
99,0.00463315611705184
100,0.008583838120102882
101,0.20597220957279205
102,0.49724164605140686
103,0.7381913065910339
104,0.48268836736679077
105,0.04798783361911774
106,0.07838878035545349
107,0.0131954001262784
108,0.017652202397584915
109,0.7443130016326904
110,0.0072449189610779285
111,0.05973413959145546
112,0.02256895788013935
113,0.04417114704847336
114,0.04417114704847336
115,0.023637760430574417
116,0.0241647157818079
117,0.6380528807640076
118,0.05833341181278229
119,4.443681100383401e-4
120,0.4791690409183502
121,0.31102254986763
122,0.7393010258674622
123,0.02522347681224346
124,0.22051212191581726
125,0.011990544386208057
126,0.037437114864587784
127,0.02124953456223011
128,0.07963325083255768
129,0.011331229470670223
130,0.022364437580108643
131,0.7304855585098267
132,0.00681532546877861
133,0.03978102281689644
134,0.009825002402067184
135,0.013379712589085102
136,4.962880630046129e-4
137,0.01714308373630047
138,0.030693206936120987
139,0.01920129358768463
140,0.2819671034812927
141,0.08832000195980072
142,0.012915718369185925
143,0.011912798509001732
144,0.0064845881424844265
145,0.022315416485071182
146,0.02128058671951294
147,0.013554866425693035
148,0.47551506757736206
149,0.03202119842171669
150,0.05172301083803177
151,0.019278323277831078
152,0.022098790854215622
153,0.03148198127746582
154,0.1343163102865219
155,0.7528280019760132
156,0.5645710229873657
157,0.9425577521324158
158,5.4212025133892894e-5
159,0.8264013528823853
160,0.008555608801543713
161,0.08006063103675842
162,0.007191292010247707
163,0.0038323213811963797
164,0.0946548581123352
165,0.007096637040376663
166,0.016501056030392647
167,0.42555806040763855
168,0.004771629814058542
169,0.08146148920059204
170,0.005977592896670103
171,0.013911291025578976
172,0.13749364018440247
173,0.20223234593868256
174,0.058570001274347305
175,0.04059562087059021
176,0.02750830166041851
177,0.7670255303382874
178,0.08334831893444061
179,0.7827802300453186
180,0.3056228756904602
181,0.024577872827649117
182,0.09870670735836029
183,0.019812552258372307
184,0.08589079231023788
185,0.03733847662806511
186,0.06231966242194176
187,0.7682132124900818
188,0.007333597633987665
189,0.02902662381529808
190,0.019172631204128265
191,0.16851894557476044
192,0.02807513438165188
193,0.4153807461261749
194,0.008280345238745213
195,0.016239061951637268
196,0.02730666659772396
197,0.03315790370106697
198,0.08133486658334732
199,0.018177511170506477
200,0.6400416493415833
201,0.016004107892513275
202,0.05946813151240349
203,0.0035453862510621548
204,0.023237714543938637
205,0.6159842014312744
206,0.3768954277038574
207,0.016987109556794167
208,0.7562552690505981
209,2.2359410650096834e-4
210,0.018107859417796135
211,0.007136744912713766
212,8.492249762639403e-4
213,0.005454394035041332
214,0.08394927531480789
215,0.034993112087249756
216,0.03812164068222046
217,0.08693067729473114
218,0.08818897604942322
219,0.15324057638645172
220,0.23401887714862823
221,0.23738549649715424
222,0.03813968226313591
223,0.0258362777531147
224,0.20625418424606323
225,0.013575290329754353
226,0.03317294642329216
227,0.3932085335254669
228,0.0554073266685009
229,0.3179280757904053
230,0.7329615354537964
231,0.0130728455260396
232,0.016805490478873253
233,0.14946070313453674
234,0.20253120362758636
235,0.00577767426148057
236,0.7624254822731018
237,0.7232275605201721
238,0.02801734209060669
239,0.02645341120660305
240,0.02138409949839115
241,0.34004834294319153
242,0.009618469513952732
243,0.036091357469558716
244,0.02087223343551159
245,0.05034834146499634
246,0.024625122547149658
247,0.030436960980296135
248,0.010065464302897453
249,0.04879084601998329
250,0.016965456306934357
251,0.0432736910879612
252,0.02129027247428894
253,0.018827524036169052
254,0.21013237535953522
255,0.06657028943300247
256,0.024109462276101112
257,0.013683163560926914
258,0.041373077780008316
259,0.032291244715452194
260,0.010744044557213783
261,0.24560695886611938
262,0.7454637885093689
263,0.002702613826841116
264,0.00473144231364131
265,0.0021742593962699175
266,0.0028951989952474833
267,0.026767630130052567
268,0.004222405143082142
269,4.479115305002779e-4
270,0.0013473250437527895
271,0.00507491547614336
272,0.002024260815232992
273,0.0067132143303751945
274,0.020964985713362694
275,0.0035014746244996786
276,0.0010274001397192478
277,0.022141482681035995
278,0.004417505580931902
279,0.01225551962852478
280,0.43106609582901
281,0.012303243391215801
282,0.026685455814003944
283,0.025078535079956055
284,0.0027991109527647495
285,0.107745461165905
286,0.02387995459139347
287,0.004408505745232105
288,0.003410977777093649
289,0.0038346159271895885
290,0.05751607194542885
291,0.07164586335420609
292,0.38900017738342285
293,0.004123878665268421
294,0.00699078431352973
295,0.01002435851842165
296,6.638210616074502e-4
297,0.006228365935385227
298,0.02667858451604843
299,0.028280386701226234
300,0.018048394471406937
301,0.0010530931176617742
302,0.002150911372154951
303,0.01617978885769844
304,0.010529130697250366
305,0.016222000122070313
306,0.011549076996743679
307,0.010350801981985569
308,0.014467814937233925
309,0.7612468004226685
310,0.016172388568520546
311,7.424593786709011e-4
312,0.02450602874159813
313,0.006788524333387613
314,0.013008344918489456
315,0.023913035169243813
316,0.017995787784457207
317,0.3154432475566864
318,0.0035179464612156153
319,0.023757562041282654
320,0.004688715562224388
321,1.807852095225826e-4
322,0.0014287667581811547
323,0.0018776871729642153
324,0.007635974790900946
325,0.002706581959500909
326,0.002583923051133752
327,0.0011798891937360168
328,0.009760542772710323
329,0.00597601430490613
330,0.002036630641669035
331,0.0010466364910826087
332,0.008876676671206951
333,0.0010466364910826087
334,7.765874615870416e-4
335,0.0022589443251490593
336,0.003863642690703273
337,2.7641604538075626e-4
338,0.740444540977478
339,0.002581930486485362
340,0.5440048575401306
341,0.011752567254006863
342,0.01189140509814024
343,0.0035508195869624615
344,0.005839127115905285
345,0.005019192583858967
346,0.008213577792048454
347,0.009939712472259998
348,0.009633288718760014
349,4.696985997725278e-4
350,0.3180503845214844
351,0.002355071948841214
352,8.930106996558607e-4
353,0.008520107716321945
354,0.004849301651120186
355,0.008056213147938251
356,0.0016574732726439834
357,0.009664071723818779
358,0.03188332915306091
359,0.0040401797741651535
360,0.0012517750728875399
361,0.020730027928948402
362,0.0012556591536849737
363,0.027712026610970497
364,0.001840165932662785
365,0.0015943866455927491
366,0.011352955363690853
367,0.002075872151181102
368,0.01679765246808529
369,0.007548926863819361
370,1.8716300837695599e-4
371,1.8716300837695599e-4
372,4.676054522860795e-4
373,4.676054522860795e-4
374,0.0020376660395413637
375,0.00274477805942297
376,0.005314175970852375
377,0.008636401034891605
378,0.02334054931998253
379,0.01370352040976286
380,0.008197708055377007
381,0.009330821223556995
382,0.004748893901705742
383,0.02196873538196087
384,0.03517504781484604
385,0.00982639379799366
386,0.012457025237381458
387,0.054987385869026184
388,0.1077985167503357
389,0.0211903378367424
390,0.009734449908137321
391,0.0014377711340785027
392,0.027589550241827965
393,0.012198074720799923
394,0.008120517246425152
395,0.006578098516911268
396,0.04436453804373741
397,0.5478082895278931
398,0.01865360513329506
399,0.02347060665488243
400,0.02038118802011013
401,0.013383502140641212
402,0.011193083599209785
403,0.17342031002044678
404,0.0038388206157833338
405,0.024167127907276154
406,0.036644529551267624
407,0.002419510390609503
408,0.05730990692973137
409,0.01012512855231762
410,0.00898798555135727
411,0.006103405728936195
412,0.0016042595962062478
413,0.0131049370393157
414,0.02141137793660164
415,0.032699692994356155
416,0.008855604566633701
417,0.012477678246796131
418,0.020323393866419792
419,0.05312586948275566
420,0.07996845245361328
421,0.025782551616430283
422,0.624632716178894
423,0.020920943468809128
424,0.05362618342041969
425,0.010739600285887718
426,0.0028015398420393467
427,0.013147062622010708
428,0.012626495212316513
429,0.7394000291824341
430,0.7606772184371948
431,0.01248802337795496
432,0.04981214180588722
433,0.057429540902376175
434,0.021058272570371628
435,0.01136062666773796
436,0.010534660890698433
437,0.012122430838644505
438,5.041893455199897e-4
439,0.010525614954531193
440,0.00862390547990799
441,0.0032914821058511734
442,0.01008316408842802
443,0.0115713682025671
444,0.7544634342193604
445,0.009573370218276978
446,0.003337728325277567
447,0.007723795250058174
448,0.008416924625635147
449,0.016536129638552666
450,0.013473129831254482
451,0.0296529158949852
452,0.023668795824050903
453,0.07106049358844757
454,0.010562567040324211
455,0.017077593132853508
456,0.003071320243179798
457,0.012775510549545288
458,0.01612493395805359
459,7.974491745699197e-5
460,7.974491745699197e-5
461,7.974491745699197e-5
462,7.974491745699197e-5
463,7.974491745699197e-5
464,7.974491745699197e-5
465,7.974491745699197e-5
466,7.974491745699197e-5
467,7.974491745699197e-5
468,7.974491745699197e-5
469,0.005470594856888056
470,0.011297124437987804
471,0.003242327831685543
472,0.015340235084295273
473,0.0033224639482796192
474,0.021750357002019882
475,0.0022972067818045616
476,0.0029062472749501467
477,0.009969775564968586
478,0.02592787891626358
479,0.02592787891626358
480,0.016847141087055206
481,0.013618146069347858
482,0.007780757267028093
483,0.061243392527103424
484,0.023940587416291237
485,0.013223692774772644
486,0.016628408804535866
487,0.00991026870906353
488,0.009398886933922768
489,0.011582187376916409
490,0.6433786749839783
491,0.008295002393424511
492,0.017295612022280693
493,0.0021076370030641556
494,0.0033450729679316282
495,0.008832773193717003
496,0.021922094747424126
497,0.007458585314452648
498,0.02428968995809555
499,0.01349630206823349
500,8.760784985497594e-4
501,0.0027460625860840082
502,0.017189230769872665
503,0.025733547285199165
504,0.005173034034669399
505,0.010843864642083645
506,0.0083920918405056
507,0.02424130029976368
508,0.007739224471151829
509,0.007345656398683786
510,0.027259586378932
511,0.012331848032772541
512,0.0028853691183030605
513,0.009528955444693565
514,0.00809177104383707
515,0.007238107267767191
516,0.009878497570753098
517,0.005112831946462393
518,0.0029363196808844805
519,0.04362773895263672
520,0.004164464306086302
521,0.0021823635324835777
522,0.002817991655319929
523,0.0022350747603923082
524,0.005228528752923012
525,0.005228528752923012
526,0.0032601631246507168
527,0.0011120903072878718
528,0.0012646447867155075
529,0.0012646447867155075
530,0.0015464776661247015
531,0.009474663063883781
532,0.002964326413348317
533,0.011516652069985867
534,0.004059790633618832
535,0.008356845006346703
536,0.06683505326509476
537,0.001025720383040607
538,0.0033642726484686136
539,0.004676037933677435
540,0.005858852528035641
541,0.004522998817265034
542,0.7896876931190491
543,0.055198315531015396
544,0.0026330335531383753
545,0.003981077112257481
546,0.0027021938003599644
547,0.00463468674570322
548,0.005937173031270504
549,0.2536112368106842
550,0.3169594705104828
551,0.011773215606808662
552,0.005831224378198385
553,0.005725839175283909
554,0.00790890771895647
555,0.01212241966277361
556,0.010489636100828648
557,0.010490753687918186
558,0.011512287892401218
559,0.7420386075973511
560,0.008047857321798801
561,0.009732886217534542
562,0.0028610755689442158
563,0.025457298383116722
564,0.0018613135907799006
565,0.002008799696341157
566,8.564181371184532e-6
567,8.564181371184532e-6
568,8.564181371184532e-6
569,0.001857004128396511
570,8.564181371184532e-6
571,0.005884470418095589
572,0.016864066943526268
573,0.007008217740803957
574,0.007008217740803957
575,0.49876669049263
576,0.007008217740803957
577,2.042755950242281e-4
578,0.002119776327162981
579,0.0022095018066465855
580,0.0022095018066465855
581,0.7925689816474915
582,0.0022095018066465855
583,0.352070689201355
584,0.0022095018066465855
585,0.0022095018066465855
586,0.002119776327162981
587,0.0022095018066465855
588,0.21362993121147156
589,0.0022095018066465855
590,0.0022095018066465855
591,0.036242809146642685
592,0.002119776327162981
593,0.013739638961851597
594,0.5425554513931274
595,0.0043167551048099995
596,4.076175973750651e-4
597,0.009035722352564335
598,0.004306720104068518
599,5.347673431970179e-4
600,0.006173369474709034
601,4.784664197359234e-4
602,5.654421984218061e-4
603,0.010638980194926262
604,0.011522531509399414
605,1.9477767636999488e-4
606,0.020411433652043343
607,0.010737629607319832
608,0.004538558889180422
609,0.0045385523699223995
610,0.17775921523571014
611,0.0045385523699223995
612,0.0016201625112444162
613,0.0056023430079221725
614,0.053511179983615875
615,0.0022121304646134377
616,0.004518412984907627
617,0.053511179983615875
618,0.0022121304646134377
619,0.0022121304646134377
620,5.955920787528157e-4
621,8.109856280498207e-4
622,0.004462967626750469
623,0.006435919087380171
624,0.010243017226457596
625,0.009464948438107967
626,0.005393741186708212
627,6.271806778386235e-4
628,0.011945722624659538
629,0.009269699454307556
630,0.003996554296463728
631,0.006474290043115616
632,0.006021360866725445
633,0.006474290043115616
634,0.016808925196528435
635,0.0023244626354426146
636,0.0014528018655255437
637,0.015744445845484734
638,0.0275973342359066
639,0.004178160801529884
640,0.021146584302186966
641,0.005123796872794628
642,0.03969328850507736
643,0.7999714612960815
644,0.0051329475827515125
645,0.07583531737327576
646,0.7581095695495605
647,0.019559411332011223
648,0.011325916275382042
649,0.007705117110162973
650,0.020860526710748672
651,0.005247984081506729
652,0.008880654349923134
653,0.012279404327273369
654,0.012631971389055252
655,0.738457977771759
656,0.004290147218853235
657,0.018354613333940506
658,3.339553700243414e-7
659,3.339553700243414e-7
660,3.339553700243414e-7
661,7.349388653210553e-8
662,3.339553700243414e-7
663,1.0152264806606581e-8
664,3.4412016702844994e-7
665,3.339553700243414e-7
666,3.339553700243414e-7
667,3.1951938694874116e-7
668,3.339553700243414e-7
669,3.339553700243414e-7
670,4.8189009248744696e-5
671,1.5777857242937898e-6
672,0.5620890259742737
673,0.056699905544519424
674,0.012579790316522121
675,0.21283318102359772
676,1.1851372983073816e-4
677,0.013516365550458431
678,0.012644472531974316
679,0.01151961088180542
680,0.004389891866594553
681,0.10226709395647049
682,0.0044480254873633385
683,0.002042560838162899
684,0.011156663298606873
685,0.004753304645419121
686,0.007558814715594053
687,0.00428363773971796
688,0.00428363773971796
689,0.00428363773971796
690,0.00428363773971796
691,0.0016107897972688079
692,0.006718927063047886
693,0.003479146398603916
694,0.003479146398603916
695,0.003479146398603916
696,0.003479146398603916
697,0.003479146398603916
698,0.003479146398603916
699,0.003479146398603916
700,8.250502869486809e-4
701,2.846080169547349e-4
702,0.06582225114107132
703,0.006817772518843412
704,0.019617216661572456
705,0.003715462051331997
706,0.008111577481031418
707,0.011302889324724674
708,0.017992043867707253
709,8.837289060465991e-4
710,9.411483188159764e-4
711,8.837289060465991e-4
712,8.837289060465991e-4
713,4.77708614198491e-4
714,8.837289060465991e-4
715,8.837289060465991e-4
716,8.837289060465991e-4
717,8.837289060465991e-4
718,9.411483188159764e-4
719,9.819177212193608e-4
720,9.411483188159764e-4
721,8.837289060465991e-4
722,8.837289060465991e-4
723,4.5178388245403767e-4
724,0.0042747631669044495
725,8.268632809631526e-4
726,0.011104106903076172
727,0.0020387812983244658
728,0.001300985342822969
729,0.004473170265555382
730,0.012333562597632408
731,0.0079050073400139809
732,0.0079050073400139809
733,0.0071383374743163586
734,0.0079050073400139809
735,0.007905003614723682
736,0.0020638382993638515
737,0.003705761395394802
738,0.0079050073400139809
739,0.0025975483004003763
740,0.003705761395394802
741,0.003705761395394802
742,0.003705761395394802
743,0.003705761395394802
744,0.0020638382993638515
745,0.003897924441844225
746,0.003705761395394802
747,0.10172268003225327
748,0.003705761395394802
749,0.10172268003225327
750,8.639020379632711e-4
751,0.009256898425519466
752,0.009256898425519466
753,0.007023830898106098
754,0.00697907293215394
755,0.0019527466502040625
756,0.0014224376063793898
757,0.0019527466502040625
758,0.0019527466502040625
759,0.0019527466502040625
760,0.0014224376063793898
761,0.0014224376063793898
762,0.0036828527227044106
763,0.0014224376063793898
764,0.0019527466502040625
765,0.005392193328589201
766,0.0016865570796653628
767,0.0024868478067219257
768,0.0024868478067219257
769,0.0024868478067219257
770,0.0024868478067219257
771,8.845704724080861e-4
772,0.16715621948242188
773,0.006914264988154173
774,0.0026297748554497957
775,0.0026297748554497957
776,0.0026297748554497957
777,0.006914264988154173
778,0.001652227365411818
779,0.010147366672754288
780,0.0016396241262555122
781,0.002598158549517393
782,0.0027721927035599947
783,0.0016396241262555122
784,0.0027721927035599947
785,0.0016396241262555122
786,0.024953745305538177
787,0.0072800470516085625
788,0.011253952980041504
789,0.0026440282817929983
790,0.007370756473392248
791,0.02879960648715496
792,0.013645041733980179
793,0.007370756473392248
794,0.007370756473392248
795,0.007370756473392248
796,0.0010287106269970536
797,0.007370756473392248
798,0.007370756473392248
799,0.07876367121934891
800,0.008434620685875416
801,0.004625053610652685
802,0.002420515287667513
803,0.002420515287667513
804,0.001222656574100256
805,0.001222656574100256
806,0.001222656574100256
807,0.001222656574100256
808,0.001222656574100256
809,0.001222656574100256
810,0.005908231250941753
811,6.978817982599139e-4
812,0.34011372923851013
813,0.010419941507279873
814,0.007017720956355333
815,0.008207003585994244
816,0.004079177975654602
817,6.854545063106343e-5
818,0.0017221744637936354
819,0.005833055358380079
820,6.037364364601672e-4
821,6.473988760262728e-4
822,5.643510958179832e-4
823,8.668602094985545e-4
824,2.2777494450565428e-4
825,0.0017199148423969746
826,0.011110560037195683
827,6.650916184298694e-4
828,6.650916184298694e-4
829,0.0011478891829028726
830,0.0011478891829028726
831,0.0018469874048605561
832,0.006943880580365658
833,6.650916184298694e-4
834,2.036889927694574e-4
835,0.0012260432122275233
836,6.599013577215374e-4
837,6.599013577215374e-4
838,0.0011359649943187833
839,0.0011359649943187833
840,0.0011359649943187833
841,0.0011359649943187833
842,6.599013577215374e-4
843,0.0011359649943187833
844,0.011292705312371254
845,0.011292705312371254
846,0.003217482939362526
847,0.004338810686022043
848,0.004338810686022043
849,0.007067599333822727
850,0.006364502478390932
851,0.7499632239341736
852,0.012724618427455425
853,0.00941471941769123
854,0.6801111698150635
855,0.007392405066639185
856,0.011858165264129639
857,9.602893842384219e-4
858,0.010220489464700222
859,0.01793963462114334
860,0.0055802506394684315
861,0.01674679107964039
862,0.0055802506394684315
863,0.0012699963990598917
864,0.016987785696983337
865,0.007339720148593187
866,0.006442221347242594
867,0.014515205286443233
868,0.08600844442844391
869,0.0017122150165960193
870,0.0017122150165960193
871,0.010133745148777962
872,0.010133745148777962
873,0.0025523905642330647
874,0.010450824163854122
875,0.002263445407152176
876,0.010659508407115936
877,0.0017122150165960193
878,0.0017122150165960193
879,0.05305061116814613
880,0.22110934555530548
881,0.002587649505585432
882,0.005411566235125065
883,0.35435399413108826
884,0.005411566235125065
885,0.0010700204875320196
886,0.005184309557080269
887,0.0010700204875320196
888,0.0010700204875320196
889,6.311114993877709e-4
890,0.001156234066002071
891,0.006869972683489323
892,3.5833676520269364e-5
893,0.010766731575131416
894,0.024616029113531113
895,0.08114814758300781
896,0.003757016034796834
897,0.0038004210218787193
898,0.0049696085043251514
899,0.015576575882732868
900,0.02059139311313629
901,0.006519672926515341
902,0.007663710042834282
903,0.007407794706523418
904,0.006060230080038309
905,0.024786904454231262
906,0.01088081393390894
907,0.12006553262472153
908,0.007053571753203869
909,0.0053653293289244175
910,0.011049815453588963
911,0.055085379630327225
912,0.010398544371128082
913,0.7460033893585205
914,7.420095789711922e-5
915,7.420095789711922e-5
916,7.420095789711922e-5
917,4.7286704648286104e-4
918,7.420095789711922e-5
919,7.420095789711922e-5
920,0.0024963999167084694
921,0.0024963999167084694
922,7.420095789711922e-5
923,7.420095789711922e-5
924,7.420095789711922e-5
925,0.025365350767970085
926,0.014981245622038841
927,0.10924690216779709
928,0.008038216270506382
929,0.2679148018360138
930,0.0012482735328376293
931,0.08984099328517914
932,0.009822683408856392
933,0.0036148433573544025
934,0.8620608448982239
935,0.003532028989866376
936,0.012658238410949707
937,0.778624951839447
938,0.012965436093509197
939,0.012150626629590988
940,0.010812959633767605
941,0.007731147110462189
942,0.011517005041241646
943,0.018486609682440758
944,0.01097289938479662
945,0.02675754949450493
946,0.7714189291000366
947,0.7782338261604309
948,0.10821294784545898
949,0.8165073990821838
950,0.002119633136317134
951,0.006339796353131533
952,0.0750730037689209
953,0.0046759601682424545
954,0.0027518561109900475
955,0.0030473265796899796
956,0.007482255809009075
957,0.040083542466163635
958,0.0015088438522070646
959,0.0010505979880690575
960,0.001022781478241086
961,8.473946363665164e-4
962,9.505986236035824e-4
963,0.002870096592232585
964,0.0019590698648244143
965,0.01753871887922287
966,0.005884421057999134
967,2.7472851797938347e-4
968,0.0027683963999152184
969,0.0028214077465236187
970,0.001998791703954339
971,5.711319390684366e-4
972,1.0375592682976276e-4
973,6.118171731941402e-4
974,1.0375592682976276e-4
975,3.6535292747430503e-4
976,0.005030487664043903
977,0.004441589582711458
978,0.0036066193133592606
979,6.118171731941402e-4
980,2.9145757434889674e-4
981,0.0030803533736616373
982,2.537126129027456e-4
983,0.0018843747675418854
984,0.0014131523203104734
985,0.002001076005399227
986,0.002001076005399227
987,0.0021605119109153748
988,0.0026939783710986376
989,0.0021605119109153748
990,0.004604864399880171
991,2.550360804889351e-4
992,6.685359985567629e-4
993,0.0017300342442467809
994,0.05000049248337746
995,0.004952970426529646
996,0.0012373862555250525
997,0.001163514913059771
998,2.4694830062799156e-4
999,2.308375114807859e-4
1000,2.0130300254095346e-4
1001,2.308375114807859e-4
1002,2.308375114807859e-4
1003,2.308375114807859e-4
1004,0.006920256186276674
1005,0.0012297332286834717
1006,2.6910300948657095e-4
1007,7.887533138273284e-5
1008,7.994392653927207e-4
1009,0.001097827684134245
1010,9.929996449500322e-4
1011,0.0016461396589875221
1012,0.001367941265925765
1013,9.929996449500322e-4
1014,0.001367941265925765
1015,0.0022055339068174362
1016,0.01171194203197956
1017,6.523518550238805e-6
1018,6.523518550238805e-6
1019,6.523518550238805e-6
1020,0.007548737805336714
1021,0.00889243558049202
1022,5.222403842708445e-7
1023,1.163625853450867e-7
1024,0.0011504237772896886
1025,0.001978568732738495
1026,0.0011132726212963462
1027,0.0011132726212963462
1028,0.0075058587826788425
1029,0.015671245753765106
1030,0.006164532620459795
1031,0.0030393751803785563
1032,0.007731209974735975
1033,0.00842144712805748
1034,0.005363191943615675
1035,0.00619844812899828
1036,1.1795332284236792e-6
1037,1.1795332284236792e-6
1038,2.308310513399192e-6
1039,3.762546157304314e-6
1040,0.00396833848208189
1041,0.0034283020067960024
1042,0.017249444499611855
1043,0.0056036002933979034
1044,0.009905777871608734
1045,0.007781018503010273
1046,0.3258480727672577
1047,1.4014171938470099e-5
1048,2.5375591576448642e-5
1049,0.027066832408308983
1050,0.0014238700969144702
1051,1.6203885024879128e-4
1052,3.2147791353054345e-4
1053,1.4776207535760477e-5
1054,2.2860915123601444e-5
1055,7.215010555228218e-5
1056,0.004652061965316534
1057,0.31856483221054077
1058,0.5095914006233215
1059,0.004943721927702427
1060,0.18449625372886658
1061,0.25184354186058044
1062,6.763653946109116e-4
1063,2.309249794052448e-5
1064,2.0734741701744497e-4
1065,0.0021733203902840614
1066,1.8223301594844088e-5
1067,3.060645394725725e-5
1068,4.4190179323777556e-4
1069,4.363036132417619e-4
1070,0.26339858770370483
1071,0.018945444375276566
1072,0.0034906980581581593
1073,0.0012912170495837927
1074,0.002467662561684847
1075,7.749944779789075e-5
1076,3.879473661072552e-4
1077,3.900431329384446e-4
1078,0.04935402050614357
1079,0.012575625441968441
1080,2.0807519831578247e-5
1081,1.2427274486981332e-4
1082,5.337301263352856e-5
1083,1.163328270195052e-4
1084,3.5442624357528985e-4
1085,0.015005371533334255
1086,2.388922257523518e-5
1087,0.0010374155826866627
1088,0.004414908122271299
1089,1.1877076758537441e-4
1090,2.102191501762718e-4
1091,2.479127942933701e-5
1092,1.9253589925938286e-5
1093,7.534544565714896e-4
1094,1.3101319382258225e-5
1095,3.6592682590708137e-4
1096,1.428761170245707e-4
1097,0.001447523944079876
1098,5.894160713069141e-4
1099,0.0018312189495190978
1100,0.011108258739113808
1101,4.884918780589942e-6
1102,0.0054063028655946255
1103,4.5458218664862216e-5
1104,4.179292318440275e-6
1105,1.3930791737948311e-6
1106,6.824066076660529e-7
1107,3.5847704804581326e-9
1108,3.85506524480661e-8
1109,1.9834163478282818e-10
1110,0.015208791010081768
1111,0.00318090058863163
1112,1.994988415390253e-4
1113,2.900568360928446e-4
1114,2.093003786285408e-6
1115,6.883058085804805e-5
1116,8.709659450687468e-4
1117,5.633244654745795e-5
1118,6.968483212403953e-4
1119,0.023280281573534012
1120,1.1301250196993351e-5
1121,0.0012745211133733392
1122,1.814859133446589e-4
1123,0.008208808489143848
1124,0.012487717904150486
1125,0.00952425692230463
1126,0.05037276819348335
1127,0.0035632371436804533
1128,0.200858473777771
1129,0.00889479648321867
1130,0.024052416905760765
1131,0.0022563214879482985
1132,0.7404147386550903
1133,0.003025620710104704
1134,0.01068093627691269
1135,4.2137119453400373e-4
1136,3.1501890043728054e-4
1137,0.027254216372966766
1138,5.032679182477295e-4
1139,3.7288593011908233e-4
1140,5.084528238512576e-4
1141,1.2598384637385607e-4
1142,0.006423436105251312
1143,0.007140554487705231
1144,2.4910439606173895e-5
1145,0.03334077447652817
1146,0.2554847300052643
1147,0.19556456804275513
1148,8.694291318533942e-5
1149,2.1482976535480702e-6
1150,3.9654996726312675e-6
1151,8.787644765106961e-5
1152,0.002171541331335902
1153,0.0010576280765235424
1154,0.02095491625368595
1155,0.05475851148366928
1156,0.003887832397595048
1157,6.039709551259875e-4
1158,0.001243610866367817
1159,1.7326899978797883e-4
1160,1.2986638466827571e-4
1161,0.00286635709926486
1162,0.011592941358685493
1163,0.15239475667476654
1164,8.099351543933153e-5
1165,8.919168612919748e-5
1166,2.4961732560768723e-4
1167,0.003630026476457715
1168,1.0051406570710242e-4
1169,4.613707460521255e-6
1170,1.3257231330499053e-5
1171,2.181671588914469e-4
1172,3.3727273694239557e-4
1173,4.120359517401084e-5
1174,0.031012345105409622
1175,0.044258348643779755
1176,0.02824672870337963
1177,0.024646811187267303
1178,5.40932931471616e-4
1179,7.932928274385631e-4
1180,1.576029899297282e-4
1181,1.6615415006526746e-5
1182,1.6264426449197344e-5
1183,4.4200489355716854e-5
1184,9.009737550513819e-5
1185,0.05703738331794739
1186,2.8503776775323786e-5
1187,0.4210665822029114
1188,4.904689558316022e-5
1189,4.2803520045708865e-5
1190,0.007259959354996681
1191,1.432359294994967e-5
1192,1.1242750588280614e-5
1193,1.283156052522827e-5
1194,0.0012992207193747163
1195,6.736828363500535e-4
1196,5.78074948862195e-4
1197,0.0064195506274700165
1198,0.0011292444542050362
1199,0.0015275824116542935
1200,0.0012947169598191977
1201,0.004397041164338589
1202,3.387652395758778e-4
1203,9.039737633429468e-4
1204,6.510982057079673e-4
1205,1.819790923036635e-4
1206,9.504890767857432e-4
1207,3.406924952287227e-4
1208,0.002494664629921317
1209,9.645506361266598e-5
1210,7.643767276022118e-6
1211,0.008672881871461868
1212,0.007080044597387314
1213,0.0240277461707592
1214,0.3164181411266327
1215,0.010463278740644455
1216,0.041925638914108276
1217,0.011924900114536285
1218,9.865110041573644e-4
1219,0.08552476018667221
1220,0.05748403072357178
1221,0.016035405918955803
1222,0.006363407708704472
1223,8.805637480691075e-5
1224,9.315162606071681e-5
1225,0.0018499636789783835
1226,0.008612384088337421
1227,0.0104848463088274
1228,1.4411799202207476e-4
1229,8.317395986523479e-5
1230,0.02722306363284588
1231,9.018797572935e-5
1232,0.002426421269774437
1233,3.0240920023061335e-4
1234,0.003130910685285926
1235,7.413009006995708e-5
1236,1.4550861669704318e-4
1237,3.884332545567304e-4
1238,0.011453195475041866
1239,0.0021231521386653185
1240,0.012330442667007446
1241,0.006556572858244181
1242,0.016103403642773628
1243,0.1913318932056427
1244,1.8474317039363086e-4
1245,8.062828555921442e-7
1246,9.493451216258109e-4
1247,4.6317678061313927e-4
1248,5.383773896028288e-5
1249,6.001301808282733e-4
1250,7.899894844740629e-4
1251,0.0077768415212631226
1252,3.026442718692124e-4
1253,3.1764840241521597e-4
1254,1.6936956671997905e-4
1255,2.457284790580161e-5
1256,0.002171543426811695
1257,9.720748057588935e-4
1258,1.6290486382786185e-4
1259,3.747799928532913e-5
1260,0.008047967217862606
1261,3.1587678677169606e-5
1262,0.0016415695426985621
1263,6.648948765359819e-4
1264,1.1523603461682796e-4
1265,0.25345417857170105
1266,0.6577931642532349
1267,0.6792498826980591
1268,0.0017123095458373427
1269,0.0029690333176404238
1270,0.003378757042810321
1271,0.01350046694278717
1272,0.0016296517569571733
1273,0.009880541823804379
1274,0.024741990491747856
1275,0.5636500120162964
1276,0.04056493565440178
1277,0.0014129222836345434
1278,0.5676465034484863
1279,0.6965678930282593
1280,0.04856250062584877
1281,0.864641547203064
1282,0.003784992266446352
1283,0.03733845800161362
1284,0.0018280971562489867
1285,0.30425921082496643
1286,0.22813469171524048
1287,0.02573392167687416
1288,0.1772800236940384
1289,3.365786396898329e-4
1290,1.9765242177527398e-4
1291,0.03248745575547218
1292,0.013148696161806583
1293,0.006794854067265987
1294,6.813942309236154e-5
1295,4.639058170141652e-5
1296,0.0023814609739929438
1297,0.0031240552198141813
1298,0.07302304357290268
1299,2.297048740729224e-5
1300,0.005911402404308319
1301,0.0014082272537052631
1302,0.0014470643363893032
1303,1.96302033145912e-4
1304,4.840730398427695e-4
1305,9.3597243539989e-4
1306,0.037182483822107315
1307,0.02729908935725689
1308,0.008329367265105247
1309,0.018190773203969002
1310,0.0027859611436724663
1311,0.00810206402093172
1312,2.7959487852058373e-5
1313,2.3003491514828056e-4
1314,2.5964598171412945e-4
1315,8.478278759866953e-4
1316,2.0515004871413112e-4
1317,9.396640816703439e-4
1318,3.6351510061649606e-5
1319,3.339934119139798e-5
1320,4.699847977462923e-6
1321,2.2678634559269994e-4
1322,5.249394453130662e-4
1323,5.2022471209056675e-5
1324,2.0966108422726393e-4
1325,0.07631687074899673
1326,0.2683534324169159
1327,1.0501637734705582e-4
1328,0.0031487366650253534
1329,1.2832337233703583e-4
1330,1.5265461115632206e-4
1331,0.010753052309155464
1332,1.2270161823835224e-4
1333,0.009974539279937744
1334,7.60106195230037e-4
1335,1.0802289034472778e-4
1336,0.00317023484967649
1337,0.0013963114470243454
1338,0.34192392230033875
1339,9.708724683150649e-4
1340,0.009096382185816765
1341,0.09854839742183685
1342,0.07713310420513153
1343,0.021005267277359962
1344,0.016943499445915222
1345,0.006238712929189205
1346,5.891237524338067e-4
1347,7.495749741792679e-4
1348,0.012159694917500019
1349,0.0014577091205865145
1350,0.0011656054994091392
1351,1.4188612112775445e-4
1352,2.0416789539012825e-6
1353,3.798049647230073e-6
1354,0.026135656982660294
1355,0.007095158565789461
1356,8.865483687259257e-5
1357,4.4208846520632505e-4
1358,0.001687475829385221
1359,3.897333226632327e-4
1360,8.375375182367861e-4
1361,2.2121301299193874e-5
1362,8.782922122918535e-6
1363,2.0721504370158073e-6
1364,0.005214453674852848
1365,0.002387259155511856
1366,0.4041518568992615
1367,0.7577795386314392
1368,0.012124457396566868
1369,0.011181537061929703
1370,4.8329064156860113e-4
1371,0.008116966113448143
1372,0.09082180261611938
1373,0.017432771623134613
1374,0.023568857461214066
1375,0.028920521959662437
1376,0.7669371366500854
1377,0.7669371962547302
1378,0.009296468459069729
1379,0.0022180513478815556
1380,0.005387383047491312
1381,0.01085205189883709
1382,0.0032095557544380426
1383,0.005897536873817444
1384,0.002768643433228135
1385,0.013622553087770939
1386,0.0546194426715374
1387,0.04156426340341568
1388,0.010638770647346973
1389,0.008692504838109016
1390,0.010295698419213295
1391,0.017529066652059555
1392,0.007627123035490513
1393,0.004292514640837908
1394,0.018013905733823776
1395,0.004179778043180704
1396,0.009471705183386803
1397,0.005518299527466297
1398,0.015851296484470367
1399,0.002814263803884387
1400,0.00694131338968873
1401,0.5524882674217224
1402,0.013433442451059818
1403,0.016498006880283356
1404,0.01887686178088188
1405,0.0157584547996521
1406,0.010007394477725029
1407,0.007898352108895779
1408,0.3059942126274109
1409,0.2847277522087097
1410,0.008793802000582218
1411,0.016813252121210098
1412,0.03508910536766052
1413,0.02803131751716137
1414,0.8325408101081848
1415,0.006864606402814388
1416,0.007266973610967398
1417,0.01985628344118595
1418,0.1404876410961151
1419,0.008313962258398533
1420,2.2562943922821432e-4
1421,0.10461141914129257
1422,0.0801873505115509
1423,0.23663800954818726
1424,0.08311966061592102
1425,0.022377237677574158
1426,0.007262224331498146
1427,0.15212488174438477
1428,0.010700399056077003
1429,0.027558179572224617
1430,0.1148993968963623
1431,0.024517342448234558
1432,0.014689217321574688
1433,0.022984832525253296
1434,0.06867723166942596
1435,0.02499324269592762
1436,0.31534379720687866
1437,0.25832200050354004
1438,0.04176749661564827
1439,0.01387001108378172
1440,0.8063651323318481
1441,0.023639144375920296
1442,0.1495702862739563
1443,0.012181141413748264
1444,0.005612678360193968
1445,0.006494758650660515
1446,0.0185043103992939
1447,0.011079142801463604
1448,0.01554167177528143
1449,0.6198679804801941
1450,0.012690418399870396
1451,0.0638817772269249
1452,0.07006705552339554
1453,0.036889493465423584
1454,0.1552780121564865
1455,0.027362538501620293
1456,0.012503269128501415
1457,0.011685974895954132
1458,0.02243097685277462
1459,0.012687316164374352
1460,0.018017373979091644
1461,0.3261069357395172
1462,0.0025628020521253347
1463,0.018237635493278503
1464,0.034092165529727936
1465,0.03210070729255676
1466,0.024580202996730804
1467,0.06585030257701874
1468,0.010625873692333698
1469,0.01705666445195675
1470,0.8097120523452759
1471,0.022179698571562767
1472,0.19848985970020294
1473,0.010936729609966278
1474,0.020108560100197792
1475,0.0061050462536513805
1476,0.013662791810929775
1477,0.7760400772094727
1478,0.010684252716600895
1479,0.0049629113636910915
1480,0.08262871205806732
1481,0.27473151683807373
1482,0.02564374916255474
1483,0.024729400873184204
1484,0.1085762307047844
1485,0.017040269449353218
1486,0.3882845938205719
1487,0.013641261495649815
1488,0.05373305082321167
1489,0.01079215481877327
1490,0.010184568352997303
1491,0.22388328611850739
1492,0.0345042459666729
1493,0.00444169482216239
1494,0.014170467853546143
1495,0.014170467853546143
1496,0.23698215186595917
1497,0.24174581468105316
1498,0.020036492496728897
1499,0.020808257162570953
1500,0.005923455115407705
1501,0.01666206307709217
1502,0.8216805458068848
1503,0.08700926601886749
1504,0.010343268513679504
1505,0.011635675095021725
1506,0.06548325717449188
1507,0.0854676365852356
1508,0.10781385749578476
1509,0.028355054557323456
1510,0.13410252332687378
1511,0.2215055525302887
1512,0.18144288659095764
1513,0.22992202639579773
1514,0.01624058559536934
1515,0.02311123162508011
1516,0.33371320366859436
1517,0.3744009733200073
1518,0.7846367359161377
1519,0.7846367359161377
1520,0.07590628415346146
1521,0.5047632455825806
1522,0.018432779237627983
1523,0.026625292375683784
1524,0.17879851162433624
1525,0.04142804443836212
1526,0.40583521127700806
1527,0.9053442478179932
1528,0.01339148823171854
1529,0.012354154139757156
1530,0.023553695529699326
1531,0.0694892406463623
1532,0.016911370679736137
1533,0.027218002825975418
1534,0.008963926695287228
1535,0.02582911215722561
1536,0.030100183561444283
1537,0.022508420050144196
1538,0.012193186208605766
1539,0.029828684404492378
1540,0.01759425736963749
1541,0.011583950370550156
1542,0.10628315061330795
1543,0.35921332240104675
1544,0.13786132633686066
1545,0.30354344844818115
1546,0.07982082664966583
1547,0.024812832474708557
1548,0.35659170150756836
1549,0.07593667507171631
1550,0.02957250364124775
1551,0.0035347859375178814
1552,0.07511843740940094
1553,0.06652969866991043
1554,0.05666327103972435
1555,0.06164482608437538
1556,0.7779661417007446
1557,0.023726655170321465
1558,0.1409180909395218
1559,0.00522824889048934
1560,0.06479853391647339
1561,0.5005454421043396
1562,0.367471843957901
1563,0.01166494470089674
1564,0.04095298796892166
1565,0.028047192841768265
1566,0.09128238260746002
1567,0.11380282789468765
1568,0.015529762022197247
1569,0.009034876711666584
1570,0.0035453862510621548
1571,0.07647985965013504
1572,0.05862739682197571
1573,0.0035453862510621548
1574,0.004679447505623102
1575,0.018736692145466805
1576,0.023971227928996086
1577,0.048902951180934906
1578,0.7683214545249939
1579,0.024286236613988876
1580,0.02367554046213627
1581,0.11065330356359482
1582,0.04202498495578766
1583,0.012333044782280922
1584,0.016537176445126534
1585,0.6356800198554993
1586,0.009147687815129757
1587,0.04365953058004379
1588,0.7791921496391296
1589,0.2062402069568634
1590,0.03817363455891609
1591,0.06291946768760681
1592,0.05688980221748352
1593,0.02373501844704151
1594,0.004555283579975367
1595,0.021700197830796242
1596,0.013653213158249855
1597,0.015411189757287502
1598,0.24930661916732788
1599,0.41005223989486694
1600,0.023292455822229385
1601,0.20012804865837097
1602,0.08128482103347778
1603,0.01893194206058979
1604,0.01334788091480732
1605,0.013348658569157124
1606,0.014130250550806522
1607,0.06428685784339905
1608,0.05948067456483841
1609,0.08214422315359116
1610,0.02851984091103077
1611,0.015894290059804916
1612,0.04351946339011192
1613,0.2890189588069916
1614,0.8332513570785522
1615,0.022850289940834045
1616,0.02106330730021
1617,0.05831683427095413
1618,0.0056521897204220295
1619,0.12428802996873856
1620,0.0018370976904407144
1621,0.018306808546185493
1622,0.8081090450286865
1623,0.01547012384980917
1624,0.0034629267174750566
1625,0.015344795770943165
1626,0.013184377923607826
1627,5.04071285831742e-5
1628,5.12948608957231e-4
1629,4.8687743401387706e-5
1630,3.7629768485203385e-5
1631,0.044547125697135925
1632,0.026029551401734352
1633,0.04144904389977455
1634,0.025968512520194054
1635,0.020261816680431366
1636,0.02388833649456501
1637,0.05102865770459175
1638,0.045956727117300034
1639,0.05057934671640396
1640,0.010470532812178135
1641,0.820996880531311
1642,0.03658005967736244
1643,0.0933329164981842
1644,0.054158203303813934
1645,0.08982549607753754
1646,0.7772786617279053
1647,0.02164887823164463
1648,0.009488316252827644
1649,0.003817684482783079
1650,0.1341320425271988
1651,0.010166941210627556
1652,0.417125403881073
1653,0.07944533228874207
1654,0.01690555177628994
1655,0.028610920533537865
1656,0.009753718040883541
1657,0.9070305228233337
1658,0.012629574164748192
1659,0.03379568085074425
1660,0.013662798330187798
1661,0.01915360800921917
1662,0.009649806655943394
1663,0.2774684727191925
1664,0.01302448008209467
1665,0.022253412753343582
1666,0.006007432471960783
1667,0.030986487865447998
1668,0.01203507836908102
1669,0.010137951001524925
1670,0.3251977860927582
1671,0.06359945982694626
1672,0.09815903007984161
1673,0.13776732981204987
1674,0.018926020711660385
1675,0.01220504567027092
1676,0.008708540350198746
1677,0.005886847618967295
1678,0.005561210680752993
1679,0.009629513137042522
1680,0.021404752507805824
1681,0.023053200915455818
1682,0.19174151122570038
1683,0.016606919467449188
1684,0.015286359004676342
1685,0.04805441573262215
1686,0.14200647175312042
1687,0.16188013553619385
1688,0.07826545089483261
1689,0.6140226125717163
1690,0.006711214780807495
1691,0.006553573999553919
1692,0.7429906725883484
1693,0.014593498781323433
1694,0.02558233216404915
1695,0.013226157985627651
1696,0.08806221187114716
1697,0.007520803716033697
1698,0.0013473250437527895
1699,0.0026835380122065544
1700,0.01248376164585352
1701,0.0031139778438955545
1702,0.01198478415608406
1703,0.005464646499603987
1704,0.021124044433236122
1705,0.011059010401368141
1706,0.7546200156211853
1707,0.006769754458218813
1708,0.00927471462637186
1709,0.0023869299329817295
1710,0.010127419605851173
1711,0.01109293382614851
1712,0.014377673156559467
1713,3.3024876029230654e-4
1714,0.012051498517394066
1715,0.010301710106432438
1716,0.012051498517394066
1717,3.3024876029230654e-4
1718,0.009705630131065845
1719,0.02490287274122238
1720,0.017777983099222183
1721,0.0013914640294387937
1722,0.007134914398193359
1723,0.41633880138397217
1724,0.0010053785517811775
1725,0.0012158331228420138
1726,0.014814705587923527
1727,8.945495937950909e-4
1728,0.0330837145447731
1729,0.007229666691273451
1730,0.0072555686347186565
1731,0.011170580983161926
1732,0.004273482598364353
1733,0.003978387452661991
1734,0.002142708981409669
1735,0.0078107211738824844
1736,0.0010919133201241493
1737,0.0010919133201241493
1738,0.0010919133201241493
1739,0.010112005285918713
1740,0.0017632875824347138
1741,0.012885145843029022
1742,0.05072638392448425
1743,0.005388893187046051
1744,0.012974477373063564
1745,0.012974477373063564
1746,0.02300952561199665
1747,0.005785597488284111
1748,0.0073452359065413475
1749,0.0017221728339791298
1750,0.003328332444652915
1751,0.019657261669635773
1752,6.327264127321541e-4
1753,0.019782468676567078
1754,0.0035827052779495716
1755,1.8217318574897945e-4
1756,1.8217318574897945e-4
1757,1.8217318574897945e-4
1758,2.952581562567502e-4
1759,2.9525786521844566e-4
1760,2.9525786521844566e-4
1761,2.952581562567502e-4
1762,0.015836404636502266
1763,0.00887966901063919
1764,0.0014139910927042365
1765,0.0015456312103196979
1766,0.0011639229487627745
1767,0.0010556544875726104
1768,0.002497103065252304
1769,0.015500699169933796
1770,3.4086161758750677e-4
1771,0.2905970811843872
1772,0.002138221636414528
1773,0.0027509494684636593
1774,0.010326715186238289
1775,6.881799781695008e-4
1776,7.369736558757722e-4
1777,2.967321197502315e-4
1778,7.658592076040804e-4
1779,0.007449652533978224
1780,0.37405267357826233
1781,0.0019140472868457437
1782,0.0019140472868457437
1783,0.03221888467669487
1784,0.0019140472868457437
1785,0.022950226441025734
1786,0.0019140472868457437
1787,5.150160286575556e-4
1788,0.00802428275346756
1789,0.010248921811580658
1790,0.61461341381073
1791,0.0012589121470227838
1792,5.309089829097502e-6
1793,2.6203112793155015e-4
1794,2.6203112793155015e-4
1795,2.6203112793155015e-4
1796,8.911950135370716e-5
1797,2.6203112793155015e-4
1798,2.6203112793155015e-4
1799,0.01039062812924385
1800,0.0077570234425365925
1801,0.7283110022544861
1802,0.004243490751832724
1803,0.6640415787696838
1804,0.001342815812677145
1805,0.003499450394883752
1806,0.00911766942590475
1807,0.005717831198126078
1808,0.009078875184059143
1809,5.742238136008382e-4
1810,0.011075642891228199
1811,5.742238136008382e-4
1812,0.0028979270718991756
1813,0.0380396842956543
1814,0.0038828642573207617
1815,7.632726337760687e-4
1816,2.016595535678789e-4
1817,7.048656116239727e-4
1818,2.1013058722019196e-4
1819,2.1013058722019196e-4
1820,2.20488800550811e-4
1821,9.812751086428761e-4
1822,0.0023251683451235294
1823,0.017554493620991707
1824,0.011140026152133942
1825,0.0017612400697544217
1826,0.0034891064278781414
1827,0.004785912577062845
1828,0.004785912577062845
1829,0.01234038919210434
1830,0.002107705222442746
1831,0.0027262333314865828
1832,0.004111715592443943
1833,0.001161225256510079
1834,0.001161225256510079
1835,2.5363039458170533e-4
1836,0.0031951898708939552
1837,0.008090201765298843
1838,0.0010846308432519436
1839,0.005193992983549833
1840,0.010862595401704311
1841,0.02038179337978363
1842,5.212995456531644e-4
1843,0.0032629366032779217
1844,0.030418433248996735
1845,9.73485002759844e-5
1846,9.73485002759844e-5
1847,6.937195430509746e-4
1848,0.009031107649207115
1849,1.532943861093372e-4
1850,0.00550606707111001
1851,0.03499356657266617
1852,3.1297520035877824e-4
1853,0.0015127453953027725
1854,0.002658156445249915
1855,5.149126518517733e-4
1856,0.0013981647789478302
1857,0.003710731165483594
1858,1.1071015615016222e-4
1859,1.1071015615016222e-4
1860,2.0890618907287717e-4
1861,0.009893406182527542
1862,0.00423016119748354
1863,0.0027123605832457542
1864,0.002779899165034294
1865,0.003941728267818689
1866,0.012745242565870285
1867,0.7263185977935791
1868,0.0030377632938325405
1869,0.03135440871119499
1870,0.013321047648787498
1871,9.588132961653173e-4
1872,0.00421556644141674
1873,0.015668736770749092
1874,6.48083514533937e-4
1875,5.071896594017744e-4
1876,0.011944182217121124
1877,0.028641749173402786
1878,0.00198306143283844
1879,0.0012041563168168068
1880,0.006340663880109787
1881,0.06654679030179977
1882,0.012888699769973755
1883,0.011666979640722275
1884,7.620553951710463e-4
1885,0.008324441500008106
1886,0.0012686139671131968
1887,0.006609504576772451
1888,0.0012686139671131968
1889,0.0012686139671131968
1890,0.001192936091683805
1891,0.023861320689320564
1892,0.09672077000141144
1893,2.975278184749186e-4
1894,0.012026695534586906
1895,0.0032119881361722946
1896,0.0253115464001894
1897,0.06316811591386795
1898,0.017619941383600235
1899,1.7543350986670703e-4
1900,1.872072789410595e-5
1901,0.009167050011456013
1902,0.014134774915874004
1903,3.792739153141156e-5
1904,0.0010654025245457888
1905,0.004760146606713533
1906,0.004760146606713533
1907,0.004760146606713533
1908,0.004760146606713533
1909,0.004760146606713533
1910,0.004760146606713533
1911,0.004760146606713533
1912,0.014980273321270943
1913,0.010534660890698433
1914,0.019201382994651794
1915,0.0019076921744272113
1916,0.0023494118358939886
1917,0.0023494118358939886
1918,0.0025838210713118315
1919,8.981619030237198e-4
1920,4.722371231764555e-4
1921,0.018746688961982727
1922,4.7223622095771134e-4
1923,1.7181906150653958e-4
1924,3.718100197147578e-4
1925,1.7181906150653958e-4
1926,0.0024078337009996176
1927,0.0067633516155183315
1928,0.0267502311617136
1929,0.010155359283089638
1930,0.004002686124294996
1931,0.09500297904014587
1932,0.5558223724365234
1933,0.002529298886656761
1934,0.006250347942113876
1935,0.002529298886656761
1936,5.90072013437748e-4
1937,0.006551928352564573
1938,0.0075725382193923
1939,0.009504158049821854
1940,0.004980289377272129
1941,8.407490677200258e-4
1942,0.009488455951213837
1943,0.052508048713207245
1944,0.01190111879259348
1945,0.09942932426929474
1946,0.044437192380428314
1947,0.0017469357699155807
1948,0.00919537153095007
1949,0.02961111068725586
1950,0.002029874362051487
1951,0.0016277041286230087
1952,0.0022791591472923756
1953,0.032125115394592285
1954,0.037552379071712494
1955,0.017641190439462662
1956,0.005265505984425545
1957,0.0021609889809042215
1958,0.002693125046789646
1959,0.003697118489071727
1960,0.002693125046789646
1961,0.002693125046789646
1962,5.187265342101455e-4
1963,0.002693125046789646
1964,0.002693125046789646
1965,0.5767980813980103
1966,0.002693125046789646
1967,0.002693125046789646
1968,0.004986961837857962
1969,0.002693125046789646
1970,0.002693125046789646
1971,0.001367446850053966
1972,0.006284117233008146
1973,0.004402089398354292
1974,0.0037382037844508886
1975,0.004021632019430399
1976,0.001200742437504232
1977,0.001200742437504232
1978,0.0012852571671828628
1979,0.0012852571671828628
1980,8.636555867269635e-4
1981,0.001367446850053966
1982,0.0015296231722459197
1983,0.004250241909176111
1984,0.004507385194301605
1985,0.0016014903085306287
1986,0.005594084970653057
1987,0.014594883657991886
1988,0.0015296231722459197
1989,0.012064755894243717
1990,0.010599663481116295
1991,0.23752157390117645
1992,0.003829424502328038
1993,0.0050010886043310165
1994,0.010066595859825611
1995,1.7545607988722622e-4
1996,1.875567395472899e-4
1997,0.02609134651720524
1998,0.04351858049631119
1999,0.02613580971956253
2000,0.00755135715007782
2001,0.01718839444220066
2002,0.011397645808756351
2003,0.02769635058939457
2004,0.013501240871846676
2005,0.02425486221909523
2006,0.011201451532542706
2007,2.0751454576384276e-4
2008,4.0002341847866774e-5
2009,5.255591167951934e-5
2010,8.50354481372051e-5
2011,5.15804931637831e-5
2012,0.004057242535054684
2013,0.01924116350710392
2014,0.0026987316086888313
2015,0.0013617370277643204
2016,0.002817613771185279
2017,0.010666536167263985
2018,0.039260655641555786
2019,0.0010142490500584245
2020,0.0023156150709837675
2021,0.0023156150709837675
2022,9.336766670458019e-4
2023,0.0023156150709837675
2024,0.0023156150709837675
2025,0.0023156150709837675
2026,0.01383552048355341
2027,0.02938537299633026
2028,0.7351846694946289
2029,0.003912678454071283
2030,0.009588649496436119
2031,2.935983648058027e-4
2032,1.4683620247524232e-4
2033,0.00538354879245162
2034,0.010232111439108849
2035,0.0082955127581954
2036,0.019357768818736076
2037,6.239661597646773e-4
2038,0.014281075447797775
2039,0.011125322431325912
2040,0.021717803552746773
2041,0.0020184300374239683
2042,0.026284148916602135
2043,0.012541607022285461
2044,0.009836950339376926
2045,0.03873532637953758
2046,0.00880834087729454
2047,0.012333944439888
2048,0.003187786787748337
2049,6.119811587268487e-5
2050,0.001993030309677124
2051,0.0011991240317001939
2052,1.9051050185225904e-4
2053,1.3739576388616115e-4
2054,0.00747409462928772
2055,0.03784932196140289
2056,0.0012508758809417486
2057,0.0802106112241745
2058,0.0011695749126374722
2059,1.4572188956663013e-4
2060,0.0014795581810176373
2061,0.004301062319427729
2062,3.88144952012226e-4
2063,0.008303538896143436
2064,0.43937933444976807
2065,0.003707098076120019
2066,0.010479099117219448
2067,1.6826532373670489e-4
2068,0.0037633823230862617
2069,0.02500801905989647
2070,1.613186177564785e-4
2071,3.287991785327904e-5
2072,8.760784985497594e-4
2073,4.8397615319117904e-4
2074,2.6493435143493116e-4
2075,1.0946484690066427e-4
2076,6.904625024617417e-6
2077,7.013931622168457e-7
2078,4.136339271099132e-7
2079,5.805346248166643e-8
2080,1.9681261065329636e-8
2081,3.667569803411652e-9
2082,3.366942835647535e-10
2083,0.0018568646628409624
2084,2.9310307581909e-4
2085,0.0165118221193552
2086,0.011554979719221592
2087,1.814862625906244e-4
2088,0.17683428525924683
2089,0.009210754185914993
2090,0.011744240298867226
2091,0.7706322073936462
2092,0.010279007256031036
2093,4.711746296379715e-4
2094,0.009431477636098862
2095,0.007238107267767191
2096,0.0023971335031092167
2097,0.0816306322813034
2098,0.013408043421804905
2099,0.6799055337905884
2100,0.012844530865550041
2101,0.7435433864593506
2102,0.033746737986803055
2103,0.003265996230766177
2104,0.001800459693185985
2105,5.299258045852184e-4
2106,0.003247803309932351
2107,0.007938376627862453
2108,0.0011232702527195215
2109,0.1077616736292839
2110,0.03497990220785141
2111,0.03807656839489937
2112,0.002514207735657692
2113,0.7705867290496826
2114,0.07945603877305984
2115,0.002895324258133769
2116,0.039542414247989655
2117,0.0020307041704654694
2118,0.006827394478023052
2119,0.009471937082707882
2120,0.0013441285118460655
2121,0.007510161492973566
2122,0.17225538194179535
2123,0.022079315036535263
2124,0.003112055826932192
2125,0.003553643822669983
2126,0.009093399159610271
2127,0.0025988148991018534
2128,0.0022770229261368513
2129,0.33887213468551636
2130,5.888222949579358e-4
2131,0.002886151196435094
2132,0.010651526972651482
2133,0.002125201979652047
2134,5.041588447056711e-4
2135,0.002088777022436261
2136,0.4022153913974762
2137,0.0018225861713290215
2138,9.368553292006254e-4
2139,0.25463441014289856
2140,7.595439674332738e-4
2141,0.012541625648736954
2142,0.007087952457368374
2143,0.0038854617159813643
2144,0.0022286272142082453
2145,0.002796091139316559
2146,0.005537406541407108
2147,0.012289715930819511
2148,0.001192491501569748
2149,0.002178153721615672
2150,0.014180869795382023
2151,0.0011558568803593516
2152,0.002231842139735818
2153,0.007061926182359457
2154,2.7162086917087436e-4
2155,0.007998978719115257
2156,0.005517734680324793
2157,0.0021162088960409164
2158,5.353435990400612e-4
2159,0.003378496738150716
2160,0.005612628068774939
2161,0.0064669386483728886
2162,0.008290540426969528
2163,0.009023161605000496
2164,0.005443274974822998
2165,0.004472949542105198
2166,0.006429357919842005
2167,0.0012021602597087622
2168,2.8402768657542765e-4
2169,4.965971311321482e-5
2170,2.8704176656901836e-4
2171,9.234133758582175e-4
2172,4.816465370822698e-4
2173,4.816465370822698e-4
2174,0.002042063046246767
2175,0.00866283942013979
2176,0.00786309503018856
2177,6.3061632681638e-4
2178,0.005305831786245108
2179,0.006113402079790831
2180,0.007360078394412994
2181,0.03029467537999153
2182,0.01346268318593502
2183,0.0064405580051243305
2184,5.950793856754899e-4
2185,5.950793856754899e-4
2186,0.005485334899276495
2187,0.0012232967419549823
2188,0.005884264130145311
2189,0.0020237986464053392
2190,0.004128632135689259
2191,0.0026958673261106014
2192,4.3255602940917015e-4
2193,0.009847758337855339
2194,0.008290540426969528
2195,0.07041631639003754
2196,2.706365194171667e-4
2197,0.0015340312384068966
2198,0.0014178178971633315
2199,1.0081710934173316e-4
2200,0.0014178178971633315
2201,0.0022000230383127928
2202,8.564181371184532e-6
2203,0.013200274668633938
2204,0.01842733658850193
2205,0.01183774322271347
2206,8.181409066310152e-5
2207,0.006351335905492306
2208,0.010024519637227058
2209,0.010024519637227058
2210,0.009944307617843151
2211,0.003060677321627736
2212,0.004630274139344692
2213,2.6042023091576993e-4
2214,0.0025062509812414646
2215,0.0025062509812414646
2216,0.0034229352604597807
2217,0.0024068602360785007
2218,7.282086153281853e-5
2219,8.618909632787108e-4
2220,4.803977208212018e-4
2221,2.535957537475042e-5
2222,0.0017222907627001405
2223,0.0024982793256640434
2224,0.009141833521425724
2225,0.053477343171834946
2226,0.00503498362377286
2227,0.003020169911906123
2228,0.0016219954704865813
2229,0.002361790044233203
2230,0.003359709633514285
2231,0.0029503132682293653
2232,0.0016150607261806726
2233,8.380280924029648e-4
2234,0.0012659148778766394
2235,0.004602735862135887
2236,0.003083782969042659
2237,0.009851810522377491
2238,0.012918133288621902
2239,0.003849321510642767
2240,0.009023161605000496
2241,9.558220626786351e-4
2242,0.0061354367062449455
2243,0.009661179967224598
2244,0.031069258227944374
2245,0.018957776948809624
2246,0.06071997061371803
2247,0.06013268604874611
2248,0.003966514486819506
2249,0.003966514486819506
2250,0.0020189909264445305
2251,0.00942398700863123
2252,0.009984253905713558
2253,0.054748207330703735
2254,0.00496250856667757
2255,0.008449265733361244
2256,0.008449265733361244
2257,0.010834191925823689
2258,0.008957304060459137
2259,0.04317344352602959
2260,0.0037778120022267103
2261,0.011255339719355106
2262,0.0024831744376569986
2263,0.007458401378244162
2264,0.006619558669626713
2265,0.001798164565116167
2266,0.0063295490108430386
2267,0.7928746342658997
2268,0.004003047477453947
2269,0.003354677464812994
2270,0.0031745624728500843
2271,0.01194776687771082
2272,0.025463450700044632
2273,0.0052131228148937225
2274,0.0116483885794878
2275,7.291064248420298e-4
2276,7.63875839766115e-4
2277,0.0015068135689944029
2278,0.004041009116917849
2279,0.007473479025065899
2280,7.453549769707024e-4
2281,0.011754145845770836
2282,0.022529732435941696
2283,1.5621395141351968e-4
2284,1.654373190831393e-4
2285,3.922299947589636e-4
2286,3.922299947589636e-4
2287,1.6489900008309633e-4
2288,3.922299947589636e-4
2289,4.4997213990427554e-4
2290,4.4997213990427554e-4
2291,3.922299947589636e-4
2292,0.010905737057328224
2293,0.0012761651305481791
2294,0.002259576227515936
2295,0.0012735454365611076
2296,5.815199692733586e-4
2297,0.00680495984852314
2298,0.011946135200560093
2299,7.112248567864299e-5
2300,0.011377091519534588
2301,0.01622501201927662
2302,0.01978207938373089
2303,0.011515539139509201
2304,0.012438531965017319
2305,2.3694908304605633e-4
2306,0.013072015717625618
2307,0.0016868864186108112
2308,0.010626375675201416
2309,0.011384467594325542
2310,0.011384467594325542
2311,0.010368757881224155
2312,0.002572017954662442
2313,0.002568259835243225
2314,0.03517299145460129
2315,0.0019755351822823286
2316,0.007897090166807175
2317,0.010481241159141064
2318,0.010917913168668747
2319,0.0217728428542614
2320,0.002667015418410301
2321,0.001957458211109042
2322,8.173150126822293e-4
2323,0.006373277399688959
2324,0.0019509122939780354
2325,0.0019509122939780354
2326,0.0019509122939780354
2327,0.03269859030842781
2328,0.0031191008165478706
2329,0.0019509122939780354
2330,1.0416722943773493e-4
2331,0.0019509122939780354
2332,1.0416722943773493e-4
2333,0.004632191266864538
2334,0.0019509122939780354
2335,0.0019509141566231847
2336,0.009118892252445221
2337,0.051408421248197556
2338,0.016119396314024925
2339,0.753613293170929
2340,0.003870343090966344
2341,0.028758935630321503
2342,0.013279897160828114
2343,0.56224524974823
2344,0.01055392436683178
2345,0.7933622002601624
2346,0.008056494407355785
2347,0.016933675855398178
2348,0.014073468744754791
2349,0.016005460172891617
2350,0.054577551782131195
2351,0.025589019060134888
2352,0.03269859030842781
2353,1.3051964924670756e-4
2354,0.011620878241956234
2355,0.0014068788150325418
2356,2.951911883428693e-4
2357,0.001503179082646966
2358,3.170351264998317e-4
2359,0.012683053500950336
2360,9.083754266612232e-4
2361,4.3334880501788575e-6
2362,0.007733258418738842
2363,0.012918422929942608
2364,0.005744434427469969
2365,0.0028596895281225443
2366,0.011724377982318401
2367,0.010837928391993046
2368,0.028221091255545616
2369,0.010806550271809101
2370,0.003923438489437103
2371,0.011721174232661724
2372,0.7710283994674683
2373,0.011678851209580898
2374,0.008508172817528248
2375,0.01157317217439413
2376,8.49864911288023e-4
2377,0.00525365537032485
2378,0.12040171027183533
2379,0.01659156009554863
2380,0.015354214236140251
2381,0.0012928340584039688
2382,1.7740161274559796e-4
2383,8.875837665982544e-4
2384,0.028610751032829285
2385,0.0060982415452599525
2386,0.008522828109562397
2387,0.004572147503495216
2388,0.0028739392291754484
2389,0.008115868084132671
2390,5.01222733873874e-4
2391,0.02389337867498398
2392,0.00364362308755517
2393,0.0022325580939650536
2394,6.794629734940827e-4
2395,4.947267734678462e-5
2396,7.258347613969818e-5
2397,0.010929036885499954
2398,0.013763172551989555
2399,0.0011973184300586581
2400,0.004106324166059494
2401,0.0015378514071926475
2402,0.01593208871781826
2403,0.010684782639145851
2404,4.976255586370826e-4
2405,1.647167227929458e-4
2406,0.0024692523293197155
2407,2.849131706170738e-4
2408,2.849131706170738e-4
2409,0.01213419996201992
2410,0.011369290761649609
2411,0.008143751882016659
2412,0.01080663688480854
2413,0.005373692139983177
2414,0.2363438755273819
2415,0.018280094489455223
2416,0.009933033026754856
2417,2.1350328461267054e-4
2418,0.011843563057482243
2419,0.005133801605552435
2420,0.0029250725638121367
2421,0.011029772460460663
2422,0.008290720172226429
2423,0.001679650624282658
2424,0.003606117097660899
2425,0.020244039595127106
2426,0.007900531403720379
2427,0.00301426462829113
2428,0.003777693724259734
2429,0.005151146557182074
2430,0.002880072919651866
2431,0.0048787156119942665
2432,0.004755533766001463
2433,0.005448866169899702
2434,0.04820571094751358
2435,0.014468733221292496
2436,0.0023442318197339773
2437,0.11297035962343216
2438,0.008576114661991596
2439,0.009819887578487396
2440,8.751612040214241e-4
2441,0.027080925181508064
2442,4.976255586370826e-4
2443,2.4560472229495645e-4
2444,4.8010662430897355e-4
2445,0.01363027561455965
2446,0.01002971176058054
2447,0.003992380574345589
2448,0.007566075772047043
2449,0.008778158575296402
2450,0.007429627701640129
2451,0.001715878490358591
2452,0.053766921162605286
2453,0.03202846646308899
2454,0.012762262485921383
2455,0.024635519832372665
2456,0.006062461994588375
2457,0.01985386572778225
2458,0.1821555644273758
2459,0.013914817944169044
2460,0.011463100090622902
2461,0.013287528418004513
2462,0.013053400442004204
2463,0.024924857541918755
2464,0.02474573627114296
2465,0.046484481543302536
2466,0.022592371329665184
2467,0.05142653360962868
2468,0.019149228930473328
2469,0.011043324135243893
2470,0.01128374319523573
2471,0.004456119146198034
2472,0.06536900997161865
2473,0.01491590403020382
2474,0.020795440301299095
2475,0.003309499006718397
2476,0.011216158978641033
2477,0.0025665434077382088
2478,0.004806962329894304
2479,4.857564636040479e-4
2480,2.178931754315272e-4
2481,0.007527975831180811
2482,0.006103958003222942
2483,0.006784599274396896
2484,0.11488904058933258
2485,0.01026261318475008
2486,0.03334938362240791
2487,0.00741951446980238
2488,0.7982740998268127
2489,0.0036304027307778597
2490,0.0551610067486763
2491,3.6421281401999295e-4
2492,0.039621613919734955
2493,0.11503786593675613
2494,0.03230513632297516
2495,0.030943607911467552
2496,0.008572516031563282
2497,0.011203452944755554
2498,0.013642244040966034
2499,0.03414206951856613
2500,0.005974736995995045
2501,0.0896744430065155
2502,0.07946794480085373
2503,0.07096356153488159
2504,0.0896744430065155
2505,0.06895770877599716
2506,0.060491859912872314
2507,0.7892865538597107
2508,0.07882767170667648
2509,0.07377129048109055
2510,0.008009198121726513
2511,0.005130286328494549
2512,0.005130286328494549
2513,0.008009198121726513
2514,0.008009198121726513
2515,0.03602730482816696
2516,0.010851908475160599
2517,0.010851908475160599
2518,0.008009198121726513
2519,0.008250994607806206
2520,0.008009198121726513
2521,0.02489585615694523
2522,0.008179821074008942
2523,0.012107804417610168
2524,0.01711903139948845
2525,0.6249029040336609
2526,0.008126611821353436
2527,0.008126608096063137
2528,0.1005890890955925
2529,0.09939318895339966
2530,0.06951527297496796
2531,0.005784363951534033
2532,0.008124728687107563
2533,0.010424726642668247
2534,0.02543565072119236
2535,0.006878879386931658
2536,0.011604131199419498
2537,0.11053744703531265
2538,0.010676468722522259
2539,0.03452207148075104
2540,0.11283349245786667
2541,0.0083324359729886055
2542,0.731821596622467
2543,0.007979905232787132
2544,0.00420068996027112
2545,0.018520483747124672
2546,0.018162619322538376
2547,0.016591163352131844
2548,0.01211804710328579
2549,0.008080544881522655
2550,0.043914925307035446
2551,0.0033768177963793278
2552,0.02091256156563759
2553,0.00466700317338109
2554,0.001657374668866396
2555,4.3611504952423275e-4
2556,0.001085825962945819
2557,4.662483697757125e-4
2558,0.010009449906647205
2559,0.007503503933548927
2560,0.00454746326431632
2561,0.01892239600419998
2562,8.515164954587817e-4
2563,0.0018072169041261077
2564,6.37063174508512e-4
2565,0.003823589999228716
2566,0.0025384463369846344
2567,7.053958834148943e-4
2568,0.004204718861728907
2569,0.004017537459731102
2570,4.679510311689228e-4
2571,0.005549043882638216
2572,0.012066744267940521
2573,0.009442942216992378
2574,0.0024509786162525415
2575,5.657379515469074e-4
2576,0.008564414456486702
2577,0.00477951392531395
2578,3.6017506499774754e-4
2579,0.007491525262594223
2580,0.007809438742697239
2581,0.006002114154398441
2582,0.01168399304151535
2583,0.007308812811970711
2584,0.010281617753207684
2585,3.0071038054302335e-4
2586,0.009071379899978638
2587,0.006084436550736427
2588,0.007243563886731863
2589,0.004592673387378454
2590,0.03672667592763901
2591,5.807909765280783e-4
2592,5.807909765280783e-4
2593,0.002412951085716486
2594,0.0010967374546453357
2595,6.242854869924486e-4
2596,0.0040530674159526825
2597,0.0040530674159526825
2598,0.003195499535650015
2599,0.0208822563290596
2600,0.00995494145900011
2601,0.0010484263766556978
2602,1.6806248459033668e-4
2603,6.776342052035034e-4
2604,0.0010484263766556978
2605,0.01911633089184761
2606,0.002252745209261775
2607,3.108297532889992e-4
2608,2.4426376330666244e-4
2609,9.991013212129474e-4
2610,2.796444168779999e-4
2611,6.957952282391489e-4
2612,0.0027488400228321552
2613,0.00666353153064847
2614,0.005798534024506807
2615,0.0033458296675235033
2616,0.003603608114644885
2617,0.0011069450993090868
2618,0.0032033007591962814
2619,0.004821656737476587
2620,0.002262704772874713
2621,0.007928364910185337
2622,0.005763270426541567
2623,0.0014083962887525558
2624,0.006215779110789299
2625,0.0035477220080792904
2626,0.010874354280531406
2627,5.861354293301702e-4
2628,0.0015847953036427498
2629,0.004892648663371801
2630,2.4233338990597986e-5
2631,7.020469183771638e-6
2632,4.5134547690395266e-5
2633,0.004383073188364506
2634,0.009668965823948383
2635,0.0038326203357428312
2636,0.013031303882598877
2637,0.006983102764934301
2638,0.03478138893842697
2639,0.01721819117665291
2640,0.009933928027749062
2641,0.00568053126335144
2642,0.007765752263367176
2643,0.8250686526298523
2644,0.01902737095952034
2645,0.7345415949821472
2646,0.008836648426949978
2647,0.006118149030953646
2648,0.010587608441710472
2649,0.005522493738681078
2650,0.010924378409981728
2651,0.0046358658000826836
2652,0.0014039770467206836
2653,9.996264707297087e-4
2654,3.2147023011930287e-4
2655,0.011539331637322903
2656,0.009256125427782536
2657,0.0024502910673618317
2658,0.00949107762426138
2659,0.01434381678700447
2660,0.004224863834679127
2661,3.947426739614457e-4
2662,8.738746400922537e-4
2663,0.008324064314365387
2664,0.008341772481799126
2665,0.0088273286819458
2666,0.00881100445985794
2667,0.01550246961414814
2668,0.009590302594006062
2669,0.002710871398448944
2670,0.0024496405385434628
2671,0.006319452542811632
2672,0.006690141279250383
2673,1.438829058315605e-4
2674,2.051868214039132e-4
2675,0.008424198254942894
2676,7.027936517260969e-4
2677,0.001837032032199204
2678,8.772133151069283e-4
2679,4.2718784243334085e-5
2680,4.7910286230035126e-4
2681,2.4037114053498954e-4
2682,0.003713429206982255
2683,5.71147131267935e-4
2684,0.009305162355303764
2685,0.004078604746609926
2686,0.007790762465447187
2687,0.005510901566594839
2688,2.087825268972665e-4
2689,0.0014407075941562653
2690,0.0023615530226379633
2691,0.19273395836353302
2692,0.003158897627145052
2693,0.003872862784191966
2694,0.002605780493468046
2695,0.36412063241004944
2696,0.002605780493468046
2697,0.01154407486319542
2698,0.0065729059278965
2699,0.0055600423365831375
2700,0.05589994043111801
2701,0.006494269706308842
2702,0.01017625629901886
2703,6.500368181150407e-5
2704,0.008988793008029461
2705,0.0020039130467921495
2706,0.008148271590471268
2707,0.0017532837809994817
2708,2.5209851446561515e-4
2709,4.828299570363015e-4
2710,4.351171664893627e-4
2711,0.009003709070384502
2712,0.006631465628743172
2713,0.025479743257164955
2714,0.004520221147686243
2715,0.00105711177457124
2716,0.0021320953965187073
2717,0.00181138317566365
2718,0.0010761700104922056
2719,5.524460575543344e-4
2720,0.006211439147591591
2721,0.011165504343807697
2722,0.0011046481085941195
2723,0.06742216646671295
2724,0.005499065387994051
2725,0.008653122931718826
2726,4.6202316298149526e-4
2727,9.805314475670457e-4
2728,9.670538565842435e-5
2729,0.006087764631956816
2730,5.045795114710927e-4
2731,0.012031014077365398
2732,0.006541985087096691
2733,0.002169670071452856
2734,0.7794569730758667
2735,0.020306214690208435
2736,0.0011710883118212223
2737,0.006135015282779932
2738,0.006135015282779932
2739,0.0027373351622372866
2740,0.0011816821061074734
2741,0.0018363650888204575
2742,0.004088512156158686
2743,0.008503267541527748
2744,0.0052000898867845535
2745,0.2634061276912689
2746,0.018184680491685867
2747,0.06177876144647598
2748,0.012920930050313473
2749,0.008955848403275013
2750,0.0063125696033239365
2751,0.7198150157928467
2752,0.007895861752331257
2753,0.01351790502667427
2754,0.004386486951261759
2755,0.005819899030029774
2756,0.007708708755671978
2757,0.003510539187118411
2758,0.00811078678816557
2759,0.008804752491414547
2760,0.004629527218639851
2761,3.911999228876084e-4
2762,0.0019175083143636584
2763,0.0018231953727081418
2764,3.318447561468929e-4
2765,0.012655770406126976
2766,0.010583838447928429
2767,0.005222590174525976
2768,0.0068387784995138645
2769,0.7982463240623474
2770,1.0078653576783836e-4
2771,0.014433981850743294
2772,0.002009371295571327
2773,9.572661365382373e-4
2774,0.0056828721426427364
2775,0.007316095754504204
2776,0.013231155462563038
2777,0.0019663863349705935
2778,0.003977414220571518
2779,3.125445800833404e-4
2780,0.0037315820809453726
2781,0.0013538786442950368
2782,0.005522985942661762
2783,0.005522988736629486
2784,0.006329284980893135
2785,0.03172353655099869
2786,0.0034058918245136738
2787,0.02063899114727974
2788,0.08184531331062317
2789,0.012906518764793873
2790,0.004508882761001587
2791,0.012305845506489277
2792,0.006537607870995998
2793,0.002044091233983636
2794,0.010274575091898441
2795,0.7803975343704224
2796,0.011427660472691059
2797,0.06450330466032028
2798,0.006833385210484266
2799,0.011152534745633602
2800,0.01119660772383213
2801,0.00884516816586256
2802,0.00950857624411583
2803,0.01284402422606945
2804,0.02250438928604126
2805,0.009022542275488377
2806,0.009022542275488377
2807,0.014209743589162827
2808,0.01535543892532587
2809,0.07932748645544052
2810,0.007366348523646593
2811,0.014300943352282047
2812,0.020537666976451874
2813,0.01311508659273386
2814,0.07294747233390808
2815,0.04000343382358551
2816,0.013347767293453217
2817,0.8276574611663818
2818,0.0112359169870615
2819,0.019688528031110764
2820,0.009680286049842834
2821,0.007695028092712164
2822,0.011241845786571503
2823,0.0112359169870615
2824,4.1280186269432306e-4
2825,0.003093874780461192
2826,0.017023704946041107
2827,0.04743408411741257
2828,0.0010116155026480556
2829,1.820978068280965e-4
2830,0.004791139159351587
2831,0.0037411937955766916
2832,0.011376635171473026
2833,0.00318509410135448
2834,0.00949923973530531
2835,0.001304076169617474
2836,4.875279846601188e-4
2837,4.574832564685494e-5
2838,0.012157347984611988
2839,0.0069366078823804855
2840,0.01537841185927391
2841,0.012271067127585411
2842,0.045531027019023895
2843,0.0037411937955766916
2844,0.021877914667129517
2845,0.011251598596572876
2846,0.02024330571293831
2847,0.007315457798540592
2848,0.004882557317614555
2849,8.017527870833874e-4
2850,0.004372666589915752
2851,0.012157347984611988
2852,0.018637584522366524
2853,0.0076027316972613335
2854,0.012604494579136372
2855,0.004838617518544197
2856,0.0019866921938955784
2857,0.0012617151951417327
2858,0.009861568920314312
2859,0.00962397176772356
2860,0.2861384451389313
2861,0.013926959596574306
2862,0.0628715306520462
2863,0.009649333544075489
2864,0.012895951978862286
2865,0.012160108424723148
2866,0.010144895873963833
2867,0.010404253378510475
2868,0.009859454818069935
2869,0.012576543726027012
2870,0.02515318989753723
2871,0.01372370682656765
2872,0.013359780423343182
2873,0.013359780423343182
2874,0.011846906505525112
2875,0.015612756833434105
2876,0.04943133145570755
2877,0.44064971804618835
2878,0.013556200079619884
2879,0.008325217291712761
2880,0.009306173771619797
2881,0.07592906057834625
2882,0.3765058219432831
2883,0.02159160003066063
2884,0.012452573515474796
2885,0.01362695638090372
2886,0.01210196502506733
2887,0.011132548563182354
2888,0.009249047376215458
2889,0.02617690898478031
2890,0.00669843889772892
2891,0.015970351174473763
2892,0.0033096137922257185
2893,0.0011241532629355788
2894,0.0018056974513456225
2895,0.013742798939347267
2896,0.0023185452446341515
2897,0.009175374172627926
2898,0.8411917686462402
2899,0.002723062876611948
2900,0.0020898866932839155
2901,0.009201254695653915
2902,0.0040155877359211445
2903,0.019379431381821632
2904,0.019431527704000473
2905,0.009222152642905712
2906,0.013167228549718857
2907,0.001955559942871332
2908,0.0026716943830251694
2909,0.00936928577721119
2910,0.008224569261074066
2911,0.0021457248367369175
2912,0.00232805241830647
2913,0.005327640101313591
2914,0.0030394631903618574
2915,1.8298339273314923e-4
2916,0.0016169362934306264
2917,2.983792182931211e-5
2918,0.0019736802205443382
2919,0.01582750305533409
2920,0.0011152841616421938
2921,0.07287029176950455
2922,0.00894541759043932
2923,0.050963982939720154
2924,0.04551948979496956
2925,0.007514683995395899
2926,0.69078528881073
2927,0.04060615971684456
2928,0.002405670005828142
2929,0.009285293519496918
2930,0.002098111202940345
2931,0.009160013869404793
2932,0.013345387764275074
2933,0.005996983498334885
2934,0.018898000940680504
2935,0.7993856072425842
2936,0.016997750848531723
2937,0.008640811778604984
2938,0.009768463671207428
2939,0.012582828290760517
2940,0.007926804013550282
2941,0.0130238002166152
2942,0.01343320868909359
2943,0.0015546682989224792
2944,0.004897892940789461
2945,0.0029532841872423887
2946,0.008693885058164597
2947,0.01775442622601986
2948,0.010816591791808605
2949,0.001955559942871332
2950,0.002956097712740302
2951,0.013560268096625805
2952,0.001955559942871332
2953,5.048551829531789e-4
2954,0.0018056974513456225
2955,1.2163985229562968e-4
2956,0.002956097712740302
2957,0.01585381105542183
2958,0.01585381105542183
2959,0.011248220689594746
2960,0.006383960600942373
2961,3.2498379005119205e-4
2962,0.0019965055398643017
2963,0.001955559942871332
2964,0.0024199525360018015
2965,0.7869969606399536
2966,0.003074169624596834
2967,0.010724007152020931
2968,8.873626939021051e-4
2969,2.63680936768651e-4
2970,0.008331459015607834
2971,8.140787831507623e-4
2972,9.011200163513422e-4
2973,0.049894582480192184
2974,0.012445861473679543
2975,0.019741829484701157
2976,0.012297752313315868
2977,0.004885892849415541
2978,7.625173893757164e-4
2979,0.00936982687562704
2980,0.07137405872344971
2981,0.8198857307434082
2982,0.005096205044537783
2983,0.01253165490925312
2984,0.008593834936618805
2985,0.03003138117492199
2986,0.011886189691722393
2987,0.012755073606967926
2988,0.011552485637366772
2989,0.0050419773906469345
2990,0.771342396736145
2991,0.006099978927522898
2992,0.001913559972308576
2993,0.024393798783421516
2994,0.452400803565979
2995,0.015888167545199394
2996,0.13112784922122955
2997,0.0472235344350338
2998,0.0236037690192461
2999,0.06714443862438202
3000,0.05664048343896866
3001,0.05664048343896866
3002,0.004526663571596146
3003,0.015434968285262585
3004,0.010957210324704647
3005,0.018059512600302696
3006,0.008799073286354542
3007,0.025994323194026947
3008,0.012552721425890923
3009,0.040264930576086044
3010,0.7861863970756531
3011,0.05717245489358902
3012,0.04900367930531502
3013,0.021818656474351883
3014,0.009747732430696487
3015,0.00870426744222641
3016,0.015038538724184036
3017,0.01241776067763567
3018,0.0010090715950354934
3019,0.01883084885776043
3020,0.01036613155156374
3021,0.0068930708803236485
3022,0.010974121280014515
3023,0.009562754072248936
3024,0.008217306807637215
3025,0.01672208309173584
3026,0.006762543693184853
3027,0.11523876339197159
3028,0.0033105784095823765
3029,0.014243132434785366
3030,0.0710475891828537
3031,0.007674367632716894
3032,0.019654108211398125
3033,0.004039443098008633
3034,0.7753541469573975
3035,0.0194878987967968
3036,0.012857293710112572
3037,0.02510073222219944
3038,0.010192795656621456
3039,0.021427111700177193
3040,0.0021651179995387793
3041,0.02536424994468689
3042,0.011683347634971142
3043,0.004701506346464157
3044,0.008313942700624466
3045,0.15999290347099304
3046,0.0034612088929861784
3047,0.7584935426712036
3048,0.004630025941878557
3049,0.004845598246902227
3050,0.009960483759641647
3051,0.004633257631212473
3052,0.008826167322695255
3053,0.008826167322695255
3054,0.003542698686942458
3055,8.454931084997952e-4
3056,0.007714149076491594
3057,0.05799856409430504
3058,0.010858912952244282
3059,2.618286234792322e-4
3060,0.3663526773452759
3061,0.009453599341213703
3062,0.010858912952244282
3063,0.006923796143382788
3064,0.0027507490012794733
3065,0.34885796904563904
3066,0.28179189562797546
3067,6.008647615090013e-4
3068,0.011047286912798882
3069,0.003495129756629467
3070,3.159582265652716e-4
3071,2.7313773171044886e-4
3072,0.005366965662688017
3073,0.7817034721374512
3074,0.010568767786026001
3075,0.010649681091308594
3076,0.008772626519203186
3077,8.274446008726954e-4
3078,0.00193151889834553
3079,0.0016031662235036492
3080,0.0068252477794885635
3081,1.691792713245377e-4
3082,0.0015158145688474178
3083,0.18485046923160553
3084,6.018990534357727e-4
3085,0.010874857194721699
3086,4.92558756377548e-4
3087,0.010867982171475887
3088,0.006970921531319618
3089,5.124592280481011e-5
3090,0.0038740569725632668
3091,9.702385868877172e-4
3092,0.09111591428518295
3093,2.7268784469924867e-4
3094,0.005398403853178024
3095,0.0016214094357565045
3096,0.07642364501953125
3097,0.0038581008557230234
3098,0.004726717714220285
3099,8.2956108963117e-4
3100,0.009369702078402042
3101,0.023143593221902847
3102,0.008209367282688618
3103,9.715483756735921e-4
3104,0.0076700905337929726
3105,0.007670087274163961
3106,9.110833052545786e-4
3107,2.3805981618352234e-4
3108,2.3805981618352234e-4
3109,2.9798917239531875e-4
3110,0.006516659166663885
3111,1.1834105680463836e-4
3112,6.996492156758904e-4
3113,1.1834105680463836e-4
3114,0.006735373754054308
3115,2.3805981618352234e-4
3116,0.027323434129357338
3117,9.740350069478154e-4
3118,0.7918931841850281
3119,8.680761093273759e-4
3120,8.680761093273759e-4
3121,9.740350069478154e-4
3122,8.680761093273759e-4
3123,8.680761093273759e-4
3124,0.0020465857814997435
3125,8.680761093273759e-4
3126,8.680761093273759e-4
3127,8.680761093273759e-4
3128,0.003250762354582548
3129,0.008207092061638832
3130,0.0072613549418747425
3131,0.006573783699423075
3132,0.027484027668833733
3133,0.013555599376559258
3134,0.013937802985310555
3135,8.370915311388671e-4
3136,0.011514350771903992
3137,0.017759932205080986
3138,0.01740996539592743
3139,0.01740996539592743
3140,7.225873996503651e-4
3141,0.006569991819560528
3142,0.005946354940533638
3143,0.0026763335335999727
3144,0.003470550524070859
3145,0.011533666402101517
3146,0.0073168920353055
3147,7.225873996503651e-4
3148,0.00820531789213419
3149,0.01346931979060173
3150,4.7883143997751176e-4
3151,0.10631076246500015
3152,0.010030489414930344
3153,0.004866244271397591
3154,0.0010459227487444878
3155,0.0010459227487444878
3156,0.0033794234041124582
3157,0.19504904747009277
3158,4.8237870214506984e-4
3159,0.0065446230582892895
3160,0.002315754070878029
3161,0.21094471216201782
3162,0.001592867774888873
3163,3.3719700877554715e-4
3164,3.604296944104135e-4
3165,6.286030984483659e-4
3166,1.5419331612065434e-4
3167,0.0019015789730474353
3168,0.003033760003745556
3169,6.216330220922828e-4
3170,0.0017615300603210926
3171,0.011565539054572582
3172,6.372039788402617e-4
3173,1.3343045429792255e-4
3174,1.578598894411698e-4
3175,8.41858400235651e-6
3176,1.2951527423865627e-5
3177,0.0013622429687529802
3178,1.6800814773887396e-4
3179,3.612928558140993e-4
3180,0.0068930708803236485
3181,0.011533931829035282
3182,0.0022410035599023104
3183,9.523415355943143e-4
3184,0.0024233285803347826
3185,0.03386804088950157
3186,0.8265228271484375
3187,0.0018035663524642587
3188,0.003936589229851961
3189,0.005707708653062582
3190,0.01436691265553236
3191,3.0644863727502525e-5
3192,0.0034697919618338346
3193,0.0034697919618338346
3194,2.3084103304427117e-4
3195,0.00113170244731009
3196,0.001391974976286292
3197,6.322950939647853e-4
3198,2.0925106946378946e-4
3199,1.1070456093875691e-4
3200,6.86951752868481e-5
3201,0.004425122402608395
3202,7.641281699761748e-4
3203,9.155383449979126e-4
3204,7.641281699761748e-4
3205,0.010348701849579811
3206,0.00807570107281208
3207,4.906388930976391e-4
3208,0.6577474474906921
3209,0.0011373970191925764
3210,0.004415581002831459
3211,6.57770608086139e-4
3212,0.7337872385978699
3213,0.01051353383809328
3214,0.007864605635404587
3215,0.00749543309211731
3216,0.006504395976662636
3217,0.004603873938322067
3218,0.00299997441470623
3219,0.00299997441470623
3220,0.022802937775850296
3221,0.015157634392380714
3222,0.008005000650882721
3223,0.7976765632629395
3224,0.021943073719739914
3225,0.005793788004666567
3226,0.008235194720327854
3227,0.14612731337547302
3228,0.0021594574209302664
3229,0.01033691968768835
3230,0.010183154605329037
3231,0.006111524533480406
3232,0.0015623449580743909
3233,0.00853643286973238
3234,0.004339307546615601
3235,0.2598680257797241
3236,0.018800027668476105
3237,0.0011950908228754997
3238,2.513242943678051e-4
3239,0.0077238529920578
3240,0.007474537007510662
3241,0.023591993376612663
3242,0.005983840674161911
3243,0.0038015064783394337
3244,0.007092874962836504
3245,0.0017627697670832276
3246,0.8146281838417053
3247,0.011753375642001629
3248,0.009927993640303612
3249,0.21890570223331451
3250,6.615272141061723e-4
3251,0.0037985043600201607
3252,0.00913129560649395
3253,4.3065150384791195e-4
3254,3.0349582084454596e-4
3255,0.004071046132594347
3256,0.00554626015946269
3257,0.014991986565291882
3258,0.015069223009049892
3259,5.28575386852026e-4
3260,2.1838444808963686e-4
3261,5.534170486498624e-5
3262,8.812773739919066e-4
3263,0.7740073204040527
3264,0.00490523362532258
3265,0.3151690363883972
3266,0.015378975309431553
3267,0.016462460160255432
3268,0.007973721250891685
3269,0.005357896443456411
3270,0.033131930977106094
3271,0.020542165264487267
3272,0.0050283158197999
3273,0.004930886439979076
3274,0.0032546487636864185
3275,0.004734106361865997
3276,9.6392352588736685e-07
3277,4.067025729455054e-4
3278,0.0063957106322050095
3279,0.020698117092251778
3280,0.014299592934548855
3281,0.07155852019786835
3282,0.017845654860138893
3283,0.012091679498553276
3284,0.16089969873428345
3285,0.0012815747177228332
3286,0.2567662298679352
3287,0.019068608060479164
3288,0.7880637049674988
3289,0.7892169952392578
3290,0.0043666772544384
3291,0.009130433201789856
3292,0.005641716066747904
3293,0.008580908179283142
3294,0.010144077241420746
3295,0.08711197227239609
3296,0.7331071496009827
3297,0.009147104807198048
3298,0.1334875375032425
3299,3.0823462293483317e-4
3300,0.028494777157902718
3301,0.004298604093492031
3302,0.012601178139448166
3303,0.023733405396342278
3304,0.8028513789176941
3305,0.03081008791923523
3306,0.013600772246718407
3307,0.008826522156596184
3308,0.14385008811950684
3309,0.016646914184093475
3310,0.008713550865650177
3311,0.018569162115454674
3312,0.8000034093856812
3313,0.004946572706103325
3314,0.011344881728291512
3315,0.007384900003671646
3316,0.00879933126270771
3317,0.0052543035708367825
3318,0.027880052104592323
3319,0.02215714380145073
3320,2.5054364232346416e-4
3321,0.07669651508331299
3322,0.011145868338644505
3323,0.006192133296281099
3324,0.009331711567938328
3325,0.762845516204834
3326,0.011215656995773315
3327,0.006566413678228855
3328,0.010487542487680912
3329,0.2599564790725708
3330,0.009288689121603966
3331,0.026876581832766533
3332,0.13732807338237762
3333,0.011458487249910831
3334,0.007217061705887318
3335,0.01105422992259264
3336,0.0014919007662683725
3337,0.010277882218360901
3338,0.008265282958745956
3339,0.8211328387260437
3340,0.0032291444949805737
3341,0.004594574682414532
3342,0.02793113701045513
3343,0.0010090715950354934
3344,0.01094155851751566
3345,0.008553541265428066
3346,0.012099593877792358
3347,0.02606694959104061
3348,0.0010120522929355502
3349,0.01347037311643362
3350,0.003130920697003603
3351,8.912324556149542e-4
3352,8.345330716110766e-4
3353,8.345330716110766e-4
3354,8.345330716110766e-4
3355,7.315982657019049e-5
3356,0.011978077702224255
3357,0.0070648216642439365
3358,0.007851211354136467
3359,0.00481419637799263
3360,0.013552105985581875
3361,0.006113473791629076
3362,0.012149831280112267
3363,0.03436199575662613
3364,0.7742442488670349
3365,0.004391070920974016
3366,0.02859726920723915
3367,0.005397118628025055
3368,0.01425580307841301
3369,0.01981256902217865
3370,0.7754340171813965
3371,7.156207575462759e-4
3372,0.011370223015546799
3373,0.00906516145914793
3374,0.012537072412669659
3375,0.012484266422688961
3376,0.014979112893342972
3377,0.005739627406001091
3378,0.022889023646712303
3379,0.011143804527819157
3380,0.7285917401313782
3381,0.008744508028030396
3382,0.003705761395394802
3383,0.03847891092300415
3384,0.03847891092300415
3385,0.6250489354133606
3386,0.0014256000285968184
3387,0.011556405574083328
3388,0.003705761395394802
3389,0.014508255757391453
3390,0.16578222811222076
3391,0.010319286026060581
3392,0.01235706266015768
3393,0.01774977333843708
3394,0.005038269329816103
3395,0.0024169429671019316
3396,0.008588574826717377
3397,0.009730294346809387
3398,0.012218425050377846
3399,0.01217692531645298
3400,0.01189993042498827
3401,0.0024870727211236954
3402,0.010403743013739586
3403,5.375519976951182e-4
3404,0.008167343214154243
3405,0.002555315615609288
3406,0.008089902810752392
3407,0.0031571246217936277
3408,0.0636162981390953
3409,0.022987527772784233
3410,0.04510432481765747
3411,0.0031869024969637394
3412,0.0031869024969637394
3413,0.03255577012896538
3414,0.013482184149324894
3415,0.22388286888599396
3416,0.011288893409073353
3417,0.002448722720146179
3418,0.012371864169836044
3419,0.001247893669642508
3420,0.001247893669642508
3421,0.001247893669642508
3422,0.001247893669642508
3423,0.001247893669642508
3424,0.001247893669642508
3425,0.001247893669642508
3426,0.001247893669642508
3427,0.006750218104571104
3428,0.013250761665403843
3429,5.109476041980088e-4
3430,0.007856863550841808
3431,0.011471976526081562
3432,0.0022625387646257877
3433,0.016807395964860916
3434,0.006780092604458332
3435,0.012230274267494678
3436,0.02019951306283474
3437,0.05257941782474518
3438,0.013393012806773186
3439,0.009459222666919231
3440,0.0010550658917054534
3441,0.021096833050251007
3442,0.004157899878919125
3443,0.013649399392306805
3444,0.009676333516836166
3445,2.1574835409410298e-4
3446,0.006783311255276203
3447,0.019124167039990425
3448,0.023252177983522415
3449,0.016375727951526642
3450,6.326702423393726e-4
3451,0.006439106538891792
3452,0.01059135515242815
3453,0.009045788086950779
3454,0.028709297999739647
3455,0.007719775661826134
3456,0.009728380478918552
3457,0.013836217112839222
3458,0.030619075521826744
3459,0.005380847956985235
3460,0.007578876335173845
3461,0.003424262860789895
3462,0.011321267113089561
3463,0.041944921016693115
3464,0.003086504992097616
3465,0.006706635933369398
3466,0.021015970036387444
3467,0.007272276561707258
3468,0.003188150702044368
3469,5.942847565165721e-5
3470,5.2169714763294905e-5
3471,1.2061664165230468e-6
3472,7.310982397257249e-8
3473,9.277393786533139e-8
3474,2.0764655062066595e-7
3475,0.02836146578192711
3476,0.009545422159135342
3477,0.022036826238036156
3478,0.00579564506188035
3479,0.0058043040335178375
3480,0.007012924645096064
3481,0.019935183227062225
3482,0.011977845802903175
3483,0.00664452975615859
3484,0.005417791195213795
3485,0.002720428863540292
3486,0.0011462538968771696
3487,0.0010501756332814693
3488,8.803675300441682e-4
3489,0.009872445836663246
3490,0.04929808899760246
3491,5.251889815554023e-4
3492,0.009411558508872986
3493,0.018436850979924202
3494,0.01086204219609499
3495,0.0073678516782820225
3496,0.002044332679361105
3497,0.0021180121693760157
3498,0.004109927453100681
3499,0.010391369462013245
3500,0.0027633693534880877
3501,0.0029288074001669884
3502,0.5432351231575012
3503,0.013223312795162201
3504,0.00534081319347024
3505,0.005518543533980846
3506,0.008835718035697937
3507,0.04167494922876358
3508,0.029720701277256012
3509,0.07814346253871918
3510,0.0025732326321303844
3511,0.0015125293284654617
3512,0.008961326442658901
3513,0.0014890579041093588
3514,0.016891522333025932
3515,0.014296446926891804
3516,0.006286464165896177
3517,0.005631365347653627
3518,0.0014890579041093588
3519,0.0118355518206954
3520,0.009025531820952892
3521,0.03005903959274292
3522,0.013245755806565285
3523,0.009673838503658772
3524,0.010269775055348873
3525,0.028274543583393097
3526,0.0046278247609734535
3527,0.007280243095010519
3528,0.0046278247609734535
3529,2.582352899480611e-4
3530,3.3277206239290535e-4
3531,0.004509664606302977
3532,3.3277206239290535e-4
3533,3.3277206239290535e-4
3534,0.004509664606302977
3535,3.3277206239290535e-4
3536,0.01861581578850746
3537,0.013241257518529892
3538,0.005483644083142281
3539,0.11244091391563416
3540,0.002462835982441902
3541,0.008601987734436989
3542,0.0053327749483287334
3543,0.006735346280038357
3544,0.015378562733530998
3545,0.01583189330995083
3546,0.1008547991514206
3547,0.012781580910086632
3548,0.012507732957601547
3549,0.016938025131821632
3550,0.7372443675994873
3551,0.026806706562638283
3552,0.01433869544416666
3553,0.012989765033125877
3554,0.008785215206444263
3555,0.006818986032158136
3556,0.012480393052101135
3557,0.006505314260721207
3558,0.005130001809448004
3559,0.010299479588866234
3560,0.013999986462295055
3561,0.008433512412011623
3562,0.005404628347605467
3563,0.008433512412011623
3564,0.012611926533281803
3565,0.017052358016371727
3566,0.08288393169641495
3567,0.003394209546968341
3568,0.03131701424717903
3569,0.033780019730329514
3570,0.77060866355896
3571,0.7517005801200867
3572,0.013152125291526318
3573,0.5523567795753479
3574,0.013293087482452393
3575,0.021839361637830734
3576,0.013547135517001152
3577,0.012920047156512737
3578,0.008514712564647198
3579,0.013227932155132294
3580,0.07474440336227417
3581,0.013349318876862526
3582,0.01089502777904272
3583,0.02481124736368656
3584,0.015865487977862358
3585,0.7673113346099854
3586,0.016059236600995064
3587,0.013290217146277428
3588,0.8463144898414612
3589,0.03547704964876175
3590,0.014226129278540611
3591,0.023810388520359993
3592,0.01665256731212139
3593,0.020160479471087456
3594,0.020160479471087456
3595,0.01178149413317442
3596,0.3926904797554016
3597,0.0036995818372815847
3598,0.0012587682576850057
3599,0.0012587682576850057
3600,0.00456714304164052
3601,0.00456714304164052
3602,0.09143801778554916
3603,0.0169198140501976
3604,0.005610499065369368
3605,0.003923017531633377
3606,0.005610499065369368
3607,0.010601423680782318
3608,0.007633806671947241
3609,0.009403400123119354
3610,0.026271946728229523
3611,0.03686544671654701
3612,0.007845095358788967
3613,0.04024799168109894
3614,0.005610499065369368
3615,0.005102342460304499
3616,0.00974527932703495
3617,0.007450875826179981
3618,0.016470346599817276
3619,0.02306862361729145
3620,0.010276742279529572
3621,0.0010092536685988307
3622,0.012938463129103184
3623,0.11240173876285553
3624,2.686270163394511e-4
3625,2.686270163394511e-4
3626,0.01751451939344406
3627,0.03877020254731178
3628,0.025814101099967957
3629,0.0026109942700713873
3630,5.7223816838813946e-5
3631,2.268099196953699e-4
3632,0.005825728643685579
3633,0.005494224838912487
3634,0.019414767622947693
3635,0.016157783567905426
3636,0.024358006194233894
3637,0.0134107181802392
3638,0.06378691643476486
3639,0.017551613971590996
3640,0.012275044806301594
3641,0.027678240090608597
3642,9.391484782099724e-4
3643,0.037840504199266434
3644,0.0032171800266951323
3645,0.0025524538941681385
3646,0.01723175123333931
3647,0.09600524604320526
3648,4.935348988510668e-4
3649,2.0237561329849996e-5
3650,0.004085412714630365
3651,3.566250379662961e-4
3652,1.2797022645827383e-4
3653,0.01212124340236187
3654,0.02081676386296749
3655,0.005664515309035778
3656,0.00966816209256649
3657,0.008615922182798386
3658,0.005979161709547043
3659,0.41936561465263367
3660,0.007238017860800028
3661,0.007238017860800028
3662,0.001275674789212644
3663,0.007238017860800028
3664,0.007238017860800028
3665,0.007238017860800028
3666,0.007238017860800028
3667,0.012518361210823059
3668,0.020032593980431557
3669,0.011959887109696865
3670,0.22497789561748505
3671,0.007413568440824747
3672,0.020244114100933075
3673,0.010298681445419788
3674,0.0119313420727849
3675,0.011571400798857212
3676,0.016404608264565468
3677,0.005144031252712011
3678,0.003858960000798106
3679,0.01298053003847599
3680,0.001702065346762538
3681,0.007293826434761286
3682,0.008828713558614254
3683,0.008984477259218693
3684,0.010539240203797817
3685,0.012383080087602139
3686,0.032474491745233536
3687,0.014109374023973942
3688,0.002420515287667513
3689,0.002420515287667513
3690,0.0015691255684942007
3691,0.002420515287667513
3692,0.002420515287667513
3693,0.002420515287667513
3694,0.0015691255684942007
3695,0.002420515287667513
3696,0.002504022791981697
3697,0.002504022791981697
3698,0.0015691255684942007
3699,0.012209397740662098
3700,0.05264534801244736
3701,0.01112144161015749
3702,4.556487256195396e-4
3703,0.02658776380121708
3704,0.0321987047791481
3705,0.00816691480576992
3706,0.016231467947363853
3707,0.017056945711374283
3708,0.00873023085296154
3709,0.6827858090400696
3710,0.16324226558208466
3711,0.008111562579870224
3712,0.007312941364943981
3713,0.011564433574676514
3714,0.012247763574123383
3715,0.7725980877876282
3716,0.009907555766403675
3717,0.007530996575951576
3718,3.018397546838969e-4
3719,0.001023481716401875
3720,1.4313547580968589e-4
3721,7.703231676714495e-5
3722,0.00422150082886219
3723,0.750007688999176
3724,0.01583779975771904
3725,0.007811001967638731
3726,0.013140525668859482
3727,0.011981075629591942
3728,0.004254633095115423
3729,0.049025896936655045
3730,0.002953652059659362
3731,0.049025896936655045
3732,0.0025676300283521414
3733,0.005880196578800678
3734,0.007593847345560789
3735,0.01795954816043377
3736,0.008795198053121567
3737,0.002886103233322501
3738,0.06708624213933945
3739,0.00813821516931057
3740,7.802908658050001e-4
3741,0.01114698313176632
3742,0.0032420316711068153
3743,0.002886102069169283
3744,0.007601436693221331
3745,0.006718233693391085
3746,0.004608535673469305
3747,0.0015715851914137602
3748,0.005256327800452709
3749,0.0034597059711813927
3750,0.05318046361207962
3751,0.009235468693077564
3752,0.012970099225640297
3753,0.010665509849786758
3754,0.010665509849786758
3755,0.011665495112538338
3756,0.0031351144425570965
3757,0.002096274634823203
3758,0.026661092415452003
3759,0.009253243915736675
3760,0.025869671255350113
3761,0.01220415998250246
3762,0.004928124137222767
3763,0.001698400592431426
3764,0.0076348003931343555
3765,0.014328764751553535
3766,5.95658493693918e-4
3767,0.14281341433525085
3768,0.011634512804448605
3769,0.0014369594864547253
3770,3.593571891542524e-4
3771,0.008224491961300373
3772,0.004382357466965914
3773,0.005032798275351524
3774,0.001071009668521583
3775,0.008537082932889462
3776,1.3059694902040064e-4
3777,0.4015423655509949
3778,0.24286320805549622
3779,0.007833888754248619
3780,0.03737728297710419
3781,0.41188403964042664
3782,0.005195558536797762
3783,0.005634091794490814
3784,0.005811222828924656
3785,0.0015096544520929456
3786,0.0015096544520929456
3787,1.9521063222782686e-5
3788,0.0016610728343948722
3789,0.001663175062276423
3790,0.0037535945884883404
3791,0.0012582911876961589
3792,0.0016637182561680675
3793,0.0011809743009507656
3794,0.001279866904951632
3795,4.2245432268828154e-4
3796,0.004380421247333288
3797,0.0011809743009507656
3798,0.001722423592582345
3799,0.0016694869846105576
3800,0.0011809743009507656
3801,0.0011831484735012054
3802,0.0011809743009507656
3803,0.00428873160853982
3804,0.0037814639508724213
3805,6.182510405778885e-4
3806,0.002315477468073368
3807,0.0038853399455547333
3808,0.7286531329154968
3809,0.2581360638141632
3810,0.002436286536976695
3811,0.0038052350282669067
3812,0.00665735499933362
3813,5.643510958179832e-4
3814,8.495200891047716e-4
3815,0.0020672676619142294
3816,0.007328732404857874
3817,0.0026486474089324474
3818,0.023115577176213264
3819,0.0019677183590829372
3820,0.19359023869037628
3821,0.014400530606508255
3822,0.002245449461042881
3823,0.00196473253890872
3824,0.011465223506093025
3825,5.454182391986251e-4
3826,1.2084584159310907e-4
3827,1.2084584159310907e-4
3828,1.2084584159310907e-4
3829,3.717570216394961e-4
3830,0.01025408785790205
3831,1.3498170301318169e-4
3832,0.004716251511126757
3833,2.832699101418257e-4
3834,0.09407737851142883
3835,0.7584389448165894
3836,0.009609443135559559
3837,7.45329016353935e-4
3838,8.177839918062091e-4
3839,3.7753841024823487e-4
3840,0.014553738757967949
3841,0.010367793962359428
3842,0.04111330211162567
3843,0.0031631886959075928
3844,5.643510958179832e-4
3845,0.010539116337895393
3846,5.643510958179832e-4
3847,0.010539116337895393
3848,7.361306343227625e-4
3849,0.0010044617811217904
3850,0.011634886264801025
3851,1.8292144523002207e-4
3852,3.6514573730528355e-4
3853,0.007371106650680304
3854,8.688962552696466e-4
3855,8.177839918062091e-4
3856,0.0016017190646380186
3857,0.0016902430215850472
3858,0.006096010562032461
3859,0.0034077600575983524
3860,0.0016017190646380186
3861,5.643510958179832e-4
3862,0.0016017190646380186
3863,0.003494920674711466
3864,0.007218202576041222
3865,4.6669700532220304e-4
3866,1.5215658640954643e-4
3867,0.19473591446876526
3868,0.00693045137450099
3869,0.7588411569595337
3870,6.171177374199033e-4
3871,0.010882774367928505
3872,0.012386918067932129
3873,0.007858640514314175
3874,0.004659771919250488
3875,0.0032218843698501587
3876,0.003568441839888692
3877,0.7549216151237488
3878,0.0016932066064327955
3879,0.001637617009691894
3880,0.004931880626827478
3881,0.01135329157114029
3882,0.5459703803062439
3883,0.3573291301727295
3884,0.006640961393713951
3885,0.00371884205378592
3886,0.17886720597743988
3887,0.4169776141643524
3888,9.140613256022334e-4
3889,0.004612332209944725
3890,0.01140082161873579
3891,0.004430373664945364
3892,5.144701572135091e-4
3893,5.770543939433992e-4
3894,0.041519153863191605
3895,0.7415891289710999
3896,0.005265685264021158
3897,0.7585070133209229
3898,0.7585070133209229
3899,0.014816182665526867
3900,4.589651944115758e-4
3901,0.008959056809544563
3902,2.360905782552436e-4
3903,8.19426029920578e-4
3904,7.888704421930015e-4
3905,2.7249992126598954e-4
3906,0.006649056915193796
3907,0.009112090803682804
3908,0.0060600521974265575
3909,0.7431814670562744
3910,0.021121634170413017
3911,0.1110667884349823
3912,0.003942697774618864
3913,0.00633150152862072
3914,0.006539642810821533
3915,0.5220304131507874
3916,0.005978578235954046
3917,0.012894082814455032
3918,0.11796765774488449
3919,0.015290478244423866
3920,0.003710406832396984
3921,0.003249529516324401
3922,0.0016851432155817747
3923,2.0304716599639505e-4
3924,0.009156955406069756
3925,0.8000918626785278
3926,0.3692985475063324
3927,0.01240632776170969
3928,0.011897026561200619
3929,0.011844583787024021
3930,0.004735994152724743
3931,0.7749039530754089
3932,0.7685972452163696
3933,0.011842346750199795
3934,0.006682401057332754
3935,0.10688149183988571
3936,0.004155209753662348
3937,0.008763940073549747
3938,0.02188131771981716
3939,0.008523940108716488
3940,0.0037314100190997124
3941,0.003033018670976162
3942,0.009141129441559315
3943,3.759202954825014e-4
3944,0.007750833407044411
3945,0.017280755564570427
3946,0.01177794300019741
3947,0.025679128244519234
3948,0.19951346516609192
3949,0.0038622827269136906
3950,0.008285973221063614
3951,0.00496158841997385
3952,9.699395741336048e-4
3953,0.008720828220248222
3954,0.004435976035892963
3955,0.16887180507183075
3956,0.010193593800067902
3957,0.003412926336750388
3958,0.0017066580476239324
3959,0.0011173301609233022
3960,0.0016689910553395748
3961,6.566650117747486e-4
3962,0.0017712109256535769
3963,7.401444599963725e-4
3964,0.0012500218581408262
3965,0.003751936601474881
3966,0.011945369653403759
3967,0.0034759158734232187
3968,0.005842890124768019
3969,0.005885810125619173
3970,0.007760264445096254
3971,4.946140688844025e-4
3972,0.2880340814590454
3973,0.011997037567198277
3974,0.012601201422512531
3975,0.22038795053958893
3976,0.018322095274925232
3977,0.011263078078627586
3978,0.21849325299263
3979,0.004632236901670694
3980,0.030106142163276672
3981,0.022744519636034966
3982,0.0031778961420059204
3983,0.006451500579714775
3984,0.005462770815938711
3985,0.004187489859759808
3986,0.7673711180686951
3987,0.019699448719620705
3988,0.0056747980415821075
3989,0.011252929456532001
3990,0.0017871225718408823
3991,0.0017871225718408823
3992,0.020788120105862617
3993,0.7322894930839539
3994,0.004691172856837511
3995,0.009361252188682556
3996,0.0020736234728246927
3997,0.005459308158606291
3998,3.615161112975329e-4
3999,7.931904401630163e-4
4000,0.008442141115665436
4001,0.0012785320868715644
4002,0.006858556531369686
4003,0.004016335587948561
4004,0.0018565392820164561
4005,0.0034971849527209997
4006,0.0027705610264092684
4007,0.001779278158210218
4008,0.022598857060074806
4009,0.005585468839854002
4010,0.006144550163298845
4011,0.007852449081838131
4012,0.014804445207118988
4013,0.010657910257577896
4014,0.0026120226830244064
4015,0.008495074696838856
4016,0.006990516092628241
4017,0.0068875825963914394
4018,0.016019929200410843
4019,0.03794621303677559
4020,0.012917050160467625
4021,0.02835014835000038
4022,0.3290887176990509
4023,0.017259906977415085
4024,0.013347233645617962
4025,0.004782550036907196
4026,0.5767955183982849
4027,0.00993772316724062
4028,0.04254480078816414
4029,0.009383025579154491
4030,0.005751705262809992
4031,0.04817108437418938
4032,0.013778935186564922
4033,0.740598738193512
4034,0.0127467792481184
4035,0.0048403493128716946
4036,0.013565389439463615
4037,0.013989570550620556
4038,0.00887480191886425
4039,0.01364198699593544
4040,0.012061907909810543
4041,0.013319644145667553
4042,0.011958196759223938
4043,0.03484839200973511
4044,0.007383942138403654
4045,0.007355242036283016
4046,0.029239779338240623
4047,0.026658419519662857
4048,0.003306320169940591
4049,0.0023478299845010042
4050,0.011181426234543324
4051,0.07488106936216354
4052,0.010857478715479374
4053,0.011745131574571133
4054,0.008725692518055439
4055,0.0072649032808840275
4056,0.0018993329722434282
4057,0.0068529401905834675
4058,0.013871140778064728
4059,0.7501877546310425
4060,0.0011718285968527198
4061,0.10680912435054779
4062,0.18825292587280273
4063,0.06790294498205185
4064,0.0048401011154055595
4065,0.0037524818908423185
4066,0.0029644970782101154
4067,0.0028387345373630524
4068,0.7276171445846558
4069,0.012006107717752457
4070,0.00837479718029499
4071,0.007891330868005753
4072,0.010553466156125069
4073,0.28372934460639954
4074,0.02791815996170044
4075,0.0027493287343531847
4076,0.40229207277297974
4077,0.009696907363831997
4078,0.002947528613731265
4079,0.003405619878321886
4080,0.0034489217214286327
4081,0.739226222038269
4082,0.0058689541183412075
4083,0.00812824908643961
4084,0.01348361000418663
4085,0.0031173161696642637
4086,0.0025253682397305965
4087,0.4408617913722992
4088,0.004996927920728922
4089,0.00680232048034668
4090,0.03902275860309601
4091,0.03142307698726654
4092,0.028735969215631485
4093,0.00732561806216836
4094,0.3082188367843628
4095,0.007075470872223377
4096,0.03139956668019295
4097,0.0103073138743639
4098,7.714348030276597e-4
4099,0.009343589656054974
4100,0.1958538293838501
4101,0.014053568243980408
4102,0.010303699411451817
4103,0.45515120029449463
4104,0.004183994140475988
4105,0.0393439345061779
4106,0.01707342267036438
4107,0.006006037350744009
4108,0.181562140583992
4109,0.6171522736549377
4110,0.002929623471572995
4111,0.7340938448905945
4112,0.00998003501445055
4113,0.013678723014891148
4114,0.018328659236431122
4115,0.005893560126423836
4116,0.006262173876166344
4117,0.010637039318680763
4118,7.046468817861751e-5
4119,0.7436645030975342
4120,0.5960567593574524
4121,0.024245332926511765
4122,0.0046966224908828735
4123,0.013272701762616634
4124,0.00490368390455842
4125,0.004971747286617756
4126,0.001161554828286171
4127,6.601178029086441e-5
4128,8.42451936478028e-6
4129,2.8802818633266725e-5
4130,0.13782450556755066
4131,0.0015830360352993011
4132,0.011700412258505821
4133,0.03360285237431526
4134,0.00821894221007824
4135,0.021362939849495888
4136,0.012193570844829082
4137,0.7560397386550903
4138,0.059860777109861374
4139,0.04535766690969467
4140,0.08710158616304398
4141,0.0108162397518754
4142,0.0036262101493775845
4143,0.008132212795317173
4144,0.003856497351080179
4145,0.011517385020852089
4146,0.015763262286782265
4147,0.001957230968400836
4148,0.0010504514211788774
4149,0.7402973175048828
4150,0.013857698068022728
4151,0.010512740351259708
4152,0.0012175837764516473
4153,0.02256236970424652
4154,0.019107790663838387
4155,0.016040485352277756
4156,0.5900050401687622
4157,0.0028155462350696325
4158,0.003774999175220728
4159,0.003746358212083578
4160,0.0011333476286381483
4161,0.024559050798416138
4162,0.0039606522768735886
4163,0.004018806386739016
4164,0.009026709944009781
4165,0.004018806386739016
4166,0.09185502678155899
4167,0.01873275451362133
4168,0.7881509065628052
4169,0.401199609041214
4170,0.006679679732769728
4171,0.08763688802719116
4172,0.001994035905227065
4173,0.013050164096057415
4174,6.815191591158509e-4
4175,0.016929294914007187
4176,0.01224625762552023
4177,0.754908561706543
4178,0.05264349281787872
4179,0.8113282918930054
4180,1.9076713942922652e-4
4181,0.0019514665473252535
4182,0.001887248712591827
4183,0.008619051426649094
4184,0.009957714937627316
4185,0.0178133063018322
4186,0.0020800610072910786
4187,0.012858740985393524
4188,0.00303207291290164
4189,0.025593657046556473
4190,0.21272236108779907
4191,0.060504864901304245
4192,0.008137245662510395
4193,0.009689999744296074
4194,0.036587152630090714
4195,0.09031549841165543
4196,0.0037080703768879175
4197,0.02594110555946827
4198,0.6617463827133179
4199,0.0047906837426126
4200,0.007900333032011986
4201,0.002114830771461129
4202,0.011124898679554462
4203,0.005082327406853437
4204,0.011475150473415852
4205,0.010072840377688408
4206,0.012830518186092377
4207,0.00570040475577116
4208,0.647282600402832
4209,0.022698059678077698
4210,0.003545529441908002
4211,0.007862298749387264
4212,0.7397990226745605
4213,0.7407314777374268
4214,0.011727499775588512
4215,0.011334007605910301
4216,0.026590880006551743
4217,0.0023597662802785635
4218,0.0112412478774786
4219,0.08659449219703674
4220,0.008397696539759636
4221,0.004649779759347439
4222,0.011408660560846329
4223,0.17430174350738525
4224,0.03508846089243889
4225,0.005137037020176649
4226,0.002183071570470929
4227,0.0013549390714615583
4228,0.008576909080147743
4229,0.016944801434874535
4230,0.013661615550518036
4231,0.013661615550518036
4232,0.015857798978686333
4233,0.0051674144342541695
4234,9.145022486336529e-4
4235,0.021169204264879227
4236,0.00329686445184052
4237,0.00579621409997344
4238,0.0021875384263694286
4239,0.02674817107617855
4240,0.13275150954723358
4241,0.4162658751010895
4242,0.0018183613428846002
4243,0.005192874930799007
4244,0.013802529312670231
4245,0.013616645708680153
4246,0.008507291786372662
4247,0.013402801938354969
4248,0.7426413893699646
4249,0.0011604777537286282
4250,0.1533433496952057
4251,0.2126651257276535
4252,0.0021873845253139734
4253,0.002982456237077713
4254,0.0059036146849393845
4255,0.12902124226093292
4256,0.14826996624469757
4257,0.013128633610904217
4258,0.10345008224248886
4259,0.004060411360114813
4260,0.008457986637949944
4261,0.15428312122821808
4262,0.38201838731765747
4263,0.011903518810868263
4264,0.004418663680553436
4265,0.017925718799233437
4266,0.017743561416864395
4267,0.01601809449493885
4268,0.02648555114865303
4269,0.0061675747856497765
4270,0.0018438692204654217
4271,0.009986360557377338
4272,0.0044637881219387054
4273,0.002281737979501486
4274,0.009104624390602112
4275,0.10462741553783417
4276,0.008237574249505997
4277,0.146653413772583
4278,0.021736925467848778
4279,0.0053787436336278915
4280,5.584988393820822e-4
4281,0.025999322533607483
4282,0.2858212888240814
4283,0.22901110351085663
4284,0.0019509762059897184
4285,0.004507701378315687
4286,0.019594863057136536
4287,0.4065147638320923
4288,0.009118488058447838
4289,0.00624121492728591
4290,0.004828083794564009
4291,0.7746945023536682
4292,0.018051045015454292
4293,0.0014485761057585478
4294,0.01986568607389927
4295,0.010046661831438541
4296,0.7854019999504089
4297,0.0018405267037451267
4298,0.038800496608018875
4299,0.012895679101347923
4300,0.019566530361771584
4301,0.012516186572611332
4302,0.2117180973291397
4303,1.8281125812791288e-4
4304,0.3273536264896393
4305,0.00557583337649703
4306,0.7921789884567261
4307,0.010395876131951809
4308,0.006610396318137646
4309,0.013219960033893585
4310,0.012611356563866138
4311,0.8273262977600098
4312,0.7564088106155396
4313,0.0034914081916213036
4314,0.0022824578918516636
4315,0.0034593853633850813
4316,0.0013219291577115655
4317,0.0022822709288448095
4318,0.0021349824965000153
4319,6.644799141213298e-4
4320,3.922539472114295e-4
4321,2.2582198653253727e-5
4322,0.16370104253292084
4323,0.7637016177177429
4324,0.045002005994319916
4325,0.03216325864195824
4326,0.00520684290677309
4327,0.005201387219130993
4328,0.02370571345090866
4329,0.024278119206428528
4330,0.0042524621821939945
4331,0.002374776406213641
4332,0.09384085983037949
4333,0.0118872607126832
4334,0.007615373469889164
4335,0.021430296823382378
4336,0.008351776748895645
4337,0.005389628931879997
4338,0.025875771418213844
4339,0.010586380027234554
4340,0.10974790900945663
4341,0.006876196246594191
4342,0.00954076275229454
4343,0.2502436637878418
4344,0.007390410639345646
4345,0.0040039257146418095
4346,0.1930919736623764
4347,0.08954115211963654
4348,0.1881697028875351
4349,0.0048586344346404076
4350,0.003585436847060919
4351,0.17772948741912842
4352,0.1354978233575821
4353,0.007272809743881226
4354,0.3596978485584259
4355,0.05115801841020584
4356,0.012999782338738441
4357,0.8356103301048279
4358,0.7673234939575195
4359,0.023084821179509163
4360,0.006244419142603874
4361,0.01031961664557457
4362,0.7754706740379333
4363,0.03703995794057846
4364,0.915723979473114
4365,0.8826015591621399
4366,0.012581170536577702
4367,0.012581170536577702
4368,0.006829975172877312
4369,0.007122632581740618
4370,0.03963886946439743
4371,0.03396102413535118
4372,0.008376139216125011
4373,0.09016215056180954
4374,0.19443419575691223
4375,0.03151030093431473
4376,0.005071661435067654
4377,0.009089339524507523
4378,0.04322884976863861
4379,0.28012287616729736
4380,0.04424542561173439
4381,0.02397688291966915
4382,0.06551063060760498
4383,0.2723069190979004
4384,0.05755721405148506
4385,0.03695354983210564
4386,0.021483594551682472
4387,0.02405349723994732
4388,0.061289235949516296
4389,0.027255311608314514
4390,0.019229160621762276
4391,0.01933976821601391
4392,0.13947144150733948
4393,0.027045853435993195
4394,0.7887818813323975
4395,0.01146694179624319
4396,0.013995661400258541
4397,0.0090325977653265
4398,0.014409289695322514
4399,0.027822520583868027
4400,0.42436736822128296
4401,0.006487126462161541
4402,0.036383986473083496
4403,0.8678831458091736
4404,0.15355585515499115
4405,0.00628325343132019
4406,0.020584996789693832
4407,0.01781116984784603
4408,0.019606683403253555
4409,0.016351306810975075
4410,0.015454735606908798
4411,0.016314977779984474
4412,0.005463558714836836
4413,0.1094076931476593
4414,0.00979806948453188
4415,0.009549724869430065
4416,0.20012573897838593
4417,0.010807523503899574
4418,0.04215287044644356
4419,0.0972464457154274
4420,0.017364904284477234
4421,0.01623264141380787
4422,0.01623264141380787
4423,0.0032341289333999157
4424,0.7364776730537415
4425,0.49174433946609497
4426,0.012798529118299484
4427,0.07996457815170288
4428,0.0410432443022728
4429,0.025804761797189713
4430,0.037831325083971024
4431,0.00491097429767251
4432,0.020399905741214752
4433,0.036769162863492966
4434,0.01311276014894247
4435,0.033868275582790375
4436,0.02612466551363468
4437,0.0032781281042844057
4438,0.0032781281042844057
4439,0.0057902573607862
4440,0.028051704168319702
4441,0.2564215064048767
4442,0.4485928416252136
4443,0.005451926961541176
4444,0.014856222085654736
4445,0.02372540719807148
4446,0.010160887613892555
4447,0.730913519859314
4448,0.7301471829414368
4449,0.7863710522651672
4450,0.012608928605914116
4451,0.007054894231259823
4452,0.051236070692539215
4453,0.12338074296712875
4454,0.6986706852912903
4455,0.2270885407924652
4456,0.7893295884132385
4457,0.03810085356235504
4458,0.10678304731845856
4459,0.802460789680481
4460,0.4518895149230957
4461,0.2146371304988861
4462,0.137502521276474
4463,0.2301979660987854
4464,0.017081907019019127
4465,0.24039988219738007
4466,0.169770747423172
4467,0.01155953947454691
4468,0.075276680290699
4469,0.017411254346370697
4470,0.15142561495304108
4471,0.15543419122695923
4472,2.6424264069646597e-4
4473,0.8162696957588196
4474,0.01848381757736206
4475,0.011905774474143982
4476,0.025533480569720268
4477,0.012006501667201519
4478,0.015414677560329437
4479,0.009627544321119785
4480,0.11720649898052216
4481,0.015787672251462936
4482,0.03810187429189682
4483,0.0014446484856307507
4484,0.043162692338228226
4485,0.03546784818172455
4486,0.8395994305610657
4487,0.21742132306098938
4488,0.8536325097084045
4489,0.028408804908394814
4490,0.009951886720955372
4491,0.008868467062711716
4492,0.007653576787561178
4493,0.011204409413039684
4494,0.008776839822530746
4495,0.21278725564479828
4496,0.00707588205114007
4497,0.8356612324714661
4498,0.3167411983013153
4499,0.16670069098472595
4500,0.012017927132546902
4501,0.14976271986961365
4502,0.1523171067237854
4503,0.12353194504976273
4504,0.7855255007743835
4505,0.04169829189777374
4506,0.05151423066854477
4507,0.055188871920108795
4508,0.003882661461830139
4509,0.81729888916015625
4510,0.5341015458106995
4511,0.010642661713063717
4512,0.01660268008708954
4513,0.009482256136834621
4514,0.01712379790842533
4515,0.02449852228164673
4516,0.023607058450579643
4517,0.044837649911642075
4518,0.03168009594082832
4519,0.015356837771832943
4520,0.6897125244140625
4521,0.01711270958185196
4522,0.31544598937034607
4523,0.024227077141404152
4524,0.8265244364738464
4525,0.011379966512322426
4526,0.1438525766134262
4527,0.005012990441173315
4528,0.016263898462057114
4529,0.026370475068688393
4530,0.2215360403060913
4531,0.7133738994598389
4532,0.13144178688526154
4533,0.034130219370126724
4534,0.0659792497754097
4535,0.10250295698642731
4536,0.11928968131542206
4537,0.02543695829808712
4538,0.17490997910499573
4539,0.01756596751511097
4540,0.021634547039866447
4541,0.016988519579172134
4542,0.06385024636983871
4543,0.016446996480226517
4544,0.8326287269592285
4545,0.020788250491023064
4546,0.02608776092529297
4547,0.16646146774291992
4548,0.4012856185436249
4549,0.8172367215156555
4550,0.3315342664718628
4551,0.07402274012565613
4552,0.09299824386835098
4553,0.02150920405983925
4554,0.03977496176958084
4555,0.011204715818166733
4556,0.7524290084838867
4557,0.7652908563613892
4558,0.12293269485235214
4559,0.022856634110212326
4560,0.02609431743621826
4561,0.2852296829223633
4562,0.016931723803281784
4563,0.21998919546604156
4564,0.10652027279138565
4565,0.06620852649211884
4566,0.07154645770788193
4567,0.040362611413002014
4568,0.02655702643096447
4569,0.08844579011201859
4570,0.013585325330495834
4571,0.22816510498523712
4572,0.40627601742744446
4573,0.024940146133303642
4574,0.2258223444223404
4575,0.19913659989833832
4576,0.7930442690849304
4577,0.7810724973678589
4578,0.02211141772568226
4579,0.02584262192249298
4580,0.04158546030521393
4581,0.0019352317322045565
4582,0.46497419476509094
4583,0.01695430278778076
4584,0.0748993530869484
4585,0.02852369286119938
4586,0.01758563704788685
4587,0.04099500551819801
4588,0.015883971005678177
4589,0.03712773323059082
4590,0.1270584762096405
4591,0.10596942156553268
4592,0.8374863266944885
4593,0.797120213508606
4594,0.015819119289517403
4595,0.059378910809755325
4596,0.10844838619232178
4597,0.02906254678964615
4598,0.04864722490310669
4599,0.00461309589445591
4600,0.02446356974542141
4601,0.005063119810074568
4602,0.015993447974324226
4603,0.7966858744621277
4604,0.010457745753228664
4605,0.04772215336561203
4606,0.1929064393043518
4607,0.013680988922715187
4608,0.027919456362724304
4609,0.02237832359969616
4610,0.1810034215450287
4611,0.011983277276158333
4612,0.015125769190490246
4613,0.2618577182292938
4614,0.02806994877755642
4615,0.052189528942108154
4616,0.2505200207233429
4617,0.011621798388659954
4618,0.8744598627090454
4619,0.8366301655769348
4620,0.08540073782205582
4621,0.16885054111480713
4622,0.008077805861830711
4623,0.33114469051361084
4624,0.04377776011824608
4625,0.06971902400255203
4626,0.21948707103729248
4627,0.017827650532126427
4628,0.015260469168424606
4629,0.008411294780671597
4630,0.020969422534108162
4631,0.03504294529557228
4632,0.026137156412005424
4633,0.02349732629954815
4634,0.02598114311695099
4635,0.02149747498333454
4636,0.02781466767191887
4637,0.06489869952201843
4638,0.01773289404809475
4639,0.025321589782834053
4640,0.07381373643875122
4641,0.01010965183377266
4642,0.04202346131205559
4643,0.772010862827301
4644,0.03246091306209564
4645,0.034265123307704926
4646,0.08302275091409683
4647,0.03920622542500496
4648,0.8273462653160095
4649,0.08448434621095657
4650,0.02747604064643383
4651,0.7915668487548828
4652,0.034478478133678436
4653,0.0042424979619681835
4654,0.8211148977279663
4655,0.24124357104301453
4656,0.04640583321452141
4657,0.12752577662467957
4658,0.040870167315006256
4659,0.007223895285278559
4660,0.006258264183998108
4661,0.8283784985542297
4662,0.06075522303581238
4663,0.007223895285278559
4664,0.0163988396525383
4665,0.14312802255153656
4666,0.1260610818862915
4667,0.025907816365361214
4668,0.026255257427692413
4669,0.5980780720710754
4670,0.1847357600927353
4671,0.06321094930171967
4672,0.09068996459245682
4673,0.008246459998190403
4674,0.1627849042415619
4675,0.020397774875164032
4676,0.13464249670505524
4677,0.03418368473649025
4678,0.040026817470788956
4679,0.042468540370464325
4680,0.10015986859798431
4681,0.1330690085887909
4682,0.013458477333188057
4683,0.0813824012875557
4684,0.019770555198192596
4685,0.026180922985076904
4686,0.02819455787539482
4687,0.007898072712123394
4688,0.749480664730072
4689,0.01428337674587965
4690,0.06771182268857956
4691,0.0685325339436531
4692,0.007874884642660618
4693,0.016551414504647255
4694,0.08352715522050858
4695,0.008663801476359367
4696,0.07832696288824081
4697,0.7640158534049988
4698,0.054501116275787354
4699,0.004211174789816141
4700,0.08889496326446533
4701,0.06686294823884964
4702,0.02000637724995613
4703,0.16929581761360168
4704,0.12925779819488525
4705,0.7961941957473755
4706,0.0277940034866333
4707,0.07763145118951797
4708,0.7827112078666687
4709,0.7476242780685425
4710,0.2939397394657135
4711,0.8059739470481873
4712,0.033865608274936676
4713,0.01710529997944832
4714,0.0807594284415245
4715,0.8196545243263245
4716,0.030903872102499008
4717,0.752595841884613
4718,0.8027335405349731
4719,0.028798293322324753
4720,0.012850802391767502
4721,0.05969225615262985
4722,0.023689312860369682
4723,0.8209730982780457
4724,0.016295291483402252
4725,0.018381154164671898
4726,0.19581682980060577
4727,0.04239094257354736
4728,0.02396690472960472
4729,0.05010942369699478
4730,0.05088842660188675
4731,0.035592060536146164
4732,0.24623359739780426
4733,0.1492774486541748
4734,0.006107529159635305
4735,0.007604451384395361
4736,0.00724671920761466
4737,0.15726983547210693
4738,0.48058247566223145
4739,0.07780835032463074
4740,0.6709117293357849
4741,0.6709117293357849
4742,0.0060035367496311665
4743,0.0028341328725218773
4744,0.046749796718358994
4745,0.08883167803287506
4746,0.007862425409257412
4747,0.3243905305862427
4748,0.05821971967816353
4749,0.17121905088424683
4750,0.16042493283748627
4751,0.023724116384983063
4752,0.1987241953611374
4753,0.011236108839511871
4754,0.003537652548402548
4755,0.8534137606620789
4756,0.07385831326246262
4757,0.06216247379779816
4758,0.011096816509962082
4759,0.12853088974952698
4760,0.0023158255498856306
4761,0.7779746055603027
4762,0.8689021468162537
4763,7.1671576006338e-4
4764,0.024726662784814835
4765,0.030020123347640038
4766,0.8355679512023926
4767,0.022040506824851036
4768,0.016640176996588707
4769,0.33619043231010437
4770,0.827498197555542
4771,0.007363929413259029
4772,0.45006895065307617
4773,0.010738596320152283
4774,0.22543899714946747
4775,0.11425039917230606
4776,0.5226288437843323
4777,0.47650161385536194
4778,0.11175455152988434
4779,0.008233134634792805
4780,0.0017339249607175589
4781,0.8139609098434448
4782,0.040177155286073685
4783,0.7896971106529236
4784,0.08850711584091187
4785,0.15732517838478088
4786,0.8062525391578674
4787,0.006586385425180197
4788,0.06064874306321144
4789,0.030765272676944733
4790,0.031242894008755684
4791,0.01403620932251215
4792,0.00248559657484293
4793,0.04313329979777336
4794,0.013009312562644482
4795,0.025965997949242592
4796,0.07730749994516373
4797,0.7248759865760803
4798,0.009154874831438065
4799,0.028350267559289932
4800,0.2707063853740692
4801,0.08929164707660675
4802,0.015605021268129349
4803,0.0982515960931778
4804,0.01728791370987892
4805,0.03583047538995743
4806,0.5686833262443542
4807,0.0011196298291906714
4808,0.023566843941807747
4809,0.24059434235095978
4810,0.013612969778478146
4811,0.024268576875329018
4812,0.014581399038434029
4813,0.10990893095731735
4814,0.0031646674033254385
4815,0.35694175958633423
4816,0.008044659160077572
4817,0.3245907723903656
4818,0.02874334529042244
4819,0.025506174191832542
4820,0.012925071641802788
4821,0.03155869245529175
4822,0.4565950334072113
4823,0.016333062201738358
4824,0.6257929801940918
4825,0.010828853584825993
4826,0.0026621215511113405
4827,0.007653877139091492
4828,0.012911294586956501
4829,0.049591001123189926
4830,0.015059771947562695
4831,0.014259838499128819
4832,0.01685895398259163
4833,0.007389473263174295
4834,0.4816530644893646
4835,0.0034256395883858204
4836,0.003589802421629429
4837,0.023997481912374496
4838,0.04792454093694687
4839,0.014150678180158138
4840,0.00898041483014822
4841,0.6275274753570557
4842,0.020986974239349365
4843,0.023989399895071983
4844,0.017462363466620445
4845,0.008389814756810665
4846,0.027087638154625893
4847,0.002001471584662795
4848,0.02453354001045227
4849,0.7503615021705627
4850,0.001354661537334323
4851,0.0015674737514927983
4852,0.0025306299794465303
4853,3.616476315073669e-4
4854,0.001380966859869659
4855,0.05379002168774605
4856,0.0033329639118164778
4857,0.0014308234676718712
4858,0.05007801949977875
4859,0.012137298472225666
4860,0.023388974368572235
4861,0.007222550921142101
4862,0.7316476106643677
4863,0.0012347232550382614
4864,0.012096070684492588
4865,0.07545362412929535
4866,0.0011154174571856856
4867,0.005286314059048891
4868,0.0015632295981049538
4869,0.046044763177633286
4870,0.3624785840511322
4871,0.014225909486413002
4872,0.01790774054825306
4873,0.01797945611178875
4874,0.014528532512485981
4875,0.009440007619559765
4876,2.918165409937501e-4
4877,2.7343453257344663e-4
4878,2.918165409937501e-4
4879,0.7821837067604065
4880,0.006289803888648748
4881,0.007988791912794113
4882,0.023332735523581505
4883,0.024499094113707542
4884,0.01100185513496399
4885,0.4439362585544586
4886,0.006100284866988659
4887,0.023868655785918236
4888,0.010934330523014069
4889,0.008939889259636402
4890,0.7357886433601379
4891,2.3474672343581915e-4
4892,0.002526359399780631
4893,0.0038379179313778877
4894,0.012111004441976547
4895,0.027876000851392746
4896,0.26588305830955505
4897,0.04677868261933327
4898,0.6845798492431641
4899,0.014982948079705238
4900,0.011503865011036396
4901,7.708725170232356e-4
4902,0.7730769515037537
4903,0.011829213239252567
4904,0.008044485002756119
4905,0.011565418913960457
4906,0.020996641367673874
4907,8.003075345186517e-5
4908,0.0010786718921735883
4909,0.003845002967864275
4910,0.011993098072707653
4911,6.378794205375016e-4
4912,0.009240798652172089
4913,0.0822562724351883
4914,0.0023791389539837837
4915,0.001667459262534976
4916,0.05859760195016861
4917,0.06359288096427917
4918,0.032482340931892395
4919,0.0018730404553934932
4920,0.08723271638154984
4921,0.0039008730091154575
4922,0.02176884189248085
4923,0.001058916444890201
4924,3.615859313867986e-4
4925,0.006246721372008324
4926,0.005167733877897263
4927,0.0014827197883278131
4928,0.7655841112136841
4929,0.009210340678691864
4930,0.0014347482938319445
4931,1.0375592682976276e-4
4932,6.118171731941402e-4
4933,0.0026583413127809763
4934,0.02425597980618477
4935,7.019228651188314e-4
4936,0.002889641560614109
4937,6.300369277596474e-4
4938,0.002135496586561203
4939,0.0059517971239984035
4940,7.019228651188314e-4
4941,0.011198457330465317
4942,0.0013188632437959313
4943,0.00240942626260221
4944,0.0018843747675418854
4945,1.2066794442944229e-4
4946,0.007234945893287659
4947,5.079390830360353e-4
4948,0.5682802796363831
4949,0.00984655600041151
4950,0.01398616936057806
4951,0.005578020587563515
4952,0.05677245557308197
4953,0.0038121119141578674
4954,0.011931532062590122
4955,2.6322726625949144e-4
4956,0.012729262001812458
4957,9.326850704383105e-5
4958,0.013806851580739021
4959,0.0046138339675962925
4960,0.02759377472102642
4961,0.008094806224107742
4962,0.0046138339675962925
4963,0.013926402665674686
4964,0.012865298427641392
4965,0.02393334172666073
4966,0.01990586705505848
4967,0.013732933439314365
4968,6.238457281142473e-4
4969,0.058762259781360626
4970,0.012051446363329887
4971,0.7944028377532959
4972,0.012297057546675205
4973,0.06664145737886429
4974,0.7659379839897156
4975,0.0053830379620194435
4976,0.004059219732880592
4977,0.5544921159744263
4978,0.011753221042454243
4979,0.01922580599784851
4980,0.016825230792164803
4981,0.016825230792164803
4982,0.004648649599403143
4983,0.033928755670785904
4984,0.00896784570068121
4985,0.005370716098695993
4986,0.011853651143610477
4987,0.015501843765377998
4988,0.012735657393932343
4989,0.0027967614587396383
4990,0.0020530284382402897
4991,0.015227914787828922
4992,0.5555840730667114
4993,0.0034386166371405125
4994,0.00863342173397541
4995,0.01113571971654892
4996,0.02367749810218811
4997,0.00608268566429615
4998,0.022351982071995735
4999,0.11531064659357071
5000,0.004119759891182184
5001,0.02184431627392769
5002,0.0043500373139977455
5003,0.02066836878657341
5004,0.002430326770991087
5005,0.005303615238517523
5006,0.004119759891182184
5007,0.0038473487365990877
5008,0.0027580447494983673
5009,0.007482992485165596
5010,0.0013616189826279879
5011,6.320041138678789e-4
5012,0.006008497439324856
5013,0.012460369616746902
5014,0.023501746356487274
5015,8.353409939445555e-4
5016,3.6785195698030293e-4
5017,0.008103583008050919
5018,8.722154889255762e-4
5019,0.6730620265007019
5020,0.008492588065564632
5021,7.098963251337409e-4
5022,0.001675366424024105
5023,0.001675366424024105
5024,0.011118044145405293
5025,0.3905027210712433
5026,0.012092909775674343
5027,0.010009312070906162
5028,0.011873103678226471
5029,0.001655332394875586
5030,0.009914067573845387
5031,0.0036152731627225876
5032,0.05337681993842125
5033,0.05626147240400314
5034,0.012785944156348705
5035,0.0076194689609110355
5036,0.005713833495974541
5037,0.010068961419165134
5038,6.159208132885396e-4
5039,8.024406270124018e-4
5040,0.02577534317970276
5041,0.017573440447449684
5042,0.7582114934921265
5043,1.3194443226893782e-6
5044,1.711344812065363e-4
5045,0.0010854691499844193
5046,2.9723583793384023e-5
5047,1.1469930177554488e-4
5048,6.470596417784691e-4
5049,6.470596417784691e-4
5050,2.6910300948657095e-4
5051,5.996047402732074e-4
5052,0.010741159319877625
5053,0.003218662226572633
5054,0.025131501257419586
5055,0.02255641669034958
5056,4.5460922410711646e-4
5057,0.01797192357480526
5058,0.001181628555059433
5059,0.006544350180774927
5060,0.007070915307849646
5061,0.012217826209962368
5062,1.0235410445602611e-4
5063,7.319786527659744e-5
5064,0.013121352531015873
5065,0.03557061031460762
5066,0.059911955147981644
5067,0.02815352939069271
5068,0.022625768557190895
5069,0.08869316428899765
5070,0.006063330452889204
5071,0.08085750043392181
5072,9.502500179223716e-4
5073,0.0015914563555270433
5074,0.0015914563555270433
5075,3.904454642906785e-4
5076,0.0018240546341985464
5077,0.0011985462624579668
5078,0.01753217913210392
5079,0.0030368559528142214
5080,0.0018114951672032475
5081,0.0011985462624579668
5082,0.010698722675442696
5083,0.024812979623675346
5084,0.023792292922735214
5085,0.023234831169247627
5086,0.00835071038454771
5087,0.008154027163982391
5088,0.07905307412147522
5089,0.006209558807313442
5090,0.002289328956976533
5091,0.019588515162467957
5092,6.069696974009275e-4
5093,8.718735189177096e-4
5094,0.0034544297959655523
5095,0.7891069054603577
5096,0.17770211398601532
5097,0.7436583638191223
5098,0.0019042830681428313
5099,0.010612202808260918
5100,0.01749703660607338
5101,0.01207249891012907
5102,9.929996449500322e-4
5103,0.005522652994841337
5104,9.929996449500322e-4
5105,0.001367941265925765
5106,0.07007922232151031
5107,0.003416103310883045
5108,0.010471200570464134
5109,0.006192690692842007
5110,0.0879574790596962
5111,0.012907921336591244
5112,0.0011606832267716527
5113,9.929996449500322e-4
5114,9.929996449500322e-4
5115,0.006192690692842007
5116,0.0013997149653732777
5117,0.002518274588510394
5118,0.005461571272462606
5119,0.6359601616859436
5120,0.030506622046232224
5121,0.004095770418643951
5122,0.02103789895772934
5123,0.016253700479865074
5124,4.156798968324438e-5
5125,0.00406862236559391
5126,0.010188356041908264
5127,0.01331249624490738
5128,0.004462270997464657
5129,0.002238698536530137
5130,0.008223519660532475
5131,0.0020371966529637575
5132,0.008233987726271152
5133,0.0012261297088116407
5134,0.0022088070400059223
5135,0.04443466290831566
5136,0.001958660315722227
5137,0.0012261297088116407
5138,0.014483420178294182
5139,0.002118185395374894
5140,0.0019609418231993914
5141,7.745668408460915e-4
5142,0.018899692222476006
5143,0.009050990454852581
5144,0.012521905824542046
5145,6.62944104988128e-4
5146,0.2462311089038849
5147,0.00888364389538765
5148,0.00888364389538765
5149,0.007299857214093208
5150,0.0012568406527861953
5151,0.017678216099739075
5152,0.005612074863165617
5153,0.0022088070400059223
5154,0.1330193132162094
5155,0.0029708349611610174
5156,0.018916534259915352
5157,0.0017092167399823666
5158,0.018938979133963585
5159,0.01061570830643177
5160,0.025886237621307373
5161,0.08462589234113693
5162,0.021693488582968712
5163,0.0022480525076389313
5164,0.1691933572292328
5165,0.024822156876325607
5166,0.024822156876325607
5167,0.016534214839339256
5168,0.0027491473592817783
5169,0.009540550410747528
5170,0.01991218514740467
5171,0.013105836696922779
5172,0.026429280638694763
5173,8.727375534363091e-4
5174,0.013269291259348392
5175,0.013365651480853558
5176,0.07970770448446274
5177,0.014211253263056278
5178,0.44843754172325134
5179,0.0031598841305822134
5180,1.5232687292154878e-4
5181,0.010559113696217537
5182,0.0029124191496521235
5183,8.548786281608045e-4
5184,0.0019202890107408166
5185,0.006670188624411821
5186,0.0028290057089179754
5187,6.523518550238805e-6
5188,6.164852493384387e-6
5189,0.0011540683917701244
5190,0.004388145171105862
5191,0.0153078343719244
5192,0.010142778977751732
5193,0.005989097990095615
5194,0.005363191943615675
5195,0.014468902722001076
5196,0.005691101308912039
5197,0.0030393751803785563
5198,0.08664161711931229
5199,0.007157544605433941
5200,2.2793116727370943e-7
5201,1.0669887728909089e-7
5202,5.476518936120556e-7
5203,0.023745257407426834
5204,0.01519014686346054
5205,8.138752309605479e-4
5206,8.138752309605479e-4
5207,0.0056201801635324955
5208,1.400104520143941e-4
5209,0.001757578575052321
5210,0.001757578575052321
5211,0.001757578575052321
5212,6.189873674884439e-4
5213,0.01987975277006626
5214,0.014620622619986534
5215,0.004143369849771261
5216,7.428447715938091e-4
5217,0.0037693798076361418
5218,7.428447715938091e-4
5219,0.006318626459687948
5220,0.027684221044182777
5221,0.012610500678420067
5222,0.011610176414251328
5223,7.794274715706706e-4
5224,7.794274715706706e-4
5225,0.040564168244600296
5226,0.00561938900500536
5227,0.0028287263121455908
5228,0.01489716675132513
5229,0.0016092800069600344
5230,0.025659743696451187
5231,0.025659743696451187
5232,0.0012162982020527124
5233,0.004043343476951122
5234,0.025603599846363068
5235,0.01714097149670124
5236,0.7630958557128906
5237,0.00944813434034586
5238,0.00503674428910017
5239,0.008682427927851677
5240,0.016627877950668335
5241,0.010729248635470867
5242,0.006914690602570772
5243,0.023853924125432968
5244,0.02257230319082737
5245,0.015648914501070976
5246,0.009486752562224865
5247,0.0011832155287265778
5248,0.0028644674457609653
5249,0.002207802841439843
5250,0.002207802841439843
5251,0.015637151896953583
5252,0.09563538432121277
5253,0.0011832155287265778
5254,0.1841437816619873
5255,0.013666692189872265
5256,0.20881222188472748
5257,0.007815566845238209
5258,0.03433666378259659
5259,0.024837767705321312
5260,0.004383860155940056
5261,0.004383860155940056
5262,0.0038429603446274996
5263,0.004383860155940056
5264,0.004383860155940056
5265,0.0010140573140233755
5266,0.016510019078850746
5267,0.0027434455696493387
5268,6.841602735221386e-4
5269,0.0010140573140233755
5270,0.7655482888221741
5271,0.0024047766346484423
5272,0.05178418010473251
5273,0.002900412306189537
5274,0.015017504803836346
5275,0.001257646013982594
5276,0.022660400718450546
5277,0.0025372053496539593
5278,0.011558976955711842
5279,0.009376742877066135
5280,0.005004634615033865
5281,0.004179651383310556
5282,0.008720637299120426
5283,0.003004420083016157
5284,6.16474833805114e-4
5285,0.028216592967510223
5286,0.04257052019238472
5287,0.010044925846159458
5288,0.004717451520264149
5289,0.3146279752254486
5290,0.010312460362911224
5291,1.3755596592091024e-4
5292,9.826437599258497e-5
5293,0.00783687923103571
5294,0.004516959190368652
5295,0.009760049171745777
5296,0.0021444507874548435
5297,0.01068370882421732
5298,0.004614893812686205
5299,0.01800837181508541
5300,0.009003420360386372
5301,0.004432704299688339
5302,0.016842110082507133
5303,6.076671998016536e-4
5304,0.0010914228623732924
5305,0.018208744004368782
5306,0.02009153924882412
5307,0.0020482800900936127
5308,0.0020482800900936127
5309,0.004944552201777697
5310,0.003139384090900421
5311,0.0019301194697618484
5312,0.06613479554653168
5313,0.030187033116817474
5314,0.012772445566952229
5315,0.014163995161652565
5316,0.006517649628221989
5317,0.013813178054988384
5318,3.463714674580842e-4
5319,0.007202863227576017
5320,0.0019453882705420256
5321,0.003453690791502595
5322,0.7559787631034851
5323,0.009935461916029453
5324,0.016735278069972992
5325,0.0031078262254595757
5326,0.026035305112600327
5327,0.001436412101611495
5328,0.008939835242927074
5329,0.02442861907184124
5330,0.03530815616250038
5331,0.013734405860304832
5332,0.016167618334293365
5333,0.01162272971123457
5334,0.06437031179666519
5335,0.01051020622253418
5336,0.012664919719099998
5337,0.01315957773476839
5338,0.7270128726959229
5339,0.5079839825630188
5340,0.14290478825569153
5341,0.010969758965075016
5342,0.010969758965075016
5343,0.028332041576504707
5344,0.013882619328796864
5345,0.03190175071358681
5346,0.007617957424372435
5347,0.02415645495057106
5348,0.03374427929520607
5349,0.013567190617322922
5350,0.002363887382671237
5351,0.009080946445465088
5352,0.010910325683653355
5353,0.01067175529897213
5354,0.02883845753967762
5355,0.010830293409526348
5356,0.009019555523991585
5357,0.011493264697492123
5358,0.026964137330651283
5359,0.009705180302262306
5360,0.013945229351520538
5361,0.019921358674764633
5362,0.020088206976652145
5363,0.0038931139279156923
5364,0.0023694040719419718
5365,0.013215301558375359
5366,0.012648254632949829
5367,0.029331883415579796
5368,0.014961189590394497
5369,0.0015264236135408282
5370,0.01831001415848732
5371,0.0077605401165783405
5372,0.013623314909636974
5373,0.008934560231864452
5374,0.005383715033531189
5375,0.020637424662709236
5376,0.07773667573928833
5377,0.01237859483808279
5378,0.015297244302928448
5379,0.012459095567464828
5380,0.010630672797560692
5381,0.02969929203391075
5382,0.07252537459135056
5383,0.8042383193969727
5384,0.019895197823643684
5385,0.013052578084170818
5386,0.04579177498817444
5387,0.016450073570013046
5388,0.1076798364520073
5389,0.016149668022990227
5390,0.004424988757818937
5391,0.0645408034324646
5392,0.013725319877266884
5393,0.5234395861625671
5394,0.768130898475647
5395,0.012892844155430794
5396,0.0241567213088274
5397,0.011427503079175949
5398,0.15847989916801453
5399,0.04443691670894623
5400,0.045584551990032196
5401,0.00992316659539938
5402,0.009613233618438244
5403,0.01124644372612238
5404,0.017962945625185966
5405,0.009103837423026562
5406,0.005473535042256117
5407,0.01341124065220356
5408,0.004578312858939171
5409,0.004786298610270023
5410,0.2322448194026947
5411,0.0059416210278868675
5412,0.06184648349881172
5413,0.011349893175065517
5414,0.011050711385905743
5415,0.007966620847582817
5416,0.0014848778955638409
5417,0.026099976152181625
5418,0.023158853873610497
5419,0.007469858508557081
5420,0.008371371775865555
5421,0.008371371775865555
5422,0.08317538350820541
5423,0.5960672497749329
5424,0.535297155380249
5425,0.10146628320217133
5426,0.009113016538321972
5427,0.009113016538321972
5428,0.2506306767463684
5429,0.007734301034361124
5430,0.7508957982063293
5431,0.010918156243860722
5432,0.03904493525624275
5433,0.013218997046351433
5434,0.007902818731963634
5435,0.013218997046351433
5436,0.018725914880633354
5437,0.016261540353298187
5438,0.011792592704296112
5439,0.018839290365576744
5440,0.7598580121994019
5441,0.7657557725906372
5442,0.1525382399559021
5443,0.1374276727437973
5444,0.00935808289796114
5445,0.267640084028244
5446,0.0029829777777194977
5447,0.02244110032916069
5448,0.005247919820249081
5449,0.014574597589671612
5450,0.01065490860491991
5451,0.009296691976487637
5452,0.008558468893170357
5453,0.009314843453466892
5454,0.009962968528270721
5455,0.005884749814867973
5456,0.013269053772091866
5457,0.015808749943971634
5458,0.00676475465297699
5459,0.009506020694971085
5460,0.008152322843670845
5461,0.00598777225241065
5462,0.0032123976852744818
5463,0.00297963572666049
5464,0.01750142127275467
5465,0.010470760054886341
5466,0.7396616339683533
5467,6.417089025489986e-4
5468,0.0022190732415765524
5469,0.008128237910568714
5470,0.010909528471529484
5471,0.004588814452290535
5472,0.0028179700020700693
5473,0.08385732024908066
5474,0.7312427163124084
5475,0.006143767852336168
5476,0.006387506611645222
5477,0.0260042455047369
5478,0.12973664700984955
5479,0.008085924200713634
5480,0.005094646010547876
5481,9.768352610990405e-4
5482,6.392371142283082e-4
5483,0.7568963170051575
5484,0.00878579169511795
5485,0.008453872054815292
5486,0.008367951959371567
5487,0.061016105115413666
5488,0.008630902506411076
5489,0.010488106869161129
5490,0.006442404817789793
5491,0.005900609772652388
5492,0.004156854003667831
5493,0.00757212657481432
5494,0.007388424128293991
5495,0.018570492044091225
5496,0.006049927789717913
5497,0.0059297396801412106
5498,0.005687765311449766
5499,0.06106860563158989
5500,0.01037407387048006
5501,0.008881058543920517
5502,0.01317977998405695
5503,0.012531395070254803
5504,0.004376870580017567
5505,0.010236406698822975
5506,0.0029096927028149366
5507,0.004320241045206785
5508,0.017268581315875053
5509,0.014005884528160095
5510,0.011852450668811798
5511,0.009314601309597492
5512,0.009182511828839779
5513,0.25751975178718567
5514,0.022313209250569344
5515,0.09271154552698135
5516,0.019047420471906662
5517,0.00958301778882742
5518,0.72740936279296875
5519,0.011091186664998531
5520,0.03562837839126587
5521,0.005474672187119722
5522,0.012416521087288857
5523,0.008444061502814293
5524,0.010955448262393475
5525,0.010786562226712704
5526,0.008897976018488407
5527,0.013221976347267628
5528,0.0115434555336833
5529,0.009462212212383747
5530,0.010239255614578724
5531,0.015574409626424313
5532,0.002046962734311819
5533,0.5289883017539978
5534,0.19778425991535187
5535,0.004261663183569908
5536,0.0016856880392879248
5537,8.524248842149973e-4
5538,0.01098847109824419
5539,0.004179577808827162
5540,0.011559609323740005
5541,0.007393773645162582
5542,0.0031465955544263124
5543,0.7148403525352478
5544,0.008364669047296047
5545,0.01357760839164257
5546,0.0235685333609581
5547,0.012584179639816284
5548,0.0023089556489139795
5549,4.0431669913232327e-4
5550,0.100287064909935
5551,0.007967296056449413
5552,0.010447517037391663
5553,0.7476500868797302
5554,0.010830937884747982
5555,4.458682087715715e-4
5556,0.006649268791079521
5557,0.002366495318710804
5558,0.0032354218419641256
5559,0.011168817058205605
5560,0.007625550031661987
5561,0.005009321495890617
5562,0.0010297420667484403
5563,4.458682087715715e-4
5564,0.008333996869623661
5565,0.017410095781087875
5566,0.007988078519701958
5567,0.002308956580236554
5568,0.737852931022644
5569,0.0024509357754141092
5570,0.0012445860775187612
5571,0.006746225990355015
5572,0.007234739605337381
5573,0.011415514163672924
5574,0.013644342310726643
5575,0.021102214232087135
5576,0.061882711946964264
5577,0.014713584445416927
5578,0.009679454378783703
5579,0.006156513001769781
5580,0.0032437953632324934
5581,0.0014936536317691207
5582,0.0019953306764364243
5583,0.00266417209059
5584,0.002262486144900322
5585,0.01355536375194788
5586,0.001917409710586071
5587,0.017461104318499565
5588,0.0723593607544899
5589,0.01595272868871689
5590,0.0025828590150922537
5591,0.008965816348791122
5592,0.021755822002887726
5593,0.0049734581261873245
5594,0.009778057225048542
5595,0.013290110975503922
5596,0.010665589943528175
5597,0.01151803694665432
5598,0.006115705240517855
5599,0.005984195042401552
5600,0.004722717683762312
5601,0.0037712352350354195
5602,0.008886100724339485
5603,0.0010403631022199988
5604,0.009388168342411518
5605,0.004206276033073664
5606,0.007509877439588308
5607,0.021127358078956604
5608,0.013003899715840816
5609,0.01219829823821783
5610,0.009902318008244038
5611,0.05185680091381073
5612,0.009282329119741917
5613,0.008340729400515556
5614,0.002195804612711072
5615,0.0027566913049668074
5616,0.001422127359546721
5617,0.0027566913049668074
5618,0.004140620585530996
5619,0.5290079116821289
5620,0.003420209977775812
5621,0.011649656109511852
5622,0.07165444642305374
5623,0.0033380677923560143
5624,0.010585760697722435
5625,0.008327229879796505
5626,0.01082746870815754
5627,0.009614200331270695
5628,0.007305665407329798
5629,0.007241438142955303
5630,0.0013927831314504147
5631,0.007797539234161377
5632,0.02499203570187092
5633,0.012240618467330933
5634,0.007034480571746826
5635,0.0015273512108251452
5636,0.009761025197803974
5637,0.007089906372129917
5638,0.0029807593673467636
5639,0.0035568466410040855
5640,0.00867480132728815
5641,4.1816680459305644e-4
5642,0.004851663485169411
5643,0.008395104669034481
5644,0.003048552433028817
5645,0.006269323173910379
5646,9.127423982135952e-4
5647,0.008013817481696606
5648,0.762340784072876
5649,0.006891076453030109
5650,0.012173238210380077
5651,0.09410478919744492
5652,0.00163029576651752
5653,0.0016946435207501054
5654,0.0018815696239471436
5655,0.02411365881562233
5656,0.07540132850408554
5657,0.008565953001379967
5658,0.004259523469954729
5659,0.02588357776403427
5660,0.002194487489759922
5661,0.011571384035050869
5662,0.02161329984664917
5663,0.027686798945069313
5664,0.0073891268111765385
5665,0.006950628478080034
5666,0.004409531131386757
5667,0.009541240520775318
5668,0.008869397453963757
5669,0.034687500447034836
5670,0.005223759915679693
5671,0.022806446999311447
5672,0.00458196084946394
5673,0.002789426129311323
5674,0.004406950902193785
5675,0.005058248993009329
5676,0.012664197944104671
5677,0.009355797432363033
5678,0.0030945059843361378
5679,0.006268200930207968
5680,0.0031068972311913967
5681,0.02626975066959858
5682,0.021495692431926727
5683,0.006007729098200798
5684,0.008028283715248108
5685,8.058252860791981e-4
5686,0.001951611484400928
5687,8.058252860791981e-4
5688,0.007267702836543322
5689,0.004487004596740007
5690,0.009056467562913895
5691,0.02561158873140812
5692,8.056712686084211e-4
5693,0.011115411296486855
5694,0.009815510362386703
5695,0.011174057610332966
5696,0.053045809268951416
5697,0.006982398219406605
5698,0.007234732620418072
5699,0.00487966975197196
5700,0.008687402121722698
5701,4.76315151900053e-4
5702,0.0020676953718066216
5703,0.01243898831307888
5704,0.043995339423418045
5705,0.011824543587863445
5706,0.25580817461013794
5707,0.008285432122647762
5708,0.010717472992837429
5709,0.005003473721444607
5710,0.005378804635256529
5711,0.005378804635256529
5712,5.508953472599387e-4
5713,0.0023842270020395517
5714,5.508953472599387e-4
5715,0.005378804635256529
5716,0.33564090728759766
5717,5.508953472599387e-4
5718,0.005378804635256529
5719,0.005378804635256529
5720,0.0027382594998925924
5721,0.013701831921935081
5722,0.024394692853093147
5723,0.7742509841918945
5724,0.00607343390583992
5725,0.006686466280370951
5726,0.01922806166112423
5727,0.006686466280370951
5728,0.0041745081543922424
5729,0.7382110357284546
5730,0.010282297618687153
5731,0.006686466280370951
5732,0.006686466280370951
5733,0.010064946487545967
5734,0.017187781631946564
5735,0.01571495272219181
5736,0.01612098701298237
5737,0.13572651147842407
5738,0.008187627419829369
5739,0.008115014992654324
5740,0.008426062762737274
5741,0.0071691228076815605
5742,0.012256038375198841
5743,0.04089266061782837
5744,2.173926477553323e-4
5745,0.014833947643637657
5746,9.464483009651303e-4
5747,5.363145028240979e-4
5748,1.4000351075083017e-4
5749,0.0021945105399936438
5750,0.0021945105399936438
5751,0.0021945105399936438
5752,0.0021945105399936438
5753,0.0021945105399936438
5754,0.005681382957845926
5755,0.007551439106464386
5756,0.005131724756211042
5757,0.004396828357130289
5758,0.018150728195905685
5759,0.0800330638885498
5760,0.008813966996967793
5761,0.0016123948153108358
5762,0.017148252576589584
5763,0.012124366126954556
5764,0.012647241353988647
5765,0.1793733537197113
5766,0.013186659663915634
5767,0.0020314636640250683
5768,0.03551603853702545
5769,0.016598960384726524
5770,0.7335159182548523
5771,0.001962947426363826
5772,0.0013581197708845139
5773,4.020885389763862e-4
5774,6.0942395066376776e-05
5775,0.0019775014370679855
5776,7.576943025924265e-4
5777,0.037449609488248825
5778,0.017148252576589584
5779,0.849102795124054
5780,0.005638611037284136
5781,0.017148252576589584
5782,3.8459812640212476e-4
5783,0.012727034278213978
5784,0.5396947264671326
5785,0.019134271889925003
5786,0.8160662055015564
5787,0.0022599331568926573
5788,0.013331206515431404
5789,0.004670413210988045
5790,0.002446571132168174
5791,0.011351901106536388
5792,0.0012925147311761975
5793,4.333234392106533e-4
5794,0.021238749846816063
5795,0.003048369660973549
5796,0.010130713693797588
5797,0.006261254195123911
5798,0.010239556431770325
5799,0.008851914666593075
5800,0.00186136772390455
5801,0.0027118423022329807
5802,1.8656459360499866e-5
5803,0.013864468783140182
5804,0.0135579202324152
5805,0.01144939474761486
5806,1.6502011567354202e-4
5807,5.874030175618827e-4
5808,0.0014920934336259961
5809,0.003994958009570837
5810,0.009108527563512325
5811,0.02562878280878067
5812,0.004732183646410704
5813,0.012872330844402313
5814,0.0013933881418779492
5815,0.004035196267068386
5816,0.005989850498735905
5817,0.006279625464230776
5818,0.003083766670897603
5819,0.007443665061146021
5820,0.7336345314979553
5821,0.022465208545327187
5822,4.1205683373846114e-4
5823,4.1205683373846114e-4
5824,0.014209355227649212
5825,0.01165265403687954
5826,0.7830367088317871
5827,0.0075838277116417885
5828,0.009267304092645645
5829,0.01895897090435028
5830,0.008981773629784584
5831,0.007935778237879276
5832,0.022169379517436028
5833,0.015326476655900478
5834,0.012683524750173092
5835,0.005308105144649744
5836,0.005473049823194742
5837,0.009167174808681011
5838,0.011137457564473152
5839,0.0023918948136270046
5840,0.005649513565003872
5841,0.002237364649772644
5842,0.7546318769454956
5843,0.013396497815847397
5844,0.013351391069591045
5845,0.08557802438735962
5846,0.001391089055687189
5847,0.0014206046471372247
5848,5.565552855841815e-4
5849,0.001391089055687189
5850,0.0014420973602682352
5851,0.00849991012364626
5852,0.004758062772452831
5853,0.011599455960094929
5854,0.019816044718027115
5855,0.004831541795283556
5856,0.024398237466812134
5857,0.8508428931236267
5858,2.658551384229213e-4
5859,0.0060914126224815845
5860,0.005169734358787537
5861,0.002674662973731756
5862,0.00915079191327095
5863,0.002104325918480754
5864,0.012120392173528671
5865,0.0033955550752580166
5866,0.011956850998103619
5867,0.004125190433114767
5868,0.7570347785949707
5869,0.7570347785949707
5870,0.00598564138635993
5871,0.002364211482927203
5872,0.0693262368440628
5873,0.01538052037358284
5874,0.0534505620598793
5875,0.0032728330697864294
5876,0.00885362084954977
5877,0.002967878943309188
5878,0.029090596362948418
5879,0.7587952613830566
5880,0.08551369607448578
5881,0.0366097092628479
5882,0.02744508534669876
5883,0.13874056935310364
5884,0.022488132119178772
5885,0.017671892419457436
5886,0.0038939863443374634
5887,0.04526383802294731
5888,0.00750473327934742
5889,0.012146512977778912
5890,0.01880020461976528
5891,0.004377919714897871
5892,0.02389918826520443
5893,0.02389918826520443
5894,0.017105678096413612
5895,0.014680723659694195
5896,0.009720646776258945
5897,0.07778964936733246
5898,0.4162420928478241
5899,0.017471235245466232
5900,0.00342712108977139
5901,0.006132344249635935
5902,0.013302703388035297
5903,0.007931489497423172
5904,0.021700628101825714
5905,0.05122006684541702
5906,0.7879208326339722
5907,0.001882472657598555
5908,0.007399868685752153
5909,0.04489133134484291
5910,0.06039806827902794
5911,0.006749041378498077
5912,0.0011334615992382169
5913,0.07616424560546875
5914,0.01734071597456932
5915,0.032815102487802505
5916,0.01724887080490589
5917,0.005092814564704895
5918,0.007123297080397606
5919,0.0032234753016382456
5920,0.026479553431272507
5921,0.7494649291038513
5922,0.08870218694210052
5923,0.8161808848381042
5924,0.08022363483905792
5925,0.0073113697580993176
5926,0.0010832090629264712
5927,0.013955402188003063
5928,0.0461818091571331
5929,0.05376416817307472
5930,0.006277825217694044
5931,0.02498495951294899
5932,0.019185421988368034
5933,0.32167768478393555
5934,0.7551750540733337
5935,0.020975632593035698
5936,0.11180969327688217
5937,0.11343202739953995
5938,0.06420812755823135
5939,0.06420812755823135
5940,0.5025164484977722
5941,0.06420812755823135
5942,0.06420812755823135
5943,0.0011426591081544757
5944,0.0188383050262928
5945,0.002363150008022785
5946,0.5077036023139954
5947,0.06420812755823135
5948,0.061336323618888855
5949,0.4392372667789459
5950,0.16977719962596893
5951,0.0242990143597126
5952,0.8489481806755066
5953,0.014754807576537132
5954,0.013023941777646542
5955,0.013023941777646542
5956,0.07401294261217117
5957,0.004152617882937193
5958,6.90070737618953e-4
5959,0.0027088625356554985
5960,0.19737623631954193
5961,0.2891123294830322
5962,0.2217547744512558
5963,0.028770120814442635
5964,0.007419387809932232
5965,0.12862347066402435
5966,0.28704729676246643
5967,0.2656501233577728
5968,0.2724241018295288
5969,0.11498300731182098
5970,0.031517356634140015
5971,0.00918918289244175
5972,0.010682998225092888
5973,0.0051385825499892235
5974,0.9080252051353455
5975,0.00620462279766798
5976,0.1324293166399002
5977,0.008079292252659798
5978,0.013345066457986832
5979,6.815038505010307e-4
5980,7.246193126775324e-4
5981,0.0014857775531709194
5982,0.005309001076966524
5983,0.013730938546359539
5984,0.011646143160760403
5985,0.008246500045061111
5986,0.10522378236055374
5987,0.8238091468811035
5988,0.01043584942817688
5989,0.005285634193569422
5990,0.007881724275648594
5991,0.010316665284335613
5992,0.009531470946967602
5993,3.8371022674255073e-4
5994,0.008495398797094822
5995,0.004215712193399668
5996,0.016047975048422813
5997,0.010933001525700092
5998,0.005415682680904865
5999,0.0014549625338986516
6000,0.0016229223692789674
6001,0.0016229223692789674
6002,1.530564622953534e-4
6003,0.0016655767103657126
6004,0.016427183523774147
6005,0.5164769291877747
6006,0.009762325324118137
6007,0.8256531953811646
6008,0.0076457904651761055
6009,0.007742803543806076
6010,0.7927985191345215
6011,0.004484678618609905
6012,0.0017329637194052339
6013,9.03691106941551e-5
6014,0.017146887257695198
6015,0.019459201022982597
6016,0.010282030329108238
6017,0.012094293721020222
6018,0.010666485875844955
6019,0.8019060492515564
6020,0.07370279729366302
6021,0.009131244383752346
6022,0.00993217434734106
6023,0.23042519390583038
6024,0.0030912698712199926
6025,0.01005046721547842
6026,0.0218810997903347
6027,7.56487250328064e-4
6028,0.002899281680583954
6029,0.0019056076416745782
6030,0.007508690468966961
6031,0.009131244383752346
6032,0.013578904792666435
6033,0.00980570912361145
6034,0.010774285532534122
6035,0.00976454745978117
6036,0.0046579851768910885
6037,0.0054627894423902035
6038,0.01918717660009861
6039,0.012601961381733418
6040,0.005620894487947226
6041,0.7480480074882507
6042,0.02096528187394142
6043,0.005708870943635702
6044,0.001230838242918253
6045,0.0015918593853712082
6046,0.0013970347354188561
6047,0.006107042543590069
6048,0.009061512537300587
6049,9.237402118742466e-4
6050,0.004433739464730024
6051,0.0037044978234916925
6052,0.001586406142450869
6053,0.0039451331831514835
6054,0.006179988384246826
6055,5.556499236263335e-4
6056,3.4174922620877624e-4
6057,0.0013382004108279943
6058,0.0024923852179199457
6059,0.004901220090687275
6060,0.0035848834086209536
6061,0.028028259053826332
6062,0.005983913782984018
6063,0.058987606316804886
6064,0.006925475317984819
6065,0.0011361056240275502
6066,0.0039999764412641525
6067,0.0031356599647551775
6068,0.003273819573223591
6069,0.003273819573223591
6070,0.02130517177283764
6071,0.01775008626282215
6072,0.008604802191257477
6073,0.004249325953423977
6074,0.004384309519082308
6075,0.019200295209884644
6076,0.00820373184978962
6077,0.01669103465974331
6078,0.0038516330532729626
6079,0.0054348246194422245
6080,0.01669103465974331
6081,3.9498115074820817e-4
6082,0.0012804119614884257
6083,0.0029054349288344383
6084,0.47905370593070984
6085,0.020379167050123215
6086,0.010389058850705624
6087,0.0035979063250124454
6088,0.0035979063250124454
6089,8.455329807475209e-4
6090,8.455329807475209e-4
6091,8.455329807475209e-4
6092,8.455329807475209e-4
6093,8.455329807475209e-4
6094,6.15655371802859e-5
6095,8.455329807475209e-4
6096,0.01945919543504715
6097,0.008502177894115448
6098,0.021299155429005623
6099,0.007702084258198738
6100,0.008325280621647835
6101,0.007657022215425968
6102,0.011037513613700867
6103,0.0023905287962406874
6104,0.007186231669038534
6105,0.010219650343060493
6106,0.010394325479865074
6107,0.0512581467628479
6108,0.007185687310993671
6109,0.0021129511296749115
6110,0.005070920567959547
6111,0.0049900272861123085
6112,0.005675860680639744
6113,0.002514410996809602
6114,0.0018046501791104674
6115,0.06611135601997375
6116,0.00590141536667943
6117,0.004016009159386158
6118,0.01762482151389122
6119,0.004186937585473061
6120,0.003257179167121649
6121,9.565472137182951e-4
6122,0.002669939072802663
6123,9.81985474936664e-4
6124,9.81985474936664e-4
6125,0.002602251945063472
6126,0.0021651429124176502
6127,0.0087780095636844635
6128,4.5838981168344617e-4
6129,0.002927602967247367
6130,0.007986189797520638
6131,0.002631288720294833
6132,0.0010413239942863584
6133,0.0013796509010717273
6134,0.0013796509010717273
6135,0.0015092389658093452
6136,9.794015204533935e-4
6137,0.002631288720294833
6138,0.018832724541425705
6139,0.002631288720294833
6140,9.794015204533935e-4
6141,0.004780187737196684
6142,9.794015204533935e-4
6143,9.794015204533935e-4
6144,0.0026312873233109713
6145,0.002631288720294833
6146,0.002631288720294833
6147,0.002631288720294833
6148,0.002700720215216279
6149,9.794015204533935e-4
6150,0.002631288720294833
6151,0.003576446557417512
6152,9.794015204533935e-4
6153,9.794015204533935e-4
6154,9.339774260297418e-4
6155,7.693810039199889e-4
6156,0.002631288720294833
6157,9.794015204533935e-4
6158,9.794015204533935e-4
6159,0.0030861455015838146
6160,0.002631288720294833
6161,9.438269189558923e-4
6162,0.0043925135396420956
6163,3.8689791108481586e-4
6164,0.0051999688148498535
6165,0.003204915439710021
6166,0.009894022718071938
6167,0.020794391632080078
6168,0.013392685912549496
6169,0.008239179849624634
6170,0.007134603802114725
6171,7.513768505305052e-4
6172,7.513768505305052e-4
6173,9.039530996233225e-4
6174,0.002470493083819747
6175,0.0027578205335885286
6176,0.06978155672550201
6177,0.0022281543351709843
6178,0.014900678768754005
6179,0.004239628091454506
6180,0.009171342477202415
6181,0.01132238656282425
6182,0.01553798746317625
6183,0.004321262240409851
6184,0.7710358500480652
6185,0.6987385153770447
6186,0.005329729523509741
6187,0.001567420782521367
6188,0.0019634575583040714
6189,0.010792313143610954
6190,0.4422955811023712
6191,0.00957908108830452
6192,0.012253892607986927
6193,0.020376738160848618
6194,0.12112494558095932
6195,0.009708375670015812
6196,0.7297272086143494
6197,3.7171097937971354e-4
6198,0.009133337065577507
6199,0.015252101235091686
6200,0.021614069119095802
6201,2.3990223417058587e-4
6202,0.0031540438067167997
6203,3.2137675589183345e-5
6204,0.010435549542307854
6205,0.00540532311424613
6206,0.005722313653677702
6207,1.2986577348783612e-4
6208,1.4572188956663013e-4
6209,0.002628874499350786
6210,0.004758852533996105
6211,3.224137763027102e-4
6212,0.00820373184978962
6213,0.004296547267585993
6214,0.008239179849624634
6215,0.009376099333167076
6216,0.007790762465447187
6217,0.0010674771619960666
6218,0.003361776238307357
6219,0.022227052599191666
6220,7.427531527355313e-4
6221,0.017713287845253944
6222,0.008167535997927189
6223,0.0018239052733406425
6224,0.00928694661706686
6225,9.126358781941235e-4
6226,0.005572236608713865
6227,0.005702499765902758
6228,0.025894200429320335
6229,0.011850171722471714
6230,0.01117534376680851
6231,8.963647997006774e-4
6232,0.007174466270953417
6233,0.004017058294266462
6234,0.009183288551867008
6235,0.010557331144809723
6236,0.016618158668279648
6237,9.9266623146832e-4
6238,0.0021385124418884516
6239,0.006422167178243399
6240,0.002201908966526389
6241,0.0261890459805727
6242,0.009973207488656044
6243,0.005915469489991665
6244,0.005915469489991665
6245,0.008910485543310642
6246,0.009973207488656044
6247,0.006919483188539743
6248,0.01774653047323227
6249,6.445705075748265e-4
6250,3.9075809763744473e-4
6251,0.0022431721445173025
6252,0.006528703961521387
6253,0.005032944027334452
6254,7.067786646075547e-4
6255,0.016710985451936722
6256,0.013767250813543797
6257,0.0029319196473807096
6258,0.010522818192839622
6259,0.006474347785115242
6260,0.003361706156283617
6261,0.008644362911581993
6262,0.008644362911581993
6263,0.008644362911581993
6264,0.027934275567531586
6265,0.478105366230011
6266,0.005557369906455278
6267,0.008644362911581993
6268,0.008644362911581993
6269,0.008644362911581993
6270,0.002753487089648843
6271,0.014298900030553341
6272,0.0021729120053350925
6273,0.010455835610628128
6274,0.00964341126382351
6275,6.934597040526569e-4
6276,5.007752915844321e-4
6277,0.8032845854759216
6278,0.0015757431974634528
6279,2.2889634419698268e-4
6280,0.007960338145494461
6281,0.0011323440121486783
6282,0.008975159376859665
6283,0.009610927663743496
6284,0.0011570547940209508
6285,0.006175016984343529
6286,0.0028156747575849295
6287,9.810465853661299e-4
6288,1.289573119720444e-4
6289,0.00560202170163393
6290,0.012293095700442791
6291,0.0015465653268620372
6292,0.0011113876244053245
6293,0.0050271376967430115
6294,0.002215686487033963
6295,0.013570471666753292
6296,0.0242167916148901
6297,0.0031317586544901133
6298,0.004190698266029358
6299,7.42404256016016e-4
6300,0.007182667497545481
6301,0.0027155533898621798
6302,0.004080408718436956
6303,0.0027155533898621798
6304,0.011821801774203777
6305,0.012172367423772812
6306,0.002192331477999687
6307,0.05195096880197525
6308,0.002192331477999687
6309,0.004046985413879156
6310,0.010471922345459461
6311,0.02285901829600334
6312,0.006926911883056164
6313,0.011764873750507832
6314,0.012803217396140099
6315,8.129536872729659e-4
6316,6.963279447518289e-4
6317,0.01302638091146946
6318,0.012279434129595757
6319,0.7960849404335022
6320,0.7833961248397827
6321,0.011008186265826225
6322,0.011076092720031738
6323,0.006097111385315657
6324,0.011712875217199326
6325,0.0032457599882036448
6326,0.011111723259091377
6327,0.011111723259091377
6328,0.011111723259091377
6329,0.011111723259091377
6330,0.023268256336450577
6331,0.011111723259091377
6332,0.0033021525014191866
6333,0.036487046629190445
6334,0.011203273199498653
6335,0.011189272627234459
6336,0.013237202540040016
6337,0.0022948463447391987
6338,0.0018744334811344743
6339,0.02133994922041893
6340,0.021765993908047676
6341,0.015608428046107292
6342,5.671302787959576e-4
6343,0.004381042439490557
6344,0.004018926993012428
6345,0.001990395365282893
6346,0.0043035950511693954
6347,0.004018926993012428
6348,3.8446360849775374e-4
6349,0.012198063544929028
6350,0.044982459396123886
6351,0.010935393162071705
6352,3.8446360849775374e-4
6353,0.01759524643421173
6354,0.0018046862678602338
6355,0.010711348615586758
6356,6.997214513830841e-4
6357,6.997214513830841e-4
6358,0.015093235298991203
6359,0.011869612149894238
6360,0.01037556678056717
6361,0.012297745794057846
6362,0.01229977235198021
6363,0.0020770409610122442
6364,8.06566618848592e-4
6365,0.013583683408796787
6366,0.011143808253109455
6367,0.0163321141153574
6368,0.010656979866325855
6369,0.01182565651834011
6370,0.0020322699565440416
6371,0.0011671247193589807
6372,0.0042450991459190845
6373,0.013258600607514381
6374,0.05592557042837143
6375,0.015636427327990532
6376,0.013209414668381214
6377,0.28759196400642395
6378,0.08812245726585388
6379,0.3718253970146179
6380,0.014852795749902725
6381,0.015988826751708984
6382,0.025059139356017113
6383,0.3171902298927307
6384,0.010107137262821198
6385,0.010876446962356567
6386,0.0026381174102425575
6387,0.010718783363699913
6388,0.011717308312654495
6389,0.028229273855686188
6390,0.014504111371934414
6391,0.7760258913040161
6392,0.012495700269937515
6393,0.00502077816054225
6394,0.012301795184612274
6395,0.2250819206237793
6396,0.23458711802959442
6397,0.009064391255378723
6398,0.31294429302215576
6399,0.009557581506669521
6400,0.019612669944763184
6401,0.00520290294662118
6402,0.014942741021513939
6403,0.013126365840435028
6404,0.018712647259235382
6405,0.014473472721874714
6406,0.010139338672161102
6407,0.018355362117290497
6408,0.26729243993759155
6409,0.2606683075428009
6410,0.010139338672161102
6411,0.011043818667531013
6412,0.006519506219774485
6413,0.02999139577150345
6414,0.004313844256103039
6415,0.020438916981220245
6416,0.008731195703148842
6417,0.7413921356201172
6418,0.3856782615184784
6419,0.042679041624069214
6420,0.014156784862279892
6421,0.012551780790090561
6422,0.012603860348463058
6423,0.014908190816640854
6424,0.008731195703148842
6425,4.219401453156024e-4
6426,0.019648462533950806
6427,0.8653103709220886
6428,0.06540511548519135
6429,0.05239523947238922
6430,0.017220525071024895
6431,0.010933175683021545
6432,0.010838029906153679
6433,0.0052017769776284695
6434,0.0076702251099050045
6435,0.00297578820027411
6436,0.005752125289291143
6437,0.0033874015789479017
6438,0.012420357204973698
6439,0.06250501424074173
6440,0.005741504952311516
6441,0.009595828130841255
6442,0.0017404468962922692
6443,0.05716492235660553
6444,0.011634024791419506
6445,0.005741504952311516
6446,0.005741504952311516
6447,0.002216466935351491
6448,0.0010820971801877022
6449,0.0017404468962922692
6450,3.1378783751279116e-4
6451,0.0010820971801877022
6452,5.996886329739937e-7
6453,0.01739448867738247
6454,0.005275803152471781
6455,0.005275803152471781
6456,2.0879307703580707e-4
6457,0.034323081374168396
6458,0.012235880829393864
6459,0.01156751811504364
6460,0.011615796014666557
6461,0.0023453759495168924
6462,0.006193160079419613
6463,0.7964738011360168
6464,0.14272357523441315
6465,0.017283208668231964
6466,0.004664978478103876
6467,0.017317183315753937
6468,0.0013272857759147882
6469,0.010574200190603733
6470,0.01349569857120514
6471,0.016873611137270927
6472,0.013272426091134548
6473,8.098187972791493e-4
6474,0.003518315963447094
6475,0.007531567011028528
6476,0.0033826157450675964
6477,0.0029587496537715197
6478,0.0030454902444034815
6479,0.002853271085768938
6480,0.005615854635834694
6481,0.002579628024250269
6482,0.0029587496537715197
6483,0.0015438285190612078
6484,0.0029587496537715197
6485,0.0029587496537715197
6486,0.004572106059640646
6487,0.0029587496537715197
6488,0.0057503473944962025
6489,5.690936231985688e-4
6490,5.690936231985688e-4
6491,0.01278170756995678
6492,0.006327830720692873
6493,0.006327830720692873
6494,0.012070042081177235
6495,0.00831490196287632
6496,0.001699887914583087
6497,0.0029587496537715197
6498,0.009886812418699265
6499,0.003518315963447094
6500,0.2106967568397522
6501,0.00564911775290966
6502,0.09975429624319077
6503,0.00339877768419683
6504,0.029899723827838898
6505,0.0045507922768592834
6506,0.013236080296337605
6507,0.03154749423265457
6508,0.00215944298543036
6509,0.010825207456946373
6510,9.810465853661299e-4
6511,9.810465853661299e-4
6512,0.010587942786514759
6513,0.009679299779236317
6514,0.002032236196100712
6515,0.0021832454949617386
6516,0.004922594875097275
6517,0.0034485971555113792
6518,0.013859731145203114
6519,0.01318679004907608
6520,0.023236677050590515
6521,0.015100785531103611
6522,0.01812935620546341
6523,0.002923224586993456
6524,0.006495521403849125
6525,0.018011199310421944
6526,0.0036862045526504517
6527,0.0036862045526504517
6528,0.005628703627735376
6529,0.0036862045526504517
6530,0.0036862045526504517
6531,0.0036862045526504517
6532,0.0036862045526504517
6533,0.0036862045526504517
6534,0.0036862045526504517
6535,0.09377796202898026
6536,0.0036862045526504517
6537,0.001096880529075861
6538,0.011455290950834751
6539,0.013192985206842422
6540,0.056951284408569336
6541,0.009687553159892559
6542,0.0011107599129900336
6543,0.01196061447262764
6544,0.008544216863811016
6545,0.006149666383862495
6546,0.012815041467547417
6547,0.008769462816417217
6548,0.384203165769577
6549,0.0016391393728554249
6550,0.010224268771708012
6551,0.003173949895426631
6552,0.01135343685746193
6553,0.003959437366575003
6554,0.008870084770023823
6555,0.01085324864834547
6556,0.00402219919487834
6557,0.40789246559143066
6558,0.015025069005787373
6559,0.7552003860473633
6560,0.02250187285244465
6561,0.011369033716619015
6562,0.012011667713522911
6563,0.03769463300704956
6564,0.0024967018980532885
6565,0.013065175153315067
6566,0.017942676320672035
6567,0.02035890892148018
6568,0.014079014770686626
6569,0.022635534405708313
6570,0.012527614831924438
6571,0.03672362491488457
6572,0.012395665049552917
6573,0.31403008103370667
6574,0.02307059057056904
6575,0.022684460505843163
6576,0.8284071683883667
6577,0.011346881277859211
6578,0.020930081605911255
6579,0.04535292461514473
6580,0.009224414825439453
6581,0.013330955058336258
6582,0.027397213503718376
6583,0.02872740663588047
6584,0.01371004432439804
6585,0.014432773925364017
6586,0.012877251952886581
6587,0.8696120381355286
6588,0.02804899960756302
6589,0.7855851054191589
6590,0.328073650598526
6591,0.016273560002446175
6592,0.00746358884498477
6593,0.019926892593503
6594,0.15475903451442719
6595,0.008771145716309547
6596,0.582292914390564
6597,0.8178949952125549
6598,0.010059432126581669
6599,0.013115252368152142
6600,0.7501755356788635
6601,0.007783541455864906
6602,0.003585310885682702
6603,0.0020086162257939577
6604,0.002039675833657384
6605,4.2323244269937277e-4
6606,8.41211061924696e-4
6607,5.536642856895924e-4
6608,0.02732924558222294
6609,0.005561975296586752
6610,0.0033894290681928396
6611,0.0021893084049224854
6612,3.0466471798717976e-4
6613,0.003695822786539793
6614,0.0032334481365978718
6615,0.38838833570480347
6616,0.007259041536599398
6617,0.0032334481365978718
6618,0.011551679112017155
6619,0.0098361661657691
6620,0.009337390772998333
6621,0.010973065160214901
6622,0.014635062776505947
6623,0.02304294891655445
6624,0.01111847348511219
6625,0.011118479073047638
6626,0.14268538355827332
6627,0.006638892460614443
6628,0.011402718722820282
6629,0.0012039096327498555
6630,0.0012039096327498555
6631,5.081450799480081e-4
6632,5.081450799480081e-4
6633,0.0012039096327498555
6634,5.081450799480081e-4
6635,0.011915656737983227
6636,8.504368015564978e-4
6637,0.0012039096327498555
6638,5.081450799480081e-4
6639,0.009312093257904053
6640,5.081450799480081e-4
6641,0.0012039096327498555
6642,0.0043272715993225574
6643,0.0021658320911228657
6644,0.0046500819735229015
6645,5.081450799480081e-4
6646,5.081450799480081e-4
6647,0.0037977269385010004
6648,0.0012039096327498555
6649,5.081450799480081e-4
6650,9.578422177582979e-4
6651,0.0012039096327498555
6652,5.081450799480081e-4
6653,0.0012039096327498555
6654,0.0012039096327498555
6655,0.0012039096327498555
6656,0.01096372865140438
6657,0.027781253680586815
6658,0.0012039096327498555
6659,6.347419111989439e-4
6660,1.72709424077766e-5
6661,0.0038850486744195223
6662,0.012575389817357063
6663,0.01773884892463684
6664,0.43537017703056335
6665,5.319678457453847e-4
6666,0.004518041852861643
6667,0.03396712243556976
6668,0.29121261835098267
6669,0.00978641677647829
6670,4.209371982142329e-4
6671,2.5800298317335546e-4
6672,3.3112263190560043e-4
6673,0.027940066531300545
6674,0.006170263979583979
6675,0.009459084831178188
6676,5.813251482322812e-4
6677,0.004399778787046671
6678,0.004992321599274874
6679,0.028358615934848785
6680,0.00815752986818552
6681,0.014641226269304752
6682,0.023237626999616623
6683,0.795474112033844
6684,0.007643888704478741
6685,0.001314894761890173
6686,9.200225467793643e-4
6687,0.00793285109102726
6688,0.001318237860687077
6689,0.017237525433301926
6690,0.0013182391412556171
6691,5.165913989912951e-7
6692,0.0027168465312570333
6693,0.006435093004256487
6694,0.014748645946383476
6695,0.0017690310487523675
6696,0.2406284660100937
6697,0.005967788863927126
6698,0.0017532218480482697
6699,7.067328551784158e-4
6700,5.769797717221081e-4
6701,6.950781098566949e-4
6702,0.02228645049035549
6703,0.020720751956105232
6704,0.010733972303569317
6705,0.028498148545622826
6706,0.01143536064773798
6707,0.0031844975892454386
6708,0.0022382393945008516
6709,0.014247477054595947
6710,0.017350541427731514
6711,0.6302076578140259
6712,0.0031012578401714563
6713,0.004498939495533705
6714,0.004498939495533705
6715,9.203000226989388e-4
6716,0.011458060704171658
6717,0.012915123254060745
6718,0.021716805174946785
6719,0.003943887539207935
6720,3.6286463728174567e-4
6721,3.628642880357802e-4
6722,3.628642880357802e-4
6723,3.628642880357802e-4
6724,0.024256277829408646
6725,0.0016618772642686963
6726,0.008088449016213417
6727,0.01892058551311493
6728,0.0015611657872796059
6729,0.017471035942435265
6730,0.0013949947897344828
6731,0.0034057460725307465
6732,0.018755177035927773
6733,0.015721961855888367
6734,0.415963739156723
6735,0.00369807961396873
6736,0.03439579904079437
6737,0.1335727572441101
6738,0.011611795984208584
6739,0.0182968657463789
6740,0.004648731090128422
6741,0.011807811446487904
6742,0.7799685597419739
6743,0.5677381157875061
6744,0.024806834757328033
6745,0.0037363539449870586
6746,0.012489653192460537
6747,6.903776666149497e-4
6748,0.01196474488824606
6749,0.0029843170195817947
6750,0.0029843170195817947
6751,4.55963279819116e-4
6752,3.233594470657408e-4
6753,9.546661021886393e-5
6754,3.233594470657408e-4
6755,0.022164516150951385
6756,7.279023702722043e-5
6757,0.016698626801371574
6758,4.5596284326165915e-4
6759,9.546661021886393e-5
6760,0.23650580644607544
6761,0.004398160148411989
6762,1.2764909479301423e-4
6763,0.2582574188709259
6764,8.000641828402877e-4
6765,0.021895339712500572
6766,0.0068973880261182785
6767,0.0027459817938506603
6768,0.0026441614609211683
6769,0.017615079879760742
6770,0.011703516356647015
6771,0.015224174596369267
6772,0.01059578824788332
6773,0.004664106760174036
6774,5.458033992908895e-4
6775,0.012447520159184933
6776,0.013950815424323082
6777,0.021085448563098907
6778,0.010409071110188961
6779,0.012396411970257759
6780,0.0027102669700980186
6781,2.158152055926621e-4
6782,0.010516848415136337
6783,4.489971324801445e-4
6784,0.03059547394514084
6785,0.0010528569109737873
6786,0.004223105031996965
6787,0.004558315966278315
6788,0.0038904924876987934
6789,0.0013576309429481626
6790,0.0013708502519875765
6791,0.0036087019834667444
6792,0.002116414485499263
6793,0.010817335918545723
6794,0.012496194802224636
6795,0.001041168812662363
6796,0.001041168812662363
6797,9.61657555308193e-4
6798,0.012875638902187347
6799,0.007657090667635202
6800,3.096123691648245e-4
6801,1.8884158635046333e-4
6802,0.0627957433462143
6803,0.0029390642885118723
6804,0.012753554619848728
6805,0.0067219920456409454
6806,0.010858538560569286
6807,5.307636456564069e-4
6808,0.003115063300356269
6809,0.011172804050147533
6810,0.020010534673929214
6811,0.027334153652191162
6812,0.00020799433696083724
6813,0.0010943609522655606
6814,0.0010943609522655606
6815,2.0799413323402405e-4
6816,5.632782122120261e-4
6817,0.0072777969762682915
6818,0.0072777969762682915
6819,0.0072777969762682915
6820,0.0072777969762682915
6821,5.310527049005032e-4
6822,3.646980621851981e-5
6823,1.5540633467026055e-4
6824,0.025351157411932945
6825,0.09405472874641418
6826,0.014596234075725079
6827,0.03615214675664902
6828,0.7352899312973022
6829,0.0069658998399972916
6830,0.10040128231048584
6831,0.007718055974692106
6832,0.0027892603538930416
6833,0.027288300916552544
6834,0.03908665478229523
6835,0.0224288422614336
6836,0.012335642240941525
6837,0.07672248780727386
6838,0.004195126239210367
6839,4.009872500319034e-4
6840,0.006678983569145203
6841,0.006678983569145203
6842,0.009750956669449806
6843,0.010698228143155575
6844,0.001525190775282681
6845,0.011591979302465916
6846,0.023465370759367943
6847,0.012220880948007107
6848,0.016798052936792374
6849,0.0018595390720292926
6850,3.6721196374855936e-4
6851,0.017587987706065178
6852,0.007998921908438206
6853,0.007998921908438206
6854,9.56537202000618e-4
6855,9.56537202000618e-4
6856,0.00767255574464798
6857,0.017775585874915123
6858,0.008446558378636837
6859,0.005386659875512123
6860,3.3112263190560043e-4
6861,0.007343588396906853
6862,0.010136141441762447
6863,0.006408935412764549
6864,0.006944199092686176
6865,0.0072599146515131
6866,0.011040168814361095
6867,0.00814289040863514
6868,0.012303943745791912
6869,0.00966030266135931
6870,0.013579990714788437
6871,0.002209870843216777
6872,0.006032124627381563
6873,7.117741624824703e-4
6874,0.001152107841335237
6875,0.001152107841335237
6876,0.0035464679822325706
6877,0.0010693520307540894
6878,0.010638655163347721
6879,0.053422607481479645
6880,0.007220205385237932
6881,0.006916390266269445
6882,0.0033006772864609957
6883,0.003189994255080819
6884,0.010523608885705471
6885,0.004502526018768549
6886,0.003787036519497633
6887,0.0019512064754962921
6888,0.008797502145171165
6889,7.117741624824703e-4
6890,0.014055952429771423
6891,0.012496305629611015
6892,0.00714366789907217
6893,0.01725856401026249
6894,0.0026637704577296972
6895,0.003881735960021615
6896,0.03449206054210663
6897,0.00776058342307806
6898,0.012031195685267448
6899,0.006598089821636677
6900,0.19795557856559753
6901,0.03255298361182213
6902,0.022729948163032532
6903,0.018301457166671753
6904,0.3979097008705139
6905,0.0024703354574739933
6906,0.04596506804227829
6907,0.007582887541502714
6908,0.005476684309542179
6909,0.008130783215165138
6910,0.008064698427915573
6911,0.008205602876842022
6912,0.02052902616560459
6913,0.004258404951542616
6914,0.34115010499954224
6915,0.013263929635286331
6916,0.0023813885636627674
6917,0.019061587750911713
6918,0.006948594003915787
6919,0.02052825689315796
6920,0.0015373777132481337
6921,0.004998846910893917
6922,0.04599311575293541
6923,0.010508683510124683
6924,0.012212290428578854
6925,0.010985326953232288
6926,0.0015287537826225162
6927,0.010381420142948627
6928,0.007810499519109726
6929,0.0065726907923817635
6930,0.007368863094598055
6931,0.024564746767282486
6932,0.017863959074020386
6933,0.036608047783374786
6934,0.0066721378825604916
6935,0.3952435255050659
6936,0.7825642824172974
6937,0.1761217713356018
6938,0.37569791078567505
6939,0.020106468349695206
6940,0.02848823554813862
6941,0.027456989511847496
6942,0.07215018570423126
6943,4.855935403611511e-4
6944,0.0021757278591394424
6945,6.579684850294143e-5
6946,0.0021757257636636496
6947,0.0021757257636636496
6948,0.0021757257636636496
6949,0.19797508418560028
6950,0.026550039649009705
6951,0.040722839534282684
6952,0.010477184318006039
6953,0.02529430203139782
6954,0.004538492299616337
6955,0.0020854186732321978
6956,0.0020397468470036983
6957,0.008161851204931736
6958,0.009052479639649391
6959,0.01600654050707817
6960,0.0037657571956515312
6961,0.04784334823489189
6962,0.023010337725281715
6963,0.7329712510108948
6964,0.7979815602302551
6965,0.01061645895242691
6966,0.7712779641151428
6967,0.02926691435277462
6968,0.03933143988251686
6969,0.759823739528656
6970,0.7764018177986145
6971,0.004538492299616337
6972,0.037859443575143814
6973,0.2375141829252243
6974,0.00959449727088213
6975,0.020493388175964355
6976,0.00886937603354454
6977,0.020935842767357826
6978,0.03189332038164139
6979,0.0066097332164645195
6980,0.0016565306577831507
6981,0.008848869241774082
6982,0.008921687491238117
6983,0.8027739524841309
6984,0.016948731616139412
6985,0.04325993359088898
6986,0.3334627151489258
6987,0.013659636490046978
6988,0.0233861543238163
6989,0.01313255075365305
6990,0.35986843705177307
6991,0.01783916912972927
6992,5.171908414922655e-4
6993,0.02829131670296192
6994,0.011863848194479942
6995,0.015714962035417557
6996,0.004704825114458799
6997,0.04123338684439659
6998,0.779294490814209
6999,0.02039804309606552
7000,0.00202666106633842
7001,0.01693855971097946
7002,0.04525195062160492
7003,0.01141209714114666
7004,0.005447634030133486
7005,0.001105232280679047
7006,0.02229764312505722
7007,0.012260726653039455
7008,0.006774003617465496
7009,0.013252925127744675
7010,0.011483504436910152
7011,0.7738410234451294
7012,0.00924239493906498
7013,0.012729328125715256
7014,0.026586120948195457
7015,0.01890651322901249
7016,0.019737685099244118
7017,0.09086541086435318
7018,0.05218527466058731
7019,0.003977479878813028
7020,0.013178279623389244
7021,0.023232020437717438
7022,0.017880497500300407
7023,0.016545237973332405
7024,0.012893960811197758
7025,0.016289208084344864
7026,0.16195032000541687
7027,0.01840219460427761
7028,0.02909998968243599
7029,0.0014221883611753583
7030,0.0014221883611753583
7031,0.0013058044714853168
7032,0.0013058044714853168
7033,0.7479686141014099
7034,0.7322562336921692
7035,0.012473730370402336
7036,0.012473730370402336
7037,0.7903105020523071
7038,0.3491075336933136
7039,0.007943414151668549
7040,0.01609439216554165
7041,0.008936247788369656
7042,0.20588193833827972
7043,0.8063707947731018
7044,0.02448771335184574
7045,0.8815113306045532
7046,0.01518915593624115
7047,0.01308660302311182
7048,0.023243175819516182
7049,0.022492561489343643
7050,0.034630537033081055
7051,0.014968366362154484
7052,0.007004850544035435
7053,0.7586545944213867
7054,0.007004850544035435
7055,0.012384045869112015
7056,0.003862714394927025
7057,0.03487725183367729
7058,0.020433783531188965
7059,0.027605485171079636
7060,0.01867298036813736
7061,0.01867298036813736
7062,0.10487157851457596
7063,0.007948108948767185
7064,0.14153672754764557
7065,0.02630326710641384
7066,0.25386834144592285
7067,0.7997043132781982
7068,0.8295528292655945
7069,0.032251372933387756
7070,0.013202870264649391
7071,0.018952276557683945
7072,0.5435023307800293
7073,0.0245461855083704
7074,0.007360307965427637
7075,0.005559214390814304
7076,0.0011420382652431726
7077,0.018438342958688736
7078,0.0019872861448675394
7079,0.03901849314570427
7080,0.28944283723831177
7081,0.807754635810852
7082,0.23497265577316284
7083,0.07691918313503265
7084,0.03741848096251488
7085,0.00813705287873745
7086,0.05691826716065407
7087,0.018145261332392693
7088,0.009539659135043621
7089,0.0047949738800525665
7090,0.0011586027685552835
7091,0.009804862551391125
7092,0.027909427881240845
7093,0.0072497115470469
7094,0.014251905493438244
7095,0.01874084770679474
7096,0.004357602912932634
7097,0.4655507504940033
7098,0.01577962189912796
7099,0.003578129457309842
7100,6.83673017192632e-4
7101,0.004642370156943798
7102,0.0531371645629406
7103,0.024220403283834457
7104,0.0011075979564338923
7105,0.017021717503666878
7106,0.009803302586078644
7107,0.0021525013726204634
7108,0.019712239503860474
7109,0.012287544086575508
7110,0.023725958541035652
7111,0.01044947374612093
7112,0.006096770521253347
7113,0.011532235890626907
7114,0.019062357023358345
7115,0.02287684753537178
7116,0.012227796949446201
7117,0.01276957243680954
7118,0.03879055380821228
7119,0.003695970168337226
7120,0.008751260116696358
7121,0.009865890257060528
7122,0.0664776936173439
7123,0.012163682840764523
7124,0.027321549132466316
7125,0.006574410013854504
7126,0.005022427067160606
7127,0.0029840103816241026
7128,0.21688276529312134
7129,0.029857555404305458
7130,0.00935734435915947
7131,0.017700299620628357
7132,0.021250447258353233
7133,0.009594365954399109
7134,4.458920448087156e-4
7135,0.0077405283227562904
7136,0.0059383888728916645
7137,0.0021215705201029778
7138,0.007984439842402935
7139,0.007984439842402935
7140,0.0013706856407225132
7141,0.0013706856407225132
7142,0.005757641978561878
7143,0.005176583770662546
7144,0.008266796357929707
7145,0.009792952798306942
7146,0.5606592297554016
7147,0.009390883147716522
7148,0.002627733163535595
7149,0.0114775151014328
7150,0.004502417519688606
7151,0.007308625616133213
7152,0.007644618395715952
7153,0.007308625616133213
7154,1.350691218249267e-5
7155,0.010258314199745655
7156,6.06819405220449e-4
7157,0.005479489918798208
7158,0.012287354096770287
7159,0.025675639510154724
7160,5.230799433775246e-4
7161,5.230799433775246e-4
7162,0.018168887123465538
7163,0.025924965739250183
7164,0.023389095440506935
7165,0.8284577131271362
7166,0.04631912708282471
7167,0.018168887123465538
7168,0.01710575819015503
7169,0.002057635923847556
7170,0.006782093085348606
7171,0.018168887123465538
7172,0.002732420340180397
7173,0.004373702686280012
7174,0.01277921162545681
7175,0.002229059813544154
7176,0.004502417519688606
7177,0.006067164707928896
7178,7.03422527294606e-4
7179,0.006716872099786997
7180,0.006003271788358688
7181,0.004138074815273285
7182,0.004894545767456293
7183,0.005391331855207682
7184,0.006226091645658016
7185,0.005467116832733154
7186,0.5831476449966431
7187,0.01286565512418747
7188,0.755358099937439
7189,0.10881756991147995
7190,0.018687358126044273
7191,0.004490944556891918
7192,0.2190093994140625
7193,0.014873846434056759
7194,0.03861890733242035
7195,0.018082953989505768
7196,0.00575861893594265
7197,0.009806431829929352
7198,0.018849248066544533
7199,0.027443721890449524
7200,0.026939963921904564
7201,0.013356800191104412
7202,0.010871964506804943
7203,0.024804452434182167
7204,0.01148504763841629
7205,0.05544324219226837
7206,0.013076513074338436
7207,0.33405306935310364
7208,0.0242216344922781
7209,0.013881450518965721
7210,0.011354486458003521
7211,0.013395004905760288
7212,0.016213281080126762
7213,0.0036649201065301895
7214,0.0036649201065301895
7215,0.0022064372897148132
7216,1.9397322830627672e-5
7217,0.0036649201065301895
7218,0.4306812584400177
7219,0.009227767586708069
7220,0.02656654641032219
7221,0.01729351468384266
7222,0.010865854099392891
7223,0.01297350600361824
7224,0.06256747990846634
7225,0.043653737753629684
7226,0.1400109827518463
7227,0.02092900685966015
7228,0.0031503697391599417
7229,0.016008658334612846
7230,0.014107032679021358
7231,0.06321834027767181
7232,0.023093432188034058
7233,0.013360006734728813
7234,0.12308866530656815
7235,0.0018809876637533307
7236,0.009890230372548103
7237,0.0023066631983965635
7238,6.547190714627504e-4
7239,0.0023509636521339417
7240,0.05776546150445938
7241,0.0012999846367165446
7242,0.08736053854227066
7243,0.00981297716498375
7244,0.7524358630180359
7245,8.357004262506962e-4
7246,0.020117899402976036
7247,0.006437230855226517
7248,7.0547079667449e-4
7249,0.341487318277359
7250,0.002278584521263838
7251,0.002278584521263838
7252,0.002278584521263838
7253,0.0063264090567827225
7254,0.01169982273131609
7255,0.002237891312688589
7256,0.35507556796073914
7257,0.007222266402095556
7258,0.005475056357681751
7259,0.01703190617263317
7260,0.007590634748339653
7261,0.010314076207578182
7262,0.07101695984601974
7263,0.008394727483391762
7264,0.01109717134386301
7265,0.01013295166194439
7266,0.005363240372389555
7267,0.011860953643918037
7268,0.07071222364902496
7269,0.003198924707248807
7270,0.0057820905931293964
7271,0.0041536372154951096
7272,0.0034931590780615807
7273,0.0033237056341022253
7274,0.0034931590780615807
7275,0.007201730273663998
7276,0.0013819594169035554
7277,0.001252732239663601
7278,0.001252732239663601
7279,0.001252732239663601
7280,0.018758082762360573
7281,0.025439707562327385
7282,0.016898134723305702
7283,0.001471094903536141
7284,0.001471094903536141
7285,0.0072605982422828674
7286,0.008133810013532639
7287,0.08761587738990784
7288,0.01738012582063675
7289,0.2989659011363983
7290,8.478719246340916e-5
7291,0.005817403085529804
7292,0.014803631231188774
7293,0.004217305686324835
7294,0.00646548718214035
7295,0.010655621066689491
7296,0.007056066766381264
7297,0.11134753376245499
7298,1.6190126189030707e-4
7299,0.006548655219376087
7300,0.0034474798012524843
7301,0.030180931091308594
7302,0.03524230048060417
7303,0.012757055461406708
7304,0.010180088691413403
7305,4.035323509015143e-4
7306,0.009752126410603523
7307,0.023187581449747086
7308,0.018552472814917564
7309,0.006641600746661425
7310,0.02751162089407444
7311,0.004442076664417982
7312,0.003656061366200447
7313,0.004453953821212053
7314,0.004547670017927885
7315,0.016804836690425873
7316,0.026928644627332687
7317,0.013341785408556461
7318,0.001988050527870655
7319,0.002991884481161833
7320,0.010896499268710613
7321,0.008303035981953144
7322,0.01202463824301958
7323,0.0016748633934184909
7324,0.003430041018873453
7325,0.3725235164165497
7326,0.006798793561756611
7327,0.03630587458610535
7328,0.013489301316440105
7329,0.004685699008405209
7330,0.355058878660202
7331,0.0047860778868198395
7332,0.003133195685222745
7333,0.025365028530359268
7334,6.890223012305796e-4
7335,0.0011556767858564854
7336,0.0012409419286996126
7337,3.763820495805703e-5
7338,0.001270738081075251
7339,0.0011556767858564854
7340,9.869481436908245e-4
7341,7.12029926944524e-4
7342,1.9332337251398712e-4
7343,7.12029926944524e-4
7344,0.001979290973395109
7345,0.0011556767858564854
7346,9.080003364942968e-4
7347,0.5545112490653992
7348,0.020299704745411873
7349,0.009728595614433289
7350,0.006021360866725445
7351,0.00782826729118824
7352,0.002987022278830409
7353,0.7293004989624023
7354,0.01280826237052679
7355,0.01280826237052679
7356,0.006735815200954676
7357,0.008556061424314976
7358,0.012337913736701012
7359,0.0019816008862107992
7360,0.001998444553464651
7361,0.001235795090906322
7362,0.01015142910182476
7363,0.021224413067102432
7364,0.0018564227502793074
7365,0.019815582782030106
7366,0.02917175367474556
7367,5.28941280208528e-4
7368,0.001998442690819502
7369,0.007093183230608702
7370,0.008601764217019081
7371,0.04909996688365936
7372,4.306732735130936e-4
7373,0.0010720270220190287
7374,0.014398987405002117
7375,0.012579184956848621
7376,6.004306487739086e-5
7377,0.01058950088918209
7378,0.011908798478543758
7379,0.005059211049228907
7380,0.0016906213713809848
7381,0.0019000282045453787
7382,0.002173071261495352
7383,0.009506478905677795
7384,4.1091907769441605e-4
7385,0.0017172751249745488
7386,0.028672829270362854
7387,0.004542910028249025
7388,0.18421952426433563
7389,0.001856511109508574
7390,0.007196969818323851
7391,0.39799103140830994
7392,0.038057614117860794
7393,0.013290499337017536
7394,0.0013332163216546178
7395,0.0010793436085805297
7396,0.005717332474887371
7397,0.5024377703666687
7398,0.027646131813526154
7399,0.011272501200437546
7400,0.02210952900350094
7401,0.04916023835539818
7402,0.009513315744698048
7403,0.40899893641471863
7404,0.004437062423676252
7405,0.00792747177183628
7406,0.0273854099214077
7407,0.002982641803100705
7408,0.45491132140159607
7409,0.008880835957825184
7410,0.10591066628694534
7411,0.1998291164636612
7412,0.009491642005741596
7413,0.013463562354445457
7414,0.6634044051170349
7415,0.0588531531393528
7416,0.01992129534482956
7417,0.013438972644507885
7418,0.025397878140211105
7419,0.14086458086967468
7420,0.009203515946865082
7421,0.7588321566581726
7422,0.19606970250606537
7423,0.7364541292190552
7424,0.006397268269211054
7425,0.0034591995645314455
7426,0.02415674366056919
7427,0.005378386005759239
7428,0.012388545088469982
7429,6.41711347270757e-4
7430,0.009836086072027683
7431,0.03308510035276413
7432,0.006325208116322756
7433,0.003240035381168127
7434,0.004088657908141613
7435,0.0012909926008433104
7436,0.005396529566496611
7437,0.0024229392874985933
7438,0.030566805973649025
7439,0.059803083539009094
7440,0.003206210443750024
7441,0.040919676423072815
7442,0.04080653935670853
7443,0.7482231855392456
7444,0.002723114565014839
7445,0.0030212784186005592
7446,0.011439263820648193
7447,0.010923074558377266
7448,0.00350885814987123
7449,2.6824872475117445e-4
7450,0.013657650910317898
7451,0.0028339403215795755
7452,0.0030682263895869255
7453,0.01745915599167347
7454,0.01134229265153408
7455,0.0026036060880869627
7456,0.01127867866307497
7457,0.010610820725560188
7458,0.7718163728713989
7459,0.004007349722087383
7460,0.002916696947067976
7461,0.0025374419055879116
7462,0.4704316556453705
7463,0.004394102841615677
7464,0.004932751413434744
7465,0.0017458226066082716
7466,0.001956949010491371
7467,0.012705978006124496
7468,0.003062112256884575
7469,0.0090741952881217
7470,0.001119104796089232
7471,0.0031088944524526596
7472,0.009638589806854725
7473,0.016667066141963005
7474,1.6911298735067248e-4
7475,1.6911298735067248e-4
7476,0.004755513276904821
7477,0.018813425675034523
7478,0.0070881312713027
7479,0.007855926640331745
7480,0.00845008809119463
7481,0.0031476099975407124
7482,0.018289754167199135
7483,0.0018171655246987939
7484,0.028237558901309967
7485,0.04635497182607651
7486,0.014253754168748856
7487,0.021379638463258743
7488,0.03147914633154869
7489,0.007759119383990765
7490,0.008645828813314438
7491,0.02741570770740509
7492,0.009856903925538063
7493,0.02503312937915325
7494,0.006882271729409695
7495,0.008480362594127655
7496,0.002100396668538451
7497,0.023171115666627884
7498,2.799954963847995e-4
7499,0.001119104796089232
7500,6.86424900777638e-4
7501,0.0074636247009038925
7502,7.058652699925005e-4
7503,2.799954963847995e-4
7504,0.652580738067627
7505,0.0422220304608345
7506,0.003495525335893035
7507,8.886246359907091e-4
7508,0.009935926645994186
7509,0.009298404678702354
7510,0.00820233952254057
7511,0.0036985238548368216
7512,0.0036985238548368216
7513,0.0036985238548368216
7514,0.17729762196540833
7515,0.7283879518508911
7516,6.353743956424296e-4
7517,8.886246359907091e-4
7518,0.001119104796089232
7519,0.001146530732512474
7520,0.003784411121159792
7521,0.0021904881577938795
7522,0.004098736215382814
7523,0.003642326919361949
7524,0.028809919953346252
7525,0.012262534350156784
7526,0.001104299328289926
7527,0.04945777356624603
7528,0.0139211006462574
7529,3.644229145720601e-4
7530,0.014948027208447456
7531,4.078568599652499e-4
7532,0.0014765973901376128
7533,0.0146765923127532
7534,0.011837689206004143
7535,0.012427295558154583
7536,0.012523909099400043
7537,0.02682225964963436
7538,0.006734905298799276
7539,0.001987454481422901
7540,0.4678008258342743
7541,0.0023753761779516935
7542,0.0028996141627430916
7543,0.7905664443969727
7544,0.028055766597390175
7545,0.025554027408361435
7546,0.7269551157951355
7547,0.006734905298799276
7548,0.062078557908535004
7549,6.018156418576837e-4
7550,0.005935800261795521
7551,0.002130076289176941
7552,0.005625859368592501
7553,0.005475367419421673
7554,0.0047930581495165825
7555,0.004818845074623823
7556,0.00547697301954031
7557,0.006810642778873444
7558,0.005118770524859428
7559,0.020656896755099297
7560,0.018219631165266037
7561,1.4131497300695628e-4
7562,0.019304979592561722
7563,0.010117881931364536
7564,0.05641939863562584
7565,0.034220773726701736
7566,0.010055429302155972
7567,0.0010113731259480119
7568,0.010633822530508041
7569,0.006997987627983093
7570,0.7840357422828674
7571,0.007932329550385475
7572,0.008792467415332794
7573,0.01838848739862442
7574,0.0035598797257989645
7575,0.010335836559534073
7576,0.009889189153909683
7577,0.7542532086372375
7578,0.010752414353191853
7579,0.1698283553123474
7580,0.6435487270355225
7581,0.007616952061653137
7582,0.007631328888237476
7583,0.006010953802615404
7584,0.008728337474167347
7585,0.03187273070216179
7586,0.01076615322381258
7587,0.06502822786569595
7588,0.005813451949506998
7589,0.10433792322874069
7590,0.022974137216806412
7591,0.013323318213224411
7592,0.010172100737690926
7593,0.14027723670005798
7594,0.012686947360634804
7595,0.1116693764925003
7596,0.028198955580592155
7597,0.012459740974009037
7598,0.16805163025856018
7599,0.010004045441746712
7600,0.7626961469650269
7601,0.043116115033626556
7602,0.03418659791350365
7603,0.01239695306867361
7604,0.0024513050448149443
7605,0.012590277008712292
7606,3.382402064744383e-4
7607,0.45307737588882446
7608,0.4397162199020386
7609,0.20679636299610138
7610,0.007776875048875809
7611,0.0039960662834346294
7612,0.018795231357216835
7613,0.004111452028155327
7614,2.591824741102755e-4
7615,0.00260268640704453
7616,0.006272734608501196
7617,0.13514381647109985
7618,0.005745899863541126
7619,0.005362390074878931
7620,8.597771520726383e-4
7621,0.023082105442881584
7622,8.523725555278361e-4
7623,0.012274356558918953
7624,0.18958653509616852
7625,0.018185222521424294
7626,0.01600673608481884
7627,0.0026632470544427633
7628,0.012596230022609234
7629,0.0061089759692549706
7630,0.731059193611145
7631,0.006391660310328007
7632,0.012090221978724003
7633,0.0061089759692549706
7634,0.007665341719985008
7635,0.009096764028072357
7636,0.01086784340441227
7637,0.03820738568902016
7638,0.03809656202793121
7639,0.0036153553519397974
7640,0.011219617910683155
7641,0.0021077983547002077
7642,0.0030258093029260635
7643,0.005368222948163748
7644,0.008372873067855835
7645,0.014161716215312481
7646,0.012902352027595043
7647,0.007440593093633652
7648,0.007747974246740341
7649,0.0157607551664114
7650,0.013819056563079357
7651,0.03180205076932907
7652,0.02636779472231865
7653,0.11653205752372742
7654,0.02636779472231865
7655,0.029335826635360718
7656,0.002148587489500642
7657,0.019201893359422684
7658,0.004147850442677736
7659,0.005153500474989414
7660,0.00678898673504591
7661,0.001699520624242723
7662,0.08511389791965485
7663,0.011439123190939426
7664,0.028084175661206245
7665,0.0035196554381400347
7666,0.011112184263765812
7667,0.004294538404792547
7668,0.04042453318834305
7669,0.014361599460244179
7670,0.3610529899597168
7671,0.05050347000360489
7672,5.174552206881344e-4
7673,0.413750022649765
7674,0.0014967367751523852
7675,0.09997240453958511
7676,0.029432399198412895
7677,0.0711100772023201
7678,0.7263409495353699
7679,0.0032449979335069656
7680,0.0048802136443555355
7681,0.004880211316049099
7682,0.047285497188568115
7683,0.009873206727206707
7684,0.02231156826019287
7685,0.006180624011904001
7686,0.006180624011904001
7687,0.7333943247795105
7688,0.018601322546601295
7689,0.00606877263635397
7690,0.007027477025985718
7691,0.01316336914896965
7692,0.0057970439083874226
7693,0.005200743675231934
7694,0.01427451241761446
7695,0.008522529155015945
7696,0.006419873330742121
7697,0.01492294017225504
7698,0.005216930061578751
7699,1.0017475869972259e-4
7700,0.0027353132609277964
7701,0.23734572529792786
7702,0.02360534481704235
7703,0.0491371713578701
7704,0.7295078635215759
7705,0.0013821693137288094
7706,0.6039156913757324
7707,0.011007769964635372
7708,0.06625600904226303
7709,0.0013549390714615583
7710,0.7593927979469299
7711,0.022878574207425117
7712,0.014175903983414173
7713,0.004735409747809172
7714,0.0032545498106628656
7715,0.025677626952528954
7716,0.030656561255455017
7717,0.005448507145047188
7718,0.014339523389935493
7719,0.005448507145047188
7720,0.006453505717217922
7721,0.04690894857048988
7722,0.6139504909515381
7723,0.14545577764511108
7724,0.02075987309217453
7725,0.00364179746247828
7726,0.014475179836153984
7727,0.008458723314106464
7728,0.011552485637366772
7729,0.04165299981832504
7730,0.014618444256484509
7731,0.007658903021365404
7732,0.005375787150114775
7733,0.05120278149843216
7734,0.061945829540491104
7735,0.7648899555206299
7736,0.003822689177468419
7737,0.0013086107792332768
7738,0.01342997420579195
7739,0.07578811049461365
7740,0.15269438922405243
7741,0.02700185775756836
7742,0.0075858947820961475
7743,0.11649150401353836
7744,0.03950287029147148
7745,0.004058105405420065
7746,0.004487783648073673
7747,0.004199768416583538
7748,0.00892952736467123
7749,0.008199434727430344
7750,0.011355025693774223
7751,0.015557823702692986
7752,0.01836654730141163
7753,0.006857461761683226
7754,0.06778796017169952
7755,0.002556394785642624
7756,0.2126694619655609
7757,0.741480827331543
7758,0.020302433520555496
7759,0.015421872958540916
7760,0.19843456149101257
7761,0.00983303040266037
7762,0.005047408398240805
7763,0.018738383427262306
7764,0.004874450620263815
7765,0.7209845781326294
7766,0.022032788023352623
7767,0.005352760199457407
7768,0.007395799737423658
7769,0.00523771857842803
7770,0.025730246677994728
7771,0.002765924669802189
7772,0.01042451523244381
7773,0.01767798513174057
7774,0.05046162009239197
7775,0.022872162982821465
7776,0.01824326254427433
7777,0.7351752519607544
7778,0.7298889756202698
7779,0.029187964275479317
7780,0.03493644297122955
7781,0.06371452659368515
7782,0.5643051266670227
7783,0.16422654688358307
7784,0.03812757134437561
7785,0.010121660307049751
7786,0.37463676929473877
7787,0.018154410645365715
7788,0.018154410645365715
7789,0.03916025906801224
7790,0.02590019814670086
7791,0.0037767391186207533
7792,0.023052439093589783
7793,0.01379320491105318
7794,0.010115304030478
7795,0.0037733856588602066
7796,0.016135644167661667
7797,0.11277610808610916
7798,0.03231949731707573
7799,0.002535367151722312
7800,0.041613806039094925
7801,0.0030909113120287657
7802,0.10057579725980759
7803,0.016979951411485672
7804,0.08987952023744583
7805,0.009736379608511925
7806,0.6449345350265503
7807,0.01284602377563715
7808,0.016012413427233696
7809,0.011744472198188305
7810,0.043120093643665314
7811,0.1390925943851471
7812,0.016543610021471977
7813,0.0033486788161098957
7814,0.001880523981526494
7815,0.004446854814887047
7816,0.0034463165793567896
7817,0.003122285706922412
7818,0.02701142430305481
7819,0.006844128016382456
7820,0.003310759086161852
7821,0.003540491219609976
7822,0.006844128016382456
7823,0.00483313575387001
7824,0.006844128016382456
7825,0.003540491219609976
7826,0.003540491219609976
7827,0.003310759086161852
7828,0.0052822986617684364
7829,0.003310759086161852
7830,0.003540491219609976
7831,0.020773880183696747
7832,0.005623792298138142
7833,0.025921382009983063
7834,0.009816044941544533
7835,0.009593907743692398
7836,0.15952463448047638
7837,0.02807268686592579
7838,0.011664461344480515
7839,0.07175060361623764
7840,0.0059225172735750675
7841,0.056666214019060135
7842,0.0845780298113823
7843,0.008046128787100315
7844,0.0016056325985118747
7845,0.005922514479607344
7846,0.0026683248579502106
7847,0.004650733433663845
7848,0.027717621996998787
7849,0.02493833750486374
7850,0.0043230559676885605
7851,0.02911645919084549
7852,0.02911645919084549
7853,0.7922379374504089
7854,0.13646018505096436
7855,0.016239190474152565
7856,0.10413932055234909
7857,0.7272548079490662
7858,0.010919014923274517
7859,0.06782570481300354
7860,0.16436924040317535
7861,0.009100628085434437
7862,0.12217831611633301
7863,0.00294213998131454
7864,0.007902354933321476
7865,0.02571060135960579
7866,0.008710750378668308
7867,0.8132307529449463
7868,0.014384924434125423
7869,0.0028047733940184116
7870,0.01920601911842823
7871,0.16900864243507385
7872,0.12186707556247711
7873,0.3996267318725586
7874,0.03540796786546707
7875,0.008829472586512566
7876,0.004870512988418341
7877,0.01679438352584839
7878,0.0064832731150090694
7879,0.8298749327659607
7880,0.00592537596821785
7881,0.012399698607623577
7882,0.03482838720083237
7883,0.04403311014175415
7884,0.08166176080703735
7885,0.019442830234766006
7886,0.019442830234766006
7887,0.003945969045162201
7888,0.3233875632286072
7889,0.01146415900439024
7890,0.003121078247204423
7891,0.008079096674919128
7892,0.4190632104873657
7893,0.03146174177527428
7894,0.8435593843460083
7895,0.14066550135612488
7896,0.46381643414497375
7897,0.007246784865856171
7898,0.05194222182035446
7899,0.017517434433102608
7900,0.017544537782669067
7901,0.01052224263548851
7902,0.041139617562294006
7903,0.044707298278808594
7904,0.414632111787796
7905,0.023512981832027435
7906,0.13668949902057648
7907,0.40844494104385376
7908,0.08081578463315964
7909,0.7871256470680237
7910,0.003855218878015876
7911,0.08952677994966507
7912,0.8523353934288025
7913,0.004100916441529989
7914,0.006089909002184868
7915,0.0032806729432195425
7916,0.004161803051829338
7917,0.017407044768333435
7918,0.009655063040554523
7919,0.021964944899082184
7920,0.16456589102745056
7921,0.07703041285276413
7922,0.029835017397999763
7923,0.08363878726959229
7924,0.01907455176115036
7925,0.01552892941981554
7926,0.3877348005771637
7927,0.20326855778694153
7928,0.016840863972902298
7929,0.19756628572940826
7930,0.008954857476055622
7931,0.006125477608293295
7932,0.037451956421136856
7933,0.3430013656616211
7934,0.0850413516163826
7935,0.053658705204725266
7936,0.0027344601694494486
7937,0.005035609006881714
7938,0.07450800389051437
7939,0.05365873873233795
7940,0.20819944143295288
7941,0.019824381917715073
7942,0.019824381917715073
7943,0.0163409486413002
7944,0.006757684517651796
7945,0.15327852964401245
7946,0.8817002773284912
7947,0.00892123207449913
7948,0.8488050699234009
7949,0.05779695138335228
7950,0.012100259773433208
7951,0.06116535887122154
7952,0.16488713026046753
7953,0.09019186347723007
7954,0.8330385088920593
7955,0.12893933057785034
7956,0.012242342345416546
7957,0.3795820474624634
7958,0.005671058781445026
7959,0.8657914996147156
7960,0.8814789652824402
7961,0.7758806347846985
7962,0.7918275594711304
7963,0.012656128033995628
7964,0.012656128033995628
7965,0.006986575201153755
7966,0.027505574747920036
7967,0.01812620460987091
7968,0.02596389129757881
7969,8.462503319606185e-4
7970,0.009374655783176422
7971,0.22404886782169342
7972,0.15762199461460114
7973,0.024533556774258614
7974,0.024752449244260788
7975,0.013506259769201279
7976,0.01107608713209629
7977,0.07111317664384842
7978,0.02091449312865734
7979,0.04459927976131439
7980,0.007380762603133917
7981,0.761521577835083
7982,0.007141775451600552
7983,0.04465482756495476
7984,0.07766317576169968
7985,0.011892016045749187
7986,0.010450060479342937
7987,0.021326350048184395
7988,0.11755667626857758
7989,0.09827838838100433
7990,0.7333428263664246
7991,0.017140138894319534
7992,0.025021735578775406
7993,0.014357793144881725
7994,0.017328709363937378
7995,0.06952815502882004
7996,0.06375367939472198
7997,0.8629070520401001
7998,0.01909797079861164
7999,0.02755468524992466
8000,0.026041202247142792
8001,0.010850418359041214
8002,0.002910752547904849
8003,0.03243517130613327
8004,0.2160629779100418
8005,0.013380814343690872
8006,0.05664250999689102
8007,0.02152111940085888
8008,0.8018878102302551
8009,0.06396369636058807
8010,0.022331230342388153
8011,0.026557596400380135
8012,0.011959521099925041
8013,0.011919542215764523
8014,0.8168232440948486
8015,0.8637061715126038
8016,0.031982745975255966
8017,0.02363089844584465
8018,0.08131785690784454
8019,0.8459476828575134
8020,0.4176861345767975
8021,0.13441666960716248
8022,0.8751946687698364
8023,0.8393109440803528
8024,0.8198499083518982
8025,0.008199752308428288
8026,0.8014799952507019
8027,0.18852339684963226
8028,0.08594243228435516
8029,0.3615010976791382
8030,0.00659890566021204
8031,0.8297570943832397
8032,0.030341152101755142
8033,0.0014629546785727143
8034,0.022475652396678925
8035,0.2298346608877182
8036,0.3365061581134796
8037,0.09393053501844406
8038,0.06363165378570557
8039,0.011263422667980194
8040,0.007905645295977592
8041,0.19506745040416718
8042,0.28430742025375366
8043,0.15751443803310394
8044,0.017484482377767563
8045,0.4104394316673279
8046,0.042812492698431015
8047,0.012150974944233894
8048,0.05961307883262634
8049,0.014476784504950047
8050,0.8280577063560486
8051,0.23173020780086517
8052,0.20771212875843048
8053,0.017406171187758446
8054,0.01540204044431448
8055,0.13655304908752441
8056,0.021372778341174126
8057,0.008228865452110767
8058,0.20936623215675354
8059,0.21475543081760406
8060,0.8377417922019958
8061,0.8821638226509094
8062,0.2465270310640335
8063,0.4811418950557709
8064,0.0395963154733181
8065,0.022718997672200203
8066,0.011954310350120068
8067,0.02429848723113537
8068,0.13797736167907715
8069,0.028123920783400536
8070,0.011523895896971226
8071,0.10659628361463547
8072,0.59254390001297
8073,0.060049716383218765
8074,0.8879153728485107
8075,0.22204749286174774
8076,0.01652713678777218
8077,0.7918607592582703
8078,0.02612871304154396
8079,0.006902207154780626
8080,0.0672817975282669
8081,0.018156055361032486
8082,0.9116596579551697
8083,0.023391125723719597
8084,0.027241555973887444
8085,0.040492624044418335
8086,0.034833770245313644
8087,0.05789824202656746
8088,0.01813611201941967
8089,0.03945966809988022
8090,0.02114252932369709
8091,0.023110903799533844
8092,0.009414831176400185
8093,0.024773137643933296
8094,0.4433717131614685
8095,0.018713532015681267
8096,0.005783313885331154
8097,0.18822884559631348
8098,0.34512609243392944
8099,0.0022306276950985193
8100,0.005099533125758171
8101,0.032793864607810974
8102,0.11164125800132751
8103,0.2950385510921478
8104,0.003954607527703047
8105,0.822472870349884
8106,0.006934650707989931
8107,0.20577014982700348
8108,0.010431285947561264
8109,0.19096967577934265
8110,0.17819131910800934
8111,0.011207637377083302
8112,0.011878514662384987
8113,0.004528485704213381
8114,0.021794160827994347
8115,0.13735134899616241
8116,0.044939108192920685
8117,0.7249258160591125
8118,0.009999744594097137
8119,0.17263075709342957
8120,0.026903338730335236
8121,0.7912219166755676
8122,0.3313453495502472
8123,0.23229019343852997
8124,0.01919327862560749
8125,0.046112190932035446
8126,0.015666170045733452
8127,0.002419901778921485
8128,0.07666027545928955
8129,0.866267740726471
8130,0.05845166742801666
8131,0.9029505252838135
8132,0.07666029781103134
8133,0.22008508443832397
8134,0.0756000205874443
8135,0.006964837666600943
8136,0.03272334113717079
8137,0.21572494506835938
8138,0.24873176217079163
8139,0.16755084693431854
8140,0.13207809627056122
8141,0.1978674829006195
8142,0.018817417323589325
8143,0.038951657712459564
8144,0.0726262703537941
8145,0.040057431906461716
8146,0.0193015169352293
8147,0.896357536315918
8148,0.8636659979820251
8149,0.09906259924173355
8150,0.13189241290092468
8151,0.00980225671082735
8152,0.05267442762851715
8153,0.14181751012802124
8154,0.2652761936187744
8155,0.012264140881597996
8156,0.02876255288720131
8157,0.4286566972732544
8158,0.004492767620831728
8159,0.13695190846920013
8160,0.24032466113567352
8161,0.041177306324243546
8162,0.016196023672819138
8163,0.010316048748791218
8164,0.16698774695396423
8165,0.04776383936405182
8166,0.03808601200580597
8167,0.29251423478126526
8168,0.009468994103372097
8169,0.0022478310856968164
8170,0.01806676760315895
8171,0.3877914547920227
8172,0.01096357312053442
8173,0.21745741367340088
8174,0.009838394820690155
8175,0.023050693795084953
8176,0.01305316761136055
8177,0.049162596464157104
8178,0.02041582763195038
8179,0.42475125193595886
8180,0.20253697037696838
8181,0.3082667589187622
8182,0.30690982937812805
8183,0.38115522265434265
8184,0.8299801349639893
8185,0.8553254008293152
8186,0.12307380139827728
8187,0.017150744795799255
8188,0.4822424352169037
8189,0.365374356508255
8190,0.8098670244216919
8191,0.8145689368247986
8192,0.0109243867918849
8193,0.0913146436214447
8194,0.03351958841085434
8195,0.3627527058124542
8196,0.014794781804084778
8197,0.010425852611660957
8198,0.01972692646086216
8199,0.012524628080427647
8200,0.048921823501586914
8201,0.19377243518829346
8202,0.8654555678367615
8203,0.042160507291555405
8204,0.053242117166519165
8205,0.08550921827554703
8206,0.2108139842748642
8207,0.32655569911003113
8208,0.029049713164567947
8209,0.044848017394542694
8210,0.2155924141407013
8211,0.4004286229610443
8212,0.3039911687374115
8213,0.6120732426643372
8214,0.32154789566993713
8215,0.0728832259774208
8216,0.7990521788597107
8217,0.022153161466121674
8218,0.037755221128463745
8219,0.004597362130880356
8220,0.07052821666002274
8221,0.10323228687047958
8222,0.05237244442105293
8223,0.08311111479997635
8224,0.011525124311447144
8225,0.22944429516792297
8226,0.8443785309791565
8227,0.013257689774036407
8228,0.03627846762537956
8229,0.025944635272026062
8230,0.0018134346464648843
8231,0.5495744347572327
8232,0.09955058246850967
8233,0.18888354301452637
8234,0.5395233035087585
8235,0.08484367281198502
8236,0.8445147275924683
8237,0.8012699484825134
8238,0.13392356038093567
8239,0.04645153507590294
8240,0.7974351048469543
8241,0.6750412583351135
8242,0.00476817088201642
8243,0.023245086893439293
8244,0.012414212338626385
8245,0.12879501283168793
8246,0.014376476407051086
8247,0.014376476407051086
8248,0.9088960886001587
8249,0.06315740942955017
8250,0.13859772682189941
8251,0.021736377850174904
8252,0.1598547250032425
8253,0.02448004111647606
8254,0.011103086173534393
8255,0.013633796013891697
8256,0.14463414251804352
8257,0.07207278162240982
8258,0.03110317513346672
8259,0.8212680220603943
8260,0.23623357713222504
8261,0.06663475930690765
8262,0.0642678514122963
8263,0.13668198883533478
8264,0.5363435745239258
8265,0.01838638447225094
8266,0.013042102567851543
8267,0.18279752135276794
8268,0.010125071741640568
8269,0.035426508635282516
8270,0.17605504393577576
8271,0.07807092368602753
8272,0.8720239996910095
8273,0.06804399192333221
8274,0.006795552093535662
8275,0.028123067691922188
8276,0.015415851026773453
8277,0.013729473575949669
8278,0.215906023979187
8279,0.11356806755065918
8280,0.05644597113132477
8281,0.8530702590942383
8282,0.22744537889957428
8283,0.4705135226249695
8284,0.23353871703147888
8285,0.4269159734249115
8286,0.0366516076028347
8287,0.017731010913848877
8288,0.06268608570098877
8289,0.3040633797645569
8290,0.0450284369289875
8291,0.01323858555406332
8292,0.037302132695913315
8293,0.01863638311624527
8294,0.02325262688100338
8295,0.1178574413061142
8296,0.03971601277589798
8297,0.038773294538259506
8298,0.01997525431215763
8299,0.03782309591770172
8300,0.7400586009025574
8301,0.020995013415813446
8302,0.07497484982013702
8303,0.22489897906780243
8304,0.015834234654903412
8305,0.01942557655274868
8306,9.421746945008636e-4
8307,0.03559647500514984
8308,0.8348692059516907
8309,0.184417724609375
8310,0.48446980118751526
8311,0.009320762939751148
8312,0.009320762939751148
8313,0.009320762939751148
8314,0.44397488236427307
8315,0.44397488236427307
8316,0.012890690937638283
8317,0.007363360840827227
8318,0.0851956233382225
8319,0.12126421928405762
8320,0.022666310891509056
8321,0.5522933006286621
8322,0.6820006966590881
8323,0.5998920202255249
8324,0.6356806755065918
8325,0.029368694871664047
8326,0.19797925651073456
8327,0.011689374223351479
8328,1.559973752591759e-4
8329,0.6183997988700867
8330,0.023024780675768852
8331,0.037365399301052094
8332,0.019416268914937973
8333,0.21283158659934998
8334,0.16519860923290253
8335,0.012861441820859909
8336,0.49784916639328003
8337,0.18503722548484802
8338,0.019320180639624596
8339,0.8814138174057007
8340,0.8773577809333801
8341,0.01885911636054516
8342,0.33477866649627686
8343,0.19927096366882324
8344,0.014281269162893295
8345,0.010199509561061859
8346,0.006302946247160435
8347,0.012951239012181759
8348,0.01825787127017975
8349,0.7406154274940491
8350,0.025431545451283455
8351,0.4249526858329773
8352,0.47377249598503113
8353,0.16182611882686615
8354,0.10664183646440506
8355,0.027509279549121857
8356,0.022272324189543724
8357,0.04747561737895012
8358,0.02023952826857567
8359,0.02466658316552639
8360,0.023822976276278496
8361,0.012733235955238342
8362,0.05179169401526451
8363,0.9144721627235413
8364,0.14978232979774475
8365,0.19097614288330078
8366,0.07297291606664658
8367,0.014772292226552963
8368,0.7851236462593079
8369,0.08164403587579727
8370,0.08045139908790588
8371,0.8004884123802185
8372,0.21168069541454315
8373,0.21508747339248657
8374,0.014479256235063076
8375,0.029122699052095413
8376,0.02822096273303032
8377,0.08527281880378723
8378,0.02400662750005722
8379,0.032134827226400375
8380,0.8834710121154785
8381,0.024730898439884186
8382,0.03258693963289261
8383,0.017375510185956955
8384,0.20014972984790802
8385,0.6287853717803955
8386,0.015481676906347275
8387,0.017454255372285843
8388,0.05524748936295509
8389,0.021251462399959564
8390,0.3683914542198181
8391,0.01304624043405056
8392,0.03236757218837738
8393,0.07375237345695496
8394,0.02764766849577427
8395,0.011430751532316208
8396,0.05393180996179581
8397,0.7741953730583191
8398,0.7462193369865417
8399,0.582872211933136
8400,0.0165872722864151
8401,0.04988967999815941
8402,0.010515796020627022
8403,0.06228236109018326
8404,0.3879569172859192
8405,0.05177471414208412
8406,0.02796541526913643
8407,0.011569676920771599
8408,0.06641212850809097
8409,0.3007553815841675
8410,0.010837492533028126
8411,0.01843971014022827
8412,0.026082705706357956
8413,0.03678703308105469
8414,0.7709777355194092
8415,0.36601826548576355
8416,0.0196513794362545
8417,0.7407052516937256
8418,0.0069680898450315
8419,0.03255733847618103
8420,0.00251333462074399
8421,0.035788677632808685
8422,0.026503287255764008
8423,0.0017911845352500677
8424,0.7474153637886047
8425,0.008599589578807354
8426,0.02283014915883541
8427,0.39805641770362854
8428,0.7016393542289734
8429,0.7763183116912842
8430,0.6014612317085266
8431,0.12680089473724365
8432,0.28109657764434814
8433,0.0010864627547562122
8434,0.04620715603232384
8435,0.4250224828720093
8436,0.0306412260979414
8437,0.0306412260979414
8438,0.3746848404407501
8439,0.7744758129119873
8440,0.5646745562553406
8441,0.7589126825332642
8442,0.4145471453666687
8443,0.028013017028570175
8444,0.3272557258605957
8445,0.033904336392879486
8446,0.04713376238942146
8447,0.01306472159922123
8448,0.01682642102241516
8449,0.028015485033392906
8450,0.024574292823672295
8451,0.2522134482860565
8452,0.021824829280376434
8453,0.02677558921277523
8454,0.8889499306678772
8455,0.18704581260681152
8456,0.07356061041355133
8457,0.27116936445236206
8458,0.07093233615159988
8459,0.2918113172054291
8460,0.17947076261043549
8461,0.06009479612112045
8462,0.019313784316182137
8463,0.05646110326051712
8464,0.7976266741752625
8465,0.05480246990919113
8466,0.02745254524052143
8467,0.18383173644542694
8468,0.025516118854284286
8469,0.010411162860691547
8470,0.07828211784362793
8471,0.014565087854862213
8472,0.037874821573495865
8473,0.03558206558227539
8474,0.805436372756958
8475,0.051726486533880234
8476,0.4705089330673218
8477,0.15930725634098053
8478,0.10861749202013016
8479,0.02506413124501705
8480,0.02598765306174755
8481,0.13760410249233246
8482,0.03507119044661522
8483,0.04102287068963051
8484,0.07956872880458832
8485,0.012338338419795036
8486,0.04399573430418968
8487,0.38134530186653137
8488,0.0873376727104187
8489,0.020745588466525078
8490,0.008748559281229973
8491,0.8188115358352661
8492,0.319362074136734
8493,0.022592175751924515
8494,0.021116062998771667
8495,0.12075293064117432
8496,0.2437574416399002
8497,0.008609945885837078
8498,0.0018909513019025326
8499,0.002315945690497756
8500,0.003172550117596984
8501,0.003172550117596984
8502,0.003172550117596984
8503,0.010451061651110649
8504,0.011965516954660416
8505,0.005426554474979639
8506,0.004393072798848152
8507,0.004393072798848152
8508,0.004393072798848152
8509,8.887367439456284e-4
8510,0.002522561466321349
8511,0.004393075127154589
8512,0.004393075127154589
8513,0.004393072798848152
8514,0.004393072798848152
8515,0.004393072798848152
8516,0.0014950117329135537
8517,0.005752138327807188
8518,0.005752138327807188
8519,0.005752138327807188
8520,0.005752138327807188
8521,0.005752138327807188
8522,0.005752138327807188
8523,4.7691029612906277e-4
8524,0.002068630652502179
8525,0.0014950117329135537
8526,0.005986782722175121
8527,0.004367411602288485
8528,0.004367411602288485
8529,0.00265085999853909
8530,0.0035891407169401646
8531,0.0035891407169401646
8532,7.67458404880017e-4
8533,0.0035891407169401646
8534,0.0035891407169401646
8535,0.003526629414409399
8536,0.003526629414409399
8537,0.003526629414409399
8538,2.7783727273344994e-4
8539,0.003526629414409399
8540,0.012925095856189728
8541,0.004014355596154928
8542,0.003526629414409399
8543,0.003526629414409399
8544,0.0030669693369418383
8545,0.0030669693369418383
8546,0.0030669693369418383
8547,0.0030669693369418383
8548,0.0030669693369418383
8549,0.0030669693369418383
8550,0.0030669693369418383
8551,0.0030669693369418383
8552,0.0030669693369418383
8553,0.0030669693369418383
8554,0.0013428694801405072
8555,0.008174700662493706
8556,0.004994081798940897
8557,2.801989612635225e-4
8558,0.004329404793679714
8559,0.007414259482175112
8560,0.004329404793679714
8561,0.0036394349299371243
8562,0.0036394349299371243
8563,0.004329404793679714
8564,0.0036394349299371243
8565,0.008742202073335648
8566,0.0036303407978266478
8567,0.0036303407978266478
8568,0.0036303407978266478
8569,7.885717786848545e-4
8570,0.0036303407978266478
8571,0.0036303407978266478
8572,0.009289931505918503
8573,0.005348063074052334
8574,0.00426173210144043
8575,4.899086779914796e-4
8576,0.00426173210144043
8577,0.0016153998440131545
8578,0.011272778734564781
8579,0.00807040836662054
8580,0.006949857342988253
8581,0.01584066078066826
8582,0.02389680966734886
8583,0.0028791322838515043
8584,0.011494895443320274
8585,0.00413084402680397
8586,0.018137874081730843
8587,0.006101589184254408
8588,0.0018797883531078696
8589,0.004123615566641092
8590,0.0044400314800441265
8591,0.0044400314800441265
8592,5.819521611556411e-4
8593,8.900400280253962e-5
8594,0.023748334497213364
8595,0.05399930104613304
8596,0.00923235435038805
8597,0.010983212850987911
8598,0.07880960404872894
8599,0.07880960404872894
8600,0.030638689175248146
8601,0.08970276266336441
8602,0.0024330958258360624
8603,0.0024330958258360624
8604,0.009770686738193035
8605,0.02643352560698986
8606,0.011367179453372955
8607,0.001035466673783958
8608,0.001035466673783958
8609,5.849172521266155e-5
8610,5.211768439039588e-4
8611,0.0010354656260460615
8612,0.0010354656260460615
8613,0.010551893152296543
8614,0.0021881640423089266
8615,0.009765133261680603
8616,0.0065261246636509895
8617,0.060206957161426544
8618,0.008421267382800579
8619,0.012066137045621872
8620,0.0024430847261101007
8621,0.8537581562995911
8622,0.0024430847261101007
8623,0.0024430847261101007
8624,1.6124817193485796e-4
8625,0.006639461498707533
8626,0.0024430847261101007
8627,0.0024430847261101007
8628,0.013388843275606632
8629,0.012514395639300346
8630,0.0022292337380349636
8631,0.21813055872917175
8632,0.04812674596905708
8633,0.004118512384593487
8634,0.00329314055852592
8635,0.003869045525789261
8636,6.778971292078495e-4
8637,0.013090723194181919
8638,0.013123204000294209
8639,0.004405030980706215
8640,0.004405030980706215
8641,0.004405030980706215
8642,0.003426365554332733
8643,0.002945710439234972
8644,0.003426365554332733
8645,0.003426365554332733
8646,0.003426365554332733
8647,0.003426365554332733
8648,0.003426365554332733
8649,0.003426365554332733
8650,0.003426365554332733
8651,0.003426365554332733
8652,0.003426365554332733
8653,0.003426365554332733
8654,0.06360519677400589
8655,2.686444204300642e-4
8656,0.04703801870346069
8657,0.053819842636585236
8658,0.007560485973954201
8659,0.011546987108886242
8660,0.0036227491218596697
8661,0.0036227491218596697
8662,0.05688350647687912
8663,0.011546987108886242
8664,0.011546987108886242
8665,0.0036227491218596697
8666,0.0036227491218596697
8667,0.011546987108886242
8668,0.005452193319797516
8669,0.02638384699821472
8670,0.017573654651641846
8671,0.011456175707280636
8672,0.022569436579942703
8673,0.011546987108886242
8674,0.015129342675209045
8675,0.027148431167006493
8676,0.0019651029724627733
8677,0.019819093868136406
8678,0.0036882522981613874
8679,0.08891254663467407
8680,0.03698796406388283
8681,0.03698796406388283
8682,0.009226110763847828
8683,0.0075637781992554665
8684,0.8233867883682251
8685,0.01458442211151123
8686,3.8315006531775e-4
8687,0.006054643541574478
8688,0.009908841922879219
8689,0.010560325346887112
8690,0.010580422356724739
8691,0.01389652956277132
8692,0.009765133261680603
8693,0.02819812297821045
8694,0.006309932097792625
8695,0.8315345048904419
8696,0.0024649291299283504
8697,0.0024649291299283504
8698,0.0024649291299283504
8699,0.0024649291299283504
8700,0.0024649291299283504
8701,0.0024649291299283504
8702,0.0024649291299283504
8703,0.013820013031363487
8704,0.03224802762269974
8705,0.008580527268350124
8706,0.019117996096611023
8707,0.008314677514135838
8708,0.025791069492697716
8709,0.00869776215404272
8710,0.026000993326306343
8711,0.05332306772470474
8712,0.043386366218328476
8713,0.020338047295808792
8714,0.0038789932150393724
8715,0.0024367072619497776
8716,0.0038789932150393724
8717,0.0038789932150393724
8718,0.0024367072619497776
8719,0.0038789932150393724
8720,0.0016246523009613156
8721,0.0038789932150393724
8722,0.0073522161692380905
8723,0.0073522161692380905
8724,0.0038789932150393724
8725,0.0038789932150393724
8726,0.0038789932150393724
8727,0.0038789932150393724
8728,0.0073522161692380905
8729,0.0038789932150393724
8730,0.0024367072619497776
8731,0.019425151869654655
8732,0.019425151869654655
8733,0.02075473591685295
8734,0.009699247777462006
8735,0.03819090127944946
8736,0.02873658388853073
8737,0.7456613779067993
8738,0.004339092876762152
8739,0.0036029783077538013
8740,0.0016746559413149953
8741,0.0032971969339996576
8742,0.0036029783077538013
8743,0.011605738662183285
8744,0.01367774698883295
8745,0.0036029783077538013
8746,0.004345085471868515
8747,0.0038795534055680037
8748,0.0038795534055680037
8749,0.012055233120918274
8750,0.004345085471868515
8751,0.0035668618511408567
8752,0.0038795534055680037
8753,0.004345085471868515
8754,0.0034139209892600775
8755,0.028270317241549492
8756,0.005899432580918074
8757,0.13817761838436127
8758,0.13817761838436127
8759,0.03675973042845726
8760,0.06193629279732704
8761,0.0031941619236022234
8762,0.049677927047014236
8763,0.03952630236744881
8764,0.009721986018121243
8765,0.005247289780527353
8766,0.0036649550311267376
8767,0.0036649550311267376
8768,0.0010686202440410852
8769,0.011640270240604877
8770,0.011640270240604877
8771,0.008472038432955742
8772,0.0036649550311267376
8773,0.0036649550311267376
8774,0.011640270240604877
8775,0.017011109739542007
8776,0.011640270240604877
8777,0.12804469466209412
8778,0.024544386193156242
8779,0.011839216575026512
8780,0.12282080203294754
8781,0.0169509407132864
8782,0.02757694013416767
8783,0.008840830065310001
8784,0.008840830065310001
8785,0.017510728910565376
8786,0.0036649550311267376
8787,0.0033503214363008738
8788,0.0030694170854985714
8789,0.025791069492697716
8790,0.00677857082337141
8791,0.009601985104382038
8792,0.012803922407329082
8793,0.16219958662986755
8794,0.07284405827522278
8795,0.015404867008328438
8796,0.104297935962677
8797,0.008428075350821018
8798,0.002234661253169179
8799,0.004022340755909681
8800,0.0012773046037182212
8801,0.0011958368122577667
8802,0.0021180384792387486
8803,0.0012773046037182212
8804,0.01012395042926073
8805,0.04490696266293526
8806,0.02796177938580513
8807,0.8422436118125916
8808,0.28429707884788513
8809,0.049630649387836456
8810,0.023064641281962395
8811,0.08942123502492905
8812,0.8444516062736511
8813,0.017493370920419693
8814,0.206525519490242
8815,0.7659757137298584
8816,0.026155266910791397
8817,0.008591766469180584
8818,0.011920378543436527
8819,0.002937545534223318
8820,8.173750247806311e-4
8821,0.04799812659621239
8822,0.8444516062736511
8823,0.08940323442220688
8824,0.0012571471743285656
8825,0.0038343791384249926
8826,0.004282714333385229
8827,0.003358191577717662
8828,0.003358191577717662
8829,0.002937545534223318
8830,0.005854735616594553
8831,0.0042616394348442554
8832,0.841763973236084
8833,0.052776724100112915
8834,0.011975662782788277
8835,0.05548075959086418
8836,0.023130623623728752
8837,0.03307172656059265
8838,0.0037036477588117123
8839,0.0037036477588117123
8840,0.0037036477588117123
8841,0.0037036477588117123
8842,0.0037036477588117123
8843,0.0037036477588117123
8844,0.010620125569403172
8845,0.01836494728922844
8846,0.018635626882314682
8847,0.018635626882314682
8848,0.033486220985651016
8849,0.0018606191733852029
8850,0.0016262308927252889
8851,0.0016262308927252889
8852,0.0018606191733852029
8853,0.0018606191733852029
8854,0.7925202250480652
8855,0.07396773993968964
8856,0.20870216190814972
8857,0.0016262308927252889
8858,4.898833576589823e-4
8859,0.00897953286767006
8860,0.0021618115715682507
8861,0.006125425919890404
8862,0.0021618115715682507
8863,0.003427782328799367
8864,0.0024989210069179535
8865,0.0024989221710711718
8866,0.04083388298749924
8867,0.0024989221710711718
8868,0.012334492057561874
8869,0.02299179881811142
8870,0.022836141288280487
8871,0.07463567703962326
8872,0.020937275141477585
8873,0.0021649564150720835
8874,0.041899945586919785
8875,0.025375250726938248
8876,0.01412147842347622
8877,0.06351986527442932
8878,0.01992117613554001
8879,0.27543190121650696
8880,0.7830051183700562
8881,0.27543190121650696
8882,0.0036716752219945192
8883,0.060958124697208405
8884,0.004221239127218723
8885,0.004221239127218723
8886,0.004221239127218723
8887,0.004221239127218723
8888,0.09589702636003494
8889,0.016279546543955803
8890,7.297143456526101e-4
8891,0.010385098867118359
8892,6.699982914142311e-4
8893,0.02289660833775997
8894,0.07265829294919968
8895,0.011906811967492104
8896,0.083965964615345
8897,0.039034340530633926
8898,0.002837690059095621
8899,3.116766456514597e-4
8900,3.116766456514597e-4
8901,0.00167834700550884
8902,0.0038259285502135754
8903,3.116766456514597e-4
8904,3.116766456514597e-4
8905,0.0038259285502135754
8906,0.008200965821743011
8907,4.650703340303153e-5
8908,0.0038259285502135754
8909,0.009909425862133503
8910,0.008252996020019054
8911,0.00941693875938654
8912,0.020246587693691254
8913,0.010848075151443481
8914,0.0090245949104428291
8915,0.00858382973819971
8916,0.02531382255256176
8917,0.011026442982256413
8918,0.003258471842855215
8919,0.007147037889808416
8920,0.006247212644666433
8921,0.001512862741947174
8922,1.6222467820625752e-4
8923,0.7817620635032654
8924,0.0025081303901970387
8925,0.008639533072710037
8926,0.018652871251106262
8927,2.42185516981408e-4
8928,0.022694716230034828
8929,4.260273417457938e-4
8930,0.0014157224213704467
8931,4.260273417457938e-4
8932,0.007142701651901007
8933,0.006511203479021788
8934,0.005237641278654337
8935,0.0031745126470923424
8936,0.004178800154477358
8937,0.018357574939727783
8938,0.8153607249259949
8939,0.0784953162074089
8940,0.01209383923560381
8941,0.005285459104925394
8942,0.015950189903378487
8943,5.3593805205309764e-5
8944,0.0035994022618979216
8945,0.06401331722736359
8946,0.003636634675785899
8947,6.765381549485028e-4
8948,0.0011060696560889482
8949,0.0011060696560889482
8950,0.21209034323692322
8951,5.3593805205309764e-5
8952,0.00397521024569869
8953,0.055220380425453186
8954,0.010276243090629578
8955,0.003950934857130051
8956,0.2851971685886383
8957,0.0040516783483326435
8958,0.002956113312393427
8959,0.0083077447488904
8960,0.008921678178012371
8961,0.012096025981009007
8962,0.029839275404810905
8963,0.09694748371839523
8964,0.027582673355937004
8965,0.8024277091026306
8966,0.002654626965522766
8967,0.016295015811920166
8968,0.0039163934998214245
8969,0.0010023838840425014
8970,0.0010023838840425014
8971,0.015062332153320313
8972,0.0032441976945847273
8973,0.001344282180070877
8974,0.001344282180070877
8975,0.001344282180070877
8976,0.001344282180070877
8977,0.001344282180070877
8978,0.001344282180070877
8979,0.001344282180070877
8980,0.001344282180070877
8981,0.001344282180070877
8982,0.001344282180070877
8983,4.3531053233891726e-4
8984,1.0041098721558228e-4
8985,0.001344282180070877
8986,0.001344282180070877
8987,0.001344282180070877
8988,0.001344282180070877
8989,0.001344282180070877
8990,0.001344282180070877
8991,0.0035006676334887743
8992,0.01373795885592699
8993,0.01373795885592699
8994,0.0030367192812263966
8995,0.005387372802942991
8996,0.0037445719353854656
8997,0.0051773544400930405
8998,0.028507834300398827
8999,0.004152880050241947
9000,0.012296164408326149
9001,0.015675438567996025
9002,4.426454834174365e-4
9003,0.005365781951695681
9004,0.10287448763847351
9005,0.016010431572794914
9006,0.0010571787133812904
9007,0.0013083128724247217
9008,0.011488296091556549
9009,0.0010746726766228676
9010,0.004568873904645443
9011,0.0010837368899956346
9012,0.008570991456508636
9013,0.007422644644975662
9014,0.00101845629978925
9015,9.856433607637882e-4
9016,0.010841251350939274
9017,0.005368001293390989
9018,0.00168856221716851
9019,0.014237876981496811
9020,0.009558984078466892
9021,0.001228288747370243
9022,0.0010837368899956346
9023,0.007422644644975662
9024,0.020697932690382004
9025,0.01938086375594139
9026,0.004469477105885744
9027,0.006845048163086176
9028,6.292759208008647e-4
9029,4.109593864995986e-4
9030,0.0037025550846010447
9031,0.012696446850895882
9032,4.109593864995986e-4
9033,4.109593864995986e-4
9034,1.0336733248550445e-4
9035,1.0336733248550445e-4
9036,4.109593864995986e-4
9037,0.007887415587902069
9038,1.0336733248550445e-4
9039,6.292759208008647e-4
9040,6.292759208008647e-4
9041,4.109593864995986e-4
9042,3.3874854125315323e-5
9043,3.7971296114847064e-4
9044,0.002842345042154193
9045,0.06541784852743149
9046,0.009037652984261513
9047,0.04118132218718529
9048,2.7401046827435493e-4
9049,0.0016399745363742113
9050,0.015164587646722794
9051,3.117229789495468e-4
9052,3.848266205750406e-4
9053,0.0032525083515793085
9054,0.016000892966985703
9055,0.015307489782571793
9056,0.027120141312479973
9057,0.0038267190102487803
9058,0.07894664257764816
9059,0.024172615259885788
9060,0.006381538696587086
9061,0.020510666072368622
9062,1.7823748930823058e-4
9063,4.831808037124574e-4
9064,0.002021615393459797
9065,6.259200163185596e-4
9066,0.0024972360115498304
9067,0.0016696349484845996
9068,6.259200163185596e-4
9069,6.259200163185596e-4
9070,0.006547361146658659
9071,0.0025185667909681797
9072,4.831808037124574e-4
9073,2.813382016029209e-4
9074,2.813382016029209e-4
9075,3.8025231333449483e-4
9076,2.813382016029209e-4
9077,0.0066511863842606544
9078,3.8025231333449483e-4
9079,4.831808037124574e-4
9080,2.813382016029209e-4
9081,4.831808037124574e-4
9082,4.831808037124574e-4
9083,0.0119937714189291
9084,0.012584890238940716
9085,3.8025231333449483e-4
9086,4.831808037124574e-4
9087,0.012438192032277584
9088,4.8318173503503203e-4
9089,8.31018860480981e-6
9090,1.4949541764508467e-5
9091,0.12352223694324493
9092,0.03730318322777748
9093,3.8025231333449483e-4
9094,2.813382016029209e-4
9095,0.0032804561778903008
9096,0.0031026110518723726
9097,0.0012647019466385245
9098,0.016834674403071404
9099,0.813656210899353
9100,0.0018377099186182022
9101,0.003825991880148649
9102,9.697183268144727e-4
9103,4.3405330507084727e-4
9104,9.697183268144727e-4
9105,9.697183268144727e-4
9106,9.697183268144727e-4
9107,4.3405330507084727e-4
9108,9.697183268144727e-4
9109,9.697183268144727e-4
9110,0.04527736455202103
9111,0.013286914676427841
9112,0.005969998426735401
9113,0.002313897479325533
9114,0.0037706869188696146
9115,0.016377724707126617
9116,0.0012192316353321075
9117,8.439633529633284e-4
9118,0.030793435871601105
9119,0.02088751830160618
9120,0.010395954363048077
9121,0.011201286688446999
9122,2.4887447943910956e-4
9123,0.0013790716184303164
9124,0.0010416186414659023
9125,0.08246085047721863
9126,0.04222613945603371
9127,2.871080068871379e-4
9128,0.002367465989664197
9129,0.010879499837756157
9130,0.01470776554197073
9131,0.0018364175921306014
9132,0.002367465989664197
9133,0.026216993108391762
9134,0.7754571437835693
9135,0.32404735684394836
9136,4.050842544529587e-4
9137,4.050842544529587e-4
9138,4.050842544529587e-4
9139,4.050842544529587e-4
9140,3.3887197787407786e-5
9141,4.050842544529587e-4
9142,0.003768148133531213
9143,0.0039831893518567085
9144,4.050842544529587e-4
9145,4.050842544529587e-4
9146,5.333290318958461e-4
9147,4.050842544529587e-4
9148,3.0123491887934506e-4
9149,0.7701942324638367
9150,0.023785077035427094
9151,0.0025641201063990593
9152,0.0034305250737816095
9153,0.0016318324487656355
9154,0.008317430503666401
9155,0.01878240518271923
9156,0.02217869646847248
9157,0.004036569036543369
9158,3.0660300399176776e-4
9159,0.01551754865795374
9160,2.848031872417778e-4
9161,2.848031872417778e-4
9162,3.0660300399176776e-4
9163,2.848031872417778e-4
9164,2.848031872417778e-4
9165,3.886101476382464e-4
9166,1.6436131033970014e-7
9167,3.886101476382464e-4
9168,2.848031872417778e-4
9169,0.015275122597813606
9170,0.005241379141807556
9171,8.144481107592583e-4
9172,6.901437882333994e-4
9173,8.144481107592583e-4
9174,6.901437882333994e-4
9175,8.144481107592583e-4
9176,8.269142126664519e-4
9177,8.269142126664519e-4
9178,8.269142126664519e-4
9179,8.269142126664519e-4
9180,8.087692549452186e-4
9181,8.269142126664519e-4
9182,8.269142126664519e-4
9183,8.269142126664519e-4
9184,8.269142126664519e-4
9185,8.269142126664519e-4
9186,8.269142126664519e-4
9187,8.269142126664519e-4
9188,8.269142126664519e-4
9189,8.269142126664519e-4
9190,2.7177477022632957e-4
9191,8.269142126664519e-4
9192,8.269142126664519e-4
9193,8.269142126664519e-4
9194,8.269142126664519e-4
9195,8.269142126664519e-4
9196,0.020623207092285156
9197,0.0033795887138694525
9198,0.0044963243417441845
9199,0.009442237205803394
9200,0.008092191070318222
9201,0.009166516363620758
9202,2.7177477022632957e-4
9203,8.269142126664519e-4
9204,0.009072798304259777
9205,0.008097768761217594
9206,0.0018704570829868317
9207,0.006415187381207943
9208,1.066006298060529e-4
9209,0.013117005117237568
9210,9.57936339545995e-4
9211,9.57936339545995e-4
9212,0.015464707277715206
9213,0.011935777962207794
9214,0.005898434668779373
9215,7.559760706499219e-4
9216,7.559760706499219e-4
9217,0.004862783942371607
9218,8.946387097239494e-4
9219,4.950975999236107e-4
9220,0.023903779685497284
9221,0.016029756516218185
9222,0.012174958363175392
9223,0.0607350654900074
9224,0.005765948444604874
9225,7.104831747710705e-4
9226,7.104831747710705e-4
9227,0.02376709133386612
9228,0.008096364326775074
9229,7.104831747710705e-4
9230,0.0012811365304514766
9231,7.104831747710705e-4
9232,7.104831747710705e-4
9233,0.012626203708350658
9234,0.06375593692064285
9235,0.06626757234334946
9236,0.009406407363712788
9237,0.013202710077166557
9238,2.903183049056679e-4
9239,0.0065015461295843124
9240,5.2943519222026225e-6
9241,5.2943519222026225e-6
9242,0.0010808464139699936
9243,0.011077304370701313
9244,0.012056170031428337
9245,0.01688188873231411
9246,3.98412870708853e-4
9247,3.9841324905864894e-4
9248,0.0015837906394153833
9249,3.98412870708853e-4
9250,3.98412870708853e-4
9251,3.98412870708853e-4
9252,3.98412870708853e-4
9253,3.98412870708853e-4
9254,3.98412870708853e-4
9255,3.98412870708853e-4
9256,3.98412870708853e-4
9257,3.98412870708853e-4
9258,0.0026861850637942553
9259,0.0026861850637942553
9260,0.0019979532808065414
9261,0.0026861850637942553
9262,0.0026861850637942553
9263,0.0026861850637942553
9264,0.0026861850637942553
9265,0.0026861850637942553
9266,0.0026861850637942553
9267,0.0026861850637942553
9268,0.0026861850637942553
9269,0.0026861850637942553
9270,0.11101336032152176
9271,0.010354026220738888
9272,0.003543483093380928
9273,0.0014129988849163055
9274,0.0014129988849163055
9275,0.0014129988849163055
9276,0.0014129988849163055
9277,0.0014129988849163055
9278,0.0014129988849163055
9279,0.004398256074637175
9280,0.0014129974879324436
9281,0.0014129988849163055
9282,8.553760126233101e-4
9283,1.7345283413305879e-4
9284,1.558892836328596e-4
9285,0.023037677630782127
9286,0.01824556291103363
9287,0.009184828028082848
9288,0.01824556291103363
9289,0.01824556291103363
9290,0.009184828028082848
9291,0.01824556291103363
9292,0.06924115866422653
9293,0.01892722025513649
9294,0.06924115866422653
9295,0.010500987060368061
9296,0.2071908414363861
9297,4.474974994082004e-4
9298,4.474974994082004e-4
9299,2.100340225297259e-6
9300,2.100340225297259e-6
9301,8.867371434462257e-6
9302,2.100340225297259e-6
9303,2.100340225297259e-6
9304,3.0150383736327058e-6
9305,0.009496897459030151
9306,3.3437329420848982e-6
9307,1.2530092135421e-5
9308,1.2530092135421e-5
9309,0.010947969742119312
9310,0.0099099176004529
9311,0.02354218065738678
9312,0.04431628808379173
9313,6.691049202345312e-4
9314,0.0015533727128058672
9315,0.0015533727128058672
9316,0.0015533727128058672
9317,0.0015533727128058672
9318,2.8871791073470376e-5
9319,0.0015533727128058672
9320,0.0015533727128058672
9321,0.0015533727128058672
9322,0.0015533727128058672
9323,3.2438390189781785e-4
9324,0.0015533727128058672
9325,0.0015533727128058672
9326,0.0014533858047798276
9327,0.0015533727128058672
9328,0.0015533727128058672
9329,0.0015533727128058672
9330,0.0015533727128058672
9331,0.0015533727128058672
9332,0.0015533727128058672
9333,0.0015533727128058672
9334,0.0015533727128058672
9335,0.0015533727128058672
9336,0.01326665747910738
9337,0.01326665747910738
9338,0.020336495712399483
9339,0.02809748239815235
9340,0.051045212894678116
9341,0.055215511471033096
9342,0.008866711519658566
9343,0.0014164804015308619
9344,0.003690822049975395
9345,0.001416481682099402
9346,0.0030311704613268375
9347,0.014515710063278675
9348,0.004417489282786846
9349,0.004417489282786846
9350,3.456161357462406e-4
9351,0.004417489282786846
9352,0.017870133742690086
9353,0.04093503579497337
9354,0.004780224058777094
9355,0.006553576793521643
9356,0.007488062139600515
9357,7.227570313261822e-5
9358,4.975074261892587e-6
9359,4.975074261892587e-6
9360,2.9785041988361627e-5
9361,4.975074261892587e-6
9362,7.552918077635695e-7
9363,4.975074261892587e-6
9364,7.227570313261822e-5
9365,2.9785041988361627e-5
9366,4.975074261892587e-6
9367,0.007040718570351601
9368,0.011928610503673553
9369,0.012066636234521866
9370,0.09608761221170425
9371,0.003415191313251853
9372,0.006874946411699057
9373,0.001669125398620963
9374,0.001669125398620963
9375,0.005280066281557083
9376,0.0016691278433427215
9377,0.001669125398620963
9378,2.4385157303186134e-5
9379,2.4385157303186134e-5
9380,6.041743836249225e-5
9381,2.4385157303186134e-5
9382,6.041743836249225e-5
9383,2.4385157303186134e-5
9384,0.02382909506559372
9385,0.012127885594964027
9386,0.002304533263668418
9387,0.009233701974153519
9388,0.002304533263668418
9389,0.002304533263668418
9390,0.011836237274110317
9391,7.704201561864465e-5
9392,4.447824903763831e-5
9393,5.5246055126190186e-5
9394,7.704201561864465e-5
9395,4.447824903763831e-5
9396,7.704201561864465e-5
9397,7.704201561864465e-5
9398,4.447824903763831e-5
9399,4.447824903763831e-5
9400,5.5246055126190186e-5
9401,4.447824903763831e-5
9402,7.704201561864465e-5
9403,5.5246055126190186e-5
9404,7.704201561864465e-5
9405,0.002359045436605811
9406,4.447824903763831e-5
9407,0.007244708947837353
9408,0.04303783178329468
9409,0.0034504823852330446
9410,0.0034504823852330446
9411,0.0034504823852330446
9412,0.0022375688422471285
9413,0.002561351051554084
9414,0.002561351051554084
9415,0.0034504823852330446
9416,0.002561351051554084
9417,0.002561351051554084
9418,0.002561351051554084
9419,0.002561351051554084
9420,0.0023259383160620928
9421,0.0023259383160620928
9422,0.0017592065269127488
9423,0.0023259383160620928
9424,0.0023259383160620928
9425,0.0023259383160620928
9426,0.0023259383160620928
9427,0.06842929869890213
9428,0.02404395304620266
9429,0.06842929869890213
9430,0.7267016172409058
9431,0.0016024665674194694
9432,0.07973089814186096
9433,0.003895048052072525
9434,0.09565509110689163
9435,0.025889400392770767
9436,0.007492815610021353
9437,0.007492815610021353
9438,5.887445295229554e-4
9439,0.0013198979431763291
9440,0.0013198979431763291
9441,0.002813484985381365
9442,0.0013198979431763291
9443,0.0013198979431763291
9444,5.887445295229554e-4
9445,0.02812109887599945
9446,0.020809322595596313
9447,0.04649168252944946
9448,0.01298434380441904
9449,0.03651417791843414
9450,0.03446869179606438
9451,0.002582808956503868
9452,0.001188067370094359
9453,0.001188067370094359
9454,0.002582808956503868
9455,0.002582808956503868
9456,0.002582808956503868
9457,0.002582808956503868
9458,0.002582808956503868
9459,0.002582808956503868
9460,0.002582808956503868
9461,0.002582808956503868
9462,0.002582808956503868
9463,0.002582808956503868
9464,0.002582808956503868
9465,0.002582808956503868
9466,0.001188067370094359
9467,0.002582808956503868
9468,0.012582745403051376
9469,0.002582808956503868
9470,0.002582808956503868
9471,0.0025828101206570864
9472,0.0025828101206570864
9473,0.06826222687959671
9474,0.08652494102716446
9475,0.05971784517168999
9476,0.08652494102716446
9477,0.06826222687959671
9478,0.08559506386518478
9479,0.004613477271050215
9480,0.09790302813053131
9481,0.09790302813053131
9482,0.025894079357385635
9483,0.13759790360927582
9484,0.03857617452740669
9485,0.003185599809512496
9486,0.029434219002723694
9487,0.003185599809512496
9488,0.01637895405292511
9489,0.062304478138685226
9490,0.010992835275828838
9491,0.004097606986761093
9492,0.004097606986761093
9493,0.020877160131931305
9494,0.009867874905467033
9495,2.6891484594671056e-5
9496,2.6891484594671056e-5
9497,2.6891484594671056e-5
9498,2.6891484594671056e-5
9499,2.6891484594671056e-5
9500,2.6891484594671056e-5
9501,2.6891484594671056e-5
9502,2.6891484594671056e-5
9503,0.023920033127069473
9504,2.6891433662967756e-5
9505,2.6891484594671056e-5
9506,2.6891484594671056e-5
9507,2.6891484594671056e-5
9508,2.6891484594671056e-5
9509,2.6891484594671056e-5
9510,0.004785989411175251
9511,0.007057266775518656
9512,0.02657094970345497
9513,0.01929890364408493
9514,0.01929890364408493
9515,0.01858748495578766
9516,0.019474545493721962
9517,0.023553946986794472
9518,0.008588550612330437
9519,0.03240269050002098
9520,1.0943110282823909e-5
9521,1.0943110282823909e-5
9522,1.0943110282823909e-5
9523,1.0943110282823909e-5
9524,1.0943110282823909e-5
9525,1.0943110282823909e-5
9526,1.0943110282823909e-5
9527,3.273253241786733e-5
9528,2.739159026532434e-5
9529,5.480161416926421e-5
9530,2.739159026532434e-5
9531,3.273253241786733e-5
9532,1.0943110282823909e-5
9533,3.273253241786733e-5
9534,1.0943110282823909e-5
9535,3.273259426350705e-5
9536,3.273259426350705e-5
9537,1.0943110282823909e-5
9538,1.0943110282823909e-5
9539,1.0943110282823909e-5
9540,1.0943110282823909e-5
9541,3.273253241786733e-5
9542,1.0943110282823909e-5
9543,1.0943110282823909e-5
9544,1.0943110282823909e-5
9545,3.273253241786733e-5
9546,1.0943110282823909e-5
9547,0.0032822811044752598
9548,6.685462431050837e-4
9549,0.0032822811044752598
9550,0.04147729277610779
9551,0.007189712952822447
9552,0.0022269587498158216
9553,0.0022269587498158216
9554,0.0022269587498158216
9555,0.007282414939254522
9556,0.0021014013327658176
9557,0.006905551068484783
9558,0.12905322015285492
9559,0.015093744732439518
9560,0.00154530827421695
9561,0.015093744732439518
9562,0.0012733908370137215
9563,0.00154530827421695
9564,0.0010691110510379076
9565,0.0010691110510379076
9566,0.0056814332492649555
9567,0.0074185351841151714
9568,0.006658881437033415
9569,0.010108950547873974
9570,9.641277720220387e-4
9571,5.556028099817922e-7
9572,4.8182341743086e-6
9573,3.4054843126796186e-5
9574,4.8182341743086e-6
9575,1.4870113773213234e-5
9576,1.7550008806210826e-6
9577,4.8182341743086e-6
9578,1.7550008806210826e-6
9579,4.8182341743086e-6
9580,4.8182341743086e-6
9581,4.8182341743086e-6
9582,1.7550008806210826e-6
9583,1.7550008806210826e-6
9584,4.8182341743086e-6
9585,4.8182341743086e-6
9586,1.7172680600197054e-5
9587,0.0016891034319996834
9588,3.4054843126796186e-5
9589,1.921341936395038e-5
9590,6.643147207796574e-4
9591,1.7550008806210826e-6
9592,1.7550008806210826e-6
9593,4.505542165134102e-6
9594,1.5216485189739615e-4
9595,0.011251619085669518
9596,1.921341936395038e-5
9597,0.0117136649787426
9598,0.006298354361206293
9599,0.0053016734309494495
9600,0.005307407584041357
9601,0.012320945970714092
9602,0.012986352667212486
9603,8.438251097686589e-4
9604,8.438251097686589e-4
9605,9.787543676793575e-4
9606,8.438251097686589e-4
9607,3.072942199651152e-4
9608,0.04659142717719078
9609,8.438251097686589e-4
9610,8.438251097686589e-4
9611,3.072942199651152e-4
9612,8.438251097686589e-4
9613,8.438251097686589e-4
9614,3.072942199651152e-4
9615,8.438251097686589e-4
9616,8.438251097686589e-4
9617,8.438251097686589e-4
9618,8.438251097686589e-4
9619,8.438251097686589e-4
9620,8.438251097686589e-4
9621,8.438251097686589e-4
9622,0.0012645545648410916
9623,3.072942199651152e-4
9624,8.438251097686589e-4
9625,8.438251097686589e-4
9626,8.06618423666805e-4
9627,0.002092143287882209
9628,0.0031580599024891853
9629,0.0012724051484838128
9630,0.0031580599024891853
9631,0.001009094645269215
9632,0.0031580599024891853
9633,0.010797872208058834
9634,0.025088926777243614
9635,0.0036433134227991104
9636,0.010293657891452312
9637,0.009986313991248608
9638,0.010483663529157639
9639,0.006840281188488007
9640,0.001887473277747631
9641,0.001887473277747631
9642,0.001887473277747631
9643,0.001887473277747631
9644,0.005020218901336193
9645,0.0026099984534084797
9646,0.0026099984534084797
9647,0.001887473277747631
9648,0.001887473277747631
9649,0.002985157072544098
9650,0.008080430328845978
9651,0.01366020180284977
9652,0.02881420962512493
9653,0.08735629171133041
9654,0.014000775292515755
9655,0.002439419971778989
9656,0.002439419971778989
9657,0.002439419971778989
9658,0.002439419971778989
9659,0.002439419971778989
9660,0.004506831057369709
9661,0.027570104226469994
9662,0.008054197765886784
9663,1.5041779988678172e-5
9664,0.44970130920410156
9665,1.5041809092508629e-5
9666,1.5041809092508629e-5
9667,1.5041809092508629e-5
9668,1.5041809092508629e-5
9669,0.0054984139278531075
9670,0.009582655504345894
9671,0.025436004623770714
9672,0.013379354029893875
9673,0.015084412880241871
9674,0.0052307345904409885
9675,0.009392620995640755
9676,0.005493967328220606
9677,0.007135677617043257
9678,0.0070358337834477425
9679,0.010255713947117329
9680,0.00824714731425047
9681,0.025591837242245674
9682,0.00563861383125186
9683,0.0013421011390164495
9684,0.013113251887261868
9685,0.00525098480284214
9686,0.011016162112355232
9687,0.009512362070381641
9688,0.023950375616550446
9689,0.05085529014468193
9690,0.02859976328909397
9691,0.007578790653496981
9692,0.00727061415091157
9693,0.007765700574964285
9694,0.8442288637161255
9695,0.004392100963741541
9696,0.001275244285352528
9697,0.05380776524543762
9698,0.2073407769203186
9699,0.030307680368423462
9700,0.8221681714057922
9701,0.08363613486289978
9702,0.07969410717487335
9703,0.17470581829547882
9704,0.02732771821320057
9705,0.003482676111161709
9706,0.02505771443247795
9707,0.6800737977027893
9708,1.469294261369214e-6
9709,1.469294261369214e-6
9710,1.469294261369214e-6
9711,0.011141471564769745
9712,5.833544946654001e-6
9713,5.833544946654001e-6
9714,0.02165907621383667
9715,0.007632264867424965
9716,0.07740287482738495
9717,5.157821192369738e-7
9718,5.157821192369738e-7
9719,0.0251628290861845
9720,5.157821192369738e-7
9721,0.0349765308201313
9722,0.04940289631485939
9723,0.1573048084974289
9724,0.005027202423661947
9725,0.1378045380115509
9726,0.038137469440698624
9727,0.3038572072982788
9728,3.552009875420481e-4
9729,0.06955735385417938
9730,0.00955847930163145
9731,0.012950452044606209
9732,0.8966227173805237
9733,0.11596217751502991
9734,0.007828931324183941
9735,0.009441077709197998
9736,0.010111355222761631
9737,0.0498553104698658
9738,0.01576048694550991
9739,0.007835370488464832
9740,0.013025387190282345
9741,0.009317906573414803
9742,0.010789641179144382
9743,0.012025210075080395
9744,0.01091923750936985
9745,0.03542914614081383
9746,0.008424856700003147
9747,0.06238390877842903
9748,0.03591706231236458
9749,0.0069151464849710464
9750,0.007817319594323635
9751,0.009718104265630245
9752,0.005555032752454281
9753,0.0057132672518491745
9754,0.0012582738418132067
9755,0.010044991970062256
9756,0.003750751493498683
9757,0.0029617613181471825
9758,0.0055565424263477325
9759,0.011872152797877789
9760,0.0134224072098732
9761,0.006849967874586582
9762,0.0031479240860790014
9763,0.0031479240860790014
9764,0.005917528178542852
9765,0.0034363428130745888
9766,0.007316099014133215
9767,0.0064346143044531345
9768,0.0016256619710475206
9769,0.0044099814258515835
9770,0.006352096796035767
9771,0.009787831455469131
9772,0.003921009134501219
9773,0.0057739936746656895
9774,0.00658763013780117
9775,0.003440628759562969
9776,0.005296332761645317
9777,0.00989373680204153
9778,0.09502594918012619
9779,0.3188042640686035
9780,0.015180136077105999
9781,0.008254959248006344
9782,0.006568663753569126
9783,0.004542380105704069
9784,0.018168363720178604
9785,0.003444838337600231
9786,0.012894672341644764
9787,0.7227524518966675
9788,0.005767700728029013
9789,0.018063994124531746
9790,0.026480842381715775
9791,0.005514629650861025
9792,0.02623777650296688
9793,0.018702825531363487
9794,0.016536999493837357
9795,0.005351031664758921
9796,0.009455318562686443
9797,0.007823177613317966
9798,4.5771306031383574e-4
9799,0.010936622507870197
9800,0.014839133247733116
9801,0.013383237645030022
9802,0.007730398327112198
9803,8.143642480717972e-5
9804,4.3967796955257654e-4
9805,8.143642480717972e-5
9806,4.3967796955257654e-4
9807,4.3967796955257654e-4
9808,4.3967796955257654e-4
9809,4.3967796955257654e-4
9810,4.3967796955257654e-4
9811,0.01149514876306057
9812,9.679487266112119e-5
9813,9.679487266112119e-5
9814,9.679487266112119e-5
9815,9.679487266112119e-5
9816,4.116463242098689e-4
9817,9.679487266112119e-5
9818,4.3967796955257654e-4
9819,0.0013374068075791001
9820,9.679487266112119e-5
9821,9.679487266112119e-5
9822,0.012329700402915478
9823,0.09946338087320328
9824,0.0010514440946280956
9825,0.41246387362480164
9826,0.03168875724077225
9827,0.013354080729186535
9828,0.010985543951392174
9829,0.02256619930267334
9830,0.0014762254431843758
9831,4.102706734556705e-4
9832,0.013407791033387184
9833,0.012950776144862175
9834,0.013110389932990074
9835,0.0036221861373633146
9836,0.02880057692527771
9837,0.006003433372825384
9838,0.04731312021613121
9839,0.02056601457297802
9840,0.012397042475640774
9841,0.06430104374885559
9842,0.002766092075034976
9843,0.008592567406594753
9844,0.06086945906281471
9845,0.011849742382764816
9846,0.01320549938827753
9847,0.07502663880586624
9848,0.0221956018358469
9849,0.020566903054714203
9850,0.010061929002404213
9851,0.004378339741379023
9852,0.028169844299554825
9853,0.048166170716285706
9854,0.7788000106811523
9855,0.005042418371886015
9856,0.018965061753988266
9857,0.009408780373632908
9858,0.03076290339231491
9859,0.013203089125454426
9860,0.01274790707975626
9861,0.008581205271184444
9862,0.007900284603238106
9863,0.005360297858715057
9864,0.0023218696005642414
9865,0.009841098450124264
9866,0.05934414640069008
9867,0.005628663580864668
9868,0.20247972011566162
9869,0.004382858518511057
9870,0.0211243387311697
9871,0.016831668093800545
9872,0.0034985544625669718
9873,0.02351551130414009
9874,0.022425707429647446
9875,0.013352076523005962
9876,0.01477267500013113
9877,0.005702383816242218
9878,0.011215576902031898
9879,0.00823838822543621
9880,0.00823838822543621
9881,0.02672739140689373
9882,0.012408174574375153
9883,0.008198821917176247
9884,0.02550690621137619
9885,0.013039948418736458
9886,0.007871827110648155
9887,0.0047355713322758675
9888,0.009967036545276642
9889,0.009788820520043373
9890,0.012799348682165146
9891,0.01552772056311369
9892,0.00949006900191307
9893,0.021349696442484856
9894,0.005357060115784407
9895,0.006499963812530041
9896,0.005223727319389582
9897,0.0028990721330046654
9898,0.009189377538859844
9899,0.0032882706727832556
9900,0.006339017767459154
9901,0.008310680277645588
9902,0.008922690525650978
9903,0.003816944546997547
9904,0.013573439791798592
9905,0.021298371255397797
9906,0.013496008701622486
9907,2.734832523856312e-4
9908,0.0076707154512405396
9909,0.05742725729942322
9910,0.013506997376680374
9911,0.05742725729942322
9912,0.013531035743653774
9913,0.033536430448293686
9914,0.010226826183497906
9915,0.0031308671459555626
9916,0.0014629812212660909
9917,0.002614341676235199
9918,0.009175749495625496
9919,0.002699900884181261
9920,0.06415552645921707
9921,0.005693578626960516
9922,0.006217069458216429
9923,0.008743329904973507
9924,0.010478144511580467
9925,0.020911291241645813
9926,0.013666428625583649
9927,0.010648843832314014
9928,0.012106331996619701
9929,0.011979573406279087
9930,0.32507336139678955
9931,0.00819295272231102
9932,0.013288809917867184
9933,0.005054192151874304
9934,0.005469704978168011
9935,0.011316420510411263
9936,0.030470559373497963
9937,0.0125742107629776
9938,0.006082288920879364
9939,0.0035217800177633762
9940,0.011537482962012291
9941,0.8128513693809509
9942,0.004697061143815517
9943,0.006343506742268801
9944,0.0031540978234261274
9945,0.8357047438621521
9946,0.03572320193052292
9947,0.008554993197321892
9948,0.01158704049885273
9949,0.011280259117484093
9950,0.01899620145559311
9951,0.005190003197640181
9952,0.0040358975529670715
9953,6.514672422781587e-4
9954,0.021422361955046654
9955,0.06031505763530731
9956,0.014760992489755154
9957,0.006852189544588327
9958,0.0134076327085495
9959,0.008025948889553547
9960,0.0017570164054632187
9961,0.01234168466180563
9962,0.005098995286971331
9963,0.007977485656738281
9964,0.01234168466180563
9965,0.009551615454256535
9966,0.009736219421029091
9967,0.006567107979208231
9968,0.0018347174627706409
9969,0.011615161783993244
9970,0.02092299796640873
9971,0.6950802803039551
9972,0.006732114590704441
9973,0.021035922691226006
9974,0.013303498737514019
9975,0.013346279971301556
9976,0.007669807877391577
9977,0.021222908049821854
9978,0.012305838987231255
9979,0.007978154346346855
9980,0.009680679067969322
9981,0.009793868288397789
9982,0.004734187386929989
9983,0.0066893016919493675
9984,0.0056370017118752
9985,0.01192941889166832
9986,0.013417646288871765
9987,0.011738365516066551
9988,0.007601858116686344
9989,0.0047801220789551735
9990,0.010956636629998684
9991,0.05286862701177597
9992,0.05286862701177597
9993,1.0785457943418564e-10
9994,1.0816098017230047e-9
9995,0.0021068849600851536
9996,0.012124338187277317
9997,0.004450274631381035
9998,0.009497575461864471
9999,0.00548321520909667
10000,0.012456954456865788
10001,0.018033262342214584
10002,0.005481548607349396
10003,0.0033324251417070627
10004,0.005314125679433346
10005,0.012014559470117092
10006,0.011242800392210484
10007,0.004939695820212364
10008,0.009948509745299816
10009,0.012399133294820786
10010,0.005646150559186935
10011,2.0383570387139116e-9
10012,2.0383570387139116e-9
10013,8.609116974866993e-9
10014,5.842277328582668e-9
10015,2.0383610355168003e-9
10016,2.0383610355168003e-9
10017,2.0383570387139116e-9
10018,2.0383570387139116e-9
10019,2.0383570387139116e-9
10020,2.0383570387139116e-9
10021,7.993050665788815e-9
10022,2.0383570387139116e-9
10023,7.993050665788815e-9
10024,2.0383570387139116e-9
10025,7.993050665788815e-9
10026,0.010076578706502914
10027,0.004233452491462231
10028,0.004233452491462231
10029,0.021728500723838806
10030,0.008694755844771862
10031,0.04393719509243965
10032,0.015234723687171936
10033,0.04393719509243965
10034,0.027241436764597893
10035,0.015863917768001556
10036,0.048373933881521225
10037,0.013090342283248901
10038,0.013090342283248901
10039,0.009770013391971588
10040,0.014486243948340416
10041,0.0029547514859586954
10042,0.008055309765040874
10043,0.001551321824081242
10044,0.00808205921202898
10045,0.0012120346073061228
10046,0.0012120346073061228
10047,0.005850681569427252
10048,1.9192074145191196e-12
10049,0.004343452397733927
10050,3.232696445601424e-12
10051,6.810435462106801e-13
10052,7.2217660454163e-13
10053,3.232696445601424e-12
10054,0.022532576695084572
10055,0.011045861057937145
10056,0.008913730271160603
10057,0.007943538017570972
10058,0.018565833568572998
10059,0.007943538017570972
10060,0.008387787267565727
10061,0.027355371043086052
10062,0.003453241428360343
10063,0.008294115774333477
10064,7.149818237461858e-11
10065,1.8378928587359233e-11
10066,0.0047337692230939865
10067,6.8282690612875285e-9
10068,6.800561891395773e-8
10069,6.8282690612875285e-9
10070,6.800561891395773e-8
10071,6.800561891395773e-8
10072,6.8282690612875285e-9
10073,0.0037678794469684362
10074,3.9580509009207177e-11
10075,3.9580509009207177e-11
10076,0.05410168319940567
10077,0.021053295582532883
10078,5.0435697285244885e-12
10079,5.043550646566253e-12
10080,2.443232942350715e-11
10081,0.04288868606090546
10082,0.0015184952644631267
10083,0.01827673427760601
10084,0.004160217009484768
10085,0.008147424086928368
10086,0.01167148258537054
10087,6.612063734792173e-4
10088,6.612063734792173e-4
10089,0.001454391167499125
10090,0.001454391167499125
10091,0.001454391167499125
10092,0.013246803544461727
10093,0.02060961350798607
10094,0.002891523065045476
10095,0.01608271524310112
10096,0.005782946012914181
10097,0.025426354259252548
10098,0.0036245156079530716
10099,0.006815973669290543
10100,0.0012527962680906057
10101,0.0012527962680906057
10102,0.0012527962680906057
10103,0.0012527962680906057
10104,0.0012527962680906057
10105,0.0015024779131636024
10106,0.0044938684441149235
10107,0.009605422616004944
10108,0.0012527962680906057
10109,0.0012527962680906057
10110,0.010280118323862553
10111,0.0012527962680906057
10112,0.0012527962680906057
10113,0.0015024779131636024
10114,0.008248496800661087
10115,0.0012527962680906057
10116,0.0012527962680906057
10117,0.016392795369029045
10118,0.0012527962680906057
10119,0.036839809268713
10120,0.0012527962680906057
10121,0.0012527962680906057
10122,0.0012527962680906057
10123,4.975363262929022e-4
10124,0.0012527962680906057
10125,0.0012527962680906057
10126,0.0012527962680906057
10127,0.0012527962680906057
10128,0.0012527962680906057
10129,0.0012527962680906057
10130,0.0012527962680906057
10131,0.0012527962680906057
10132,0.0012527962680906057
10133,0.0015024779131636024
10134,0.0012527962680906057
10135,0.0012527962680906057
10136,0.0012527962680906057
10137,0.0073158880695700645
10138,0.02865920029580593
10139,0.0012527962680906057
10140,0.0012527962680906057
10141,0.0012527962680906057
10142,0.011985224671661854
10143,0.0025573899038136005
10144,0.018435155972838402
10145,0.0026981502305716276
10146,0.008473307825624943
10147,0.0013618447119370103
10148,0.00933211762458086
10149,0.012274865061044693
10150,0.0227071363478899
10151,0.05319765955209732
10152,0.00571857113391161
10153,0.01700221188366413
10154,0.01700221188366413
10155,0.0010713898809626698
10156,0.0010713898809626698
10157,0.0010713898809626698
10158,0.0010713898809626698
10159,1.4105260197538882e-4
10160,3.261534220655449e-5
10161,8.599529792263638e-6
10162,0.025390662252902985
10163,0.009849837981164455
10164,0.006361337378621101
10165,0.038940176367759705
10166,0.01915663667023182
10167,0.01642817072570324
10168,0.019803835079073906
10169,0.009490670636296272
10170,0.033127207309007645
10171,0.0016430113464593887
10172,0.027010641992092133
10173,0.5913020372390747
10174,0.057204656302928925
10175,0.05720464140176773
10176,0.02765313722193241
10177,0.005787268280982971
10178,0.018585072830319405
10179,0.008593379519879818
10180,0.010025774128735065
10181,0.004063053987920284
10182,0.006198028568178415
10183,0.394303560256958
10184,0.013456649146974087
10185,0.6679163575172424
10186,0.025045866146683693
10187,0.015252853743731976
10188,0.1442403495311737
10189,0.8439061641693115
10190,0.890640139579773
10191,0.014336747117340565
10192,0.015269249677658081
10193,0.008694995194673538
10194,0.00682014599442482
10195,0.7292476296424866
10196,0.01883619651198387
10197,0.06015298143029213
10198,0.014552275650203228
10199,0.05224412679672241
10200,0.020963527262210846
10201,0.0033681218046694994
10202,0.018596773967146873
10203,0.005307989194989204
10204,0.012224501930177212
10205,0.0484468936920166
10206,0.03377861529588699
10207,0.012497342191636562
10208,0.012497342191636562
10209,0.6270956993103027
10210,0.7259703874588013
10211,0.004137762356549501
10212,0.004137762356549501
10213,0.0075668031349778175
10214,0.028745301067829132
10215,0.003358446527272463
10216,0.00414562551304698
10217,0.00302139762789011
10218,0.02604200690984726
10219,1.5175758861572081e-15
10220,1.37003198469859e-16
10221,1.37003198469859e-16
10222,0.004655905999243259
10223,4.0476794991109195e-15
10224,4.0476794991109195e-15
10225,4.0476794991109195e-15
10226,9.513488621450961e-4
10227,7.392793321958635e-11
10228,7.392793321958635e-11
10229,7.392793321958635e-11
10230,7.392793321958635e-11
10231,7.392793321958635e-11
10232,7.392793321958635e-11
10233,7.392793321958635e-11
10234,7.392793321958635e-11
10235,0.007129214238375425
10236,0.01718277856707573
10237,0.003942716866731644
10238,0.01279228925704956
10239,0.01279228925704956
10240,0.006554039195179939
10241,0.7081314921379089
10242,0.011462516151368618
10243,0.00262826937250793
10244,0.0036516175605356693
10245,6.684064283035696e-5
10246,3.419487620703876e-5
10247,7.90577269071946e-6
10248,5.266087100608274e-6
10249,4.5104417267793906e-7
10250,6.72927228606568e-7
10251,7.212628929664788e-7
10252,6.659455209501175e-8
10253,6.540373220786933e-8
10254,1.6065083707772487e-9
10255,1.8442131377582882e-8
10256,7.876656127336901e-8
10257,4.1417226981366184e-8
10258,2.3209062449680573e-10
10259,0.0016753959935158491
10260,0.0016753959935158491
10261,0.0016753959935158491
10262,0.0016753959935158491
10263,0.010767752304673195
10264,0.010767752304673195
10265,0.010767752304673195
10266,0.010767752304673195
10267,0.009969290345907211
10268,0.009969290345907211
10269,0.009969290345907211
10270,0.009969290345907211
10271,0.009969284757971764
10272,0.009969284757971764
10273,0.009969290345907211
10274,0.009969290345907211
10275,0.009969290345907211
10276,0.009969290345907211
10277,0.009969290345907211
10278,0.009969290345907211
10279,0.0024429932236671448
10280,0.0016324905445799232
10281,0.0016324905445799232
10282,0.0016324905445799232
10283,0.0016324905445799232
10284,0.004238671623170376
10285,3.271938185207546e-4
10286,0.0032572392374277115
10287,0.003819179255515337
10288,0.001594901317730546
10289,0.001594901317730546
10290,0.001594901317730546
10291,0.001594901317730546
10292,0.001594901317730546
10293,0.002080010250210762
10294,0.002080010250210762
10295,0.010103726759552956
10296,3.237752534914762e-4
10297,0.00303988391533494
10298,0.00303988391533494
10299,0.00303988391533494
10300,0.00303988391533494
10301,0.00303988391533494
10302,0.00303988391533494
10303,0.003039885312318802
10304,0.003039885312318802
10305,0.00303988391533494
10306,0.00303988391533494
10307,0.003258545882999897
10308,0.003258545882999897
10309,0.003258545882999897
10310,0.003258545882999897
10311,0.003258545882999897
10312,0.0027290701400488615
10313,0.0027290701400488615
10314,0.0027290701400488615
10315,0.0027290701400488615
10316,0.0027290701400488615
10317,0.01970776729285717
10318,0.0013419784372672439
10319,0.0017257163999602199
10320,5.794609314762056e-4
10321,0.004815939348191023
10322,0.016485368832945824
10323,0.0500388965010643
10324,7.15444446541369e-4
10325,3.596637543523684e-5
10326,2.231236794614233e-5
10327,1.2477370910346508e-4
10328,4.2184048652416095e-5
10329,1.7444153854739852e-5
10330,9.251872143067885e-6
10331,2.1733990251959767e-6
10332,4.797102519660257e-7
10333,1.1533708743627358e-7
10334,6.877296954144185e-9
10335,5.082443910175982e-10
10336,1.2248753226973275e-11
10337,1.9457603930850276e-12
10338,1.973916342878912e-11
10339,4.115373840318792e-12
10340,2.6521317151965984e-13
10341,8.390226413754111e-15
10342,3.8036323663480105e-15
10343,7.26859046719765e-15
10344,3.3647176807727244e-16
10345,8.906343070273944e-15
10346,4.921995959931432e-18
10347,2.0143821568607775e-17
10348,4.0830294195168074e-19
10349,0.003969667013734579
10350,4.917277256026864e-4
10351,0.06851305067539215
10352,0.020896339789032936
10353,0.011439323425292969
10354,0.005557216703891754
10355,0.07541710883378983
10356,0.004959044046700001
10357,0.0013513151789084077
10358,1.0855705477297306e-4
10359,0.0061234114691615105
10360,1.785818167263642e-4
10361,0.04103793576359749
10362,0.2770692706108093
10363,0.24419215321540833
10364,0.1006823480129242
10365,6.826937897130847e-4
10366,0.0010355340782552958
10367,0.00959809124469757
10368,0.04286268725991249
10369,0.018594708293676376
10370,0.033993691205978394
10371,0.004339092876762152
10372,0.011844445019960403
10373,0.017944904044270515
10374,0.018008293583989143
10375,0.02455495111644268
10376,0.012530220672488213
10377,0.012530220672488213
10378,0.043457552790641785
10379,0.0037787489127367735
10380,0.024441802874207497
10381,0.029428604990243912
10382,0.8181823492050171
10383,3.378299588803202e-4
10384,0.7579213976860046
10385,0.5698258280754089
10386,0.002803674666211009
10387,0.06778322905302048
10388,0.06122685596346855
10389,0.751078724861145
10390,0.01309190597385168
10391,0.1976982057094574
10392,0.009632302448153496
10393,4.6667721471749246e-4
10394,5.451955948956311e-4
10395,4.6667721471749246e-4
10396,4.6667721471749246e-4
10397,4.6667721471749246e-4
10398,0.004456563852727413
10399,5.451955948956311e-4
10400,0.005992181599140167
10401,0.006333335302770138
10402,0.4588896930217743
10403,3.7547151441685855e-4
10404,3.7547151441685855e-4
10405,3.7547151441685855e-4
10406,3.7547151441685855e-4
10407,3.7547151441685855e-4
10408,3.7547151441685855e-4
10409,3.7547151441685855e-4
10410,3.7547151441685855e-4
10411,3.7547151441685855e-4
10412,3.7547151441685855e-4
10413,3.7547151441685855e-4
10414,3.7547151441685855e-4
10415,3.7547151441685855e-4
10416,3.7547151441685855e-4
10417,3.7547151441685855e-4
10418,0.009214410558342934
10419,0.003777566133067012
10420,9.576401789672673e-4
10421,0.00288059888407588
10422,7.232300413306803e-5
10423,0.0022307904437184334
10424,3.0214287107810378e-5
10425,1.6747746849432588e-4
10426,2.4437966317236715e-7
10427,1.386833048400149e-7
10428,1.3494563688709604e-7
10429,3.30593411490554e-6
10430,0.0019102997612208128
10431,0.00224855518899858
10432,0.011927598156034946
10433,2.155643014702946e-4
10434,0.007422644644975662
10435,0.01073494553565979
10436,0.024016324430704117
10437,0.0016399745363742113
10438,0.0068832263350486755
10439,3.6543302121572196e-4
10440,0.022362038493156433
10441,0.012839351780712605
10442,0.00583520345389843
10443,0.00527600571513176
10444,0.021838711574673653
10445,3.788343456108123e-4
10446,3.788343456108123e-4
10447,3.788343456108123e-4
10448,3.788343456108123e-4
10449,3.788343456108123e-4
10450,0.001003960962407291
10451,1.1519056715769693e-4
10452,0.014314843341708183
10453,0.001044618315063417
10454,0.00961818266659975
10455,4.6813301742076874e-4
10456,4.6813301742076874e-4
10457,1.4648085925728083e-4
10458,4.2927134927595034e-5
10459,0.15010400116443634
10460,0.011329328641295433
10461,7.589716115035117e-4
10462,4.0353945223614573e-4
10463,0.15010400116443634
10464,0.0021673545707017183
10465,0.005518569145351648
10466,0.0021673545707017183
10467,0.0034832987003028393
10468,0.005518569145351648
10469,0.0021673545707017183
10470,0.008280321955680847
10471,0.0021673545707017183
10472,0.002013926161453128
10473,4.864779475610703e-4
10474,4.864779475610703e-4
10475,1.427002134732902e-4
10476,0.002873315941542387
10477,0.011747965589165688
10478,0.002243666211143136
10479,0.010058155283331871
10480,0.010111130774021149
10481,4.935050383210182e-4
10482,0.5282979607582092
10483,0.055348899215459824
10484,3.1726129236631095e-4
10485,3.1726129236631095e-4
10486,0.008425095118582249
10487,0.002362406812608242
10488,0.0013830509269610047
10489,0.004305481445044279
10490,0.0021622367203235626
10491,0.003982680384069681
10492,0.00884579960256815
10493,0.03969615325331688
10494,0.00531298853456974
10495,2.4598551681265235e-4
10496,0.03633200377225876
10497,0.035855501890182495
10498,5.5267810239456594e-5
10499,3.430861033848487e-5
10500,2.1579035092145205e-5
10501,2.468541879352415e-6
10502,1.5416731912409887e-5
10503,1.3216596244092216e-6
10504,8.85764961822133e-7
10505,8.595593499194365e-6
10506,0.013564440421760082
10507,0.007251599337905645
10508,0.08388227224349976
10509,0.006086204666644335
10510,0.012036869302392006
10511,0.0013873456045985222
10512,0.0013873456045985222
10513,0.02064099907875061
10514,0.02064099907875061
10515,0.022201286628842354
10516,5.233125921222381e-5
10517,1.7974551883526146e-4
10518,0.0012062392197549343
10519,0.0012062392197549343
10520,0.0012062392197549343
10521,8.168431813828647e-4
10522,0.001117957173846662
10523,4.258912813384086e-4
10524,4.324581823311746e-5
10525,1.8367280426900834e-4
10526,9.83653124421835e-4
10527,7.212809287011623e-4
10528,0.005016649607568979
10529,0.00651515880599618
10530,0.01073096040636301
10531,0.0070928651839494705
10532,0.0013010918628424406
10533,0.00986197404563427
10534,0.00986197404563427
10535,0.006803277414292097
10536,0.008104429580271244
10537,0.1106257364153862
10538,0.04825165867805481
10539,0.012311393395066261
10540,0.008099286817014217
10541,3.215048855054192e-5
10542,0.033532217144966125
10543,0.0026106119621545076
10544,0.002591662108898163
10545,0.021078605204820633
10546,0.018160047009587288
10547,0.15899287164211273
10548,0.024675508961081505
10549,0.0026106119621545076
10550,0.004166889004409313
10551,0.004166889004409313
10552,0.009639586322009563
10553,0.010596433654427528
10554,0.008573813363909721
10555,0.0800328329205513
10556,4.4825192890129983e-4
10557,7.24315526895225e-4
10558,6.984503124840558e-4
10559,0.08428359031677246
10560,3.2990891486406326e-4
10561,0.012544932775199413
10562,0.03573889285326004
10563,0.0827932134270668
10564,0.08428359031677246
10565,0.006032773293554783
10566,0.18952211737632751
10567,0.0038472157903015614
10568,0.02944335900247097
10569,0.00975909922271967
10570,0.006376706063747406
10571,0.006055544596165419
10572,0.036100223660469055
10573,4.4719394645653665e-4
10574,0.0028065103106200695
10575,0.006338293664157391
10576,5.600023432634771e-4
10577,0.0028065103106200695
10578,0.002635535318404436
10579,0.06767330318689346
10580,0.002635535318404436
10581,0.0028065103106200695
10582,0.006055544596165419
10583,0.0028065103106200695
10584,0.006973592564463615
10585,0.0027028839103877544
10586,0.08464793115854263
10587,0.004018694162368774
10588,0.0011815790785476565
10589,0.0028065103106200695
10590,0.02744031697511673
10591,0.005991108249872923
10592,0.04116330295801163
10593,0.4614516794681549
10594,0.0028065103106200695
10595,0.0011084097204729915
10596,0.011767984367907047
10597,0.0021315414924174547
10598,6.084092892706394e-4
10599,2.458544622641057e-4
10600,0.017147256061434746
10601,0.00204287376254797
10602,0.007072847802191973
10603,0.008439755067229271
10604,6.278692744672298e-4
10605,0.06496971100568771
10606,0.00185801659245044
10607,0.007104712072759867
10608,0.027048733085393906
10609,0.034824736416339874
10610,0.006209416780620813
10611,0.005968431010842323
10612,8.590435027144849e-4
10613,0.01295692753046751
10614,8.590435027144849e-4
10615,0.11085215955972672
10616,0.005998362321406603
10617,0.010877381078898907
10618,0.0026955544017255306
10619,0.03587062656879425
10620,0.0032201402354985476
10621,0.0010517124319449067
10622,0.012337361462414265
10623,0.0016300443094223738
10624,0.0016300443094223738
10625,0.007243989501148462
10626,0.006435031536966562
10627,0.021430108696222305
10628,0.0026265550404787064
10629,0.028760820627212524
10630,0.008273827843368053
10631,0.01683497615158558
10632,0.02520904317498207
10633,0.006065658293664455
10634,0.010415202006697655
10635,0.007083927746862173
10636,0.01232856884598732
10637,0.022059403359889984
10638,0.012118176557123661
10639,0.23528878390789032
10640,0.010635252110660076
10641,0.026858510449528694
10642,7.809911767253652e-5
10643,1.6449949180241674e-4
10644,2.972944639623165e-4
10645,1.688313641352579e-4
10646,5.5918779253261164e-5
10647,4.332739990786649e-6
10648,1.1902886853931705e-6
10649,2.6932548280456103e-5
10650,9.903480702178058e-8
10651,2.905905294170452e-9
10652,6.938666863298693e-10
10653,1.4460727060239265e-10
10654,0.007491206284612417
10655,8.556326065445319e-5
10656,1.5929772052913904e-4
10657,0.023308124393224716
10658,0.013226916082203388
10659,1.1602440645219758e-4
10660,0.007720915134996176
10661,0.05433162301778793
10662,0.028419675305485725
10663,0.0010094032622873783
10664,8.47743358463049e-5
10665,4.362913896329701e-4
10666,2.7711905204341747e-5
10667,4.468004135560477e-6
10668,0.008380516432225704
10669,0.007249560207128525
10670,0.009447108954191208
10671,0.007249560207128525
10672,0.012687579728662968
10673,0.009447108954191208
10674,0.01331859827041626
10675,0.009447108954191208
10676,0.009447108954191208
10677,0.011701615527272224
10678,0.7957214117050171
10679,0.11729831993579865
10680,0.0010386082576587796
10681,0.023572292178869247
10682,0.026279175654053688
10683,0.008141487836837769
10684,0.011691758409142494
10685,0.012204223312437534
10686,0.028568953275680542
10687,0.026286033913493156
10688,0.007214739453047514
10689,0.0062725977040827274
10690,0.0782661959528923
10691,1.1980083945672959e-4
10692,0.03893127664923668
10693,0.008941884152591228
10694,0.010300369001924992
10695,0.010409203357994556
10696,1.6611511819064617e-4
10697,0.006945768371224403
10698,0.8454645276069641
10699,0.07104445993900299
10700,0.0020012161694467068
10701,0.0016814132686704397
10702,0.0020012161694467068
10703,0.0020012161694467068
10704,0.0020012161694467068
10705,0.0020012161694467068
10706,0.0020012161694467068
10707,0.0016480247722938657
10708,6.86989733367227e-5
10709,1.8334665219299495e-4
10710,1.3630201465275604e-5
10711,1.5495397747145034e-6
10712,0.0016480247722938657
10713,1.6392048564739525e-4
10714,4.564103437587619e-4
10715,1.5680911019444466e-4
10716,1.857851748354733e-5
10717,4.785938926943345e-6
10718,2.3590130240336293e-6
10719,9.487837360211415e-7
10720,0.001648023258894682
10721,0.007690077647566795
10722,9.856927208602428e-4
10723,0.0029524543788284063
10724,2.062253770418465e-5
10725,1.0628880409058183e-4
10726,0.0017361209029331803
10727,0.002678660908713937
10728,0.02099229022860527
10729,0.0017361209029331803
10730,0.0017361209029331803
10731,0.0017361209029331803
10732,0.002737004542723298
10733,0.0018897759728133678
10734,0.0018897759728133678
10735,0.01024713646620512
10736,0.016342343762516975
10737,0.0034605511464178562
10738,0.02862425707280636
10739,0.01106747705489397
10740,8.947006426751614e-5
10741,0.013233240693807602
10742,0.15331006050109863
10743,0.1674174815416336
10744,0.02585335448384285
10745,0.008123533800244331
10746,0.0018270931905135512
10747,4.5560853322967887e-4
10748,4.621827883966034e-6
10749,1.697523839538917e-5
10750,7.194066711235791e-7
10751,2.68026639105301e-7
10752,0.004683629143983126
10753,0.027785593643784523
10754,0.0047933789901435375
10755,0.1540188193321228
10756,0.011797917075455189
10757,0.02177705615758896
10758,0.002737004542723298
10759,0.01676328107714653
10760,0.002737004542723298
10761,0.002737004542723298
10762,0.001237850752659142
10763,0.0011965095764026046
10764,0.0013053679140284657
10765,0.004047195427119732
10766,0.0010677151149138808
10767,0.002737004542723298
10768,0.00806235708296299
10769,0.014209729619324207
10770,0.011179939843714237
10771,0.3734869658946991
10772,0.0501784011721611
10773,0.006958577316254377
10774,9.129950776696205e-4
10775,5.310270935297012e-4
10776,9.129950776696205e-4
10777,9.129950776696205e-4
10778,9.129950776696205e-4
10779,3.5310874227434397e-4
10780,0.003191289259120822
10781,0.032241977751255035
10782,0.032241977751255035
10783,0.027322662994265556
10784,0.16572915017604828
10785,0.003053954103961587
10786,0.04909058287739754
10787,5.310270935297012e-4
10788,9.463085443712771e-4
10789,9.463085443712771e-4
10790,2.946139720734209e-4
10791,2.946139720734209e-4
10792,2.946139720734209e-4
10793,2.946139720734209e-4
10794,0.008319994434714317
10795,0.048295482993125916
10796,0.006276620551943779
10797,2.946139720734209e-4
10798,0.00525474501773715
10799,0.02316427230834961
10800,0.023696402087807655
10801,0.0019724098965525627
10802,0.0019724098965525627
10803,0.03266025334596634
10804,0.005125727970153093
10805,0.025699196383357048
10806,0.0016365164192393422
10807,2.8555362951010466e-4
10808,3.8972400943748653e-4
10809,2.0187328118481673e-5
10810,1.1943574463657569e-5
10811,4.481049472815357e-5
10812,2.290823067596648e-5
10813,3.443700734351296e-6
10814,0.020307397469878197
10815,0.003948023542761803
10816,0.0017361209029331803
10817,0.015331550501286983
10818,0.008586272597312927
10819,0.00813811831176281
10820,0.0012283840915188193
10821,0.0023211289662867785
10822,2.8542158543132246e-4
10823,1.0083345114253461e-4
10824,0.0024591274559497833
10825,0.0036190503742545843
10826,0.012354135513305664
10827,0.008798412047326565
10828,0.0030906235333532095
10829,0.0037310218904167414
10830,0.02910718508064747
10831,0.004437155555933714
10832,0.004437155555933714
10833,0.005120560526847839
10834,0.028818298131227493
10835,0.0033920330461114645
10836,0.019722938537597656
10837,0.025861447677016258
10838,0.013260004110634327
10839,0.008941554464399815
10840,0.0033358349464833736
10841,0.0044222669675946236
10842,0.0044222669675946236
10843,1.9355984113644809e-4
10844,0.13458864390850067
10845,0.13458864390850067
10846,2.780728682409972e-4
10847,0.017052603885531425
10848,0.026753956452012062
10849,0.013521160930395126
10850,0.007112907245755196
10851,0.0290786512196064
10852,0.0010906565003097057
10853,0.013562895357608795
10854,0.031307000666856766
10855,6.600868655368686e-4
10856,6.600868655368686e-4
10857,6.600868655368686e-4
10858,0.03175445646047592
10859,6.600868655368686e-4
10860,0.011862038634717464
10861,6.600868655368686e-4
10862,6.600868655368686e-4
10863,0.0075889225117862225
10864,0.0044222669675946236
10865,0.0044222669675946236
10866,2.780728682409972e-4
10867,0.0010247793979942799
10868,0.0054114507511258125
10869,9.552279952913523e-4
10870,0.01389275211840868
10871,6.193698209244758e-5
10872,0.004512541927397251
10873,0.005304242018610239
10874,0.005279928911477327
10875,0.02014898508787155
10876,0.011256340891122818
10877,0.024857668206095695
10878,0.8634594678878784
10879,0.010192112997174263
10880,0.03625636175274849
10881,0.0022653264459222555
10882,0.014372220262885094
10883,0.004097414668649435
10884,0.09837333858013153
10885,0.021524248644709587
10886,0.007753478363156319
10887,0.0018337186193093657
10888,0.007257082965224981
10889,0.008429287001490593
10890,0.016377080231904984
10891,0.005130616948008537
10892,0.016377080231904984
10893,0.016377080231904984
10894,0.012021267786622047
10895,0.0066283755004405975
10896,0.022677410393953323
10897,0.010476646944880486
10898,0.007543595507740974
10899,2.7689558919519186e-4
10900,0.7702087163925171
10901,0.022131599485874176
10902,0.022131599485874176
10903,0.004492550157010555
10904,0.023783255368471146
10905,0.8806161284446716
10906,0.03494884818792343
10907,0.018782883882522583
10908,0.7839183807373047
10909,0.023140335455536842
10910,0.026957210153341293
10911,0.0449586920440197
10912,0.010657657869160175
10913,0.010657662525773048
10914,0.010252273641526699
10915,0.07360135763883591
10916,0.7533648014068604
10917,0.0046065193600952625
10918,0.010881789028644562
10919,7.564548868685961e-4
10920,0.0046065193600952625
10921,0.003995365928858519
10922,0.0046065193600952625
10923,0.0046065193600952625
10924,0.001475319149903953
10925,0.0046065193600952625
10926,0.13364392518997192
10927,0.056508079171180725
10928,0.22681638598442078
10929,0.02523677796125412
10930,0.00412208866328001
10931,0.00412208866328001
10932,0.00412208866328001
10933,9.423282463103533e-4
10934,1.7231407400686294e-4
10935,4.147304207435809e-5
10936,2.379102625127416e-5
10937,1.2287706340430304e-5
10938,1.612315099919215e-5
10939,0.00412208866328001
10940,0.014143907465040684
10941,0.010031427256762981
10942,0.19952034950256348
10943,0.012152262963354588
10944,0.007517085410654545
10945,0.0015403118450194597
10946,0.0013717847177758813
10947,0.008519632741808891
10948,0.026981063187122345
10949,0.02557191625237465
10950,4.75690612802282e-4
10951,0.05053194612264633
10952,0.002150684129446745
10953,0.010534845292568207
10954,0.05686979368329048
10955,0.012640752829611301
10956,0.010915936902165413
10957,7.448963006027043e-4
10958,0.003872982459142804
10959,7.448963006027043e-4
10960,7.448963006027043e-4
10961,0.002187642501667142
10962,5.866059800609946e-4
10963,0.027283765375614166
10964,0.012728950008749962
10965,7.360271993093193e-4
10966,0.03042038157582283
10967,0.011377445422112942
10968,0.02726643905043602
10969,0.06036354601383209
10970,0.018216030672192574
10971,7.619888638146222e-4
10972,0.8280863165855408
10973,0.05912550538778305
10974,0.03998808190226555
10975,0.2911559045314789
10976,0.01245674304664135
10977,0.013061382807791233
10978,0.017653506249189377
10979,0.0022207587026059628
10980,0.012943091802299023
10981,0.001254639239050448
10982,0.03606398031115532
10983,0.013465285301208496
10984,0.1966165453195572
10985,0.0906592458486557
10986,0.011696950532495975
10987,3.7113434518687427e-4
10988,0.0033794506452977657
10989,0.011808862909674644
10990,0.0020852836314588785
10991,0.013236304745078087
10992,0.026014288887381554
10993,0.002849833806976676
10994,0.004942413419485092
10995,0.11296852678060532
10996,0.005645887926220894
10997,0.023666882887482643
10998,0.005645887926220894
10999,0.01106627844274044
11000,0.008311917074024677
11001,0.0035799469333142042
11002,0.004074597731232643
11003,0.0024780414532870054
11004,0.009508728049695492
11005,0.00970599614083767
11006,0.011862222105264664
11007,0.03367320075631142
11008,0.01388902310281992
11009,7.447244715876877e-4
11010,0.008178195916116238
11011,0.005346678197383881
11012,0.010914619080722332
11013,0.006791195832192898
11014,0.006198031362146139
11015,9.602627833373845e-4
11016,0.007831968367099762
11017,0.002114715054631233
11018,0.0036100035067647696
11019,0.005628359969705343
11020,0.006909149698913097
11021,0.0013233362697064877
11022,0.013051558285951614
11023,0.03690867871046066
11024,0.022036917507648468
11025,0.01323638018220663
11026,0.002030495088547468
11027,0.0021711746230721474
11028,0.004366557579487562
11029,0.008350816555321217
11030,0.03346743807196617
11031,0.0065734912641346455
11032,0.009713846258819103
11033,0.010769093409180641
11034,0.0051316614262759686
11035,0.0056223636493086815
11036,0.015370500274002552
11037,0.015370500274002552
11038,0.006976677570492029
11039,0.013283178210258484
11040,0.011050273664295673
11041,0.05235294625163078
11042,0.011188661679625511
11043,0.011254829354584217
11044,0.004703061189502478
11045,0.018497997894883156
11046,0.004219469148665667
11047,0.0057793231680989265
11048,0.0014115947997197509
11049,0.0010933867888525128
11050,0.01917397603392601
11051,0.0010914753656834364
11052,0.0013020545011386275
11053,3.081276372540742e-4
11054,5.189111834624782e-5
11055,3.8225016396609135e-6
11056,0.00585375539958477
11057,0.008322982117533684
11058,0.0016667154850438237
11059,5.257644224911928e-4
11060,2.920528349932283e-4
11061,8.564896415919065e-4
11062,0.003892540466040373
11063,6.854534149169922e-4
11064,0.19689230620861053
11065,0.007529151160269976
11066,0.022445010021328926
11067,8.584836614318192e-4
11068,0.010395792312920094
11069,0.006862994749099016
11070,0.0032730961684137583
11071,0.005038443487137556
11072,0.028160054236650467
11073,0.008858149871230125
11074,0.020562419667840004
11075,0.005629242397844791
11076,0.014940207824110985
11077,0.0017876031342893839
11078,0.07774864137172699
11079,0.008486421778798103
11080,0.0011815864127129316
11081,0.0038655810058116913
11082,0.002994441194459796
11083,0.054101310670375824
11084,0.016212938353419304
11085,0.004791486542671919
11086,0.0172624159604311
11087,0.013427541591227055
11088,0.011447248049080372
11089,0.0014073115307837725
11090,0.0071145640686154366
11091,0.008792243897914886
11092,0.007456258870661259
11093,0.030259359627962112
11094,0.0021667801775038242
11095,0.008491311222314835
11096,0.004912682808935642
11097,0.01195679884403944
11098,8.935826481319964e-4
11099,0.002958126598969102
11100,0.010949951596558094
11101,0.0023574838414788246
11102,0.0048374286852777
11103,0.006280363537371159
11104,0.0068781110458076
11105,0.006785125937312841
11106,0.0022825621999800205
11107,0.0037390473298728466
11108,6.541621405631304e-4
11109,3.2706939964555204e-4
11110,2.9825771343894303e-4
11111,0.003109681187197566
11112,0.00560713792219758
11113,0.003971117548644543
11114,0.0016377416905015707
11115,0.004644075874239206
11116,0.0037590693682432175
11117,3.9623776683583856e-4
11118,0.005600223783403635
11119,3.9623776683583856e-4
11120,0.012350022792816162
11121,0.01772194169461727
11122,0.013996913097798824
11123,3.9623776683583856e-4
11124,3.9623776683583856e-4
11125,3.9623776683583856e-4
11126,3.9623776683583856e-4
11127,3.9623776683583856e-4
11128,3.9623776683583856e-4
11129,3.9623776683583856e-4
11130,7.336179260164499e-4
11131,3.9623776683583856e-4
11132,9.43535051192157e-5
11133,3.9623776683583856e-4
11134,3.9623776683583856e-4
11135,3.962381451856345e-4
11136,8.76609337865375e-5
11137,3.9623776683583856e-4
11138,3.9623776683583856e-4
11139,3.9623776683583856e-4
11140,3.9623776683583856e-4
11141,0.001772938296198845
11142,0.0075045302510261536
11143,0.015425601974129677
11144,0.01683473028242588
11145,0.004235108848661184
11146,4.57177113275975e-4
11147,0.005046690348535776
11148,0.011391602456569672
11149,0.008387799374759197
11150,6.734122289344668e-4
11151,0.001786782406270504
11152,1.5239165804814547e-4
11153,0.002578972838819027
11154,9.437936823815107e-4
11155,8.151589427143335e-4
11156,4.301425360608846e-5
11157,0.001972247613593936
11158,3.289607120677829e-4
11159,3.707446448970586e-4
11160,1.1335646559018642e-4
11161,3.289607120677829e-4
11162,3.707446448970586e-4
11163,0.006827520672231913
11164,0.0017463804688304663
11165,3.289607120677829e-4
11166,3.289607120677829e-4
11167,0.02644503116607666
11168,3.707442956510931e-4
11169,0.009875238873064518
11170,0.32331207394599915
11171,0.0172867551445961
11172,2.8529317933134735e-4
11173,2.8529317933134735e-4
11174,0.022134430706501007
11175,0.03322726860642433
11176,0.018610568717122078
11177,0.0058747828006744385
11178,0.0012753268238157034
11179,0.007903738878667355
11180,0.014343993738293648
11181,0.02660357765853405
11182,0.025204036384820938
11183,0.008997062221169472
11184,0.0011206197086721659
11185,5.002202233299613e-4
11186,0.44534561038017273
11187,9.715321357361972e-4
11188,0.0026373446453362703
11189,1.8086953787133098e-4
11190,0.005319214891642332
11191,4.855634178966284e-4
11192,0.0026682030875235796
11193,0.022462956607341766
11194,0.00897662341594696
11195,7.184346322901547e-4
11196,0.0021093597169965506
11197,0.004342887084931135
11198,0.053562525659799576
11199,0.183577761054039
11200,0.00704047828912735
11201,2.6041228557005525e-4
11202,0.002804654883220792
11203,0.001610488398000598
11204,2.6041228557005525e-4
11205,3.4565827809274197e-4
11206,0.004991123452782631
11207,0.020297616720199585
11208,0.019651193171739578
11209,0.01675598695874214
11210,0.007850895635783672
11211,0.04569325968623161
11212,0.014834261499345303
11213,0.010076326318085194
11214,0.011473799124360085
11215,0.07064473628997803
11216,0.008915090002119541
11217,0.41530483961105347
11218,0.14410899579524994
11219,0.002964801387861371
11220,0.002964801387861371
11221,0.0024501699954271317
11222,0.002964801387861371
11223,0.002964801387861371
11224,0.002964801387861371
11225,0.12102813273668289
11226,0.8695632815361023
11227,0.038688283413648605
11228,0.02548837661743164
11229,0.008295979350805283
11230,0.0013019372709095478
11231,0.41595658659935
11232,0.009581252001225948
11233,0.010215219110250473
11234,0.26811882853507996
11235,0.010475113987922668
11236,0.02167440578341484
11237,0.02167440578341484
11238,0.0024501699954271317
11239,0.008295979350805283
11240,0.2715437710285187
11241,0.14410899579524994
11242,4.0388238267041743e-4
11243,0.002964801387861371
11244,0.002964801387861371
11245,0.002964801387861371
11246,0.001653229002840817
11247,0.0012682309607043862
11248,0.010784470476210117
11249,0.01001731026917696
11250,1.4491888578049839e-4
11251,0.004258597269654274
11252,0.004258597269654274
11253,0.0152420150116086
11254,0.009395967237651348
11255,0.021879184991121292
11256,4.361441533546895e-4
11257,9.99065232463181e-4
11258,0.0044692945666611195
11259,0.0044692945666611195
11260,2.3297297593671829e-4
11261,0.0011521929409354925
11262,7.216312224045396e-4
11263,0.0016190361930057406
11264,4.782592077390291e-5
11265,0.002850237535312772
11266,0.008432419039309025
11267,0.009948830120265484
11268,0.00905564147979021
11269,0.0012772170593962073
11270,0.010513171553611755
11271,1.833288260968402e-4
11272,8.64144938532263e-4
11273,1.833288260968402e-4
11274,0.0031133685261011124
11275,0.0038411077111959457
11276,0.002804900286719203
11277,0.0016419283347204328
11278,0.0012685273541137576
11279,0.0012431240174919367
11280,6.32605588180013e-5
11281,6.32605588180013e-5
11282,6.32605588180013e-5
11283,6.32605588180013e-5
11284,1.7976813251152635e-4
11285,0.07317851483821869
11286,0.0023445640690624714
11287,6.32605588180013e-5
11288,6.32605588180013e-5
11289,0.0033789800945669413
11290,8.793820743449032e-4
11291,0.0024688271805644035
11292,0.005853516981005669
11293,0.04331493750214577
11294,0.008063700050115585
11295,8.569247438572347e-4
11296,4.766000711242668e-5
11297,0.001486924011260271
11298,0.001486924011260271
11299,0.08886402100324631
11300,0.011328944936394691
11301,0.013674376532435417
11302,0.0085245156660676
11303,0.012043562717735767
11304,0.012344015762209892
11305,2.9667638591490686e-4
11306,1.5529819938819855e-4
11307,0.12977612018585205
11308,0.01684899628162384
11309,0.0036674721632152796
11310,0.0010280889691784978
11311,0.018358709290623665
11312,9.050071093952283e-5
11313,0.013079153373837471
11314,0.027276402339339256
11315,0.05279210954904556
11316,0.3112466633319855
11317,0.006357166916131973
11318,0.0051299799233675
11319,0.008681216277182102
11320,1.983188121812418e-4
11321,0.006582883186638355
11322,0.006582883186638355
11323,4.8761957441456616e-4
11324,0.004805686883628368
11325,1.8456426914781332e-4
11326,0.0038951283786445856
11327,0.012149613350629807
11328,0.004952636081725359
11329,0.010294678620994091
11330,0.0092693231999874115
11331,0.017902551218867302
11332,0.00424116849899292
11333,0.06476479768753052
11334,0.0015132747357711196
11335,2.284853399032727e-4
11336,7.169387390604243e-5
11337,3.1982941436581314e-5
11338,0.013430990278720856
11339,0.01210733037441969
11340,0.008902215398848057
11341,0.004736169241368771
11342,0.009050105698406696
11343,0.11098552495241165
11344,0.1924292892217636
11345,0.00717246625572443
11346,3.107201191596687e-4
11347,8.76825797604397e-5
11348,0.12463971227407455
11349,0.02479615993797779
11350,0.05544472858309746
11351,0.002186815021559596
11352,0.010992534458637238
11353,0.005730160046368837
11354,0.006411653943359852
11355,0.004238671623170376
11356,0.0051484014838933945
11357,0.0077806683257222176
11358,0.008248048834502697
11359,0.004235040862113237
11360,0.009937272407114506
11361,0.009937272407114506
11362,0.012626602314412594
11363,0.08379679918289185
11364,0.010672646574676037
11365,0.01111496053636074
11366,0.0037397260311990976
11367,1.7832792946137488e-4
11368,0.010913733392953873
11369,0.006763491779565811
11370,0.14226894080638885
11371,0.06775302439928055
11372,0.056617919355630875
11373,0.006585814990103245
11374,0.2576049566268921
11375,0.02296929433941841
11376,0.03506976738572121
11377,0.010677803307771683
11378,0.009837507270276546
11379,0.004301907494664192
11380,0.01329005416482687
11381,0.010548766702413559
11382,0.6825854778289795
11383,0.0423063188791275
11384,0.7738397121429443
11385,0.004429624881595373
11386,0.004429624881595373
11387,0.026586616411805153
11388,0.012844362296164036
11389,0.007977542467415333
11390,0.009823689237236977
11391,0.01115775853395462
11392,0.020949361845850945
11393,4.4060623622499406e-4
11394,6.584055372513831e-4
11395,0.0033986354246735573
11396,0.001441638683900237
11397,0.16469717025756836
11398,0.012536990456283092
11399,0.010287844575941563
11400,0.0653235912322998
11401,0.0017124206060543656
11402,0.011755038052797318
11403,0.00357465585693717
11404,0.011759868822991848
11405,2.863250847440213e-4
11406,0.004371605813503265
11407,0.35814595222473145
11408,0.35814595222473145
11409,0.4582997262477875
11410,0.05414574593305588
11411,0.01256516668945551
11412,0.578230082988739
11413,0.06688075512647629
11414,0.0446690209209919
11415,0.011196419596672058
11416,0.29429492354393005
11417,0.010409851558506489
11418,0.8092543482780457
11419,0.1947505921125412
11420,0.08904938399791718
11421,0.006467781495302916
11422,0.026983149349689484
11423,0.1574513167142868
11424,0.009743067435920238
11425,0.0019764879252761602
11426,0.21277928352355957
11427,0.00814987812191248
11428,0.014894746243953705
11429,0.0019764879252761602
11430,0.006325069814920425
11431,0.0239849966019392
11432,0.013447112403810024
11433,0.009212068282067776
11434,0.09508898854255676
11435,0.006653669290244579
11436,0.09508898854255676
11437,0.009833160787820816
11438,0.0021279500797390938
11439,0.0034346338361501694
11440,0.009370928630232811
11441,0.0061649358831346035
11442,0.0030966291669756174
11443,0.0030966291669756174
11444,0.0034685586579144
11445,0.004327699076384306
11446,4.821079201065004e-4
11447,0.0030966291669756174
11448,0.00717246625572443
11449,0.0077176871709525585
11450,0.004327699076384306
11451,0.0024873611982911825
11452,8.763251826167107e-4
11453,3.4345927997492254e-4
11454,6.150895933387801e-5
11455,2.146571750927251e-5
11456,0.003798368852585554
11457,2.706855593714863e-4
11458,0.006362427957355976
11459,0.012657969258725643
11460,0.003475859994068742
11461,0.004741881508380175
11462,0.0064264521934092045
11463,0.02085966430604458
11464,0.009831865318119526
11465,0.011975662782788277
11466,6.862776936031878e-4
11467,3.471587842795998e-4
11468,3.7840555887669325e-4
11469,0.03544747829437256
11470,5.009001470170915e-4
11471,1.288653729716316e-4
11472,6.546963413711637e-5
11473,0.005392559338361025
11474,0.0036464997101575136
11475,0.014514816924929619
11476,0.008507774211466312
11477,0.00447051040828228
11478,0.0012252411106601357
11479,0.00392465153709054
11480,0.01669839210808277
11481,1.6913621220737696e-4
11482,1.6913621220737696e-4
11483,0.006545559503138065
11484,0.008626909926533699
11485,0.00910000130534172
11486,0.005547516979277134
11487,0.037513189017772675
11488,0.008537393994629383
11489,4.003975191153586e-4
11490,1.440244377590716e-4
11491,4.003975191153586e-4
11492,0.011222771368920803
11493,0.006340447347611189
11494,0.005239532329142094
11495,0.009915519505739212
11496,0.009717732667922974
11497,0.022953569889068604
11498,0.02879822812974453
11499,0.004209351725876331
11500,0.0012936840066686273
11501,0.007127851247787476
11502,6.01004168856889e-4
11503,0.004199211951345205
11504,8.670834358781576e-5
11505,4.684463419835083e-6
11506,2.851544877557899e-6
11507,0.007120839320123196
11508,0.012898574583232403
11509,2.808320277836174e-4
11510,0.006734169088304043
11511,0.0023527448065578938
11512,0.019772881641983986
11513,0.004028653725981712
11514,0.0031612003222107887
11515,0.0021228629630059004
11516,0.0031612003222107887
11517,0.003647809848189354
11518,0.005505349021404982
11519,0.014969892799854279
11520,0.006515047512948513
11521,0.034520670771598816
11522,0.004544657655060291
11523,0.00827090535312891
11524,0.02577296458184719
11525,0.0023737361188977957
11526,0.004019985906779766
11527,0.006313652731478214
11528,0.004134769085794687
11529,0.027774753049016
11530,0.0063233706168830395
11531,0.034452375024557114
11532,0.7236325144767761
11533,0.005240544211119413
11534,0.0056259711273014545
11535,0.006190657615661621
11536,0.010699773207306862
11537,0.006719831842929125
11538,0.011793708428740501
11539,0.006966186221688986
11540,0.008984982967376709
11541,0.01053015049546957
11542,0.0037582246586680412
11543,0.0010553216561675072
11544,9.088338119909167e-4
11545,9.088338119909167e-4
11546,0.004472475964576006
11547,9.088338119909167e-4
11548,0.024889415130019188
11549,0.009524479508399963
11550,0.008171948604285717
11551,0.02338303253054619
11552,0.0012838317779824138
11553,0.001609580242075026
11554,0.0031726693268865347
11555,0.021736538037657738
11556,1.3575759658124298e-4
11557,2.351613948121667e-4
11558,2.351613948121667e-4
11559,0.4592033326625824
11560,0.0015517740976065397
11561,0.009137632325291634
11562,0.020557640120387077
11563,8.722582424525172e-5
11564,0.016825325787067413
11565,7.516935002058744e-4
11566,0.0014063126873224974
11567,8.11860547401011e-4
11568,8.11860547401011e-4
11569,8.11860547401011e-4
11570,0.0026597119867801666
11571,0.008693523705005646
11572,0.0027413642965257168
11573,0.024027133360505104
11574,0.005378832574933767
11575,0.0074121649377048016
11576,0.006969475653022528
11577,0.0074121649377048016
11578,0.006969475653022528
11579,0.0074121649377048016
11580,0.002592505421489477
11581,0.0036940407007932663
11582,0.002795099513605237
11583,0.004252411890774965
11584,0.03709661588072777
11585,0.005602316930890083
11586,0.0031488968525081873
11587,0.001505717053078115
11588,0.004335066769272089
11589,0.00633289385586977
11590,0.030976416543126106
11591,0.03728916868567467
11592,0.009765497408807278
11593,0.003953104838728905
11594,0.0016726577887311578
11595,0.002269749529659748
11596,0.1748489886522293
11597,0.05216176062822342
11598,0.03210149332880974
11599,0.0016764330212026834
11600,0.6396268010139465
11601,0.0012868610210716724
11602,0.0012868610210716724
11603,0.4702342450618744
11604,0.14726516604423523
11605,0.005888659041374922
11606,0.031517159193754196
11607,0.07143959403038025
11608,0.024837275967001915
11609,0.2812823951244354
11610,0.6455908417701721
11611,0.007564791012555361
11612,0.0011255939025431871
11613,0.04202738404273987
11614,0.007172283250838518
11615,0.05849243327975273
11616,0.015469535253942013
11617,0.00877996813505888
11618,0.0351109616458416
11619,0.0033150590024888515
11620,0.012253384105861187
11621,0.007869235239923
11622,0.026166923344135284
11623,3.74905503122136e-4
11624,1.428658015356632e-5
11625,0.003401055932044983
11626,0.00868889782577753
11627,0.004338331054896116
11628,0.009960842318832874
11629,0.010064215399324894
11630,0.007192834746092558
11631,0.014676613733172417
11632,0.006101620849221945
11633,0.0014531505294144154
11634,0.01334535051137209
11635,0.0051652067340910435
11636,0.004967347253113985
11637,0.004525369964540005
11638,0.0012964451452717185
11639,2.4350365856662393e-4
11640,0.006112880073487759
11641,7.142413523979485e-4
11642,3.9998639840632677e-4
11643,0.004213847219944
11644,0.007616465445607901
11645,8.885458810254931e-4
11646,0.029089896008372307
11647,0.021841367706656456
11648,0.013002388179302216
11649,0.007247169502079487
11650,0.0034104653168469667
11651,0.008021030575037003
11652,0.005912330001592636
11653,0.0013006781227886677
11654,0.004419227596372366
11655,0.012871148996055126
11656,0.010418937541544437
11657,0.007819084450602531
11658,0.01814458705484867
11659,0.021395837888121605
11660,0.01277736946940422
11661,0.008918183855712414
11662,0.4117695689201355
11663,0.006181573029607534
11664,0.0042787957936525345
11665,0.0029967743903398514
11666,0.7502152323722839
11667,0.023922082036733627
11668,0.009388730861246586
11669,0.041016459465026855
11670,0.010926217772066593
11671,0.78453129529953
11672,0.02700205147266388
11673,0.005336372181773186
11674,0.6453461050987244
11675,0.006152975372970104
11676,0.0027687225956469774
11677,0.037536054849624634
11678,0.0036577677819877863
11679,0.019448542967438698
11680,8.089373004622757e-4
11681,0.011271621100604534
11682,0.0036577677819877863
11683,0.0036577677819877863
11684,0.0036577677819877863
11685,0.0036577677819877863
11686,0.0017649526707828045
11687,0.0015276712365448475
11688,0.0015276712365448475
11689,0.022030262276530266
11690,0.0027687225956469774
11691,0.04887375608086586
11692,0.005234690848737955
11693,0.00523177906870842
11694,0.005385551135987043
11695,0.0018436393002048135
11696,0.009814838878810406
11697,0.0025007997173815966
11698,0.020353445783257484
11699,0.002276506507769227
11700,0.04205211251974106
11701,0.023346995934844017
11702,0.0010659147519618273
11703,0.3182562291622162
11704,0.002565953880548477
11705,0.007244702894240618
11706,0.00901675596833229
11707,0.6964542269706726
11708,0.16232547163963318
11709,0.005367700941860676
11710,0.005407892633229494
11711,0.00799395889043808
11712,0.002657785080373287
11713,0.004157216753810644
11714,0.001135519822128117
11715,0.15572038292884827
11716,0.027090584859251976
11717,0.0013437068555504084
11718,0.0430600568652153
11719,0.011956663802266121
11720,0.20543423295021057
11721,0.010735157877206802
11722,0.008550841361284256
11723,0.04160110652446747
11724,0.005632320884615183
11725,0.6396759152412415
11726,0.10002802312374115
11727,2.5575858308002353e-4
11728,0.008555151522159576
11729,0.005876069888472557
11730,0.010413835756480694
11731,0.012789934873580933
11732,0.0033134680707007647
11733,0.057741131633520126
11734,0.0018261532532051206
11735,0.03862012177705765
11736,0.0033719975035637617
11737,0.059511054307222366
11738,0.008713465183973312
11739,0.012502145022153854
11740,0.005594989750534296
11741,0.007831975817680359
11742,0.004488205537199974
11743,0.039851319044828415
11744,0.01212750282138586
11745,0.31734567880630493
11746,0.012241881340742111
11747,0.1025693342089653
11748,0.004969320725649595
11749,0.021693890914320946
11750,0.0049302829429507256
11751,0.05719486251473427
11752,0.005199860315769911
11753,0.004454482346773148
11754,0.003163894172757864
11755,0.00910960789769888
11756,0.02606448531150818
11757,0.00585067318752408
11758,0.0053090061992406845
11759,0.025697799399495125
11760,0.0057062371633946896
11761,0.008119645528495312
11762,0.008273815736174583
11763,0.00938642118126154
11764,0.02709851786494255
11765,0.07503311336040497
11766,0.008082517422735691
11767,0.004105113912373781
11768,0.30597028136253357
11769,0.0014854168985038996
11770,0.008935332298278809
11771,0.0035115634091198444
11772,0.009806515648961067
11773,0.027186604216694832
11774,0.01575174741446972
11775,0.019906235858798027
11776,0.2549629807472229
11777,0.005579449236392975
11778,0.021823465824127197
11779,0.007888543419539928
11780,0.011225792579352856
11781,0.008172028698027134
11782,0.006474454887211323
11783,0.0025007997173815966
11784,0.00855162087827921
11785,0.027577871456742287
11786,0.009056122973561287
11787,0.004156445153057575
11788,0.010447748005390167
11789,0.0010842703050002456
11790,0.01456205639988184
11791,0.013138237409293652
11792,0.005206294823437929
11793,0.007826005108654499
11794,0.22404605150222778
11795,0.03256065398454666
11796,0.0076227933168411255
11797,0.4512157738208771
11798,0.4072975516319275
11799,0.007205093279480934
11800,0.014513451606035233
11801,8.471116307191551e-4
11802,8.723447099328041e-4
11803,8.471116307191551e-4
11804,8.723447099328041e-4
11805,6.966381915844977e-4
11806,8.723447099328041e-4
11807,8.723451173864305e-4
11808,6.793111679144204e-4
11809,6.69933739118278e-4
11810,6.793960346840322e-4
11811,8.723447099328041e-4
11812,8.723447099328041e-4
11813,8.723447099328041e-4
11814,8.471116307191551e-4
11815,6.966381915844977e-4
11816,6.966381915844977e-4
11817,6.049471558071673e-4
11818,6.793960346840322e-4
11819,8.723447099328041e-4
11820,6.966381915844977e-4
11821,6.793960346840322e-4
11822,6.476824637502432e-4
11823,0.019538477063179016
11824,8.723447099328041e-4
11825,0.009989227168262005
11826,0.00626615434885025
11827,0.884223997592926
11828,0.23978514969348907
11829,8.723447099328041e-4
11830,0.00865583959966898
11831,0.05809596925973892
11832,0.0053609078750014305
11833,0.544938325881958
11834,0.005773117765784264
11835,8.941367268562317e-4
11836,9.093063417822123e-4
11837,9.093063417822123e-4
11838,9.093063417822123e-4
11839,9.093080880120397e-4
11840,0.00949955452233553
11841,0.0026437139604240656
11842,0.028751425445079803
11843,0.010834499262273312
11844,0.04096037521958351
11845,0.011078312061727047
11846,0.011265876702964306
11847,0.00570665905252099
11848,0.007991703227162361
11849,0.0075126285664737225
11850,0.03146801516413689
11851,0.011597317643463612
11852,0.004155061673372984
11853,0.008137041702866554
11854,0.6713854074478149
11855,0.010233333334326744
11856,0.016320236027240753
11857,0.03019595518708229
11858,0.012956853024661541
11859,0.023986712098121643
11860,0.04433201625943184
11861,0.0510440431535244
11862,3.084167019551387e-7
11863,0.4708007872104645
11864,0.01362285390496254
11865,0.003010748652741313
11866,0.007448174990713596
11867,0.006569460034370422
11868,0.029805785045027733
11869,0.004764072597026825
11870,1.718634885037318e-4
11871,0.007570338435471058
11872,0.004696269985288382
11873,0.012326860800385475
11874,0.010218227282166481
11875,0.017428426072001457
11876,0.015557977370917797
11877,0.00684959115460515
11878,0.025925513356924057
11879,0.027453286573290825
11880,0.0028626606799662113
11881,0.014128264039754868
11882,0.5806560516357422
11883,0.005588054656982422
11884,0.0058443727903068066
11885,0.01200456265360117
11886,0.0021214159205555916
11887,7.043841760605574e-4
11888,8.919517131289467e-5
11889,0.7436138987541199
11890,0.4353843629360199
11891,0.21253804862499237
11892,0.007267114706337452
11893,0.5194944739341736
11894,0.027830952778458595
11895,0.5591827034950256
11896,0.8739619851112366
11897,0.009829954244196415
11898,4.181912629519502e-7
11899,0.003587781684473157
11900,0.6946924328804016
11901,0.012615015730261803
11902,0.0022576444316655397
11903,0.007833682931959629
11904,0.004312393721193075
11905,0.013069289736449718
11906,0.6680211424827576
11907,0.01568581722676754
11908,0.8534249067306519
11909,0.002323232125490904
11910,0.012006988748908043
11911,0.0021057603880763054
11912,0.0012728931615129113
11913,0.0012728931615129113
11914,0.0012567006051540375
11915,0.00862145982682705
11916,0.02553928829729557
11917,0.011499511078000069
11918,0.012733086943626404
11919,0.028517846018075943
11920,0.7541855573654175
11921,0.17761112749576569
11922,0.022685380652546883
11923,0.008542019873857498
11924,0.004571900237351656
11925,0.016661977395415306
11926,0.031676389276981354
11927,0.01005291473120451
11928,0.027691124007105827
11929,0.012651659548282623
11930,0.011304743587970734
11931,0.026697464287281036
11932,0.020560555160045624
11933,3.0988172511570156e-4
11934,0.006904485169798136
11935,0.5165379047393799
11936,0.022905703634023666
11937,0.8677226901054382
11938,0.012852230109274387
11939,0.02135954238474369
11940,0.4539438486099243
11941,0.01745646446943283
11942,0.06130359321832657
11943,0.019018691033124924
11944,0.018757928162813187
11945,0.010475470684468746
11946,0.003642783500254154
11947,0.00345133850350976
11948,0.10854371637105942
11949,0.010140362195670605
11950,1.1164113857375924e-5
11951,0.00608723983168602
11952,4.650503396987915e-4
11953,0.01925119385123253
11954,0.00682460144162178
11955,0.007025197613984346
11956,0.003172987373545766
11957,0.00682460144162178
11958,0.002896990394219756
11959,0.005200568120926619
11960,0.011938567273318768
11961,0.028371566906571388
11962,0.003172987373545766
11963,0.0038690047804266214
11964,0.04389519989490509
11965,0.007072881329804659
11966,0.00682460144162178
11967,0.00682460144162178
11968,0.00682460144162178
11969,0.003072466468438506
11970,0.003911563660949469
11971,0.008913123980164528
11972,0.003172987373545766
11973,0.00682460144162178
11974,2.1308372379280627e-4
11975,0.00682460144162178
11976,0.00682460144162178
11977,0.005200568120926619
11978,0.0014904779382050037
11979,0.004542048089206219
11980,0.002474605804309249
11981,0.009167954325675964
11982,4.037168400827795e-4
11983,4.037168400827795e-4
11984,0.01805293560028076
11985,3.1321487040258944e-4
11986,0.001118044601753354
11987,0.005519338417798281
11988,0.005519338417798281
11989,0.011612068861722946
11990,0.002088645938783884
11991,7.630978361703455e-4
11992,8.061474072746933e-4
11993,0.006839808542281389
11994,5.936826928518713e-4
11995,2.0477091311477125e-4
11996,0.002968949731439352
11997,0.0022847403306514025
11998,0.0010838015004992485
11999,0.0031245513819158077
12000,9.398641850566491e-5
12001,0.0012969422386959195
12002,1.9271810742793605e-5
12003,4.915079916827381e-4
12004,9.340892574982718e-6
12005,0.003987625706940889
12006,1.9548095588106662e-4
12007,2.2071890998631716e-4
12008,0.0013589265290647745
12009,0.0029626176692545414
12010,0.0030194090213626623
12011,0.0020142013672739267
12012,0.0136336674913764
12013,0.0014017807552590966
12014,0.008189192041754723
12015,0.0020628131460398436
12016,0.003302896162495017
12017,0.004710954613983631
12018,0.0035296203568577766
12019,8.738479227758944e-4
12020,3.9536692202091217e-4
12021,0.007963260635733604
12022,0.201022207736969
12023,0.0015334339113906026
12024,0.009837010875344276
12025,0.003809876274317503
12026,0.5827540755271912
12027,0.00417008763179183
12028,0.0026234665419906378
12029,0.006482552271336317
12030,0.02346552535891533
12031,0.009206668473780155
12032,0.8533661365509033
12033,0.022535890340805054
12034,0.02015814557671547
12035,0.0019031560514122248
12036,8.315725135616958e-4
12037,0.005327890161424875
12038,0.017558012157678604
12039,0.002336357021704316
12040,0.004328406415879726
12041,0.011808991432189941
12042,0.01012126449495554
12043,5.287189269438386e-4
12044,0.003378840396180749
12045,0.0018407369498163462
12046,0.011908292770385742
12047,0.003093470586463809
12048,0.024336202070116997
12049,0.008049439638853073
12050,8.315725135616958e-4
12051,0.00182904745452106
12052,0.003203867468982935
12053,0.0025984058156609535
12054,0.004206146579235792
12055,0.00500057078897953
12056,0.02657768875360489
12057,0.33687421679496765
12058,8.44305963255465e-4
12059,0.0010939904022961855
12060,0.011908292770385742
12061,0.003073163330554962
12062,0.24288293719291687
12063,0.009484898298978806
12064,0.007740784902125597
12065,0.05025753378868103
12066,0.01454363577067852
12067,0.020804382860660553
12068,0.017235184088349342
12069,0.012457781471312046
12070,0.02502543292939663
12071,0.017017049714922905
12072,0.01054772175848484
12073,0.013572207652032375
12074,6.446282495744526e-4
12075,0.00576810073107481
12076,0.0011900556273758411
12077,0.04042016714811325
12078,0.0010931153083220124
12079,0.019366364926099777
12080,0.04051186889410019
12081,0.0229314174503088
12082,0.016626683995127678
12083,0.02527027018368244
12084,0.008555680513381958
12085,0.003194164950400591
12086,0.039514992386102676
12087,0.011033465154469013
12088,8.327274699695408e-4
12089,0.0025945762172341347
12090,2.661447797436267e-4
12091,0.0016761722508817911
12092,5.177734419703484e-4
12093,0.014848058111965656
12094,0.012283481657505035
12095,0.007659503724426031
12096,0.0010443769861012697
12097,0.027698663994669914
12098,0.060752011835575104
12099,0.008243026211857796
12100,4.586251743603498e-4
12101,0.013703597709536552
12102,0.003059196751564741
12103,0.1608978658914566
12104,0.03373689576983452
12105,4.47912811068818e-4
12106,0.0010409640381112695
12107,1.4125893358141184e-4
12108,0.007932018488645554
12109,4.900946514680982e-4
12110,0.003632165724411607
12111,0.0015057048294693232
12112,0.0015057048294693232
12113,0.0028143359813839197
12114,0.0015925521729514003
12115,0.002735501853749156
12116,0.01518726535141468
12117,0.014608049765229225
12118,0.22177039086818695
12119,0.004360673949122429
12120,0.001699337037280202
12121,0.012598797678947449
12122,1.694868697086349e-4
12123,8.847807766869664e-4
12124,6.017315317876637e-4
12125,1.2268780847080052e-4
12126,2.0948395018649535e-8
12127,1.5674135056542582e-7
12128,4.934815365231771e-7
12129,4.82722084527154e-10
12130,2.9814457569443675e-9
12131,0.011457153595983982
12132,0.0024535893462598324
12133,9.248779970221221e-4
12134,0.013105431571602821
12135,0.003161958884447813
12136,0.0013914878945797682
12137,0.006491657812148333
12138,5.305477534420788e-4
12139,0.005816501099616289
12140,0.0036939901765435934
12141,0.0016231007175520062
12142,0.0016231007175520062
12143,0.0024420416448265314
12144,0.0026181915309280157
12145,0.0012157532619312406
12146,0.0073786634020507336
12147,0.013042244128882885
12148,2.5302631547674537e-4
12149,0.002339824102818966
12150,0.35789039731025696
12151,0.005563592538237572
12152,0.008645555004477501
12153,0.008645555004477501
12154,0.0030191652476787567
12155,0.010339183732867241
12156,0.01223855558782816
12157,0.022602442651987076
12158,0.40060967206954956
12159,0.010339183732867241
12160,0.0030734408646821976
12161,0.004484046716243029
12162,0.003235886339098215
12163,0.013437657617032528
12164,0.007629310712218285
12165,0.0069806030951440334
12166,0.006387963891029358
12167,0.00610512075945735
12168,0.007405751850455999
12169,0.007405751850455999
12170,0.007405751850455999
12171,0.009569843299686909
12172,0.0016520008211955428
12173,0.005310724023729563
12174,0.009273264557123184
12175,0.04504740610718727
12176,0.043707482516765594
12177,0.012863965705037117
12178,0.007318866439163685
12179,0.006354592274874449
12180,0.017865823581814766
12181,0.00610512075945735
12182,0.00610512075945735
12183,0.011936766095459461
12184,2.920439001172781e-4
12185,0.020078172907233238
12186,0.0029997960664331913
12187,0.011277473531663418
12188,0.013298004865646362
12189,0.00694445613771677
12190,0.049364905804395676
12191,0.013265782967209816
12192,0.003964894916862249
12193,0.1399451345205307
12194,0.031676966696977615
12195,0.0010062471264973283
12196,0.0010062471264973283
12197,0.0032273787073791027
12198,0.013331576250493526
12199,0.0035386879462748766
12200,0.0035386879462748766
12201,0.0035386879462748766
12202,9.263207903131843e-4
12203,0.0035386879462748766
12204,0.0035386879462748766
12205,0.013407600112259388
12206,0.04010695219039917
12207,0.13203716278076172
12208,0.03430888056755066
12209,0.0013708273181691766
12210,0.009392905049026012
12211,0.008798424154520035
12212,0.04043593630194664
12213,0.003062088740989566
12214,0.005139286629855633
12215,2.6147270546061918e-5
12216,0.004540418274700642
12217,0.01646599732339382
12218,0.0055398885160684586
12219,0.012232277542352676
12220,0.012667573057115078
12221,0.021799838170409203
12222,0.008534548804163933
12223,0.006737911142408848
12224,0.006201125215739012
12225,0.00713341822847724
12226,0.014043686911463737
12227,0.005620625335723162
12228,0.10676613450050354
12229,0.009962895885109901
12230,0.0024359840899705887
12231,0.022848470136523247
12232,0.07556841522455215
12233,0.005540140904486179
12234,0.021815365180373192
12235,0.020406808704137802
12236,0.003031357889994979
12237,0.05433167517185211
12238,0.01777362823486328
12239,0.004357095807790756
12240,0.012066483497619629
12241,0.012066483497619629
12242,0.0048927669413387775
12243,2.487840538378805e-4
12244,0.009889325127005577
12245,0.0014182106824591756
12246,0.002315111691132188
12247,0.001978992484509945
12248,0.004025968257337809
12249,0.006051691249012947
12250,0.0033845941070467234
12251,0.02091728337109089
12252,0.0033845941070467234
12253,0.033074699342250824
12254,0.0033845941070467234
12255,0.01055301446467638
12256,0.21681435406208038
12257,0.004224296659231186
12258,0.0543866902589798
12259,0.0033845941070467234
12260,0.0033845941070467234
12261,0.010721271857619286
12262,0.0030586121138185263
12263,0.0593474842607975
12264,0.03832412511110306
12265,0.013261614367365837
12266,0.002049849834293127
12267,0.005899295210838318
12268,0.003994495142251253
12269,7.602593977935612e-4
12270,8.946216548793018e-4
12271,0.006115684751421213
12272,0.0031877991277724504
12273,0.011227588169276714
12274,0.011227588169276714
12275,0.4436739385128021
12276,0.41357389092445374
12277,0.8442684412002563
12278,0.0021969666704535484
12279,0.06692469120025635
12280,0.05230273678898811
12281,0.006871652323752642
12282,8.211706881411374e-4
12283,0.010297127068042755
12284,4.7215967788361013e-4
12285,0.01852666214108467
12286,0.021541036665439606
12287,0.03446124121546745
12288,0.005762792192399502
12289,0.013012105599045753
12290,0.005169058218598366
12291,4.495268512982875e-4
12292,0.00457795849069953
12293,0.003940694499760866
12294,0.00457795849069953
12295,0.002200641669332981
12296,0.00457795849069953
12297,0.002200641669332981
12298,0.00457795849069953
12299,0.004562086425721645
12300,0.010517969727516174
12301,0.00457795849069953
12302,0.04284253343939781
12303,0.0037921275943517685
12304,0.0019287621835246682
12305,0.0047840820625424385
12306,0.0018532905960455537
12307,0.022684304043650627
12308,8.583957678638399e-4
12309,0.002200641669332981
12310,0.0041837990283966064
12311,0.17538286745548248
12312,0.02490311674773693
12313,0.004026520997285843
12314,0.003130153054371476
12315,0.003021163633093238
12316,0.0017739590257406235
12317,0.0025518927723169327
12318,0.0019752795342355967
12319,0.014733638614416122
12320,0.3965723216533661
12321,0.006145802326500416
12322,0.006795033812522888
12323,0.005631725769490004
12324,0.0034978361800312996
12325,0.006805323995649815
12326,0.020566239953041077
12327,0.0872613787651062
12328,0.26845866441726685
12329,0.002395950024947524
12330,0.0025245537981390953
12331,0.013421958312392235
12332,0.013039101846516132
12333,0.009034894406795502
12334,0.013097187504172325
12335,0.026988763362169266
12336,0.05803079903125763
12337,0.07161085307598114
12338,0.019361576065421104
12339,0.008502856828272343
12340,0.0013487584656104445
12341,0.44671228528022766
12342,0.3562687337398529
12343,0.3124348521232605
12344,0.0014503842685371637
12345,0.004772689659148455
12346,0.0051942248828709126
12347,0.003949178848415613
12348,0.17749719321727753
12349,0.052658624947071075
12350,0.3359077572822571
12351,0.0014534571673721075
12352,0.02763669565320015
12353,0.009226441383361816
12354,0.5930463671684265
12355,0.0024003637954592705
12356,0.005002564284950495
12357,0.006335321813821793
12358,0.005191675387322903
12359,0.010023554787039757
12360,0.5076501965522766
12361,0.009284069761633873
12362,0.0278194397687912
12363,0.9119940996170044
12364,0.23211027681827545
12365,0.005885792896151543
12366,0.816157877445221
12367,0.026946308091282845
12368,0.0010049442062154412
12369,0.001481398125179112
12370,0.006272820755839348
12371,0.012720516882836819
12372,0.8674639463424683
12373,0.00319698266685009
12374,6.616012542508543e-4
12375,0.00514040095731616
12376,0.048728205263614655
12377,0.02975800260901451
12378,0.006272820755839348
12379,0.0029442007653415203
12380,0.518302857875824
12381,0.006155915092676878
12382,0.002076145028695464
12383,0.0029041448142379522
12384,0.7746135592460632
12385,0.017952635884284973
12386,0.0054393368773162365
12387,0.0062803542241454124
12388,0.003940694499760866
12389,0.011069586500525475
12390,0.0046570212580263615
12391,0.007172703742980957
12392,0.007324265316128731
12393,0.008851478807628155
12394,0.005984713323414326
12395,0.0036836015060544014
12396,0.01989917829632759
12397,0.026614898815751076
12398,0.1671278327703476
12399,0.02644318714737892
12400,0.012871325016021729
12401,0.37966346740722656
12402,0.034421470016241074
12403,0.006580350920557976
12404,0.011600477620959282
12405,0.0037656212225556374
12406,0.037201520055532455
12407,0.010467718355357647
12408,0.003911563660949469
12409,0.004486951045691967
12410,0.005211292766034603
12411,0.003781848354265094
12412,0.008401094935834408
12413,0.33034247159957886
12414,0.00489402562379837
12415,0.00489402562379837
12416,0.00489402562379837
12417,0.0030600258614867926
12418,0.0030600258614867926
12419,0.0030600258614867926
12420,0.007087450008839369
12421,0.03490282595157623
12422,0.0756101980805397
12423,9.465343900956213e-4
12424,0.44267335534095764
12425,0.0018053074600175023
12426,2.441946417093277e-4
12427,4.542397509794682e-4
12428,0.003246546722948551
12429,0.004146161023527384
12430,0.0061600846238434315
12431,0.012850705534219742
12432,0.004514624830335379
12433,0.027753785252571106
12434,0.0060456194914877415
12435,0.006199155934154987
12436,0.5742866396903992
12437,0.011933675035834312
12438,0.0036448959726840258
12439,0.2851347029209137
12440,0.005609690211713314
12441,0.014396862126886845
12442,0.009227418340742588
12443,0.009477021172642708
12444,0.019976940006017685
12445,0.011364123784005642
12446,0.00665173539891839
12447,0.0052819750271737576
12448,0.011787802912294865
12449,0.01063328143209219
12450,0.010624830611050129
12451,0.011559827253222466
12452,0.03324787691235542
12453,0.01835891604423523
12454,0.3034871220588684
12455,0.5004252195358276
12456,0.5719918608665466
12457,0.014489921741187572
12458,0.005520354490727186
12459,0.021602071821689606
12460,0.013650825247168541
12461,0.05424562096595764
12462,0.012343248352408409
12463,0.0030109677463769913
12464,0.004634935408830643
12465,0.011930947192013264
12466,0.01996029168367386
12467,0.004375119227916002
12468,0.006011904217302799
12469,0.006382497493177652
12470,0.01916312240064144
12471,0.0033676892053335905
12472,7.060273201204836e-4
12473,7.060273201204836e-4
12474,0.08353926986455917
12475,0.03221053630113602
12476,0.011455587111413479
12477,0.0017707538791000843
12478,0.005961003713309765
12479,0.011455587111413479
12480,0.006060034967958927
12481,0.0011579556157812476
12482,0.0036879894323647022
12483,0.0024661757051944733
12484,0.10484869033098221
12485,0.005933751817792654
12486,0.005933751817792654
12487,0.009929787367582321
12488,0.251468300819397
12489,0.008310503326356411
12490,0.0111505426466465
12491,0.05121586471796036
12492,0.032884761691093445
12493,0.0019685744773596525
12494,0.006140317767858505
12495,0.008601345121860504
12496,0.01088680513203144
12497,0.20253711938858032
12498,0.006886546034365892
12499,0.04831833764910698
12500,0.0033786813728511333
12501,0.009715039283037186
12502,0.006538502871990204
12503,0.0059303040616214275
12504,0.011424003168940544
12505,0.0059303040616214275
12506,0.2202291041612625
12507,0.005440449342131615
12508,0.0018316314090043306
12509,0.02439078874886036
12510,0.024012960493564606
12511,0.024660876020789146
12512,0.001770201837643981
12513,0.1071336641907692
12514,0.006718259304761887
12515,0.012017196975648403
12516,0.0034149091225117445
12517,0.07736775279045105
12518,0.01836203783750534
12519,4.164949984897248e-7
12520,0.005193278659135103
12521,0.012031677179038525
12522,0.0023177852854132652
12523,0.02812894806265831
12524,0.048791445791721344
12525,0.004555759485810995
12526,0.3650493025779724
12527,0.018108095973730087
12528,0.2679901719093323
12529,0.005224956665188074
12530,0.054888270795345306
12531,0.012354402802884579
12532,0.17655211687088013
12533,0.0050858682952821255
12534,0.02249838039278984
12535,0.0021034087985754013
12536,0.0021034087985754013
12537,0.0014857023488730192
12538,0.0021034087985754013
12539,0.011000755243003368
12540,0.0021034087985754013
12541,0.0021034087985754013
12542,0.0021034087985754013
12543,0.006860066670924425
12544,0.0021034087985754013
12545,0.0016280960990116
12546,0.08311249315738678
12547,0.0021034087985754013
12548,0.0021034087985754013
12549,0.0021034087985754013
12550,0.0021034087985754013
12551,0.0021034087985754013
12552,0.0021034087985754013
12553,0.0021034087985754013
12554,0.0055985115468502045
12555,0.0021034087985754013
12556,0.0021034087985754013
12557,0.0021034087985754013
12558,0.002727728569880128
12559,0.011255195364356041
12560,0.0021528361830860376
12561,0.0021034087985754013
12562,0.002635822631418705
12563,0.0021034087985754013
12564,3.367233439348638e-4
12565,0.011131630279123783
12566,0.006374394986778498
12567,0.004620186984539032
12568,0.002056408440694213
12569,0.001542622339911759
12570,0.005430977791547775
12571,0.0197254940867424
12572,0.08322548866271973
12573,0.023389628157019615
12574,0.009910207241773605
12575,0.010844309814274311
12576,0.02095009759068489
12577,0.0058526648208498955
12578,0.0058526648208498955
12579,0.31886738538742065
12580,0.02744024060666561
12581,0.011527867056429386
12582,0.15085186064243317
12583,0.02768484689295292
12584,0.0014303296338766813
12585,0.0025097441393882036
12586,0.008520394563674927
12587,0.011543857865035534
12588,0.02505919523537159
12589,0.0028532356955111027
12590,0.0063166869804263115
12591,0.1268346756696701
12592,0.8531690835952759
12593,0.00696957902982831
12594,0.006330667529255152
12595,0.006111475173383951
12596,0.009173470549285412
12597,1.790340138541069e-5
12598,0.08932200819253922
12599,0.027780884876847267
12600,0.009645570069551468
12601,0.006318548694252968
12602,0.006549085956066847
12603,0.0039433520287275314
12604,0.8347985148429871
12605,0.7123680114746094
12606,0.004705240484327078
12607,0.020807035267353058
12608,3.409051278140396e-4
12609,9.577304590493441e-4
12610,5.726914969272912e-4
12611,5.726914969272912e-4
12612,0.025819208472967148
12613,0.08414829522371292
12614,0.017177730798721313
12615,0.011992770247161388
12616,0.006114641670137644
12617,2.8977959300391376e-4
12618,0.00373964780010283
12619,0.00373964780010283
12620,0.00373964780010283
12621,0.0038492369931191206
12622,0.00373964780010283
12623,0.0038492369931191206
12624,0.0038492369931191206
12625,0.0035651945509016514
12626,0.005624691490083933
12627,0.0015935199335217476
12628,0.005154754966497421
12629,0.003628568025305867
12630,0.0038492369931191206
12631,0.008796745911240578
12632,0.008796745911240578
12633,0.012441473081707954
12634,0.8023137450218201
12635,0.005621390417218208
12636,0.009013351052999496
12637,0.0031979824416339397
12638,0.008791657164692879
12639,0.7808489203453064
12640,0.0222933292388916
12641,0.07245079427957535
12642,0.09579026699066162
12643,0.008124589920043945
12644,0.004690646193921566
12645,0.22957801818847656
12646,1.2151234841439873e-4
12647,7.327320636250079e-4
12648,0.0726650059223175
12649,0.002917034085839987
12650,0.012340899556875229
12651,0.17939142882823944
12652,0.00618096673861146
12653,0.002917034085839987
12654,0.009930660016834736
12655,3.195247245457722e-6
12656,0.0022767260670661926
12657,0.006750371772795916
12658,0.21038828790187836
12659,0.0024430754128843546
12660,0.05021209269762039
12661,0.07563671469688416
12662,0.04202963039278984
12663,0.010997321456670761
12664,0.0038855154998600483
12665,0.002442731522023678
12666,0.003514074021950364
12667,0.002442731522023678
12668,0.002442731522023678
12669,0.0016738558188080788
12670,0.002442731522023678
12671,0.0028642797842621803
12672,0.033771391957998276
12673,0.017980316653847694
12674,0.01441564317792654
12675,0.007966448552906513
12676,0.005013775080442429
12677,0.00238976813852787
12678,9.325240389443934e-4
12679,0.05869385972619057
12680,0.008578353561460972
12681,0.07550514489412308
12682,0.03734621778130531
12683,0.01263712253421545
12684,0.019110694527626038
12685,0.019110694527626038
12686,0.00683624017983675
12687,0.03783702850341797
12688,0.00267479638569057
12689,0.010452383197844028
12690,0.04906053468585014
12691,0.303114652633667
12692,0.03256746754050255
12693,0.014033569023013115
12694,0.004408020060509443
12695,0.002536660060286522
12696,0.002536660060286522
12697,4.041987704113126e-4
12698,0.0031709265895187855
12699,0.32779601216316223
12700,0.01991792768239975
12701,0.006566510070115328
12702,0.09331272542476654
12703,0.002718652132898569
12704,0.02629047818481922
12705,0.011513737961649895
12706,0.0029621964786201715
12707,0.8568511605262756
12708,0.0110832080245018
12709,4.715462273452431e-5
12710,0.005165106151252985
12711,0.012918058782815933
12712,0.08725655823945999
12713,0.0635983943939209
12714,0.00929612573236227
12715,0.007552532944828272
12716,0.004804339725524187
12717,0.0014657770516350865
12718,7.637776434421539e-4
12719,0.8118939995765686
12720,0.008850136771798134
12721,0.0055476282723248005
12722,0.023470226675271988
12723,0.008819516748189926
12724,5.4467494919663295e-5
12725,0.4202490448951721
12726,0.025341838598251343
12727,0.013555401004850864
12728,5.4467494919663295e-5
12729,0.09857752919197083
12730,0.0032941706012934446
12731,0.3541279137134552
12732,0.02288120426237583
12733,5.4467494919663295e-5
12734,0.013555401004850864
12735,5.460771499201655e-4
12736,5.4467545851366594e-5
12737,5.4467494919663295e-5
12738,0.020476263016462326
12739,0.006721046753227711
12740,0.024827491492033005
12741,0.017817510291934013
12742,0.008423501625657082
12743,0.027141915634274483
12744,0.026136387139558792
12745,0.00702079851180315
12746,0.1119280532002449
12747,0.004496272653341293
12748,0.019155330955982208
12749,0.002276595216244459
12750,0.7629808783531189
12751,0.03156465291976929
12752,0.004960734397172928
12753,0.05027497187256813
12754,0.004935425240546465
12755,0.007514360826462507
12756,0.41401851177215576
12757,0.007514360826462507
12758,0.0042527103796601295
12759,0.004960734397172928
12760,0.004960734397172928
12761,0.003601259784772992
12762,0.07051874697208405
12763,0.019474364817142487
12764,0.005949309561401606
12765,0.034955911338329315
12766,0.009423933923244476
12767,0.010302970185875893
12768,0.004500269889831543
12769,0.0014518849784508348
12770,0.04475731775164604
12771,0.010505267418920994
12772,0.15337099134922028
12773,0.08568237721920013
12774,0.025298409163951874
12775,0.025469450280070305
12776,0.03033313900232315
12777,0.025069648399949074
12778,0.007760348729789257
12779,0.020367512479424477
12780,0.0034904894419014454
12781,0.37322771549224854
12782,0.041002608835697174
12783,0.0072202435694634914
12784,0.012659925036132336
12785,0.00700380839407444
12786,0.008903511799871922
12787,0.040682353079319
12788,0.012917396612465382
12789,0.006607400253415108
12790,0.0044806236401200294
12791,0.0044806236401200294
12792,0.0044806236401200294
12793,0.00622914545238018
12794,0.13702481985092163
12795,0.008923052810132504
12796,0.004057173151522875
12797,0.004057173151522875
12798,0.004057173151522875
12799,0.027329714968800545
12800,0.001378861372359097
12801,7.449825061485171e-4
12802,0.16657626628875732
12803,0.001283458317629993
12804,0.009173179976642132
12805,0.009173179976642132
12806,0.014010376296937466
12807,0.016871651634573936
12808,0.027493931353092194
12809,0.009173470549285412
12810,0.0025745192542672157
12811,0.005751220043748617
12812,0.012038950808346272
12813,0.008624952286481857
12814,0.0014616053085774183
12815,0.0014616053085774183
12816,0.016185475513339043
12817,0.021173330023884773
12818,0.006396483164280653
12819,0.07437536865472794
12820,0.012591207399964333
12821,0.002005909802392125
12822,0.01694856584072113
12823,0.02768484689295292
12824,0.03889802470803261
12825,0.026050159707665443
12826,0.0700775533914566
12827,0.06968659162521362
12828,0.0015477822162210941
12829,0.02524355798959732
12830,0.00444779871031642
12831,0.0033070084173232317
12832,0.02965531498193741
12833,0.01632799208164215
12834,0.0552009642124176
12835,0.011069163680076599
12836,0.019096700474619865
12837,0.007007221691310406
12838,0.014094199985265732
12839,0.05273844301700592
12840,0.8159355521202087
12841,0.01395666878670454
12842,0.001849061343818903
12843,0.003249998902902007
12844,0.0031605735421180725
12845,0.004414987750351429
12846,0.7738560438156128
12847,0.035366348922252655
12848,0.8625479936599731
12849,0.006517300847917795
12850,0.8373273611068726
12851,0.00549404276534915
12852,0.014065638184547424
12853,0.06408724933862686
12854,0.023498475551605225
12855,0.013297002762556076
12856,0.027113081887364388
12857,0.0068434118293225765
12858,0.003526882501319051
12859,0.03189234808087349
12860,0.002071522641927004
12861,0.002613411983475089
12862,0.002071522641927004
12863,0.002071522641927004
12864,0.0033936533145606518
12865,0.8494158983230591
12866,0.04087648540735245
12867,0.08233380317687988
12868,0.01673833653330803
12869,0.010694528929889202
12870,0.29194745421409607
12871,0.33688104152679443
12872,0.023358693346381187
12873,0.023520998656749725
12874,0.0247668270021677
12875,0.03394123166799545
12876,0.06577529013156891
12877,0.008115868084132671
12878,0.004740581382066011
12879,0.01269473321735859
12880,0.008323922753334045
12881,0.01078775804489851
12882,0.008323922753334045
12883,0.008323922753334045
12884,0.008323922753334045
12885,0.09797430038452148
12886,0.015576670877635479
12887,0.29074251651763916
12888,0.0053838882595300674
12889,0.0018871085485443473
12890,0.07581501454114914
12891,0.4613979458808899
12892,0.019840648397803307
12893,5.362185765989125e-4
12894,0.0013702033320441842
12895,4.495743996812962e-5
12896,0.0013702033320441842
12897,0.010710503906011581
12898,0.021838786080479622
12899,0.012913085520267487
12900,0.010079091414809227
12901,0.015246846713125706
12902,0.025488439947366714
12903,0.007287276908755302
12904,0.003953807055950165
12905,0.24966539442539215
12906,0.002090469468384981
12907,0.0031652406323701143
12908,0.03492555022239685
12909,0.06113963574171066
12910,0.02354520373046398
12911,0.11529645323753357
12912,0.019556041806936264
12913,0.0077406493946909904
12914,0.020672118291258812
12915,0.049126315861940384
12916,0.020478123798966408
12917,0.0019735563546419144
12918,0.047914545983076096
12919,0.3556385934352875
12920,0.005032428074628115
12921,0.0696341022849083
12922,0.007248979993164539
12923,0.003953807055950165
12924,0.004700332880020142
12925,0.00696216057986021
12926,0.00697676045820117
12927,0.010710573755204678
12928,0.01384446956217289
12929,0.014719510450959206
12930,1.9971199799329042e-4
12931,6.302756373770535e-4
12932,0.029399869963526726
12933,0.003494576783850789
12934,0.011351012624800205
12935,0.005816892255097628
12936,0.0017176944529637694
12937,6.302756373770535e-4
12938,0.0017176944529637694
12939,0.0017176944529637694
12940,0.03034546598792076
12941,0.0157993845641613
12942,0.8152776956558228
12943,0.08617517352104187
12944,0.006067883223295212
12945,0.02044176496565342
12946,0.405764102935791
12947,0.8348926901817322
12948,0.01665583625435829
12949,0.004055376164615154
12950,0.0029417439363896847
12951,0.010189673863351345
12952,0.048365045338869095
12953,0.006877372041344643
12954,0.2748287618160248
12955,0.0037748110480606556
12956,0.0058575840666890144
12957,0.006170316133648157
12958,0.006792495492845774
12959,0.0476345419883728
12960,0.021215060725808144
12961,0.024338597431778908
12962,3.7659681402146816e-4
12963,0.001381410052999854
12964,0.01817992702126503
12965,0.04060336574912071
12966,0.001381410052999854
12967,0.009511508047580719
12968,0.0016684303991496563
12969,0.012155246920883656
12970,0.0056682550348341465
12971,0.006865036208182573
12972,0.21322079002857208
12973,0.0178028903901577
12974,0.15156987309455872
12975,0.01579575054347515
12976,0.04818020388484001
12977,0.002755881519988179
12978,0.002755881519988179
12979,0.002755881519988179
12980,0.010123471729457378
12981,0.00626658508554101
12982,0.011720714159309864
12983,9.535913122817874e-4
12984,0.008950825780630112
12985,9.535913122817874e-4
12986,0.00626658508554101
12987,0.00626658508554101
12988,0.00626658508554101
12989,0.0017623535823076963
12990,0.006802494637668133
12991,0.22412393987178802
12992,0.012573749758303165
12993,0.3395385146141052
12994,0.02043817564845085
12995,0.03025120124220848
12996,0.061721038073301315
12997,0.009719076566398144
12998,0.8448420763015747
12999,0.009719076566398144
13000,0.42505574226379395
13001,0.04705098643898964
13002,0.005133080296218395
13003,0.0032817646861076355
13004,0.009549161419272423
13005,0.013238952495157719
13006,0.007672221399843693
13007,0.043878816068172455
13008,0.07142955809831619
13009,0.0036039985716342926
13010,0.005230829119682312
13011,0.004686911590397358
13012,0.006682695355266333
13013,0.01854601688683033
13014,0.022212985903024673
13015,0.0031211760360747576
13016,0.024632425978779793
13017,0.011346383951604366
13018,0.12913765013217926
13019,0.004965655505657196
13020,0.006617285311222076
13021,0.00436854362487793
13022,0.004167316947132349
13023,0.0043685478158295155
13024,0.0041673206724226475
13025,0.004167316947132349
13026,8.7832122517284e-5
13027,0.0903283953666687
13028,0.022201228886842728
13029,0.010671885684132576
13030,0.00436854362487793
13031,7.27026374079287e-4
13032,0.0033340470399707556
13033,0.01725446619093418
13034,0.017302706837654114
13035,0.06674394756555557
13036,0.002497209934517741
13037,0.021084904670715332
13038,0.003332721535116434
13039,0.020051438361406326
13040,0.22439594566822052
13041,0.004492788575589657
13042,0.10777883976697922
13043,0.0050337291322648525
13044,0.014565197750926018
13045,0.0075274622067809105
13046,0.002974189817905426
13047,0.014128164388239384
13048,0.002974189817905426
13049,0.009816785342991352
13050,0.002974189817905426
13051,0.002974189817905426
13052,4.037085745949298e-4
13053,2.7164496714249253e-4
13054,0.8191065788269043
13055,0.003865121863782406
13056,0.003325867233797908
13057,0.003325867233797908
13058,0.003325867233797908
13059,0.003325867233797908
13060,9.988615056499839e-4
13061,0.003325867233797908
13062,0.003325867233797908
13063,0.013880849815905094
13064,0.01799125038087368
13065,0.021023981273174286
13066,0.020522769540548325
13067,0.013012435287237167
13068,0.013012435287237167
13069,0.012490635737776756
13070,0.0020679179579019547
13071,0.006304060108959675
13072,0.04809527471661568
13073,0.021209074184298515
13074,0.0014850774314254522
13075,6.746790604665875e-4
13076,0.002598726889118552
13077,6.746790604665875e-4
13078,0.819460928440094
13079,0.0043610879220068455
13080,6.746790604665875e-4
13081,0.01284823752939701
13082,0.010780361481010914
13083,0.0026149326004087925
13084,0.0037742352578788996
13085,0.002886844100430608
13086,0.008700340054929256
13087,0.0011857067001983523
13088,0.012926653027534485
13089,0.0016055087326094508
13090,0.004622007720172405
13091,0.00876564159989357
13092,0.00876564159989357
13093,0.010411183349788189
13094,0.010411183349788189
13095,0.011464633978903294
13096,0.001978933112695813
13097,0.06716293841600418
13098,0.0019838600419461727
13099,0.002520033624023199
13100,0.016771825030446053
13101,0.005650820676237345
13102,0.0017109980108216405
13103,0.002966273343190551
13104,0.002966273343190551
13105,0.004739645402878523
13106,0.011896426789462566
13107,0.008274645544588566
13108,0.03244984894990921
13109,0.023880351334810257
13110,0.0024759608786553144
13111,0.003850023727864027
13112,0.00956063624471426
13113,0.0023451216984540224
13114,0.0011970486957579851
13115,0.012361329048871994
13116,0.008907017298042774
13117,0.0026820949278771877
13118,0.024905472993850708
13119,0.0037086426746100187
13120,0.005956936161965132
13121,0.01915661245584488
13122,0.0018872853834182024
13123,0.002119877142831683
13124,0.008747369050979614
13125,0.002186789410188794
13126,2.7011861675418913e-4
13127,2.9146563610993326e-4
13128,0.021308766677975655
13129,0.023608677089214325
13130,0.021136706694960594
13131,0.021136706694960594
13132,0.0023199112620204687
13133,0.0065384963527321815
13134,0.08051412552595139
13135,0.0017543473513796926
13136,0.006721158511936665
13137,0.0019021400948986411
13138,0.006728981621563435
13139,0.006309504620730877
13140,0.11112410575151443
13141,0.03881017863750458
13142,0.009056976065039635
13143,0.003925421740859747
13144,0.08789222687482834
13145,0.002362472005188465
13146,0.7457364797592163
13147,0.0023199112620204687
13148,8.465644204989076e-4
13149,0.005145849194377661
13150,0.0032377189490944147
13151,0.0021399823017418385
13152,0.002424293663352728
13153,0.005250852555036545
13154,0.016104916110634804
13155,0.22868627309799194
13156,0.004717957228422165
13157,0.017963863909244537
13158,0.005432940553873777
13159,0.006435699760913849
13160,5.684575444320217e-5
13161,1.1229245137656108e-4
13162,1.5730420273030177e-5
13163,5.900310952711152e-6
13164,1.611371226317715e-5
13165,1.9716621579846105e-7
13166,1.1436490154892454e-7
13167,2.9581045168924902e-8
13168,0.004995961207896471
13169,0.0024439194239676
13170,0.004756159149110317
13171,0.032974641770124435
13172,0.005764836445450783
13173,0.0021994190756231546
13174,0.004167158156633377
13175,4.707041662186384e-4
13176,0.004119724966585636
13177,4.707041662186384e-4
13178,0.002085130661725998
13179,0.0015884784515947104
13180,0.003105978947132826
13181,0.030925674363970757
13182,7.321634911932051e-4
13183,2.6942676049657166e-4
13184,3.1754338124301285e-5
13185,1.7761079652700573e-4
13186,2.5793608074309304e-5
13187,0.00929598044604063
13188,0.0031274298671633005
13189,0.0031274298671633005
13190,0.005545192398130894
13191,0.0031274298671633005
13192,0.0031274298671633005
13193,0.008951235562562943
13194,0.012009059078991413
13195,0.002190267900004983
13196,4.6750757610425353e-4
13197,0.0051032500341534615
13198,0.010000834241509438
13199,4.6750757610425353e-4
13200,0.007161910180002451
13201,0.0036986174527555704
13202,0.11060553789138794
13203,0.018549175933003426
13204,0.023907605558633804
13205,0.007475276477634907
13206,0.007133043371140957
13207,0.0029890509322285652
13208,0.0033999374136328697
13209,0.0029890509322285652
13210,0.0029890509322285652
13211,0.00564063573256135
13212,0.010673360899090767
13213,0.0029890509322285652
13214,0.05156398192048073
13215,0.006342052016407251
13216,0.004689196590334177
13217,0.031118756160140038
13218,0.0066982451826334
13219,0.019162196666002274
13220,0.002683305647224188
13221,0.0021332339383661747
13222,0.004790929611772299
13223,0.02284824661910534
13224,0.006930655334144831
13225,0.10403669625520706
13226,0.022397875785827637
13227,0.015315607190132141
13228,0.013594894669950008
13229,0.009946029633283615
13230,0.003991694655269384
13231,0.04791617766022682
13232,0.020611846819519997
13233,0.0036613524425774813
13234,0.017714986577630043
13235,0.012134074233472347
13236,0.04768101125955582
13237,0.005025206599384546
13238,0.044292841106653214
13239,0.0010106536792591214
13240,0.002912434283643961
13241,0.00731681240722537
13242,0.2222958505153656
13243,0.0030836965888738632
13244,0.0036637468729168177
13245,0.009394139051437378
13246,0.0750432088971138
13247,0.5466723442077637
13248,0.03652968630194664
13249,0.006845421157777309
13250,0.24016280472278595
13251,0.005025206599384546
13252,0.03033321164548397
13253,0.0029943790286779404
13254,0.001438103849068284
13255,0.0021767178550362587
13256,0.04521305859088898
13257,0.10195896774530411
13258,0.04367880895733833
13259,0.0049316962249577045
13260,0.004196110647171736
13261,0.0029943790286779404
13262,0.013339518569409847
13263,0.01580105908215046
13264,0.0029943790286779404
13265,0.009694525972008705
13266,0.012403799220919609
13267,0.012829376384615898
13268,0.0029943790286779404
13269,0.004620801191776991
13270,0.002988765249028802
13271,0.04436872527003288
13272,0.0022030805703252554
13273,0.02586277574300766
13274,0.0058031533844769
13275,0.0058031533844769
13276,0.0058031533844769
13277,0.012322258204221725
13278,0.0013455823063850403
13279,4.659852493205108e-5
13280,4.659852493205108e-5
13281,4.659843762055971e-5
13282,4.659843762055971e-5
13283,4.659843762055971e-5
13284,5.655626591760665e-5
13285,5.655626591760665e-5
13286,5.655626591760665e-5
13287,0.0206882506608963
13288,0.005914283450692892
13289,0.01669427566230297
13290,0.18366101384162903
13291,0.0014741801423951983
13292,4.1302325553260744e-4
13293,2.137087722076103e-4
13294,0.05914359167218208
13295,0.025520149618387222
13296,0.00771607318893075
13297,0.037967875599861145
13298,0.0013482499634847045
13299,0.002216452034190297
13300,0.016202811151742935
13301,0.0014993594959378242
13302,0.0014993594959378242
13303,6.24476233497262e-4
13304,6.24476233497262e-4
13305,0.04815288633108139
13306,6.789348553866148e-4
13307,6.24476233497262e-4
13308,6.24476233497262e-4
13309,0.04815288633108139
13310,0.005678194109350443
13311,0.01458162534981966
13312,0.005790754221379757
13313,0.002507560420781374
13314,0.03399166464805603
13315,2.2583173995371908e-4
13316,0.0019432184053584933
13317,6.24476233497262e-4
13318,0.01838063821196556
13319,0.02321884036064148
13320,0.041764672845602036
13321,0.06936571002006531
13322,0.02223571203649044
13323,0.02295769937336445
13324,7.979209185577929e-4
13325,0.006061195395886898
13326,0.005619173403829336
13327,0.0033089076168835163
13328,0.008112095296382904
13329,0.032309647649526596
13330,0.008887766860425472
13331,0.011560209095478058
13332,0.03242247924208641
13333,0.050483908504247665
13334,0.004766491707414389
13335,0.00070558913284912705
13336,0.010968951508402824
13337,0.3270762860774994
13338,0.002900307532399893
13339,0.0018198122270405293
13340,0.11964435130357742
13341,0.03373604640364647
13342,0.026223396882414818
13343,1.4705581634189002e-5
13344,5.861757927050348e-6
13345,6.024789036018774e-5
13346,5.108171990286792e-6
13347,0.006916298996657133
13348,0.0013376360293477774
13349,0.050029221922159195
13350,5.619453149847686e-4
13351,3.0785426474722044e-7
13352,3.0785426474722044e-7
13353,2.87955657540806e-7
13354,3.0785426474722044e-7
13355,9.88848228189454e-7
13356,3.0785426474722044e-7
13357,5.619453149847686e-4
13358,5.619453149847686e-4
13359,0.007062387187033892
13360,0.0037922898773103952
13361,0.010673245415091515
13362,0.01683739945292473
13363,0.002737821778282523
13364,0.006114870775490999
13365,0.006114870775490999
13366,0.03134072944521904
13367,0.009820641949772835
13368,0.04392605647444725
13369,0.013264603912830353
13370,0.013264603912830353
13371,0.012805652804672718
13372,0.0027333744801580906
13373,0.006264631170779467
13374,0.0011689327657222748
13375,3.586884122341871e-4
13376,0.0011689327657222748
13377,3.586884122341871e-4
13378,0.0011689327657222748
13379,3.586884122341871e-4
13380,0.004435588140040636
13381,0.004435588140040636
13382,3.586884122341871e-4
13383,3.586884122341871e-4
13384,0.36916384100914
13385,0.0032737560104578733
13386,0.30603891611099243
13387,0.049674343317747116
13388,0.03132602199912071
13389,0.006264631170779467
13390,2.7406536901253276e-5
13391,0.0036555423866957426
13392,0.003635114524513483
13393,0.003126215422526002
13394,0.003635114524513483
13395,0.0024699161294847727
13396,0.0024699161294847727
13397,0.0024699161294847727
13398,0.19020876288414001
13399,0.0024699161294847727
13400,0.01981217972934246
13401,0.026317795738577843
13402,0.039506711065769196
13403,0.004631511401385069
13404,0.01014555711299181
13405,0.005054648034274578
13406,0.0024699161294847727
13407,0.01304628886282444
13408,0.0067708445712924
13409,0.023048149421811104
13410,0.007764491718262434
13411,0.01304628886282444
13412,0.04208088666200638
13413,0.0024699161294847727
13414,0.0026870258152484894
13415,0.0024699161294847727
13416,0.0028093112632632256
13417,0.002344956621527672
13418,0.0022728743497282267
13419,0.00369428307749331
13420,0.0065860929898917675
13421,0.0032148812897503376
13422,6.977751036174595e-4
13423,3.8270943332463503e-4
13424,0.022923260927200317
13425,0.010595983825623989
13426,0.022731242701411247
13427,0.0031550757121294737
13428,0.007239402737468481
13429,0.02469443902373314
13430,0.06702698767185211
13431,2.805560943670571e-4
13432,0.00804829876869917
13433,0.013986288569867611
13434,0.0018787204753607512
13435,0.0069992500357329845
13436,0.005533731542527676
13437,0.02603202313184738
13438,0.02460581064224243
13439,0.012769516557455063
13440,0.00033273844746872783
13441,0.018961569294333458
13442,0.0031358450651168823
13443,0.008447232656180859
13444,0.005900087300688028
13445,0.004599492531269789
13446,0.0069992500357329845
13447,0.0031358450651168823
13448,0.024698182940483093
13449,0.0012987469090148807
13450,0.005058726761490107
13451,0.011328339576721191
13452,0.01976247876882553
13453,0.016255341470241547
13454,0.0021207896061241627
13455,3.266306594014168e-4
13456,5.434955237433314e-4
13457,0.006842516362667084
13458,0.0014480052050203085
13459,0.006842516362667084
13460,5.434955237433314e-4
13461,0.002014144789427519
13462,5.434955237433314e-4
13463,0.002014144789427519
13464,0.006317549385130405
13465,0.0014480052050203085
13466,0.0024528251960873604
13467,0.0014480052050203085
13468,0.001863387762568891
13469,4.728075582534075e-4
13470,0.0019276931416243315
13471,0.008471204899251461
13472,0.003597535192966461
13473,8.565019234083593e-4
13474,0.0015367827145382762
13475,0.004474788438528776
13476,0.004264867398887873
13477,0.002977399853989482
13478,0.0013646335573866963
13479,0.007536640856415033
13480,0.2991703152656555
13481,0.016987236216664314
13482,0.0048004877753555775
13483,0.003215431235730648
13484,0.007285610772669315
13485,0.008685402572154999
13486,0.002223099349066615
13487,0.031875383108854294
13488,0.008694366551935673
13489,0.010858206078410149
13490,0.10687583684921265
13491,0.023909352719783783
13492,0.016507495194673538
13493,0.5245001912117004
13494,7.32195854652673e-4
13495,0.003858148120343685
13496,0.008603870868682861
13497,0.024300850927829742
13498,0.09941000491380692
13499,0.8287836909294128
13500,0.006113645154982805
13501,0.22847677767276764
13502,6.022332818247378e-4
13503,0.001360910595394671
13504,6.022338639013469e-4
13505,0.005865282844752073
13506,1.1166011245222762e-4
13507,1.1166011245222762e-4
13508,0.0023158960975706577
13509,0.0023158960975706577
13510,0.01015560980886221
13511,0.01015560980886221
13512,0.01082872599363327
13513,0.038915712386369705
13514,0.018137585371732712
13515,0.011586391367018223
13516,0.012224848382174969
13517,0.012748339213430882
13518,0.7264259457588196
13519,0.0065232254564762115
13520,0.06971631944179535
13521,0.0020484495908021927
13522,0.003333993488922715
13523,0.02378748543560505
13524,0.02288081869482994
13525,0.014622490853071213
13526,5.994862135594303e-7
13527,0.011421057395637035
13528,0.002598455175757408
13529,0.053016163408756256
13530,0.8284106254577637
13531,0.004359667655080557
13532,0.055391695350408554
13533,0.015903959050774574
13534,0.0030344463884830475
13535,0.6704064011573792
13536,3.1423717155121267e-4
13537,0.0016270998166874051
13538,7.813895354047418e-4
13539,0.0016270998166874051
13540,0.010578655637800694
13541,0.0030046659521758556
13542,0.0016270998166874051
13543,0.0041580479592084885
13544,7.813895354047418e-4
13545,0.014290167018771172
13546,0.004994601011276245
13547,0.0034646661952137947
13548,0.0022726363968104124
13549,0.012566410936415195
13550,2.7844429132528603e-4
13551,0.0015835999511182308
13552,0.005315625574439764
13553,1.5439298294950277e-5
13554,5.4033705964684486e-5
13555,0.0018095547566190362
13556,0.0022726363968104124
13557,0.0015414967201650143
13558,0.10199147462844849
13559,0.012258462607860565
13560,0.01008154172450304
13561,0.7503675818443298
13562,4.095624026376754e-4
13563,0.009294948540627956
13564,4.095624026376754e-4
13565,0.0013449775287881494
13566,1.2805385631509125e-4
13567,0.002554354490712285
13568,0.0043431613594293594
13569,0.004195369314402342
13570,0.004360508173704147
13571,0.047963012009859085
13572,0.039253294467926025
13573,0.02285228855907917
13574,0.011224347166717052
13575,0.0797976478934288
13576,0.010542224161326885
13577,0.17707416415214539
13578,0.009006530977785587
13579,0.0330241434276104
13580,0.004628821741789579
13581,0.004255416803061962
13582,0.0075432672165334225
13583,0.006717597600072622
13584,0.014729839749634266
13585,0.01299650315195322
13586,0.1559361070394516
13587,0.00465352600440383
13588,0.005589768756181002
13589,0.008440637029707432
13590,0.0035389303229749203
13591,0.019961552694439888
13592,0.004665509797632694
13593,0.0063011059537529945
13594,0.004913608077913523
13595,0.0020673128310590982
13596,0.018355734646320343
13597,0.0330241434276104
13598,0.07011003792285919
13599,0.0035935905762016773
13600,0.0031653488986194134
13601,0.20621129870414734
13602,0.016279345378279686
13603,0.0020741524640470743
13604,0.03561397269368172
13605,0.312250554561615
13606,0.0047114635817706585
13607,0.0024476072285324335
13608,0.008055808022618294
13609,0.8675620555877686
13610,0.018366491422057152
13611,0.012160073965787888
13612,0.01610524021089077
13613,0.004346596077084541
13614,0.003726308699697256
13615,0.012239867821335793
13616,0.003726308699697256
13617,0.003726308699697256
13618,0.01185920462012291
13619,4.755757108796388e-4
13620,0.012170073576271534
13621,0.003726308699697256
13622,0.022663459181785583
13623,0.05349285528063774
13624,0.00752984220162034
13625,0.06580238044261932
13626,0.032874494791030884
13627,0.004495459608733654
13628,0.004518797155469656
13629,6.626901449635625e-4
13630,0.03704170882701874
13631,0.01560232788324356
13632,0.015150516293942928
13633,0.39349067211151123
13634,0.027617964893579483
13635,0.0036748512648046017
13636,0.004195261746644974
13637,0.004195261746644974
13638,0.0022323820739984512
13639,0.004195261746644974
13640,0.005278183612972498
13641,0.015543976798653603
13642,0.011780678294599056
13643,0.015150516293942928
13644,5.436877836473286e-4
13645,0.7649311423301697
13646,0.04551740735769272
13647,0.006406695116311312
13648,0.02391200326383114
13649,0.003740346059203148
13650,0.003740346059203148
13651,0.012415189296007156
13652,0.006350751966238022
13653,0.059473566710948944
13654,0.028127852827310562
13655,0.006530930288136005
13656,0.043848004192113876
13657,0.0129393944516778
13658,0.013446497730910778
13659,0.011538602411746979
13660,0.14821399748325348
13661,0.010497781448066235
13662,5.61149965506047e-4
13663,0.010497781448066235
13664,0.011538602411746979
13665,0.010497781448066235
13666,0.02058287337422371
13667,0.010497781448066235
13668,0.055764324963092804
13669,0.003896266222000122
13670,0.12669208645820618
13671,5.61149965506047e-4
13672,7.019219629000872e-5
13673,0.005391433835029602
13674,0.003772948170080781
13675,0.010996071621775627
13676,0.005391433835029602
13677,3.882807504851371e-4
13678,0.023128079250454903
13679,0.837445855140686
13680,0.009946796111762524
13681,0.0357770174741745
13682,0.0015469762729480863
13683,0.0039962539449334145
13684,0.03837846592068672
13685,2.783468517009169e-4
13686,6.536672590300441e-4
13687,0.027235805988311768
13688,0.08207929134368896
13689,0.004453658126294613
13690,0.004453658126294613
13691,0.006912110839039087
13692,0.0014589396305382252
13693,0.0015462716110050678
13694,0.004453658126294613
13695,0.002506570890545845
13696,0.004453658126294613
13697,0.004453658126294613
13698,0.004453658126294613
13699,0.004453658126294613
13700,0.002953892108052969
13701,0.0015469762729480863
13702,0.004453658126294613
13703,0.004453658126294613
13704,0.002506570890545845
13705,0.004453658126294613
13706,0.002242168178781867
13707,0.0023656131234019995
13708,0.004453658126294613
13709,0.004453658126294613
13710,0.004453658126294613
13711,4.790829843841493e-4
13712,0.0011492314515635371
13713,0.001196242868900299
13714,0.005956371780484915
13715,0.16709120571613312
13716,0.08599504828453064
13717,0.006011203862726688
13718,0.0012425286695361137
13719,0.001196242868900299
13720,0.001196242868900299
13721,0.012899599969387054
13722,0.012899599969387054
13723,0.041377246379852295
13724,0.017494013532996178
13725,0.0697837844491005
13726,0.001196242868900299
13727,0.001196242868900299
13728,5.252545815892518e-4
13729,0.0026271860115230083
13730,0.009081286378204823
13731,0.032852914184331894
13732,0.024454638361930847
13733,0.0016858194721862674
13734,0.008576548658311367
13735,0.00137705251108855
13736,0.007648048922419548
13737,0.008284050971269608
13738,0.008284050971269608
13739,0.004456056281924248
13740,0.0034624889958649874
13741,0.3800305128097534
13742,0.0026271860115230083
13743,0.04468676075339317
13744,0.0026271860115230083
13745,0.0011721407063305378
13746,0.0038639765698462725
13747,0.11681999266147614
13748,0.006008549593389034
13749,0.03651880845427513
13750,0.004637472797185183
13751,0.0178096704185009
13752,0.05354193225502968
13753,0.04064243659377098
13754,0.009170250035822392
13755,0.051712263375520706
13756,0.0040993704460561275
13757,0.822547197341919
13758,0.06002361699938774
13759,0.05899954214692116
13760,0.1395207941532135
13761,0.004613575525581837
13762,0.006873754318803549
13763,0.02313036285340786
13764,0.02301795966923237
13765,0.003224920714274049
13766,0.02301795966923237
13767,0.003921865951269865
13768,0.0071068075485527515
13769,0.00406138738617301
13770,0.006435998249799013
13771,0.010726951994001865
13772,0.016132403165102005
13773,0.010726951994001865
13774,0.04815606772899628
13775,0.005728085059672594
13776,0.014956889674067497
13777,0.04745738208293915
13778,0.014800488017499447
13779,0.23204933106899261
13780,0.06592632085084915
13781,0.04315750673413277
13782,0.0035522778052836657
13783,0.06485256552696228
13784,0.0030020829290151596
13785,0.05577075108885765
13786,0.006229239981621504
13787,0.0043916548602283
13788,0.010461224243044853
13789,0.22520221769809723
13790,0.004375345539301634
13791,0.010461229830980301
13792,0.010461229830980301
13793,0.00842953473329544
13794,0.010461224243044853
13795,0.021300533786416054
13796,0.007364538963884115
13797,0.006703878752887249
13798,0.01806093193590641
13799,0.02084483578801155
13800,0.10021746903657913
13801,0.03112979233264923
13802,0.010461224243044853
13803,0.012284036725759506
13804,0.06459443271160126
13805,0.08962758630514145
13806,0.04618886858224869
13807,4.395834309889324e-7
13808,0.0069634984247386456
13809,0.01343178004026413
13810,0.10746702551841736
13811,0.06671074777841568
13812,0.057891033589839935
13813,0.004171900451183319
13814,0.00772456219419837
13815,0.004726091865450144
13816,0.7289096117019653
13817,0.008667640388011932
13818,0.010166984982788563
13819,0.287982702255249
13820,0.18464289605617523
13821,0.027370160445570946
13822,0.028191102668642998
13823,0.09214488416910172
13824,0.00844994094222784
13825,0.0533006377518177
13826,0.04506459832191467
13827,0.018634241074323654
13828,0.06701933592557907
13829,0.049611177295446396
13830,0.032434288412332535
13831,0.06440648436546326
13832,0.008514841087162495
13833,0.007451673503965139
13834,0.012070246040821075
13835,0.012977066449820995
13836,4.726694605778903e-4
13837,0.012970789335668087
13838,0.0016151729505509138
13839,4.323700559325516e-4
13840,4.323700559325516e-4
13841,4.323700559325516e-4
13842,0.0037532863207161427
13843,0.0754365548491478
13844,0.0016151729505509138
13845,0.16196811199188232
13846,0.0016151729505509138
13847,0.018040096387267113
13848,0.012578042224049568
13849,0.0037532863207161427
13850,0.0016151729505509138
13851,0.007106384262442589
13852,0.0037532863207161427
13853,0.0037532863207161427
13854,0.0037532863207161427
13855,0.0037532844580709934
13856,0.0037532844580709934
13857,0.022846361622214317
13858,0.8559247255325317
13859,0.0037532863207161427
13860,0.005586305167526007
13861,0.0037532863207161427
13862,0.0037532863207161427
13863,0.0037532863207161427
13864,0.0016151729505509138
13865,0.0037532863207161427
13866,0.0037532863207161427
13867,0.37948864698410034
13868,0.010689985938370228
13869,0.007590322755277157
13870,0.007767886854708195
13871,0.44956597685813904
13872,0.0016453468706458807
13873,0.0031273746863007545
13874,0.010424131527543068
13875,0.013303236104547977
13876,0.003577340394258499
13877,0.02369270846247673
13878,0.06125860661268234
13879,0.004280596040189266
13880,0.024628637358546257
13881,0.009102091193199158
13882,0.0031369468197226524
13883,0.006519549060612917
13884,0.0031369468197226524
13885,0.01837555505335331
13886,0.006450601853430271
13887,0.820060133934021
13888,0.0054105473682284355
13889,0.008041326887905598
13890,0.007525666616857052
13891,0.008283556438982487
13892,0.056483373045921326
13893,0.33870837092399597
13894,0.054395172744989395
13895,0.00719706853851676
13896,0.0034423444885760546
13897,0.005865438841283321
13898,0.005865438841283321
13899,0.0035768987145274878
13900,0.4149925112724304
13901,0.005865438841283321
13902,0.01162188034504652
13903,0.005865438841283321
13904,9.266712586395442e-4
13905,0.0539001040160656
13906,0.004258524160832167
13907,0.011718259193003178
13908,0.010482218116521835
13909,0.012814589776098728
13910,0.042301811277866364
13911,0.07152684032917023
13912,0.35358926653862
13913,0.008734994567930698
13914,0.012814589776098728
13915,0.003945005591958761
13916,0.021649114787578583
13917,0.05885958671569824
13918,0.11345088481903076
13919,0.8025577068328857
13920,0.005619029514491558
13921,0.024830635637044907
13922,0.01794986054301262
13923,0.004048746544867754
13924,0.024232566356658936
13925,6.439424469135702e-4
13926,0.8032386898994446
13927,0.002571655670180917
13928,0.30731335282325745
13929,0.050601936876773834
13930,0.007853965274989605
13931,0.006473354529589415
13932,0.004916805308312178
13933,0.0028537334874272346
13934,0.13806815445423126
13935,0.010393341071903706
13936,0.049664147198200226
13937,9.046367486007512e-4
13938,0.013311970047652721
13939,0.03812432661652565
13940,0.0064147780649363995
13941,0.01542288064956665
13942,0.08334986865520477
13943,0.042688798159360886
13944,0.02130744978785515
13945,0.05215374752879143
13946,0.022462569177150726
13947,0.04901032894849777
13948,0.010647802613675594
13949,0.026480751112103462
13950,0.007740891072899103
13951,0.009610259905457497
13952,0.014110302552580833
13953,0.0024375743232667446
13954,0.039431508630514145
13955,0.009591570124030113
13956,0.008245306089520454
13957,0.012142691761255264
13958,0.02119579166173935
13959,0.02119579166173935
13960,0.8763815760612488
13961,0.023823803290724754
13962,0.001919227303005755
13963,0.04509011283516884
13964,0.38052305579185486
13965,0.0018638073233887553
13966,0.010974223725497723
13967,0.010622551664710045
13968,0.03229459002614021
13969,0.016865236684679985
13970,0.002031185431405902
13971,0.0020680755842477083
13972,0.024963149800896645
13973,0.02426612749695778
13974,0.02426612749695778
13975,0.13964281976222992
13976,0.07914261519908905
13977,0.005714817438274622
13978,0.37684544920921326
13979,0.001569313695654273
13980,0.01124555803835392
13981,0.10688696801662445
13982,0.032144442200660706
13983,0.2279171645641327
13984,0.02172444388270378
13985,5.796229061161284e-7
13986,0.009374798275530338
13987,0.012089816853404045
13988,0.0016146240523084998
13989,0.003926163539290428
13990,0.012613262981176376
13991,0.005140659399330616
13992,0.006820478942245245
13993,0.009352443739771843
13994,0.038576263934373856
13995,0.05496940016746521
13996,0.02143944799900055
13997,0.015541685745120049
13998,0.001893899985589087
13999,0.02750328928232193
14000,0.011881296522915363
14001,0.20718222856521606
14002,0.012721444480121136
14003,3.099508467130363e-4
14004,0.02005009725689888
14005,0.007060484495013952
14006,0.022903891280293465
14007,0.011667419224977493
14008,0.00753707205876708
14009,0.008994778618216515
14010,0.028028544038534164
14011,0.030317433178424835
14012,0.00914448220282793
14013,0.037834491580724716
14014,0.023988284170627594
14015,0.011577799916267395
14016,0.002549088327214122
14017,0.01335063111037016
14018,0.003083157353103161
14019,0.0035573551431298256
14020,0.0035573551431298256
14021,0.0035573551431298256
14022,0.0035573551431298256
14023,0.003267148043960333
14024,0.0015854699304327369
14025,2.0154959929641336e-4
14026,0.001094832899980247
14027,0.0035573551431298256
14028,0.0035573551431298256
14029,0.0035573551431298256
14030,0.0015854699304327369
14031,0.0035573551431298256
14032,0.0035573551431298256
14033,0.0015854699304327369
14034,0.001094832899980247
14035,0.0035573551431298256
14036,0.0035573551431298256
14037,0.0035573551431298256
14038,0.5171069502830505
14039,0.0015854699304327369
14040,0.0012652580626308918
14041,8.556646062061191e-4
14042,0.0027742618694901466
14043,0.0027742618694901466
14044,0.001094832899980247
14045,0.001094832899980247
14046,0.0011931844055652618
14047,0.001094832899980247
14048,0.001094832899980247
14049,0.001094832899980247
14050,0.001094832899980247
14051,0.0017102975398302078
14052,0.001094832899980247
14053,2.2262999846134335e-4
14054,0.001094832899980247
14055,0.0015854699304327369
14056,0.001094832899980247
14057,0.001094832899980247
14058,0.001094832899980247
14059,0.001094832899980247
14060,0.001094832899980247
14061,0.001094832899980247
14062,0.0066414461471140385
14063,0.006588445510715246
14064,0.0058157616294920444
14065,0.0058157616294920444
14066,0.006723326630890369
14067,0.004755443427711725
14068,0.03215577080845833
14069,0.03177713230252266
14070,0.025407560169696808
14071,0.004598056431859732
14072,0.060813453048467636
14073,0.012560896575450897
14074,0.007744960952550173
14075,0.001514578820206225
14076,0.14593347907066345
14077,0.18245284259319305
14078,0.020561370998620987
14079,0.03340025246143341
14080,0.008351638913154602
14081,0.0024876310490071774
14082,0.012820935808122158
14083,0.00998662505298853
14084,0.006319959182292223
14085,0.01663966104388237
14086,8.211463573388755e-4
14087,0.011969469487667084
14088,0.006426686886698008
14089,0.13520902395248413
14090,0.13403064012527466
14091,0.007467730436474085
14092,0.792253315448761
14093,0.787808895111084
14094,0.01724257506430149
14095,0.0074369460344314575
14096,0.01285250298678875
14097,0.058687809854745865
14098,0.039776511490345
14099,0.005410042125731707
14100,0.007312653586268425
14101,0.03983659669756889
14102,0.026246635243296623
14103,0.02345285937190056
14104,0.019997689872980118
14105,0.005214045289903879
14106,0.05287127569317818
14107,0.011702358722686768
14108,0.005234779790043831
14109,0.2632571756839752
14110,0.015221680514514446
14111,0.009196683764457703
14112,0.009196683764457703
14113,0.01940605603158474
14114,0.04368586093187332
14115,0.04368586093187332
14116,0.004115650430321693
14117,0.008530882187187672
14118,0.011395598761737347
14119,0.39307740330696106
14120,0.012700967490673065
14121,0.004524368792772293
14122,0.03146153315901756
14123,0.79895782470703125
14124,0.0014524769503623247
14125,0.4674533009529114
14126,0.007930517196655273
14127,0.025944426655769348
14128,0.01139110792428255
14129,0.007438023108989
14130,0.0715218037366867
14131,0.6297184824943542
14132,0.004853196907788515
14133,0.007312653586268425
14134,0.02567525953054428
14135,0.003406970063224435
14136,0.005366112571209669
14137,0.5281994342803955
14138,0.02641596831381321
14139,0.03884856030344963
14140,0.05684749782085419
14141,0.027666907757520676
14142,0.004014958161860704
14143,0.0024674113374203444
14144,0.02384583279490471
14145,0.0021566827781498432
14146,0.05394960939884186
14147,0.012356218881905079
14148,0.02377202734351158
14149,0.008230043575167656
14150,0.008088605478405952
14151,0.008857245557010174
14152,0.010889244265854359
14153,0.004060353618115187
14154,0.001877573668025434
14155,0.024646176025271416
14156,0.7098135352134705
14157,0.03768603131175041
14158,0.10752809792757034
14159,0.0024450330529361963
14160,0.01681039109826088
14161,0.012896492145955563
14162,0.0032343948259949684
14163,0.0032343948259949684
14164,0.22247877717018127
14165,0.003181305481120944
14166,0.008103433065116405
14167,0.004450996872037649
14168,0.778870701789856
14169,0.004450996872037649
14170,0.004450996872037649
14171,0.020034184679389
14172,0.01649187132716179
14173,7.906326209194958e-4
14174,0.005429445765912533
14175,0.4384385347366333
14176,0.009520930238068104
14177,0.043945975601673126
14178,0.006901929154992104
14179,0.7274824380874634
14180,0.010319835506379604
14181,0.008933048695325851
14182,0.004256797954440117
14183,0.028149843215942383
14184,0.05709622800350189
14185,0.0171291995793581
14186,0.00487785879522562
14187,0.00487785879522562
14188,0.8735408782958984
14189,0.12182638794183731
14190,0.08052769303321838
14191,0.029877113178372383
14192,0.006713891867548227
14193,0.006013615056872368
14194,0.39264360070228577
14195,0.09167880564928055
14196,0.009822200983762741
14197,0.026869818568229675
14198,0.06697676330804825
14199,0.02685386687517166
14200,0.02764011174440384
14201,0.019097231328487396
14202,0.0036214275751262903
14203,0.009125150740146637
14204,0.007122245151549578
14205,0.05345572903752327
14206,0.05345572903752327
14207,0.010297720320522785
14208,0.0022925210651010275
14209,0.33969783782958984
14210,0.011578607372939587
14211,0.011353346519172192
14212,0.5732088685035706
14213,0.04644332081079483
14214,0.014817845076322556
14215,0.02881118468940258
14216,0.05438477173447609
14217,0.027452806010842323
14218,0.31646645069122314
14219,0.002745990641415119
14220,0.1733061671257019
14221,0.003086151322349906
14222,0.039458468556404114
14223,0.0023458825889974833
14224,0.8772021532058716
14225,0.06339045614004135
14226,0.008450820110738277
14227,0.9007450938224792
14228,0.9101667404174805
14229,0.3739073574542999
14230,0.009884464554488659
14231,0.011199723929166794
14232,0.08547870814800262
14233,0.058827921748161316
14234,0.00288247037678957
14235,0.6345884203910828
14236,0.004889580421149731
14237,0.008988788351416588
14238,0.872063159942627
14239,0.006535016465932131
14240,0.004661714658141136
14241,0.05244574695825577
14242,0.006471076048910618
14243,0.23320263624191284
14244,0.07084349542856216
14245,0.003832833142951131
14246,0.013539865612983704
14247,0.4424874186515808
14248,0.48541024327278137
14249,0.09557957202196121
14250,0.08175603300333023
14251,0.043719060719013214
14252,0.1055544838309288
14253,0.00808834657073021
14254,0.10757111012935638
14255,0.009655222296714783
14256,0.04679086431860924
14257,0.021539222449064255
14258,0.09875726699829102
14259,0.0700516477227211
14260,6.790457991883159e-4
14261,6.790457991883159e-4
14262,6.790457991883159e-4
14263,0.8544551134109497
14264,0.0960046648979187
14265,0.12717553973197937
14266,0.025028826668858528
14267,0.013659346848726273
14268,0.031221823766827583
14269,0.013636616989970207
14270,0.7089386582374573
14271,6.790451589040458e-4
14272,0.0026269361842423677
14273,0.17325419187545776
14274,0.008907737210392952
14275,0.0034264731220901012
14276,0.038295894861221313
14277,0.009496803395450115
14278,0.08688417822122574
14279,0.9032714366912842
14280,0.4502023756504059
14281,0.010533686727285385
14282,0.08028408139944077
14283,0.07537024468183517
14284,0.004132661037147045
14285,0.04313448816537857
14286,0.0037368277553468943
14287,0.07282084226608276
14288,0.01800478808581829
14289,0.004110128153115511
14290,0.038016341626644135
14291,0.032260406762361526
14292,0.008477116003632545
14293,0.005563119892030954
14294,0.6524364352226257
14295,0.0027176414150744677
14296,0.1703673154115677
14297,0.010517880320549011
14298,0.8991765379905701
14299,0.002628874499350786
14300,0.028450410813093185
14301,0.008486141450703144
14302,0.10918016731739044
14303,0.0037944342475384474
14304,0.012225896120071411
14305,0.030204325914382935
14306,0.0037455183919519186
14307,0.0037455183919519186
14308,0.0037455183919519186
14309,0.003633505431935191
14310,0.0048991115763783455
14311,0.0047655487433075905
14312,0.4205712378025055
14313,0.00830311793833971
14314,0.0038005749229341745
14315,0.008180005475878716
14316,0.0028163467068225145
14317,0.005817057564854622
14318,0.00969390943646431
14319,0.003853506874293089
14320,0.007713357452303171
14321,0.009794535115361214
14322,0.11723192781209946
14323,0.0035883120726794004
14324,0.005167142953723669
14325,0.0029759013559669256
14326,0.01198290940374136
14327,0.007780524902045727
14328,0.4529971480369568
14329,0.008137538097798824
14330,0.22373220324516296
14331,0.14077669382095337
14332,0.11121410131454468
14333,0.004375331103801727
14334,0.009240923449397087
14335,0.23532824218273163
14336,0.014848827384412289
14337,0.6226959228515625
14338,0.3325480818748474
14339,0.014494497328996658
14340,0.8183197379112244
14341,0.026351014152169228
14342,0.009240923449397087
14343,0.013990294188261032
14344,0.0039018704555928707
14345,0.19864022731781006
14346,0.05635334178805351
14347,0.0051942747086286545
14348,0.14678598940372467
14349,0.002371084177866578
14350,0.002371084177866578
14351,0.0013739537680521607
14352,0.008024870418012142
14353,0.020794209092855453
14354,0.004201156087219715
14355,1.418804458808154e-4
14356,0.3310703933238983
14357,0.35831162333488464
14358,0.3828311860561371
14359,0.011098030023276806
14360,0.023062121123075485
14361,0.06814667582511902
14362,0.5878178477287292
14363,0.22377392649650574
14364,0.11284571141004562
14365,0.0037344463635236025
14366,0.008221007883548737
14367,0.12694525718688965
14368,0.0018588373204693198
14369,0.0030861839186400175
14370,0.00254532927647233
14371,0.0483001209795475
14372,0.005476843100041151
14373,0.021156392991542816
14374,0.013407676480710506
14375,0.01856016367673874
14376,0.008732140995562077
14377,0.39926862716674805
14378,0.3746871054172516
14379,0.00263782124966383
14380,0.14677917957305908
14381,0.006425128318369389
14382,0.003906719386577606
14383,0.2039424628019333
14384,3.7455346318893135e-4
14385,0.00301499105989933
14386,6.206337711773813e-4
14387,0.027332603931427002
14388,9.105688513955101e-5
14389,3.7455346318893135e-4
14390,3.153241777908988e-5
14391,0.33782628178596497
14392,0.07219985872507095
14393,0.0077628945000469685
14394,3.04152104035893e-6
14395,0.008768294006586075
14396,0.08604180812835693
14397,0.012185395695269108
14398,0.0932852104306221
14399,0.16989363729953766
14400,0.07774750143289566
14401,0.08558222651481628
14402,0.08558222651481628
14403,0.6808111667633057
14404,0.06307578831911087
14405,0.005163384135812521
14406,0.11983101814985275
14407,0.03989333286881447
14408,0.1431642472743988
14409,0.9064540266990662
14410,0.38161230087280273
14411,0.38698887825012207
14412,0.004069521091878414
14413,0.0044562676921486855
14414,0.08981968462467194
14415,0.6800962686538696
14416,0.13177472352981567
14417,0.004331088624894619
14418,0.5866367220878601
14419,0.006409118417650461
14420,0.09092124551534653
14421,0.02310907654464245
14422,0.02526005357503891
14423,0.013529119081795216
14424,0.22443009912967682
14425,0.03242683783173561
14426,0.05931614339351654
14427,0.5694098472595215
14428,0.022276343777775764
14429,0.5320425629615784
14430,0.10203153640031815
14431,0.041368622332811356
14432,0.04193738475441933
14433,0.13198181986808777
14434,0.012831773608922958
14435,0.060703080147504807
14436,0.015078420750796795
14437,0.24764709174633026
14438,0.3292478024959564
14439,0.0051663899794220924
14440,0.5225693583488464
14441,0.07575922459363937
14442,0.011998715810477734
14443,0.001123263267800212
14444,0.02289329655468464
14445,0.059779562056064606
14446,0.0019517842447385192
14447,0.0032675706315785646
14448,0.011646696366369724
14449,0.01411421038210392
14450,0.07746751606464386
14451,0.01411421038210392
14452,0.8421041369438171
14453,0.46637457609176636
14454,0.009700429625809193
14455,0.19270193576812744
14456,0.7274419069290161
14457,0.007119270972907543
14458,0.002046306151896715
14459,0.004859651438891888
14460,0.5270599126815796
14461,0.18730562925338745
14462,0.0017071317415684462
14463,0.05114056542515755
14464,0.11117581278085709
14465,0.010117552243173122
14466,2.2384751355275512e-4
14467,0.22224095463752747
14468,0.003748904448002577
14469,0.011684322729706764
14470,0.8676586747169495
14471,0.18371468782424927
14472,0.0053074294701218605
14473,0.813391387462616
14474,0.7389649152755737
14475,0.32908153533935547
14476,0.008725086227059364
14477,0.010899854823946953
14478,0.0181890819221735
14479,0.14380839467048645
14480,0.012975802645087242
14481,0.4095432758331299
14482,0.03138759732246399
14483,0.014222025871276855
14484,0.3340705633163452
14485,0.0023928394075483084
14486,0.0076072909869253635
14487,0.0076072909869253635
14488,0.0076072909869253635
14489,0.0021452049259096384
14490,0.001085240626707673
14491,0.006314853206276894
14492,1.2788487765647005e-5
14493,0.04526389762759209
14494,0.01652718335390091
14495,0.09010090678930283
14496,0.06417771428823471
14497,0.007295046001672745
14498,0.0018475994002074003
14499,0.0071372659876942635
14500,0.5173723697662354
14501,0.008250982500612736
14502,0.11304939538240433
14503,0.009500271640717983
14504,0.00907836388796568
14505,0.018443049862980843
14506,0.009752126410603523
14507,0.01677321083843708
14508,0.17030614614486694
14509,0.06077263131737709
14510,0.010289606638252735
14511,0.33736464381217957
14512,0.8713761568069458
14513,0.017928406596183777
14514,0.0034561010543257
14515,0.017928406596183777
14516,0.04162145033478737
14517,0.0032742598559707403
14518,0.002351592294871807
14519,0.047908514738082886
14520,0.4214787781238556
14521,0.027256356552243233
14522,0.0033970626536756754
14523,0.22267499566078186
14524,0.22267499566078186
14525,8.953826181823388e-6
14526,0.2764364778995514
14527,0.00907836388796568
14528,0.41649407148361206
14529,0.00867086835205555
14530,0.01724160462617874
14531,0.008768918924033642
14532,9.508898415333533e-7
14533,0.006205723155289888
14534,0.9030343294143677
14535,0.021322181448340416
14536,0.12440989911556244
14537,0.729374885559082
14538,4.1537536890245974e-4
14539,0.020381242036819458
14540,0.007863415405154228
14541,0.29662516713142395
14542,0.1741599440574646
14543,0.004746859893202782
14544,0.5017803311347961
14545,0.056178268045186996
14546,0.009745929390192032
14547,0.013225391507148743
14548,0.023523425683379173
14549,0.0015724989352747798
14550,0.007160425651818514
14551,0.008506295271217823
14552,0.0035517564974725246
14553,0.0035517564974725246
14554,0.0035517564974725246
14555,0.022788625210523605
14556,0.0035517564974725246
14557,0.0035517564974725246
14558,0.0035517564974725246
14559,0.0035517564974725246
14560,0.003426105249673128
14561,0.02630012296140194
14562,0.006148229818791151
14563,0.26079410314559937
14564,0.0035517564974725246
14565,0.0035517564974725246
14566,0.0035517564974725246
14567,0.0035517564974725246
14568,0.0035517564974725246
14569,0.008300959132611752
14570,0.0035517564974725246
14571,0.006148229818791151
14572,0.006148229818791151
14573,0.0035517564974725246
14574,0.0035517564974725246
14575,0.0035517564974725246
14576,0.1249905601143837
14577,0.0035517564974725246
14578,0.0035517564974725246
14579,0.9083967208862305
14580,0.0035517564974725246
14581,0.0035517564974725246
14582,0.0034261085093021393
14583,0.01290063839405775
14584,1.667365177127067e-5
14585,1.667365177127067e-5
14586,2.1314290279406123e-6
14587,1.667365177127067e-5
14588,1.8539702068665065e-5
14589,1.8539702068665065e-5
14590,1.667365177127067e-5
14591,1.667365177127067e-5
14592,1.667365177127067e-5
14593,1.667365177127067e-5
14594,0.6714889407157898
14595,0.004811414517462254
14596,0.009429107420146465
14597,0.15665218234062195
14598,0.08587174862623215
14599,0.005701196845620871
14600,0.010735290125012398
14601,0.025386394932866096
14602,0.01294939685612917
14603,0.012416410259902477
14604,0.008700158447027206
14605,0.011753608472645283
14606,0.006607994902879
14607,0.006801325362175703
14608,0.0028425869531929493
14609,0.023904774338006973
14610,0.013689040206372738
14611,0.8901327252388
14612,0.006801325362175703
14613,0.006801325362175703
14614,0.061631474643945694
14615,0.008488518185913563
14616,0.09112425148487091
14617,0.31722980737686157
14618,0.0078049651347100735
14619,0.13705874979496002
14620,0.0075724017806351185
14621,0.7335875034332275
14622,0.07708444446325302
14623,0.07073798775672913
14624,0.07211188971996307
14625,0.003306451952084899
14626,0.0018399575492367148
14627,0.003772953525185585
14628,0.004060559906065464
14629,0.008426935411989689
14630,0.5716710090637207
14631,0.1755143254995346
14632,0.1324894279241562
14633,0.004163037054240704
14634,0.007338737137615681
14635,0.2337632179260254
14636,0.8793829679489136
14637,0.052609506994485855
14638,0.008185540325939655
14639,0.009193451143801212
14640,0.7342532277107239
14641,0.0034456553403288126
14642,0.0035177695099264383
14643,0.0036439693067222834
14644,0.004377533216029406
14645,0.029113972559571266
14646,0.021124225109815598
14647,0.032652392983436584
14648,0.0040715835057199
14649,0.6833831667900085
14650,2.4736608611419797e-4
14651,0.873088002204895
14652,0.016172686591744423
14653,0.16106592118740082
14654,0.07271474599838257
14655,0.7281728982925415
14656,0.04945329204201698
14657,0.008965693414211273
14658,0.011544276960194111
14659,0.008604191243648529
14660,0.034170668572187424
14661,0.04497278109192848
14662,0.051073335111141205
14663,0.17208868265151978
14664,0.010994582436978817
14665,0.7142611742019653
14666,0.06542664021253586
14667,0.11119397729635239
14668,0.4361201226711273
14669,0.10556475818157196
14670,0.8761976957321167
14671,0.007911580614745617
14672,0.06816432625055313
14673,0.015884926542639732
14674,0.007911580614745617
14675,0.006629474461078644
14676,0.007879308424890041
14677,0.004681835416704416
14678,0.010241813026368618
14679,0.007996493019163609
14680,0.0078174052760005
14681,0.6173564195632935
14682,0.00833884533494711
14683,0.012701463885605335
14684,0.06690804660320282
14685,0.011833760887384415
14686,0.009520381689071655
14687,0.011833760887384415
14688,0.007287794258445501
14689,0.013248362578451633
14690,0.026004357263445854
14691,0.024696186184883118
14692,0.1174689307808876
14693,0.02068752609193325
14694,0.004522225819528103
14695,0.11399754136800766
14696,0.08872554451227188
14697,0.008340691216289997
14698,0.6608074307441711
14699,0.011737286113202572
14700,0.15652932226657867
14701,0.006474209483712912
14702,0.0024978111032396555
14703,0.33880260586738586
14704,0.29560691118240356
14705,0.7480669021606445
14706,0.21629324555397034
14707,0.3932321071624756
14708,0.09917933493852615
14709,0.0022755772806704044
14710,0.014424142427742481
14711,0.035493846982717514
14712,0.6687145829200745
14713,0.05175330489873886
14714,0.8846029043197632
14715,0.008355648256838322
14716,0.005437268875539303
14717,0.017689939588308334
14718,0.005437268875539303
14719,0.027003681287169456
14720,0.04428809508681297
14721,0.06296149641275406
14722,0.005474054720252752
14723,0.012670955620706081
14724,0.0067765964195132256
14725,0.0067765964195132256
14726,0.007716507650911808
14727,0.007716507650911808
14728,0.007716507650911808
14729,0.0067765964195132256
14730,0.007716507650911808
14731,0.0067765964195132256
14732,0.0067765964195132256
14733,0.0067765964195132256
14734,0.005018111318349838
14735,0.40639886260032654
14736,0.005018111318349838
14737,0.0067765964195132256
14738,0.0067765964195132256
14739,0.5061495304107666
14740,0.005018111318349838
14741,0.005018111318349838
14742,0.0067765964195132256
14743,0.0067765964195132256
14744,0.01831807754933834
14745,0.5543206334114075
14746,0.4327716529369354
14747,0.0067765964195132256
14748,0.005294155329465866
14749,4.809947768080747e-6
14750,2.8059280339221004e-6
14751,1.3241171927802498e-6
14752,1.0106689387612278e-6
14753,3.7606309888360556e-7
14754,0.331650972366333
14755,0.052944544702768326
14756,0.038395002484321594
14757,0.06427294760942459
14758,0.22635416686534882
14759,0.005052405875176191
14760,0.1108441948890686
14761,0.07039784640073776
14762,0.00872784573584795
14763,0.006351976189762354
14764,0.031471144407987595
14765,0.011714916676282883
14766,0.0031200158409774303
14767,0.0015388240572065115
14768,0.05282143875956535
14769,0.024004941806197166
14770,9.038450079970062e-4
14771,1.8074196123052388e-4
14772,1.379772129439516e-5
14773,0.00856039859354496
14774,0.48547911643981934
14775,0.003876538248732686
14776,0.0038570030592381954
14777,9.391896892338991e-4
14778,2.4927742197178304e-4
14779,0.008190671913325787
14780,0.007446388714015484
14781,0.8367505073547363
14782,0.004041718784719706
14783,0.0065138996578752995
14784,0.007220461964607239
14785,0.0023820074275135994
14786,0.0024076392874121666
14787,0.018791280686855316
14788,0.5465319752693176
14789,0.33630797266960144
14790,0.005809110123664141
14791,0.004518647212535143
14792,0.0253202635794878
14793,0.01533818244934082
14794,0.006365376524627209
14795,1.519881043350324e-4
14796,2.546262976466096e-6
14797,2.292477574883378e-6
14798,7.486083859475912e-7
14799,4.319065851632331e-7
14800,0.006296349223703146
14801,0.26796630024909973
14802,0.006115916650742292
14803,0.011661031283438206
14804,0.20712435245513916
14805,0.28232330083847046
14806,0.011799279600381851
14807,0.002102280268445611
14808,0.018236177042126656
14809,0.0103748869150877
14810,0.00814859103411436
14811,0.003912217915058136
14812,0.0074034701101481915
14813,0.04560167342424393
14814,0.03126172348856926
14815,0.04560168460011482
14816,0.10389497131109238
14817,0.36386483907699585
14818,0.7041069269180298
14819,0.2952016294002533
14820,0.01886729523539543
14821,0.08297456800937653
14822,0.2520752549171448
14823,0.8061701655387878
14824,0.0629759132862091
14825,0.36549609899520874
14826,0.5736127495765686
14827,0.14893220365047455
14828,0.007924120873212814
14829,0.06940227001905441
14830,0.010637685656547546
14831,0.06117512285709381
14832,0.022237814962863922
14833,0.06117512285709381
14834,0.027803482487797737
14835,0.3058910071849823
14836,0.004191034939140081
14837,0.012313990853726864
14838,0.728871762752533
14839,0.2364908754825592
14840,0.3748948574066162
14841,0.023450778797268867
14842,0.1943155825138092
14843,0.012500131502747536
14844,0.026543283835053444
14845,0.18370915949344635
14846,0.002829662524163723
14847,0.6645641326904297
14848,0.017640074715018272
14849,0.8979141116142273
14850,0.003218755591660738
14851,0.0874878391623497
14852,0.08281320333480835
14853,0.0028587731067091227
14854,0.009659304283559322
14855,0.09557794779539108
14856,0.3340400457382202
14857,0.0036835966166108847
14858,0.0035014082677662373
14859,0.005066140554845333
14860,0.04967835173010826
14861,0.31733113527297974
14862,0.273327112197876
14863,0.900852620601654
14864,0.011814911849796772
14865,0.31550291180610657
14866,0.008966298773884773
14867,0.11166165769100189
14868,0.11166165769100189
14869,0.027488965541124344
14870,0.0033612872939556837
14871,0.006971941329538822
14872,0.0031592457089573145
14873,0.005831611808389425
14874,0.00365639990195632
14875,0.008903578855097294
14876,0.008903578855097294
14877,0.8876270651817322
14878,0.007250026799738407
14879,0.06170481815934181
14880,0.03102356195449829
14881,0.31462639570236206
14882,0.02350706234574318
14883,0.008800487965345383
14884,0.010175313800573349
14885,0.09443662315607071
14886,0.06978598237037659
14887,0.008941685780882835
14888,0.8878177404403687
14889,0.28311899304389954
14890,0.017960818484425545
14891,0.012521037831902504
14892,0.0047301240265369415
14893,0.007250026799738407
14894,0.038069888949394226
14895,0.007543228100985289
14896,0.0020883360411971807
14897,8.559744455851614e-4
14898,0.009859687648713589
14899,0.010123815387487411
14900,0.02893015183508396
14901,0.09117305278778076
14902,0.1495501846075058
14903,0.058504607528448105
14904,0.08438009768724442
14905,0.05183529108762741
14906,0.013849073089659214
14907,0.8059135675430298
14908,0.017795709893107414
14909,0.00711878901347518
14910,0.004475495778024197
14911,0.8771832585334778
14912,0.003663786919787526
14913,0.12986089289188385
14914,0.1274644434452057
14915,0.011017690412700176
14916,0.0030023257713764906
14917,0.0022619792725890875
14918,0.1114567369222641
14919,0.7334975004196167
14920,0.1671396791934967
14921,0.007729563862085342
14922,0.16228452324867249
14923,0.112663134932518
14924,0.003882012329995632
14925,0.008072557859122753
14926,0.10794283449649811
14927,0.011135414242744446
14928,0.8789308071136475
14929,0.028744038194417953
14930,0.013536324724555016
14931,0.36147379875183105
14932,0.7259073853492737
14933,0.25180885195732117
14934,0.4206095039844513
14935,0.3509478271007538
14936,0.05372125655412674
14937,0.8857646584510803
14938,0.008993007242679596
14939,0.008993007242679596
14940,0.18902836740016937
14941,0.06133062392473221
14942,0.3227270841598511
14943,0.015549967996776104
14944,0.09830346703529358
14945,0.008508643135428429
14946,0.003907166421413422
14947,0.09299946576356888
14948,0.01040541660040617
14949,0.07212385535240173
14950,0.0040397485718131065
14951,0.35833683609962463
14952,0.09167852997779846
14953,0.046161774545907974
14954,0.003532139817252755
14955,0.0040397485718131065
14956,0.0040397485718131065
14957,0.004621691070497036
14958,0.06711438298225403
14959,0.0040397485718131065
14960,0.0040397485718131065
14961,0.06386183947324753
14962,0.06386183947324753
14963,0.01320869941264391
14964,0.3317796289920807
14965,0.05526353046298027
14966,2.372944685191669e-8
14967,2.1216283130343072e-7
14968,6.831229626413915e-8
14969,2.1216283130343072e-7
14970,2.372944685191669e-8
14971,0.07517906278371811
14972,0.12228656560182571
14973,0.38943541049957275
14974,0.877034068107605
14975,0.007071016356348991
14976,0.0032627119217067957
14977,0.07984268665313721
14978,0.01216164417564869
14979,0.012464101426303387
14980,0.43238115310668945
14981,0.010606136173009872
14982,0.009654360823333263
14983,0.11723876744508743
14984,0.02539113536477089
14985,0.009834387339651585
14986,0.7516942024230957
14987,0.07314879447221756
14988,0.009923292323946953
14989,0.9105506539344788
14990,0.0022035555448383093
14991,0.0028388816863298416
14992,0.055181048810482025
14993,0.41790854930877686
14994,0.012350714765489101
14995,0.011310922913253307
14996,0.18022607266902924
14997,0.009334061294794083
14998,0.010177052579820156
14999,0.00988946482539177
15000,0.490853488445282
15001,0.00713235791772604
15002,0.13623954355716705
15003,0.3140551745891571
15004,0.06355436891317368
15005,0.05699865520000458
15006,0.06368602812290192
15007,0.05296684801578522
15008,0.18562105298042297
15009,0.010155641473829746
15010,0.04840017482638359
15011,0.07863888144493103
15012,0.003333060536533594
15013,0.003835854819044471
15014,0.0021663547959178686
15015,0.34423142671585083
15016,0.21997642517089844
15017,0.20803862810134888
15018,0.28894490003585815
15019,0.0030668526887893677
15020,0.4172905385494232
15021,0.06928554177284241
15022,0.24321869015693665
15023,0.5984395742416382
15024,0.06662919372320175
15025,0.0723949745297432
15026,0.029876908287405968
15027,0.0723949745297432
15028,0.02223409339785576
15029,0.7754160165786743
15030,0.009010324254631996
15031,0.17741595208644867
15032,0.0723949745297432
15033,0.24261467158794403
15034,0.189896821975708
15035,0.004614771343767643
15036,0.014508385211229324
15037,0.011654257774353027
15038,0.02085951901972294
15039,0.10856082290410995
15040,0.00984292570501566
15041,0.0014908895827829838
15042,0.8958200216293335
15043,0.14922723174095154
15044,8.652976248413324e-4
15045,0.07187333703041077
15046,0.8755324482917786
15047,0.8955942392349243
15048,0.023350220173597336
15049,0.1635635495185852
15050,0.0188570749014616
15051,0.02281484752893448
15052,0.221094012260437
15053,0.4623190760612488
15054,0.0035057414788752794
15055,0.09547889977693558
15056,0.012174678035080433
15057,0.004579130094498396
15058,0.06736235320568085
15059,0.010074738413095474
15060,0.09892934560775757
15061,0.8434489369392395
15062,0.0968623012304306
15063,0.27345675230026245
15064,0.3531711995601654
15065,0.1080787256360054
15066,0.06474467366933823
15067,0.3650035858154297
15068,0.09800774604082108
15069,0.13205896317958832
15070,0.07773683220148087
15071,0.07683125138282776
15072,0.10978858172893524
15073,0.019098423421382904
15074,0.17489486932754517
15075,0.06383063644170761
15076,0.06568693369626999
15077,0.37146326899528503
15078,0.03524265065789223
15079,0.013575826771557331
15080,0.14079438149929047
15081,0.04842204228043556
15082,0.10386519134044647
15083,0.001757248886860907
15084,0.1788022369146347
15085,0.006200243253260851
15086,0.13960251212120056
15087,0.013512227684259415
15088,0.06061205267906189
15089,0.009311416186392307
15090,0.010304342024028301
15091,0.20124128460884094
15092,0.2240368127822876
15093,0.07383453100919724
15094,0.007071943953633308
15095,0.07463105022907257
15096,0.8961123824119568
15097,0.010991689749062061
15098,0.011733939871191978
15099,0.09698126465082169
15100,0.1811613291501999
15101,0.007397725246846676
15102,0.003294092370197177
15103,0.001722801593132317
15104,2.5846139760687947e-4
15105,0.1060931384563446
15106,0.011420362628996372
15107,0.06125957891345024
15108,0.494660347700119
15109,0.7424805760383606
15110,0.8066368699073792
15111,0.22282370924949646
15112,0.013909328728914261
15113,0.06895390897989273
15114,0.10329877585172653
15115,0.002913878997787833
15116,0.048167042434215546
15117,0.058520130813121796
15118,0.023805368691682816
15119,0.8323309421539307
15120,0.012232900597155094
15121,0.8944501876831055
15122,0.11585783213376999
15123,0.013560637831687927
15124,0.09371833503246307
15125,0.005267249420285225
15126,0.005267249420285225
15127,0.005267249420285225
15128,0.005267249420285225
15129,0.009010369889438152
15130,0.005267249420285225
15131,0.005267249420285225
15132,0.03696759417653084
15133,0.025381676852703094
15134,0.005267249420285225
15135,0.005267249420285225
15136,0.027470169588923454
15137,0.005267249420285225
15138,0.005267249420285225
15139,0.005267249420285225
15140,0.005267249420285225
15141,0.005267249420285225
15142,0.0036710528656840324
15143,0.12043828517198563
15144,0.0583980493247509
15145,0.8714003562927246
15146,0.033860642462968826
15147,0.4867289364337921
15148,0.04781876131892204
15149,0.04781876131892204
15150,0.04781876131892204
15151,0.009595412760972977
15152,0.014399751089513302
15153,0.003672847291454673
15154,0.009733079932630062
15155,0.07633181661367416
15156,0.019830022007226944
15157,0.007339247968047857
15158,0.008012508973479271
15159,0.026275480166077614
15160,0.32322072982788086
15161,0.22316554188728333
15162,0.1818433403968811
15163,0.008637589402496815
15164,0.04681241512298584
15165,0.6498015522956848
15166,0.014313828200101852
15167,0.00283293379470706
15168,0.8832831382751465
15169,0.0028797113336622715
15170,0.02649514377117157
15171,0.02649514377117157
15172,0.012551851570606232
15173,0.00446281535550952
15174,0.0032060991507023573
15175,0.014343791641294956
15176,0.002262166701257229
15177,0.06331632286310196
15178,0.07968423515558243
15179,0.003661255119368434
15180,0.008900448679924011
15181,0.007134157232940197
15182,0.01029729750007391
15183,0.00939972698688507
15184,0.07126793265342712
15185,0.015207341872155666
15186,0.010184476152062416
15187,0.8921276926994324
15188,0.659681499004364
15189,0.1920606642961502
15190,0.017285596579313278
15191,0.046776384115219116
15192,0.008812080137431622
15193,0.2970213294029236
15194,0.026650579646229744
15195,0.06157587841153145
15196,0.003500652965158224
15197,0.11423102766275406
15198,0.27337321639060974
15199,0.1821308434009552
15200,0.20852969586849213
15201,0.0014994629891589284
15202,0.003873386885970831
15203,0.08023388683795929
15204,0.03241828829050064
15205,0.0019576000049710274
15206,0.15488937497138977
15207,0.044875405728816986
15208,0.012732426635921001
15209,0.003006654791533947
15210,0.011505886912345886
15211,0.012112454511225224
15212,0.1269591748714447
15213,0.013133774511516094
15214,0.005259444937109947
15215,0.0017001801170408726
15216,0.007128417957574129
15217,0.005195646546781063
15218,0.005011113826185465
15219,0.28690722584724426
15220,0.004568212199956179
15221,0.009646289981901646
15222,0.07209353893995285
15223,0.06857211142778397
15224,0.8952470421791077
15225,0.010835674591362476
15226,0.009507166221737862
15227,0.06818272918462753
15228,0.005473773926496506
15229,0.732618510723114
15230,0.46210625767707825
15231,0.08536449819803238
15232,0.055789846926927567
15233,0.06818272918462753
15234,0.06818272918462753
15235,0.13096323609352112
15236,0.0025090135168284178
15237,0.028421124443411827
15238,0.012497342191636562
15239,0.010668911971151829
15240,0.0820489376783371
15241,0.1663336455821991
15242,0.009791417978703976
15243,0.07490286231040955
15244,0.024169381707906723
15245,0.897927463054657
15246,0.011006965301930904
15247,0.10338436812162399
15248,0.32017824053764343
15249,0.36358126997947693
15250,0.20676521956920624
15251,0.010066048242151737
15252,0.007122022565454245
15253,6.924453191459179e-4
15254,0.006259969435632229
15255,0.01625813916325569
15256,0.0022790206130594015
15257,0.0017089156899601221
15258,0.28616446256637573
15259,0.3534010648727417
15260,0.001849839580245316
15261,0.18246698379516602
15262,4.0791132050799206e-5
15263,5.711948688258417e-6
15264,5.984409199299989e-7
15265,5.205517368267465e-7
15266,0.021293004974722862
15267,0.006701732520014048
15268,0.0024405899457633495
15269,0.03348829969763756
15270,0.14153741300106049
15271,0.011531034484505653
15272,0.06975831836462021
15273,0.08815300464630127
15274,0.011813472025096416
15275,0.01525192242115736
15276,0.7982164025306702
15277,0.7387171983718872
15278,0.010183010250329971
15279,0.7767126560211182
15280,0.8903242349624634
15281,0.01730780489742756
15282,0.013553794473409653
15283,0.20180125534534454
15284,0.004440526477992535
15285,0.17565257847309113
15286,0.042637214064598083
15287,0.003073505125939846
15288,0.007662342395633459
15289,0.005501065868884325
15290,0.08142073452472687
15291,0.17538383603096008
15292,0.02711438573896885
15293,0.02395501732826233
15294,0.09429848194122314
15295,0.025563955307006836
15296,0.027138609439134598
15297,0.0032217646948993206
15298,0.03953876346349716
15299,0.010298220440745354
15300,0.004603118635714054
15301,0.017554378136992455
15302,0.020676884800195694
15303,0.008170897141098976
15304,0.04280427470803261
15305,0.007486145012080669
15306,0.007486145012080669
15307,0.005748367868363857
15308,0.0024830654729157686
15309,0.007486145012080669
15310,0.06782373040914536
15311,0.007486145012080669
15312,0.007486145012080669
15313,9.696721099317074e-4
15314,0.007486145012080669
15315,0.83195960521698
15316,0.007486145012080669
15317,0.1304473876953125
15318,0.007486145012080669
15319,0.10262986272573471
15320,0.004114059265702963
15321,0.0243080947548151
15322,0.025452524423599243
15323,0.135189026594162
15324,0.00995110347867012
15325,0.026667656376957893
15326,0.10155970603227615
15327,0.07341921329498291
15328,0.37647199630737305
15329,0.03350841626524925
15330,0.027092890813946724
15331,0.003813820192590356
15332,0.1408487856388092
15333,0.004409089684486389
15334,0.008176823146641254
15335,0.002987135900184512
15336,0.23885752260684967
15337,0.0018034823006018996
15338,0.01328661572188139
15339,0.010034438222646713
15340,0.012555256485939026
15341,0.0656338706612587
15342,0.024506701156497
15343,0.09622253477573395
15344,0.07756336033344269
15345,0.007137898355722427
15346,0.05042221024632454
15347,0.02984565868973732
15348,0.008954908698797226
15349,0.06166057661175728
15350,0.07194029539823532
15351,0.003783054184168577
15352,0.005964239593595266
15353,0.03228243812918663
15354,0.0021459043491631746
15355,0.7880917191505432
15356,0.003944007214158773
15357,0.05674474686384201
15358,0.05864853784441948
15359,0.2465846836566925
15360,0.002732177497819066
15361,0.04949212819337845
15362,0.021609444171190262
15363,0.11587020009756088
15364,0.03516966477036476
15365,0.01001841202378273
15366,0.005317993462085724
15367,0.008206835947930813
15368,0.0014292008709162474
15369,8.748422842472792e-4
15370,4.387682201922871e-5
15371,9.236350888386369e-5
15372,0.11807860434055328
15373,0.006043989211320877
15374,0.003277725772932172
15375,0.02057906799018383
15376,0.006383568048477173
15377,0.735878050327301
15378,0.12101680785417557
15379,0.01607215590775013
15380,0.030577080324292183
15381,0.011830662377178669
15382,0.0011635287664830685
15383,0.03153565153479576
15384,0.005784179549664259
15385,0.0010942926164716482
15386,3.608364495448768e-4
15387,1.2861100549343973e-4
15388,0.005974536295980215
15389,0.003711563302204013
15390,1.3278110418468714e-4
15391,0.018222438171505928
15392,0.5917118787765503
15393,0.003775311168283224
15394,0.003294092370197177
15395,0.0014191516675055027
15396,4.120913799852133e-4
15397,0.07815518975257874
15398,0.6057173609733582
15399,0.02293528988957405
15400,0.028719300404191017
15401,0.004857715219259262
15402,0.010188971646130085
15403,0.013607996515929699
15404,0.046814192086458206
15405,0.11997328698635101
15406,0.010809812694787979
15407,0.0027339919470250607
15408,0.012635784223675728
15409,0.009853145107626915
15410,0.0023622359149158
15411,0.08034129440784454
15412,0.12797917425632477
15413,0.09807514399290085
15414,0.888966977596283
15415,0.017536090686917305
15416,0.00297875190153718
15417,0.00204333639703691
15418,0.02519427239894867
15419,0.006977166049182415
15420,0.08000773936510086
15421,0.010680724866688251
15422,0.010579648427665234
15423,0.002588641596958041
15424,0.08350492268800735
15425,0.003756452351808548
15426,0.009353676810860634
15427,0.022849712520837784
15428,0.0026684612967073917
15429,0.021698860451579094
15430,0.09767622500658035
15431,0.01245334092527628
15432,0.002396438969299197
15433,0.012636075727641582
15434,0.03947378695011139
15435,0.01805555820465088
15436,0.12021823972463608
15437,0.019181445240974426
15438,0.09035764634609222
15439,0.7425026297569275
15440,0.003346550278365612
15441,0.05918003246188164
15442,0.019716469570994377
15443,0.08681625872850418
15444,0.006980083882808685
15445,0.00870455987751484
15446,0.07700105756521225
15447,0.006352389231324196
15448,0.007385564036667347
15449,0.0029517554212361574
15450,0.007081660442054272
15451,0.011164335533976555
15452,0.004441496450453997
15453,0.015481705777347088
15454,0.012129908427596092
15455,0.028562596067786217
15456,0.0019904589280486107
15457,0.011005466803908348
15458,0.014194668270647526
15459,0.0065368181094527245
15460,0.01188221387565136
15461,0.0200788676738739
15462,0.02257782407104969
15463,0.0019176524365320802
15464,0.007643894758075476
15465,0.007661305833607912
15466,0.004761387128382921
15467,0.02201656624674797
15468,0.01598980836570263
15469,0.012905655428767204
15470,0.685074508190155
15471,0.011910492554306984
15472,0.04684615880250931
15473,0.013483008369803429
15474,0.020432965829968452
15475,0.01128374319523573
15476,0.011969092302024364
15477,0.006538149435073137
15478,0.019665898755192757
15479,0.00522792199626565
15480,0.006571825593709946
15481,0.012259749695658684
15482,0.09587831795215607
15483,0.0013188292505219579
15484,0.22798755764961243
15485,0.003072140971198678
15486,0.002185185207054019
15487,0.0013188292505219579
15488,0.003072140971198678
15489,0.002986343577504158
15490,0.009049438871443272
15491,0.012753837741911411
15492,0.00839069951325655
15493,0.0031483459752053022
15494,0.07429266721010208
15495,0.025885971263051033
15496,0.011313390918076038
15497,0.741887629032135
15498,0.002679758006706834
15499,0.010949988849461079
15500,0.0028139236383140087
15501,0.0028139236383140087
15502,0.01960207149386406
15503,0.0014688833616673946
15504,0.0027334224432706833
15505,0.004527922719717026
15506,0.09455420076847076
15507,0.8438758254051208
15508,0.006315259728580713
15509,0.0754028931260109
15510,0.01782001554965973
15511,0.026747675612568855
15512,0.003984252922236919
15513,0.0028139236383140087
15514,0.04456229880452156
15515,0.15089114010334015
15516,0.007349731866270304
15517,0.009008986875414848
15518,0.10422702133655548
15519,0.11499127745628357
15520,0.022882089018821716
15521,2.384057588642463e-4
15522,0.013357617892324924
15523,0.021120864897966385
15524,0.00365891819819808
15525,0.012336327694356441
15526,2.384057588642463e-4
15527,0.0020145769231021404
15528,0.2896234393119812
15529,0.012817087583243847
15530,0.04754235967993736
15531,0.011538407765328884
15532,0.00837799347937107
15533,0.08009229600429535
15534,0.02570662461221218
15535,0.43214690685272217
15536,0.0055170985870063305
15537,0.005595143418759108
15538,0.028744030743837357
15539,0.01508062332868576
15540,0.00607239780947566
15541,0.02443062886595726
15542,0.005846268497407436
15543,0.011363647878170013
15544,0.011944502592086792
15545,0.006164438556879759
15546,0.005677781533449888
15547,0.03522489592432976
15548,0.008647746406495571
15549,0.22750627994537354
15550,0.010168684646487236
15551,0.0027449869085103273
15552,0.08043599873781204
15553,0.0027800947427749634
15554,0.30553290247917175
15555,0.005196507088840008
15556,0.019211268052458763
15557,0.009445449337363243
15558,0.008146344684064388
15559,0.006817465182393789
15560,0.010236764326691628
15561,0.1867230385541916
15562,0.002354754600673914
15563,0.008823090232908726
15564,0.005063761491328478
15565,0.001582013675943017
15566,0.023271236568689346
15567,0.0015420450363308191
15568,0.015389963053166866
15569,0.011867125518620014
15570,0.0022871787659823895
15571,0.027305331081151962
15572,0.003567204112187028
15573,0.005226932466030121
15574,0.012390143238008022
15575,0.0013677445240318775
15576,0.006961105857044458
15577,0.011102604679763317
15578,0.02521367371082306
15579,0.004129942040890455
15580,0.009988930076360703
15581,0.016865309327840805
15582,0.020363064482808113
15583,0.00824615266174078
15584,0.13728933036327362
15585,0.012245393358170986
15586,0.017243068665266037
15587,0.08975063264369965
15588,0.021150043234229088
15589,0.36597397923469543
15590,0.0024802808184176683
15591,0.024365650489926338
15592,0.01406172290444374
15593,0.045880332589149475
15594,0.005519650410860777
15595,0.005055676680058241
15596,0.012917128391563892
15597,0.00869051180779934
15598,0.4649192690849304
15599,0.014444912783801556
15600,0.011283816769719124
15601,0.0019622421823441982
15602,4.984862171113491e-4
15603,0.027287302538752556
15604,2.990521606989205e-4
15605,0.010138366371393204
15606,0.005267594009637833
15607,0.0035130323376506567
15608,0.006496322341263294
15609,0.24826502799987793
15610,0.0019622421823441982
15611,0.0035130323376506567
15612,0.0035130323376506567
15613,0.0035130323376506567
15614,0.0035130323376506567
15615,0.11177868396043777
15616,0.0035130323376506567
15617,0.009357410483062267
15618,0.0011963368160650134
15619,0.830864667892456
15620,0.008760124444961548
15621,0.38275033235549927
15622,0.025807451456785202
15623,0.006560783367604017
15624,0.006560783367604017
15625,0.4155901074409485
15626,0.0024815930519253016
15627,0.03702440857887268
15628,0.01477164775133133
15629,0.0014442357933148742
15630,0.0014442357933148742
15631,0.007931380532681942
15632,2.3384400992654264e-4
15633,0.01642838679254055
15634,0.008459706790745258
15635,0.0012706303969025612
15636,0.009980729781091213
15637,0.004092193208634853
15638,0.0012706303969025612
15639,0.1709122657775879
15640,0.014515675604343414
15641,3.7645967677235603e-4
15642,0.012259924784302711
15643,0.0023034708574414253
15644,0.012954464182257652
15645,0.008558383211493492
15646,0.001835828647017479
15647,0.041158176958560944
15648,0.31993478536605835
15649,0.08564751595258713
15650,0.01293937023729086
15651,0.13942842185497284
15652,0.006856400053948164
15653,0.00460327323526144
15654,0.009970302693545818
15655,0.037596989423036575
15656,0.012063397094607353
15657,0.008698748424649239
15658,0.00849904678761959
15659,0.006955866236239672
15660,0.008896159939467907
15661,0.0013753355015069246
15662,0.0013753355015069246
15663,0.005753775592893362
15664,0.006940826307982206
15665,0.24572338163852692
15666,0.07396531105041504
15667,0.0083145247772336
15668,0.006964656058698893
15669,0.004707444924861193
15670,0.07273061573505402
15671,0.004707444924861193
15672,0.004479982890188694
15673,0.003237184602767229
15674,0.05357224494218826
15675,0.020407017320394516
15676,0.06316113471984863
15677,0.006540345959365368
15678,0.006748376879841089
15679,0.003589532570913434
15680,0.011964458040893078
15681,0.18746061623096466
15682,0.01817561499774456
15683,0.009345796890556812
15684,0.008129213936626911
15685,0.03977911174297333
15686,0.008824056945741177
15687,0.0027357919607311487
15688,0.01724039390683174
15689,1.3352304449654184e-5
15690,0.007698506116867065
15691,0.2465878576040268
15692,0.012886722572147846
15693,0.006048726383596659
15694,0.00803636945784092
15695,0.009840638376772404
15696,0.038078393787145615
15697,0.03476009890437126
15698,0.7737734317779541
15699,0.010322359390556812
15700,0.007912702858448029
15701,0.004326936788856983
15702,0.010322125628590584
15703,0.0052004302851855755
15704,0.3592074513435364
15705,0.03773760050535202
15706,0.8188447952270508
15707,0.014930167235434055
15708,0.021353377029299736
15709,9.552754345349967e-4
15710,4.837194865103811e-4
15711,9.552759001962841e-4
15712,9.552759001962841e-4
15713,9.552754345349967e-4
15714,0.047502946108579636
15715,0.8245299458503723
15716,9.552754345349967e-4
15717,9.552754345349967e-4
15718,9.552754345349967e-4
15719,0.007166554220020771
15720,0.004274308681488037
15721,4.837194865103811e-4
15722,9.552754345349967e-4
15723,9.552754345349967e-4
15724,9.552754345349967e-4
15725,4.837194865103811e-4
15726,0.004209605045616627
15727,0.002073297742754221
15728,9.552754345349967e-4
15729,9.552754345349967e-4
15730,9.552754345349967e-4
15731,9.552754345349967e-4
15732,9.552754345349967e-4
15733,0.8335756063461304
15734,0.0038137491792440414
15735,0.0014175910037010908
15736,0.002403869293630123
15737,0.013331206515431404
15738,0.014389745891094208
15739,0.002330589108169079
15740,0.009751071222126484
15741,0.005815640091896057
15742,0.16126462817192078
15743,0.0030368997249752283
15744,0.0030368997249752283
15745,4.8698228783905506e-4
15746,0.003036896698176861
15747,0.006723868194967508
15748,0.03226461261510849
15749,0.004263308830559254
15750,0.07228752970695496
15751,0.011583858169615269
15752,0.01228035893291235
15753,0.048853062093257904
15754,0.1150355115532875
15755,0.019765393808484077
15756,0.0016187153523787856
15757,0.19575515389442444
15758,0.004213504958897829
15759,0.0016187153523787856
15760,0.0026924286503344774
15761,0.008107779547572136
15762,0.008091934956610203
15763,2.4344177518287324e-7
15764,0.007200837600976229
15765,0.01229101698845625
15766,0.014833341352641582
15767,0.0011485005961731076
15768,0.012530527077615261
15769,0.010358219966292381
15770,0.01261208113282919
15771,0.009007458575069904
15772,0.002336053876206279
15773,0.0022633709013462067
15774,0.009890294633805752
15775,0.006640810053795576
15776,0.0014873510226607323
15777,0.0031069298274815083
15778,0.014006149023771286
15779,0.011197342537343502
15780,0.16837848722934723
15781,0.33876898884773254
15782,0.014943175949156284
15783,0.0011485005961731076
15784,0.012612971477210522
15785,0.011793643236160278
15786,0.03704242780804634
15787,2.066199667751789e-4
15788,9.606310777598992e-5
15789,3.9714231388643384e-4
15790,2.0137881801929325e-4
15791,0.011653691530227661
15792,2.0137881801929325e-4
15793,1.1209252988919616e-5
15794,1.326677156612277e-4
15795,2.1732220193371177e-4
15796,1.326677156612277e-4
15797,3.118713211733848e-4
15798,1.2543867342174053e-4
15799,0.0011761833447963
15800,1.2543867342174053e-4
15801,2.066199667751789e-4
15802,0.007378436159342527
15803,0.0019473196007311344
15804,0.010778713040053844
15805,0.0034706820733845234
15806,0.0044975983910262585
15807,0.004412319045513868
15808,0.01343884039670229
15809,0.010200866498053074
15810,0.0036129667423665524
15811,0.012892971746623516
15812,0.011432632803916931
15813,0.013770597986876965
15814,0.011481334455311298
15815,0.05612732097506523
15816,0.8274542689323425
15817,0.013404454104602337
15818,0.013524767942726612
15819,0.011762894690036774
15820,0.0023298696614801884
15821,0.011403041891753674
15822,0.00617361580953002
15823,0.01113046519458294
15824,0.002899965737015009
15825,0.009471874684095383
15826,0.011029637418687344
15827,2.7274060994386673e-4
15828,9.798090904951096e-4
15829,2.7274060994386673e-4
15830,2.7274060994386673e-4
15831,0.001563045079819858
15832,0.011277732439339161
15833,0.013597279787063599
15834,0.02060628868639469
15835,9.776839287951589e-4
15836,0.004566350020468235
15837,0.012506037019193172
15838,0.004051639698445797
15839,0.01334269531071186
15840,0.0820944532752037
15841,0.009076266549527645
15842,0.004143507685512304
15843,0.035667307674884796
15844,0.016720516607165337
15845,0.004143507685512304
15846,0.004143507685512304
15847,0.00652250275015831
15848,0.017920970916748047
15849,0.009076266549527645
15850,0.25591152906417847
15851,0.004143507685512304
15852,0.004143507685512304
15853,0.0010968607384711504
15854,0.008544957265257835
15855,0.824565589427948
15856,2.397959033260122e-4
15857,0.009343811310827732
15858,0.005149265751242638
15859,0.0019129615975543857
15860,0.007785986643284559
15861,0.004493637476116419
15862,0.002484470373019576
15863,0.017109477892518044
15864,0.014361186884343624
15865,0.7835848927497864
15866,0.006744101643562317
15867,0.00818658247590065
15868,5.465029971674085e-4
15869,7.997692446224391e-4
15870,0.2989358901977539
15871,0.010672490112483501
15872,0.0029987122397869825
15873,0.0040464554913342
15874,0.04425926133990288
15875,0.005151217803359032
15876,0.00876433216035366
15877,0.04332064092159271
15878,0.011818303726613522
15879,0.008071416057646275
15880,0.10291649401187897
15881,7.997692446224391e-4
15882,0.011915185488760471
15883,3.566986706573516e-4
15884,0.008118378929793835
15885,0.018398940563201904
15886,0.018508316949009895
15887,0.07052705436944962
15888,0.004942345432937145
15889,0.004583750851452351
15890,0.0010554922046139836
15891,0.0013069043634459376
15892,0.0013069043634459376
15893,0.0027885574381798506
15894,0.18811872601509094
15895,0.01197782438248396
15896,0.008454029448330402
15897,0.007687127683311701
15898,0.019475260749459267
15899,0.019842103123664856
15900,0.019842103123664856
15901,0.006547187454998493
15902,0.005139220971614122
15903,0.8085688948631287
15904,0.008066538721323013
15905,0.0032371417619287968
15906,0.008778934367001057
15907,0.0070835622027516365
15908,0.012591060250997543
15909,0.005105441901832819
15910,0.016029080376029015
15911,0.008385649882256985
15912,0.00921050924807787
15913,0.8434007167816162
15914,0.008107902482151985
15915,4.0239893132820725e-4
15916,0.0017554665682837367
15917,0.00377969304099679
15918,0.00381483999080956
15919,0.011133214458823204
15920,0.007394514977931976
15921,0.006402116734534502
15922,0.006467441562563181
15923,0.006402116734534502
15924,0.34294185042381287
15925,0.009476883336901665
15926,0.011975567787885666
15927,0.01177232712507248
15928,0.025039350613951683
15929,0.017926257103681564
15930,0.013380945660173893
15931,0.0022511573042720556
15932,0.4603414833545685
15933,0.0204534363001585
15934,0.002243815688416362
15935,0.005616525188088417
15936,0.021060993894934654
15937,0.0012716013006865978
15938,0.030841335654258728
15939,0.0054494403302669525
15940,0.013053590431809425
15941,8.385645342059433e-4
15942,8.385645342059433e-4
15943,0.002386657288298011
15944,0.0018873781664296985
15945,0.0018873781664296985
15946,1.4458541409112513e-4
15947,0.022247375920414925
15948,0.002611173316836357
15949,0.005473283119499683
15950,0.005798456259071827
15951,0.0015624557854607701
15952,7.708641933277249e-4
15953,9.799111867323518e-4
15954,7.708641933277249e-4
15955,0.0036427974700927734
15956,0.0015624557854607701
15957,7.708641933277249e-4
15958,0.0015624557854607701
15959,0.0015624557854607701
15960,0.005422940012067556
15961,0.0015624557854607701
15962,4.8496350063942373e-4
15963,0.0015624557854607701
15964,0.0015624557854607701
15965,0.0015624557854607701
15966,0.0036798357032239437
15967,0.06671039760112762
15968,0.0010921130888164043
15969,0.012140900827944279
15970,0.045891836285591125
15971,0.10287580639123917
15972,0.09020049124956131
15973,0.009563405066728592
15974,0.00750019121915102
15975,3.109896340447449e-9
15976,0.10651543736457825
15977,0.10651543736457825
15978,0.555178701877594
15979,0.019344113767147064
15980,3.109896340447449e-9
15981,9.685616753074555e-10
15982,3.109896340447449e-9
15983,9.685616753074555e-10
15984,3.270061279181391e-4
15985,0.6070712208747864
15986,0.1251775324344635
15987,0.014451777562499046
15988,0.006846652831882238
15989,0.008147231303155422
15990,3.7063760100863874e-4
15991,0.014418069273233414
15992,0.07499023526906967
15993,0.7569031715393066
15994,0.008438230492174625
15995,0.0039950343780219555
15996,0.0035272762179374695
15997,0.0039950343780219555
15998,0.0039950343780219555
15999,0.001444699359126389
16000,0.008628207258880138
16001,0.008628207258880138
16002,0.004589840304106474
16003,3.7063760100863874e-4
16004,0.0039950343780219555
16005,0.0046045430935919285
16006,0.0039950343780219555
16007,0.007159510627388954
16008,0.001680069719441235
16009,0.008217058144509792
16010,0.011330717243254185
16011,0.007916274480521679
16012,0.0039950343780219555
16013,0.003413880243897438
16014,0.025140978395938873
16015,0.006376292556524277
16016,0.009917251765727997
16017,0.005870743189007044
16018,4.54367051133886e-4
16019,0.20456263422966003
16020,2.86209920886904e-4
16021,0.00786892231553793
16022,0.017339462414383888
16023,0.008680473081767559
16024,0.088786281645298
16025,4.54367051133886e-4
16026,0.008276625536382198
16027,0.3493184447288513
16028,0.009365375153720379
16029,0.08369256556034088
16030,0.08369256556034088
16031,0.10688801854848862
16032,0.005258611403405666
16033,0.003590331180021167
16034,0.04809440299868584
16035,0.00680068414658308
16036,0.012707846239209175
16037,0.008677774108946323
16038,0.00979740172624588
16039,0.10562203824520111
16040,0.013027980923652649
16041,0.04743601009249687
16042,0.027265118435025215
16043,0.05752682685852051
16044,0.3808842599391937
16045,0.011495571583509445
16046,0.007082613185048103
16047,0.005933771841228008
16048,0.083145871758461
16049,0.0044854432344436646
16050,0.010213217698037624
16051,0.013600863516330719
16052,0.01490784715861082
16053,4.5514601515606046e-4
16054,0.011205126531422138
16055,0.005802304018288851
16056,4.5514601515606046e-4
16057,4.5514601515606046e-4
16058,2.4012677386053838e-5
16059,0.010978133417665958
16060,0.015059085562825203
16061,0.009214505553245544
16062,0.009917456656694412
16063,0.12409228086471558
16064,0.023633582517504692
16065,0.018573246896266937
16066,0.2595572769641876
16067,0.012348429299890995
16068,0.016013430431485176
16069,0.16528427600860596
16070,0.3908320963382721
16071,0.010956140235066414
16072,4.4934221659787e-4
16073,0.02298705093562603
16074,0.005617315880954266
16075,0.02346070669591427
16076,0.5092595815658569
16077,0.4929685890674591
16078,0.008440269157290459
16079,0.009556081146001816
16080,0.079948529601097107
16081,0.003497382625937462
16082,0.05638541653752327
16083,0.00372124882414937
16084,0.09403781592845917
16085,1.4960755652282387e-4
16086,1.4960755652282387e-4
16087,0.0064758784137666225
16088,0.006886796560138464
16089,0.013814464211463928
16090,0.01498501654714346
16091,0.014120077714323997
16092,0.01043210830539465
16093,0.014614393003284931
16094,0.011065970174968243
16095,0.016055438667535782
16096,0.8115110397338867
16097,0.011147156357765198
16098,0.009504866786301136
16099,0.07310201227664948
16100,0.02972971834242344
16101,0.08122976124286652
16102,0.002506384626030922
16103,0.0014460303355008364
16104,8.668106747791171e-4
16105,0.004221948329359293
16106,0.002115723444148898
16107,0.022430814802646637
16108,0.010828490369021893
16109,0.0026108194142580032
16110,0.009600398130714893
16111,0.01175878755748272
16112,0.0019590475130826235
16113,0.009371008723974228
16114,0.006509436294436455
16115,0.755209743976593
16116,0.0010843881173059344
16117,0.0012558097951114178
16118,0.01281426940113306
16119,7.370843086391687e-4
16120,2.1653475414495915e-4
16121,0.012655413709580898
16122,0.006633441429585218
16123,0.0015755099011585116
16124,0.006633441429585218
16125,0.006633441429585218
16126,0.006633441429585218
16127,0.0015755099011585116
16128,0.006633441429585218
16129,0.006633441429585218
16130,2.1653475414495915e-4
16131,2.1653475414495915e-4
16132,0.006633441429585218
16133,2.1653475414495915e-4
16134,0.0019007500959560275
16135,2.1653475414495915e-4
16136,2.1653475414495915e-4
16137,4.672378781833686e-5
16138,2.1653475414495915e-4
16139,0.0010843881173059344
16140,2.1653475414495915e-4
16141,2.1653475414495915e-4
16142,0.07105360180139542
16143,0.012145665474236012
16144,0.0076963393948972225
16145,0.013268335722386837
16146,0.0078085847198963165
16147,0.0010843881173059344
16148,0.008040486834943295
16149,0.01206548884510994
16150,0.013268335722386837
16151,0.013268335722386837
16152,0.013268335722386837
16153,0.004442937206476927
16154,0.01108465064316988
16155,0.007138066925108433
16156,0.004541464149951935
16157,0.002449038438498974
16158,0.0020129948388785124
16159,0.0020129948388785124
16160,0.0020129948388785124
16161,0.0020129948388785124
16162,6.591577548533678e-4
16163,0.0020129948388785124
16164,0.0020129948388785124
16165,0.014727368019521236
16166,0.005640724208205938
16167,0.0010314342798665166
16168,0.0010314342798665166
16169,0.0029383862856775522
16170,0.002090847585350275
16171,0.17483580112457275
16172,0.19671013951301575
16173,0.7421479225158691
16174,2.6916129769460895e-8
16175,0.07159984111785889
16176,0.034431301057338715
16177,0.009128677658736706
16178,4.844201321247965e-4
16179,0.01176794059574604
16180,0.023347914218902588
16181,0.0844588652253151
16182,0.006672036834061146
16183,0.006168907042592764
16184,0.011751404032111168
16185,0.011947098188102245
16186,0.059882186353206635
16187,0.011947098188102245
16188,0.005304999183863401
16189,0.017192857339978218
16190,0.011397629044950008
16191,0.0022356491535902023
16192,0.02627585642039776
16193,0.06653942912817001
16194,0.011865486390888691
16195,0.0034450595267117023
16196,1.8796724816638744e-6
16197,0.0053618308156728745
16198,0.8222118616104126
16199,0.019573351368308067
16200,0.03540090098977089
16201,0.006377821322530508
16202,0.01663225330412388
16203,0.06823501735925674
16204,0.021130064502358437
16205,0.0028683652635663748
16206,0.6142282485961914
16207,0.012998167425394058
16208,0.05377228185534477
16209,0.14894312620162964
16210,0.012938919477164745
16211,0.0057828910648822784
16212,0.024345843121409416
16213,0.013562895357608795
16214,0.04506189376115799
16215,0.0059206620790064335
16216,0.09468535333871841
16217,0.11642736941576004
16218,0.023518774658441544
16219,0.013984452933073044
16220,0.00795025285333395
16221,0.008912832476198673
16222,0.009020445868372917
16223,0.03258950635790825
16224,0.00715378113090992
16225,0.4154101312160492
16226,0.014688028953969479
16227,0.006887521129101515
16228,0.01630142331123352
16229,0.0375642292201519
16230,0.11046972870826721
16231,0.018982330337166786
16232,0.8236643075942993
16233,5.933698266744614e-4
16234,0.0031859162263572216
16235,0.05603032931685448
16236,0.019908815622329712
16237,0.4444774091243744
16238,0.1843029260635376
16239,0.026273837313055992
16240,0.12141034007072449
16241,0.040469612926244736
16242,0.009753810241818428
16243,0.09408504515886307
16244,0.007319968193769455
16245,0.013436740264296532
16246,0.024955257773399353
16247,0.018456770107150078
16248,0.15289326012134552
16249,0.004027845803648233
16250,0.15289326012134552
16251,0.15289326012134552
16252,0.15289326012134552
16253,0.2312779426574707
16254,0.15289326012134552
16255,0.08553245663642883
16256,0.05428561940789223
16257,0.0035826952662318945
16258,0.007568164262920618
16259,0.023532863706350327
16260,0.005506573710590601
16261,0.023133208975195885
16262,0.007774726487696171
16263,0.060597267001867294
16264,0.010275786742568016
16265,0.04872087389230728
16266,0.006293553858995438
16267,0.17930303514003754
16268,2.9189250199124217e-4
16269,0.03002873994410038
16270,0.036349259316921234
16271,0.006887739524245262
16272,0.0011472622863948345
16273,8.671811713156785e-8
16274,0.02518213726580143
16275,0.026048101484775543
16276,0.42052698135375977
16277,0.18539392948150635
16278,0.745958685874939
16279,0.028919000178575516
16280,0.008819817565381527
16281,0.021085258573293686
16282,0.052617743611335754
16283,0.002026643604040146
16284,0.03664315491914749
16285,0.15612195432186127
16286,0.023722121492028236
16287,0.026935046538710594
16288,1.8480904691386968e-4
16289,1.8480904691386968e-4
16290,0.09332242608070374
16291,0.006829315330833197
16292,0.009097293019294739
16293,1.8480904691386968e-4
16294,1.6047053213696927e-4
16295,0.16933323442935944
16296,1.8480904691386968e-4
16297,0.18519210815429688
16298,0.04770221933722496
16299,0.16932512819766998
16300,0.006390911992639303
16301,0.028743769973516464
16302,0.007177279330790043
16303,0.004086342640221119
16304,0.07071626931428909
16305,0.0024898506235331297
16306,0.010453453287482262
16307,7.560759058833355e-7
16308,0.011286365799605846
16309,0.003937159199267626
16310,0.06187066808342934
16311,1.8346591969020665e-4
16312,0.20988547801971436
16313,0.11757657676935196
16314,8.457251824438572e-4
16315,0.002517244778573513
16316,0.17752580344676971
16317,0.08818798512220383
16318,0.036644767969846725
16319,0.1116676926612854
16320,0.0025944875087589025
16321,0.012415854260325432
16322,0.01714983396232128
16323,0.006905865855515003
16324,0.1116676926612854
16325,0.1360241174697876
16326,0.049994710832834244
16327,0.05368572473526001
16328,0.10366734117269516
16329,0.7317489385604858
16330,0.021974436938762665
16331,0.01270629558712244
16332,0.09697869420051575
16333,0.2863702178001404
16334,0.19200420379638672
16335,0.10133618116378784
16336,0.0022333762608468533
16337,0.0245846975594759
16338,0.19579215347766876
16339,0.005341844633221626
16340,0.008022437803447247
16341,0.014888380654156208
16342,7.959430804476142e-4
16343,0.2433774620294571
16344,0.10143508017063141
16345,0.00662057101726532
16346,0.0028251479379832745
16347,0.2290976643562317
16348,0.00534937484189868
16349,0.002777132438495755
16350,0.009237467311322689
16351,0.002777129877358675
16352,0.5127853155136108
16353,0.7695252299308777
16354,0.002777132438495755
16355,0.009237467311322689
16356,0.002777132438495755
16357,0.013252420350909233
16358,0.0020880161318928003
16359,0.03328213468194008
16360,0.17871882021427155
16361,0.15934143960475922
16362,0.044641535729169846
16363,0.005998109932988882
16364,0.08761131763458252
16365,0.002777132438495755
16366,0.002777132438495755
16367,0.002777132438495755
16368,0.14037933945655823
16369,0.008754466660320759
16370,0.009237467311322689
16371,0.010411693714559078
16372,0.0047711292281746864
16373,0.00700744055211544
16374,0.0041947439312934875
16375,0.002777132438495755
16376,0.026913782581686974
16377,0.015207541175186634
16378,0.009237467311322689
16379,9.918176801875234e-4
16380,0.00700744055211544
16381,0.007243523374199867
16382,0.002751473803073168
16383,0.026339329779148102
16384,0.011190798133611679
16385,0.003250227542594075
16386,0.0021602322813123465
16387,0.012513133697211742
16388,0.012049407698214054
16389,0.008989803493022919
16390,8.07680597063154e-4
16391,0.1556478589773178
16392,6.997755845077336e-4
16393,0.005203003995120525
16394,8.698944002389908e-4
16395,1.4382501831278205e-4
16396,0.02272680401802063
16397,0.010000358335673809
16398,0.012081077322363853
16399,0.006062080152332783
16400,0.0019538062624633312
16401,0.006067673675715923
16402,0.028482189401984215
16403,0.12894874811172485
16404,0.022538574412465096
16405,0.0242543276399374
16406,0.8612411618232727
16407,0.7307959198951721
16408,0.003926136065274477
16409,0.007989978417754173
16410,9.425054886378348e-4
16411,0.24634766578674316
16412,9.425054886378348e-4
16413,5.552826914936304e-4
16414,1.5865704483530862e-7
16415,0.0025537300389260054
16416,0.0024690479040145874
16417,0.002469046739861369
16418,0.002469046739861369
16419,0.002469046739861369
16420,0.0024486412294209003
16421,0.005033509805798531
16422,0.002469046739861369
16423,0.0014414802426472306
16424,0.0014414802426472306
16425,0.0014414802426472306
16426,0.27411314845085144
16427,0.21605704724788666
16428,0.0014414802426472306
16429,0.0032057533971965313
16430,0.020259978249669075
16431,0.7493944764137268
16432,0.020870331674814224
16433,0.03702295571565628
16434,0.01069953478872776
16435,0.01069953478872776
16436,0.0012056211708113551
16437,0.0014075863873586059
16438,0.0014075863873586059
16439,0.0014075863873586059
16440,7.11323635187e-4
16441,0.0032654390670359135
16442,0.0014075863873586059
16443,0.01245939452201128
16444,0.0024426535237580538
16445,0.024071279913187027
16446,0.0014075863873586059
16447,0.025154437869787216
16448,0.0029373029246926308
16449,0.0024426535237580538
16450,0.0024426535237580538
16451,0.0024426535237580538
16452,0.0024426535237580538
16453,0.0024426535237580538
16454,0.0024426535237580538
16455,0.0024426535237580538
16456,0.001991131342947483
16457,0.0024426535237580538
16458,0.7830527424812317
16459,0.0024426535237580538
16460,0.0024426535237580538
16461,0.0024426535237580538
16462,0.001991131342947483
16463,0.0024426535237580538
16464,0.0024426535237580538
16465,0.0024426535237580538
16466,0.001991131342947483
16467,0.0024426535237580538
16468,0.001991131342947483
16469,0.0028756477404385805
16470,0.0024426535237580538
16471,0.0037608675193041563
16472,0.0014075863873586059
16473,0.02352144755423069
16474,0.2542653977870941
16475,0.002981470664963126
16476,0.8362632393836975
16477,0.10069437325000763
16478,0.002174552297219634
16479,0.022425996139645576
16480,0.017725901678204536
16481,0.01938900165259838
16482,0.029730040580034256
16483,0.011815369129180908
16484,0.0016365399351343513
16485,0.19201306998729706
16486,0.07918953150510788
16487,0.010758452117443085
16488,0.09155715256929398
16489,0.005060029681771994
16490,0.12204442918300629
16491,0.021281402558088303
16492,0.012719450518488884
16493,0.023018207401037216
16494,0.008328497409820557
16495,0.0016867571976035833
16496,0.0031696262303739786
16497,0.004296477884054184
16498,0.004296477884054184
16499,0.00856618769466877
16500,0.0772181898355484
16501,0.012692072428762913
16502,0.026857290416955948
16503,0.004296477884054184
16504,0.24314066767692566
16505,0.0067523992620408535
16506,0.028802169486880302
16507,0.013541712425649166
16508,0.027045564725995064
16509,0.0010311169316992164
16510,0.01339983195066452
16511,0.006148523651063442
16512,1.3051190762780607e-5
16513,0.0023775005247443914
16514,0.008157575502991676
16515,0.006714820396155119
16516,0.09011399745941162
16517,0.016081077978014946
16518,0.007182585075497627
16519,0.14447854459285736
16520,0.02942352555692196
16521,0.06685212254524231
16522,0.002761019626632333
16523,0.0811324343085289
16524,0.01649581640958786
16525,0.022693712264299393
16526,0.14447854459285736
16527,0.016223857179284096
16528,0.09711761027574539
16529,0.015543422661721706
16530,0.12732240557670593
16531,6.744755082763731e-4
16532,0.01677699387073517
16533,0.027519606053829193
16534,0.003163121407851577
16535,0.19054394960403442
16536,0.008628598414361477
16537,0.1250247359275818
16538,0.020681634545326233
16539,0.029446475207805634
16540,0.014886995777487755
16541,0.007817079313099384
16542,0.0024199869949370623
16543,0.002232541097328067
16544,0.8131595253944397
16545,0.0520232692360878
16546,0.0024199869949370623
16547,0.08605804294347763
16548,0.007495603524148464
16549,0.07002488523721695
16550,0.03938204422593117
16551,0.002305971924215555
16552,0.007045758422464132
16553,0.10105502605438232
16554,0.14321254193782806
16555,0.00829991139471531
16556,0.843770444393158
16557,0.11088494211435318
16558,0.008459054864943027
16559,0.03578764572739601
16560,0.10090215504169464
16561,0.013913195580244064
16562,0.7498180270195007
16563,0.017646951600909233
16564,0.01784086413681507
16565,0.1612510085105896
16566,0.05320723354816437
16567,0.10195422917604446
16568,0.013335325755178928
16569,0.027897503226995468
16570,0.017501642927527428
16571,0.003439749591052532
16572,0.11198558658361435
16573,0.003439749591052532
16574,0.007111812476068735
16575,0.006122018210589886
16576,0.01034480519592762
16577,0.09534672647714615
16578,0.01139797829091549
16579,0.11081746220588684
16580,0.08807051181793213
16581,0.13994333148002625
16582,0.5569646954536438
16583,0.008018522523343563
16584,0.004662475548684597
16585,0.003439749591052532
16586,0.00186668720562011
16587,0.009265938773751259
16588,0.0017020865343511105
16589,0.036052998155355453
16590,0.009402732364833355
16591,0.008751153014600277
16592,0.018370920792222023
16593,0.8285646438598633
16594,0.022119177505373955
16595,0.05568728223443031
16596,0.05568728223443031
16597,0.025854390114545822
16598,0.13327452540397644
16599,0.002135363407433033
16600,0.002967355540022254
16601,0.002967355540022254
16602,0.002967355540022254
16603,0.002967355540022254
16604,0.002967355540022254
16605,0.002967355540022254
16606,0.002967355540022254
16607,0.002967354143038392
16608,0.002967354143038392
16609,0.002967355540022254
16610,0.002967355540022254
16611,0.002967355540022254
16612,0.04311366379261017
16613,0.002967355540022254
16614,0.002967355540022254
16615,0.002967355540022254
16616,0.005924207624047995
16617,0.002967355540022254
16618,4.617121594492346e-4
16619,0.005924207624047995
16620,0.001523405546322465
16621,0.0038076855707913637
16622,0.002967355540022254
16623,0.004000496584922075
16624,0.0025985119864344597
16625,0.026593176648020744
16626,0.011462965980172157
16627,0.027292544022202492
16628,0.027292544022202492
16629,0.060244493186473846
16630,0.007758421823382378
16631,0.012475933879613876
16632,0.009468904696404934
16633,0.0016514189774170518
16634,0.004683653824031353
16635,0.02715948410332203
16636,0.007051641587167978
16637,0.0018437147373333573
16638,0.0017899761442095041
16639,0.00771696399897337
16640,0.00465463288128376
16641,0.02006463147699833
16642,0.02006463147699833
16643,0.04388846829533577
16644,0.18249493837356567
16645,0.008936278522014618
16646,0.06117815151810646
16647,3.6693916172225727e-7
16648,0.027797503396868706
16649,0.015874730423092842
16650,0.767784059047699
16651,0.03411633148789406
16652,0.13821619749069214
16653,0.02514425665140152
16654,0.7798711061477661
16655,0.019191469997167587
16656,0.003056809538975358
16657,0.011454738676548004
16658,0.009519693441689014
16659,0.020032435655593872
16660,0.018260745331645012
16661,0.015859652310609818
16662,0.009061427786946297
16663,0.009389791637659073
16664,0.012203113175928593
16665,0.01696135476231575
16666,0.01487966813147068
16667,0.00438949977979064
16668,0.0794602558016777
16669,0.08996383100748062
16670,0.08502276241779327
16671,0.0011186741758137941
16672,0.025324707850813866
16673,0.018054239451885223
16674,0.1316566914319992
16675,0.052537139505147934
16676,0.004805504810065031
16677,0.01075556967407465
16678,0.009026543237268925
16679,0.009026543237268925
16680,0.012936037965118885
16681,0.5523985624313354
16682,0.007809656672179699
16683,0.07098627835512161
16684,0.06908249855041504
16685,0.03679536655545235
16686,0.05776526406407356
16687,0.1678067147731781
16688,0.03176596015691757
16689,0.007809656672179699
16690,0.1316566914319992
16691,0.10455334931612015
16692,0.005319355055689812
16693,0.008730234578251839
16694,0.005205412860959768
16695,0.029156159609556198
16696,0.06763043999671936
16697,0.023353755474090576
16698,0.0025837805587798357
16699,0.8011661171913147
16700,0.007947440259158611
16701,0.010433672927320004
16702,0.009394817985594273
16703,0.1882665604352951
16704,0.044641271233558655
16705,0.1092284694314003
16706,0.0033567347563803196
16707,0.012484266422688961
16708,0.015835579484701157
16709,0.01392893772572279
16710,0.0317566841840744
16711,0.006217947695404291
16712,0.0025841861497610807
16713,0.01546271052211523
16714,0.008639797568321228
16715,0.09697238355875015
16716,0.788476288318634
16717,0.008614199236035347
16718,0.0059549855068326
16719,0.0033567347563803196
16720,0.0032937731593847275
16721,0.04064137116074562
16722,0.006943278480321169
16723,0.01118122972548008
16724,0.003870279062539339
16725,0.029401732608675957
16726,0.05428545922040939
16727,0.007408801931887865
16728,0.03440279886126518
16729,0.012033111415803432
16730,0.15301060676574707
16731,0.014714719727635384
16732,0.010985233820974827
16733,0.15301060676574707
16734,0.007108307909220457
16735,0.007610993459820747
16736,0.015976445749402046
16737,0.013577442616224289
16738,0.2644503712654114
16739,0.08305589854717255
16740,0.030191903933882713
16741,0.25773367285728455
16742,0.035799790173769
16743,0.0070765260607004166
16744,0.007202228531241417
16745,0.09324656426906586
16746,0.011258374899625778
16747,0.011245658621191978
16748,0.06322677433490753
16749,0.015843866392970085
16750,0.0025728694163262844
16751,0.0014955783262848854
16752,0.8144035935401917
16753,0.004575373604893684
16754,0.02481967583298683
16755,0.009835589677095413
16756,0.007330089341849089
16757,0.022891204804182053
16758,0.01634257473051548
16759,0.002259750384837389
16760,5.178876454010606e-4
16761,0.04713395610451698
16762,0.008110273629426956
16763,0.010182823054492474
16764,0.030505361035466194
16765,0.021764496341347694
16766,0.005013106856495142
16767,0.005013106856495142
16768,0.012562735937535763
16769,0.017368029803037643
16770,0.024292316287755966
16771,0.04767420142889023
16772,0.011129436083137989
16773,0.036394648253917694
16774,0.06023672968149185
16775,0.011881666257977486
16776,0.24440217018127441
16777,0.8017309904098511
16778,0.022604821249842644
16779,0.010363226756453514
16780,0.01250073779374361
16781,0.021699881181120872
16782,0.0020268752705305815
16783,0.0042003910057246685
16784,0.0042003910057246685
16785,0.004967672750353813
16786,0.031247325241565704
16787,0.043905388563871384
16788,0.0014109342591837049
16789,0.03809927776455879
16790,0.008195103146135807
16791,0.0020537609234452248
16792,0.031247325241565704
16793,0.4546377956867218
16794,0.012781676836311817
16795,0.028688903898000717
16796,0.025570053607225418
16797,0.02420009672641754
16798,0.005366418045014143
16799,0.009314830414950848
16800,0.05545793101191521
16801,0.07526764273643494
16802,0.06806589663028717
16803,0.04511230066418648
16804,0.08677290380001068
16805,0.008870022371411324
16806,0.009727010503411293
16807,0.02664446271955967
16808,0.053005117923021317
16809,0.044426511973142624
16810,0.053005117923021317
16811,0.05234993249177933
16812,0.005938859190791845
16813,0.015163769014179707
16814,0.04006793722510338
16815,0.06763774901628494
16816,0.0076728202402591705
16817,0.09926624596118927
16818,0.013819876126945019
16819,0.0883975699543953
16820,0.1180659830570221
16821,0.005103775765746832
16822,0.01378725003451109
16823,0.005103775765746832
16824,9.794660145416856e-4
16825,0.00860780943185091
16826,0.00860780943185091
16827,0.01806207001209259
16828,0.002362131606787443
16829,0.360355406999588
16830,0.013855710625648499
16831,0.006051739677786827
16832,0.0237786415964365
16833,0.02539178356528282
16834,0.20160740613937378
16835,0.14465740323066711
16836,0.004588829819113016
16837,0.006524829193949699
16838,0.007680852431803942
16839,0.006136914249509573
16840,0.007911736145615578
16841,0.0027747591957449913
16842,0.022050868719816208
16843,0.002756839618086815
16844,0.002756839618086815
16845,0.014877102337777615
16846,0.024998106062412262
16847,0.012400375679135323
16848,0.024664655327796936
16849,0.010722349397838116
16850,0.0033177935983985662
16851,0.0033177935983985662
16852,0.0033177935983985662
16853,0.0033177935983985662
16854,0.8033745884895325
16855,0.029835499823093414
16856,0.029835499823093414
16857,0.007967288605868816
16858,0.006730980239808559
16859,0.04022698476910591
16860,0.008146829903125763
16861,0.006317671854048967
16862,0.008864562027156353
16863,0.012385090813040733
16864,0.004122860264033079
16865,0.40307924151420593
16866,0.002702157711610198
16867,0.0034839012660086155
16868,0.01831074431538582
16869,0.003934803884476423
16870,0.004356030374765396
16871,0.026239335536956787
16872,0.02326626516878605
16873,0.00899471901357174
16874,0.041646234691143036
16875,0.38315126299858093
16876,0.05062797665596008
16877,0.005476869642734528
16878,0.01290178019553423
16879,0.007386826444417238
16880,0.01441758032888174
16881,0.004235822707414627
16882,0.010261761955916882
16883,0.03679662570357323
16884,0.04730422422289848
16885,0.03011443465948105
16886,0.003453272394835949
16887,0.04758094623684883
16888,0.025081515312194824
16889,0.02010568045079708
16890,0.009331694804131985
16891,0.009416867978870869
16892,0.010145643725991249
16893,0.0025986703112721443
16894,0.00467310706153512
16895,0.0638420507311821
16896,0.0030034861993044615
16897,0.0030425656586885452
16898,0.01399221457540989
16899,0.0071447608061134815
16900,0.006487682461738586
16901,0.014745480380952358
16902,0.013097716495394707
16903,0.0062524545937776566
16904,0.045913126319646835
16905,0.010108149610459805
16906,0.1943451464176178
16907,0.07513643056154251
16908,0.008907665498554707
16909,0.02116965316236019
16910,0.007226104382425547
16911,0.007605538237839937
16912,0.022028803825378418
16913,0.022028803825378418
16914,1.2019626183246146e-6
16915,0.013248741626739502
16916,0.0476745143532753
16917,0.0030116159468889236
16918,0.006825932767242193
16919,0.0069369361735880375
16920,0.008337757550179958
16921,0.003079886082559824
16922,0.008095911704003811
16923,0.06784200668334961
16924,0.07796327769756317
16925,0.07796327769756317
16926,0.03779451921582222
16927,0.07568676024675369
16928,0.012400896288454533
16929,0.07610789686441422
16930,0.005089319311082363
16931,0.007940777577459812
16932,0.012141820974647999
16933,0.007860561832785606
16934,0.003038601018488407
16935,0.0033470401540398598
16936,0.009954025037586689
16937,0.006783802527934313
16938,0.002689979039132595
16939,0.004268054384738207
16940,0.0037281250115484
16941,0.0034273068886250257
16942,0.0018254842143505812
16943,0.0018254842143505812
16944,7.77199340518564e-4
16945,0.0018254842143505812
16946,0.0018254842143505812
16947,8.379115606658161e-4
16948,0.0033722666557878256
16949,0.025916999205946922
16950,0.02651280350983143
16951,0.008586475625634193
16952,0.008009087294340134
16953,0.008105223067104816
16954,0.02074308879673481
16955,0.008795227855443954
16956,0.008795227855443954
16957,0.010866998694837093
16958,0.5648621320724487
16959,0.008014852181077003
16960,0.002015882171690464
16961,0.05933850631117821
16962,0.1074027493596077
16963,0.003022887511178851
16964,0.02482309751212597
16965,0.006035859230905771
16966,0.004354134667664766
16967,0.016363412141799927
16968,0.016363412141799927
16969,0.028898553922772408
16970,0.10646053403615952
16971,0.155843585729599
16972,0.010291983373463154
16973,0.08046663552522659
16974,0.007997832261025906
16975,0.008629431016743183
16976,0.02331540361046791
16977,0.01300921943038702
16978,0.017992421984672546
16979,0.01812230609357357
16980,0.004125204402953386
16981,0.004729123320430517
16982,0.01898699626326561
16983,0.020150063559412956
16984,0.014953679405152798
16985,0.008326741866767406
16986,0.0038233320228755474
16987,0.008573738858103752
16988,0.0070595587603747845
16989,0.018820608034729958
16990,0.009179306216537952
16991,0.01893654465675354
16992,0.02083083614706993
16993,0.018806617707014084
16994,0.018551109358668327
16995,0.011582204140722752
16996,0.004894812125712633
16997,0.00922881718724966
16998,0.023440424352884293
16999,0.0046378495171666145
17000,0.005632174201309681
17001,0.01275941077619791
17002,0.006598518230021
17003,0.017085542902350426
17004,0.006746418308466673
17005,0.006746418308466673
17006,0.0029462818056344986
17007,0.00854688324034214
17008,0.00926777720451355
17009,0.01947062648832798
17010,0.006746418308466673
17011,0.004905522335320711
17012,0.0020394197199493647
17013,0.012057284824550152
17014,0.009794293902814388
17015,0.030207747593522072
17016,0.008493824861943722
17017,0.018035752698779106
17018,0.03316643834114075
17019,0.03252340480685234
17020,0.001964893192052841
17021,4.4358722516335547e-4
17022,0.36675432324409485
17023,0.004275213461369276
17024,0.01859932392835617
17025,0.01576250232756138
17026,0.009251735173165798
17027,0.027315806597471237
17028,0.03457459434866905
17029,0.009807913564145565
17030,0.006079026497900486
17031,0.008123006671667099
17032,0.027025585994124413
17033,0.009104190394282341
17034,0.007298344746232033
17035,0.001913233078084886
17036,0.015955796465277672
17037,0.004108175169676542
17038,0.056862492114305496
17039,0.007396433502435684
17040,0.007850159890949726
17041,9.565788059262559e-5
17042,0.005299828480929136
17043,0.027226895093917847
17044,0.01085629966109991
17045,0.0048649124801158905
17046,0.009835008531808853
17047,0.007058215793222189
17048,0.024008501321077347
17049,0.019461875781416893
17050,0.04850248619914055
17051,0.0059908609837293625
17052,0.004376307595521212
17053,0.07907437533140182
17054,0.04143335297703743
17055,0.007370582781732082
17056,0.00661682803183794
17057,0.006745331455022097
17058,0.018561197444796562
17059,0.002368072047829628
17060,0.011551858857274055
17061,0.004089063964784145
17062,0.004270113538950682
17063,0.040400657802820206
17064,0.008904450573027134
17065,0.023303302004933357
17066,0.014147032983601093
17067,0.02263723313808441
17068,0.0054588839411735535
17069,0.008904450573027134
17070,0.006683385465294123
17071,0.00441168574616313
17072,0.031425781548023224
17073,0.10412734746932983
17074,0.19965983927249908
17075,0.008821613155305386
17076,0.0023394266609102488
17077,0.7465868592262268
17078,0.031153708696365356
17079,0.09330880641937256
17080,0.011192538775503635
17081,0.004641788545995951
17082,0.003969433251768351
17083,0.002616350771859288
17084,0.004773978143930435
17085,0.007306709885597229
17086,0.00586977181956172
17087,0.07212307304143906
17088,0.05291758105158806
17089,0.047003693878650665
17090,0.09355472028255463
17091,0.004773978143930435
17092,4.6479771845042706e-4
17093,0.007555575110018253
17094,0.5317198634147644
17095,0.02513100951910019
17096,0.012289871461689472
17097,0.0028458028100430965
17098,0.04350715130567551
17099,0.009492382407188416
17100,0.04722629860043526
17101,0.014483094215393066
17102,0.0038723107427358627
17103,0.005173318088054657
17104,0.19919860363006592
17105,0.07356374710798264
17106,9.565788059262559e-5
17107,1.2721402526949532e-5
17108,0.003641359508037567
17109,0.01196967251598835
17110,0.27348536252975464
17111,0.014764174818992615
17112,0.004089906346052885
17113,0.0040964120998978615
17114,0.0040964120998978615
17115,0.016316991299390793
17116,0.012289871461689472
17117,0.00405633682385087
17118,0.007555575110018253
17119,0.0040964181534945965
17120,0.0048385257832705975
17121,0.007555575110018253
17122,0.009912574663758278
17123,0.008783790282905102
17124,0.0040964120998978615
17125,0.007555575110018253
17126,0.038322389125823975
17127,0.0043733930215239525
17128,0.008783790282905102
17129,0.007555575110018253
17130,0.02644120156764984
17131,0.004838528111577034
17132,0.008783790282905102
17133,0.0040964120998978615
17134,0.009024564176797867
17135,0.016442136839032173
17136,0.009375727735459805
17137,0.006995585281401873
17138,0.005770151969045401
17139,0.007822188548743725
17140,0.009409877471625805
17141,0.008146672509610653
17142,0.0033063830342143774
17143,0.01836363412439823
17144,0.002962548518553376
17145,0.01847939006984234
17146,0.03312743827700615
17147,0.009151012636721134
17148,0.0057782079093158245
17149,0.010262789204716682
17150,0.03312743827700615
17151,0.005222753621637821
17152,0.01630646176636219
17153,0.02257353998720646
17154,0.0019343734020367265
17155,0.008982482366263866
17156,3.6687395186163485e-4
17157,0.004341503605246544
17158,0.00572040444239974
17159,0.003054495668038726
17160,0.002861933782696724
17161,0.004822512622922659
17162,3.004026075359434e-4
17163,0.012178560718894005
17164,8.395647164434195e-4
17165,0.08552871644496918
17166,0.0276996660977602
17167,0.010901417583227158
17168,0.004551559686660767
17169,0.00825895369052887
17170,1.4508384629152715e-4
17171,0.04717087000608444
17172,0.007554727606475353
17173,0.037622712552547455
17174,0.01084260642528534
17175,0.008105223067104816
17176,2.4170706456061453e-4
17177,0.028027068823575974
17178,0.008109701797366142
17179,0.0036080144345760345
17180,0.005232878960669041
17181,0.004094667732715607
17182,0.002867086324840784
17183,0.015494007617235184
17184,0.00884932093322277
17185,0.012751135975122452
17186,0.012751135975122452
17187,0.006876758765429258
17188,0.006048768758773804
17189,0.0028622362297028303
17190,0.04619528725743294
17191,0.006748178508132696
17192,0.009576674550771713
17193,0.011746481992304325
17194,0.0036731548607349396
17195,0.08171363174915314
17196,0.007300472818315029
17197,0.016234004870057106
17198,0.0096058314666152
17199,0.006123433820903301
17200,0.021117672324180603
17201,0.006468416191637516
17202,0.013456850312650204
17203,0.03865499049425125
17204,0.0026451023295521736
17205,0.00791520718485117
17206,0.02358776144683361
17207,0.004915677011013031
17208,0.004046023357659578
17209,0.004349822644144297
17210,0.00926017016172409
17211,0.007614940870553255
17212,0.02153864875435829
17213,0.2587258219718933
17214,0.010136749595403671
17215,0.0040460252203047276
17216,0.00960257463157177
17217,0.11092528700828552
17218,0.7402563691139221
17219,3.032473614439368e-4
17220,0.008773836307227612
17221,0.009509055875241756
17222,3.032473614439368e-4
17223,0.0041486602276563644
17224,8.396041266678367e-7
17225,0.00797967053949833
17226,8.797370246611536e-4
17227,7.581597892567515e-4
17228,0.11910708993673325
17229,0.0023783487267792225
17230,0.005131333135068417
17231,0.0010655233636498451
17232,0.01394432969391346
17233,0.001850293017923832
17234,0.007027922663837671
17235,5.913644563406706e-4
17236,0.026093317195773125
17237,0.002690583001822233
17238,0.009130680002272129
17239,0.010786454193294048
17240,0.005707417149096727
17241,0.010520831681787968
17242,0.007415365427732468
17243,0.016269905492663383
17244,0.048172157257795334
17245,0.00379276555031538
17246,4.922517691738904e-4
17247,4.922517691738904e-4
17248,0.01386994682252407
17249,0.020956246182322502
17250,0.07758298516273499
17251,0.15216010808944702
17252,0.009012998081743717
17253,0.014806344173848629
17254,0.0069875773042440414
17255,0.004818340297788382
17256,0.0024854973889887333
17257,4.549277946352959e-5
17258,0.0067148939706385136
17259,0.20530538260936737
17260,0.05084036663174629
17261,0.1935158222913742
17262,0.857011079788208
17263,0.06696125864982605
17264,0.0043147411197423935
17265,0.05965586379170418
17266,0.003883115015923977
17267,0.003772742347791791
17268,0.006675412878394127
17269,0.004090545699000359
17270,0.0019055053126066923
17271,0.00961221195757389
17272,0.013395635411143303
17273,0.2978098392486572
17274,0.0036179879680275917
17275,0.0036179879680275917
17276,0.0036179879680275917
17277,0.005724409129470587
17278,0.003681704867631197
17279,0.009657379239797592
17280,0.0036179879680275917
17281,0.001985102891921997
17282,0.004090545699000359
17283,0.012711908668279648
17284,0.012580210343003273
17285,0.002560093766078353
17286,0.028406241908669472
17287,0.016060585156083107
17288,0.016937820240855217
17289,0.07555007189512253
17290,0.011880619451403618
17291,0.011880619451403618
17292,0.11935161799192429
17293,0.005167706403881311
17294,0.060387369245290756
17295,0.009197568520903587
17296,0.006511814426630735
17297,0.034087661653757095
17298,0.013344821520149708
17299,0.0016928520053625107
17300,0.06360005587339401
17301,0.07065717875957489
17302,0.0075594051741063595
17303,0.0075594051741063595
17304,0.0075594051741063595
17305,0.0075594051741063595
17306,0.011726809665560722
17307,0.012419655919075012
17308,0.12989826500415802
17309,0.851743221282959
17310,0.06029472127556801
17311,0.012896954081952572
17312,0.7278261184692383
17313,0.020057708024978638
17314,0.004997867159545422
17315,0.033388592302799225
17316,0.001996114384382963
17317,0.002228263532742858
17318,0.0034092532005161047
17319,0.018025211989879608
17320,0.028598889708518982
17321,0.012343695387244225
17322,0.005541323218494654
17323,0.3062233030796051
17324,0.005465973634272814
17325,0.0016810514498502016
17326,0.03278271108865738
17327,0.030901705846190453
17328,0.034318242222070694
17329,0.056009113788604736
17330,0.023911679163575172
17331,0.8538262248039246
17332,0.14585751295089722
17333,0.012400789186358452
17334,4.5656674774363637e-4
17335,0.011215148493647575
17336,0.007161097135394812
17337,0.00824423786252737
17338,0.18523605167865753
17339,0.008247915655374527
17340,0.026092438027262688
17341,0.8072805404663086
17342,0.08383139967918396
17343,0.008196630515158176
17344,0.2833576202392578
17345,0.07878899574279785
17346,0.0068748220801353455
17347,0.0023351248819381
17348,0.026569142937660217
17349,0.03297007083892822
17350,0.026225559413433075
17351,0.01692548580467701
17352,0.006999760866165161
17353,0.018288349732756615
17354,0.08678146451711655
17355,0.03722572326660156
17356,0.012176936492323875
17357,0.009643401950597763
17358,0.07029799371957779
17359,0.20478087663650513
17360,0.029267044737935066
17361,0.08940284699201584
17362,0.8535786867141724
17363,9.380678529851139e-4
17364,0.021304279565811157
17365,0.006725259590893984
17366,0.0843275636434555
17367,0.0033640102483332157
17368,0.0275453832000494
17369,0.006004748400300741
17370,0.006004748400300741
17371,0.02684595063328743
17372,0.028326520696282387
17373,0.014333702623844147
17374,0.012703370302915573
17375,0.39229223132133484
17376,0.031686730682849884
17377,0.013113074004650116
17378,0.014753108844161034
17379,0.009397586807608604
17380,0.017593540251255035
17381,0.0016277800314128399
17382,0.010715299285948277
17383,0.23488494753837585
17384,0.29903823137283325
17385,0.031008968129754066
17386,0.009616797789931297
17387,0.11576204001903534
17388,0.015518523752689362
17389,0.009834019467234612
17390,0.033925674855709076
17391,0.00521848676726222
17392,0.0024486470501869917
17393,0.029607044532895088
17394,0.029607044532895088
17395,0.012051332741975784
17396,0.005690222140401602
17397,0.010634836740791798
17398,0.01968894712626934
17399,0.010762983933091164
17400,0.10753939300775528
17401,0.007480223197489977
17402,0.19629183411598206
17403,0.19629183411598206
17404,0.19629183411598206
17405,0.012726373970508575
17406,0.022368930280208588
17407,0.08489406108856201
17408,0.007395935710519552
17409,0.0026693716645240784
17410,0.001648650853894651
17411,0.05954982712864876
17412,0.022334445267915726
17413,0.009447295218706131
17414,0.00508484710007906
17415,0.05309649184346199
17416,0.014613747596740723
17417,0.012322477996349335
17418,0.009511603973805904
17419,0.0010918607003986835
17420,1.437213650206104e-4
17421,0.003045695833861828
17422,0.33226919174194336
17423,0.08132556080818176
17424,0.011182505637407303
17425,8.599197026342154e-4
17426,0.006388327106833458
17427,0.0012363543501123786
17428,0.02063663862645626
17429,1.654234011994049e-7
17430,0.002479046117514372
17431,0.012831448577344418
17432,0.030237236991524696
17433,0.011053395457565784
17434,0.07659544795751572
17435,0.01014049630612135
17436,0.011033383198082447
17437,0.007438505534082651
17438,0.009635712951421738
17439,0.0350298210978508
17440,0.02059207484126091
17441,1.3538340226659784e-7
17442,4.593057092279196e-4
17443,4.593057092279196e-4
17444,4.593057092279196e-4
17445,4.593057092279196e-4
17446,0.007472969591617584
17447,0.02688867598772049
17448,0.009396068751811981
17449,0.05171894282102585
17450,0.0017695246497169137
17451,0.012238324619829655
17452,0.006711370777338743
17453,0.002686944091692567
17454,0.17809514701366425
17455,0.7753263711929321
17456,0.2994949221611023
17457,0.01441804226487875
17458,0.012294536456465721
17459,0.020478133112192154
17460,0.020793378353118896
17461,0.005911570508033037
17462,0.5571596026420593
17463,0.056269336491823196
17464,0.01584191806614399
17465,0.018651409074664116
17466,0.007080553565174341
17467,0.007562257349491119
17468,0.007114304229617119
17469,0.012256823480129242
17470,0.016205957159399986
17471,0.005935613997280598
17472,0.05249693989753723
17473,0.12053216993808746
17474,0.03458366170525551
17475,0.07104507833719254
17476,0.09105513989925385
17477,0.004539476707577705
17478,0.021519334986805916
17479,0.5486590266227722
17480,0.046482689678668976
17481,0.08119591325521469
17482,0.7295905947685242
17483,0.012532422319054604
17484,0.14494822919368744
17485,0.2032991498708725
17486,0.00247457274235785
17487,0.011142058297991753
17488,0.010913060046732426
17489,0.3103037476539612
17490,0.00662350794300437
17491,0.06355936825275421
17492,0.06335608661174774
17493,0.03293880447745323
17494,0.04985989257693291
17495,0.7670456171035767
17496,0.019487785175442696
17497,0.0024392446503043175
17498,0.02630726993083954
17499,0.007363399490714073
17500,0.00780501076951623
17501,0.05240079015493393
17502,0.017845269292593002
17503,0.008007833734154701
17504,0.003916138783097267
17505,0.0022062798961997032
17506,0.006664210930466652
17507,0.34380197525024414
17508,0.0037108154501765966
17509,0.005342518445104361
17510,0.001182852778583765
17511,0.04476763680577278
17512,0.010008618235588074
17513,0.013103525154292583
17514,0.07077085971832275
17515,0.018030868843197823
17516,0.09868039935827255
17517,0.01702735759317875
17518,0.00984988920390606
17519,0.3713403046131134
17520,0.03344087302684784
17521,0.007205185480415821
17522,0.465232253074646
17523,0.0016126512782648206
17524,0.02011748217046261
17525,0.03019023686647415
17526,0.38077351450920105
17527,0.10686749219894409
17528,0.02873881347477436
17529,0.23419952392578125
17530,0.15549637377262115
17531,0.005106998607516289
17532,0.05009744316339493
17533,0.005096265114843845
17534,0.005088848527520895
17535,0.09823349863290787
17536,0.006323595531284809
17537,0.004198646172881126
17538,0.8020973801612854
17539,0.14928176999092102
17540,0.00310056796297431
17541,0.2621510624885559
17542,0.010461096651852131
17543,0.005106998607516289
17544,0.005096265114843845
17545,0.005096265114843845
17546,0.07875770330429077
17547,0.08903183043003082
17548,0.005106998607516289
17549,0.021101264283061028
17550,0.012809197418391705
17551,0.00263222586363554
17552,0.17773140966892242
17553,0.012748776003718376
17554,0.0461856946349144
17555,0.1231619119644165
17556,0.0030842814594507217
17557,0.014340919442474842
17558,0.006758832838386297
17559,0.0933283194899559
17560,0.0030842814594507217
17561,0.0016923252260312438
17562,0.4116576611995697
17563,0.08971219509840012
17564,0.021101264283061028
17565,0.04558715596795082
17566,0.0418512262403965
17567,0.045701585710048676
17568,0.008322427049279213
17569,0.06914033740758896
17570,0.001693411497399211
17571,0.004421567544341087
17572,0.014386988244950771
17573,0.49113181233406067
17574,0.05656164512038231
17575,0.010019788518548012
17576,0.2733260691165924
17577,0.006536982487887144
17578,0.40749818086624146
17579,0.034083567559719086
17580,0.006372130010277033
17581,0.31581175327301025
17582,0.027208292856812477
17583,0.5034264326095581
17584,0.06234080716967583
17585,0.8765332102775574
17586,0.725898027420044
17587,0.007718701846897602
17588,0.004051054362207651
17589,0.02783789299428463
17590,0.00462005939334631
17591,0.032563451677560806
17592,0.007534761447459459
17593,0.9491182565689087
17594,0.009359174408018589
17595,0.04477418214082718
17596,0.06286393851041794
17597,0.8381921648979187
17598,0.29501786828041077
17599,0.29501786828041077
17600,0.008195677772164345
17601,0.34194988012313843
17602,0.003801152342930436
17603,0.004498941823840141
17604,0.7995201945304871
17605,0.029276827350258827
17606,0.06322317570447922
17607,0.010548827238380909
17608,0.0021000977139919996
17609,0.0021000977139919996
17610,0.0021275936160236597
17611,0.0029890139121562243
17612,0.0021000977139919996
17613,0.00955168716609478
17614,0.0021000977139919996
17615,0.012230867519974709
17616,0.003643081523478031
17617,0.0018782378174364567
17618,0.0028207076247781515
17619,0.008359666913747787
17620,0.020002540200948715
17621,0.005455808714032173
17622,0.00823222380131483
17623,0.21707729995250702
17624,0.8354390263557434
17625,0.8426293134689331
17626,0.02765507809817791
17627,0.00886048935353756
17628,0.08250462263822556
17629,0.0021000977139919996
17630,0.0019633967895060778
17631,0.6435255408287048
17632,0.008499284274876118
17633,0.04547291621565819
17634,0.2504403293132782
17635,0.016648435965180397
17636,1.3776952982880175e-4
17637,0.03303425759077072
17638,0.009202550165355206
17639,0.003979572094976902
17640,9.098467417061329e-4
17641,0.006451686844229698
17642,0.003979572094976902
17643,0.005026977974921465
17644,0.017456497997045517
17645,0.23743872344493866
17646,0.03697039186954498
17647,0.003074691630899906
17648,0.0020300003234297037
17649,0.1075371578335762
17650,0.8312809467315674
17651,0.08120071887969971
17652,0.003074691630899906
17653,0.003074691630899906
17654,0.006804185453802347
17655,0.3954617381095886
17656,0.0169566310942173
17657,0.1519661396741867
17658,0.32235023379325867
17659,0.001356700318865478
17660,7.517345948144794e-4
17661,0.2055238038301468
17662,0.0019189122831448913
17663,0.5927038788795471
17664,0.001893168198876083
17665,0.24192138016223907
17666,0.008175078779459
17667,0.00798802450299263
17668,0.047497980296611786
17669,0.00956067256629467
17670,0.024071043357253075
17671,0.005335911642760038
17672,0.006323760375380516
17673,0.04332651197910309
17674,0.06865455210208893
17675,0.031282566487789154
17676,0.016970736905932426
17677,0.060423173010349274
17678,0.6094059944152832
17679,0.010407763533294201
17680,0.06997272372245789
17681,0.0019277655519545078
17682,7.224046275950968e-4
17683,0.007811903953552246
17684,0.0037251650355756283
17685,0.234422966837883
17686,0.6499472260475159
17687,0.016100803390145302
17688,0.005526433698832989
17689,0.10026412457227707
17690,0.1920844465494156
17691,0.06410890817642212
17692,0.006167790852487087
17693,0.04887725040316582
17694,0.006078312173485756
17695,0.17072346806526184
17696,0.0318131223320961
17697,0.22096003592014313
17698,0.33077293634414673
17699,0.0038382825441658497
17700,0.01051791850477457
17701,0.02528809942305088
17702,0.8641579151153564
17703,0.016573293134570122
17704,0.0018183673964813352
17705,0.016757907345891
17706,0.018861783668398857
17707,0.021932270377874374
17708,0.006505847908556461
17709,0.03673267737030983
17710,0.035849303007125854
17711,0.008818662725389004
17712,0.0026456909254193306
17713,0.02768867276608944
17714,0.010924614034593105
17715,0.19604584574699402
17716,0.06680786609649658
17717,0.006896871142089367
17718,0.021530989557504654
17719,0.006220125127583742
17720,0.05161771550774574
17721,0.029464788734912872
17722,0.005354809574782848
17723,0.02738437056541443
17724,0.19769367575645447
17725,0.01890723966062069
17726,0.00616031838580966
17727,0.5452528595924377
17728,0.20936498045921326
17729,0.004135919734835625
17730,0.0015501051675528288
17731,0.0033776522614061832
17732,0.017938241362571716
17733,0.015500488691031933
17734,0.023378971964120865
17735,0.04389514401555061
17736,0.00452022347599268
17737,0.7027224898338318
17738,0.012570937164127827
17739,0.09111324697732925
17740,0.005887679290026426
17741,0.05689629167318344
17742,0.0036245156079530716
17743,0.004092643968760967
17744,0.1083192452788353
17745,0.003745738882571459
17746,0.012612063437700272
17747,0.01377094816416502
17748,0.002499890048056841
17749,0.8182865381240845
17750,0.012612063437700272
17751,0.012076633051037788
17752,0.11592288315296173
17753,0.008655697107315063
17754,0.02733948826789856
17755,0.0056657190434634686
17756,0.015607300214469433
17757,0.012138870544731617
17758,0.016752980649471283
17759,0.06776710599660873
17760,0.005451412871479988
17761,0.06905271857976913
17762,0.11838413029909134
17763,4.93752071633935e-4
17764,0.009972335770726204
17765,4.93752071633935e-4
17766,4.93752071633935e-4
17767,0.009972335770726204
17768,4.93752071633935e-4
17769,4.93752071633935e-4
17770,4.93752071633935e-4
17771,4.93752071633935e-4
17772,0.06776710599660873
17773,0.019145846366882324
17774,0.7179555892944336
17775,0.01990152709186077
17776,0.008909606374800205
17777,0.0640149861574173
17778,0.7399196028709412
17779,0.02141953818500042
17780,0.0038060974329710007
17781,0.003165943082422018
17782,0.009331698529422283
17783,0.005042616743594408
17784,0.21959763765335083
17785,0.022159671410918236
17786,0.0040636793710291386
17787,0.025553284212946892
17788,0.0756811574101448
17789,0.7015140652656555
17790,0.004338351543992758
17791,0.2102382332086563
17792,0.003189793787896633
17793,0.026138456538319588
17794,0.03117382526397705
17795,0.024663999676704407
17796,5.375179462134838e-4
17797,0.026854990050196648
17798,0.009573607705533504
17799,0.029390977695584297
17800,0.018740225583314896
17801,0.014713481068611145
17802,0.014747494831681252
17803,0.037676047533750534
17804,0.4367903769016266
17805,0.009236629121005535
17806,0.013109568506479263
17807,0.5463263392448425
17808,0.004553234204649925
17809,0.012051735073328018
17810,0.009045004844665527
17811,0.016779620200395584
17812,0.00388933252543211
17813,0.021984143182635307
17814,0.0030226430390030146
17815,0.0609782375395298
17816,9.158606990240514e-4
17817,0.004020671360194683
17818,0.005864051636308432
17819,0.006796539761126041
17820,0.003918068017810583
17821,0.023082640022039413
17822,0.22662052512168884
17823,0.8433337211608887
17824,0.00211313390173018
17825,0.003941533155739307
17826,0.01592353917658329
17827,0.00882048811763525
17828,0.007389675825834274
17829,0.11817294359207153
17830,0.022379083558917046
17831,0.006646311841905117
17832,0.22429946064949036
17833,0.0084636639803648
17834,0.028140896931290627
17835,0.0020806090906262398
17836,0.04489940032362938
17837,0.006585171911865473
17838,0.006096697878092527
17839,5.304983933456242e-4
17840,5.152887897565961e-4
17841,5.869871820323169e-4
17842,5.869871820323169e-4
17843,5.869871820323169e-4
17844,2.596989506855607e-4
17845,8.535985834896564e-4
17846,0.005433973856270313
17847,0.0014397440245375037
17848,2.596989506855607e-4
17849,0.018066594377160072
17850,0.004232401493936777
17851,5.869871820323169e-4
17852,5.869871820323169e-4
17853,0.0010913376463577151
17854,0.017194868996739388
17855,0.00221945415250957
17856,0.007616952061653137
17857,0.0011679349699988961
17858,0.001790615962818265
17859,0.009040283970534801
17860,0.07502216100692749
17861,0.20961220562458038
17862,0.007889129221439362
17863,5.195715348236263e-4
17864,0.08511268347501755
17865,5.195715348236263e-4
17866,5.195715348236263e-4
17867,5.195715348236263e-4
17868,0.0018917442066594958
17869,5.195715348236263e-4
17870,5.195715348236263e-4
17871,0.011227687820792198
17872,5.195715348236263e-4
17873,0.010598833672702312
17874,5.195715348236263e-4
17875,0.1001572236418724
17876,0.03344856947660446
17877,0.004133972339332104
17878,0.018871966749429703
17879,0.003531148424372077
17880,0.0037085602525621653
17881,0.01341599877923727
17882,0.0018989343661814928
17883,0.059759385883808136
17884,0.027867117896676064
17885,0.808612048625946
17886,0.0018989343661814928
17887,0.01014945562928915
17888,0.07749689370393753
17889,0.830737292766571
17890,0.04983479529619217
17891,0.06213972717523575
17892,0.0083834333345294
17893,0.0100303515791893
17894,0.01648586243391037
17895,0.0027563534677028656
17896,0.74143218994140625
17897,0.008466693572700024
17898,0.7567700147628784
17899,0.009743554517626762
17900,0.04926308989524841
17901,0.039065536111593246
17902,0.7731381058692932
17903,0.005560928490012884
17904,0.003586967010051012
17905,0.04432780295610428
17906,0.017741059884428978
17907,0.057291388511657715
17908,0.014452815987169743
17909,0.009090795181691647
17910,0.00885362084954977
17911,0.00780687527731061
17912,0.0034063481725752354
17913,0.02788795530796051
17914,0.001469789887778461
17915,0.010103898122906685
17916,2.1825765372796013e-7
17917,2.1825765372796013e-7
17918,0.014121378771960735
17919,2.1825765372796013e-7
17920,2.7665817015076755e-7
17921,0.011209053918719292
17922,0.043594855815172195
17923,0.07512838393449783
17924,0.07512838393449783
17925,0.07512838393449783
17926,0.010259495116770267
17927,2.1825765372796013e-7
17928,0.002829554956406355
17929,0.0016733300872147083
17930,0.004289119970053434
17931,0.007616948802024126
17932,5.045880016041338e-7
17933,0.009241011925041676
17934,0.4319104254245758
17935,0.3725243806838989
17936,0.0036463041324168444
17937,0.0038087291177362204
17938,0.002586170332506299
17939,0.08586478978395462
17940,0.0038995984941720963
17941,0.005488920025527477
17942,0.019956395030021667
17943,0.02319498546421528
17944,0.015094056725502014
17945,0.0010113597381860018
17946,7.284130551852286e-4
17947,0.003013028297573328
17948,0.017755042761564255
17949,0.02197282947599888
17950,0.24157148599624634
17951,0.020238373428583145
17952,0.30230921506881714
17953,0.017169127240777016
17954,0.017169127240777016
17955,0.008540373295545578
17956,0.015813158825039864
17957,0.387984961271286
17958,0.0037938214372843504
17959,0.0033159395679831505
17960,0.0033159395679831505
17961,0.0033159395679831505
17962,0.0034091027919203043
17963,0.019469132646918297
17964,0.005687244236469269
17965,0.00333900423720479
17966,0.018764877691864967
17967,0.46269866824150085
17968,0.015750793740153313
17969,0.004099061246961355
17970,0.519556999206543
17971,0.026969200000166893
17972,0.008407923392951488
17973,0.008390873670578003
17974,0.3329613506793976
17975,0.04869282990694046
17976,0.022519782185554504
17977,0.021764196455478668
17978,0.003614356042817235
17979,0.0042630028910934925
17980,0.009855642914772034
17981,0.003614356042817235
17982,0.003614356042817235
17983,0.018641849979758263
17984,0.0032274355180561543
17985,0.003379425033926964
17986,0.004119652323424816
17987,0.011944637633860111
17988,0.00849298108369112
17989,0.19217610359191895
17990,0.025129199028015137
17991,0.013014222495257854
17992,0.1743483543395996
17993,0.033677924424409866
17994,0.015858618542551994
17995,0.009704635478556156
17996,0.027777306735515594
17997,0.022992458194494247
17998,0.01040945015847683
17999,0.010135787539184093
18000,4.7139881644397974e-4
18001,0.00654510036110878
18002,0.004770271014422178
18003,0.0042372532188892365
18004,0.003251998219639063
18005,0.0286032035946846
18006,0.01292355079203844
18007,0.11839843541383743
18008,0.009877816773951054
18009,0.003247432876378298
18010,0.00476935226470232
18011,0.011549131013453007
18012,0.021484510973095894
18013,0.3821565508842468
18014,0.01103929989039898
18015,0.8360143899917603
18016,0.0029298157896846533
18017,0.004223966971039772
18018,0.010831509716808796
18019,0.008897703140974045
18020,0.011218554340302944
18021,0.006465780548751354
18022,0.009654493071138859
18023,0.021116679534316063
18024,0.016335390508174896
18025,0.009188665077090263
18026,0.016230972483754158
18027,0.008819238282740116
18028,0.005162776913493872
18029,0.03354116901755333
18030,0.009057708084583282
18031,0.00336003047414124
18032,0.012339278124272823
18033,0.009999512694776058
18034,0.008044096641242504
18035,0.006921384017914534
18036,0.015356398187577724
18037,0.006136998534202576
18038,8.513039801982814e-7
18039,0.03398555517196655
18040,0.03218208998441696
18041,0.24000926315784454
18042,0.011672561056911945
18043,0.0017389776185154915
18044,0.009515018202364445
18045,0.00594048947095871
18046,0.025996418669819832
18047,0.007476076018065214
18048,0.01067657396197319
18049,4.610624091583304e-5
18050,0.008507015183568
18051,0.008790170773863792
18052,0.06354113668203354
18053,0.007385040167719126
18054,0.005515438504517078
18055,0.02067890577018261
18056,0.007796661462634802
18057,0.005972641985863447
18058,0.04434008523821831
18059,0.04736972600221634
18060,0.012383930385112762
18061,0.013717609457671642
18062,0.057464271783828735
18063,0.25150245428085327
18064,0.018511133268475533
18065,0.002732417779043317
18066,0.35200411081314087
18067,0.07224103063344955
18068,0.400908887386322
18069,0.06368377059698105
18070,0.013505428098142147
18071,0.5681474208831787
18072,0.3007074296474457
18073,0.016085749492049217
18074,1.155435597866017e-6
18075,0.015267127193510532
18076,0.02381812036037445
18077,0.24336844682693481
18078,0.03023408353328705
18079,0.37949153780937195
18080,0.6303027272224426
18081,0.05775371938943863
18082,0.0950431078672409
18083,0.016042305156588554
18084,0.016042305156588554
18085,0.02528352290391922
18086,0.08195099979639053
18087,0.013761191628873348
18088,0.005600136239081621
18089,0.01605098694562912
18090,0.009047629311680794
18091,0.016477005556225777
18092,0.026559362187981606
18093,0.003917219117283821
18094,0.0033852437045425177
18095,0.00881632138043642
18096,0.03713611140847206
18097,0.001967102289199829
18098,0.010771567933261395
18099,0.09701903909444809
18100,0.8279735445976257
18101,0.0974239706993103
18102,0.06956982612609863
18103,0.11941561847925186
18104,0.027111254632472992
18105,0.21203207969665527
18106,0.0053667365573346615
18107,0.0052320403046905994
18108,0.0691835880279541
18109,0.013468775898218155
18110,0.0034554258454591036
18111,0.013518985360860825
18112,0.09203502535820007
18113,0.19960369169712067
18114,0.005648192949593067
18115,0.00581092294305563
18116,0.01213687565177679
18117,0.009472389705479145
18118,0.003973354585468769
18119,0.003973354585468769
18120,0.22855481505393982
18121,0.003973354585468769
18122,0.003973354585468769
18123,0.003973354585468769
18124,0.49673938751220703
18125,0.001578262890689075
18126,0.006493543274700642
18127,0.013545503839850426
18128,0.5198543667793274
18129,0.0035045689437538385
18130,0.025627663359045982
18131,0.024135544896125793
18132,0.013184184208512306
18133,0.6676914095878601
18134,0.08496597409248352
18135,0.013517026789486408
18136,0.0011295236181467772
18137,0.03194969519972801
18138,0.0011295236181467772
18139,0.4586030840873718
18140,0.011349775828421116
18141,0.004992111120373011
18142,0.25869661569595337
18143,0.006773608736693859
18144,0.03172716870903969
18145,0.03194969519972801
18146,0.48870131373405457
18147,0.09933863580226898
18148,0.14907601475715637
18149,0.04583802446722984
18150,0.3926681876182556
18151,0.0059618884697556496
18152,0.011293241754174232
18153,0.027049101889133453
18154,0.0060453638434410095
18155,0.009710892103612423
18156,0.01591760665178299
18157,0.028148001059889793
18158,0.010867910459637642
18159,0.0076608783565461636
18160,0.00889152754098177
18161,0.00623342115432024
18162,0.012371695600450039
18163,0.015894602984189987
18164,0.009278487414121628
18165,0.008598621934652328
18166,6.992622511461377e-4
18167,0.013685897924005985
18168,0.005886373110115528
18169,0.008181082084774971
18170,0.29097601771354675
18171,0.029585152864456177
18172,0.025378571823239326
18173,0.04251133278012276
18174,0.03451741486787796
18175,0.027342692017555237
18176,0.004053082782775164
18177,0.008077106438577175
18178,0.010655988939106464
18179,0.13460102677345276
18180,0.4770956337451935
18181,2.750980172550044e-7
18182,0.005226904526352882
18183,0.07246920466423035
18184,0.039361871778964996
18185,0.012340952642261982
18186,0.06733191013336182
18187,0.005905663128942251
18188,0.011187073774635792
18189,0.8861491680145264
18190,0.09267465025186539
18191,0.006826676428318024
18192,0.16871917247772217
18193,0.599175751209259
18194,0.006483384873718023
18195,0.017728865146636963
18196,0.006076243240386248
18197,0.1260557770729065
18198,0.010118965990841389
18199,0.5867331027984619
18200,0.004742216784507036
18201,0.0035322709009051323
18202,0.846011221408844
18203,0.007484628818929195
18204,0.015994934365153313
18205,0.6852261424064636
18206,0.1320403665304184
18207,0.006748338229954243
18208,0.03499859943985939
18209,0.05692479759454727
18210,0.0278097502887249
18211,0.016540374606847763
18212,0.01683533750474453
18213,0.002006898168474436
18214,0.1531383991241455
18215,0.01127416081726551
18216,0.6494991183280945
18217,0.24911858141422272
18218,0.008421724662184715
18219,0.00866104569286108
18220,0.019261592999100685
18221,0.008902271278202534
18222,0.009600412100553513
18223,0.002414632122963667
18224,0.011918267235159874
18225,0.002414632122963667
18226,0.002414632122963667
18227,0.0025465290527790785
18228,0.002414632122963667
18229,0.002414632122963667
18230,0.0015044393949210644
18231,0.002067005028948188
18232,0.0025465290527790785
18233,0.002414632122963667
18234,0.0025465290527790785
18235,0.0025465290527790785
18236,0.002414632122963667
18237,0.002414632122963667
18238,0.002414632122963667
18239,0.007016096264123917
18240,0.008607719093561172
18241,0.009824682958424091
18242,0.05386953055858612
18243,0.7581416368484497
18244,0.012826272286474705
18245,0.01079209428280592
18246,0.02703268826007843
18247,0.7068697214126587
18248,0.02840394712984562
18249,0.05127844959497452
18250,0.022956307977437973
18251,0.09170527756214142
18252,0.8926641941070557
18253,0.4769190549850464
18254,0.773429811000824
18255,0.0055741071701049805
18256,0.06188945472240448
18257,0.1230071485042572
18258,0.024282678961753845
18259,0.01339583657681942
18260,0.06471488624811172
18261,0.3144477903842926
18262,0.027357064187526703
18263,0.10715384781360626
18264,0.3163975477218628
18265,0.007465595379471779
18266,0.053455036133527756
18267,0.005318515934050083
18268,0.005318515934050083
18269,0.8425630331039429
18270,0.013094198890030384
18271,0.013632820919156075
18272,0.8418912887573242
18273,0.2269248068332672
18274,0.0991954579949379
18275,0.01410435326397419
18276,0.17404580116271973
18277,0.0060766926035285
18278,2.8977109423067304e-7
18279,0.01630573533475399
18280,0.008749837055802345
18281,0.0025674221105873585
18282,0.015775371342897415
18283,0.17325879633426666
18284,0.3174256682395935
18285,0.012481698766350746
18286,0.01358286663889885
18287,0.5296018123626709
18288,0.09671123325824738
18289,0.01358286663889885
18290,0.010105505585670471
18291,0.005022243596613407
18292,0.1893645077943802
18293,0.011411155574023724
18294,0.013653546571731567
18295,0.2373935431241989
18296,0.045714057981967926
18297,0.0061918287537992
18298,0.027187714353203773
18299,0.00609169015660882
18300,0.007697140797972679
18301,0.003238455858081579
18302,4.373971314635128e-4
18303,0.0017253892729058862
18304,0.21024450659751892
18305,0.024651993066072464
18306,0.0032284939661622047
18307,0.007744294125586748
18308,0.4374999403953552
18309,0.0032034670002758503
18310,0.03728440776467323
18311,0.01598808355629444
18312,0.37237462401390076
18313,0.0026160632260143757
18314,0.25206416845321655
18315,0.005437490530312061
18316,0.026289748027920723
18317,0.0018172996351495385
18318,0.0048586162738502026
18319,0.0018172996351495385
18320,0.0018172996351495385
18321,0.006465483922511339
18322,0.0018172996351495385
18323,0.0018172996351495385
18324,0.020784273743629456
18325,0.011716938577592373
18326,0.0018172996351495385
18327,0.01763584464788437
18328,0.0018172996351495385
18329,0.0018172996351495385
18330,0.0018172996351495385
18331,0.0018172996351495385
18332,0.0018172996351495385
18333,0.0018172996351495385
18334,0.0029143195133656263
18335,0.012137893587350845
18336,0.010844923555850983
18337,0.007452954072505236
18338,0.00753529230132699
18339,0.005704027600586414
18340,0.009400477632880211
18341,0.00753529230132699
18342,0.6023561954498291
18343,0.0018172996351495385
18344,0.20124512910842896
18345,0.05758240073919296
18346,0.3732956647872925
18347,0.00856633298099041
18348,0.0018172996351495385
18349,0.0050271544605493546
18350,0.15952397882938385
18351,0.005407920107245445
18352,0.0018172996351495385
18353,0.18434976041316986
18354,0.052674803882837296
18355,0.0027728015556931496
18356,0.8977016806602478
18357,0.00557735888287425
18358,0.2667675316333771
18359,0.013567017391324043
18360,0.009441915899515152
18361,0.05208101496100426
18362,0.004496236331760883
18363,0.010297016240656376
18364,0.5755012631416321
18365,0.06930074095726013
18366,0.0024737596977502108
18367,0.016485029831528664
18368,0.8337801098823547
18369,0.010503245517611504
18370,0.7746220231056213
18371,0.025389540940523148
18372,1.0891643614741042e-4
18373,0.5085890293121338
18374,7.850070251151919e-4
18375,7.850070251151919e-4
18376,7.850070251151919e-4
18377,7.850070251151919e-4
18378,0.02134772762656212
18379,7.850070251151919e-4
18380,7.850070251151919e-4
18381,7.850070251151919e-4
18382,7.850070251151919e-4
18383,7.850070251151919e-4
18384,7.850070251151919e-4
18385,7.850070251151919e-4
18386,7.850070251151919e-4
18387,7.850070251151919e-4
18388,7.850070251151919e-4
18389,7.850070251151919e-4
18390,0.03352067992091179
18391,0.05091142654418945
18392,0.02128003165125847
18393,7.850070251151919e-4
18394,7.850070251151919e-4
18395,0.05876465514302254
18396,0.0016305821482092142
18397,0.018885843455791473
18398,0.010308732278645039
18399,0.013425588607788086
18400,0.7441728711128235
18401,0.035192470997571945
18402,0.006688874214887619
18403,0.016335705295205116
18404,0.004603690467774868
18405,0.0075578028336167336
18406,0.004603690467774868
18407,0.012429981492459774
18408,5.3680403652833775e-5
18409,0.00877903401851654
18410,0.023133806884288788
18411,0.028814509510993958
18412,0.2760830819606781
18413,0.3821167051792145
18414,0.035289816558361053
18415,0.05950693041086197
18416,0.6970621943473816
18417,0.013590233400464058
18418,0.12338370084762573
18419,0.23729228973388672
18420,0.01290949434041977
18421,0.0038139617536216974
18422,0.23141130805015564
18423,0.1884198784828186
18424,0.10313419997692108
18425,0.011261357925832272
18426,0.7578212022781372
18427,0.8387858271598816
18428,0.00736092496663332
18429,0.25918492674827576
18430,0.007969116792082787
18431,0.009590547531843185
18432,0.006910739932209253
18433,0.006132437381893396
18434,0.4699535071849823
18435,0.6129210591316223
18436,0.7578212022781372
18437,0.006906725466251373
18438,0.02448931336402893
18439,0.08156885951757431
18440,0.057423464953899384
18441,0.0014150902861729264
18442,0.0028087261598557234
18443,0.0014150902861729264
18444,0.008128632791340351
18445,0.04929811879992485
18446,0.25469785928726196
18447,0.005254533141851425
18448,0.004944233223795891
18449,0.3818095028400421
18450,0.284668505191803
18451,0.005070623010396957
18452,0.007727698888629675
18453,0.19316448271274567
18454,0.05572239309549332
18455,0.0770128145813942
18456,0.12286905199289322
18457,0.12286905199289322
18458,0.07587835937738419
18459,0.00880903098732233
18460,0.009151025675237179
18461,0.095902219414711
18462,0.0108179384842515
18463,0.2030337005853653
18464,0.004314005840569735
18465,0.002511941362172365
18466,0.006338038947433233
18467,0.009565970860421658
18468,0.04871957376599312
18469,0.0056685213930904865
18470,0.0841977670788765
18471,0.8349592089653015
18472,0.0033215770963579416
18473,0.0549616664648056
18474,0.03504980355501175
18475,0.0027261374052613974
18476,0.7404614686965942
18477,0.2728942334651947
18478,0.0029802503995597363
18479,0.006594489794224501
18480,0.06301770359277725
18481,0.007047676481306553
18482,0.01690485328435898
18483,0.16238468885421753
18484,0.21262216567993164
18485,0.024963971227407455
18486,0.012327783741056919
18487,8.95452278200537e-4
18488,0.03415730223059654
18489,0.005625811405479908
18490,0.01624365523457527
18491,0.05719122290611267
18492,0.002985805505886674
18493,0.003940037917345762
18494,0.004909776616841555
18495,0.03654032200574875
18496,0.008119791746139526
18497,0.15483148396015167
18498,0.005077762063592672
18499,0.0030959094874560833
18500,0.002823206130415201
18501,0.003745132125914097
18502,0.01132083497941494
18503,0.025330815464258194
18504,0.3422333300113678
18505,0.006216485984623432
18506,0.37561267614364624
18507,0.028201626613736153
18508,0.283163458108902
18509,0.05578898638486862
18510,0.00493957381695509
18511,0.02140512503683567
18512,0.012480070814490318
18513,0.0024424002040177584
18514,0.059237562119960785
18515,0.027063103392720222
18516,0.002483594696968794
18517,0.11385518312454224
18518,0.006394634954631329
18519,0.0045399609953165054
18520,0.005776145961135626
18521,0.0034374913666397333
18522,0.0032342674676328897
18523,0.22549763321876526
18524,0.009995841421186924
18525,0.006216485984623432
18526,0.009692187421023846
18527,0.20863044261932373
18528,0.33069199323654175
18529,0.07365821301937103
18530,0.01110237929970026
18531,0.27828124165534973
18532,0.10121730715036392
18533,0.013531570322811604
18534,0.06292220950126648
18535,0.016923414543271065
18536,0.007435447070747614
18537,0.02458955906331539
18538,0.012797909788787365
18539,0.02611200511455536
18540,0.005403549410402775
18541,0.006069020368158817
18542,0.03997550904750824
18543,0.02534274011850357
18544,0.0016939111519604921
18545,0.012330559082329273
18546,0.012948013842105865
18547,0.003520136931911111
18548,0.004588404670357704
18549,0.11012149602174759
18550,0.010520000010728836
18551,0.1197545975446701
18552,0.03307591378688812
18553,0.00778698455542326
18554,8.115734431157762e-7
18555,0.007549438159912825
18556,0.00621833885088563
18557,0.014442136511206627
18558,0.005384368356317282
18559,0.0034609525464475155
18560,0.02533227577805519
18561,0.03040829673409462
18562,0.012510217726230621
18563,0.8277310729026794
18564,0.004603047855198383
18565,0.004603047855198383
18566,0.004603047855198383
18567,0.004603047855198383
18568,0.004603047855198383
18569,0.002387818181887269
18570,0.0014745235675945878
18571,0.002387818181887269
18572,0.010583397932350636
18573,0.002778025111183524
18574,0.005357812158763409
18575,0.08631674945354462
18576,0.0019695539958775043
18577,0.010500594042241573
18578,0.009447099640965462
18579,0.008059486746788025
18580,0.028374865651130676
18581,0.006164520513266325
18582,0.006164520513266325
18583,0.06018297001719475
18584,0.379656583070755
18585,0.011199608445167542
18586,0.019245188683271408
18587,0.00560267549008131
18588,0.42131635546684265
18589,0.024273574352264404
18590,0.011387200094759464
18591,0.002841311041265726
18592,0.11537680774927139
18593,0.015448976308107376
18594,0.006112894508987665
18595,0.05144248157739639
18596,0.00478545343503356
18597,0.009166737087070942
18598,2.5995083774432715e-7
18599,3.738854138646275e-4
18600,0.0066690328530967236
18601,0.0015263321110978723
18602,0.013923685997724533
18603,0.10645046830177307
18604,0.002767808036878705
18605,0.011741308495402336
18606,0.033023715019226074
18607,0.07513441145420074
18608,0.009824186563491821
18609,0.397397518157959
18610,0.0034518009051680565
18611,0.024994120001792908
18612,0.034000497311353683
18613,0.010410726070404053
18614,0.007887409068644047
18615,0.01270199567079544
18616,0.7712206840515137
18617,0.00679662125185132
18618,0.010053716599941254
18619,0.007537175435572863
18620,0.02231559157371521
18621,0.012420276179909706
18622,0.021117625758051872
18623,0.02272856794297695
18624,0.02603103220462799
18625,0.031065570190548897
18626,0.008720370009541512
18627,0.20477443933486938
18628,0.012133793905377388
18629,9.77950170636177e-4
18630,0.0028997655026614666
18631,0.08943656831979752
18632,0.7418936491012573
18633,0.010516981594264507
18634,0.010244553908705711
18635,0.018592428416013718
18636,0.10911303758621216
18637,0.00977251771837473
18638,0.008957253769040108
18639,0.007583016995340586
18640,0.07740872353315353
18641,0.02011403813958168
18642,0.10396190732717514
18643,0.02031971514225006
18644,0.008923082612454891
18645,0.005354776047170162
18646,0.002822843613103032
18647,0.01028295699506998
18648,0.00831657275557518
18649,0.0020936233922839165
18650,0.010632037185132504
18651,0.034214653074741364
18652,0.007495039142668247
18653,0.006171551067382097
18654,0.04436410218477249
18655,0.0420488677918911
18656,0.028007086366415024
18657,0.008261699229478836
18658,0.016966411843895912
18659,0.008653569035232067
18660,0.003988177515566349
18661,0.001954071456566453
18662,0.04747674614191055
18663,0.006364252418279648
18664,0.22282913327217102
18665,0.05321962758898735
18666,0.05321962758898735
18667,0.013994255103170872
18668,0.05321962758898735
18669,0.02719060145318508
18670,0.05321962758898735
18671,0.013934336602687836
18672,0.0013594635529443622
18673,0.20898012816905975
18674,0.03788743168115616
18675,0.006364252418279648
18676,0.20898012816905975
18677,0.011064962483942509
18678,0.006364252418279648
18679,0.07809320092201233
18680,0.006364252418279648
18681,0.006364252418279648
18682,0.006364252418279648
18683,0.003183681983500719
18684,0.006364252418279648
18685,0.037941548973321915
18686,0.007758586201816797
18687,0.01803024858236313
18688,0.002538395579904318
18689,0.11724459379911423
18690,0.013934336602687836
18691,0.003246246138587594
18692,0.012459594756364822
18693,0.02278940938413143
18694,0.012459594756364822
18695,0.8146728873252869
18696,0.027119895443320274
18697,0.14740438759326935
18698,0.016566703096032143
18699,0.01707550324499607
18700,4.3584654463302286e-7
18701,0.01132375467568636
18702,0.0038887853734195232
18703,0.08194641768932343
18704,0.39285969734191895
18705,0.004555588122457266
18706,0.006421336438506842
18707,0.006421336438506842
18708,0.004633023869246244
18709,0.006968924775719643
18710,0.004106392618268728
18711,0.13531532883644104
18712,0.006421336438506842
18713,0.02995719201862812
18714,0.028578411787748337
18715,0.06728380918502808
18716,0.003419930348172784
18717,0.00582110183313489
18718,0.005052393767982721
18719,0.007690743543207645
18720,0.02902854047715664
18721,0.24056904017925262
18722,0.002301421482115984
18723,0.006749651860445738
18724,0.013594881631433964
18725,0.013594881631433964
18726,0.013594881631433964
18727,4.7081816592253745e-4
18728,0.0015869810013100505
18729,0.006188853643834591
18730,0.02818407490849495
18731,0.014070121571421623
18732,0.011650544591248035
18733,0.010172302834689617
18734,0.012617610394954681
18735,0.009524612687528133
18736,6.053555407561362e-4
18737,0.03030466102063656
18738,0.006347156595438719
18739,0.014070121571421623
18740,0.0015643337974324822
18741,0.004814098123461008
18742,0.012746862135827541
18743,0.0018524581100791693
18744,0.003266925923526287
18745,0.07417021691799164
18746,0.006279717665165663
18747,0.017031237483024597
18748,0.013246111571788788
18749,0.01890488527715206
18750,0.005295287352055311
18751,0.0016948268748819828
18752,0.07435246556997299
18753,0.0033781968522816896
18754,0.1440308839082718
18755,0.0012787312734872103
18756,0.0030732187442481518
18757,0.006786292418837547
18758,0.027187740430235863
18759,0.0016948300180956721
18760,0.11623691767454147
18761,0.1175488606095314
18762,0.022903891280293465
18763,0.026821639388799667
18764,0.015280545689165592
18765,0.010839594528079033
18766,0.01930868625640869
18767,0.017019642516970634
18768,0.07292325794696808
18769,0.004055135417729616
18770,0.060472000390291214
18771,0.007873018272221088
18772,0.012927108444273472
18773,0.003970012068748474
18774,0.0066077569499611855
18775,0.002195900771766901
18776,0.03880329430103302
18777,0.006196263246238232
18778,0.024208031594753265
18779,0.010337656363844872
18780,0.023044439032673836
18781,0.19017285108566284
18782,0.16030465066432953
18783,0.010593444108963013
18784,0.02169528417289257
18785,0.027427544817328453
18786,0.008024334907531738
18787,0.0031306769233196974
18788,0.02691914141178131
18789,0.8909236788749695
18790,0.027921099215745926
18791,0.010084868408739567
18792,0.008089007809758186
18793,0.012517742812633514
18794,0.0030841187108308077
18795,0.016404462978243828
18796,0.010830325074493885
18797,0.006121693179011345
18798,0.004685441497713327
18799,0.0018403910798951983
18800,0.0018403910798951983
18801,0.0018403910798951983
18802,0.0023919392842799425
18803,0.0023919392842799425
18804,0.0023919392842799425
18805,0.8040540814399719
18806,0.0681689903140068
18807,0.005497334524989128
18808,0.004865290597081184
18809,0.004260754678398371
18810,0.002585472073405981
18811,0.3010903596878052
18812,0.050625279545784
18813,0.006140455137938261
18814,0.014224999584257603
18815,0.014224999584257603
18816,0.04252395033836365
18817,0.013046196661889553
18818,0.018995095044374466
18819,0.003014660207554698
18820,0.01755431294441223
18821,0.8172991871833801
18822,0.00933183915913105
18823,0.0024473497178405523
18824,0.010123667307198048
18825,0.22826416790485382
18826,2.843647380359471e-4
18827,0.012212342582643032
18828,0.006969855632632971
18829,0.010158565826714039
18830,0.06555099040269852
18831,0.01123100146651268
18832,0.06555099040269852
18833,0.024523138999938965
18834,0.004777232650667429
18835,0.015629595145583153
18836,0.03413717821240425
18837,4.518127752817236e-5
18838,0.24626891314983368
18839,0.0024661945644766092
18840,0.0034730120096355677
18841,0.0034730120096355677
18842,0.00979067012667656
18843,0.0034730120096355677
18844,0.006510154809802771
18845,0.006510154809802771
18846,0.006510154809802771
18847,6.871530786156654e-4
18848,0.003996772691607475
18849,0.0028502633795142174
18850,0.014586744830012321
18851,0.0057367486879229546
18852,0.0037609338760375977
18853,0.059439804404973984
18854,0.005510358605533838
18855,0.03476019203662872
18856,0.016916008666157722
18857,0.02736440673470497
18858,0.7304613590240479
18859,0.02413766458630562
18860,0.009847215376794338
18861,0.011153270490467548
18862,0.32531189918518066
18863,0.09644756466150284
18864,0.7946096062660217
18865,0.0028845856431871653
18866,0.009504436515271664
18867,0.021988390013575554
18868,0.01736893318593502
18869,0.008557905443012714
18870,7.828186062397435e-5
18871,0.012049260549247265
18872,0.004044149536639452
18873,0.006661733612418175
18874,0.002245941199362278
18875,0.008501341566443443
18876,0.013897260650992393
18877,0.0035260228905826807
18878,0.028569824993610382
18879,0.009344851598143578
18880,0.0036869526375085115
18881,0.008557905443012714
18882,0.0033898313995450735
18883,0.40925532579421997
18884,8.35560931591317e-5
18885,2.9006523618591018e-5
18886,3.6771275335922837e-4
18887,0.00488975178450346
18888,0.0018829941982403398
18889,3.672910970635712e-4
18890,0.009507663547992706
18891,0.10104335844516754
18892,0.0035115366335958242
18893,0.007878570817410946
18894,0.0020256408024579287
18895,0.012611189857125282
18896,0.006291652098298073
18897,0.0015875304816290736
18898,0.0028708772733807564
18899,0.04301684349775314
18900,0.0037841489538550377
18901,0.008290519937872887
18902,6.87390798702836e-4
18903,0.0018829941982403398
18904,0.032919105142354965
18905,6.87390798702836e-4
18906,0.008290519937872887
18907,0.008290519937872887
18908,0.0024979165755212307
18909,6.87390798702836e-4
18910,0.0014786279061809182
18911,0.03291909024119377
18912,0.005176966078579426
18913,0.0018829941982403398
18914,0.001775984768755734
18915,0.008290519937872887
18916,0.0018829941982403398
18917,0.008290519937872887
18918,0.008290519937872887
18919,0.008290519937872887
18920,0.0018829941982403398
18921,0.0028961198404431343
18922,0.005412580445408821
18923,0.01497482880949974
18924,0.0011948643950745463
18925,0.032919105142354965
18926,0.0018829941982403398
18927,0.001775984768755734
18928,0.032919105142354965
18929,6.87390798702836e-4
18930,0.032919105142354965
18931,0.032919105142354965
18932,6.87390798702836e-4
18933,0.005412580445408821
18934,0.003825252177193761
18935,0.012438390403985977
18936,0.3781405985355377
18937,0.006299166474491358
18938,0.024189162999391556
18939,0.0026124983560293913
18940,0.017583390697836876
18941,0.099083051085472107
18942,0.0073608034290373325
18943,0.004010759759694338
18944,0.021211782470345497
18945,0.007570675108581781
18946,0.006558468099683523
18947,0.006558468099683523
18948,0.006558468099683523
18949,0.005568501073867083
18950,0.053914155811071396
18951,0.02475077472627163
18952,0.009713208302855492
18953,0.009713208302855492
18954,0.26550015807151794
18955,0.0264644343405962
18956,0.2948266565799713
18957,0.8666259050369263
18958,0.005452679470181465
18959,0.005452679470181465
18960,0.016948193311691284
18961,0.025721659883856773
18962,0.008362039923667908
18963,0.07077954709529877
18964,0.005833502858877182
18965,0.0016665610019117594
18966,0.0016665610019117594
18967,0.06087976321578026
18968,0.11175984889268875
18969,0.004800647497177124
18970,0.016128232702612877
18971,0.010862216353416443
18972,0.011376850306987762
18973,0.007233295124024153
18974,0.007233295124024153
18975,0.007233295124024153
18976,0.007233295124024153
18977,0.007233295124024153
18978,0.002033483237028122
18979,0.0062212832272052765
18980,0.021354572847485542
18981,0.09572655707597733
18982,0.8251490592956543
18983,0.011108636856079102
18984,0.022374460473656654
18985,0.014280303381383419
18986,2.949849877040833e-4
18987,0.0016665610019117594
18988,9.12246061488986e-4
18989,0.07971549779176712
18990,0.0018750829622149467
18991,0.006342785432934761
18992,0.00514638889580965
18993,0.09657364338636398
18994,0.010002708993852139
18995,0.0037457020953297615
18996,0.23339293897151947
18997,0.0019384422339498997
18998,0.02451363392174244
18999,0.010746913030743599
19000,0.429203599691391
19001,0.017233503982424736
19002,0.0020237097050994635
19003,0.04074886813759804
19004,0.3951379358768463
19005,0.007532098796218634
19006,0.005324629135429859
19007,0.09230253845453262
19008,0.005954539403319359
19009,0.007141727488487959
19010,0.027161672711372375
19011,0.027161672711372375
19012,0.04575620964169502
19013,0.011328143067657948
19014,0.017035022377967834
19015,0.005179961211979389
19016,0.003543473081663251
19017,3.333234701585752e-7
19018,0.0025700367987155914
19019,0.007852976210415363
19020,0.009526852518320084
19021,0.010764467529952526
19022,0.05495847389101982
19023,0.2201366424560547
19024,0.00244321976788342
19025,0.007561941631138325
19026,0.06286435574293137
19027,0.3782764673233032
19028,0.0035520466044545174
19029,0.012859171256422997
19030,0.4200241267681122
19031,0.2438056319952011
19032,0.001137387822382152
19033,0.006327237002551556
19034,0.0026244833134114742
19035,0.047866225242614746
19036,0.009928724728524685
19037,0.002774028107523918
19038,0.006136373616755009
19039,0.0013527199625968933
19040,0.014348653145134449
19041,0.020997291430830956
19042,0.0029697108548134565
19043,0.010526259429752827
19044,0.009878288023173809
19045,0.0031011898536235094
19046,0.014119022525846958
19047,0.8801910877227783
19048,0.0010733922244980931
19049,0.009037049487233162
19050,0.009486147202551365
19051,0.009098663926124573
19052,0.02131647989153862
19053,0.004537724889814854
19054,0.005160225089639425
19055,0.006623927969485521
19056,0.005182878579944372
19057,0.021002043038606644
19058,0.010909786447882652
19059,0.02489844150841236
19060,0.07653797417879105
19061,0.022115888074040413
19062,0.047810230404138565
19063,0.029065130278468132
19064,0.007630906533449888
19065,0.03774067759513855
19066,0.029065130278468132
19067,0.004637739155441523
19068,0.004637739155441523
19069,0.015550295822322369
19070,0.01246660202741623
19071,0.015600444748997688
19072,0.015550295822322369
19073,0.011890638619661331
19074,0.010245603509247303
19075,0.00421866774559021
19076,0.075022853910923
19077,0.0355951152741909
19078,0.0355951152741909
19079,0.004106930457055569
19080,0.026390597224235535
19081,0.020214343443512917
19082,0.002411788795143366
19083,0.024269860237836838
19084,0.07779915630817413
19085,0.007708219811320305
19086,0.0035552617628127337
19087,0.08557877689599991
19088,0.0557507649064064
19089,0.02658098377287388
19090,0.0027479121927171946
19091,0.005444653797894716
19092,0.1701926290988922
19093,0.1701926290988922
19094,0.0026985506992787123
19095,0.0026985506992787123
19096,0.02658098377287388
19097,0.007758623454719782
19098,0.009976408444344997
19099,0.023435790091753006
19100,0.009637956507503986
19101,0.04393703117966652
19102,0.0035374322906136513
19103,0.004629950970411301
19104,0.01811836287379265
19105,0.1701926290988922
19106,1.3084137435726007e-6
19107,0.002501470735296607
19108,0.018032880499958992
19109,0.08871466666460037
19110,0.003907118458300829
19111,0.06599520891904831
19112,0.010103484615683556
19113,0.3196543753147125
19114,0.03289269655942917
19115,0.03654742240905762
19116,0.021582668647170067
19117,0.009431259706616402
19118,0.024442123249173164
19119,0.02381868101656437
19120,0.033454276621341705
19121,0.0555914081633091
19122,0.004278458189219236
19123,0.19321583211421967
19124,0.00689537962898612
19125,0.007788517512381077
19126,0.007788517512381077
19127,0.007788517512381077
19128,0.007788517512381077
19129,0.007788517512381077
19130,0.0013477022293955088
19131,0.002074370626360178
19132,0.007788517512381077
19133,0.007788517512381077
19134,0.007788517512381077
19135,0.007788513787090778
19136,0.007788513787090778
19137,0.007788517512381077
19138,0.007788517512381077
19139,0.007788517512381077
19140,0.008112102746963501
19141,0.022724444046616554
19142,0.0015364448772743344
19143,0.02462374046444893
19144,0.0043283444829285145
19145,0.02590637281537056
19146,0.003106085117906332
19147,0.01083091739565134
19148,0.07169175893068314
19149,0.7753722667694092
19150,0.023328524082899094
19151,0.018048230558633804
19152,0.061627842485904694
19153,0.005627924110740423
19154,0.003757248166948557
19155,0.21544259786605835
19156,0.17210623621940613
19157,0.17213290929794312
19158,0.018876049667596817
19159,0.007561695761978626
19160,0.21544259786605835
19161,0.010996133089065552
19162,0.17210623621940613
19163,0.005070723593235016
19164,0.003952098544687033
19165,0.04684371128678322
19166,0.0011486849980428815
19167,0.0011486849980428815
19168,0.011376024223864079
19169,0.01983468048274517
19170,0.024770431220531464
19171,0.0054215360432863235
19172,0.04507306590676308
19173,0.023834791034460068
19174,0.007947564125061035
19175,0.013456274755299091
19176,0.011376024223864079
19177,0.018262147903442383
19178,0.0037759533151984215
19179,0.007686146069318056
19180,0.008160654455423355
19181,0.007809638045728207
19182,0.8769683837890625
19183,0.00975983776152134
19184,0.008425907231867313
19185,0.16575400531291962
19186,0.013040279969573021
19187,0.03559941053390503
19188,0.0865665152668953
19189,0.009409109130501747
19190,0.06116902828216553
19191,0.01044719573110342
19192,0.5076046586036682
19193,0.009914891794323921
19194,0.007561692036688328
19195,0.004658688325434923
19196,0.0022433248814195395
19197,0.013808948919177055
19198,0.0047403848730027676
19199,0.13245820999145508
19200,0.0018888113554567099
19201,0.013165870681405067
19202,0.037381362169981
19203,0.8962227702140808
19204,0.008344395086169243
19205,9.833271615207195e-4
19206,9.833271615207195e-4
19207,0.0016146193956956267
19208,0.008195491507649422
19209,0.013681727461516857
19210,0.026551775634288788
19211,0.0787820890545845
19212,0.0787820890545845
19213,0.003785892855376005
19214,0.8992295861244202
19215,9.833271615207195e-4
19216,0.06901825219392776
19217,0.02325889840722084
19218,0.5926746129989624
19219,0.004573595244437456
19220,0.029390398412942886
19221,0.0024253595620393753
19222,9.833271615207195e-4
19223,0.05159774422645569
19224,0.157070592045784
19225,0.00851767510175705
19226,0.026551775634288788
19227,0.016679266467690468
19228,0.011103248223662376
19229,1.015418820315972e-4
19230,0.021090053021907806
19231,0.008468610234558582
19232,0.009677187539637089
19233,0.00499190716072917
19234,0.04425840452313423
19235,0.00191243935842067
19236,0.004828738979995251
19237,0.027870211750268936
19238,0.005926881451159716
19239,0.294264554977417
19240,0.019710883498191833
19241,0.6131426692008972
19242,0.01178061868995428
19243,0.8894801735877991
19244,0.034699130803346634
19245,0.040868982672691345
19246,0.012443101964890957
19247,0.004901739303022623
19248,0.00833198707550764
19249,0.004901739303022623
19250,0.006658773869276047
19251,0.01259646750986576
19252,0.010543353855609894
19253,0.003154114354401827
19254,0.003154114354401827
19255,0.06622544676065445
19256,0.008653122931718826
19257,0.005319022573530674
19258,0.003154114354401827
19259,0.005564069841057062
19260,0.0233292318880558
19261,0.32987549901008606
19262,0.010491744615137577
19263,0.05876638740301132
19264,0.00980339478701353
19265,0.003154114354401827
19266,0.024058468639850616
19267,0.010538161732256413
19268,0.19943201541900635
19269,0.009352169930934906
19270,0.013208376243710518
19271,0.8894650340080261
19272,0.001875581219792366
19273,0.18958780169487
19274,0.6083443760871887
19275,0.013949583284556866
19276,0.013949583284556866
19277,0.03922056034207344
19278,0.8842045068740845
19279,0.0062232594937086105
19280,0.06369779258966446
19281,0.19109542667865753
19282,0.001859507174231112
19283,0.3554656207561493
19284,0.059887271374464035
19285,0.8191215395927429
19286,0.004423886071890593
19287,0.33777594566345215
19288,0.0093233622610569
19289,0.02438374236226082
19290,0.004747848492115736
19291,0.002447238191962242
19292,0.0022661001421511173
19293,0.24852591753005981
19294,0.07873008400201797
19295,0.005491174757480621
19296,0.00559160066768527
19297,0.10337097942829132
19298,0.008659560233354568
19299,0.244984433054924
19300,0.1375064104795456
19301,0.08132339268922806
19302,0.7831723093986511
19303,0.41535788774490356
19304,0.002783265197649598
19305,0.8300544619560242
19306,0.002153420355170965
19307,0.006844500079751015
19308,0.027550864964723587
19309,0.01269853301346302
19310,0.0022989658173173666
19311,0.02584279328584671
19312,0.009804853238165379
19313,0.009749648161232471
19314,0.45699238777160645
19315,0.0049146548844873905
19316,0.010752632282674313
19317,0.00531985517591238
19318,0.021421413868665695
19319,0.00409207446500659
19320,0.00409207446500659
19321,0.00409207446500659
19322,0.00409207446500659
19323,0.011133608408272266
19324,0.0050394670106470585
19325,0.0050394670106470585
19326,0.7952274680137634
19327,0.5353461503982544
19328,0.01071791909635067
19329,0.09297878295183182
19330,0.022895263507962227
19331,0.030667953193187714
19332,0.2214004397392273
19333,0.017582623288035393
19334,0.16300252079963684
19335,0.21116243302822113
19336,0.011132024228572845
19337,0.02662087231874466
19338,0.011298430152237415
19339,0.18649855256080627
19340,0.484648734331131
19341,0.009257230907678604
19342,0.005110799800604582
19343,0.014277135021984577
19344,0.00851006805896759
19345,0.005465085152536631
19346,0.10222234576940536
19347,0.014581688679754734
19348,0.07331745326519012
19349,0.004887979477643967
19350,0.011593213304877281
19351,0.0055609517730772495
19352,0.014620999805629253
19353,0.010014303028583527
19354,0.0031845762860029936
19355,0.03923681750893593
19356,0.024322710931301117
19357,0.8863654732704163
19358,0.009238174185156822
19359,0.0017043257830664515
19360,0.00379096413962543
19361,0.01696428842842579
19362,0.01956617459654808
19363,0.007018910720944405
19364,0.006343179382383823
19365,0.05763532221317291
19366,0.010147190652787685
19367,0.027889549732208252
19368,0.010434786789119244
19369,0.011836159974336624
19370,0.007018910720944405
19371,0.00990978628396988
19372,0.8249945044517517
19373,0.7285484671592712
19374,0.007335555739700794
19375,0.008601426146924496
19376,0.006679562386125326
19377,0.00866605807095766
19378,0.007589244749397039
19379,0.007589244749397039
19380,0.06814353913068771
19381,0.00866605807095766
19382,0.0035905770491808653
19383,0.00660234410315752
19384,0.7289217710494995
19385,0.5213543176651001
19386,0.0076265642419457436
19387,0.006587372161448002
19388,0.0019753887318074703
19389,0.07649166882038116
19390,0.004749917890876532
19391,0.00860175583511591
19392,0.7733569741249084
19393,0.2085091769695282
19394,0.047259461134672165
19395,0.17487262189388275
19396,0.023660682141780853
19397,0.0014616569969803095
19398,0.862908124923706
19399,0.29193952679634094
19400,0.0074094501323997974
19401,0.0049830833449959755
19402,0.011190117336809635
19403,0.028249114751815796
19404,0.022831670939922333
19405,0.012402151711285114
19406,0.0026236276607960463
19407,0.009006951935589314
19408,0.002450532279908657
19409,0.012677906081080437
19410,0.015954742208123207
19411,0.016165608540177345
19412,0.00463334983214736
19413,0.007978018373250961
19414,0.5137802958488464
19415,0.002356379758566618
19416,0.00923963263630867
19417,0.0021324583794921637
19418,0.019349204376339912
19419,0.007296807132661343
19420,0.07849431782960892
19421,0.024890616536140442
19422,0.024890616536140442
19423,0.00839939247816801
19424,0.005338906776160002
19425,0.007296807132661343
19426,0.005338906776160002
19427,0.8788843154907227
19428,0.002129089552909136
19429,0.01684083230793476
19430,0.01764792762696743
19431,0.004608727525919676
19432,0.0024887057952582836
19433,0.06903546303510666
19434,0.012034823186695576
19435,0.4556070566177368
19436,0.05784594267606735
19437,0.01844874583184719
19438,0.026258941739797592
19439,0.010551952756941319
19440,0.0019890989642590284
19441,0.08935447037220001
19442,0.10557057708501816
19443,0.09941011667251587
19444,0.012277514673769474
19445,0.2660166323184967
19446,0.010699736885726452
19447,0.8610436916351318
19448,0.006070687901228666
19449,0.006974061019718647
19450,0.012034823186695576
19451,0.02685008943080902
19452,0.009147346019744873
19453,0.02426804043352604
19454,0.013503408059477806
19455,0.011543935164809227
19456,0.01677708700299263
19457,0.01677708700299263
19458,0.07239089161157608
19459,0.005592570640146732
19460,0.017301788553595543
19461,0.026166340336203575
19462,0.23335839807987213
19463,0.01585487462580204
19464,0.0029584201984107494
19465,0.0049995798617601395
19466,0.03236088901758194
19467,0.0029584201984107494
19468,0.46472737193107605
19469,0.0029584201984107494
19470,0.025999601930379868
19471,0.03236088901758194
19472,0.007607568986713886
19473,0.02612488530576229
19474,0.007607568986713886
19475,0.013521198183298111
19476,0.007607568986713886
19477,0.003410432953387499
19478,0.007607568986713886
19479,0.007607568986713886
19480,0.007607568986713886
19481,0.01810300536453724
19482,0.07228510081768036
19483,0.007607568986713886
19484,0.007607568986713886
19485,0.01886662282049656
19486,0.030044732615351677
19487,0.030287984758615494
19488,0.007607572712004185
19489,0.006247342564165592
19490,0.007607568986713886
19491,0.006861564237624407
19492,0.007607568986713886
19493,0.1286092847585678
19494,0.24067364633083344
19495,0.02161615900695324
19496,0.013144155964255333
19497,0.03923460468649864
19498,0.01095983013510704
19499,0.010970612987875938
19500,0.016843881458044052
19501,0.008622376248240471
19502,0.004072302952408791
19503,0.015467429533600807
19504,0.005514687392860651
19505,0.0041822753846645355
19506,0.006759322714060545
19507,0.004072302952408791
19508,0.004072302952408791
19509,0.010686753317713737
19510,0.004087658133357763
19511,0.004072302952408791
19512,0.017504390329122543
19513,0.017504390329122543
19514,0.017504390329122543
19515,0.02685508131980896
19516,0.00829185638576746
19517,0.02998080663383007
19518,0.22999612987041473
19519,0.022422920912504196
19520,0.006174643523991108
19521,0.06600509583950043
19522,0.06600509583950043
19523,0.06600509583950043
19524,0.7982585430145264
19525,0.04154297709465027
19526,0.2914322316646576
19527,0.034877605736255646
19528,0.004685594700276852
19529,0.017405103892087936
19530,0.012865171767771244
19531,0.0018556948052719235
19532,0.03148043155670166
19533,0.14728347957134247
19534,0.018604839220643044
19535,0.002824116265401244
19536,0.04865443706512451
19537,0.12875640392303467
19538,0.05739925801753998
19539,0.012508256360888481
19540,0.012508256360888481
19541,0.008431605994701385
19542,0.0019551271107047796
19543,0.0019551271107047796
19544,5.343591328710318e-4
19545,0.0060264114290475845
19546,0.01148375403136015
19547,0.47356727719306946
19548,0.4261505901813507
19549,0.011391393840312958
19550,0.011391393840312958
19551,0.01335753034800291
19552,0.017239708453416824
19553,0.0019165786216035485
19554,5.343591328710318e-4
19555,0.0012477956479415298
19556,0.10087278485298157
19557,0.0905761867761612
19558,0.3996754586696625
19559,0.018789995461702347
19560,0.0013702439609915018
19561,0.010362189263105392
19562,0.003769533708691597
19563,0.011962474323809147
19564,0.37579306960105896
19565,0.004895446822047234
19566,7.945513934828341e-4
19567,0.13670696318149567
19568,0.004158075898885727
19569,0.004158075898885727
19570,0.003676819382235408
19571,0.004158075898885727
19572,0.014379531145095825
19573,0.004158075898885727
19574,0.10910782217979431
19575,0.8829774260520935
19576,0.005653026048094034
19577,0.0034330154303461313
19578,0.018869461491703987
19579,0.004158075898885727
19580,0.022269433364272118
19581,0.06810949742794037
19582,0.2338278889656067
19583,0.013889742083847523
19584,0.0019067064858973026
19585,0.0012505571357905865
19586,0.029990646988153458
19587,0.8723827004432678
19588,0.006914690602570772
19589,0.07141593843698502
19590,0.0041415877640247345
19591,0.20469053089618683
19592,0.025430291891098022
19593,0.009924327954649925
19594,0.01035306416451931
19595,0.03891903534531593
19596,0.012044929899275303
19597,0.002609764924272895
19598,0.022540602833032608
19599,0.07168641686439514
19600,0.005050491541624069
19601,0.021490952000021935
19602,0.003606939921155572
19603,0.0041214036755263805
19604,0.02109239250421524
19605,0.3963736593723297
19606,0.004468795843422413
19607,0.0065281749702990055
19608,0.0064816828817129135
19609,0.07235953211784363
19610,0.002437089802697301
19611,0.007800802122801542
19612,0.024491287767887115
19613,0.009648325853049755
19614,0.006406561471521854
19615,0.8620659708976746
19616,0.008611598052084446
19617,0.008893056772649288
19618,0.007909371517598629
19619,0.0491933673620224
19620,0.00891572330147028
19621,0.016418633982539177
19622,0.0076238540932536125
19623,0.0018055024556815624
19624,0.01150224357843399
19625,0.22551770508289337
19626,0.0023241895250976086
19627,0.007657760754227638
19628,6.382602732628584e-4
19629,0.13937363028526306
19630,0.007167429197579622
19631,0.006301429588347673
19632,0.007872020825743675
19633,0.027500567957758904
19634,0.022499676793813705
19635,0.006846053060144186
19636,0.00540400855243206
19637,0.01871136575937271
19638,0.012812459841370583
19639,0.3612906038761139
19640,0.004500101320445538
19641,0.48765140771865845
19642,0.019835371524095535
19643,0.006414701696485281
19644,0.004493266344070435
19645,0.011584130115807056
19646,0.0719836950302124
19647,0.016781216487288475
19648,0.05638335272669792
19649,0.05374958738684654
19650,0.014811777509748936
19651,0.046010665595531464
19652,0.031948503106832504
19653,0.0016048975521698594
19654,0.8409180045127869
19655,0.0074008977971971035
19656,0.0028204661794006824
19657,0.005895082838833332
19658,0.24434894323349
19659,0.006890192627906799
19660,0.019723525270819664
19661,0.02382424846291542
19662,0.04391547664999962
19663,0.0046967919915914536
19664,0.22353516519069672
19665,0.006055859848856926
19666,0.07256064563989639
19667,0.03185494244098663
19668,0.02128620073199272
19669,0.03185494244098663
19670,0.00688169477507472
19671,0.024706413969397545
19672,0.03185494244098663
19673,0.03185494244098663
19674,0.021854393184185028
19675,0.03185494244098663
19676,0.22846414148807526
19677,0.00413758959621191
19678,0.001587682985700667
19679,0.13495324552059174
19680,0.008664265275001526
19681,0.0028793704695999622
19682,0.003527805907651782
19683,2.705000515561551e-4
19684,0.07557788491249084
19685,0.3329491913318634
19686,0.0065857404842972755
19687,0.010771725326776505
19688,0.00382096110843122
19689,0.06957973539829254
19690,0.009328423999249935
19691,0.15543554723262787
19692,0.010003823786973953
19693,0.009430519305169582
19694,0.012635469436645508
19695,0.009771942161023617
19696,0.09267222136259079
19697,0.0017880285158753395
19698,0.32538411021232605
19699,0.11530574411153793
19700,0.0018797990633174777
19701,0.01888495683670044
19702,0.7737612128257751
19703,0.004483714699745178
19704,0.006539695896208286
19705,0.02253509871661663
19706,0.018747158348560333
19707,0.13473953306674957
19708,0.022004032507538795
19709,0.007762431632727385
19710,4.264500748831779e-4
19711,4.537623608484864e-4
19712,0.020259128883481026
19713,0.006056293845176697
19714,0.0019933385774493217
19715,0.004195708315819502
19716,0.0020461571402847767
19717,0.10230150818824768
19718,0.02795582450926304
19719,0.05780476704239845
19720,0.06642083078622818
19721,0.004933156538754702
19722,0.025146503001451492
19723,0.0157218798995018
19724,0.004665627609938383
19725,0.0010279846610501409
19726,0.0022133791353553534
19727,0.012025267817080021
19728,3.4925524960272014e-4
19729,0.014273002743721008
19730,0.0010279846610501409
19731,0.005401146598160267
19732,0.025718918070197105
19733,0.006941628642380238
19734,0.0045119039714336395
19735,0.05803237482905388
19736,0.026650231331586838
19737,0.0190426092594862
19738,0.087269127368927
19739,0.009257043711841106
19740,0.8433077931404114
19741,0.001712316065095365
19742,0.0065872627310454845
19743,0.002722678240388632
19744,0.027359290048480034
19745,0.06721245497465134
19746,0.09105026721954346
19747,0.004563730210065842
19748,0.007591238711029291
19749,0.005587770603597164
19750,0.01575786992907524
19751,3.0308726127259433e-4
19752,0.01649313233792782
19753,6.375694065354764e-4
19754,0.7304564118385315
19755,0.004734897054731846
19756,0.018749499693512917
19757,0.00720515800639987
19758,0.028212809935212135
19759,0.014715604484081268
19760,0.0047521162778139114
19761,0.08736512809991837
19762,0.0041964552365243435
19763,0.0023390608839690685
19764,0.0625416710972786
19765,0.008070835843682289
19766,0.26466065645217896
19767,0.0021158887539058924
19768,0.013984762132167816
19769,0.018689226359128952
19770,0.01123082172125578
19771,0.011133194901049137
19772,0.07957203686237335
19773,0.004325139336287975
19774,0.026115283370018005
19775,0.02837173081934452
19776,0.010226482525467873
19777,0.23498161137104034
19778,0.005827670451253653
19779,0.014110124669969082
19780,0.11329773813486099
19781,0.0195032749325037
19782,0.016033269464969635
19783,0.0019325385801494122
19784,0.002724507125094533
19785,0.0031614915933459997
19786,0.02075895294547081
19787,0.007945884019136429
19788,0.003942958544939756
19789,0.007866001687943935
19790,0.008236526511609554
19791,0.008866011165082455
19792,0.0024540515150874853
19793,0.03133773431181908
19794,0.25997909903526306
19795,0.04435288533568382
19796,0.012876033782958984
19797,0.009952695108950138
19798,0.0017453524051234126
19799,0.02033260464668274
19800,0.13914854824543
19801,0.008918900042772293
19802,0.813844621181488
19803,0.06063586845993996
19804,0.005691573489457369
19805,0.7258523106575012
19806,0.009926390834152699
19807,0.012158664874732494
19808,0.11955392360687256
19809,0.034111715853214264
19810,0.004376045893877745
19811,0.3586168885231018
19812,0.004376045893877745
19813,0.004376045893877745
19814,0.009847044013440609
19815,0.004376045893877745
19816,0.0039118570275604725
19817,0.010193618014454842
19818,0.006622660905122757
19819,0.004829563200473785
19820,0.022050492465496063
19821,7.699470734223723e-5
19822,0.0023337833117693663
19823,0.001978088403120637
19824,0.0075877332128584385
19825,0.007313588634133339
19826,0.003656175918877125
19827,0.011961125768721104
19828,0.0048263766802847385
19829,0.006529999431222677
19830,0.005687362980097532
19831,0.01704324781894684
19832,0.008286753669381142
19833,0.012245201505720615
19834,0.006919351872056723
19835,0.023303024470806122
19836,0.004318889230489731
19837,0.007348991464823484
19838,0.0011871024034917355
19839,0.004040688741952181
19840,0.00703086145222187
19841,0.012387624010443687
19842,0.021041182801127434
19843,0.010813846252858639
19844,0.007070915307849646
19845,0.09444189816713333
19846,0.01998860202729702
19847,0.001571479719132185
19848,0.0056143575347959995
19849,0.005127838812768459
19850,0.024404367431998253
19851,0.036090411245822906
19852,8.034953498281538e-4
19853,0.0028524703811854124
19854,0.010973986238241196
19855,0.005198837257921696
19856,0.0034378913696855307
19857,0.002566099166870117
19858,0.007278827019035816
19859,0.04063190519809723
19860,0.016458941623568535
19861,0.005166159942746162
19862,0.006353233940899372
19863,0.05272246524691582
19864,0.0068826922215521336
19865,0.03744802996516228
19866,0.02541377767920494
19867,0.00927102193236351
19868,0.18049319088459015
19869,0.006834524217993021
19870,0.008893688209354877
19871,0.1956009864807129
19872,0.022387923672795296
19873,0.008021682500839233
19874,0.17182940244674683
19875,0.0010599489323794842
19876,0.03691495582461357
19877,0.01024499349296093
19878,0.0024632858112454414
19879,0.009238187223672867
19880,0.015548034571111202
19881,0.0010599489323794842
19882,0.012599777430295944
19883,0.0033674330916255713
19884,0.016101060435175896
19885,0.004636275582015514
19886,0.004636275582015514
19887,0.004636275582015514
19888,0.047251712530851364
19889,0.004432580433785915
19890,0.0023523534182459116
19891,0.0017468143487349153
19892,0.004621612373739481
19893,0.003347759135067463
19894,0.0028410220984369516
19895,0.07524138689041138
19896,0.006366311572492123
19897,0.014834143221378326
19898,0.021487168967723846
19899,0.2873910665512085
19900,0.006979340687394142
19901,0.0036763984244316816
19902,0.006979340687394142
19903,0.0055113122798502445
19904,0.0055113122798502445
19905,0.003829035209491849
19906,0.003829035209491849
19907,0.003829035209491849
19908,0.01336547452956438
19909,0.0033900300040841103
19910,0.013168677687644958
19911,0.013168677687644958
19912,0.013168677687644958
19913,0.0566156767308712
19914,0.07354132831096649
19915,0.017339684069156647
19916,0.00970390159636736
19917,0.005116607062518597
19918,0.004023521672934294
19919,0.006862994749099016
19920,0.003698998363688588
19921,0.05868632346391678
19922,0.05868632346391678
19923,0.006862994749099016
19924,0.004946436733007431
19925,0.016217509284615517
19926,0.007580469362437725
19927,0.015856236219406128
19928,0.004023521672934294
19929,0.004023521672934294
19930,0.010026592761278152
19931,0.05027712509036064
19932,0.023191479966044426
19933,0.019408678635954857
19934,0.0015872780932113528
19935,0.01043732650578022
19936,0.017805190756917
19937,0.025504110381007195
19938,4.727404157165438e-4
19939,0.04997679218649864
19940,0.003152254270389676
19941,0.004340465180575848
19942,0.07608921825885773
19943,0.02220139093697071
19944,0.013047628104686737
19945,0.05689115449786186
19946,0.027776094153523445
19947,0.0015030204085633159
19948,0.0015030204085633159
19949,0.0017766299424692988
19950,1.0052969446405768e-4
19951,2.114804956363514e-4
19952,1.1460920359240845e-4
19953,0.02029513008892536
19954,9.261337690986693e-4
19955,8.380604558624327e-4
19956,0.0026220008730888367
19957,0.022317154332995415
19958,0.0454605296254158
19959,0.004194072913378477
19960,3.4651896567083895e-4
19961,0.016224199905991554
19962,0.0017766299424692988
19963,0.03732174634933472
19964,0.7959497570991516
19965,0.02036089263856411
19966,3.336857189424336e-4
19967,3.2494039623998106e-4
19968,0.011866156943142414
19969,0.08280523121356964
19970,1.0465250670677051e-4
19971,7.527887355536222e-4
19972,0.005949543323367834
19973,0.021974729374051094
19974,0.14189177751541138
19975,0.024295084178447723
19976,0.006403433158993721
19977,0.0015341275138780475
19978,0.008988962508738041
19979,0.0020910666789859533
19980,0.004204447381198406
19981,0.019362960010766983
19982,0.0025069473776966333
19983,0.001401446876116097
19984,0.009597430005669594
19985,0.3384818732738495
19986,0.026691505685448647
19987,0.22185483574867249
19988,0.02218617871403694
19989,0.018520018085837364
19990,0.0027355728670954704
19991,0.018520018085837364
19992,0.2608424425125122
19993,0.011446011252701283
19994,0.0013606668217107654
19995,0.013406611047685146
19996,0.0037971532437950373
19997,8.475334034301341e-4
19998,0.3811493217945099
19999,0.02875463478267193
20000,0.0436815544962883
20001,6.462882738560438e-4
20002,0.01829606480896473
20003,0.10310515761375427
20004,0.0029743227642029524
20005,0.14490622282028198
20006,2.871153992600739e-4
20007,0.013801145367324352
20008,0.017732810229063034
20009,0.02120085060596466
20010,0.021137556061148643
20011,0.024902723729610443
20012,0.001525654923170805
20013,0.0028235900681465864
20014,0.028348609805107117
20015,0.007800779305398464
20016,3.0059522032388486e-5
20017,0.022805355489253998
20018,0.022805355489253998
20019,0.0014331452548503876
20020,0.005630022380501032
20021,0.002414180664345622
20022,0.0063965232111513615
20023,0.014293606393039227
20024,0.002837544307112694
20025,0.002536194631829858
20026,0.0024342660326510668
20027,0.004927310161292553
20028,0.008276226930320263
20029,0.002536194631829858
20030,0.0021274511236697435
20031,0.0015318540390580893
20032,0.01425615232437849
20033,0.006131849717348814
20034,0.0012066668132320046
20035,0.04378291592001915
20036,0.5630685091018677
20037,0.31832224130630493
20038,0.00460017379373312
20039,0.0025145867839455605
20040,0.054624442011117935
20041,0.23735445737838745
20042,0.3168664276599884
20043,0.01331349741667509
20044,0.002891566837206483
20045,0.01999201811850071
20046,0.11336745321750641
20047,0.009342535398900509
20048,0.13211776316165924
20049,0.01857076585292816
20050,0.00353589141741395
20051,0.06883498281240463
20052,0.2326941043138504
20053,0.0022203444968909025
20054,0.025829631835222244
20055,0.009684653021395206
20056,0.003818116383627057
20057,0.0139717236161232
20058,0.00839222315698862
20059,0.006622083485126495
20060,0.08712334930896759
20061,0.08712334930896759
20062,0.026350704953074455
20063,0.08712334930896759
20064,0.010946456342935562
20065,0.026778632774949074
20066,0.012412352487444878
20067,0.013174032792448997
20068,0.012078761123120785
20069,0.007399399299174547
20070,0.1875436007976532
20071,0.007937381975352764
20072,0.075008392333984375
20073,0.020748360082507133
20074,0.38616830110549927
20075,0.00597844272851944
20076,0.019456230103969574
20077,0.00474664568901062
20078,0.015223595313727856
20079,0.0029580113478004932
20080,0.004809291567653418
20081,0.02880741097033024
20082,0.012204533442854881
20083,0.02880741097033024
20084,0.002235463121905923
20085,0.006961346138268709
20086,0.27810657024383545
20087,0.055258527398109436
20088,0.017884565517306328
20089,0.01009020023047924
20090,0.214755117893219
20091,0.021666990593075752
20092,0.007902130484580994
20093,0.006177249830216169
20094,0.0029466263949871063
20095,0.020550163462758064
20096,0.2146177887916565
20097,5.02546492498368e-4
20098,6.847986369393766e-4
20099,0.01661616377532482
20100,8.022540714591742e-4
20101,0.011969029903411865
20102,0.16854029893875122
20103,0.006697379518300295
20104,0.24745550751686096
20105,0.15095637738704681
20106,0.0026684715412557125
20107,0.2593960464000702
20108,0.006444092839956284
20109,0.007896935567259789
20110,0.008160519413650036
20111,0.007896935567259789
20112,0.03787258639931679
20113,0.0025710798799991608
20114,0.0025710798799991608
20115,0.027907000854611397
20116,0.7327893972396851
20117,0.003793264739215374
20118,0.008160519413650036
20119,0.01857818476855755
20120,0.0011234900448471308
20121,0.08191914111375809
20122,0.008765057660639286
20123,0.002023960230872035
20124,0.013361257500946522
20125,0.008860222063958645
20126,0.3000684976577759
20127,0.0011234910925850272
20128,0.008160531520843506
20129,0.0011234900448471308
20130,0.01258557103574276
20131,0.008160519413650036
20132,0.37348705530166626
20133,0.05273422971367836
20134,0.008160519413650036
20135,0.01790514774620533
20136,0.008160519413650036
20137,0.008160519413650036
20138,0.008160519413650036
20139,0.02129342406988144
20140,0.007896935567259789
20141,0.00306208455003798
20142,0.26156213879585266
20143,0.011866162531077862
20144,0.019967559725046158
20145,0.0252534169703722
20146,0.0190469641238451
20147,0.004040803760290146
20148,0.00185381097253412
20149,0.0031423207838088274
20150,0.0077029005624353886
20151,0.15865327417850494
20152,0.0024080972652882338
20153,0.006944880820810795
20154,0.02839295007288456
20155,0.017121030017733574
20156,0.016279231756925583
20157,0.06604801118373871
20158,0.08624819666147232
20159,0.003224381012842059
20160,0.3318880498409271
20161,0.7865891456604004
20162,0.029537636786699295
20163,0.017472436651587486
20164,0.006557771936058998
20165,0.019597500562667847
20166,0.004672215785831213
20167,0.06721864640712738
20168,0.005003485828638077
20169,0.002699359320104122
20170,0.0022244618739932775
20171,0.013577327132225037
20172,7.942845113575459e-4
20173,7.877512252889574e-4
20174,0.01575952023267746
20175,0.005178879946470261
20176,7.942845113575459e-4
20177,7.942845113575459e-4
20178,7.877512252889574e-4
20179,0.016621900722384453
20180,7.942845113575459e-4
20181,0.03680406138300896
20182,0.15034158527851105
20183,0.05093299597501755
20184,7.877512252889574e-4
20185,0.005439631175249815
20186,0.019886424764990807
20187,0.034926798194646835
20188,0.02109179086983204
20189,7.942845113575459e-4
20190,0.059040989726781845
20191,7.942829979583621e-4
20192,0.0039211418479681015
20193,0.0028184016700834036
20194,0.004306203220039606
20195,0.003037794725969434
20196,0.00927766039967537
20197,0.0027527930215001106
20198,0.0027527930215001106
20199,0.0028279703110456467
20200,0.005374540574848652
20201,0.02519087679684162
20202,0.03193214535713196
20203,0.002478906884789467
20204,0.008835558779537678
20205,0.0058610583655536175
20206,0.09059031307697296
20207,0.009171074256300926
20208,0.7442383766174316
20209,0.013329261913895607
20210,0.0030871082562953234
20211,0.021612059324979782
20212,0.019549375399947166
20213,0.0135257663205266
20214,0.02169838175177574
20215,0.012388392351567745
20216,0.011905297636985779
20217,0.012298070825636387
20218,0.011905297636985779
20219,0.001411688863299787
20220,0.10313381999731064
20221,0.1039738804101944
20222,0.05246257409453392
20223,0.042349252849817276
20224,0.00826801173388958
20225,0.10480153560638428
20226,0.005937651731073856
20227,0.005663495045155287
20228,0.020790312439203262
20229,0.014519734308123589
20230,0.0070412494242191315
20231,0.004078051075339317
20232,0.0032927619758993387
20233,0.010532037355005741
20234,0.00417301943525672
20235,0.8343800902366638
20236,0.008011501282453537
20237,3.093003613230394e-7
20238,0.008498146198689938
20239,0.012364496476948261
20240,0.6554320454597473
20241,0.025605183094739914
20242,0.01637154258787632
20243,0.025605183094739914
20244,0.05500434339046478
20245,0.008484015241265297
20246,0.0015333433402702212
20247,0.023816576227545738
20248,0.009889641776680946
20249,0.003177784150466323
20250,0.004351491574198008
20251,0.004351491574198008
20252,0.004351491574198008
20253,0.0055296472273766994
20254,0.019777808338403702
20255,0.005516502540558577
20256,0.01735081896185875
20257,0.0027094550896435976
20258,7.375013083219528e-4
20259,1.2649651580431964e-5
20260,0.00710078701376915
20261,0.023364568129181862
20262,0.004981508944183588
20263,0.00710078701376915
20264,0.018421398475766182
20265,0.00912825483828783
20266,0.18740861117839813
20267,0.005755867809057236
20268,5.755152669735253e-4
20269,0.1790093183517456
20270,0.006483003497123718
20271,0.008341539651155472
20272,0.12113836407661438
20273,0.002678329823538661
20274,0.01957572065293789
20275,0.002810642123222351
20276,0.029341470450162888
20277,0.029341470450162888
20278,0.8690904974937439
20279,0.011598717421293259
20280,0.0020763652864843607
20281,0.003532457398250699
20282,0.0027495811227709055
20283,0.019458219408988953
20284,0.03924097865819931
20285,0.16620874404907227
20286,0.06939735263586044
20287,0.0033408741001039743
20288,0.0033948032651096582
20289,0.017023615539073944
20290,0.0023064196575433016
20291,0.037521157413721085
20292,0.7581237554550171
20293,0.10576725751161575
20294,0.003917773719877005
20295,2.0853443129453808e-4
20296,0.8443422913551331
20297,0.030542422086000443
20298,0.01267343107610941
20299,0.01267343107610941
20300,0.02611023746430874
20301,0.004783568903803825
20302,0.011734764091670513
20303,0.012431486509740353
20304,0.005307941231876612
20305,0.004364232067018747
20306,0.0018683832604438066
20307,0.012167522683739662
20308,0.010020464658737183
20309,0.012283493764698505
20310,0.041521355509757996
20311,0.024515412747859955
20312,0.00740229245275259
20313,0.005824447609484196
20314,7.718336419202387e-4
20315,0.0389675535261631
20316,0.004873662255704403
20317,0.011560301296412945
20318,0.022023573517799377
20319,0.033156391233205795
20320,0.022144677117466927
20321,0.0017903944244608283
20322,0.023356441408395767
20323,0.0018650238635018468
20324,3.972298259213858e-7
20325,0.03452717885375023
20326,0.06342045962810516
20327,0.03577275574207306
20328,0.013877619057893753
20329,0.005569597240537405
20330,0.004723024554550648
20331,0.002522990806028247
20332,0.0038381877820938826
20333,0.023011084645986557
20334,0.005501823034137487
20335,0.7474645376205444
20336,0.12331593036651611
20337,0.12331593036651611
20338,0.005450443364679813
20339,0.0013828513910993934
20340,0.0013828513910993934
20341,0.002486184472218156
20342,0.002486184472218156
20343,0.0013828513910993934
20344,0.01186575647443533
20345,0.0013828513910993934
20346,0.022113652899861336
20347,0.006047424860298634
20348,0.019986039027571678
20349,0.0057734050787985325
20350,0.012014463543891907
20351,0.003857202595099807
20352,0.010259103029966354
20353,0.011056866496801376
20354,0.012046047486364841
20355,0.007423452101647854
20356,0.007452012039721012
20357,0.005353559739887714
20358,0.3031904697418213
20359,0.00472363643348217
20360,0.01951305754482746
20361,0.01932970993220806
20362,0.011802716180682182
20363,0.024990763515233994
20364,0.01793806441128254
20365,0.34818753600120544
20366,0.0034934061113744974
20367,0.07060661166906357
20368,0.012021047063171864
20369,0.01357185561209917
20370,0.03296858072280884
20371,0.0021827910095453262
20372,0.0021827910095453262
20373,0.041960474103689194
20374,0.0018542036414146423
20375,0.0021827910095453262
20376,0.012783482670783997
20377,4.726694605778903e-4
20378,0.006605181843042374
20379,0.011431005783379078
20380,0.012837405316531658
20381,0.015549485571682453
20382,0.008569072000682354
20383,0.07556144148111343
20384,0.009283969178795815
20385,0.015200329013168812
20386,0.015200329013168812
20387,0.1578664481639862
20388,0.003926258999854326
20389,0.003926258999854326
20390,0.16012948751449585
20391,0.012835144996643066
20392,0.023373901844024658
20393,0.20587506890296936
20394,0.010992477647960186
20395,0.0014118999242782593
20396,0.042245879769325256
20397,0.03116030804812908
20398,0.08424757421016693
20399,0.005004563834518194
20400,0.006970178801566362
20401,0.20913229882717133
20402,0.005004563834518194
20403,0.005004563834518194
20404,0.2179471105337143
20405,0.01886412687599659
20406,0.005004563834518194
20407,0.02122052200138569
20408,0.018483156338334084
20409,0.030319707468152046
20410,0.0025814552791416645
20411,0.019864395260810852
20412,0.0049211191944777966
20413,0.0049211191944777966
20414,0.10880725085735321
20415,0.020528554916381836
20416,0.008981697261333466
20417,0.008178284391760826
20418,0.005004563834518194
20419,0.018750987946987152
20420,0.06601357460021973
20421,0.007096932735294104
20422,0.23462550342082977
20423,0.013093273155391216
20424,0.00826305989176035
20425,0.009634721092879772
20426,0.3525429666042328
20427,0.0035949554294347763
20428,0.009571167640388012
20429,0.4303816556930542
20430,0.0947076827287674
20431,0.1903185397386551
20432,0.012067585252225399
20433,0.22474509477615356
20434,0.0017428675200790167
20435,0.008873640559613705
20436,0.0025571684818714857
20437,0.3373395502567291
20438,0.0026462902314960957
20439,0.0029171796049922705
20440,0.0026462902314960957
20441,0.0029171796049922705
20442,0.1736488789319992
20443,0.07339419424533844
20444,0.0568290576338768
20445,0.02542220987379551
20446,0.08724942058324814
20447,0.0029461474623531103
20448,0.035754915326833725
20449,0.0280606672167778
20450,0.008195328526198864
20451,0.027287708595395088
20452,0.01230861060321331
20453,0.7388880848884583
20454,0.012186110951006413
20455,0.10858777165412903
20456,0.36225640773773193
20457,0.008373339660465717
20458,0.004357784520834684
20459,0.05171278491616249
20460,0.10421524196863174
20461,0.007900763303041458
20462,0.046782370656728745
20463,0.0049987235106527805
20464,0.004446612671017647
20465,0.006534440442919731
20466,0.6572279334068298
20467,0.02580377832055092
20468,0.019580453634262085
20469,0.03801761567592621
20470,0.008411306887865067
20471,0.001891818828880787
20472,0.007325305603444576
20473,0.1730400025844574
20474,0.797756016254425
20475,0.04380178824067116
20476,0.5347914695739746
20477,0.001891818828880787
20478,0.01342051848769188
20479,0.02336115762591362
20480,0.011637703515589237
20481,0.011637703515589237
20482,0.003098363522440195
20483,0.0019049810944125056
20484,0.07413868606090546
20485,0.022374460473656654
20486,0.03275907039642334
20487,0.020181188359856606
20488,0.014419227838516235
20489,0.03510645776987076
20490,0.007583924103528261
20491,0.11431523412466049
20492,0.34254738688468933
20493,0.10545101016759872
20494,0.0784979984164238
20495,0.1470300406217575
20496,0.09619054198265076
20497,0.026768561452627182
20498,0.1784840226173401
20499,0.0016545525286346674
20500,0.8782035708427429
20501,0.07851526141166687
20502,0.005770525895059109
20503,0.02209015190601349
20504,0.004185358993709087
20505,0.029016291722655296
20506,0.007568590808659792
20507,0.3481099307537079
20508,0.027472883462905884
20509,0.007568590808659792
20510,0.0043060025200247765
20511,0.5317440629005432
20512,0.33590564131736755
20513,0.15617963671684265
20514,0.008185234852135181
20515,0.0022311757784336805
20516,0.06227988749742508
20517,0.007041178643703461
20518,0.13220715522766113
20519,0.0039032266940921545
20520,0.026762384921312332
20521,0.007568590808659792
20522,0.007568590808659792
20523,0.2624797224998474
20524,0.003565287683159113
20525,0.0039032266940921545
20526,0.0025483150966465473
20527,0.0036850578617304564
20528,0.007568590808659792
20529,0.10451250523328781
20530,0.15000282227993011
20531,0.003946118988096714
20532,0.010948794893920422
20533,0.0948730930685997
20534,0.007205710280686617
20535,0.006381175946444273
20536,0.027829473838210106
20537,0.32144269347190857
20538,0.05469091981649399
20539,0.00676399189978838
20540,0.011874329298734665
20541,0.020379483699798584
20542,0.06353182345628738
20543,0.011208049021661282
20544,0.02475067228078842
20545,0.028515804558992386
20546,0.07489082217216492
20547,0.01639537140727043
20548,0.002214213367551565
20549,0.003898913273587823
20550,0.3207320272922516
20551,0.007104674819856882
20552,0.013444076292216778
20553,0.0184265598654747
20554,0.008979697711765766
20555,0.09290070831775665
20556,0.00644789170473814
20557,0.004087250679731369
20558,0.07559222728013992
20559,9.940516902133822e-4
20560,0.008818366564810276
20561,0.19056996703147888
20562,0.019378403201699257
20563,0.01978687010705471
20564,0.07883097231388092
20565,0.028148584067821503
20566,0.007082116324454546
20567,0.7498712539672852
20568,0.004945870954543352
20569,0.11876123398542404
20570,0.00406994391232729
20571,0.02699553221464157
20572,0.0026505598798394203
20573,0.060594215989112854
20574,0.006138411816209555
20575,0.014960852451622486
20576,0.0067216078750789165
20577,0.008208470419049263
20578,0.020212721079587936
20579,0.013113721273839474
20580,0.020431434735655785
20581,0.011897710151970387
20582,0.0044877496547997
20583,0.06714192777872086
20584,0.00545399310067296
20585,0.31818559765815735
20586,0.03831542655825615
20587,0.1691271960735321
20588,0.010703791864216328
20589,0.015293890610337257
20590,0.03298892080783844
20591,6.590976845473051e-4
20592,0.013445986434817314
20593,0.030071411281824112
20594,0.2531203329563141
20595,0.007600746117532253
20596,0.003230747766792774
20597,0.0469062514603138
20598,0.27423593401908875
20599,0.7935816645622253
20600,0.10671847313642502
20601,0.07304688543081284
20602,0.1135779619216919
20603,0.0059958891943097115
20604,0.027151044458150864
20605,0.025366254150867462
20606,0.011499972082674503
20607,0.009007620625197887
20608,0.07841497659683228
20609,0.010549962520599365
20610,0.0015762097900733352
20611,0.34958699345588684
20612,0.04006533697247505
20613,0.05380767956376076
20614,0.19088521599769592
20615,0.4149096608161926
20616,0.022792115807533264
20617,0.005344259552657604
20618,0.00814808253198862
20619,0.016124162822961807
20620,0.002815128304064274
20621,0.006445637904107571
20622,0.010431768372654915
20623,0.010249008424580097
20624,0.01066967099905014
20625,0.003948789089918137
20626,0.012572050094604492
20627,0.017849190160632133
20628,0.003948789089918137
20629,0.002166315447539091
20630,0.0319318026304245
20631,0.003948789089918137
20632,0.003948789089918137
20633,0.003948789089918137
20634,0.020485810935497284
20635,5.435282364487648e-4
20636,0.10185319930315018
20637,0.039312295615673065
20638,0.18723490834236145
20639,0.03667416796088219
20640,0.054664578288793564
20641,0.11078333854675293
20642,0.8000239729881287
20643,0.006866960320621729
20644,0.017897561192512512
20645,0.024725018069148064
20646,0.012909154407680035
20647,0.0014513322385028005
20648,0.012122911401093006
20649,0.012122911401093006
20650,0.004958432167768478
20651,0.012122911401093006
20652,0.01812526397407055
20653,0.007865342311561108
20654,0.013597196899354458
20655,0.03759796917438507
20656,0.01296369731426239
20657,0.050504736602306366
20658,9.588411776348948e-4
20659,0.01714700646698475
20660,0.007253538817167282
20661,0.007253538817167282
20662,0.14705948531627655
20663,0.015977568924427032
20664,0.20258088409900665
20665,0.04517455771565437
20666,0.02876490354537964
20667,0.0027415743097662926
20668,0.023307885974645615
20669,0.05043448135256767
20670,0.011446291580796242
20671,0.0027743184473365545
20672,0.16923026740550995
20673,0.08477567136287689
20674,0.183330699801445
20675,0.00715714180842042
20676,0.0010445789666846395
20677,0.03631904721260071
20678,0.00715714180842042
20679,0.07101628184318542
20680,0.07748765498399734
20681,0.07335049659013748
20682,0.011982147581875324
20683,0.008181913755834103
20684,0.006781013682484627
20685,0.010752678848803043
20686,0.004895358812063932
20687,0.004895358812063932
20688,0.00334219541400671
20689,0.06982720643281937
20690,2.113293157890439e-4
20691,0.0059345620684325695
20692,0.004895358812063932
20693,0.0110477264970541
20694,0.0059345620684325695
20695,0.004895358812063932
20696,0.010761400684714317
20697,0.004895358812063932
20698,0.09541288763284683
20699,0.004895358812063932
20700,0.006831272505223751
20701,0.02301543951034546
20702,0.02031629905104637
20703,0.004010746721178293
20704,0.02037428319454193
20705,0.02238498255610466
20706,0.3678882122039795
20707,0.006390728056430817
20708,0.004754805006086826
20709,0.006703127175569534
20710,0.006703127175569534
20711,0.03754808008670807
20712,0.0010555227054283023
20713,0.0014098234241828322
20714,0.04625566676259041
20715,0.4390745162963867
20716,0.030650602653622627
20717,0.0030869818292558193
20718,0.13791604340076447
20719,0.023742923513054848
20720,0.09704678505659103
20721,0.12357344478368759
20722,0.010701267048716545
20723,4.975662250217283e-6
20724,0.01191113330423832
20725,0.01191113330423832
20726,0.051669687032699585
20727,0.006668056361377239
20728,0.21315017342567444
20729,0.0051508438773453236
20730,0.01932891644537449
20731,0.02380078285932541
20732,0.028587598353624344
20733,0.017772488296031952
20734,0.0132055738940835
20735,0.038629431277513504
20736,0.013972223736345768
20737,0.042259301990270615
20738,0.22106780111789703
20739,0.022791201248764992
20740,0.006338207051157951
20741,0.30343160033226013
20742,0.0029015750624239445
20743,0.008664445020258427
20744,0.006159758195281029
20745,0.009363344870507717
20746,0.022160906344652176
20747,0.1847941279411316
20748,0.0906674936413765
20749,0.09715298563241959
20750,0.10774115473031998
20751,0.37094464898109436
20752,0.21378393471240997
20753,0.007190993055701256
20754,0.052553318440914154
20755,0.00987549964338541
20756,0.11659043282270432
20757,0.10938480496406555
20758,0.03041059896349907
20759,0.011277987621724606
20760,0.0037873247638344765
20761,0.0018796543590724468
20762,0.0071993921883404255
20763,0.023715214803814888
20764,0.28495773673057556
20765,0.06564592570066452
20766,0.028092332184314728
20767,0.005463167559355497
20768,0.0014513322385028005
20769,0.006907451897859573
20770,0.010642264038324356
20771,9.773601777851582e-4
20772,0.5969756245613098
20773,0.05803193151950836
20774,0.004116150550544262
20775,0.0016803176840767264
20776,0.17182889580726624
20777,0.01597323641180992
20778,0.03450775891542435
20779,0.018951598554849625
20780,0.004126997198909521
20781,0.09467893093824387
20782,0.8089787364006042
20783,0.0038326566573232412
20784,0.011594094336032867
20785,0.011594094336032867
20786,0.011020059697329998
20787,0.004763034638017416
20788,0.007455087266862392
20789,0.0034075656440109015
20790,0.006300013978034258
20791,0.011729744262993336
20792,0.011729744262993336
20793,0.008744210004806519
20794,0.013251092284917831
20795,0.8806082606315613
20796,0.02586936764419079
20797,0.015422808937728405
20798,0.005893646273761988
20799,0.007624899968504906
20800,0.011610088869929314
20801,0.017972201108932495
20802,0.030736137181520462
20803,0.005860880948603153
20804,0.06596043705940247
20805,0.013514535501599312
20806,0.008235937915742397
20807,0.072283536195755
20808,0.007980350404977798
20809,0.008428597822785378
20810,0.002033982425928116
20811,0.012236572802066803
20812,0.751457154750824
20813,0.006149048451334238
20814,0.02531997673213482
20815,0.01881345547735691
20816,0.026390548795461655
20817,0.02827625721693039
20818,0.8879340887069702
20819,0.04383058845996857
20820,0.1267440766096115
20821,0.0030448692850768566
20822,0.007194885052740574
20823,0.796809732913971
20824,0.0030448692850768566
20825,0.009851042181253433
20826,0.007194885052740574
20827,0.007194885052740574
20828,0.0030448692850768566
20829,0.00551555585116148
20830,0.0030448692850768566
20831,0.0030448692850768566
20832,0.0030448692850768566
20833,0.0030448692850768566
20834,0.0030448692850768566
20835,0.0030448692850768566
20836,0.0030448692850768566
20837,0.0030448692850768566
20838,0.0030448692850768566
20839,0.0030448692850768566
20840,0.00551555585116148
20841,0.0030448692850768566
20842,0.006326775532215834
20843,0.0030448692850768566
20844,0.0030448692850768566
20845,0.0030448692850768566
20846,0.0030448692850768566
20847,0.0030448692850768566
20848,0.007194885052740574
20849,0.007194885052740574
20850,0.003649279708042741
20851,0.003649279708042741
20852,0.08841955661773682
20853,0.0030448692850768566
20854,0.00551555585116148
20855,0.003649279708042741
20856,0.029034985229372978
20857,0.0093233035877347
20858,0.03387047350406647
20859,0.0010671177878975868
20860,0.004638300277292728
20861,0.004638300277292728
20862,0.007061003241688013
20863,0.007611021399497986
20864,0.020246723666787148
20865,0.003847407642751932
20866,0.041472289711236954
20867,0.010423388332128525
20868,0.0093233035877347
20869,0.002542587462812662
20870,0.02647583745419979
20871,0.0017263538902625442
20872,0.004076189827173948
20873,0.0093233035877347
20874,0.010423388332128525
20875,0.012878627516329288
20876,0.006099464371800423
20877,0.024860979989171028
20878,0.016151653602719307
20879,0.0022408009972423315
20880,0.001641849521547556
20881,0.0029735141433775425
20882,0.0029735141433775425
20883,0.004494318272918463
20884,0.021591147407889366
20885,0.07873570173978806
20886,0.005589066538959742
20887,0.014328435063362122
20888,0.011232754215598106
20889,0.0802239328622818
20890,0.001645721378736198
20891,0.001645721378736198
20892,4.337429127190262e-4
20893,0.034842606633901596
20894,0.001645721378736198
20895,0.08356722444295883
20896,0.013540693558752537
20897,0.007383956108242273
20898,0.020190978422760963
20899,0.011323262937366962
20900,0.13094432651996613
20901,0.008085109293460846
20902,0.011683915741741657
20903,0.014327061362564564
20904,0.03558645024895668
20905,0.005518326070159674
20906,0.028179118409752846
20907,0.004501265473663807
20908,0.013600938953459263
20909,0.0132594620808959
20910,0.12353358417749405
20911,0.016102459281682968
20912,0.096309565007686615
20913,0.016839435324072838
20914,0.0032436903566122055
20915,0.2887718379497528
20916,0.012056960724294186
20917,0.007975728251039982
20918,0.007975728251039982
20919,0.011548374779522419
20920,0.004669679328799248
20921,1.4008275002197479e-6
20922,0.003836856922134757
20923,0.010695901699364185
20924,0.006766471546143293
20925,0.9073737263679504
20926,0.0056848772801458836
20927,0.007645118050277233
20928,0.026870664209127426
20929,0.00821063295006752
20930,0.00501591619104147
20931,0.008252297528088093
20932,0.001638543326407671
20933,0.00753149576485157
20934,0.0049477084539830685
20935,0.009319165721535683
20936,0.01209028996527195
20937,0.022171618416905403
20938,0.10721854865550995
20939,0.005688972771167755
20940,0.010169451124966145
20941,0.013808825984597206
20942,0.0387091189622879
20943,0.008986074477434158
20944,0.008896445855498314
20945,0.11168648302555084
20946,0.11168648302555084
20947,0.8402962684631348
20948,0.11168648302555084
20949,0.004528519697487354
20950,0.014201361685991287
20951,0.07549352198839188
20952,0.007052894216030836
20953,0.1754353642463684
20954,0.003754896577447653
20955,0.0020104474388062954
20956,0.8380300998687744
20957,0.00869047548621893
20958,0.048612941056489944
20959,0.009987808763980865
20960,0.009359166026115417
20961,0.027596665546298027
20962,0.011774907819926739
20963,0.011774907819926739
20964,0.018146201968193054
20965,0.03328520432114601
20966,0.001965516246855259
20967,0.007670773193240166
20968,0.0557669997215271
20969,0.01869242824614048
20970,0.14856818318367004
20971,0.14856818318367004
20972,0.014680551365017891
20973,0.010148478671908379
20974,0.7814671397209167
20975,0.011824047192931175
20976,0.23353223502635956
20977,0.020267467945814133
20978,0.8771689534187317
20979,0.008979855105280876
20980,0.05824117362499237
20981,0.4416888356208801
20982,0.12750717997550964
20983,0.013202343136072159
20984,0.013027912005782127
20985,0.013027912005782127
20986,0.4988665282726288
20987,0.02882068045437336
20988,0.00454843882471323
20989,0.010677233338356018
20990,0.208144873380661
20991,0.003143488895148039
20992,0.011293236166238785
20993,0.8788171410560608
20994,0.013027912005782127
20995,0.007770607713609934
20996,0.0018411979544907808
20997,0.005499010905623436
20998,0.11089041084051132
20999,0.004827114287763834
21000,0.003067855956032872
21001,0.05568356439471245
21002,0.5250306129455566
21003,0.005628377664834261
21004,0.1708710789680481
21005,0.07659617811441422
21006,0.07814999669790268
21007,0.01411040872335434
21008,0.003024684265255928
21009,0.013212652876973152
21010,0.32270899415016174
21011,0.006734082009643316
21012,0.006828053388744593
21013,0.013027912005782127
21014,0.014706481248140335
21015,0.0684722289443016
21016,0.19474400579929352
21017,0.014989670366048813
21018,0.021087193861603737
21019,0.010156734846532345
21020,0.011627775616943836
21021,0.19314080476760864
21022,0.654297411441803
21023,0.14545518159866333
21024,0.07371874898672104
21025,0.04268064349889755
21026,0.07372954487800598
21027,0.32644790410995483
21028,0.05559377372264862
21029,0.009030211716890335
21030,0.15971465408802032
21031,0.06005742400884628
21032,0.011364741250872612
21033,0.8609487414360046
21034,0.0026452597230672836
21035,0.0034335502423346043
21036,0.0026452597230672836
21037,0.0034335502423346043
21038,0.0026452597230672836
21039,0.7800524234771729
21040,0.0026452597230672836
21041,0.0026452597230672836
21042,0.0026452597230672836
21043,0.0026452597230672836
21044,0.0026452597230672836
21045,0.24038346111774445
21046,0.0026452597230672836
21047,0.0026452597230672836
21048,0.7949787378311157
21049,0.06258630752563477
21050,0.01424502581357956
21051,0.0026452597230672836
21052,0.0026452597230672836
21053,0.0026452597230672836
21054,0.0026452597230672836
21055,0.0026452611200511456
21056,0.0026452611200511456
21057,0.0026452597230672836
21058,0.0024301311932504177
21059,0.0026452597230672836
21060,0.0026452597230672836
21061,0.0026452597230672836
21062,0.0026452597230672836
21063,0.1546582281589508
21064,0.0034335502423346043
21065,0.0034335502423346043
21066,0.016787031665444374
21067,0.004036846570670605
21068,0.0045270672999322414
21069,0.8656699657440186
21070,0.0039895884692668915
21071,0.2673538327217102
21072,0.04827536270022392
21073,0.011167130433022976
21074,7.543755345977843e-4
21075,7.543755345977843e-4
21076,7.543755345977843e-4
21077,7.543755345977843e-4
21078,0.04071178659796715
21079,0.732877790927887
21080,0.03866542875766754
21081,0.31954923272132874
21082,0.050667040050029755
21083,9.191818535327911e-4
21084,7.543755345977843e-4
21085,0.007113263942301273
21086,0.02298256754875183
21087,0.008812284097075462
21088,0.011595716699957848
21089,0.007411495316773653
21090,0.008104505948722363
21091,0.031144341453909874
21092,0.006150688976049423
21093,0.0051614344120025635
21094,0.27490630745887756
21095,0.0065818848088383675
21096,0.0031088856048882008
21097,0.009900989942252636
21098,0.11769508570432663
21099,0.006361695937812328
21100,0.023332931101322174
21101,0.1387675553560257
21102,0.25512686371803284
21103,0.022644085809588432
21104,0.0038876403123140335
21105,0.10428594797849655
21106,0.004664440639317036
21107,0.3191258907318115
21108,0.026798274368047714
21109,0.009612634778022766
21110,0.022852102294564247
21111,0.018354346975684166
21112,0.006557834800332785
21113,0.9298141002655029
21114,0.015232683159410954
21115,0.011435143649578094
21116,0.010248011909425259
21117,0.01643979176878929
21118,0.7333905696868896
21119,0.2570776045322418
21120,0.00630556233227253
21121,0.29858440160751343
21122,0.49348220229148865
21123,0.03714849054813385
21124,0.003628702135756612
21125,0.005863611586391926
21126,0.010248011909425259
21127,0.16761040687561035
21128,0.043211109936237335
21129,0.07831612229347229
21130,0.0781252533197403
21131,0.6718876361846924
21132,0.5457304120063782
21133,0.826439380645752
21134,0.6372650861740112
21135,0.04483911395072937
21136,0.04483911395072937
21137,0.005590288434177637
21138,0.17031721770763397
21139,0.04483911395072937
21140,0.0074181524105370045
21141,0.021334517747163773
21142,0.012383976951241493
21143,0.022212060168385506
21144,0.17970065772533417
21145,0.00552876153960824
21146,0.005890652537345886
21147,0.017025627195835114
21148,0.7215601801872253
21149,0.013653886504471302
21150,0.005756424739956856
21151,0.0036162317264825106
21152,0.003786716377362609
21153,0.0032052642200142145
21154,0.31658893823623657
21155,0.09078866243362427
21156,0.8307725191116333
21157,0.006653253920376301
21158,0.1248309463262558
21159,0.008571121841669083
21160,0.059292491525411606
21161,0.05079588294029236
21162,0.8501697182655334
21163,0.016791511327028275
21164,0.01962428353726864
21165,0.019243629649281502
21166,1.801796315703541e-4
21167,0.009546405635774136
21168,0.007617265451699495
21169,0.012971021234989166
21170,0.8618938326835632
21171,0.42278099060058594
21172,0.7353428602218628
21173,0.0074346791952848434
21174,0.010341417975723743
21175,0.291893869638443
21176,0.31717514991760254
21177,0.009590021334588528
21178,0.01194316241890192
21179,0.010276122018694878
21180,0.0017117179231718183
21181,0.04883791506290436
21182,0.18900737166404724
21183,0.7488672137260437
21184,0.20517408847808838
21185,0.007296862546354532
21186,0.4821685254573822
21187,0.1024295836687088
21188,0.011000650003552437
21189,0.04579136148095131
21190,0.0059860218316316605
21191,0.022505702450871468
21192,0.014825309626758099
21193,0.0023501103278249502
21194,0.29385021328926086
21195,0.0820900946855545
21196,0.23162998259067535
21197,0.007901260629296303
21198,0.6238369345664978
21199,0.04201386496424675
21200,0.2179538607597351
21201,0.03950703144073486
21202,0.01050484087318182
21203,0.014468072913587093
21204,0.0019129542633891106
21205,0.0032126386649906635
21206,0.421866238117218
21207,0.714289665222168
21208,0.06806539744138718
21209,0.8983118534088135
21210,0.0018096822313964367
21211,0.02600238285958767
21212,0.02030028961598873
21213,0.0024524482432752848
21214,0.008916299790143967
21215,0.0058532836847007275
21216,0.03071608953177929
21217,0.75209808349609375
21218,0.01279020681977272
21219,0.012872542254626751
21220,0.02775619365274906
21221,0.2055485099554062
21222,0.41410672664642334
21223,0.1879022866487503
21224,0.16889269649982452
21225,0.16650287806987762
21226,0.02271152287721634
21227,0.4303617477416992
21228,0.010443592444062233
21229,0.012427465990185738
21230,0.010755503550171852
21231,0.01368743646889925
21232,0.473488450050354
21233,0.12621738016605377
21234,0.03880324214696884
21235,0.06260969489812851
21236,0.01590878888964653
21237,0.9011515974998474
21238,0.0067446548491716385
21239,0.0055799465626478195
21240,0.003936396446079016
21241,0.026123249903321266
21242,0.004753633867949247
21243,2.7504118042998016e-4
21244,0.0024742232635617256
21245,0.0055799465626478195
21246,0.0055799465626478195
21247,0.010873247869312763
21248,0.010873247869312763
21249,0.0055799465626478195
21250,0.010873247869312763
21251,0.0055799465626478195
21252,0.0033786592539399862
21253,0.036966994404792786
21254,0.0055799465626478195
21255,0.0055799465626478195
21256,0.0055799465626478195
21257,0.003936396446079016
21258,0.0055799465626478195
21259,0.0055799465626478195
21260,0.003936396446079016
21261,0.0055799465626478195
21262,0.0055799465626478195
21263,0.004356351215392351
21264,0.0055799465626478195
21265,0.005546049680560827
21266,0.003517575329169631
21267,0.009083890356123447
21268,0.0055799465626478195
21269,0.013258651830255985
21270,0.19437390565872192
21271,0.6110724210739136
21272,0.0055799465626478195
21273,0.0055799465626478195
21274,0.0055799465626478195
21275,0.090438611805439
21276,0.010592474602162838
21277,0.19503842294216156
21278,0.005342951975762844
21279,0.15256927907466888
21280,0.009775886312127113
21281,0.031067417934536934
21282,0.027513397857546806
21283,0.15256930887699127
21284,0.09902160614728928
21285,0.5812374353408813
21286,0.005093778483569622
21287,0.007135502062737942
21288,0.005093778483569622
21289,1.648466568440199e-4
21290,0.13843093812465668
21291,0.014129272662103176
21292,0.00428035156801343
21293,0.058616477996110916
21294,0.6604233980178833
21295,0.06766843795776367
21296,0.007598383352160454
21297,0.013247008435428143
21298,0.07314836233854294
21299,0.08817344158887863
21300,0.007748117670416832
21301,0.011652246117591858
21302,0.23341162502765656
21303,0.007150429300963879
21304,0.5488066673278809
21305,0.058221638202667236
21306,0.07198525965213776
21307,0.9212126135826111
21308,0.17049570381641388
21309,0.4642215371131897
21310,0.0676540955901146
21311,0.009878044947981834
21312,0.058252882212400436
21313,0.006499732844531536
21314,0.3889751434326172
21315,0.004251769743859768
21316,0.0038791224360466003
21317,0.12735535204410553
21318,0.0077295852825045586
21319,0.028129154816269875
21320,0.6689117550849915
21321,0.005058834329247475
21322,0.01286432333290577
21323,0.028129154816269875
21324,0.05585765466094017
21325,0.005088131409138441
21326,0.8824638724327087
21327,0.00954115018248558
21328,0.003636444453150034
21329,0.005331383086740971
21330,0.013063202612102032
21331,0.04742951691150665
21332,0.009319188073277473
21333,0.3658291697502136
21334,0.7371878623962402
21335,0.8978253602981567
21336,0.00885111466050148
21337,0.22766973078250885
21338,0.16925175487995148
21339,0.7467591166496277
21340,0.05771063640713692
21341,0.007707910146564245
21342,0.029499420896172523
21343,0.001270188600756228
21344,0.008612368255853653
21345,0.21450364589691162
21346,0.2093704789876938
21347,0.025029242038726807
21348,0.07053398340940475
21349,1.1594311217777431e-4
21350,0.022390812635421753
21351,0.04501273110508919
21352,0.2410353124141693
21353,0.022965319454669952
21354,0.022362565621733665
21355,0.010783158242702484
21356,0.05650078505277634
21357,0.013061720877885818
21358,0.7655959725379944
21359,0.1318490207195282
21360,0.002768993843346834
21361,0.009985738433897495
21362,0.04249071702361107
21363,0.668847382068634
21364,0.005352090112864971
21365,0.0432514064013958
21366,0.42269352078437805
21367,0.003313560737296939
21368,0.27988213300704956
21369,0.44353434443473816
21370,0.005541170947253704
21371,0.003781593171879649
21372,0.042678117752075195
21373,0.034190867096185684
21374,0.7261682748794556
21375,0.07727454602718353
21376,0.005298139061778784
21377,0.028342144563794136
21378,0.4237937927246094
21379,0.03861881420016289
21380,0.08600550144910812
21381,0.20576272904872894
21382,0.7750817537307739
21383,0.04846478998661041
21384,0.012716230005025864
21385,0.7356999516487122
21386,0.14475113153457642
21387,0.00610317150130868
21388,0.35898256301879883
21389,0.3602176010608673
21390,0.007856134325265884
21391,0.020266881212592125
21392,0.09273785352706909
21393,0.023155994713306427
21394,0.2718680202960968
21395,0.19002765417099
21396,0.013422254472970963
21397,0.09529657661914825
21398,0.297324001789093
21399,0.019474223256111145
21400,0.42082443833351135
21401,0.01994132623076439
21402,0.03298543393611908
21403,0.7239707708358765
21404,0.6821786165237427
21405,0.0826568603515625
21406,0.10966361314058304
21407,0.006387040484696627
21408,0.013377892784774303
21409,0.009242063388228416
21410,0.009990212507545948
21411,0.01033130194991827
21412,0.38058599829673767
21413,0.0792766660451889
21414,0.008745338767766953
21415,0.00868984218686819
21416,0.00782284326851368
21417,0.3418901860713959
21418,0.43319326639175415
21419,0.01607697457075119
21420,0.28054937720298767
21421,0.025877833366394043
21422,0.21026448905467987
21423,0.01607368513941765
21424,0.01184975914657116
21425,0.04396377503871918
21426,0.925205647945404
21427,0.021137388423085213
21428,0.004834408406168222
21429,0.004834408406168222
21430,8.027752046473324e-4
21431,0.3271944224834442
21432,0.36833512783050537
21433,0.004834408406168222
21434,0.006144970189779997
21435,0.18905173242092133
21436,0.009119688533246517
21437,0.004834408406168222
21438,0.004821754526346922
21439,0.004834408406168222
21440,0.004834408406168222
21441,0.025844378396868706
21442,0.006144970189779997
21443,0.006144970189779997
21444,0.004821754526346922
21445,0.004834408406168222
21446,0.004834408406168222
21447,0.006144970189779997
21448,0.0904889851808548
21449,0.002320542698726058
21450,0.18723563849925995
21451,0.006144970189779997
21452,0.004834408406168222
21453,0.004834408406168222
21454,0.004834408406168222
21455,0.006144970189779997
21456,0.10533791780471802
21457,0.04673842713236809
21458,0.8284648060798645
21459,0.7735528349876404
21460,0.7492403984069824
21461,0.6998023390769958
21462,0.004834408406168222
21463,0.008812741376459599
21464,0.005363354459404945
21465,0.010273061692714691
21466,0.004809814039617777
21467,0.010970591567456722
21468,0.005970414727926254
21469,0.7480167150497437
21470,0.02449110709130764
21471,0.024753721430897713
21472,0.04949194937944412
21473,0.0593871995806694
21474,0.01520263496786356
21475,0.42149195075035095
21476,0.5849229693412781
21477,0.7549305558204651
21478,0.10060562938451767
21479,0.007810480892658234
21480,0.1065380647778511
21481,0.006718895863741636
21482,0.1253891885280609
21483,0.016833476722240448
21484,0.514739990234375
21485,0.02724534645676613
21486,0.371692419052124
21487,0.6234457492828369
21488,0.008641579188406467
21489,0.008350426331162453
21490,0.004060889594256878
21491,0.009627608582377434
21492,0.011697567068040371
21493,0.011588565073907375
21494,0.011436729691922665
21495,0.015595488250255585
21496,0.14016501605510712
21497,0.13460762798786163
21498,0.003869652282446623
21499,0.5091820359230042
21500,0.67339324951171875
21501,0.13460762798786163
21502,0.012880368158221245
21503,0.011340165510773659
21504,0.748093843460083
21505,0.26941365003585815
21506,0.004559289664030075
21507,0.025748830288648605
21508,0.011420686729252338
21509,0.9112186431884766
21510,0.54007488489151
21511,0.005010318011045456
21512,0.5703348517417908
21513,0.07796633988618851
21514,0.18392953276634216
21515,0.011866079643368721
21516,0.9121357798576355
21517,0.08756197243928909
21518,0.23182657361030579
21519,0.016259824857115746
21520,0.012614077888429165
21521,0.004880873020738363
21522,0.014695595018565655
21523,0.00953091774135828
21524,0.011487414129078388
21525,0.5927804112434387
21526,0.7578951716423035
21527,0.13949909806251526
21528,0.09368956089019775
21529,0.005479459185153246
21530,0.18692313134670258
21531,0.009070689789950848
21532,0.0072210258804261684
21533,0.2602161765098572
21534,0.4815000891685486
21535,0.0036704351659864187
21536,0.7337440848350525
21537,0.7337440848350525
21538,0.006978372577577829
21539,0.02001025341451168
21540,0.010633806698024273
21541,0.023609664291143417
21542,0.010633806698024273
21543,0.049029819667339325
21544,0.006127277854830027
21545,0.007426625583320856
21546,0.3259863257408142
21547,0.01872388832271099
21548,0.8482186794281006
21549,0.007526511326432228
21550,0.012405159883201122
21551,0.2210138440132141
21552,0.004356239456683397
21553,0.010042930021882057
21554,0.0014537001261487603
21555,0.009967521764338017
21556,0.06282850354909897
21557,0.6943166851997375
21558,0.4179700016975403
21559,0.7274368405342102
21560,0.2629797160625458
21561,0.0028780961874872446
21562,0.020756235346198082
21563,0.18772022426128387
21564,0.004820615518838167
21565,0.14824314415454865
21566,0.7318581342697144
21567,0.03124997392296791
21568,0.084897980093956
21569,0.06933822482824326
21570,0.19728340208530426
21571,0.18157535791397095
21572,0.0529756136238575
21573,0.6999987959861755
21574,0.08489800244569778
21575,0.011421105824410915
21576,0.8818162679672241
21577,0.7263016104698181
21578,0.013637278228998184
21579,0.853303074836731
21580,0.018553322181105614
21581,0.3968958258628845
21582,0.06272950023412704
21583,0.016377033665776253
21584,0.7479914426803589
21585,0.0069037373177707195
21586,0.7392784953117371
21587,0.5288415551185608
21588,0.001025378005579114
21589,0.004245478194206953
21590,0.02611401118338108
21591,0.002301419386640191
21592,0.013082624413073063
21593,0.013455362990498543
21594,1.4244476915337145e-4
21595,0.005429466255009174
21596,0.5003655552864075
21597,0.012953358702361584
21598,0.011699127964675426
21599,0.05895788595080376
21600,0.20410886406898499
21601,0.04734347015619278
21602,0.006609948817640543
21603,0.012953358702361584
21604,0.0035972276236861944
21605,0.019500579684972763
21606,0.019463486969470978
21607,0.9052444696426392
21608,0.22238580882549286
21609,0.04490755498409271
21610,0.07554097473621368
21611,0.012953358702361584
21612,0.009954044595360756
21613,0.0029398761689662933
21614,0.02021830715239048
21615,0.8700610995292664
21616,0.004616322461515665
21617,0.759219229221344
21618,0.04101269692182541
21619,0.021720189601182938
21620,0.01277722604572773
21621,0.0017288512317463756
21622,0.5777133703231812
21623,0.009876096621155739
21624,0.7311133146286011
21625,0.00844484381377697
21626,0.34566622972488403
21627,0.4631381928920746
21628,0.0045754690654575825
21629,0.06544524431228638
21630,0.0011386388214305043
21631,0.01354934647679329
21632,0.018458865582942963
21633,0.01845887489616871
21634,0.01845887489616871
21635,0.01845887489616871
21636,0.01845887489616871
21637,0.01845887489616871
21638,0.7484579682350159
21639,0.25901374220848083
21640,0.404625803232193
21641,0.029700390994548798
21642,0.5647470951080322
21643,0.005262184888124466
21644,0.00839507207274437
21645,0.0620490126311779
21646,0.0035935104824602604
21647,0.05679460987448692
21648,0.6516297459602356
21649,0.8947660326957703
21650,0.9276084899902344
21651,0.011392435058951378
21652,0.008670181035995483
21653,0.5695754289627075
21654,0.00575769878923893
21655,0.0029165875166654587
21656,0.381976842880249
21657,0.510619580745697
21658,0.015070668421685696
21659,0.6208056807518005
21660,0.40936121344566345
21661,0.02403077855706215
21662,0.06758222728967667
21663,0.009972783736884594
21664,0.017533624544739723
21665,0.026486417278647423
21666,0.029947105795145035
21667,0.0190205629914999
21668,0.8669927716255188
21669,0.31055161356925964
21670,0.05044630169868469
21671,0.27087754011154175
21672,0.014399399049580097
21673,0.4059655964374542
21674,0.10426181554794312
21675,0.10852602869272232
21676,0.38022270798683167
21677,0.005109888035804033
21678,0.052466604858636856
21679,0.00303271715529263
21680,0.010355668142437935
21681,0.028660135343670845
21682,0.005191402044147253
21683,0.005606611259281635
21684,0.3086386024951935
21685,0.007356665097177029
21686,0.7877404093742371
21687,0.11151865869760513
21688,0.021338913589715958
21689,0.0021221188362687826
21690,0.014619480818510056
21691,0.01105714961886406
21692,0.012822252698242664
21693,0.003910775762051344
21694,0.0016825959319248796
21695,0.0015017020050436258
21696,0.0015017020050436258
21697,5.769762210547924e-4
21698,0.010856849141418934
21699,0.460872620344162
21700,0.9203103184700012
21701,0.10892116278409958
21702,0.3480353057384491
21703,0.02398550510406494
21704,0.07843457162380219
21705,0.08898840844631195
21706,0.020723560824990273
21707,0.010613628663122654
21708,0.01960376650094986
21709,0.12131380289793015
21710,0.007038052659481764
21711,0.006172679364681244
21712,0.003603978082537651
21713,0.010749594308435917
21714,0.005852848757058382
21715,0.03884730860590935
21716,0.060656048357486725
21717,0.05625117942690849
21718,0.010904014110565186
21719,0.3843121826648712
21720,0.5191766619682312
21721,0.004875581711530685
21722,0.14298352599143982
21723,0.07068948447704315
21724,0.01237146183848381
21725,0.0703326016664505
21726,0.002710449742153287
21727,0.03336991369724274
21728,0.010923754423856735
21729,0.0013300988357514143
21730,0.1356484293937683
21731,0.35152795910835266
21732,0.539002001285553
21733,0.020207202062010765
21734,0.08284284919500351
21735,0.009838306345045567
21736,0.011824525892734528
21737,0.0168149396777153
21738,0.06197214499115944
21739,0.18192479014396667
21740,0.009223281405866146
21741,0.019211821258068085
21742,0.019211821258068085
21743,0.4436677396297455
21744,0.004058090504258871
21745,0.539002001285553
21746,0.14983104169368744
21747,0.00948968343436718
21748,0.0820775032043457
21749,0.015708403661847115
21750,0.011287122033536434
21751,0.08358055353164673
21752,0.012125898152589798
21753,0.0026451200246810913
21754,0.05679410323500633
21755,0.36752355098724365
21756,0.003176006954163313
21757,0.02048771269619465
21758,0.06696134805679321
21759,0.009858105331659317
21760,0.4188675582408905
21761,0.09948018938302994
21762,0.6367250680923462
21763,0.0783279612660408
21764,0.45942384004592896
21765,0.17995794117450714
21766,0.30017274618148804
21767,0.013436811044812202
21768,0.00954908411949873
21769,0.056543584913015366
21770,0.00954908411949873
21771,0.01763806864619255
21772,0.00954908411949873
21773,0.00954908411949873
21774,6.907416391186416e-4
21775,0.6209802627563477
21776,0.32577693462371826
21777,0.4929756224155426
21778,0.1505894809961319
21779,0.009626230224967003
21780,0.004651395138353109
21781,0.7414411902427673
21782,0.010611000470817089
21783,0.1295311003923416
21784,0.05119360238313675
21785,0.008805838413536549
21786,0.0131407231092453
21787,0.014406095258891582
21788,0.8190564513206482
21789,0.010744966566562653
21790,0.44122612476348877
21791,0.0049073961563408375
21792,0.022525383159518242
21793,0.14792536199092865
21794,0.013335935771465302
21795,0.23506394028663635
21796,0.0018918007845059037
21797,0.9129645824432373
21798,0.008724761195480824
21799,0.7282648682594299
21800,0.3402104079723358
21801,0.1717648059129715
21802,0.006810260005295277
21803,0.5856773257255554
21804,0.01118425652384758
21805,0.057571787387132645
21806,0.0027802109252661467
21807,0.2194441705942154
21808,0.3435005247592926
21809,0.0016877521993592381
21810,0.007475551683455706
21811,0.00814651045948267
21812,0.0050508007407188416
21813,0.2927737832069397
21814,0.08372423052787781
21815,0.08372423052787781
21816,0.008975380100309849
21817,0.2111233025789261
21818,0.010066657327115536
21819,0.013843857683241367
21820,0.588261067867279
21821,0.013090231455862522
21822,0.01236652210354805
21823,0.02777719683945179
21824,0.008222919888794422
21825,0.03752236068248749
21826,0.09803204983472824
21827,0.012894313782453537
21828,0.010460513643920422
21829,0.007266718428581953
21830,0.09225598722696304
21831,0.013472159393131733
21832,0.4091804325580597
21833,0.013472159393131733
21834,0.02415410988032818
21835,0.011202480643987656
21836,0.047122422605752945
21837,0.6914876103401184
21838,0.7012399435043335
21839,0.08219626545906067
21840,0.6127635836601257
21841,0.0088553037494421
21842,0.0054811351001262665
21843,0.9013716578483582
21844,0.004105900879949331
21845,0.007756032049655914
21846,0.009867730550467968
21847,0.8863716125488281
21848,0.007811238523572683
21849,0.0073929643258452415
21850,0.6543822288513184
21851,0.898768424987793
21852,0.6552037596702576
21853,0.013339356519281864
21854,0.00822058692574501
21855,0.5775405764579773
21856,0.013536249287426472
21857,0.0058372230269014835
21858,0.25167080760002136
21859,0.004751511849462986
21860,0.0015057972632348537
21861,0.04059956595301628
21862,0.0045023467391729355
21863,0.7190902233123779
21864,0.3498355746269226
21865,0.3498355746269226
21866,0.3498355746269226
21867,0.09990006685256958
21868,0.24680668115615845
21869,0.0037476487923413515
21870,0.8193560838699341
21871,0.7190902233123779
21872,0.8032716512680054
21873,0.18965846300125122
21874,0.1501118540763855
21875,0.07477571815252304
21876,0.2175876945257187
21877,0.00694419676437974
21878,0.28673499822616577
21879,0.005291192792356014
21880,0.05261196941137314
21881,0.007237010635435581
21882,0.5385155081748962
21883,0.013428633101284504
21884,0.6264894604682922
21885,0.019894711673259735
21886,0.02873380295932293
21887,0.47103217244148254
21888,0.2953557074069977
21889,0.011005491949617863
21890,0.008737653493881226
21891,0.006216404028236866
21892,0.038933053612709045
21893,0.6555012464523315
21894,0.02328198403120041
21895,0.3431941568851471
21896,0.003658111672848463
21897,0.19599807262420654
21898,0.07535957545042038
21899,0.01845424808561802
21900,0.8254745006561279
21901,0.04404756426811218
21902,0.0133272809907794
21903,0.9200454950332642
21904,0.23695550858974457
21905,0.015244792215526104
21906,0.00785854272544384
21907,0.8707869648933411
21908,0.38205233216285706
21909,0.058936603367328644
21910,0.07535957545042038
21911,0.0024468014016747475
21912,0.4748041033744812
21913,0.014881758019328117
21914,0.471523255109787
21915,0.21253708004951477
21916,0.188431054353714
21917,0.02793365716934204
21918,0.03271658718585968
21919,0.20651505887508392
21920,0.6436710953712463
21921,0.1419660598039627
21922,0.3562040328979492
21923,0.4177141785621643
21924,0.024438707157969475
21925,0.06146740913391113
21926,0.3857943117618561
21927,0.0033020144328475
21928,0.32131120562553406
21929,0.0015441683353856206
21930,0.012665564194321632
21931,0.025687845423817635
21932,0.3345209062099457
21933,0.9254526495933533
21934,0.012822355143725872
21935,0.06831830739974976
21936,0.0696461945772171
21937,0.19480997323989868
21938,0.002926911460235715
21939,0.006098469253629446
21940,0.07863591611385345
21941,0.00495965825393796
21942,0.012385978363454342
21943,0.012825977057218552
21944,0.004121853969991207
21945,0.009493431076407433
21946,0.004346366971731186
21947,0.3343504071235657
21948,0.12706856429576874
21949,0.7369312047958374
21950,0.011620406992733479
21951,0.006655204575508833
21952,0.006089326459914446
21953,0.006935060955584049
21954,0.004800816532224417
21955,0.23782911896705627
21956,0.7409194111824036
21957,0.002375780837610364
21958,0.010817520320415497
21959,0.7138981223106384
21960,0.003951347898691893
21961,0.006461597979068756
21962,0.001830359105952084
21963,0.19091945886611938
21964,0.11037883162498474
21965,0.003021473763510585
21966,0.8788512945175171
21967,0.005911469925194979
21968,0.014303666539490223
21969,0.019041534513235092
21970,0.02883051335811615
21971,0.009799160063266754
21972,0.06500391662120819
21973,0.4183233082294464
21974,0.010883539915084839
21975,0.012377733364701271
21976,0.038087304681539536
21977,0.41617316007614136
21978,0.0011176025727763772
21979,0.0019422882469370961
21980,0.004647559951990843
21981,0.053905125707387924
21982,0.010315356776118279
21983,0.34300127625465393
21984,0.2606181800365448
21985,0.003926674835383892
21986,0.011290144175291061
21987,0.22492146492004395
21988,0.028797166422009468
21989,0.002079940168187022
21990,0.051422037184238434
21991,0.3665284812450409
21992,0.8549017906188965
21993,0.012827198021113873
21994,0.27427372336387634
21995,0.20442107319831848
21996,0.25754815340042114
21997,0.0025073266588151455
21998,0.09613179415464401
21999,0.41244351863861084
22000,0.005001131445169449
22001,0.057052694261074066
22002,0.011445422656834126
22003,0.008620897307991982
22004,0.008274500258266926
22005,0.012032204307615757
22006,0.018701741471886635
22007,0.0071683116257190704
22008,0.012032204307615757
22009,0.2210002839565277
22010,0.02670772187411785
22011,0.011681702919304371
22012,0.2684198319911957
22013,0.013675997033715248
22014,0.05133930966258049
22015,0.6945149898529053
22016,0.875607967376709
22017,0.20468160510063171
22018,0.01019337773323059
22019,0.05133930966258049
22020,0.05181404575705528
22021,0.05133930966258049
22022,0.11488965153694153
22023,0.0043803853914141655
22024,0.0806993767619133
22025,0.00135775376111269
22026,0.4864842891693115
22027,0.005762915126979351
22028,0.36456742882728577
22029,0.005649732891470194
22030,0.028252054005861282
22031,0.012285854667425156
22032,0.427772581577301
22033,0.013295057229697704
22034,0.014110667631030083
22035,0.005299280397593975
22036,0.609727144241333
22037,0.036570802330970764
22038,0.008209879510104656
22039,0.012320535257458687
22040,0.003354439977556467
22041,0.010624144226312637
22042,0.2653135359287262
22043,0.010451268404722214
22044,0.00787159614264965
22045,0.0010147981811314821
22046,0.054793503135442734
22047,0.06037037447094917
22048,0.007298406213521957
22049,0.007065637968480587
22050,0.00787159614264965
22051,0.007065637968480587
22052,0.007065637968480587
22053,0.00787159614264965
22054,0.040894705802202225
22055,0.007065637968480587
22056,0.00787159614264965
22057,0.023372305557131767
22058,0.903551459312439
22059,0.009705557487905025
22060,0.033561740070581436
22061,0.007065637968480587
22062,0.00787159614264965
22063,0.00787159614264965
22064,0.07869943231344223
22065,0.006862750742584467
22066,0.7310383915901184
22067,0.007065637968480587
22068,0.00787159614264965
22069,0.00787159614264965
22070,0.008886550553143024
22071,0.007229385431855917
22072,0.8193709254264832
22073,0.22170603275299072
22074,0.008582551032304764
22075,0.00787159614264965
22076,0.07438580691814423
22077,0.16443553566932678
22078,0.09072554111480713
22079,0.01068358775228262
22080,0.05514127388596535
22081,0.0020651037339121103
22082,0.00581740029156208
22083,0.037847232073545456
22084,0.06630109995603561
22085,0.05767299234867096
22086,0.020902760326862335
22087,0.018015796318650246
22088,0.14924763143062592
22089,0.05950412526726723
22090,0.005197340622544289
22091,0.05992280691862106
22092,0.16443553566932678
22093,0.05430785194039345
22094,0.48369020223617554
22095,0.002729225903749466
22096,0.04038303345441818
22097,0.016789644956588745
22098,0.008550392463803291
22099,0.891925036907196
22100,0.4232466518878937
22101,0.003682544454932213
22102,0.002762728137895465
22103,0.004401953425258398
22104,0.013304581865668297
22105,0.25262486934661865
22106,0.9004331827163696
22107,0.013304581865668297
22108,0.00953379925340414
22109,0.013304581865668297
22110,0.2196759581565857
22111,0.013304588384926319
22112,0.006072926800698042
22113,0.013304581865668297
22114,0.013304581865668297
22115,0.039373528212308884
22116,0.009766995906829834
22117,0.13186022639274597
22118,0.002762728137895465
22119,0.0030298393685370684
22120,0.031716685742139816
22121,0.021379409357905388
22122,0.003101667622104287
22123,0.6629530191421509
22124,0.261066734790802
22125,0.3085382580757141
22126,0.009906221181154251
22127,0.00640934007242322
22128,0.059274908155202866
22129,0.007063959259539843
22130,0.015202685259282589
22131,0.06390724331140518
22132,0.010041299276053905
22133,0.00581740029156208
22134,0.00581740029156208
22135,0.00581740029156208
22136,0.00581740029156208
22137,0.012388532981276512
22138,0.00581740029156208
22139,0.012351203709840775
22140,0.00581740029156208
22141,0.8032973408699036
22142,0.009889483451843262
22143,0.0058173974975943565
22144,0.0058173974975943565
22145,0.25478801131248474
22146,0.007483318448066711
22147,0.00581740029156208
22148,0.00581740029156208
22149,0.03570789098739624
22150,0.00581740029156208
22151,0.00581740029156208
22152,0.06179981306195259
22153,0.00581740029156208
22154,0.1443072408437729
22155,0.12541265785694122
22156,0.0885070264339447
22157,0.8875468373298645
22158,0.13177631795406342
22159,0.11707405745983124
22160,0.11819244176149368
22161,0.011683646589517593
22162,0.0038319595623761415
22163,0.29973122477531433
22164,0.010197872295975685
22165,0.13040578365325928
22166,0.035398319363594055
22167,0.02423115260899067
22168,0.04879762977361679
22169,0.03409755229949951
22170,0.026226844638586044
22171,0.04041057080030441
22172,0.007865669205784798
22173,0.31222671270370483
22174,0.0036751078441739082
22175,0.003675111336633563
22176,0.14289501309394836
22177,0.03847930207848549
22178,0.6105741262435913
22179,0.20177540183067322
22180,0.29571759700775146
22181,0.20572003722190857
22182,0.2614865303039551
22183,0.0087521867826581
22184,0.011329916305840015
22185,0.015963831916451454
