id,probs
1,0.027953466400504112
2,0.1474909782409668
3,0.5785685777664185
4,0.1144147589802742
5,0.006370473187416792
6,0.016590984538197517
7,0.17422913014888763
8,0.031054401770234108
9,0.1275569498538971
10,0.029570510610938072
11,0.014329323545098305
12,0.3852261006832123
13,0.028421662747859955
14,0.10429541766643524
15,0.10574594885110855
16,0.0373607836663723
17,0.018324987962841988
18,0.00523942057043314
19,0.0062772477976977825
20,0.039059173315763474
21,0.06186756119132042
22,0.06279251724481583
23,0.023663772270083427
24,0.01465883944183588
25,0.017923781648278236
26,0.024323372170329094
27,0.0166118536144495
28,0.007676444947719574
29,0.652880072593689
30,0.034659504890441895
31,0.03578294813632965
32,0.011681834235787392
33,0.02692594565451145
34,0.005247090477496386
35,0.04860672354698181
36,0.015376267954707146
37,0.04583846777677536
38,0.015114301815629005
39,0.5359723567962646
40,0.06263002753257751
41,0.04794711992144585
42,0.03017449751496315
43,0.052094873040914536
44,0.0040269833989441395
45,0.027506547048687935
46,0.056848663836717606
47,0.778698205947876
48,0.03727424517273903
49,0.11882489919662476
50,0.7859034538269043
51,0.024994300678372383
52,0.01357748731970787
53,0.019980449229478836
54,0.013607677072286606
55,0.01903630420565605
56,0.7992967367172241
57,0.24104954302310944
58,0.07829272001981735
59,0.7862981557846069
60,0.15846103429794312
61,0.025849955156445503
62,0.028293427079916
63,0.01860424503684044
64,0.04877832159399986
65,0.215586856007576
66,0.7135392427444458
67,0.09740481525659561
68,0.05297834053635597
69,0.036664120852947235
70,0.013187249191105366
71,0.15501275658607483
72,0.7478032112121582
73,0.015249115414917469
74,0.01084574218839407
75,0.03290482237935066
76,0.00285918521694839
77,0.036550890654325485
78,0.3509657680988312
79,0.06088748946785927
80,0.1145729348063469
81,0.4059233069419861
82,0.05320719629526138
83,0.03258872404694557
84,0.2476469874382019
85,0.02739616297185421
86,0.6731430888175964
87,0.01186271384358406
88,0.01186271384358406
89,0.7136806845664978
90,0.03304947167634964
91,0.011798005551099777
92,0.007097486872226
93,0.011798005551099777
94,0.06558346003293991
95,0.02355615794658661
96,0.0427309051156044
97,0.12213970720767975
98,0.042147401720285416
99,0.011909808032214642
100,0.01289515569806099
101,0.1860196441411972
102,0.39423197507858276
103,0.6954283118247986
104,0.2781336307525635
105,0.12410571426153183
106,0.07020924240350723
107,0.022784674540162086
108,0.028866462409496307
109,0.4895971119403839
110,0.01904980279505253
111,0.10780975222587585
112,0.20639829337596893
113,0.10341554135084152
114,0.10341554135084152
115,0.0509374774992466
116,0.02503412589430809
117,0.4993767738342285
118,0.02986583299934864
119,0.0017464469419792295
120,0.32353878021240234
121,0.2509942650794983
122,0.4703587293624878
123,0.05236339196562767
124,0.13065598905086517
125,0.019593140110373497
126,0.045931678265333176
127,0.06303936243057251
128,0.08241363614797592
129,0.12162704765796661
130,0.036836352199316025
131,0.5623401403427124
132,0.014761177822947502
133,0.04897170886397362
134,0.01809966191649437
135,0.024206344038248062
136,0.02893581986427307
137,0.03544756397604942
138,0.16044755280017853
139,0.091576486825943
140,0.28305673599243164
141,0.18177257478237152
142,0.019715644419193268
143,0.027709778398275375
144,0.06708313524723053
145,0.042924705892801285
146,0.03929683566093445
147,0.03036710061132908
148,0.35705605149269104
149,0.09584519267082214
150,0.07007137686014175
151,0.021492406725883484
152,0.05075113847851753
153,0.02869749441742897
154,0.1704060584306717
155,0.5580289363861084
156,0.40911561250686646
157,0.9801203608512878
158,0.012020792812108994
159,0.671424925327301
160,0.007659790106117725
161,0.20976419746875763
162,0.011277913115918636
163,0.3336818814277649
164,0.08503787964582443
165,0.035292673856019974
166,0.07426276803016663
167,0.20568609237670898
168,0.009194666519761086
169,0.20976419746875763
170,0.009753004647791386
171,0.09686928242444992
172,0.27851375937461853
173,0.3792897164821625
174,0.19830526411533356
175,0.054698579013347626
176,0.04041975736618042
177,0.9097691178321838
178,0.1523181051015854
179,0.8317235112190247
180,0.21199233829975128
181,0.04104895517230034
182,0.08384007960557938
183,0.07548797875642776
184,0.04400753602385521
185,0.07172761857509613
186,0.07264675945043564
187,0.798897385597229
188,0.010447210632264614
189,0.08808789402246475
190,0.08353260904550552
191,0.12778261303901672
192,0.04778652265667915
193,0.2410389930009842
194,0.013886242173612118
195,0.038617365062236786
196,0.06738217175006866
197,0.06866101920604706
198,0.10285671055316925
199,0.05164656043052673
200,0.23361562192440033
201,0.05279861018061638
202,0.15052330493927002
203,0.008729785680770874
204,0.058963388204574585
205,0.634789764881134
206,0.27208608388900757
207,0.07583530247211456
208,0.8997666239738464
209,0.010142636485397816
210,0.06519630551338196
211,0.03955799713730812
212,0.008309198543429375
213,0.01979089342057705
214,0.08012321591377258
215,0.1066131591796875
216,0.1150866374373436
217,0.05599743872880936
218,0.12473689019680023
219,0.17030560970306396
220,0.31793367862701416
221,0.1280769556760788
222,0.06893940269947052
223,0.10406547784805298
224,0.16444891691207886
225,0.03256319835782051
226,0.08264537900686264
227,0.34324994683265686
228,0.09446452558040619
229,0.2646751403808594
230,0.5177538990974426
231,0.07296528667211533
232,0.063442230224609375
233,0.12460479140281677
234,0.1745515912771225
235,0.014899048954248428
236,0.8550879955291748
237,0.47729963064193726
238,0.023162223398685455
239,0.039764653891325
240,0.0893561914563179
241,0.6096083521842957
242,0.022137487307190895
243,0.047787874937057495
244,0.048424795269966125
245,0.16137580573558807
246,0.04225467890501022
247,0.09445243328809738
248,0.01829475909471512
249,0.09570454061031342
250,0.06423070281744003
251,0.16626843810081482
252,0.050926435738801956
253,0.03414963558316231
254,0.17711621522903442
255,0.07530010491609573
256,0.06702392548322678
257,0.04258248582482338
258,0.041554708033800125
259,0.035283155739307404
260,0.01261455100029707
261,0.06858643144369125
262,0.7513831853866577
263,0.009493731893599033
264,0.010595238767564297
265,0.006591201294213533
266,0.008525245822966099
267,0.07288475334644318
268,0.013901730999350548
269,0.0028935102745890617
270,0.0027310887817293406
271,0.007565113250166178
272,0.003801685059443116
273,0.006674966774880886
274,0.07038549333810806
275,0.00553248543292284
276,0.0017963346326723695
277,0.054219990968704224
278,0.009347775019705296
279,0.04111461713910103
280,0.47577139735221863
281,0.038120657205581665
282,0.026218589395284653
283,0.13474993407726288
284,0.0019931099377572536
285,0.07089556008577347
286,0.0638120248913765
287,0.00959174707531929
288,0.0055523831397295
289,0.0057182153686881065
290,0.10085241496562958
291,0.0526929646730423
292,0.34469538927078247
293,0.006174844224005938
294,0.03974948078393936
295,0.04246250540018082
296,0.002729909960180521
297,0.022538790479302406
298,0.09828492999076843
299,0.14027181267738342
300,0.051526639610528946
301,0.0035094814375042915
302,0.010986450128257275
303,0.07812678068876266
304,0.04118150845170021
305,0.10010368376970291
306,0.04180750623345375
307,0.036525603383779526
308,0.05749759078025818
309,0.6534329652786255
310,0.03519197553396225
311,0.003096005180850625
312,0.040572088211774826
313,0.021547047421336174
314,0.051537033170461655
315,0.021343505010008812
316,0.02545623853802681
317,0.37001556158065796
318,0.008242063224315643
319,0.05425575003027916
320,0.012201406992971897
321,9.27681103348732e-4
322,0.005384335294365883
323,0.002601759508252144
324,0.014836017042398453
325,0.07534106820821762
326,0.01845000684261322
327,0.003044669283553958
328,0.03553847223520279
329,0.02208363264799118
330,0.011526546441018581
331,0.001526581239886582
332,0.025774599984288216
333,0.001526581239886582
334,0.0019363786559551954
335,0.0037761470302939415
336,0.00723591074347496
337,0.001916631474159658
338,0.7209702134132385
339,0.006548384670168161
340,0.46960511803627014
341,0.03242608904838562
342,0.02352640964090824
343,0.009325291030108929
344,0.00989113561809063
345,0.02159198559820652
346,0.014247724786400795
347,0.016726436093449593
348,0.016181154176592827
349,0.0013502627843990922
350,0.12151789665222168
351,0.014991451986134052
352,0.003912406973540783
353,0.01853001117706299
354,0.0312768779695034
355,0.021786266937851906
356,0.007664554286748171
357,0.019826103001832962
358,0.0877356231212616
359,0.014422697015106678
360,0.003867801744490862
361,0.030337586998939514
362,0.00289434683509171
363,0.06552477180957794
364,0.006519394461065531
365,0.006741610821336508
366,0.018879571929574013
367,0.008496129885315895
368,0.07680296897888184
369,0.02088754065334797
370,0.0016752475639805198
371,0.0016752475639805198
372,0.004910170566290617
373,0.004910170566290617
374,0.00728949811309576
375,0.00782829336822033
376,0.007469638250768185
377,0.02077290415763855
378,0.017748374491930008
379,0.035368237644433975
380,0.019601142033934593
381,0.006365944165736437
382,0.005824212916195393
383,0.031391460448503494
384,0.0968136414885521
385,0.015500234439969063
386,0.02571549452841282
387,0.05539155751466751
388,0.17411968111991882
389,0.020354818552732468
390,0.014390449970960617
391,0.002980424789711833
392,0.06896422803401947
393,0.023074308410286903
394,0.017284942790865898
395,0.010736089199781418
396,0.034841034561395645
397,0.5284188389778137
398,0.03618475794792175
399,0.05617491900920868
400,0.04239971563220024
401,0.029404275119304657
402,0.012972285971045494
403,0.07335885614156723
404,0.012493681162595749
405,0.03201598301529884
406,0.06711547821760178
407,0.004194966983050108
408,0.033147182315588
409,0.02479788288474083
410,0.009991717524826527
411,0.005490334238857031
412,0.0046747843734920025
413,0.15145815908908844
414,0.026664303615689278
415,0.04529912769794464
416,0.03360551968216896
417,0.011472230777144432
418,0.040255285799503326
419,0.03266134113073349
420,0.11691873520612717
421,0.03750809654593468
422,0.43505212664604187
423,0.02559511922299862
424,0.04951675608754158
425,0.014211245812475681
426,0.007321482058614492
427,0.03501899167895317
428,0.018955089151859283
429,0.5626798868179321
430,0.514074981212616
431,0.014493822120130062
432,0.09407099336385727
433,0.1620658040046692
434,0.026943998411297798
435,0.0734318345785141
436,0.032233599573373795
437,0.04268369823694229
438,0.0014836207265034318
439,0.04168415814638138
440,0.013881025835871696
441,0.004024440888315439
442,0.022296525537967682
443,0.01413456816226244
444,0.8762665390968323
445,0.0036256590392440557
446,0.005451314151287079
447,0.0067074233666062355
448,0.014985642395913601
449,0.03473292291164398
450,0.03863484412431717
451,0.04580393061041832
452,0.07659415900707245
453,0.06539719551801682
454,0.015016687102615833
455,0.014546114951372147
456,0.0051330761052668095
457,0.040115587413311005
458,0.028655191883444786
459,0.005542986560612917
460,0.005542986560612917
461,0.005542986560612917
462,0.005542986560612917
463,0.005542986560612917
464,0.005542986560612917
465,0.005542986560612917
466,0.005542986560612917
467,0.005542986560612917
468,0.005542986560612917
469,0.0080001475289464
470,0.012934218160808086
471,0.005632174201309681
472,0.00979875773191452
473,0.0035412597935646772
474,0.04428453370928764
475,0.01975473016500473
476,0.013456394895911217
477,0.02572370320558548
478,0.016946183517575264
479,0.016946183517575264
480,0.03786325827240944
481,0.032625023275613785
482,0.015049469657242298
483,0.043355006724596024
484,0.05235681310296059
485,0.013780295848846436
486,0.018377024680376053
487,0.005831465125083923
488,0.012893013656139374
489,0.01238289289176464
490,0.7745822668075562
491,0.00404744129627943
492,0.05209802836179733
493,0.003231321694329381
494,0.004973636940121651
495,0.020071323961019516
496,0.03139841929078102
497,0.003657406195998192
498,0.19975031912326813
499,0.10545006394386292
500,0.001194467768073082
501,0.0021657145116478205
502,0.04338528960943222
503,0.025546826422214508
504,0.009665568359196186
505,0.0039036236703395844
506,0.005730439443141222
507,0.0583803690969944
508,0.0062366207130253315
509,0.008799472823739052
510,0.01430323626846075
511,0.019469570368528366
512,0.003856625407934189
513,0.015573929995298386
514,0.029027948155999184
515,0.006262630689889193
516,0.017992300912737846
517,0.0037939546164125204
518,0.004025079309940338
519,0.09594068676233292
520,0.05897693708539009
521,0.014048070646822453
522,0.003498027566820383
523,0.0027168970555067062
524,0.006186853628605604
525,0.006186853628605604
526,0.0036925743333995342
527,0.0011002623941749334
528,0.0021580932661890984
529,0.0021580932661890984
530,0.0030106427147984505
531,0.009384510107338428
532,0.0034620577935129404
533,0.023991433903574944
534,0.02419765666127205
535,0.005584258120507002
536,0.0877370536327362
537,0.002952267648652196
538,0.007038685958832502
539,0.0038135480135679245
540,0.003691502148285508
541,0.015622854232788086
542,0.7123682498931885
543,0.124534472823143
544,0.002457041759043932
545,0.005455669481307268
546,0.0015715372283011675
547,0.008439535275101662
548,0.013867664150893688
549,0.05189928784966469
550,0.12469536066055298
551,0.015780938789248466
552,0.013867664150893688
553,0.01235265750437975
554,0.015105665661394596
555,0.02480292320251465
556,0.013877736404538155
557,0.03164369985461235
558,0.01023788470774889
559,0.730957567691803
560,0.006879638414829969
561,0.018269836902618408
562,0.013398810289800167
563,0.09843026101589203
564,0.003581673838198185
565,0.0022938584443181753
566,0.003854466136544943
567,0.003854466136544943
568,0.003854466136544943
569,0.0026639222633093596
570,0.003854466136544943
571,0.04218016937375069
572,0.028041355311870575
573,0.006014817859977484
574,0.006014817859977484
575,0.4680262804031372
576,0.006014817859977484
577,0.010088815353810787
578,0.045371755957603455
579,0.0070855505764484406
580,0.0070855505764484406
581,0.9366130232810974
582,0.0070855505764484406
583,0.6660189032554626
584,0.0070855505764484406
585,0.0070855505764484406
586,0.045371755957603455
587,0.0070855505764484406
588,0.024190187454223633
589,0.0070855505764484406
590,0.0070855505764484406
591,0.0612424872815609
592,0.045371755957603455
593,0.058928195387125015
594,0.03159065172076225
595,0.01348523423075676
596,0.011052357964217663
597,0.013376779854297638
598,0.00898621417582035
599,9.975633583962917e-4
600,0.06002477928996086
601,0.007179431151598692
602,0.0029927208088338375
603,0.028744956478476524
604,0.02695254422724247
605,0.0016133047174662352
606,0.013284070417284966
607,0.017977477982640266
608,0.008583257906138897
609,0.008583257906138897
610,0.15509645640850067
611,0.008583257906138897
612,0.0025627862196415663
613,0.004417011048644781
614,0.19125275313854218
615,0.0036252455320209265
616,0.005525738932192326
617,0.19125275313854218
618,0.0036252455320209265
619,0.0036252455320209265
620,7.848992827348411e-4
621,0.010053721256554127
622,0.028934424743056297
623,0.02369612641632557
624,0.010500638745725155
625,0.027902740985155106
626,0.010702437721192837
627,0.001460696803405881
628,0.00943718571215868
629,0.020612655207514763
630,0.010767066851258278
631,0.007611288223415613
632,0.014964036643505096
633,0.007611288223415613
634,0.023746781051158905
635,0.0010064931120723486
636,0.03542637825012207
637,0.030650151893496513
638,0.02331499755382538
639,0.09581542015075684
640,0.023821447044610977
641,0.016718095168471336
642,0.04774467647075653
643,0.42240896821022034
644,0.008700277656316757
645,0.07692602276802063
646,0.9198634028434753
647,0.03344053402543068
648,0.05754119157791138
649,0.033914338797330856
650,0.029403282329440117
651,0.003290717024356127
652,0.033109400421381
653,0.01840147376060486
654,0.017756164073944092
655,0.6399644017219543
656,0.0018669599667191505
657,0.013351730071008205
658,0.014924867078661919
659,0.014924867078661919
660,0.014924867078661919
661,0.00495906313881278
662,0.014924867078661919
663,0.0016738390550017357
664,0.015372073277831078
665,0.014924867078661919
666,0.014924867078661919
667,0.007918438874185085
668,0.014924867078661919
669,0.014924867078661919
670,0.04982918128371239
671,0.04071998968720436
672,0.49002358317375183
673,0.11884121596813202
674,0.01939511112868786
675,0.10369228571653366
676,0.0024502561427652836
677,0.02420486882328987
678,0.039047811180353165
679,0.029351161792874336
680,0.009159992448985577
681,0.1940118819475174
682,0.01430861558765173
683,0.008145011961460114
684,0.048850711435079575
685,0.015352989546954632
686,0.0066078417003154755
687,0.0038830891717225313
688,0.0038830891717225313
689,0.0038830891717225313
690,0.0038830891717225313
691,0.007050286512821913
692,0.014328583143651485
693,0.00429751630872488
694,0.00429751630872488
695,0.00429751630872488
696,0.00429751630872488
697,0.00429751630872488
698,0.00429751630872488
699,0.00429751630872488
700,0.0025997667107731104
701,0.0014473211485892534
702,0.03652140125632286
703,0.011201837100088596
704,0.018795587122440338
705,0.004200791474431753
706,0.012119404040277004
707,0.02200285717844963
708,0.013529240153729916
709,0.001958908513188362
710,0.002709820866584778
711,0.001958908513188362
712,0.001958908513188362
713,0.0025226694997400045
714,0.001958908513188362
715,0.001958908513188362
716,0.001958908513188362
717,0.001958908513188362
718,0.002709820866584778
719,0.010791991837322712
720,0.002709820866584778
721,0.001958908513188362
722,0.001958908513188362
723,0.002630827948451042
724,0.00859157182276249
725,0.0013926200335845351
726,0.02080373279750347
727,0.007974844425916672
728,0.007146371528506279
729,0.0062230173498392105
730,0.016517065465450287
731,0.021643470972776413
732,0.021643470972776413
733,0.02445327676832676
734,0.021643470972776413
735,0.021643470972776413
736,0.011880193836987019
737,0.005581383127719164
738,0.021643470972776413
739,0.015525906346738338
740,0.005581383127719164
741,0.005581383127719164
742,0.005581383127719164
743,0.005581383127719164
744,0.011880193836987019
745,0.005581383127719164
746,0.005581383127719164
747,0.04622401297092438
748,0.005581383127719164
749,0.04622401297092438
750,0.003106270916759968
751,0.0069458698853850365
752,0.0069458698853850365
753,0.029316328465938568
754,0.016590338200330734
755,0.002958051860332489
756,0.002205704804509878
757,0.002958051860332489
758,0.002958051860332489
759,0.002958051860332489
760,0.002205704804509878
761,0.002205704804509878
762,0.009552039206027985
763,0.002205704804509878
764,0.002958051860332489
765,0.029670311138033867
766,0.027073152363300323
767,0.0027907516341656446
768,0.0027907516341656446
769,0.0027907516341656446
770,0.0027907516341656446
771,5.499667604453862e-4
772,0.11947408318519592
773,0.0076423329301178455
774,0.0022516564931720495
775,0.0022516564931720495
776,0.0022516564931720495
777,0.0076423329301178455
778,0.0016171272145584226
779,0.02481655962765217
780,0.0016171272145584226
781,0.0022516564931720495
782,0.0019929895643144846
783,0.0016171272145584226
784,0.0019929895643144846
785,0.0016171272145584226
786,0.02752678655087948
787,0.005219952203333378
788,0.028741175308823586
789,0.006620602682232857
790,0.011981961317360401
791,0.026636295020580292
792,0.030770642682909966
793,0.011981961317360401
794,0.011981961317360401
795,0.011981961317360401
796,0.00267755426466465
797,0.011981961317360401
798,0.011981961317360401
799,0.062265828251838684
800,0.061537567526102066
801,0.007486187387257814
802,0.002865080488845706
803,0.002865080488845706
804,0.0018257986521348357
805,0.0018257986521348357
806,0.0018257986521348357
807,0.0018257986521348357
808,0.0018257986521348357
809,0.0018257986521348357
810,0.007275220472365618
811,9.02604020666331e-4
812,0.03502220660448074
813,0.012524547055363655
814,0.011673953384160995
815,0.01201712992042303
816,0.010539837181568146
817,0.0031933498103171587
818,0.009853493422269821
819,0.012010117061436176
820,0.0015080594457685947
821,0.0015828566392883658
822,8.482463890686631e-4
823,0.0019221388502046466
824,8.417795761488378e-4
825,0.0012082873145118356
826,0.010026833973824978
827,6.493304972536862e-4
828,6.493304972536862e-4
829,0.0016309291822835803
830,0.0016309291822835803
831,0.0019857026636600494
832,0.00906203594058752
833,6.493304972536862e-4
834,0.0027632941491901875
835,0.001588328741490841
836,6.493304972536862e-4
837,6.493304972536862e-4
838,0.0016309291822835803
839,0.0016309291822835803
840,0.0016309291822835803
841,0.0016309291822835803
842,6.493304972536862e-4
843,0.0016309291822835803
844,0.018105261027812958
845,0.018105261027812958
846,0.00937650352716446
847,0.004933102522045374
848,0.004933102522045374
849,0.010638343170285225
850,0.0038049856666475534
851,0.8720391988754272
852,0.012714122422039509
853,0.013511412777006626
854,0.16817118227481842
855,0.012579623609781265
856,0.022166308015584946
857,0.00635192496702075
858,0.01905061863362789
859,0.037256453186273575
860,0.012493911199271679
861,0.04154409468173981
862,0.012493911199271679
863,0.008756287395954132
864,0.03339041769504547
865,0.022720159962773323
866,0.013441135175526142
867,0.03624986857175827
868,0.09608734399080276
869,0.01162369828671217
870,0.01162369828671217
871,0.01838819868862629
872,0.01838819868862629
873,0.010292147286236286
874,0.01838819868862629
875,0.010381683707237244
876,0.007252285722643137
877,0.01162369828671217
878,0.01162369828671217
879,0.05407877638936043
880,0.436044305562973
881,0.016590896993875504
882,0.02852533385157585
883,0.23384058475494385
884,0.02852533385157585
885,0.0018579855095595121
886,0.007402761839330196
887,0.0018579855095595121
888,0.0018579855095595121
889,7.210135809145868e-4
890,0.0018644565716385841
891,0.004725296050310135
892,0.0011580642312765121
893,0.015004229731857777
894,0.03699279576539993
895,0.2247461974620819
896,0.005443362519145012
897,0.004563689231872559
898,0.016128966584801674
899,0.007767573930323124
900,0.04843666031956673
901,0.004091262351721525
902,0.020736852660775185
903,0.033757295459508896
904,0.004456830210983753
905,0.04806290194392204
906,0.029497236013412476
907,0.12785422801971436
908,0.009637114591896534
909,0.0035305977798998356
910,0.01424127072095871
911,0.04964296519756317
912,0.015985209494829178
913,0.7965324521064758
914,0.004965928848832846
915,0.004965928848832846
916,0.004965928848832846
917,0.01574152708053589
918,0.004965928848832846
919,0.004965928848832846
920,0.002781104762107134
921,0.002781104762107134
922,0.004965928848832846
923,0.004965928848832846
924,0.004965928848832846
925,0.04561474546790123
926,0.06349441409111023
927,0.07287809252738953
928,0.012740671634674072
929,0.16449134051799774
930,0.0048249890096485615
931,0.16799601912498474
932,0.02329643815755844
933,0.003028095467016101
934,0.9875948429107666
935,0.005759872496128082
936,0.015549669042229652
937,0.836927056312561
938,0.020336171612143517
939,0.014665859751403332
940,0.013475741259753704
941,0.010850531049072742
942,0.011561799794435501
943,0.030301811173558235
944,0.02069156989455223
945,0.01780947670340538
946,0.7436553239822388
947,0.6159679889678955
948,0.08275849372148514
949,0.7303521037101746
950,0.003502481384202838
951,0.005159026011824608
952,0.09201684594154358
953,0.009211023338139057
954,0.015359672717750072
955,0.004928395617753267
956,0.008435218594968319
957,0.08705727010965347
958,0.009257795289158821
959,0.00121712451800704
960,0.005768259055912495
961,0.0040447646751999855
962,0.006226477213203907
963,0.007136751897633076
964,0.009381801821291447
965,0.0985664501786232
966,0.03934386372566223
967,0.0034982217475771904
968,0.010040953755378723
969,0.00909733958542347
970,0.009464929811656475
971,0.005214225966483355
972,7.381245959550142e-4
973,0.0026236374396830797
974,7.381245959550142e-4
975,0.004603738430887461
976,0.0165809728205204
977,0.002003239933401346
978,0.009990444406867027
979,0.0026236374396830797
980,6.79444579873234e-4
981,0.004142673686146736
982,6.497130380012095e-4
983,0.0025833467952907085
984,0.0019307753536850214
985,0.0025833467952907085
986,0.0025833467952907085
987,0.0041844467632472515
988,0.005002474412322044
989,0.0041844467632472515
990,0.020597899332642555
991,8.117093238979578e-4
992,0.001982953865081072
993,0.014758565463125706
994,0.061684686690568924
995,0.016789227724075317
996,0.008872454054653645
997,0.010931557044386864
998,0.0029510213062167168
999,0.0032642395235598087
1000,0.00495016248896718
1001,0.0032642395235598087
1002,0.0032642395235598087
1003,0.0032642395235598087
1004,0.0017835625912994146
1005,0.0010787834180518985
1006,0.01875784434378147
1007,0.004603592213243246
1008,0.002039956394582987
1009,0.010209714993834496
1010,0.0018579023890197277
1011,0.0032114004716277122
1012,0.0017968921456485987
1013,0.0018579023890197277
1014,0.0017968921456485987
1015,0.005805936176329851
1016,0.04819295182824135
1017,0.002287506125867367
1018,0.002287506125867367
1019,0.002287506125867367
1020,0.010408088564872742
1021,0.010553326457738876
1022,0.00359714194200933
1023,0.012029069475829601
1024,0.0015540348831564188
1025,0.003053943859413266
1026,0.002726611914113164
1027,0.002726611914113164
1028,0.00513518787920475
1029,0.01886422000825405
1030,0.0067786346189677715
1031,0.0034909520763903856
1032,0.007586882449686527
1033,0.008963634259998798
1034,0.004651275929063559
1035,0.006523188203573227
1036,0.015877554193139076
1037,0.015877554193139076
1038,0.008775901980698109
1039,0.010793259367346764
1040,0.04288971424102783
1041,0.015347791835665703
1042,0.02657240256667137
1043,0.015085219405591488
1044,0.015456505119800568
1045,0.022989770397543907
1046,0.3463706970214844
1047,6.204262026585639e-4
1048,0.0012883192393928766
1049,0.06594373285770416
1050,0.0018447767943143845
1051,2.421381650492549e-4
1052,0.002063568215817213
1053,3.481080930214375e-4
1054,0.0011522510321810842
1055,0.0010527033591642976
1056,0.010279647074639797
1057,0.08171360194683075
1058,0.30854371190071106
1059,0.010634555481374264
1060,0.23792526125907898
1061,0.10651523619890213
1062,0.001433319877833128
1063,0.001175090903416276
1064,0.0010199438547715545
1065,0.041310667991638184
1066,8.747972897253931e-4
1067,9.714669431559741e-4
1068,0.008171596564352512
1069,0.008367881178855896
1070,0.03464304655790329
1071,0.06415920704603195
1072,0.012239430099725723
1073,0.0035041177179664373
1074,0.037705197930336
1075,0.004712376277893782
1076,0.004286406561732292
1077,0.00270912516862154
1078,0.08831212669610977
1079,0.045131318271160126
1080,0.0010799503652378917
1081,0.0021772843319922686
1082,4.0168699342757463e-4
1083,0.004253169056028128
1084,0.00481729069724679
1085,0.03156270831823349
1086,2.0628987113013864e-4
1087,9.116212604567409e-4
1088,0.08122311532497406
1089,0.0011761614587157965
1090,0.0032773225102573633
1091,0.0018009105697274208
1092,0.005726270843297243
1093,0.0014570700004696846
1094,7.353036780841649e-4
1095,7.441221387125552e-4
1096,4.120976373087615e-4
1097,0.0013990493025630713
1098,0.0033644740469753742
1099,0.0020425382535904646
1100,0.053666550666093826
1101,7.67118064686656e-4
1102,6.41019782051444e-4
1103,0.001753962249495089
1104,0.0017924620769917965
1105,9.387150639668107e-4
1106,8.588469354435802e-4
1107,9.650214924477041e-4
1108,0.0034176704939454794
1109,0.0032525360584259033
1110,0.019508305937051773
1111,0.010999934747815132
1112,0.003036537440493703
1113,0.24027082324028015
1114,2.835211926139891e-4
1115,0.0012062478344887495
1116,0.0012877261033281684
1117,8.223475306294858e-4
1118,0.009397907182574272
1119,0.09536387771368027
1120,6.747680599801242e-4
1121,0.008549356833100319
1122,0.0010133064351975918
1123,0.008682607673108578
1124,0.016602111980319023
1125,0.14204858243465424
1126,0.028149394318461418
1127,0.011751941405236721
1128,0.22070404887199402
1129,0.043617844581604004
1130,0.07626413553953171
1131,0.004654844757169485
1132,0.519745409488678
1133,0.0068211182951927185
1134,0.012759626843035221
1135,0.003951903432607651
1136,0.003921988885849714
1137,0.13075783848762512
1138,0.00064855493837967515
1139,0.003071706974878907
1140,0.0020584429148584604
1141,0.003099004505202174
1142,0.02980830706655979
1143,0.022912707179784775
1144,0.001041981391608715
1145,0.10490265488624573
1146,0.09867098182439804
1147,0.023327602073550224
1148,0.001248241402208805
1149,6.056123529560864e-4
1150,5.358594353310764e-4
1151,0.007452751975506544
1152,0.0032459511421620846
1153,0.0024375268258154392
1154,0.23594097793102264
1155,0.05064944922924042
1156,0.006850032601505518
1157,0.0023093128111213446
1158,0.0017945913132280111
1159,0.001351633109152317
1160,0.0015155849978327751
1161,0.004724573809653521
1162,0.05722898989915848
1163,0.19392770528793335
1164,0.003806533059105277
1165,4.6916253631934524e-4
1166,0.006431557238101959
1167,0.03097151219844818
1168,9.410572238266468e-4
1169,6.581138586625457e-4
1170,5.630951491184533e-4
1171,0.001375123974867165
1172,0.0019284684676676989
1173,0.005243786610662937
1174,0.036274608224630356
1175,0.16004841029644012
1176,0.1133602038025856
1177,0.05131043866276741
1178,0.00485160993412137
1179,0.003824392566457391
1180,0.002563434885814786
1181,0.0017351238057017326
1182,0.002061926992610097
1183,0.004643780644983053
1184,0.00919222179800272
1185,0.24450033903121948
1186,0.00100398575887084
1187,0.03369744122028351
1188,3.3895132946781814e-4
1189,3.8738545845262706e-4
1190,0.009558185003697872
1191,8.042291738092899e-4
1192,0.0016110144788399339
1193,0.0014744511572644114
1194,0.004040625412017107
1195,0.005878573749214411
1196,0.0025132978335022926
1197,0.03824487701058388
1198,0.04427992179989815
1199,0.011665182188153267
1200,0.00756201334297657
1201,0.0335778146982193
1202,8.256963919848204e-4
1203,0.00632100086659193
1204,0.006796604488044977
1205,6.367143942043185e-4
1206,0.00404988881200552
1207,0.00443652318790555
1208,0.004351852927356958
1209,0.0012953892583027482
1210,6.497675785794854e-4
1211,0.022890981286764145
1212,0.007021273486316204
1213,0.051632653921842575
1214,0.19650954008102417
1215,0.033909957855939865
1216,0.058246567845344543
1217,0.05512336269021034
1218,0.012726817280054092
1219,0.21044211089611053
1220,0.11415057629346848
1221,0.05162139609456062
1222,0.020495593547821045
1223,0.0016159312799572945
1224,0.004382365848869085
1225,0.003579577896744013
1226,0.023529766127467155
1227,0.00586223928257823
1228,0.002749624429270625
1229,6.791043560951948e-4
1230,0.050762105733156204
1231,7.035703165456653e-4
1232,0.025830235332250595
1233,0.0012883646413683891
1234,0.002596024191007018
1235,0.0034564193338155746
1236,4.605911672115326e-4
1237,0.0011072740890085697
1238,0.009637784212827682
1239,0.015535347163677216
1240,0.0456312857568264
1241,0.02866397053003311
1242,0.15420754253864288
1243,0.20570045709609985
1244,0.0018576866714283824
1245,0.0023980732075870037
1246,7.039483170956373e-4
1247,0.0013133023167029023
1248,8.863713592290878e-4
1249,0.0020572696812450886
1250,0.0036469257902354
1251,0.37944772839546204
1252,0.0015983483754098415
1253,0.0013280229177325964
1254,0.0010645249858498573
1255,6.15352822933346e-4
1256,0.0032459511421620846
1257,0.01178032997995615
1258,0.0030208532698452473
1259,0.0037434673868119717
1260,0.04154530167579651
1261,9.992592968046665e-4
1262,0.0013936151517555118
1263,8.352788863703609e-4
1264,3.592422872316092e-4
1265,0.12619130313396454
1266,0.4816768765449524
1267,0.5086603760719299
1268,0.010985232889652252
1269,0.005712679587304592
1270,0.02002536877989769
1271,0.007805882021784782
1272,0.011923473328351974
1273,0.029928695410490036
1274,0.17132122814655304
1275,0.41032272577285767
1276,0.04768545553088188
1277,0.01897665113210678
1278,0.21515385806560516
1279,0.43619149923324585
1280,0.0910305380821228
1281,0.9582212567329407
1282,0.16623088717460632
1283,0.038411978632211685
1284,7.132754544727504e-4
1285,0.5615025758743286
1286,0.24651990830898285
1287,0.11340441554784775
1288,0.0934564620256424
1289,0.0015243334928527474
1290,0.026148756965994835
1291,0.05788840726017952
1292,0.01798407919704914
1293,0.006859352346509695
1294,0.00200379965826869
1295,9.757375810295343e-4
1296,0.0067276558838784695
1297,0.005394613370299339
1298,0.47089943289756775
1299,2.1925695182289928e-4
1300,0.013238927349448204
1301,0.00845873448997736
1302,0.0046363878063857555
1303,0.0025264446157962084
1304,0.0013119239592924714
1305,0.0022043304052203894
1306,0.09380307793617249
1307,0.1351725459098816
1308,0.011279657483100891
1309,0.008887205272912979
1310,0.00884766411036253
1311,0.02739083394408226
1312,0.0019585832487791777
1313,9.420454734936357e-4
1314,6.726831779815257e-4
1315,0.0018836117815226316
1316,3.504744963720441e-4
1317,0.003556437324732542
1318,3.7429342046380043e-4
1319,7.235213997773826e-4
1320,6.088701193220913e-4
1321,0.0037594635505229235
1322,5.013582413084805e-4
1323,4.790482926182449e-4
1324,4.128779983147979e-4
1325,0.02993735484778881
1326,0.13409383594989777
1327,3.250218869652599e-4
1328,0.001965865259990096
1329,0.0011982352007180452
1330,9.034756803885102e-4
1331,0.03136253356933594
1332,5.265885265544057e-4
1333,0.021882684901356697
1334,0.002488077152520418
1335,0.0021457532420754433
1336,0.0037864234764128923
1337,0.0052917045541107655
1338,0.17019164562225342
1339,0.0019784593023359776
1340,0.02178916335105896
1341,0.09541889280080795
1342,0.03494900465011597
1343,0.14484195411205292
1344,0.11175084114074707
1345,0.007436304818838835
1346,0.0011858405778184533
1347,0.00218511582352221
1348,0.03617539629340172
1349,0.004548207391053438
1350,0.0019575608894228935
1351,6.849000928923488e-4
1352,4.1189303738065064e-4
1353,7.475516176782548e-4
1354,0.07418093830347061
1355,0.006976115517318249
1356,0.01685161143541336
1357,0.0010205177823081613
1358,0.0015860171988606453
1359,0.0012628007680177689
1360,0.0036211092956364155
1361,8.418233483098447e-4
1362,0.0011750321136787534
1363,0.0016917960019782186
1364,0.021859273314476013
1365,0.0054745785892009735
1366,0.23088032007217407
1367,0.6368318796157837
1368,0.022946404293179512
1369,0.018479645252227783
1370,7.797004072926939e-4
1371,0.018392067402601242
1372,0.14952871203422546
1373,0.05714980140328407
1374,0.07066299021244049
1375,0.09270275384187698
1376,0.8109580278396606
1377,0.8109580278396606
1378,0.05738299712538719
1379,0.0070908465422689915
1380,0.010706805624067783
1381,0.03754445165395737
1382,0.0066283284686505795
1383,0.01340954378247261
1384,0.006403772626072168
1385,0.02547927014529705
1386,0.1506824940443039
1387,0.04993477836251259
1388,0.024358153343200684
1389,0.02054489031434059
1390,0.0289919450879097
1391,0.05113930255174637
1392,0.01699356734752655
1393,0.009071988053619862
1394,0.03415665775537491
1395,0.011700495146214962
1396,0.012193535454571247
1397,0.011566482484340668
1398,0.05673685669898987
1399,0.004381279926747084
1400,0.008795501664280891
1401,0.37312719225883484
1402,0.029306601732969284
1403,0.0291045643389225
1404,0.014510559849441051
1405,0.07638949900865555
1406,0.015840722247958183
1407,0.016408365219831467
1408,0.19797320663928986
1409,0.16135510802268982
1410,0.014672544784843922
1411,0.03781232610344887
1412,0.04158143699169159
1413,0.03656952455639839
1414,0.8455443978309631
1415,0.009206046350300312
1416,0.020747622475028038
1417,0.040567222982645035
1418,0.17504379153251648
1419,0.03192033991217613
1420,5.839943769387901e-4
1421,0.0737418532371521
1422,0.0803845152258873
1423,0.1472529172897339
1424,0.2276795208454132
1425,0.040855564177036285
1426,0.00222821906208992
1427,0.160640686750412
1428,0.03960442543029785
1429,0.060752034187316895
1430,0.18567733466625214
1431,0.08632213622331619
1432,0.10877169668674469
1433,0.09640539437532425
1434,0.09731574356555939
1435,0.06856736540794373
1436,0.3395449221134186
1437,0.17631840705871582
1438,0.017986547201871872
1439,0.017461013048887253
1440,0.9032490849494934
1441,0.037721991539001465
1442,0.24387513101100922
1443,0.025965750217437744
1444,0.010166111402213573
1445,0.005213817581534386
1446,0.05621793866157532
1447,0.054791051894426346
1448,0.08952634781599045
1449,0.6794782280921936
1450,0.01760151982307434
1451,0.24022282660007477
1452,0.1604931354522705
1453,0.08186475187540054
1454,0.08886706084012985
1455,0.049657613039016724
1456,0.038852035999298096
1457,0.020004745572805405
1458,0.01747598871588707
1459,0.03828849270939827
1460,0.03194056823849678
1461,0.2540196478366852
1462,0.006551716942340136
1463,0.05908575654029846
1464,0.06461605429649353
1465,0.06308722496032715
1466,0.08061002939939499
1467,0.027681458741426468
1468,0.016958102583885193
1469,0.06246750429272652
1470,0.7586878538131714
1471,0.0498860627412796
1472,0.3689548671245575
1473,0.03698737919330597
1474,0.026955362409353256
1475,0.03130066767334938
1476,0.024458784610033035
1477,0.7136179804801941
1478,0.02936546690762043
1479,0.0052566914819180965
1480,0.0846344456076622
1481,0.20006993412971497
1482,0.051204580813646317
1483,0.10101762413978577
1484,0.21215255558490753
1485,0.0449288934469223
1486,0.26702678203582764
1487,0.07273048907518387
1488,0.05632850155234337
1489,0.021649383008480072
1490,0.04666057229042053
1491,0.3489532172679901
1492,0.035473376512527466
1493,0.0033021210692822933
1494,0.020101742818951607
1495,0.020101742818951607
1496,0.1948368102312088
1497,0.3282468020915985
1498,0.08651943504810333
1499,0.07312051951885223
1500,0.015267801471054554
1501,0.06956436485052109
1502,0.8897764682769775
1503,0.1046743243932724
1504,0.016962848603725433
1505,0.02273932285606861
1506,0.10268694162368774
1507,0.28244173526763916
1508,0.23883192241191864
1509,0.08584828674793243
1510,0.051769107580184937
1511,0.13871602714061737
1512,0.1319156289100647
1513,0.3442174196243286
1514,0.015540312975645065
1515,0.15114982426166534
1516,0.19914256036281586
1517,0.37471699714660645
1518,0.8696803450584412
1519,0.8696803450584412
1520,0.050944436341524124
1521,0.4194851815700531
1522,0.12501513957977295
1523,0.050363071262836456
1524,0.3937252163887024
1525,0.10325096547603607
1526,0.20778696238994598
1527,0.9954620003700256
1528,0.01869252696633339
1529,0.014800266362726688
1530,0.1172792837023735
1531,0.17117828130722046
1532,0.042732320725917816
1533,0.22842274606227875
1534,0.013342644087970257
1535,0.024673929437994957
1536,0.056397825479507446
1537,0.11601948738098145
1538,0.07635421305894852
1539,0.06426486372947693
1540,0.06864482909440994
1541,0.03315448760986328
1542,0.1774751991033554
1543,0.33455753326416016
1544,0.19426457583904266
1545,0.21875512599945068
1546,0.1661188304424286
1547,0.039946842938661575
1548,0.3027503788471222
1549,0.18950700759887695
1550,0.07743249088525772
1551,0.006982947234064341
1552,0.09732700139284134
1553,0.09018123894929886
1554,0.08893314003944397
1555,0.05863799527287483
1556,0.830420732498169
1557,0.07052809745073318
1558,0.08973987400531769
1559,0.008919477462768555
1560,0.19115635752677917
1561,0.36208322644233704
1562,0.18011480569839478
1563,0.019539861008524895
1564,0.07338783890008926
1565,0.10414443910121918
1566,0.0854082852602005
1567,0.08661676943302155
1568,0.031996991485357285
1569,0.022505713626742363
1570,0.008729785680770874
1571,0.22069579362869263
1572,0.06784645467996597
1573,0.008729785680770874
1574,0.003153720172122121
1575,0.04053384065628052
1576,0.0349583737552166
1577,0.027347585186362267
1578,0.7618232369422913
1579,0.03506264463067055
1580,0.10818587243556976
1581,0.1763429045677185
1582,0.0708940401673317
1583,0.03419378772377968
1584,0.04375670477747917
1585,0.6173188090324402
1586,0.03239021822810173
1587,0.12801723182201385
1588,0.8327149748802185
1589,0.25348952412605286
1590,0.24536000192165375
1591,0.14287228882312775
1592,0.06898919492959976
1593,0.0442444384098053
1594,0.006718173157423735
1595,0.09339048713445663
1596,0.013587779365479946
1597,0.022767281159758568
1598,0.24486978352069855
1599,0.4856199026107788
1600,0.11966567486524582
1601,0.1533684879541397
1602,0.1841779202222824
1603,0.025349760428071022
1604,0.028382819145917892
1605,0.012375435791909695
1606,0.030235281214118004
1607,0.13076399266719818
1608,0.07760144025087357
1609,0.06161125376820564
1610,0.08605997264385223
1611,0.03444522246718407
1612,0.07645545154809952
1613,0.16878707706928253
1614,0.92852020263671875
1615,0.11130697280168533
1616,0.03562644124031067
1617,0.20519711077213287
1618,0.004281038884073496
1619,0.16603782773017883
1620,0.012230065651237965
1621,0.05023060366511345
1622,0.8606083989143372
1623,0.01773897372186184
1624,0.007571520749479532
1625,0.03173937648534775
1626,0.2301674634218216
1627,0.00546640157699585
1628,4.3707204167731106e-4
1629,5.280629266053438e-4
1630,6.861796136945486e-4
1631,0.07729007303714752
1632,0.04648113623261452
1633,0.08145175129175186
1634,0.05634491145610809
1635,0.09518621116876602
1636,0.08961502462625504
1637,0.08299026638269424
1638,0.057463258504867554
1639,0.07322173565626144
1640,0.010896533727645874
1641,0.8946453332901001
1642,0.40453970432281494
1643,0.17694677412509918
1644,0.11328089237213135
1645,0.0965927243232727
1646,0.8173957467079163
1647,0.07600659877061844
1648,0.029821548610925674
1649,0.004840994719415903
1650,0.0433104932308197
1651,0.0074911280535161495
1652,0.44244563579559326
1653,0.14095541834831238
1654,0.055561695247888565
1655,0.03442016616463661
1656,0.03402391076087952
1657,0.9905649423599243
1658,0.01208411157131195
1659,0.16874362528324127
1660,0.010979530401527882
1661,0.0617658868432045
1662,0.017154425382614136
1663,0.19498147070407867
1664,0.028120286762714386
1665,0.011334194801747799
1666,0.014116811566054821
1667,0.045917071402072906
1668,0.052855636924505234
1669,0.07671430706977844
1670,0.20062234997749329
1671,0.09274864941835403
1672,0.13776859641075134
1673,0.18544207513332367
1674,0.07193496078252792
1675,0.04163176193833351
1676,0.01514478214085102
1677,0.013526128605008125
1678,0.00988593976944685
1679,0.012323946692049503
1680,0.032849278301000595
1681,0.32452383637428284
1682,0.13024237751960754
1683,0.04341092333197594
1684,0.025837836787104607
1685,0.0495234839618206
1686,0.22391289472579956
1687,0.22355742752552032
1688,0.2675037980079651
1689,0.3829101324081421
1690,0.05831591412425041
1691,0.015849443152546883
1692,0.9457531571388245
1693,0.4027409255504608
1694,0.025568826124072075
1695,0.0420217327773571
1696,0.0821777954697609
1697,0.04874125495553017
1698,0.0027310887817293406
1699,0.008401588536798954
1700,0.02511410601437092
1701,0.015043610706925392
1702,0.062408559024333954
1703,0.017815208062529564
1704,0.03200459107756615
1705,0.004695980343967676
1706,0.58107590675354
1707,0.024081116542220116
1708,0.04867806285619736
1709,0.009153243154287338
1710,0.008840103633701801
1711,0.027170751243829727
1712,0.015491869300603867
1713,0.003479807870462537
1714,0.03173413127660751
1715,0.0332246795296669
1716,0.03173413127660751
1717,0.003479807870462537
1718,0.020352384075522423
1719,0.15147538483142853
1720,0.02290153130888939
1721,0.008206142112612724
1722,0.023647049441933632
1723,0.2771758735179901
1724,0.003857904579490423
1725,9.08614369109273e-4
1726,0.03512387350201607
1727,0.004489185754209757
1728,0.005221888888627291
1729,0.009113956242799759
1730,0.053956449031829834
1731,0.04015747085213661
1732,0.02028690278530121
1733,0.007134485524147749
1734,0.0038465119432657957
1735,0.010253454558551311
1736,0.005869791377335787
1737,0.005869791377335787
1738,0.005869791377335787
1739,0.029649287462234497
1740,0.0034497578162699938
1741,0.022600315511226654
1742,0.07046154141426086
1743,0.014996958896517754
1744,0.0292233657091856
1745,0.0292233657091856
1746,0.02348892018198967
1747,0.020170964300632477
1748,0.015078994445502758
1749,0.006608179770410061
1750,0.06227613985538483
1751,0.04292406141757965
1752,0.004168357700109482
1753,0.04936464875936508
1754,5.713189602829516e-4
1755,3.1788102933205664e-4
1756,3.1788102933205664e-4
1757,3.1788102933205664e-4
1758,8.008815348148346e-4
1759,8.008815348148346e-4
1760,8.008815348148346e-4
1761,8.008815348148346e-4
1762,0.01781095378100872
1763,0.01734527386724949
1764,0.003531737020239234
1765,0.0027659458573907614
1766,0.0026572567876428366
1767,0.0011434076586738229
1768,0.025482377037405968
1769,0.006443381309509277
1770,0.002827240154147148
1771,0.20036064088344574
1772,0.006467358209192753
1773,0.012764654122292995
1774,0.01202946063131094
1775,0.0033260963391512632
1776,0.0015751214232295752
1777,0.0016130143776535988
1778,0.006519691087305546
1779,0.021114161238074303
1780,0.27499082684516907
1781,0.0036100312136113644
1782,0.0036100312136113644
1783,0.10993358492851257
1784,0.0036100312136113644
1785,0.07696986198425293
1786,0.0036100312136113644
1787,0.0017502433620393276
1788,0.012167258188128471
1789,0.02327723056077957
1790,0.30142948031425476
1791,0.00399670610204339
1792,2.36165986279957e-4
1793,6.392703508026898e-4
1794,6.392703508026898e-4
1795,6.392703508026898e-4
1796,3.073724510613829e-4
1797,6.392703508026898e-4
1798,6.392703508026898e-4
1799,0.017854824662208557
1800,0.009069892577826977
1801,0.6085852980613708
1802,0.006496795918792486
1803,0.3410203456878662
1804,0.005280412267893553
1805,0.018144389614462852
1806,0.01892044022679329
1807,0.017207307741045952
1808,0.012434636242687702
1809,0.0022796601988375187
1810,0.013629281893372536
1811,0.0022796601988375187
1812,0.011415448971092701
1813,0.03158055245876312
1814,0.0068190861493349075
1815,0.004724851809442043
1816,4.737127455882728e-4
1817,0.0015142932534217834
1818,3.61754180630669e-4
1819,3.61754180630669e-4
1820,8.069217437878251e-4
1821,0.0019376755226403475
1822,0.00514036463573575
1823,0.024142811074852943
1824,0.03293498605489731
1825,0.0061957379803061485
1826,0.008424353785812855
1827,0.014804445207118988
1828,0.014804445207118988
1829,0.019142253324389458
1830,0.009450255893170834
1831,0.006438264157623053
1832,0.008391425013542175
1833,0.0018575080903246999
1834,0.0018575080903246999
1835,9.698110516183078e-4
1836,0.006909503135830164
1837,0.015691567212343216
1838,0.015356441028416157
1839,0.008681355975568295
1840,0.023082956671714783
1841,0.030648130923509598
1842,8.605766925029457e-4
1843,0.00509737990796566
1844,0.18387025594711304
1845,2.0909130398649722e-4
1846,2.0909130398649722e-4
1847,0.0013348858337849379
1848,0.010216076858341694
1849,3.8754334673285484e-4
1850,0.011750706471502781
1851,0.11464906483888626
1852,5.945312441326678e-4
1853,0.0042901551350951195
1854,0.0059374491684138775
1855,0.004011889919638634
1856,0.0011027519358322024
1857,0.006378449033945799
1858,5.238348385319114e-4
1859,5.238348385319114e-4
1860,6.532777333632112e-4
1861,0.020017346367239952
1862,0.013636386021971703
1863,0.004031733144074678
1864,0.0030497019179165363
1865,0.010972035117447376
1866,0.05836449936032295
1867,0.5043163299560547
1868,0.004914832301437855
1869,0.04885232448577881
1870,0.04207207262516022
1871,0.006543212570250034
1872,0.006918136030435562
1873,0.017446326091885567
1874,5.320454365573823e-4
1875,0.005542965605854988
1876,0.010668789967894554
1877,0.09912025928497314
1878,0.004706650041043758
1879,0.001195299788378179
1880,0.010935620404779911
1881,0.3723832368850708
1882,0.024099774658679962
1883,0.008677647449076176
1884,0.0023595483507961035
1885,0.02789914608001709
1886,0.00209123850800097
1887,0.009743793867528439
1888,0.00209123850800097
1889,0.00209123850800097
1890,0.005158423911780119
1891,0.05060647428035736
1892,0.15755189955234528
1893,0.0010992613388225436
1894,0.03654329106211662
1895,0.00819117110222578
1896,0.03892693668603897
1897,0.10486583411693573
1898,0.023533623665571213
1899,5.7419971562922e-4
1900,3.192808944731951e-4
1901,0.02407129667699337
1902,0.022524597123265266
1903,0.008434716612100601
1904,0.0012261862866580486
1905,0.005491576157510281
1906,0.005491576157510281
1907,0.005491576157510281
1908,0.005491576157510281
1909,0.005491576157510281
1910,0.005491576157510281
1911,0.005491576157510281
1912,0.040004752576351166
1913,0.032233599573373795
1914,0.08214965462684631
1915,0.005588994827121496
1916,0.004000809974968433
1917,0.004000809974968433
1918,0.0027463340666145086
1919,0.004767507780343294
1920,0.0021562601905316114
1921,0.016146069392561913
1922,0.0021562601905316114
1923,3.510970273055136e-4
1924,0.002635059179738164
1925,3.510970273055136e-4
1926,0.003095442894846201
1927,0.008636409416794777
1928,0.027268657460808754
1929,0.019835788756608963
1930,0.007865732535719872
1931,0.07219983637332916
1932,0.4001368284225464
1933,0.008523169904947281
1934,0.02033158950507641
1935,0.008523169904947281
1936,0.004997551906853914
1937,0.015768663957715034
1938,0.008006454445421696
1939,0.028013039380311966
1940,0.009468162432312965
1941,8.144874009303749e-4
1942,0.011583579704165459
1943,0.13713666796684265
1944,0.029314598068594933
1945,0.04793620482087135
1946,0.08228518068790436
1947,0.002627742011100054
1948,0.016020800918340683
1949,0.013491642661392689
1950,0.002500339411199093
1951,0.0015003440203145146
1952,0.0016467126552015543
1953,0.03880985081195831
1954,0.07349702715873718
1955,0.04284580051898956
1956,0.003807640168815851
1957,0.005538748577237129
1958,0.001354584819637239
1959,0.003035288769751787
1960,0.001354584819637239
1961,0.001354584819637239
1962,9.114701533690095e-4
1963,0.001354584819637239
1964,0.001354584819637239
1965,0.6049515008926392
1966,0.001354584819637239
1967,0.001354584819637239
1968,0.013785882852971554
1969,0.001354584819637239
1970,0.001354584819637239
1971,0.0015834815567359328
1972,0.005193751771003008
1973,0.001801693462766707
1974,0.004464783705770969
1975,0.0013060127384960651
1976,4.1958829388022423e-4
1977,4.1958829388022423e-4
1978,5.405177944339812e-4
1979,5.405177944339812e-4
1980,8.474066271446645e-4
1981,0.0015834815567359328
1982,0.0022186085116118193
1983,0.0011765128001570702
1984,0.010498196817934513
1985,0.0020693561527878046
1986,0.005998911336064339
1987,0.02102736197412014
1988,0.0022186085116118193
1989,0.018022416159510612
1990,0.010288932360708714
1991,0.5132284164428711
1992,0.0033004891593009233
1993,0.0020466577261686325
1994,0.006354465615004301
1995,0.0022195058409124613
1996,8.097119862213731e-4
1997,0.029643431305885315
1998,0.04885508492588997
1999,0.06909763813018799
2000,0.014997394755482674
2001,0.008444728329777718
2002,0.02888409234583378
2003,0.12293349206447601
2004,0.02182636223733425
2005,0.017686324194073677
2006,0.015741631388664246
2007,6.239993963390589e-4
2008,0.001734916353598237
2009,0.012894835323095322
2010,2.876233484130353e-4
2011,7.828883826732635e-4
2012,0.008637740276753902
2013,0.06688176840543747
2014,0.004176215268671513
2015,0.002473169006407261
2016,0.002937249606475234
2017,0.0075852773152291775
2018,0.16665524244308472
2019,7.980912923812866e-4
2020,0.0021034760866314173
2021,0.0021034760866314173
2022,0.0011005769483745098
2023,0.0021034760866314173
2024,0.0021034760866314173
2025,0.0021034760866314173
2026,0.026629341766238213
2027,0.14286214113235474
2028,0.31521889567375183
2029,0.010282296687364578
2030,0.007395358290523291
2031,0.015015797689557076
2032,0.00232774019241333
2033,0.014724482782185078
2034,0.013598456047475338
2035,0.010315545834600925
2036,0.06326206773519516
2037,0.004094691015779972
2038,0.03361033275723457
2039,0.03480537608265877
2040,0.06086547300219536
2041,0.004048825241625309
2042,0.021417759358882904
2043,0.02480185031890869
2044,0.02731974609196186
2045,0.15760037302970886
2046,0.009470353834331036
2047,0.022879593074321747
2048,0.0017849835567176342
2049,9.954352863132954e-4
2050,0.0015105444472283125
2051,4.47905738838017e-4
2052,0.0012141099432483315
2053,0.0012780518736690283
2054,0.029096024110913277
2055,0.035206008702516556
2056,0.006543395575135946
2057,0.15172459185123444
2058,0.003128735115751624
2059,1.7446545825805515e-4
2060,0.0023422986268997192
2061,0.011048954911530018
2062,0.0015152040868997574
2063,0.027830222621560097
2064,0.4694068431854248
2065,0.00175179960206151
2066,0.014537854120135307
2067,2.5012355763465166e-4
2068,0.0148676922544837
2069,0.016484146937727928
2070,9.126450167968869e-4
2071,5.67543669603765e-4
2072,0.001194467768073082
2073,3.081602626480162e-4
2074,2.4139246670529246e-4
2075,3.7137430626899004e-4
2076,2.9960006941109896e-4
2077,3.288904554210603e-4
2078,3.288904554210603e-4
2079,6.363713182508945e-4
2080,0.0011690746759995818
2081,4.580120148602873e-4
2082,0.0011759524932131171
2083,0.001437682774849236
2084,0.0013071775902062654
2085,0.02168365754187107
2086,0.009239797480404377
2087,8.504935540258884e-4
2088,0.0850466936826706
2089,0.008026974275708199
2090,0.016874466091394424
2091,0.5270076394081116
2092,0.009937788359820843
2093,0.00934252142906189
2094,0.008944327011704445
2095,0.006262630689889193
2096,0.004594999831169844
2097,0.10005994886159897
2098,0.04714588075876236
2099,0.8811508417129517
2100,0.012503969483077526
2101,0.7049801349639893
2102,0.11845973879098892
2103,0.003722835099324584
2104,0.019106164574623108
2105,8.031677571125329e-4
2106,0.004354887176305056
2107,0.00585560966283083
2108,0.0013454093132168055
2109,0.099468231201171875
2110,0.0791226178407669
2111,0.0204918272793293
2112,0.00418193219229579
2113,0.4713154435157776
2114,0.04733409360051155
2115,0.019385550171136856
2116,0.17911559343338013
2117,0.0067993891425430775
2118,0.00328253535553813
2119,0.003996679559350014
2120,0.008400150574743748
2121,0.015999790281057358
2122,0.10279344767332077
2123,0.0970996767282486
2124,0.004540301859378815
2125,0.001995624043047428
2126,0.022951429709792137
2127,0.003308261279016733
2128,0.004471600987017155
2129,0.14911746978759766
2130,0.004705448634922504
2131,0.004198438487946987
2132,0.03486018627882004
2133,0.007142495363950729
2134,8.90927214641124e-4
2135,0.002866005524992943
2136,0.30487826466560364
2137,0.0034613553434610367
2138,0.0044052922166883945
2139,0.15205882489681244
2140,0.0025484056677669287
2141,0.04826599359512329
2142,0.007350679021328688
2143,0.009401818737387657
2144,0.0034669372253119946
2145,0.0036820671521127224
2146,0.004455637186765671
2147,0.013113307766616344
2148,4.3764320435002446e-4
2149,0.0024959014263004065
2150,0.5657755136489868
2151,0.002097100019454956
2152,0.0029017722699791193
2153,0.020925486460328102
2154,5.16337517183274e-4
2155,0.024473369121551514
2156,0.026762381196022034
2157,0.0039253621362149715
2158,7.593094487674534e-4
2159,0.005303527228534222
2160,0.003976511303335428
2161,0.0291720200330019
2162,0.008057630620896816
2163,0.008833596482872963
2164,0.013583581894636154
2165,0.009390442632138729
2166,0.0229291133582592
2167,0.0016494790324941278
2168,4.530021396931261e-4
2169,4.3446748168207705e-4
2170,0.0014276677975431085
2171,0.001305683166719973
2172,0.0024811599869281054
2173,0.0024811599869281054
2174,0.0033445293083786964
2175,0.011338080279529095
2176,0.0026056997012346983
2177,0.004705957602709532
2178,0.02726779319345951
2179,0.006644133012741804
2180,0.014517298899590969
2181,0.19575455784797668
2182,0.0068251509219408035
2183,0.008975747972726822
2184,0.005880717188119888
2185,0.005880717188119888
2186,0.009455031715333462
2187,0.0027200563345104456
2188,0.03611690551042557
2189,0.008952627889811993
2190,0.020853018388152122
2191,0.019482094794511795
2192,0.00793210044503212
2193,0.028955116868019104
2194,0.008057630620896816
2195,0.23527741432189941
2196,7.262736326083541e-4
2197,6.412736838683486e-4
2198,8.17163148894906e-4
2199,4.3764279689639807e-4
2200,8.17163148894906e-4
2201,0.01657545566558838
2202,0.003854466136544943
2203,0.0235360786318779
2204,0.05883166193962097
2205,0.020094426348805428
2206,0.01658259890973568
2207,0.012840492650866508
2208,0.014420697465538979
2209,0.014420697465538979
2210,0.04478928819298744
2211,0.003826893400400877
2212,0.00992072094231844
2213,0.002881241263821721
2214,0.0025713350623846054
2215,0.0025713350623846054
2216,0.002287956653162837
2217,0.0020813101436942816
2218,4.6224103425629437e-4
2219,0.0018497364362701774
2220,5.021169781684875e-4
2221,5.222136387601495e-4
2222,0.0020085538271814585
2223,0.0019402216421440244
2224,0.008733891882002354
2225,0.07932405918836594
2226,0.014713557437062263
2227,0.010491798631846905
2228,0.0035185501910746098
2229,0.005143894348293543
2230,0.010274918749928474
2231,0.004425790626555681
2232,0.0038780630566179752
2233,0.002081499435007572
2234,0.0011993221705779433
2235,0.01438184268772602
2236,0.007918779738247395
2237,0.0280124731361866
2238,0.0057424684055149555
2239,0.009123580530285835
2240,0.008833596482872963
2241,0.003214266849681735
2242,0.0171967726200819
2243,0.005860914010554552
2244,0.3434627056121826
2245,0.019606024026870728
2246,0.024490201845765114
2247,0.043059006333351135
2248,0.004522876348346472
2249,0.004522876348346472
2250,0.0023877646308392286
2251,0.016461510211229324
2252,0.014335379004478455
2253,0.06247658282518387
2254,0.008155306801199913
2255,0.02815975993871689
2256,0.02815975993871689
2257,0.014095458202064037
2258,0.003661517985165119
2259,0.023526756092905998
2260,0.012152744457125664
2261,0.05614079535007477
2262,0.00447977427393198
2263,0.01678597740828991
2264,0.05314922332763672
2265,0.005002013873308897
2266,0.012308331206440926
2267,0.624305784702301
2268,0.004227504599839449
2269,0.0018386644078418612
2270,0.0027072050143033266
2271,0.01157327089458704
2272,0.01195429265499115
2273,0.020797675475478172
2274,0.004730137996375561
2275,0.0012744622072204947
2276,8.700510952621698e-4
2277,0.002007518894970417
2278,0.003692186437547207
2279,0.006111052352935076
2280,0.00254413322545588
2281,0.005875963252037764
2282,0.02448205091059208
2283,0.0023716469295322895
2284,0.001993314828723669
2285,0.0029458741191774607
2286,0.0029458741191774607
2287,0.0015763292321935296
2288,0.0029458741191774607
2289,0.002255531493574381
2290,0.002255531493574381
2291,0.0029458741191774607
2292,0.02406747080385685
2293,0.0013301413273438811
2294,0.002793546300381422
2295,0.0010791693348437548
2296,0.001397469313815236
2297,0.008656969293951988
2298,0.007959837093949318
2299,0.002220528433099389
2300,0.04961741343140602
2301,0.010992570780217648
2302,0.010237975977361202
2303,0.013199050910770893
2304,0.02991607040166855
2305,0.0014699986204504967
2306,0.025370121002197266
2307,0.002127993619069457
2308,0.013776984997093678
2309,0.01420727837830782
2310,0.01420727837830782
2311,0.027653828263282776
2312,0.003433869918808341
2313,0.006524554453790188
2314,0.05205104500055313
2315,0.0036648311652243137
2316,0.06613676249980927
2317,0.011564214713871479
2318,0.0498381108045578
2319,0.02431061677634716
2320,0.00343320588581264
2321,0.0037315820809453726
2322,0.004057257901877165
2323,0.015158436261117458
2324,0.004652035888284445
2325,0.004652035888284445
2326,0.004652035888284445
2327,0.030011245980858803
2328,0.020872395485639572
2329,0.004652035888284445
2330,0.0012973351404070854
2331,0.004652035888284445
2332,0.0012973351404070854
2333,0.007293337024748325
2334,0.004652035888284445
2335,0.004652035888284445
2336,0.01868697814643383
2337,0.0453358069062233
2338,0.016566229984164238
2339,0.9168558716773987
2340,0.01900526136159897
2341,0.08121801912784576
2342,0.0464242547750473
2343,0.4324656128883362
2344,0.06400243192911148
2345,0.9074665307998657
2346,0.0465192012488842
2347,0.032590463757514954
2348,0.009274776093661785
2349,0.017734214663505554
2350,0.026050744578242302
2351,0.09263796359300613
2352,0.030011245980858803
2353,3.935384447686374e-4
2354,0.005903066135942936
2355,0.006900592241436243
2356,7.489456329494715e-4
2357,0.004302663262933493
2358,4.1477810009382665e-4
2359,0.01853872835636139
2360,0.0013818409061059356
2361,5.649279919452965e-4
2362,0.011911380104720592
2363,0.0037587368860840797
2364,0.029165206477046013
2365,0.00334075465798378
2366,0.019437016919255257
2367,0.012590608559548855
2368,0.05567624419927597
2369,0.036088310182094574
2370,0.013684071600437164
2371,0.03056316263973713
2372,0.8200362920761108
2373,0.015574886463582516
2374,0.0035420407075434923
2375,0.02057085558772087
2376,0.0018709413707256317
2377,0.01172699686139822
2378,0.13656093180179596
2379,0.010914978571236134
2380,0.019201993942260742
2381,0.004691053181886673
2382,0.002559686079621315
2383,4.1238023550249636e-4
2384,0.029516074806451797
2385,0.011044766753911972
2386,0.013075890950858593
2387,0.0040686726570129395
2388,0.005207230802625418
2389,0.033787332475185394
2390,0.022721197456121445
2391,0.03109288588166237
2392,0.005009499844163656
2393,0.0016685121227055788
2394,9.995187865570188e-4
2395,9.404150769114494e-4
2396,3.8590061012655497e-4
2397,0.018405940383672714
2398,0.01054132916033268
2399,0.0013903335202485323
2400,0.005075469613075256
2401,0.005065616220235825
2402,0.020976373925805092
2403,0.04700813814997673
2404,0.0012756463838741183
2405,3.366156597621739e-4
2406,0.002391860820353031
2407,0.004106174223124981
2408,0.004106174223124981
2409,0.011571683920919895
2410,0.024443406611680984
2411,0.00441247783601284
2412,0.019749978557229042
2413,0.009217975661158562
2414,0.05568614974617958
2415,0.017235273495316505
2416,0.020960502326488495
2417,4.0953446296043694e-4
2418,0.01809295453131199
2419,0.019291669130325317
2420,0.011074504815042019
2421,0.00770500348880887
2422,0.006958860903978348
2423,0.014763863757252693
2424,0.011197374202311039
2425,0.0120057612657547
2426,0.038042906671762466
2427,0.007630552630871534
2428,0.025392284616827965
2429,0.00550098018720746
2430,0.004121785517781973
2431,0.011774291284382343
2432,0.0060505811125040054
2433,0.020582091063261032
2434,0.2760102450847626
2435,0.023688528686761856
2436,0.0028010308742523193
2437,0.21641112864017487
2438,0.0071193017065525055
2439,0.012857434339821339
2440,0.006245460361242294
2441,0.032084688544273376
2442,0.0012756463838741183
2443,3.294701164122671e-4
2444,0.0013734701788052917
2445,0.03666846454143524
2446,0.015010037459433079
2447,0.009819687344133854
2448,0.015457586385309696
2449,0.011487463489174843
2450,0.013464562594890594
2451,0.0030008601024746895
2452,0.016394956037402153
2453,0.011178974062204361
2454,0.016574110835790634
2455,0.05403699353337288
2456,0.005662396550178528
2457,0.01862163655459881
2458,0.2047829031944275
2459,0.018308740109205246
2460,0.022549139335751534
2461,0.014284182339906693
2462,0.021180767565965652
2463,0.04332195222377777
2464,0.04875699058175087
2465,0.07407262921333313
2466,0.022344376891851425
2467,0.06163575127720833
2468,0.011790837161242962
2469,0.0139622138813138
2470,0.03625059872865677
2471,0.011270031332969666
2472,0.036349281668663025
2473,0.012705182656645775
2474,0.03212399780750275
2475,0.004916660953313112
2476,0.024207931011915207
2477,0.0029258900322020054
2478,0.005325267557054758
2479,0.0053556859493255615
2480,0.0024180642794817686
2481,0.02645772323012352
2482,0.004248764831572771
2483,0.006339356768876314
2484,0.03759903088212013
2485,0.02143155038356781
2486,0.03584105521440506
2487,0.014396490529179573
2488,0.587753415107727
2489,0.0018129210220649838
2490,0.0209854356944561
2491,0.005650274455547333
2492,0.038636304438114166
2493,0.03437291458249092
2494,0.013137093745172024
2495,0.03408660739660263
2496,0.013210632838308811
2497,0.018218498677015305
2498,0.01723160594701767
2499,0.03760112076997757
2500,0.010884221643209457
2501,0.15518984198570251
2502,0.07560025155544281
2503,0.21827012300491333
2504,0.15518984198570251
2505,0.0631222054362297
2506,0.053700678050518036
2507,0.6787770390510559
2508,0.13252897560596466
2509,0.12722592055797577
2510,0.02487378567457199
2511,0.02339114248752594
2512,0.02339114248752594
2513,0.02487378567457199
2514,0.02487378567457199
2515,0.061906442046165466
2516,0.03812676668167114
2517,0.03812676668167114
2518,0.02487378567457199
2519,0.026616020128130913
2520,0.02487378567457199
2521,0.07323179394006729
2522,0.006153753027319908
2523,0.06117728725075722
2524,0.031413253396749496
2525,0.8066255450248718
2526,0.006682334467768669
2527,0.006682334467768669
2528,0.20292849838733673
2529,0.08820340782403946
2530,0.04250209406018257
2531,0.014878765679895878
2532,0.016635162755846977
2533,0.017981644719839096
2534,0.03189011663198471
2535,0.012110981158912182
2536,0.4033662974834442
2537,0.06660146266222
2538,0.026328464969992638
2539,0.04103399068117142
2540,0.323482871055603
2541,0.011568875052034855
2542,0.12093479186296463
2543,0.010684898123145103
2544,0.007988558150827885
2545,0.07654760032892227
2546,0.07684078812599182
2547,0.07245050370693207
2548,0.03843114525079727
2549,0.003990257624536753
2550,0.22094494104385376
2551,0.008756961673498154
2552,0.058258410543203354
2553,0.03848991170525551
2554,0.00537580531090498
2555,3.132757847197354e-4
2556,0.015882940962910652
2557,0.0027725431136786938
2558,0.017522046342492104
2559,0.010202773846685886
2560,0.03383059799671173
2561,0.022371679544448853
2562,0.0054526920430362225
2563,0.002294406294822693
2564,0.0025037156883627176
2565,0.02241354249417782
2566,0.018643023446202278
2567,0.00622556870803237
2568,0.008370988070964813
2569,0.013703888282179832
2570,0.008525365963578224
2571,0.007209043949842453
2572,0.09261419624090195
2573,0.010719485580921173
2574,0.005687171593308449
2575,0.0012781248660758138
2576,0.020354533568024635
2577,0.016056908294558525
2578,0.0023492956534028053
2579,0.021378343924880028
2580,0.014529685489833355
2581,0.00709133967757225
2582,0.01701520010828972
2583,0.018978333100676537
2584,0.013071645982563496
2585,8.849473670125008e-4
2586,0.02067805640399456
2587,0.017380891367793083
2588,0.021070674061775208
2589,0.011577384546399117
2590,0.02587428316473961
2591,0.01618611253798008
2592,0.01618611253798008
2593,0.001983023714274168
2594,0.00168422085698694
2595,6.773187778890133e-4
2596,0.01291602198034525
2597,0.01291602198034525
2598,0.010991368442773819
2599,0.0910971388220787
2600,0.022662164643406868
2601,0.0020984753500670195
2602,0.001041194424033165
2603,0.0013160908129066229
2604,0.0020984753500670195
2605,0.01289640087634325
2606,0.005037153139710426
2607,6.274664192460477e-4
2608,0.002440773183479905
2609,0.0020251204259693623
2610,0.0017773073632270098
2611,0.00274543184787035
2612,0.0012750686146318913
2613,0.01971611939370632
2614,0.009872459806501865
2615,0.012384450063109398
2616,0.026791850104928017
2617,0.002224396215751767
2618,0.004578345455229282
2619,0.005838629323989153
2620,0.0062028793618083
2621,0.004549725446850061
2622,0.015423161908984184
2623,0.0090656159445643425
2624,0.015870090574026108
2625,0.01316870842128992
2626,0.028743179515004158
2627,8.518316899426281e-4
2628,4.426389350555837e-4
2629,0.009277199395000935
2630,4.121532547287643e-4
2631,0.0017032892210409045
2632,0.10499566048383713
2633,0.01252226997166872
2634,0.00790073350071907
2635,0.04096737504005432
2636,0.01886804960668087
2637,0.013402454555034637
2638,0.0776861310005188
2639,0.06955020874738693
2640,0.05205868184566498
2641,0.012932385317981243
2642,0.02186492457985878
2643,0.6580463647842407
2644,0.22690701484680176
2645,0.789417028427124
2646,0.01652505435049534
2647,0.016985978931188583
2648,0.020030580461025238
2649,0.005606763064861298
2650,0.010926036164164543
2651,0.013042335398495197
2652,0.2027759701013565
2653,0.0011429458390921354
2654,0.0027186947409063578
2655,0.06103779003024101
2656,0.015816394239664078
2657,0.013770436868071556
2658,0.03772825002670288
2659,0.05353454127907753
2660,0.008995522744953632
2661,0.0024560075253248215
2662,0.003662841860204935
2663,0.013107231818139553
2664,0.007981671951711178
2665,0.011098123155534267
2666,0.014100754633545876
2667,0.04065053537487984
2668,0.025965381413698196
2669,0.008669065311551094
2670,0.0031719650141894817
2671,0.007490156218409538
2672,0.00790321547538042
2673,0.004253086633980274
2674,0.0016209363238885999
2675,0.014567065984010696
2676,0.0010852220002561808
2677,0.00459738215431571
2678,8.303088834509254e-4
2679,1.7798137560021132e-4
2680,0.0030017944518476725
2681,0.0036600169260054827
2682,0.0033658237662166357
2683,0.003700139233842492
2684,0.02056252397596836
2685,0.013316330499947071
2686,0.012282319366931915
2687,0.029248394072055817
2688,0.0014672937104478478
2689,0.005665731616318226
2690,0.007324675098061562
2691,0.08994151651859283
2692,0.009786962531507015
2693,0.009592548944056034
2694,0.010322695598006248
2695,0.22457563877105713
2696,0.010322695598006248
2697,0.022022079676389694
2698,0.009237846359610558
2699,0.008430498652160168
2700,0.06298930943012238
2701,0.004534936975687742
2702,0.013071645982563496
2703,0.016574140638113022
2704,0.021812109276652336
2705,6.253630854189396e-4
2706,0.021636297926306725
2707,0.004362235311418772
2708,0.002322157146409154
2709,0.0022332773078233004
2710,0.0012303265975788236
2711,0.022809771820902824
2712,0.0091014886274933815
2713,0.053872548043727875
2714,0.0041974675841629505
2715,0.0027364788111299276
2716,0.0029197619296610355
2717,0.0039948332123458385
2718,0.002745153848081827
2719,9.937145514413714e-4
2720,0.025538435205817223
2721,0.021955685690045357
2722,0.002745153848081827
2723,0.02814914658665657
2724,0.0029723295010626316
2725,0.010010521858930588
2726,0.006337468046694994
2727,0.0027620724868029356
2728,7.034456357359886e-4
2729,0.0037649183068424463
2730,0.0015305738197639585
2731,0.024762846529483795
2732,0.024487540125846863
2733,0.0045944699086248875
2734,0.5687790513038635
2735,0.1036478653550148
2736,0.0036640551406890154
2737,0.009177571162581444
2738,0.009177571162581444
2739,5.886615253984928e-4
2740,0.003374794963747263
2741,0.008819066919386387
2742,0.004187422338873148
2743,0.009437305852770805
2744,0.007817452773451805
2745,0.3226979076862335
2746,0.17974194884300232
2747,0.03352414444088936
2748,0.012426558881998062
2749,0.008410057984292507
2750,0.027084488421678543
2751,0.46166473627090454
2752,0.03881001099944115
2753,0.015163634903728962
2754,0.004341844003647566
2755,0.025296268984675407
2756,0.018804466351866722
2757,0.011505735106766224
2758,0.017481926828622818
2759,0.010760689154267311
2760,0.00227951817214489
2761,0.0019498772453516722
2762,0.004115728195756674
2763,0.0018982331966981292
2764,7.094789762049913e-4
2765,0.035633429884910583
2766,0.03311026468873024
2767,0.016139434650540352
2768,0.011320668272674084
2769,0.7714332342147827
2770,8.148331544362009e-4
2771,0.013056060299277306
2772,0.0027975209522992373
2773,8.858824730850756e-4
2774,0.008841849863529205
2775,0.004869835916906595
2776,0.043398331850767136
2777,0.002272216137498617
2778,0.006187257822602987
2779,3.762424166779965e-4
2780,0.007935640402138233
2781,0.0015681881923228502
2782,0.016796935349702835
2783,0.016796935349702835
2784,0.0139871034771204
2785,0.02106582000851631
2786,0.004841918591409922
2787,0.059721872210502625
2788,0.2032753974199295
2789,0.02306954190135002
2790,0.010574404150247574
2791,0.012012137100100517
2792,0.018100064247846603
2793,0.007068689912557602
2794,0.017973842099308968
2795,0.8076893091201782
2796,0.03779510408639908
2797,0.06892556697130203
2798,0.03727014362812042
2799,0.01949198544025421
2800,0.05220625549554825
2801,0.01778842695057392
2802,0.0136325778439641
2803,0.057606324553489685
2804,0.03968021273612976
2805,0.007296796888113022
2806,0.007296796888113022
2807,0.014457713812589645
2808,0.03034869395196438
2809,0.14775274693965912
2810,0.005414808634668589
2811,0.024561231955885887
2812,0.06105988472700119
2813,0.05878787115216255
2814,0.17340926826000214
2815,0.10737907886505127
2816,0.0395384281873703
2817,0.8784552216529846
2818,0.04346311837434769
2819,0.15694747865200043
2820,0.025691477581858635
2821,0.0055145747028291225
2822,0.03949550539255142
2823,0.04346311837434769
2824,7.21260963473469e-4
2825,0.015129676088690758
2826,0.04689539968967438
2827,0.038478415459394455
2828,0.012739734724164009
2829,0.0038124744314700365
2830,0.00808924064040184
2831,0.003585738129913807
2832,0.021691765636205673
2833,0.004008571617305279
2834,0.011297028511762619
2835,0.004960220772773027
2836,0.0014792418805882335
2837,0.00665911752730608
2838,0.019004803150892258
2839,0.025980038568377495
2840,0.0470769964158535
2841,0.051595792174339294
2842,0.026218438521027565
2843,0.003585738129913807
2844,0.11942077428102493
2845,0.032330695539712906
2846,0.028045229613780975
2847,0.018223244696855545
2848,0.01061063539236784
2849,0.0025617224164307117
2850,0.008878275752067566
2851,0.019004803150892258
2852,0.04371682181954384
2853,0.025575362145900726
2854,0.0808207094669342
2855,0.0138350585475564
2856,0.001124342787079513
2857,0.023519163951277733
2858,0.012860683724284172
2859,0.05311064049601555
2860,0.6324051022529602
2861,0.02211097441613674
2862,0.3252049386501312
2863,0.05046071484684944
2864,0.04042813554406166
2865,0.021412057802081108
2866,0.030137784779071808
2867,0.023646216839551926
2868,0.009075195528566837
2869,0.0573333278298378
2870,0.0869583860039711
2871,0.04014377295970917
2872,0.0266945231705904
2873,0.0266945231705904
2874,0.030451303347945213
2875,0.04634106159210205
2876,0.03625565394759178
2877,0.06639949232339859
2878,0.019801774993538857
2879,0.016789669170975685
2880,0.021916666999459267
2881,0.08036511391401291
2882,0.06338150054216385
2883,0.07411853969097137
2884,0.012366422452032566
2885,0.024862367659807205
2886,0.017898425459861755
2887,0.03953935205936432
2888,0.02314089424908161
2889,0.04518643021583557
2890,0.002877837512642145
2891,0.04938982054591179
2892,0.0014604623429477215
2893,0.006120761856436729
2894,0.00148121383972466
2895,0.06558430939912796
2896,0.006728812120854855
2897,0.006636691279709339
2898,0.8810766339302063
2899,0.004126354586333036
2900,0.004671652335673571
2901,0.0123223215341568
2902,0.004813403356820345
2903,0.04672475904226303
2904,0.05417754128575325
2905,0.00925789587199688
2906,0.027809664607048035
2907,0.00376913626678288
2908,7.300763390958309e-4
2909,0.010041759349405766
2910,0.029541989788413048
2911,0.003764601657167077
2912,0.0030678370967507362
2913,0.003704531118273735
2914,0.0032797656022012234
2915,6.308056181296706e-4
2916,9.791692718863487e-4
2917,2.6918898220174015e-4
2918,0.006011705379933119
2919,0.030606210231781006
2920,0.0035894287284463644
2921,0.17703929543495178
2922,0.016072947531938553
2923,0.11869268119335175
2924,0.09144305437803268
2925,0.020451294258236885
2926,0.945743203163147
2927,0.5395394563674927
2928,0.005398669745773077
2929,0.014917725697159767
2930,0.006457236595451832
2931,0.007262592203915119
2932,0.049587201327085495
2933,0.024381399154663086
2934,0.06686095148324966
2935,0.9405601620674133
2936,0.04288792237639427
2937,0.005860346835106611
2938,0.013809929601848125
2939,0.01145899947732687
2940,0.01368405856192112
2941,0.0284651480615139
2942,0.029772810637950897
2943,9.971695253625512e-4
2944,0.0030447880271822214
2945,0.0016744750319048762
2946,0.026183009147644043
2947,0.010792185552418232
2948,0.019697105512022972
2949,0.00376913626678288
2950,0.004321010317653418
2951,0.025028564035892487
2952,0.00376913626678288
2953,7.660109549760818e-4
2954,0.00148121383972466
2955,0.001137159182690084
2956,0.004321010317653418
2957,0.04202812537550926
2958,0.04202812537550926
2959,0.026265433058142662
2960,0.025860024616122246
2961,0.001761504914611578
2962,0.004399423487484455
2963,0.00376913626678288
2964,0.0013087664265185595
2965,0.6274276375770569
2966,0.0032736840657889843
2967,0.007037049625068903
2968,0.0028319130651652813
2969,4.541483649518341e-4
2970,0.0576387420296669
2971,0.0010082186199724674
2972,0.001987952971830964
2973,0.0705128088593483
2974,0.04519800469279289
2975,0.10892100632190704
2976,0.01043392438441515
2977,0.010458835400640965
2978,0.004469192586839199
2979,0.015509034506976604
2980,0.02989269234240055
2981,0.908353865146637
2982,0.027356421574950218
2983,0.02547163888812065
2984,0.02213006094098091
2985,0.13138076663017273
2986,0.025748595595359802
2987,0.030760427936911583
2988,0.007553197909146547
2989,0.0029729893431067467
2990,0.9525184631347656
2991,0.019513731822371483
2992,0.0028672143816947937
2993,0.027494600042700768
2994,0.030148889869451523
2995,0.022490376606583595
2996,0.046249836683273315
2997,0.050328124314546585
2998,0.04753321036696434
2999,0.1346234828233719
3000,0.03527740016579628
3001,0.03527740016579628
3002,0.00311710755340755
3003,0.024497799575328827
3004,0.006615314166992903
3005,0.012370151467621326
3006,0.017931697890162468
3007,0.03189801424741745
3008,0.04568210616707802
3009,0.021310212090611458
3010,0.6193763017654419
3011,0.10321725904941559
3012,0.06743040680885315
3013,0.013373217545449734
3014,0.022862564772367477
3015,0.0351366251707077
3016,0.015136662870645523
3017,0.25153648853302
3018,0.0024291188456118107
3019,0.0972510501742363
3020,0.017020855098962784
3021,0.010402309708297253
3022,0.023696083575487137
3023,0.043179355561733246
3024,0.014603381976485252
3025,0.012082381173968315
3026,0.020766764879226685
3027,0.07452335953712463
3028,0.006854929029941559
3029,0.0448480062186718
3030,0.022838586941361427
3031,0.005586959887295961
3032,0.03166303411126137
3033,0.002280671149492264
3034,0.9180047512054443
3035,0.028261207044124603
3036,0.01784905605018139
3037,0.040098387748003006
3038,0.015680192038416862
3039,0.026948215439915657
3040,0.01421438530087471
3041,0.05989130586385727
3042,0.07439476996660233
3043,0.014587368816137314
3044,0.012966406531631947
3045,0.1702779084444046
3046,0.01197118405252695
3047,0.5700303912162781
3048,0.016221031546592712
3049,0.012133079580962658
3050,0.022347908467054367
3051,0.01681683212518692
3052,0.047009676694869995
3053,0.047009676694869995
3054,0.017779583111405373
3055,0.005075421649962664
3056,0.11869343370199203
3057,0.04179549217224121
3058,0.008912760764360428
3059,0.0030522544402629137
3060,0.13235510885715485
3061,0.010430891998112202
3062,0.008912760764360428
3063,0.27537497878074646
3064,0.01361825317144394
3065,0.06451384723186493
3066,0.06303364783525467
3067,0.014185350388288498
3068,0.009594225324690342
3069,0.0033599156886339188
3070,0.002338609891012311
3071,0.0011095807421952486
3072,0.021757647395133972
3073,0.8268478512763977
3074,0.022663917392492294
3075,0.017824621871113777
3076,0.018959522247314453
3077,0.003942003473639488
3078,0.03873695060610771
3079,0.029216812923550606
3080,0.009467723779380322
3081,0.038107264786958694
3082,0.003953669685870409
3083,0.17407456040382385
3084,0.013123821467161179
3085,0.007553633768111467
3086,0.011017799377441406
3087,0.014091416262090206
3088,0.00472619291394949
3089,0.0012729851296171546
3090,0.0019330811919644475
3091,0.001973033184185624
3092,0.06712856143712997
3093,0.0013374837581068277
3094,0.01845022290945053
3095,0.003981740679591894
3096,0.09761427342891693
3097,0.0030130650848150253
3098,0.00540141761302948
3099,8.196582784876227e-4
3100,0.02412409521639347
3101,0.03498062863945961
3102,0.016560986638069153
3103,0.004243758507072926
3104,0.014900211244821548
3105,0.014900211244821548
3106,0.004091130569577217
3107,9.151680860668421e-4
3108,9.151680860668421e-4
3109,0.0012426191242411733
3110,0.027884459123015404
3111,0.003389126155525446
3112,0.009724842384457588
3113,0.003389126155525446
3114,0.03654561936855316
3115,9.151680860668421e-4
3116,0.04394962638616562
3117,0.007388357073068619
3118,0.8349569439888
3119,0.002346517750993371
3120,0.002346517750993371
3121,0.007388357073068619
3122,0.002346517750993371
3123,0.002346517750993371
3124,0.0054213074035942554
3125,0.002346517750993371
3126,0.002346517750993371
3127,0.002346517750993371
3128,0.1476297229528427
3129,0.024343838915228844
3130,0.007602137979120016
3131,0.015877367928624153
3132,0.06637009978294373
3133,0.023108357563614845
3134,0.013299630954861641
3135,0.004863852635025978
3136,0.019603557884693146
3137,0.021985702216625214
3138,0.026590293273329735
3139,0.026590293273329735
3140,0.014479214325547218
3141,0.020424654707312584
3142,0.006725269369781017
3143,0.65163421630859375
3144,0.004168173298239708
3145,0.015220064669847488
3146,0.02781570516526699
3147,0.014479214325547218
3148,0.016333093866705894
3149,0.014050779864192009
3150,0.0012920573353767395
3151,0.3548496961593628
3152,0.02544276975095272
3153,0.01868368126451969
3154,0.0018199578626081347
3155,0.0018199578626081347
3156,0.01013165432959795
3157,0.08567401766777039
3158,0.003417001338675618
3159,0.02917863056063652
3160,0.005325217265635729
3161,0.04074331372976303
3162,0.0026737891603261232
3163,0.0023258982691913843
3164,0.0021603854838758707
3165,0.0014322918141260743
3166,0.002982253208756447
3167,0.004094635136425495
3168,0.004095766693353653
3169,0.00417183106765151
3170,0.004760259762406349
3171,0.011905274353921413
3172,0.0018270740984007716
3173,7.330065127462149e-4
3174,0.0010072331642732024
3175,6.698970682919025e-4
3176,0.001109823351725936
3177,0.003268448170274496
3178,0.002391787711530924
3179,0.0032765185460448265
3180,0.010402309708297253
3181,0.014234291389584541
3182,0.004999437369406223
3183,0.004595525562763214
3184,0.001875901478342712
3185,0.07793211936950684
3186,0.903680145740509
3187,0.005561094265431166
3188,0.012233003973960876
3189,0.010662495158612728
3190,0.01544011477380991
3191,0.001697454834356904
3192,0.0244307778775692
3193,0.0244307778775692
3194,0.0012867507757619023
3195,0.002942080842331052
3196,0.0025215225759893656
3197,0.005359291099011898
3198,0.0012976452708244324
3199,0.0010524737881496549
3200,0.002181786112487316
3201,0.04295644536614418
3202,0.010600563138723373
3203,0.010646467097103596
3204,0.010600563138723373
3205,0.039552126079797745
3206,0.014404389075934887
3207,0.006246872246265411
3208,0.2510528862476349
3209,0.00447907904163003
3210,0.008966595865786076
3211,0.004034931771457195
3212,0.8142470717430115
3213,0.025212839245796204
3214,0.016059882938861847
3215,0.013374186120927334
3216,0.04072274640202522
3217,0.011096606031060219
3218,0.028376968577504158
3219,0.028376968577504158
3220,0.07189752161502838
3221,0.03594433143734932
3222,0.05503783002495766
3223,0.658452570438385
3224,0.05813765153288841
3225,0.0399148166179657
3226,0.025528913363814354
3227,0.11617285758256912
3228,0.007091027684509754
3229,0.03864036872982979
3230,0.03131505474448204
3231,0.020504245534539223
3232,0.0162232406437397
3233,0.11391673982143402
3234,0.008550848811864853
3235,0.05826312303543091
3236,0.024426976218819618
3237,0.006455548573285341
3238,0.00622172886505723
3239,0.018690655007958412
3240,0.07266579568386078
3241,0.19094884395599365
3242,0.010283310897648335
3243,0.005809842608869076
3244,0.014507868327200413
3245,0.006302593741565943
3246,0.8278050422668457
3247,0.011301226913928986
3248,0.03927529230713844
3249,0.14516878128051758
3250,0.0010723746381700039
3251,0.012496882118284702
3252,0.022283796221017838
3253,0.0014131907373666763
3254,9.754527127370238e-4
3255,0.017705082893371582
3256,0.02493872493505478
3257,0.0075491806492209435
3258,0.04860343784093857
3259,0.004949392285197973
3260,4.408448876347393e-4
3261,6.290498422458768e-4
3262,0.0047994740307331085
3263,0.48746001720428467
3264,0.003664405085146427
3265,0.20135512948036194
3266,0.023954279720783234
3267,0.01292436569929123
3268,0.030203448608517647
3269,0.01705968752503395
3270,0.030818020924925804
3271,0.03413727506995201
3272,0.01696491613984108
3273,0.014930321834981441
3274,0.01297509390860796
3275,0.003440302098169923
3276,0.0036545402836054564
3277,0.004592649172991514
3278,0.030946139246225357
3279,0.04370008781552315
3280,0.021888917312026024
3281,0.13904698193073273
3282,0.029212119057774544
3283,0.0311630517244339
3284,0.060518041253089905
3285,0.0043785059824585915
3286,0.19455179572105408
3287,0.04638109356164932
3288,0.9430702328681946
3289,0.8056821823120117
3290,0.012819977477192879
3291,0.014849362894892693
3292,0.030145829543471336
3293,0.03457152470946312
3294,0.017466166988015175
3295,0.02195020392537117
3296,0.6852452754974365
3297,0.023455578833818436
3298,0.2267635613679886
3299,0.0016967083793133497
3300,0.02472139149904251
3301,0.014493141323328018
3302,0.028787845745682716
3303,0.011635384522378445
3304,0.7353159785270691
3305,0.05909065157175064
3306,0.038855358958244324
3307,0.01613542251288891
3308,0.15550370514392853
3309,0.020696619525551796
3310,0.18583963811397552
3311,0.05167250707745552
3312,0.7424214482307434
3313,0.015429542399942875
3314,0.02089846506714821
3315,0.023424552753567696
3316,0.05352667346596718
3317,0.02433454804122448
3318,0.055410437285900116
3319,0.04017961770296097
3320,0.0059010242111980915
3321,0.15414521098136902
3322,0.0068342071026563644
3323,0.012454678304493427
3324,0.046953704208135605
3325,0.8486772179603577
3326,0.015197682194411755
3327,0.032539237290620804
3328,0.012856858782470226
3329,0.05826312303543091
3330,0.0135866804048419
3331,0.06015486270189285
3332,0.10391605645418167
3333,0.013212086632847786
3334,0.017783405259251595
3335,0.0180960725992918
3336,0.02599690668284893
3337,0.03379260376095772
3338,0.007328357547521591
3339,0.9328382611274719
3340,0.011730054393410683
3341,0.022837907075881958
3342,0.03550262376666069
3343,0.0024291188456118107
3344,0.03033583238720894
3345,0.00860045850276947
3346,0.011621145531535149
3347,0.04078038036823273
3348,0.0028719939291477203
3349,0.03157280012965202
3350,0.00479399086907506
3351,0.0024108686484396458
3352,0.008452214300632477
3353,0.008452214300632477
3354,0.008452214300632477
3355,0.002012944081798196
3356,0.009983428753912449
3357,0.011586898937821388
3358,0.011138245463371277
3359,0.01188305951654911
3360,0.0406346470117569
3361,0.021601052954792976
3362,0.0372396856546402
3363,0.06857430189847946
3364,0.8203292489051819
3365,0.003275788389146328
3366,0.06877363473176956
3367,0.009520174004137516
3368,0.009949416853487492
3369,0.012766138650476933
3370,0.8610740900039673
3371,0.004449560306966305
3372,0.03169875591993332
3373,0.027934154495596886
3374,0.024506058543920517
3375,0.037688400596380234
3376,0.03206696733832359
3377,0.14142565429210663
3378,0.05578680709004402
3379,0.019360026344656944
3380,0.4797724485397339
3381,0.027317624539136887
3382,0.005581383127719164
3383,0.026881853118538857
3384,0.026881853118538857
3385,0.26093727350234985
3386,0.0026247294154018164
3387,0.013988385908305645
3388,0.005581383127719164
3389,0.030162276700139046
3390,0.05791076645255089
3391,0.012177631258964539
3392,0.021867085248231888
3393,0.021287376061081886
3394,0.0029493116308003664
3395,0.002627285895869136
3396,0.005711239296942949
3397,0.014459331519901752
3398,0.029149994254112244
3399,0.018682068213820457
3400,0.029009178280830383
3401,0.0027746192645281553
3402,0.041937679052352905
3403,0.0028215099591761827
3404,0.02095870114862919
3405,0.0031373000238090754
3406,0.004081499297171831
3407,0.0029689129441976547
3408,0.08337125182151794
3409,0.038988254964351654
3410,0.08269761502742767
3411,0.007702893111854792
3412,0.007702893111854792
3413,0.04389086738228798
3414,0.01998250000178814
3415,0.2256210297346115
3416,0.03192388266324997
3417,0.0034366827458143234
3418,0.02136216126382351
3419,0.0031788735650479794
3420,0.0031788735650479794
3421,0.0031788735650479794
3422,0.0031788735650479794
3423,0.0031788735650479794
3424,0.0031788735650479794
3425,0.0031788735650479794
3426,0.0031788735650479794
3427,0.012761290185153484
3428,0.04411161690950394
3429,0.005155857652425766
3430,0.0082279229536652565
3431,0.02518664300441742
3432,0.003352916333824396
3433,0.01918950490653515
3434,0.01651828922331333
3435,0.018570322543382645
3436,0.0301340501755476
3437,0.059124380350112915
3438,0.07074311375617981
3439,0.010908211581408978
3440,0.002867848612368107
3441,0.03590267524123192
3442,0.003953825682401657
3443,0.029802462086081505
3444,0.028915410861372948
3445,0.016782067716121674
3446,0.020399289205670357
3447,0.1256326586008072
3448,0.011006011627614498
3449,0.012789500877261162
3450,0.0031666578724980354
3451,0.010596088133752346
3452,0.030420824885368347
3453,0.011447722092270851
3454,0.019326848909258842
3455,0.011231071315705776
3456,0.0351923331618309
3457,0.03123505786061287
3458,0.05048990994691849
3459,0.003898759838193655
3460,0.029698960483074188
3461,0.0047720642760396
3462,0.019878659397363663
3463,0.07185233384370804
3464,0.0037571750581264496
3465,0.01625710166990757
3466,0.023618828505277634
3467,0.012457692995667458
3468,0.010317464359104633
3469,5.371386068873107e-4
3470,0.0018151116091758013
3471,0.0015916820848360658
3472,7.537919445894659e-4
3473,6.688776193186641e-4
3474,0.0028303982689976692
3475,0.03708605840802193
3476,0.02207344025373459
3477,0.11264074593782425
3478,0.0034223641268908978
3479,0.01117862667888403
3480,0.006169506348669529
3481,0.02476920373737812
3482,0.07991421222686768
3483,0.009989029727876186
3484,0.05275556445121765
3485,0.004090483300387859
3486,6.760357646271586e-4
3487,8.681496838107705e-4
3488,0.0014380024513229728
3489,0.03354116901755333
3490,0.294247567653656
3491,6.81135687045753e-4
3492,0.020401667803525925
3493,0.10630407929420471
3494,0.051423780620098114
3495,0.016858313232660294
3496,0.0021383080165833235
3497,0.007276398129761219
3498,0.0033860302064567804
3499,0.02720385603606701
3500,0.0021160084288567305
3501,0.00411555590108037
3502,0.13402344286441803
3503,0.041267599910497665
3504,0.006826611701399088
3505,0.008140625432133675
3506,0.025223730131983757
3507,0.04729306325316429
3508,0.1792590171098709
3509,0.06220526620745659
3510,0.005232031922787428
3511,0.0035155750811100006
3512,0.012757176533341408
3513,0.004225469660013914
3514,0.0358380451798439
3515,0.037257399410009384
3516,0.03187618777155876
3517,0.007770526688545942
3518,0.004225469660013914
3519,0.008394361473619938
3520,0.003794435877352953
3521,0.06386938691139221
3522,0.012355025857686996
3523,0.011478797532618046
3524,0.008986647240817547
3525,0.062348872423172
3526,0.006917520426213741
3527,0.018050018697977066
3528,0.006917520426213741
3529,0.00254091527312994
3530,0.001660026959143579
3531,0.011853505857288837
3532,0.001660026959143579
3533,0.001660026959143579
3534,0.011853505857288837
3535,0.001660026959143579
3536,0.02674632892012596
3537,0.018491901457309723
3538,0.006445018108934164
3539,0.07072591036558151
3540,0.0034792900551110506
3541,0.006382917519658804
3542,0.003898759838193655
3543,0.026193425059318542
3544,0.0979497954249382
3545,0.014864758588373661
3546,0.07084532827138901
3547,0.04302780702710152
3548,0.03580630198121071
3549,0.024237481877207756
3550,0.7554877400398254
3551,0.045118022710084915
3552,0.047588836401700974
3553,0.028116270899772644
3554,0.01729603484272957
3555,0.020661864429712296
3556,0.025270935148000717
3557,0.016138345003128052
3558,0.010173671878874302
3559,0.018187090754508972
3560,0.01978793926537037
3561,0.020674608647823334
3562,0.011125443503260612
3563,0.020674608647823334
3564,0.019711852073669434
3565,0.04154114052653313
3566,0.079373799264431
3567,0.007134521845728159
3568,0.03627706691622734
3569,0.08561700582504272
3570,0.605652928352356
3571,0.7335142493247986
3572,0.01925063692033291
3573,0.553228497505188
3574,0.036695633083581924
3575,0.29411712288856506
3576,0.030193964019417763
3577,0.026806488633155823
3578,0.02227717824280262
3579,0.029192587360739708
3580,0.0957782119512558
3581,0.017324179410934448
3582,0.029051706194877625
3583,0.019892223179340363
3584,0.03264719247817993
3585,0.39201387763023376
3586,0.04299448803067207
3587,0.016456356272101402
3588,0.9540674090385437
3589,0.0322587788105011
3590,0.013691744767129421
3591,0.05390262231230736
3592,0.03734348341822624
3593,0.042471881955862045
3594,0.042471881955862045
3595,0.02114189602434635
3596,0.31783899664878845
3597,0.00533475773409009
3598,0.001713012345135212
3599,0.001713012345135212
3600,0.0047684963792562485
3601,0.0047684963792562485
3602,0.14459843933582306
3603,0.04006422683596611
3604,0.004278223030269146
3605,0.0010639182291924953
3606,0.004278223030269146
3607,0.012291213497519493
3608,0.008167180232703686
3609,0.005817071534693241
3610,0.02974785678088665
3611,0.02220488339662552
3612,0.021058637648820877
3613,0.03752445802092552
3614,0.004278223030269146
3615,0.01776028983294964
3616,0.018416238948702812
3617,0.008038756437599659
3618,0.028444398194551468
3619,0.011186076328158379
3620,0.011519181542098522
3621,0.0030042417347431183
3622,0.025789672508835793
3623,0.19225792586803436
3624,0.002368160057812929
3625,0.002368160057812929
3626,0.0890694186091423
3627,0.08767863363027573
3628,0.0471075102686882
3629,0.004615262150764465
3630,2.3190212959889323e-4
3631,6.776716327294707e-4
3632,0.006845180876553059
3633,0.005463403183966875
3634,0.050789907574653625
3635,0.01602874882519245
3636,0.058522168546915054
3637,0.02396385371685028
3638,0.12526880204677582
3639,0.009387418627738953
3640,0.026391590014100075
3641,0.010616539046168327
3642,0.004844945389777422
3643,0.10241108387708664
3644,0.004367896821349859
3645,0.0018628787947818637
3646,0.020043179392814636
3647,0.10618698596954346
3648,7.034523296169937e-4
3649,8.840966038405895e-4
3650,0.008574801497161388
3651,9.268037974834442e-4
3652,7.847571396268904e-4
3653,0.021925536915659904
3654,0.018747685477137566
3655,0.014814957045018673
3656,0.011987443082034588
3657,0.020758772268891335
3658,0.021912788972258568
3659,0.07828802615404129
3660,0.02002219669520855
3661,0.02002219669520855
3662,0.006021888926625252
3663,0.02002219669520855
3664,0.02002219669520855
3665,0.02002219669520855
3666,0.02002219669520855
3667,0.01824711263179779
3668,0.036543820053339005
3669,0.02239384688436985
3670,0.5861884951591492
3671,0.01930675469338894
3672,0.01751169003546238
3673,0.032010167837142944
3674,0.027732232585549355
3675,0.024549251422286034
3676,0.015358749777078629
3677,0.014062410220503807
3678,0.009787281975150108
3679,0.015315196476876736
3680,0.00581248989328742
3681,0.01229806337505579
3682,0.011328659951686859
3683,0.01442350447177887
3684,0.02404884062707424
3685,0.017972351983189583
3686,0.03322715312242508
3687,0.014650529250502586
3688,0.002865080488845706
3689,0.002865080488845706
3690,0.0019828358199447393
3691,0.002865080488845706
3692,0.002865080488845706
3693,0.002865080488845706
3694,0.0019828358199447393
3695,0.002865080488845706
3696,0.0029759546741843224
3697,0.0029759546741843224
3698,0.0019828358199447393
3699,0.04192698001861572
3700,0.05693177133798599
3701,0.011976215057075024
3702,0.005607951432466507
3703,0.027821579948067665
3704,0.09947356581687927
3705,0.011722411960363388
3706,0.08970769494771957
3707,0.052334342151880264
3708,0.00726238964125514
3709,0.5005232095718384
3710,0.030933372676372528
3711,0.013947143219411373
3712,0.014699537307024002
3713,0.03393324837088585
3714,0.020607154816389084
3715,0.8382842540740967
3716,0.018600229173898697
3717,0.017819855362176895
3718,6.138901226222515e-4
3719,0.0023200921714305878
3720,8.507257443852723e-4
3721,9.174956940114498e-4
3722,0.028345223516225815
3723,0.5304886698722839
3724,0.021825700998306274
3725,0.006462262477725744
3726,0.0274218637496233
3727,0.017364295199513435
3728,0.0190663393586874
3729,0.06028856709599495
3730,0.012012992054224014
3731,0.06028856709599495
3732,0.014478064142167568
3733,0.012656777165830135
3734,0.02515861764550209
3735,0.05068100616335869
3736,0.04980625957250595
3737,0.010418102145195007
3738,0.03254588320851326
3739,0.006747842766344547
3740,0.002188163110986352
3741,0.02299461141228676
3742,0.004041419830173254
3743,0.010418102145195007
3744,0.01558496244251728
3745,0.005282571539282799
3746,0.010618257336318493
3747,0.005654580891132355
3748,0.003999423235654831
3749,0.005172486416995525
3750,0.07158605009317398
3751,0.018657000735402107
3752,0.022433418780565262
3753,0.018559489399194717
3754,0.018559489399194717
3755,0.0173934455960989
3756,0.005608010105788708
3757,0.0045415437780320644
3758,0.023782210424542427
3759,0.027008799836039543
3760,0.031779177486896515
3761,0.016709497198462486
3762,0.0062138913199305534
3763,0.004456185270100832
3764,0.004592128563672304
3765,0.02462145872414112
3766,0.005534637253731489
3767,0.0357254259288311
3768,0.02529115602374077
3769,0.008778261952102184
3770,0.0012933864491060376
3771,0.013859698548913002
3772,0.006747836247086525
3773,0.0021063515450805426
3774,0.003446446033194661
3775,0.012859310023486614
3776,0.0016471234848722816
3777,0.1692224144935608
3778,0.04204275459051132
3779,0.011696520261466503
3780,0.017432697117328644
3781,0.11303175985813141
3782,0.016600368544459343
3783,0.017454730346798897
3784,0.00942483264952898
3785,0.0045201657339930534
3786,0.0045201657339930534
3787,0.004354796372354031
3788,0.0029559386894106865
3789,0.004493590444326401
3790,0.006450232584029436
3791,0.00298304739408195
3792,0.0032202948350459337
3793,0.006427532993257046
3794,0.002585494192317128
3795,4.4394595897756517e-4
3796,0.007939619943499565
3797,0.006427532993257046
3798,0.0048945010639727116
3799,0.002592784119769931
3800,0.006427532993257046
3801,0.007984684780240059
3802,0.006427532993257046
3803,0.009278273209929466
3804,0.005431727040559053
3805,0.002401672536507249
3806,0.0067383223213255405
3807,0.003104108851402998
3808,0.6455180644989014
3809,0.3187602460384369
3810,0.0029473239555954933
3811,0.005967802833765745
3812,0.014981653541326523
3813,8.482463890686631e-4
3814,0.004373899661004543
3815,0.0067838504910469055
3816,0.008274371735751629
3817,0.00459038931876421
3818,0.026974936947226524
3819,0.01619853265583515
3820,0.07105743139982224
3821,0.03445407375693321
3822,0.006203487515449524
3823,0.0031464265193790197
3824,0.017267270013689995
3825,0.036761607974767685
3826,0.008304473012685776
3827,0.008304473012685776
3828,0.008304473012685776
3829,0.01427201647311449
3830,0.026435600593686104
3831,0.009145998395979404
3832,0.011777321808040142
3833,0.0015305876731872559
3834,0.3349415361881256
3835,0.8541288375854492
3836,0.026976244524121284
3837,0.0021036702673882246
3838,0.0010149634908884764
3839,0.0018300698138773441
3840,0.02965887077152729
3841,0.009272261522710323
3842,0.13207294046878815
3843,0.00224121892824769
3844,8.482463890686631e-4
3845,0.05134861171245575
3846,8.482463890686631e-4
3847,0.05134861171245575
3848,0.0010313610546290874
3849,0.004974456038326025
3850,0.008630006574094296
3851,5.524841835722327e-4
3852,0.0018321039387956262
3853,0.012741702608764172
3854,0.0010802029864862561
3855,0.0010149634908884764
3856,0.005835107062011957
3857,0.005988002754747868
3858,0.010731942020356655
3859,0.014470941387116909
3860,0.005835107062011957
3861,8.482463890686631e-4
3862,0.005835107062011957
3863,0.02000213786959648
3864,0.016522541642189026
3865,7.370836101472378e-4
3866,0.0025560033973306417
3867,0.2843165099620819
3868,0.013344545848667622
3869,0.5506426692008972
3870,0.0011980205308645964
3871,0.03995853662490845
3872,0.15351714193820953
3873,0.021415648981928825
3874,0.013477655127644539
3875,0.0036712794099003077
3876,0.00956044252961874
3877,0.7768281102180481
3878,0.0014622658491134644
3879,0.004151288885623217
3880,0.013574874959886074
3881,0.032063279300928116
3882,0.6976165771484375
3883,0.34685012698173523
3884,0.006005414295941591
3885,9.397334069944918e-4
3886,0.09890085458755493
3887,0.2732117474079132
3888,0.002098723081871867
3889,0.009028548374772072
3890,0.05135473981499672
3891,0.008780083619058132
3892,0.0018453985685482621
3893,0.0023703225888311863
3894,0.08036726713180542
3895,0.9244709610939026
3896,0.010607211850583553
3897,0.8215406537055969
3898,0.8215406537055969
3899,0.036994241178035736
3900,0.0025109988637268543
3901,0.019655738025903702
3902,0.0012221983633935452
3903,0.0034917467273771763
3904,0.0017342963255941868
3905,0.001027729595080018
3906,0.006564522627741098
3907,0.003335467306897044
3908,0.010679807513952255
3909,0.5061482191085815
3910,0.03879283368587494
3911,0.05269702151417732
3912,0.002969134598970413
3913,0.008842271752655506
3914,0.010659427382051945
3915,0.210582435131073
3916,0.005337749142199755
3917,0.02905448153614998
3918,0.3894939124584198
3919,0.059386685490608215
3920,0.012230118736624718
3921,0.003723717527464032
3922,0.0030521717853844166
3923,0.00598302623257041
3924,0.05484811216592789
3925,0.9515826106071472
3926,0.39687439799308777
3927,0.0164327472448349
3928,0.06426429003477097
3929,0.03918946906924248
3930,0.010462122969329357
3931,0.870361328125
3932,0.829685389995575
3933,0.023265594616532326
3934,0.005913156550377607
3935,0.05173486843705177
3936,0.018937742337584496
3937,0.023270348086953163
3938,0.0374356284737587
3939,0.014717553742229939
3940,0.009183166548609734
3941,0.005783601198345423
3942,0.021355634555220604
3943,0.0026055732741951942
3944,0.02413581870496273
3945,0.004720407538115978
3946,0.023368431255221367
3947,0.04130048677325249
3948,0.11931785196065903
3949,0.014158282428979874
3950,0.029590388759970665
3951,0.012503775767982006
3952,0.008012554608285427
3953,0.027374863624572754
3954,0.013792063109576702
3955,0.13837440311908722
3956,0.011353554204106331
3957,0.010400954633951187
3958,0.0062262327410280704
3959,0.006832284852862358
3960,0.0031081426423043013
3961,0.0033290900755673647
3962,0.003079552436247468
3963,0.0013049974804744124
3964,0.002699060132727027
3965,0.006450232584029436
3966,0.023764757439494133
3967,0.002565360628068447
3968,0.011015331372618675
3969,0.016246315091848373
3970,0.01013165432959795
3971,0.10842492431402206
3972,0.19114817678928375
3973,0.02142348140478134
3974,0.04147585108876228
3975,0.344056099653244
3976,0.02125757932662964
3977,0.02120097354054451
3978,0.06577890366315842
3979,0.007242861203849316
3980,0.039389658719301224
3981,0.06149062514305115
3982,0.003936770372092724
3983,0.007301934529095888
3984,0.007340244483202696
3985,0.012145796790719032
3986,0.6693373918533325
3987,0.16724656522274017
3988,0.08031683415174484
3989,0.016276881098747253
3990,0.007129734382033348
3991,0.007129734382033348
3992,0.08862906694412231
3993,0.7853878140449524
3994,0.03213699534535408
3995,0.02969665266573429
3996,0.0021031538490206003
3997,0.011426292359828949
3998,0.0018103066831827164
3999,0.00276214350014925
4000,0.015234614722430706
4001,0.0022437251172959805
4002,0.011272857896983624
4003,0.020387211814522743
4004,0.0020143564324826
4005,0.013450957834720612
4006,0.005260205827653408
4007,0.0033990342635661364
4008,0.052099913358688354
4009,0.01985885389149189
4010,0.020675985142588615
4011,0.014402735978364944
4012,0.0887836217880249
4013,0.030365563929080963
4014,0.007476610131561756
4015,0.015596987679600716
4016,0.008715375326573849
4017,0.009128267876803875
4018,0.019408218562602997
4019,0.05807412043213844
4020,0.03744518384337425
4021,0.021896233782172203
4022,0.07255184650421143
4023,0.018770530819892883
4024,0.10654933750629425
4025,0.017304934561252594
4026,0.590688943862915
4027,0.03647852689027786
4028,0.05974592640995979
4029,0.03181944787502289
4030,0.015052933245897293
4031,0.09221204370260239
4032,0.05417842045426369
4033,0.6869062781333923
4034,0.025976303964853287
4035,0.013698707334697247
4036,0.05587821826338768
4037,0.05534238740801811
4038,0.011897328309714794
4039,0.02975565381348133
4040,0.020798759534955025
4041,0.01979816146194935
4042,0.0395427905023098
4043,0.058796461671590805
4044,0.013113623484969139
4045,0.014790019951760769
4046,0.020157234743237495
4047,0.060606032609939575
4048,0.008922175504267216
4049,0.007499857805669308
4050,0.0077312421053647995
4051,0.06628167629241943
4052,0.03353052958846092
4053,0.04563441127538681
4054,0.009259833954274654
4055,0.009735713712871075
4056,0.0037978964392095804
4057,0.008248013444244862
4058,0.06243066117167473
4059,0.48405447602272034
4060,0.005845990963280201
4061,0.0754348486661911
4062,0.10936857014894485
4063,0.023943819105625153
4064,0.013323711231350899
4065,0.00658302940428257
4066,0.00780729902908206
4067,0.004446551203727722
4068,0.4763881266117096
4069,0.023430218920111656
4070,0.02084956131875515
4071,0.021046800538897514
4072,0.047821857035160065
4073,0.2380533069372177
4074,0.040512483566999435
4075,0.003295487491413951
4076,0.3818889558315277
4077,0.03176378458738327
4078,0.005186621565371752
4079,0.004948739428073168
4080,0.005183524917811155
4081,0.39414748549461365
4082,0.011793643236160278
4083,0.00957736186683178
4084,0.023293310776352882
4085,0.010212813504040241
4086,0.004372133407741785
4087,0.17424125969409943
4088,0.005598330870270729
4089,0.007633998524397612
4090,0.030883045867085457
4091,0.035679832100868225
4092,0.08601100742816925
4093,0.007905238308012486
4094,0.3576030433177948
4095,0.004382675979286432
4096,0.028472131118178368
4097,0.01960756815969944
4098,0.0043088290840387344
4099,0.021665059030056
4100,0.21683964133262634
4101,0.02011469006538391
4102,0.04176052287220955
4103,0.3151252567768097
4104,0.0030932058580219746
4105,0.06363021582365036
4106,0.033960793167352676
4107,0.014609414152801037
4108,0.12377838790416718
4109,0.3735618591308594
4110,0.006774920970201492
4111,0.5382362008094788
4112,0.02086900733411312
4113,0.02564753219485283
4114,0.031652942299842834
4115,0.004528268706053495
4116,0.014818701893091202
4117,0.028035573661327362
4118,0.010664025321602821
4119,0.5066649913787842
4120,0.49970513582229614
4121,0.0353827103972435
4122,0.017100675031542778
4123,0.019995959475636482
4124,0.010143469087779522
4125,0.006276453845202923
4126,0.0019245690200477839
4127,0.0014998862752690911
4128,6.537233130075037e-4
4129,0.003983577247709036
4130,0.06574130058288574
4131,0.002700155135244131
4132,0.03230931609869003
4133,0.1817815601825714
4134,0.01091018132865429
4135,0.03322812542319298
4136,0.03141980990767479
4137,0.7172104716300964
4138,0.1220674216747284
4139,0.11513175070285797
4140,0.10452379286289215
4141,0.021243857219815254
4142,0.006242202594876289
4143,0.0203484445810318
4144,0.00538800610229373
4145,0.01515630166977644
4146,0.03785398229956627
4147,0.004180631600320339
4148,0.007055291905999184
4149,0.626431405544281
4150,0.07307031005620956
4151,0.06093838810920715
4152,0.0027385158464312553
4153,0.04399259015917778
4154,0.03779234737157822
4155,0.04087546840310097
4156,0.3354569971561432
4157,0.004365164320915937
4158,0.003303225850686431
4159,0.011263640597462654
4160,0.008314158767461777
4161,0.07212560623884201
4162,0.012166032567620277
4163,0.0029117490630596876
4164,0.011954856105148792
4165,0.0029117490630596876
4166,0.08473356813192368
4167,0.07816771417856216
4168,0.5773584842681885
4169,0.303593248128891
4170,0.02530651167035103
4171,0.12129572033882141
4172,0.0033970740623772144
4173,0.03928660973906517
4174,0.002558162435889244
4175,0.04055893048644066
4176,0.008918731473386288
4177,0.6950505375862122
4178,0.17908497154712677
4179,0.774211049079895
4180,0.0012375960359349847
4181,0.001221344224177301
4182,5.997956031933427e-4
4183,0.03872081637382507
4184,0.040258996188640594
4185,0.0390472449362278
4186,0.004806603770703077
4187,0.01903502643108368
4188,0.006739608943462372
4189,0.06142004206776619
4190,0.09778834134340286
4191,0.10929376631975174
4192,0.008843212388455868
4193,0.03887490928173065
4194,0.05364453047513962
4195,0.3280194103717804
4196,0.007087620906531811
4197,0.05955743044614792
4198,0.5166388154029846
4199,0.008611146360635757
4200,0.005756703205406666
4201,0.018139801919460297
4202,0.009594419971108437
4203,0.004657099023461342
4204,0.02158520184457302
4205,0.02730804868042469
4206,0.0360640212893486
4207,0.0652383491396904
4208,0.654223620891571
4209,0.030245963484048843
4210,0.003600301919505
4211,0.008371027186512947
4212,0.5101606249809265
4213,0.46513673663139343
4214,0.03154834359884262
4215,0.05576983094215393
4216,0.03840776905417442
4217,0.00398209597915411
4218,0.06610794365406036
4219,0.30622419714927673
4220,0.01740310713648796
4221,0.007470922544598579
4222,0.027830054983496666
4223,0.06847705692052841
4224,0.04422220215201378
4225,0.006915964651852846
4226,0.004398598335683346
4227,0.010412602685391903
4228,0.029074566438794136
4229,0.038313135504722595
4230,0.0323689728975296
4231,0.0323689728975296
4232,0.046881578862667084
4233,0.005574604030698538
4234,0.0012348395539447665
4235,0.03265615925192833
4236,0.002669805660843849
4237,0.003137432737275958
4238,0.004640149883925915
4239,0.03479527682065964
4240,0.1169266402721405
4241,0.5619263648986816
4242,0.0027900906279683113
4243,0.009699147194623947
4244,0.01697353832423687
4245,0.03596412390470505
4246,0.006450226064771414
4247,0.040049172937870026
4248,0.555493175983429
4249,0.016689524054527283
4250,0.0792221799492836
4251,0.10971606522798538
4252,0.005133775062859058
4253,0.003420239081606269
4254,0.02960357815027237
4255,0.07136578857898712
4256,0.15778498351573944
4257,0.02361787110567093
4258,0.17932385206222534
4259,0.0026570104528218508
4260,0.014537882059812546
4261,0.1391201764345169
4262,0.5494371056556702
4263,0.028373844921588898
4264,0.008611529134213924
4265,0.09215595573186874
4266,0.04477039724588394
4267,0.02277440018951893
4268,0.09895077347755432
4269,0.005922424606978893
4270,0.003246883163228631
4271,0.008790493942797184
4272,0.0048402342945337296
4273,0.0025961045175790787
4274,0.01560912374407053
4275,0.39716091752052307
4276,0.01707484759390354
4277,0.24684078991413116
4278,0.03690747916698456
4279,0.011964214965701103
4280,0.03076784685254097
4281,0.0854937881231308
4282,0.1398995965719223
4283,0.30985236167907715
4284,0.0036839600652456284
4285,0.006031578406691551
4286,0.06293237209320068
4287,0.5208033919334412
4288,0.019166095182299614
4289,0.013403741642832756
4290,0.018630579113960266
4291,0.8948512673377991
4292,0.093355193734169
4293,0.0015094487462192774
4294,0.041190873831510544
4295,0.03967001661658287
4296,0.6356908082962036
4297,0.006343681365251541
4298,0.1180848777294159
4299,0.032297324389219284
4300,0.0639641210436821
4301,0.0239035002887249
4302,0.1777612715959549
4303,0.003188124857842922
4304,0.2990152835845947
4305,0.01114647276699543
4306,0.8506952524185181
4307,0.014628620818257332
4308,0.009743674658238888
4309,0.023114902898669243
4310,0.013113191351294518
4311,0.9158886671066284
4312,0.8767011761665344
4313,0.006931928917765617
4314,0.006409570574760437
4315,0.004996646195650101
4316,0.002764319535344839
4317,0.006259572226554155
4318,0.0058861360885202885
4319,0.006067702546715736
4320,0.0012427321635186672
4321,8.428912260569632e-4
4322,0.2319219410419464
4323,0.5438427925109863
4324,0.09403422474861145
4325,0.08747760206460953
4326,0.008767510764300823
4327,0.0038511957973241806
4328,0.019620977342128754
4329,0.07061321288347244
4330,0.003998709376901388
4331,0.006436873693019152
4332,0.12730123102664948
4333,0.026787910610437393
4334,0.010702620260417461
4335,0.03542299568653107
4336,0.03522500395774841
4337,0.006383237894624472
4338,0.06134593486785889
4339,0.029759803786873817
4340,0.21848034858703613
4341,0.0054952180944383144
4342,0.020361989736557007
4343,0.09739737957715988
4344,0.019187862053513527
4345,0.01204924937337637
4346,0.20219410955905914
4347,0.13917776942253113
4348,0.24636471271514893
4349,0.009620826691389084
4350,0.0018108236836269498
4351,0.1060294359922409
4352,0.1297551840543747
4353,0.011771789751946926
4354,0.22676482796669006
4355,0.03786526620388031
4356,0.050689298659563065
4357,0.8531908392906189
4358,0.7880747318267822
4359,0.05702456831932068
4360,0.011798428371548653
4361,0.027817027643322945
4362,0.6438129544258118
4363,0.05794405937194824
4364,0.9843267798423767
4365,0.9696802496910095
4366,0.02886996977031231
4367,0.02886996977031231
4368,0.008243069052696228
4369,0.009367352351546288
4370,0.09044210612773895
4371,0.04350977763533592
4372,0.011667996644973755
4373,0.11441444605588913
4374,0.10358718782663345
4375,0.05898257717490196
4376,0.011698135174810886
4377,0.033993177115917206
4378,0.0851704403758049
4379,0.27341428399086
4380,0.13087129592895508
4381,0.0356244333088398
4382,0.15276141464710236
4383,0.20334693789482117
4384,0.09179338812828064
4385,0.10836641490459442
4386,0.0489959716796875
4387,0.031134963035583496
4388,0.09303249418735504
4389,0.08600819855928421
4390,0.0513126440346241
4391,0.02663673833012581
4392,0.08151991665363312
4393,0.06705199182033539
4394,0.9649264216423035
4395,0.01407092809677124
4396,0.027656737715005875
4397,0.020020581781864166
4398,0.032615892589092255
4399,0.030795447528362274
4400,0.5153272747993469
4401,0.016252413392066956
4402,0.2252117544412613
4403,0.9420724511146545
4404,0.11082617938518524
4405,0.04562588408589363
4406,0.031742386519908905
4407,0.06586238741874695
4408,0.07426014542579651
4409,0.05694253742694855
4410,0.0307141300290823
4411,0.023677397519350052
4412,0.012682228349149227
4413,0.06741156429052353
4414,0.011119123548269272
4415,0.027161993086338043
4416,0.2237931340932846
4417,0.03914709761738777
4418,0.09989320486783981
4419,0.08452796190977097
4420,0.04955523461103439
4421,0.03880512714385986
4422,0.03880512714385986
4423,0.005650604143738747
4424,0.5099559426307678
4425,0.3330446481704712
4426,0.02194262482225895
4427,0.07338254153728485
4428,0.04600134119391441
4429,0.0684603676199913
4430,0.1272825449705124
4431,0.013419912196695805
4432,0.050657451152801514
4433,0.13304291665554047
4434,0.014262687414884567
4435,0.046563614159822464
4436,0.05801050737500191
4437,0.009562614373862743
4438,0.009562614373862743
4439,0.010596058331429958
4440,0.09414223581552505
4441,0.28612619638442993
4442,0.3135613203048706
4443,0.01804358698427677
4444,0.0060390811413526535
4445,0.056150682270526886
4446,0.038825623691082
4447,0.2435048371553421
4448,0.2435048371553421
4449,0.8232504725456238
4450,0.03624335676431656
4451,0.0872553214430809
4452,0.08645951002836227
4453,0.20058000087738037
4454,0.6787393689155579
4455,0.2745557427406311
4456,0.8712949156761169
4457,0.08572845160961151
4458,0.15942488610744476
4459,0.6753857135772705
4460,0.3365076780319214
4461,0.15217852592468262
4462,0.06060308963060379
4463,0.07940609008073807
4464,0.05237350985407829
4465,0.3346535861492157
4466,0.1357433944940567
4467,0.01136684138327837
4468,0.06913761049509048
4469,0.05205896124243736
4470,0.23153036832809448
4471,0.06170906499028206
4472,0.13958725333213806
4473,0.9374645352363586
4474,0.08343442529439926
4475,0.05869286134839058
4476,0.06069067120552063
4477,0.020490707829594612
4478,0.04422592371702194
4479,0.05476630851626396
4480,0.09252148121595383
4481,0.044123634696006775
4482,0.06378678977489471
4483,0.0064981840550899506
4484,0.04831738770008087
4485,0.11195235699415207
4486,0.935766875743866
4487,0.115981325507164
4488,0.9420904517173767
4489,0.10880129039287567
4490,0.020302996039390564
4491,0.040473148226737976
4492,0.03245116397738457
4493,0.03918541967868805
4494,0.022307323291897774
4495,0.23493516445159912
4496,0.0045466297306120396
4497,0.914448082447052
4498,0.2975420653820038
4499,0.2131633758544922
4500,0.029045728966593742
4501,0.15737275779247284
4502,0.20883001387119293
4503,0.11291138827800751
4504,0.7553378939628601
4505,0.047436248511075974
4506,0.05205123499035835
4507,0.1358754187822342
4508,0.024012137204408646
4509,0.8933556079864502
4510,0.44813114404678345
4511,0.028526730835437775
4512,0.10169623047113419
4513,0.01191442646086216
4514,0.02929096482694149
4515,0.060723066329956055
4516,0.1333986520767212
4517,0.08171878755092621
4518,0.07925748080015182
4519,0.07249816507101059
4520,0.5211005806922913
4521,0.04544820263981819
4522,0.21618974208831787
4523,0.02675902284681797
4524,0.8889913558959961
4525,0.03976869583129883
4526,0.46148791909217834
4527,0.01149412989616394
4528,0.15412932634353638
4529,0.09052515774965286
4530,0.19482162594795227
4531,0.8079520463943481
4532,0.21161124110221863
4533,0.07902473956346512
4534,0.16090548038482666
4535,0.23722311854362488
4536,0.08195290714502335
4537,0.07756035774946213
4538,0.20724639296531677
4539,0.07976991683244705
4540,0.14180676639080048
4541,0.048582062125205994
4542,0.06074893847107887
4543,0.08407473564147949
4544,0.8912492394447327
4545,0.25305840373039246
4546,0.07925598323345184
4547,0.4120762348175049
4548,0.6208940744400024
4549,0.89105224609375
4550,0.5249127149581909
4551,0.21369129419326782
4552,0.10009247809648514
4553,0.053096164017915726
4554,0.2019299566745758
4555,0.017958227545022964
4556,0.37808868288993835
4557,0.7052769064903259
4558,0.11474361270666122
4559,0.06387519091367722
4560,0.04670807346701622
4561,0.09511804580688477
4562,0.03871838003396988
4563,0.3938271403312683
4564,0.14289262890815735
4565,0.039321377873420715
4566,0.12831267714500427
4567,0.14516142010688782
4568,0.055048294365406036
4569,0.13946019113063812
4570,0.11482131481170654
4571,0.3320886194705963
4572,0.2649584710597992
4573,0.10015292465686798
4574,0.09850617498159409
4575,0.16782376170158386
4576,0.8977033495903015
4577,0.9304987192153931
4578,0.06830292195081711
4579,0.06966255605220795
4580,0.09148040413856506
4581,3.9467570604756474e-4
4582,0.21577094495296478
4583,0.09425212442874908
4584,0.16010287404060364
4585,0.11232534795999527
4586,0.021900001913309097
4587,0.08283035457134247
4588,0.07500574737787247
4589,0.11622421443462372
4590,0.16789193451404572
4591,0.08998004347085953
4592,0.9039720296859741
4593,0.8697813749313354
4594,0.027629483491182327
4595,0.08720239996910095
4596,0.08293180912733078
4597,0.10487586259841919
4598,0.028598234057426453
4599,0.008725300431251526
4600,0.07446528971195221
4601,0.008192240260541439
4602,0.042282573878765106
4603,0.6610164642333984
4604,0.014534534886479378
4605,0.059925999492406845
4606,0.16151902079582214
4607,0.02473081275820732
4608,0.05539980158209801
4609,0.0931938961148262
4610,0.09286445379257202
4611,0.046067651361227036
4612,0.06405200809240341
4613,0.16611944139003754
4614,0.09608403593301773
4615,0.09117896109819412
4616,0.18870535492897034
4617,0.03918023034930229
4618,0.8465994000434875
4619,0.9288060069084167
4620,0.09648313373327255
4621,0.203022763133049
4622,0.024631135165691376
4623,0.36400362849235535
4624,0.10116620361804962
4625,0.11946504563093185
4626,0.44941163063049316
4627,0.0958779826760292
4628,0.06301768124103546
4629,0.03221883252263069
4630,0.08847279846668243
4631,0.13449187576770782
4632,0.13034765422344208
4633,0.032330479472875595
4634,0.08505929261445999
4635,0.05205434188246727
4636,0.046892501413822174
4637,0.0973244160413742
4638,0.05751660466194153
4639,0.11208243668079376
4640,0.10190634429454803
4641,0.03399289399385452
4642,0.11482638865709305
4643,0.6855589747428894
4644,0.11146309226751328
4645,0.07644601911306381
4646,0.19183532893657684
4647,0.06527671962976456
4648,0.9311236143112183
4649,0.2442150115966797
4650,0.2035348266363144
4651,0.878360390663147
4652,0.10181460529565811
4653,0.0034636917989701033
4654,0.9275069236755371
4655,0.18092934787273407
4656,0.08074231445789337
4657,0.1507047861814499
4658,0.04528141766786575
4659,0.01782519929111004
4660,0.012442391365766525
4661,0.9763996601104736
4662,0.10139003396034241
4663,0.01782519929111004
4664,0.08733586966991425
4665,0.2135499119758606
4666,0.20614030957221985
4667,0.03899802640080452
4668,0.049986280500888824
4669,0.6156712174415588
4670,0.14922615885734558
4671,0.09076286852359772
4672,0.2744428515434265
4673,0.018274780362844467
4674,0.20722007751464844
4675,0.0646769180893898
4676,0.11818453669548035
4677,0.04176396504044533
4678,0.1129392609000206
4679,0.16951978206634521
4680,0.1740003079175949
4681,0.1146521270275116
4682,0.0458449125289917
4683,0.15518751740455627
4684,0.024709712713956833
4685,0.0871749222278595
4686,0.07402350753545761
4687,0.010677878744900227
4688,0.7735667824745178
4689,0.10146640986204147
4690,0.12663371860980988
4691,0.07007936388254166
4692,0.06374845653772354
4693,0.04951852560043335
4694,0.1660698503255844
4695,0.01864537037909031
4696,0.13302581012248993
4697,0.8672292828559875
4698,0.08707967400550842
4699,0.009726000018417835
4700,0.14795708656311035
4701,0.14142629504203796
4702,0.1194227859377861
4703,0.2997313141822815
4704,0.07272472977638245
4705,0.6881366968154907
4706,0.06901267915964127
4707,0.09217941761016846
4708,0.7415018081665039
4709,0.33330386877059937
4710,0.37052613496780396
4711,0.8255199193954468
4712,0.11610805243253708
4713,0.08328507840633392
4714,0.21556010842323303
4715,0.9500582814216614
4716,0.07580092549324036
4717,0.6387262940406799
4718,0.9112275838851929
4719,0.07249710708856583
4720,0.03774798661470413
4721,0.14724597334861755
4722,0.07904914766550064
4723,0.9329190850257874
4724,0.06155555695295334
4725,0.02500765584409237
4726,0.0912068784236908
4727,0.09431532770395279
4728,0.023177312687039375
4729,0.06302441656589508
4730,0.18636652827262878
4731,0.07410292327404022
4732,0.27945706248283386
4733,0.17997068166732788
4734,0.012415233999490738
4735,0.013541196472942829
4736,0.010364756919443607
4737,0.11783421039581299
4738,0.2684899568557739
4739,0.10647176206111908
4740,0.35271570086479187
4741,0.35271570086479187
4742,0.013820726424455643
4743,0.012250954285264015
4744,0.16144651174545288
4745,0.08684559911489487
4746,0.008030193857848644
4747,0.26833704113960266
4748,0.07046660780906677
4749,0.11770537495613098
4750,0.18211618065834045
4751,0.04723489284515381
4752,0.2580660283565521
4753,0.014353393577039242
4754,0.015731777995824814
4755,0.9017001986503601
4756,0.10993324965238571
4757,0.1087362989783287
4758,0.040479835122823715
4759,0.08010078221559525
4760,0.012037175707519054
4761,0.9369369149208069
4762,0.9706937074661255
4763,0.03963712230324745
4764,0.023279452696442604
4765,0.06798478960990906
4766,0.9410913586616516
4767,0.048851851373910904
4768,0.03720560297369957
4769,0.32723188400268555
4770,0.8986898064613342
4771,0.011852159164845943
4772,0.3353188931941986
4773,0.019108617678284645
4774,0.06299132108688354
4775,0.08113366365432739
4776,0.21749666333198547
4777,0.24956753849983215
4778,0.15416662395000458
4779,0.02056615985929966
4780,0.01073380559682846
4781,0.9518914222717285
4782,0.22513438761234283
4783,0.9170936346054077
4784,0.11750961095094681
4785,0.11565904319286346
4786,0.8377732634544373
4787,0.009286504238843918
4788,0.06328722834587097
4789,0.12951965630054474
4790,0.06269697099924088
4791,0.04136486351490021
4792,0.010365906171500683
4793,0.11010932922363281
4794,0.07671014219522476
4795,0.04917261004447937
4796,0.1226290762424469
4797,0.5516672134399414
4798,0.019611600786447525
4799,0.06897739320993423
4800,0.20757661759853363
4801,0.14087480306625366
4802,0.034883420914411545
4803,0.1283985823392868
4804,0.04574471712112427
4805,0.0852803960442543
4806,0.4937645196914673
4807,0.0027909399941563606
4808,0.08251936733722687
4809,0.18415489792823792
4810,0.06457952409982681
4811,0.10429304838180542
4812,0.012636563740670681
4813,0.15129420161247253
4814,0.0086635686457157135
4815,0.5026281476020813
4816,0.03366425633430481
4817,0.31290751695632935
4818,0.09054341167211533
4819,0.08239343017339706
4820,0.09238788485527039
4821,0.10257048159837723
4822,0.3676328659057617
4823,0.03266874700784683
4824,0.17772811651229858
4825,0.03138735890388489
4826,0.0036254487931728363
4827,0.01210019737482071
4828,0.017669979482889175
4829,0.054233573377132416
4830,0.04024134948849678
4831,0.019662735983729362
4832,0.041472259908914566
4833,0.02388022467494011
4834,0.5429836511611938
4835,0.01399537269026041
4836,0.007787562441080809
4837,0.323065847158432
4838,0.13539181649684906
4839,0.05119987949728966
4840,0.03296870365738869
4841,0.6033776998519897
4842,0.04168267175555229
4843,0.03360838443040848
4844,0.009264402091503143
4845,0.02075570821762085
4846,0.063250832259655
4847,0.008109885267913342
4848,0.04158986732363701
4849,0.8276661038398743
4850,0.013858641497790813
4851,0.004006552509963512
4852,0.007583120837807655
4853,0.004115106537938118
4854,0.004948500078171492
4855,0.09659623354673386
4856,0.00936060305684805
4857,0.005504696164280176
4858,0.04543372243642807
4859,0.06260180473327637
4860,0.027125949040055275
4861,0.029905669391155243
4862,0.659916877746582
4863,0.007514207158237696
4864,0.034673966467380524
4865,0.13324421644210815
4866,0.007619905285537243
4867,0.009742915630340576
4868,0.004319223575294018
4869,0.17742285132408142
4870,0.4219712018966675
4871,0.06921318918466568
4872,0.03980341553688049
4873,0.07134994864463806
4874,0.07797035574913025
4875,0.014543156139552593
4876,0.001532374881207943
4877,0.0012676421320065856
4878,0.001532374881207943
4879,0.8353098034858704
4880,0.017542801797389984
4881,0.021190769970417023
4882,0.10792139172554016
4883,0.07632362097501755
4884,0.040061887353658676
4885,0.5755857229232788
4886,0.007576857693493366
4887,0.0716824010014534
4888,0.040061887353658676
4889,0.013777335174381733
4890,0.7915093898773193
4891,0.0012210988206788898
4892,0.004257757682353258
4893,0.010051609016954899
4894,0.03771376982331276
4895,0.059530436992645264
4896,0.11124671995639801
4897,0.1403290331363678
4898,0.7426015138626099
4899,0.03635471686720848
4900,0.048787616193294525
4901,0.0017052702605724335
4902,0.6404058337211609
4903,0.05393195524811745
4904,0.020082106813788414
4905,0.035908475518226624
4906,0.042119160294532776
4907,0.0017114595975726843
4908,0.0010222182609140873
4909,0.00944086816161871
4910,0.019362881779670715
4911,0.0015729242004454136
4912,0.03956301510334015
4913,0.057546216994524
4914,0.005242958664894104
4915,0.0029894630424678326
4916,0.11220625787973404
4917,0.17736607789993286
4918,0.05261608585715294
4919,0.007577546406537294
4920,0.14669543504714966
4921,0.006861749570816755
4922,0.12363804876804352
4923,0.003033612621948123
4924,0.001515267533250153
4925,0.012909239158034325
4926,0.02282363548874855
4927,0.0033682368230074644
4928,0.9382450580596924
4929,0.05811816081404686
4930,0.0030842258129268885
4931,7.381245959550142e-4
4932,0.0026236374396830797
4933,0.0077715078368783
4934,0.058750804513692856
4935,0.004063864704221487
4936,0.005815229844301939
4937,0.001594322151504457
4938,0.0027250058483332396
4939,0.003588697174564004
4940,0.004063864704221487
4941,0.02204960770905018
4942,0.0024332290049642324
4943,0.00347335496917367
4944,0.0025833467952907085
4945,0.002099601086229086
4946,0.009952577762305737
4947,0.001437610131688416
4948,0.6096567511558533
4949,0.033470917493104935
4950,0.01922384463250637
4951,0.011817306280136108
4952,0.0799250528216362
4953,0.06266682595014572
4954,0.023637136444449425
4955,0.0028038572054356337
4956,0.026850037276744843
4957,7.269480265676975e-4
4958,0.02369106560945511
4959,0.007835166528820992
4960,0.1342599093914032
4961,0.012383667752146721
4962,0.007835166528820992
4963,0.023653309792280197
4964,0.026332488283514977
4965,0.12268251180648804
4966,0.053261782974004745
4967,0.024547133594751358
4968,0.004013850819319487
4969,0.059264980256557465
4970,0.03490634635090828
4971,0.9487971663475037
4972,0.04885947331786156
4973,0.11517290025949478
4974,0.8323736190795898
4975,0.012208799831569195
4976,0.010855548083782196
4977,0.6715431213378906
4978,0.03952321782708168
4979,0.035622142255306244
4980,0.06924139708280563
4981,0.06924139708280563
4982,0.23976993560791016
4983,0.06118638068437576
4984,0.06189947575330734
4985,0.018408846110105515
4986,0.029264302924275398
4987,0.02859163098037243
4988,0.0365886390209198
4989,0.006589927710592747
4990,0.005054942797869444
4991,0.026351798325777054
4992,0.5461091995239258
4993,0.005911281798034906
4994,0.014673504047095776
4995,0.0031609132420271635
4996,0.03924928233027458
4997,0.03460708260536194
4998,0.04654955118894577
4999,0.09078007191419601
5000,0.010034888051450253
5001,0.046924788504838943
5002,0.01033035572618246
5003,0.05795350670814514
5004,0.00637209415435791
5005,0.015120364725589752
5006,0.010034888051450253
5007,0.010394389741122723
5008,0.015049229376018047
5009,0.020956935361027718
5010,0.0015173092251643538
5011,0.005091147497296333
5012,0.029646672308444977
5013,0.03204035013914108
5014,0.03505885228514671
5015,0.007329981308430433
5016,0.002242760267108679
5017,0.02656552754342556
5018,0.003591221524402499
5019,0.6928096413612366
5020,0.007669383194297552
5021,0.009770091623067856
5022,0.017997857183218002
5023,0.017997857183218002
5024,0.04054674878716469
5025,0.09615437686443329
5026,0.01942284405231476
5027,0.032241858541965485
5028,0.024311622604727745
5029,0.005198015831410885
5030,0.04909178614616394
5031,0.014319393783807755
5032,0.08418974280357361
5033,0.2764427661895752
5034,0.022913053631782532
5035,0.02554035745561123
5036,0.0035396127495914698
5037,0.00600748136639595
5038,0.0038078119978308678
5039,0.00180987233761698
5040,0.04008854925632477
5041,0.0802810862660408
5042,0.8055340051651001
5043,6.510342936962843e-4
5044,0.003614580724388361
5045,0.0027021782007068396
5046,0.0028251546900719404
5047,0.0056745498441159725
5048,8.766973041929305e-4
5049,8.766973041929305e-4
5050,0.01875784434378147
5051,0.002688412554562092
5052,0.006747750099748373
5053,0.006382742431014776
5054,0.02727632410824299
5055,0.0508636012673378
5056,0.0021142412442713976
5057,0.03658227249979973
5058,0.009000076912343502
5059,0.016352204605937004
5060,0.012020374648272991
5061,0.02283807285130024
5062,5.573722301051021e-4
5063,2.9904357506893575e-4
5064,0.05584977939724922
5065,0.05500735715031624
5066,0.04912985488772392
5067,0.11141341924667358
5068,0.043679866939783096
5069,0.13003875315189362
5070,0.023763606324791908
5071,0.052864328026771545
5072,0.004703796003013849
5073,0.002624916611239314
5074,0.002624916611239314
5075,0.001015567104332149
5076,0.003298107534646988
5077,0.0022396668791770935
5078,0.021059921011328697
5079,0.0030326033011078835
5080,0.003298107534646988
5081,0.0022396668791770935
5082,0.009634052403271198
5083,0.018384113907814026
5084,0.058324847370386124
5085,0.0063178748823702335
5086,0.020082026720046997
5087,0.011651637963950634
5088,0.09972172975540161
5089,0.01696232333779335
5090,0.004435249604284763
5091,0.13463333249092102
5092,0.004404140170663595
5093,7.046433165669441e-4
5094,0.012968713417649269
5095,0.6096673011779785
5096,0.08223319053649902
5097,0.6541872620582581
5098,0.0015516948187723756
5099,0.011367092840373516
5100,0.006604036781936884
5101,0.0965891033411026
5102,0.0018579023890197277
5103,0.014743201434612274
5104,0.0018579023890197277
5105,0.0017968921456485987
5106,0.10114433616399765
5107,0.009535960853099823
5108,0.01865171454846859
5109,0.012506654486060143
5110,0.043883465230464935
5111,0.030106650665402412
5112,0.002050083829089999
5113,0.0018579023890197277
5114,0.0018579023890197277
5115,0.012506654486060143
5116,0.00787672121077776
5117,0.0033255573362112045
5118,0.014075659215450287
5119,0.6517933011054993
5120,0.052317459136247635
5121,0.01856071688234806
5122,0.029871730133891106
5123,0.027339177206158638
5124,0.0010532235028222203
5125,0.018967026844620705
5126,0.025890806689858437
5127,0.03162436559796333
5128,0.005914648063480854
5129,0.006184842903167009
5130,0.02917451038956642
5131,0.016799582168459892
5132,0.027286510914564133
5133,0.003685768460854888
5134,0.0036507381591945887
5135,0.026317361742258072
5136,0.005891961976885796
5137,0.003685768460854888
5138,0.05348938703536987
5139,0.0034352182410657406
5140,0.0049776360392570496
5141,0.005464465357363224
5142,0.019889188930392265
5143,0.016087831929326057
5144,0.015133528038859367
5145,0.0013294036034494638
5146,0.09198863804340363
5147,0.031181586906313896
5148,0.031181586906313896
5149,0.020297912880778313
5150,0.006215319503098726
5151,0.014507737942039967
5152,0.013143005780875683
5153,0.0036507381591945887
5154,0.04708632826805115
5155,0.010388780385255814
5156,0.03775897994637489
5157,0.0023348939139395952
5158,0.01256356481462717
5159,0.04080992937088013
5160,0.07619669288396835
5161,0.06791117787361145
5162,0.0626775324344635
5163,0.0036015575751662254
5164,0.10592494159936905
5165,0.031429246068000793
5166,0.031429246068000793
5167,0.029033638536930084
5168,0.0034658254589885473
5169,0.04621690884232521
5170,0.024989396333694458
5171,0.06189367175102234
5172,0.02471928671002388
5173,0.004555287770926952
5174,0.022373154759407043
5175,0.020223034545779228
5176,0.049822207540273666
5177,0.015955109149217606
5178,0.1862754374742508
5179,0.005303843878209591
5180,0.0018424908630549908
5181,0.022670859470963478
5182,0.007793522905558348
5183,0.020171696320176125
5184,0.008588196709752083
5185,0.005751198157668114
5186,0.0058114430867135525
5187,0.002287506125867367
5188,0.002287506125867367
5189,0.003323847660794854
5190,0.004952481482177973
5191,0.022548357024788857
5192,0.015779368579387665
5193,0.004513020161539316
5194,0.004651275929063559
5195,0.024756358936429024
5196,0.00479286490008235
5197,0.0034909520763903856
5198,0.08315754681825638
5199,0.011049418710172176
5200,0.006925199180841446
5201,0.01192320417612791
5202,0.0016438381280750036
5203,0.041362959891557693
5204,0.04246976599097252
5205,0.002681944752112031
5206,0.002681944752112031
5207,0.01475079357624054
5208,0.0017933199414983392
5209,0.007608033251017332
5210,0.007608033251017332
5211,0.007608033251017332
5212,0.004020707681775093
5213,0.09592844545841217
5214,0.04317651689052582
5215,0.005073988810181618
5216,0.001709502306766808
5217,0.0050107622519135475
5218,0.001709502306766808
5219,0.009955985471606255
5220,0.03958776593208313
5221,0.01427996065467596
5222,0.023708149790763855
5223,0.00328974612057209
5224,0.00328974612057209
5225,0.07552958279848099
5226,0.0015205149538815022
5227,0.002962907776236534
5228,0.019003840163350105
5229,0.005411006975919008
5230,0.007341777440160513
5231,0.007341777440160513
5232,0.007683494593948126
5233,0.005902509670704603
5234,0.042625073343515396
5235,0.017442941665649414
5236,0.8382652997970581
5237,0.01230384036898613
5238,0.005458684638142586
5239,0.01061805710196495
5240,0.008190593682229519
5241,0.047153275460004807
5242,0.007325791288167238
5243,0.015949172899127007
5244,0.02009705640375614
5245,0.037796903401613235
5246,0.015371727757155895
5247,0.0031973228324204683
5248,0.008388342335820198
5249,0.015811333432793617
5250,0.015811333432793617
5251,0.036810994148254395
5252,0.051844410598278046
5253,0.0031973228324204683
5254,0.29557323455810547
5255,0.05381287261843681
5256,0.3206423223018646
5257,0.015681538730859756
5258,0.05712827295064926
5259,0.09169580787420273
5260,0.015533647499978542
5261,0.015533647499978542
5262,0.014499898999929428
5263,0.015533647499978542
5264,0.015533647499978542
5265,0.004067805130034685
5266,0.10020331293344498
5267,0.03770706430077553
5268,0.0203285813331604
5269,0.004067805130034685
5270,0.6316074132919312
5271,0.0016372317913919687
5272,0.09189612418413162
5273,0.004103071056306362
5274,0.01687498763203621
5275,0.01114305667579174
5276,0.013500530272722244
5277,0.003967465367168188
5278,0.01454440038651228
5279,0.04261193796992302
5280,0.02069356106221676
5281,0.02188074216246605
5282,0.03476112708449364
5283,0.002468276536092162
5284,0.0011118969414383173
5285,0.02882903255522251
5286,0.07450199872255325
5287,0.008848479948937893
5288,0.06515906751155853
5289,0.3038170635700226
5290,0.011283684521913528
5291,0.001326117548160255
5292,1.9612729374784976e-4
5293,0.009125490672886372
5294,0.00879290048032999
5295,0.03563102334737778
5296,0.00345298508182168
5297,0.02862204983830452
5298,0.012945077382028103
5299,0.012882804498076439
5300,0.0033805908169597387
5301,0.007545766420662403
5302,0.092461958527565
5303,0.002128161722794175
5304,0.003152362070977688
5305,0.027127312496304512
5306,0.02117341384291649
5307,0.0020497406367212534
5308,0.0020497406367212534
5309,0.0067028505727648735
5310,0.039108097553253174
5311,0.015480649657547474
5312,0.0742890015244484
5313,0.09220202267169952
5314,0.014977678656578064
5315,0.03066973388195038
5316,0.008933031000196934
5317,0.024476580321788788
5318,0.0025418605655431747
5319,0.004342648200690746
5320,0.004451288376003504
5321,0.007955530658364296
5322,0.7310268878936768
5323,0.01634376123547554
5324,0.0272363293915987
5325,0.015468279831111431
5326,0.042404234409332275
5327,0.004642319865524769
5328,0.016741948202252388
5329,0.03640065714716911
5330,0.04295485466718674
5331,0.02080642804503441
5332,0.015480549074709415
5333,0.012711560353636742
5334,0.0812048390507698
5335,0.013536319136619568
5336,0.011879515834152699
5337,0.009431147947907448
5338,0.6038983464241028
5339,0.13509951531887054
5340,0.023697737604379654
5341,0.010417276062071323
5342,0.010417276062071323
5343,0.07366423308849335
5344,0.012973079457879066
5345,0.04695649817585945
5346,0.009169548749923706
5347,0.047566935420036316
5348,0.10206108540296555
5349,0.017236784100532532
5350,0.008730395697057247
5351,0.03380516171455383
5352,0.028723083436489105
5353,0.029122421517968178
5354,0.05354989320039749
5355,0.008304818533360958
5356,0.00689674774184823
5357,0.01820164918899536
5358,0.0405733585357666
5359,0.01587713696062565
5360,0.0180499330163002
5361,0.028590288013219833
5362,0.04264642298221588
5363,0.00904774572700262
5364,0.005208191927522421
5365,0.02689916454255581
5366,0.00838812068104744
5367,0.05791328847408295
5368,0.01731879822909832
5369,0.005064924713224173
5370,0.018248599022626877
5371,0.008139382116496563
5372,0.05153433978557587
5373,0.0433935709297657
5374,0.005632545333355665
5375,0.07087122648954391
5376,0.11092796921730042
5377,0.11515103280544281
5378,0.007588562089949846
5379,0.020058494061231613
5380,0.02087046205997467
5381,0.09510280191898346
5382,0.16305594146251678
5383,0.35889631509780884
5384,0.03592614457011223
5385,0.031130637973546982
5386,0.1607636958360672
5387,0.04258376732468605
5388,0.26179102063179016
5389,0.05127929896116257
5390,0.01172653865069151
5391,0.03511896729469299
5392,0.01090943068265915
5393,0.6175652146339417
5394,0.7207101583480835
5395,0.022024426609277725
5396,0.08435483276844025
5397,0.026027249172329903
5398,0.32987239956855774
5399,0.0587344691157341
5400,0.08466462790966034
5401,0.007390785496681929
5402,0.04115065932273865
5403,0.031187808141112328
5404,0.012182237580418587
5405,0.03943781554698944
5406,0.005568693857640028
5407,0.04488082975149155
5408,0.00874048750847578
5409,0.010337202809751034
5410,0.12473202496767044
5411,0.0030075127724558115
5412,0.13190597295761108
5413,0.008619303815066814
5414,0.06263002753257751
5415,0.010677525773644447
5416,0.0034935607109218836
5417,0.03171698376536369
5418,0.0991993099451065
5419,0.02418629266321659
5420,0.006583032663911581
5421,0.006583032663911581
5422,0.09678450226783752
5423,0.8491009473800659
5424,0.18995782732963562
5425,0.18794813752174377
5426,0.0588807538151741
5427,0.0588807538151741
5428,0.28452304005622864
5429,0.021034494042396545
5430,0.8598490953445435
5431,0.08988884091377258
5432,0.08442171663045883
5433,0.011341523379087448
5434,0.011450037360191345
5435,0.011341523379087448
5436,0.03199382498860359
5437,0.031011082231998444
5438,0.01579505391418934
5439,0.0572209507226944
5440,0.8110092878341675
5441,0.8498877286911011
5442,0.3603430986404419
5443,0.06461451202630997
5444,0.017568526789546013
5445,0.1995730996131897
5446,0.003840120742097497
5447,0.012858510948717594
5448,0.023549869656562805
5449,0.09245377779006958
5450,0.026554031297564507
5451,0.006184127647429705
5452,0.005012678448110819
5453,0.011239075101912022
5454,0.0103945666924119
5455,0.026492932811379433
5456,0.019803486764431
5457,0.03634195029735565
5458,0.03829241916537285
5459,0.03196163848042488
5460,0.02969668060541153
5461,0.03990408033132553
5462,0.006745679769665003
5463,0.005311069078743458
5464,0.038868263363838196
5465,0.031517233699560165
5466,0.4148217737674713
5467,0.0018728194991126657
5468,0.005527775269001722
5469,0.006538796704262495
5470,0.03654272109270096
5471,0.005237442906945944
5472,0.004538311157375574
5473,0.11258892714977264
5474,0.5259187817573547
5475,0.009408059529960155
5476,0.008257524110376835
5477,0.015982015058398247
5478,0.08055250346660614
5479,0.009374886751174927
5480,0.00940342154353857
5481,0.0020006007980555296
5482,0.0014082788256928325
5483,0.4614957273006439
5484,0.011101997457444668
5485,0.02892441861331463
5486,0.011652857065200806
5487,0.137598916888237
5488,0.005463006906211376
5489,0.024949990212917328
5490,0.028683746233582497
5491,0.011739260517060757
5492,0.014220754615962505
5493,0.03132833167910576
5494,0.01346962433308363
5495,0.01512762252241373
5496,0.00705861346796155
5497,0.013081220909953117
5498,0.023910459131002426
5499,0.0682186707854271
5500,0.010629603639245033
5501,0.02057114988565445
5502,0.022289592772722244
5503,0.03876030817627907
5504,0.008619658648967743
5505,0.017573582008481026
5506,0.0024050050415098667
5507,0.0025495747104287148
5508,0.024123849347233772
5509,0.030685095116496086
5510,0.0075484877452254295
5511,0.029677843675017357
5512,0.021183427423238754
5513,0.25994637608528137
5514,0.03560370206832886
5515,0.0913587436079979
5516,0.01831037737429142
5517,0.03687146306037903
5518,0.41619226336479187
5519,0.014664591290056705
5520,0.07847840338945389
5521,0.008230888284742832
5522,0.032762560993433
5523,0.007649079896509647
5524,0.0204410869628191
5525,0.029147611930966377
5526,0.012659369967877865
5527,0.011277323588728905
5528,0.01434001512825489
5529,0.020924096927046776
5530,0.024479569867253304
5531,0.04530804976820946
5532,0.004131512716412544
5533,0.8422001004219055
5534,0.10522166639566422
5535,0.005325449630618095
5536,0.0033791165333241224
5537,0.0030710354913026094
5538,0.01499058585613966
5539,0.006139497738331556
5540,0.013540081679821014
5541,0.006890192162245512
5542,0.00927153043448925
5543,0.27994823455810547
5544,0.010215290822088718
5545,0.03526565432548523
5546,0.04102633520960808
5547,0.02782003954052925
5548,0.003406644333153963
5549,8.311530691571534e-4
5550,0.34614765644073486
5551,0.022319557145237923
5552,0.012007351033389568
5553,0.6457234025001526
5554,0.01134027261286974
5555,5.900624673813581e-4
5556,0.0056805904023349285
5557,0.0012943235924467444
5558,0.004537783097475767
5559,0.009838338941335678
5560,0.011128081940114498
5561,0.006808440666645765
5562,9.713678737170994e-4
5563,5.900624673813581e-4
5564,0.027338694781064987
5565,0.04241759702563286
5566,0.018729083240032196
5567,0.003406644333153963
5568,0.2921280264854431
5569,0.003536239033564925
5570,4.062763473484665e-4
5571,0.02579360269010067
5572,0.022458037361502647
5573,0.03444894030690193
5574,0.06664923578500748
5575,0.007785205263644457
5576,0.07189086824655533
5577,0.0053581297397613525
5578,0.020678626373410225
5579,0.004372768569737673
5580,0.0035694779362529516
5581,0.0010247124591842294
5582,0.005836050026118755
5583,0.003870756831020117
5584,0.0053634331561625
5585,0.023395510390400887
5586,0.001876356080174446
5587,0.06712515652179718
5588,0.09346066415309906
5589,0.018757831305265427
5590,0.006443253252655268
5591,0.12220749258995056
5592,0.11735031753778458
5593,0.008739098906517029
5594,0.10776194930076599
5595,0.035956256091594696
5596,0.04957803338766098
5597,0.019135771319270134
5598,0.045214615762233734
5599,0.013781215995550156
5600,0.024812890216708183
5601,0.007759886793792248
5602,0.04109625518321991
5603,0.001992813078686595
5604,0.013851449824869633
5605,0.015360062010586262
5606,0.017232172191143036
5607,0.02595488540828228
5608,0.009414469823241234
5609,0.016047267243266106
5610,0.01870592311024666
5611,0.022523246705532074
5612,0.016406480222940445
5613,0.022373612970113754
5614,0.007026974111795425
5615,0.007118456065654755
5616,0.003147259820252657
5617,0.007118456065654755
5618,0.00516441510990262
5619,0.2636207640171051
5620,0.005766325630247593
5621,0.011097411625087261
5622,0.09578535705804825
5623,0.003595891175791621
5624,0.02143949642777443
5625,0.010053260251879692
5626,0.010641907341778278
5627,0.006188181694597006
5628,0.004097537137567997
5629,0.03201869875192642
5630,0.0027780516538769007
5631,0.019378457218408585
5632,0.19567668437957764
5633,0.02628934010863304
5634,0.030213357880711555
5635,0.005969024728983641
5636,0.036612726747989655
5637,0.008510594256222248
5638,0.008090480230748653
5639,0.006095435470342636
5640,0.01832122728228569
5641,0.002024628920480609
5642,0.011227344162762165
5643,0.034920189529657364
5644,0.009469088166952133
5645,0.04179428890347481
5646,0.0016173342010006309
5647,0.02063055709004402
5648,0.866344153881073
5649,0.033853303641080856
5650,0.016563627868890762
5651,0.18180374801158905
5652,0.017132451757788658
5653,0.0023940405808389187
5654,0.003297895658761263
5655,0.018876420333981514
5656,0.15212179720401764
5657,0.008861181326210499
5658,0.00698908930644393
5659,0.09946152567863464
5660,0.001888458151370287
5661,0.012858965434134007
5662,0.020991206169128418
5663,0.10673718899488449
5664,0.011058134026825428
5665,0.04190156236290932
5666,0.006054583005607128
5667,0.010623924434185028
5668,0.010657040402293205
5669,0.0492248497903347
5670,0.006543557159602642
5671,0.029296686872839928
5672,0.00210479274392128
5673,0.0124370027333498
5674,0.00726919574663043
5675,0.00473761884495616
5676,0.014674248173832893
5677,0.010862277820706367
5678,0.003969659563153982
5679,8.93539225216955e-4
5680,0.003306309226900339
5681,0.10102780908346176
5682,0.1793101578950882
5683,0.03377975523471832
5684,0.018140558153390884
5685,0.0020203085150569677
5686,0.005004404578357935
5687,0.0020203085150569677
5688,0.030054476112127304
5689,0.00890630204230547
5690,0.021075379103422165
5691,0.10570469498634338
5692,7.84571748226881e-4
5693,0.022984115406870842
5694,0.09836128354072571
5695,0.0228208489716053
5696,0.10687975585460663
5697,0.00975041277706623
5698,0.007335882168263197
5699,0.017068510875105858
5700,0.005980879999697208
5701,0.0012785614235326648
5702,0.0037114026490598917
5703,0.008436519652605057
5704,0.04353843629360199
5705,0.020872771739959717
5706,0.3165043890476227
5707,0.008537624031305313
5708,0.00808938592672348
5709,0.029122235253453255
5710,0.011096987873315811
5711,0.011096987873315811
5712,0.003562911879271269
5713,0.0063694315031170845
5714,0.003562911879271269
5715,0.011096987873315811
5716,0.48168593645095825
5717,0.003562911879271269
5718,0.011096987873315811
5719,0.011096987873315811
5720,0.011226042173802853
5721,0.04159913584589958
5722,0.03973262012004852
5723,0.8577373623847961
5724,0.0065582129172980785
5725,0.003046909114345908
5726,0.039781250059604645
5727,0.003046909114345908
5728,0.01997770182788372
5729,0.20278799533843994
5730,0.034418873488903046
5731,0.003046909114345908
5732,0.003046909114345908
5733,0.02941986173391342
5734,0.021663952618837357
5735,0.0049256253987550735
5736,0.031029993668198586
5737,0.19337522983551025
5738,0.03612132743000984
5739,0.015635529533028603
5740,0.034650638699531555
5741,0.0134717533364892
5742,0.015681583434343338
5743,0.052674055099487305
5744,0.001115292077884078
5745,0.02634393237531185
5746,0.003441360080614686
5747,0.0012711690505966544
5748,0.0011820850195363164
5749,0.0028219660744071007
5750,0.0028219660744071007
5751,0.0028219660744071007
5752,0.0028219660744071007
5753,0.0028219660744071007
5754,0.0052968477830290794
5755,0.005666804034262896
5756,0.014046155847609043
5757,0.005241028964519501
5758,0.04876769334077835
5759,0.05547873303294182
5760,0.05607231333851814
5761,0.001648334669880569
5762,0.021050868555903435
5763,0.02681984379887581
5764,0.015490800142288208
5765,0.266132652759552
5766,0.02585107833147049
5767,0.0029836571775376797
5768,0.025666823610663414
5769,0.0167995672672987
5770,0.6451873183250427
5771,0.0033658607862889767
5772,0.004197988193482161
5773,0.002470952458679676
5774,0.002825807547196746
5775,0.002406069543212652
5776,0.0018405241426080465
5777,0.04309606924653053
5778,0.021050868555903435
5779,0.9725131988525391
5780,0.010164085775613785
5781,0.021050868555903435
5782,0.004111071117222309
5783,0.013499013148248196
5784,0.3644620180130005
5785,0.11960355937480927
5786,0.9012656807899475
5787,0.005506118759512901
5788,0.013883361592888832
5789,0.008127553388476372
5790,0.014787068590521812
5791,0.023769205436110497
5792,0.004032171331346035
5793,0.0012922881869599223
5794,0.05984361469745636
5795,0.006090803537517786
5796,0.025866128504276276
5797,0.02782636508345604
5798,0.015597148798406124
5799,0.03458797559142113
5800,0.003590005449950695
5801,0.0030965469777584076
5802,0.001617959700524807
5803,0.01054132916033268
5804,0.053462136536836624
5805,0.026396453380584717
5806,4.032097349409014e-4
5807,0.0015812779311090708
5808,0.002275151666253805
5809,0.006445170380175114
5810,0.018679536879062653
5811,0.026594113558530807
5812,0.006780088879168034
5813,0.015857500955462456
5814,0.0029545268043875694
5815,0.007899870164692402
5816,0.0125344879925251
5817,0.011502676643431187
5818,0.004160813055932522
5819,0.0328860804438591
5820,0.9082911014556885
5821,0.0475555919110775
5822,0.00174975604750216
5823,0.00174975604750216
5824,0.020851217210292816
5825,0.054186999797821045
5826,0.7755576372146606
5827,0.015343698672950268
5828,0.023126592859625816
5829,0.025513632223010063
5830,0.005165929440408945
5831,0.0203532837331295
5832,0.0318080298602581
5833,0.01306869275867939
5834,0.01921928860247135
5835,0.005262861493974924
5836,0.004502165596932173
5837,0.019819719716906548
5838,0.018606022000312805
5839,0.00564257986843586
5840,0.01359825860708952
5841,0.006201245356351137
5842,0.9316321611404419
5843,0.01504414714872837
5844,0.04206829518079758
5845,0.2117619812488556
5846,0.003403464797884226
5847,0.0057195983827114105
5848,0.001667490229010582
5849,0.003403464797884226
5850,0.0022644514683634043
5851,0.02461862936615944
5852,0.005724989343434572
5853,0.018162887543439865
5854,0.03588806092739105
5855,0.007366958539932966
5856,0.04852448031306267
5857,0.9328551888465881
5858,4.8582616727799177e-4
5859,0.006894259247928858
5860,0.0023849778808653355
5861,0.013371236622333527
5862,0.004155290778726339
5863,0.011175353080034256
5864,0.02133200876414776
5865,0.006461328361183405
5866,0.02513202652335167
5867,0.005778315011411905
5868,0.9156336784362793
5869,0.9156336784362793
5870,0.0038334960117936134
5871,0.0021142030600458384
5872,0.024150220677256584
5873,0.018082361668348312
5874,0.06889224797487259
5875,0.019660113379359245
5876,0.00858557503670454
5877,0.002158815274015069
5878,0.02191791497170925
5879,0.8807839751243591
5880,0.08654063194990158
5881,0.03715990483760834
5882,0.0907643511891365
5883,0.3074444532394409
5884,0.06151202321052551
5885,0.0376136489212513
5886,0.016346421092748642
5887,0.0444626621901989
5888,0.010676554404199123
5889,0.014613390900194645
5890,0.01966400071978569
5891,0.004641075152903795
5892,0.02784442901611328
5893,0.02784442901611328
5894,0.019286636263132095
5895,0.013228852301836014
5896,0.004151864442974329
5897,0.08282725512981415
5898,0.5214228630065918
5899,0.022550079971551895
5900,0.008935454301536083
5901,0.25084352493286133
5902,0.006124449893832207
5903,0.025315910577774048
5904,0.04553958773612976
5905,0.04751139506697655
5906,0.7375609278678894
5907,0.0014812590088695288
5908,0.010346113704144955
5909,0.0294589102268219
5910,0.08463387191295624
5911,0.00503844628110528
5912,0.006283917464315891
5913,0.04276847839355469
5914,0.01689510978758335
5915,0.010506387799978256
5916,0.004583622328937054
5917,0.010688562877476215
5918,0.007013040594756603
5919,0.006420216988772154
5920,0.04022464156150818
5921,0.6947121620178223
5922,0.059975944459438324
5923,0.8894166946411133
5924,0.07502996921539307
5925,0.01114035677164793
5926,0.0022126829717308283
5927,0.02947615459561348
5928,0.28264862298965454
5929,0.037822820246219635
5930,0.008750809356570244
5931,0.06865426898002625
5932,0.01936768740415573
5933,0.21170873939990997
5934,0.5105485916137695
5935,0.03478178754448891
5936,0.46389609575271606
5937,0.07006031274795532
5938,0.08507893979549408
5939,0.08507893979549408
5940,0.48461002111434937
5941,0.08507893979549408
5942,0.08507893979549408
5943,0.23490706086158752
5944,0.09499119967222214
5945,0.20175617933273315
5946,0.21820642054080963
5947,0.08507893979549408
5948,0.06996751576662064
5949,0.34527474641799927
5950,0.09321562200784683
5951,0.03174694627523422
5952,0.8075482845306396
5953,0.0196558628231287
5954,0.024843137711286545
5955,0.024843137711286545
5956,0.04488462209701538
5957,0.0077809481881558895
5958,0.004647613037377596
5959,0.005001888144761324
5960,0.1819431632757187
5961,0.10720686614513397
5962,0.0677020251750946
5963,0.04254724457859993
5964,0.012786257080733776
5965,0.14346513152122498
5966,0.1112528145313263
5967,0.07471202313899994
5968,0.08314742147922516
5969,0.09713022410869598
5970,0.08536572009325027
5971,0.014192840084433556
5972,0.04267685115337372
5973,0.013015141710639
5974,0.9481540322303772
5975,0.009244452230632305
5976,0.070196732878685
5977,0.04059866443276405
5978,0.02786383591592312
5979,0.0037251615431159735
5980,0.0023264128249138594
5981,0.0017641959711909294
5982,0.005300728138536215
5983,0.01817014254629612
5984,0.020469801500439644
5985,0.01571628823876381
5986,0.26203328371047974
5987,0.95965176820755
5988,0.022764818742871284
5989,0.013988806866109371
5990,0.0211473498493433
5991,0.0254405215382576
5992,0.02736128866672516
5993,9.502745233476162e-4
5994,0.007923414930701256
5995,0.019512053579092026
5996,0.053943317383527756
5997,0.01945221796631813
5998,0.006548108533024788
5999,0.05968865379691124
6000,0.004952072631567717
6001,0.004952072631567717
6002,0.0015831354539841413
6003,0.004638548940420151
6004,0.03616156801581383
6005,0.620884358882904
6006,0.07021155953407288
6007,0.513525128364563
6008,0.010202773846685886
6009,0.04136912524700165
6010,0.5811806321144104
6011,0.004715675953775644
6012,0.002651882590726018
6013,3.585407102946192e-4
6014,0.032146576792001724
6015,0.020809464156627655
6016,0.00878086406737566
6017,0.027148349210619926
6018,0.02130921371281147
6019,0.9203915596008301
6020,0.08878965675830841
6021,0.010334329679608345
6022,0.013021132908761501
6023,0.08516569435596466
6024,0.025178128853440285
6025,0.04424712061882019
6026,0.01992977224290371
6027,0.004525571595877409
6028,0.012466266751289368
6029,0.017991643399000168
6030,0.015679845586419106
6031,0.010334329679608345
6032,0.019757306203246117
6033,0.009911049157381058
6034,0.19966380298137665
6035,0.020696653053164482
6036,0.010473937727510929
6037,0.009944542311131954
6038,0.04407509043812752
6039,0.024109169840812683
6040,0.007679674308747053
6041,0.7694040536880493
6042,0.020338252186775208
6043,0.008250950835645199
6044,0.0020321558695286512
6045,0.020775631070137024
6046,0.001690965029411018
6047,0.0164606012403965
6048,0.032345324754714966
6049,0.0034523685462772846
6050,0.013884100131690502
6051,0.01721738465130329
6052,0.0022125914692878723
6053,0.008688272908329964
6054,0.00873530749231577
6055,0.0015280538937076926
6056,0.0011810889700427651
6057,0.0022488718386739492
6058,0.006501958705484867
6059,0.022097986191511154
6060,0.00931879598647356
6061,0.021318823099136353
6062,0.006085959263145924
6063,0.11720237135887146
6064,0.0022614100016653538
6065,0.0033010838087648153
6066,0.01125418208539486
6067,0.02025902085006237
6068,0.010744793340563774
6069,0.010744793340563774
6070,0.04883938655257225
6071,0.03888370841741562
6072,0.031348440796136856
6073,0.01282687671482563
6074,0.04520195722579956
6075,0.05302675440907478
6076,0.007233147043734789
6077,0.0249263197183609
6078,0.00630801310762763
6079,0.01553976722061634
6080,0.0249263197183609
6081,0.0011285588843747973
6082,0.010464319959282875
6083,0.00807845126837492
6084,0.28219494223594666
6085,0.025644958019256592
6086,0.018838871270418167
6087,0.011476579122245312
6088,0.011476579122245312
6089,0.0037304440047591925
6090,0.0037304440047591925
6091,0.0037304440047591925
6092,0.0037304440047591925
6093,0.0037304440047591925
6094,6.193116423673928e-4
6095,0.0037304440047591925
6096,0.020809464156627655
6097,0.013803871348500252
6098,0.028285693377256393
6099,0.015521395020186901
6100,0.02010401152074337
6101,0.014296595007181168
6102,0.02825254760682583
6103,0.00637053931131959
6104,0.02416445128619671
6105,0.019701212644577026
6106,0.020633695647120476
6107,0.02832118421792984
6108,0.013005050830543041
6109,0.016815049573779106
6110,0.01157108973711729
6111,0.0246458500623703
6112,0.050269242376089096
6113,0.0048138536512851715
6114,0.0016908386023715138
6115,0.115818090736866
6116,0.02030758187174797
6117,0.007558034732937813
6118,0.012799318879842758
6119,0.018486475571990013
6120,0.0051370225846767426
6121,0.004105892963707447
6122,0.054225895553827286
6123,0.009158642962574959
6124,0.009158642962574959
6125,0.0022684624418616295
6126,0.002909410512074828
6127,0.020205477252602577
6128,0.002712559187784791
6129,0.021429574117064476
6130,0.0070906952023506165
6131,0.0023466742131859064
6132,0.003341914154589176
6133,0.0033394326455891132
6134,0.0033394326455891132
6135,0.003102020127698779
6136,0.0019362919265404344
6137,0.0023466742131859064
6138,0.06207511946558952
6139,0.0023466742131859064
6140,0.0019362919265404344
6141,0.002352695446461439
6142,0.0019362919265404344
6143,0.0019362919265404344
6144,0.0023466742131859064
6145,0.0023466742131859064
6146,0.0023466742131859064
6147,0.0023466742131859064
6148,0.0015261387452483177
6149,0.0019362919265404344
6150,0.0023466742131859064
6151,0.00645665917545557
6152,0.0019362919265404344
6153,0.0019362919265404344
6154,0.004023815970867872
6155,0.0032061554957181215
6156,0.0023466742131859064
6157,0.0019362919265404344
6158,0.0019362919265404344
6159,0.004613209515810013
6160,0.0023466742131859064
6161,0.005775236524641514
6162,0.009499114006757736
6163,0.001147849252447486
6164,0.026783347129821777
6165,0.006752100773155689
6166,0.02670307457447052
6167,0.044105175882577896
6168,0.020288612693548203
6169,0.008426433429121971
6170,0.013213032856583595
6171,0.003063083393499255
6172,0.003063083393499255
6173,0.005046333186328411
6174,0.004205511417239904
6175,0.0015270378207787871
6176,0.014926073141396046
6177,0.023850562050938606
6178,0.008464795537292957
6179,0.008791649714112282
6180,0.009244535118341446
6181,0.023061923682689667
6182,0.010105486959218979
6183,0.009883737191557884
6184,0.8715788125991821
6185,0.8280338644981384
6186,0.010726653039455414
6187,0.002413859125226736
6188,0.012639924883842468
6189,0.027097001671791077
6190,0.21761998534202576
6191,0.008090293034911156
6192,0.02040889672935009
6193,0.06942343711853027
6194,0.07294099032878876
6195,0.014848819933831692
6196,0.7811310291290283
6197,0.001437208498828113
6198,0.011780801229178905
6199,0.0586572103202343
6200,0.03627759590744972
6201,0.0014937764499336481
6202,0.03581246733665466
6203,8.063736604526639e-4
6204,0.03557707369327545
6205,0.010753489099442959
6206,0.0030373919289559126
6207,0.001692219520919025
6208,1.7446545825805515e-4
6209,0.005807562731206417
6210,0.009595947340130806
6211,8.834022446535528e-4
6212,0.007233147043734789
6213,0.006769958883523941
6214,0.008426433429121971
6215,0.013899588026106358
6216,0.012282319366931915
6217,0.0056001655757427216
6218,0.0016732566291466355
6219,0.07265185564756393
6220,0.004993283189833164
6221,0.026862261816859245
6222,0.018490074202418327
6223,0.004402300342917442
6224,0.009244535118341446
6225,0.0023592812940478325
6226,0.02686621993780136
6227,0.009227169677615166
6228,0.10050182789564133
6229,0.022908736020326614
6230,0.024178937077522278
6231,0.001388161676004529
6232,0.006539184600114822
6233,0.014256970956921577
6234,0.05357028543949127
6235,0.08991660177707672
6236,0.03952284902334213
6237,0.0024614213034510612
6238,0.004570461343973875
6239,0.012177366763353348
6240,0.005511848255991936
6241,0.06702324002981186
6242,0.010734944604337215
6243,0.03879030793905258
6244,0.03879030793905258
6245,0.015834612771868706
6246,0.010734944604337215
6247,0.015793941915035248
6248,0.035588331520557404
6249,0.006052075419574976
6250,0.005366326775401831
6251,0.003795003518462181
6252,0.022367605939507484
6253,0.02775777131319046
6254,0.002089626155793667
6255,0.05561063438653946
6256,0.03950222581624985
6257,0.003519580001011491
6258,0.018816035240888596
6259,0.009614954702556133
6260,0.005074412561953068
6261,0.017460718750953674
6262,0.017460718750953674
6263,0.017460718750953674
6264,0.01783992163836956
6265,0.7380052804946899
6266,0.004593102727085352
6267,0.017460718750953674
6268,0.017460718750953674
6269,0.017460718750953674
6270,0.01644277013838291
6271,0.26855140924453735
6272,0.002282568486407399
6273,0.019551295787096024
6274,0.020540624856948853
6275,0.002949132351204753
6276,0.005515636410564184
6277,0.9154680967330933
6278,0.004387742839753628
6279,2.940998529084027e-4
6280,0.07759447395801544
6281,0.005082457326352596
6282,0.009928583167493343
6283,0.009301744401454926
6284,0.0022838101722300053
6285,0.00807125587016344
6286,0.009171823970973492
6287,0.0010338519932702184
6288,2.816103515215218e-4
6289,0.02223159372806549
6290,0.012743135914206505
6291,0.0011381837539374828
6292,0.0013514503370970488
6293,0.009171165525913239
6294,0.0037370212376117706
6295,0.0236000195145607
6296,0.1299705058336258
6297,0.0042985305190086365
6298,0.004907277412712574
6299,0.001960963476449251
6300,0.013167450204491615
6301,0.004013844765722752
6302,0.012478718534111977
6303,0.004013844765722752
6304,0.025910643860697746
6305,0.056445762515068054
6306,0.003188059665262699
6307,0.080658920109272
6308,0.003188059665262699
6309,0.011340389959514141
6310,0.03459378704428673
6311,0.09720700234174728
6312,0.010629990138113499
6313,0.012890622951090336
6314,0.020581426098942757
6315,0.0025033215060830116
6316,0.0022464017383754253
6317,0.03489063307642937
6318,0.014831864275038242
6319,0.9314715266227722
6320,0.9218320250511169
6321,0.033711157739162445
6322,0.006786363665014505
6323,0.011484609916806221
6324,0.025408072397112846
6325,0.008227206766605377
6326,0.007524110842496157
6327,0.007524110842496157
6328,0.007524110842496157
6329,0.007524110842496157
6330,0.05159679055213928
6331,0.007524110842496157
6332,0.011758195236325264
6333,0.0358092300593853
6334,0.025897793471813202
6335,0.011533927172422409
6336,0.03566177189350128
6337,0.0032013359013944864
6338,0.00434605497866869
6339,0.023512260988354683
6340,0.03672419860959053
6341,0.0213563721626997
6342,0.0015039150603115559
6343,0.005894387140870094
6344,0.0035801497288048267
6345,0.008996577002108097
6346,0.007540939841419458
6347,0.0035801497288048267
6348,0.0041650631465017796
6349,0.018921714276075363
6350,0.07899527251720428
6351,0.022887418046593666
6352,0.0041650631465017796
6353,0.020447513088583946
6354,0.0014337861211970448
6355,0.01861204020678997
6356,0.0016545343678444624
6357,0.0016545343678444624
6358,0.04837502911686897
6359,0.027278002351522446
6360,0.007757625542581081
6361,0.01043392438441515
6362,0.01214879471808672
6363,0.0022824176121503115
6364,0.0022066840901970863
6365,0.07950302958488464
6366,0.06190546229481697
6367,0.015984121710062027
6368,0.030189858749508858
6369,0.02015538327395916
6370,0.0023363616783171892
6371,0.0022413884289562702
6372,0.0048163877800107
6373,0.03650751709938049
6374,0.048561904579401016
6375,0.02252981998026371
6376,0.01592734269797802
6377,0.1682049036026001
6378,0.04584641009569168
6379,0.49398452043533325
6380,0.02591695822775364
6381,0.04684479534626007
6382,0.17072556912899017
6383,0.4652501046657562
6384,0.01631728932261467
6385,0.043038077652454376
6386,0.006604487542062998
6387,0.050400055944919586
6388,0.0158083513379097
6389,0.04519924893975258
6390,0.04264194518327713
6391,0.9636958241462708
6392,0.014259275048971176
6393,0.008546863682568073
6394,0.012012137100100517
6395,0.10671873390674591
6396,0.06609729677438736
6397,0.014770952984690666
6398,0.11323367804288864
6399,0.007611806970089674
6400,0.07382913678884506
6401,0.005214753095060587
6402,0.0527220256626606
6403,0.011864323168992996
6404,0.029996592551469803
6405,0.0175572969019413
6406,0.011260072700679302
6407,0.0253602247685194
6408,0.41719478368759155
6409,0.11483770608901978
6410,0.011260072700679302
6411,0.011754073202610016
6412,0.013956551440060139
6413,0.06592406332492828
6414,0.0038221662398427725
6415,0.05960901454091072
6416,0.015139213763177395
6417,0.3364965319633484
6418,0.20260998606681824
6419,0.0660698413848877
6420,0.02411983162164688
6421,0.04953934997320175
6422,0.03698865324258804
6423,0.03772218897938728
6424,0.015139213763177395
6425,0.0026349853724241257
6426,0.06379126012325287
6427,0.7942522764205933
6428,0.026963962242007256
6429,0.08307649195194244
6430,0.03253358229994774
6431,0.21180669963359833
6432,0.020284410566091537
6433,0.024227667599916458
6434,0.011762567795813084
6435,0.005361477378755808
6436,0.0028312033973634243
6437,0.0018245468381792307
6438,0.013979562558233738
6439,0.10352011024951935
6440,0.007404408883303404
6441,0.024278363212943077
6442,0.0023425917606800795
6443,0.051797881722450256
6444,0.008679747581481934
6445,0.007404408883303404
6446,0.007404408883303404
6447,0.003678073873743415
6448,0.002064191736280918
6449,0.0023425917606800795
6450,0.006141435354948044
6451,0.002064191736280918
6452,8.408917346969247e-4
6453,0.054640114307403564
6454,0.005132187157869339
6455,0.005132187157869339
6456,0.001007751445285976
6457,0.03409283980727196
6458,0.014365649782121181
6459,0.004077802877873182
6460,0.00806793849915266
6461,4.651081981137395e-4
6462,0.027090540155768394
6463,0.9847374558448792
6464,0.0439155176281929
6465,0.03789446875452995
6466,0.02276352047920227
6467,0.02226841449737549
6468,0.0011990544153377414
6469,0.012532887980341911
6470,0.04524172097444534
6471,0.042747724801301956
6472,0.0328533910214901
6473,0.005260106176137924
6474,0.01364017091691494
6475,0.01011139340698719
6476,0.004302207846194506
6477,0.009142403490841389
6478,0.002154609188437462
6479,0.008800945244729519
6480,0.003649931401014328
6481,0.00826718658208847
6482,0.009142403490841389
6483,0.002717261202633381
6484,0.009142403490841389
6485,0.009142403490841389
6486,0.007709179073572159
6487,0.009142403490841389
6488,0.02856353670358658
6489,0.0022720324341207743
6490,0.0022720324341207743
6491,0.024066055193543434
6492,0.008381777442991734
6493,0.008381777442991734
6494,0.0476299449801445
6495,0.017403097823262215
6496,0.0019432830158621073
6497,0.009142403490841389
6498,0.011755996383726597
6499,0.01364017091691494
6500,0.1475246697664261
6501,0.002858096268028021
6502,0.20776329934597015
6503,0.0027400387916713953
6504,0.022268638014793396
6505,0.004559793509542942
6506,0.013156748376786709
6507,0.06051252409815788
6508,0.004550259094685316
6509,0.0170882735401392
6510,0.0010338519932702184
6511,0.0010338519932702184
6512,0.0062611945904791355
6513,0.048874832689762115
6514,0.0025332828518003225
6515,0.0023726162035018206
6516,0.001693944213911891
6517,0.006453441921621561
6518,0.02307221107184887
6519,0.04115328565239906
6520,0.20106001198291779
6521,0.023527322337031364
6522,0.012207827530801296
6523,0.005232168827205896
6524,0.006616746075451374
6525,0.029622143134474754
6526,0.00733065465465188
6527,0.00733065465465188
6528,0.015951238572597504
6529,0.00733065465465188
6530,0.00733065465465188
6531,0.00733065465465188
6532,0.00733065465465188
6533,0.00733065465465188
6534,0.00733065465465188
6535,0.057204294949769974
6536,0.00733065465465188
6537,0.002518415916711092
6538,0.048367004841566086
6539,0.05016366019845009
6540,0.637760579586029
6541,0.02724025957286358
6542,0.0015503864269703627
6543,0.028819972649216652
6544,0.022894883528351784
6545,0.010303144343197346
6546,0.04130324348807335
6547,0.017524205148220062
6548,0.08853139728307724
6549,0.005902464967221022
6550,0.013256348669528961
6551,0.020991181954741478
6552,0.015118318609893322
6553,0.003712358418852091
6554,0.007626065984368324
6555,0.01941257156431675
6556,0.008172810077667236
6557,0.07061416655778885
6558,0.014173639006912708
6559,0.5533144474029541
6560,0.05517049878835678
6561,0.018732944503426552
6562,0.061020299792289734
6563,0.05982208624482155
6564,0.006559058558195829
6565,0.010134916752576828
6566,0.034529175609350204
6567,0.017665941268205643
6568,0.01484489906579256
6569,0.08307801932096481
6570,0.026231052353978157
6571,0.14683689177036285
6572,0.012746844440698624
6573,0.3391539454460144
6574,0.03207279369235039
6575,0.043926652520895004
6576,0.9794921875
6577,0.015598524361848831
6578,0.05454573035240173
6579,0.011656481772661209
6580,0.0041987095028162
6581,0.017442289739847183
6582,0.03355446457862854
6583,0.07760901749134064
6584,0.030159341171383858
6585,0.05869761109352112
6586,0.05135340988636017
6587,0.953559935092926
6588,0.03122103586792946
6589,0.7882515788078308
6590,0.14918002486228943
6591,0.033995166420936584
6592,0.008697682991623878
6593,0.024211181327700615
6594,0.41186264157295227
6595,0.015617243945598602
6596,0.8850885033607483
6597,0.885002613067627
6598,0.021248720586299896
6599,0.014012102968990803
6600,0.9683839082717896
6601,0.012938376516103745
6602,0.0026721099857240915
6603,0.0033380964305251837
6604,0.00536411302164197
6605,0.003458837978541851
6606,0.0010472529102116823
6607,0.003364729695022106
6608,0.19088827073574066
6609,0.005108166951686144
6610,0.005427411757409573
6611,0.011686657555401325
6612,0.0020974422805011272
6613,0.012488053180277348
6614,0.05010875314474106
6615,0.11212712526321411
6616,0.012437565252184868
6617,0.05010875314474106
6618,0.020296571776270866
6619,0.005781449377536774
6620,0.027813758701086044
6621,0.0062362863682210445
6622,0.02811788208782673
6623,0.0547623485326767
6624,0.012883804738521576
6625,0.012883804738521576
6626,0.11090749502182007
6627,0.024919750168919563
6628,0.021245131269097328
6629,0.0034801848232746124
6630,0.0034801848232746124
6631,0.0016345885815098882
6632,0.0016345885815098882
6633,0.0034801848232746124
6634,0.0016345885815098882
6635,0.013504831120371819
6636,0.006501497235149145
6637,0.0034801848232746124
6638,0.0016345885815098882
6639,0.043137598782777786
6640,0.0016345885815098882
6641,0.0034801848232746124
6642,0.03894420340657234
6643,0.0034305069129914045
6644,0.011822715401649475
6645,0.0016345885815098882
6646,0.0016345885815098882
6647,0.009498669765889645
6648,0.0034801848232746124
6649,0.0016345885815098882
6650,0.0017929929308593273
6651,0.0034801848232746124
6652,0.0016345885815098882
6653,0.0034801848232746124
6654,0.0034801848232746124
6655,0.0034801848232746124
6656,0.054867926985025406
6657,0.048082515597343445
6658,0.0034801848232746124
6659,0.002748291241005063
6660,0.00547775998711586
6661,0.0036109660286456347
6662,0.021341124549508095
6663,0.053076837211847305
6664,0.3869813084602356
6665,0.0018001950811594725
6666,0.012616416439414024
6667,0.026845887303352356
6668,0.10433730483055115
6669,0.01168094202876091
6670,0.0028869318775832653
6671,0.002109467051923275
6672,0.0011146191973239183
6673,0.047728922218084335
6674,0.00666774669662118
6675,0.029656777158379555
6676,0.001461611595004797
6677,8.793117012828588e-4
6678,0.0033840807154774666
6679,0.04370682314038277
6680,0.005602446850389242
6681,0.02875307761132717
6682,0.044776588678359985
6683,0.6726271510124207
6684,0.016918567940592766
6685,7.757380371913314e-4
6686,0.0030580624006688595
6687,0.02743426151573658
6688,0.004530872218310833
6689,0.01945558749139309
6690,0.004530872218310833
6691,0.0030846816953271627
6692,0.007667274679988623
6693,0.012493487447500229
6694,0.058284200727939606
6695,0.004027408082038164
6696,0.09544356912374496
6697,0.023416977375745773
6698,9.776176884770393e-4
6699,0.001895581721328199
6700,0.0033530022483319044
6701,0.0024399408139288425
6702,0.029552072286605835
6703,0.027919823303818703
6704,0.018821969628334045
6705,0.1938626915216446
6706,0.03416299819946289
6707,0.010144110769033432
6708,0.004233160987496376
6709,0.035325054079294205
6710,0.0744740441441536
6711,0.5294930338859558
6712,0.007477501407265663
6713,0.0031038844026625156
6714,0.0031038844026625156
6715,0.0071982406079769135
6716,0.016127824783325195
6717,0.045523300766944885
6718,0.05344608053565025
6719,0.032232530415058136
6720,0.0012474415125325322
6721,0.0012474415125325322
6722,0.0012474415125325322
6723,0.0012474415125325322
6724,0.045811694115400314
6725,0.004095883574336767
6726,0.007419826928526163
6727,0.05118577554821968
6728,7.132241735234857e-4
6729,0.04180854558944702
6730,0.0036355704069137573
6731,0.004879460670053959
6732,0.03018227405846119
6733,0.015271487645804882
6734,0.15752924978733063
6735,0.016841085627675056
6736,0.17110222578048706
6737,0.19118405878543854
6738,0.013276873156428337
6739,0.03125902637839317
6740,0.01773732155561447
6741,0.015073895454406738
6742,0.9625077247619629
6743,0.7141562104225159
6744,0.031248271465301514
6745,0.00547288591042161
6746,0.023270124569535255
6747,0.0019128178246319294
6748,0.02760137803852558
6749,0.0028237176593393087
6750,0.0028237176593393087
6751,0.0014979607658460736
6752,0.0017399323405697942
6753,8.684041094966233e-4
6754,0.0017399323405697942
6755,0.07274817675352097
6756,8.814230095595121e-4
6757,0.024862593039870262
6758,0.0014979607658460736
6759,8.684041094966233e-4
6760,0.1544238030910492
6761,0.003953906707465649
6762,0.0016817589057609439
6763,0.1370680183172226
6764,0.004611058160662651
6765,0.08031288534402847
6766,0.012541748583316803
6767,0.010914566926658154
6768,0.011136176064610481
6769,0.03711729124188423
6770,0.035635609179735184
6771,0.04867878183722496
6772,0.01718868315219879
6773,0.008038630709052086
6774,0.0017283123452216387
6775,0.034618113189935684
6776,0.04147200286388397
6777,0.020204614847898483
6778,0.04972098395228386
6779,0.033457785844802856
6780,0.0031794568058103323
6781,0.002419085707515478
6782,0.012496481649577618
6783,0.004946481436491013
6784,0.10030186176300049
6785,7.942220545373857e-4
6786,0.01272617094218731
6787,0.01052136905491352
6788,0.007662313990294933
6789,0.00204104115255177
6790,0.005931300111114979
6791,0.013837811537086964
6792,0.0031375146936625242
6793,0.08169885724782944
6794,0.03453521803021431
6795,0.0024477746337652206
6796,0.0024477746337652206
6797,0.002968450076878071
6798,0.020102884620428085
6799,0.0056620449759066105
6800,9.894265094771981e-4
6801,0.001605725148692727
6802,0.15702670812606812
6803,0.0277528278529644
6804,0.016813576221466064
6805,0.10543996840715408
6806,0.020019274204969406
6807,0.0036430710460990667
6808,0.01150826271623373
6809,0.019282415509223938
6810,0.034292787313461304
6811,0.07492460310459137
6812,0.00210817763581872
6813,0.006674053147435188
6814,0.006674053147435188
6815,0.00210817763581872
6816,0.0033346780110150576
6817,0.012654013000428677
6818,0.012654013000428677
6819,0.012654013000428677
6820,0.012654013000428677
6821,0.0041037448681890965
6822,0.0043604751117527485
6823,0.0061185057274997234
6824,0.0516103059053421
6825,0.05244765430688858
6826,0.03346676751971245
6827,0.06493474543094635
6828,0.5957621932029724
6829,0.0308573879301548
6830,0.09185287356376648
6831,0.01969577558338642
6832,0.00598067557439208
6833,0.07574358582496643
6834,0.03376569598913193
6835,0.02472226321697235
6836,0.05536379665136337
6837,0.30300483107566833
6838,0.002890867181122303
6839,0.0012670343276113272
6840,0.012703878805041313
6841,0.012703878805041313
6842,0.025964537635445595
6843,0.02173054777085781
6844,0.004583948757499456
6845,0.016651878133416176
6846,0.023378688842058182
6847,0.03987826406955719
6848,0.033915434032678604
6849,0.0013269161572679877
6850,0.0014011546736583114
6851,0.014744226820766926
6852,0.01278477068990469
6853,0.01278477068990469
6854,0.002447962062433362
6855,0.002447962062433362
6856,0.017605824396014214
6857,0.014744226820766926
6858,0.009609497152268887
6859,0.026523727923631668
6860,0.0011146191973239183
6861,0.3430430293083191
6862,0.4398871660232544
6863,0.013847985304892063
6864,0.003944430500268936
6865,0.012936902232468128
6866,0.02325570397078991
6867,0.01836315542459488
6868,0.017860963940620422
6869,0.01314452663064003
6870,0.03048631362617016
6871,0.001545403734780848
6872,0.01741156354546547
6873,0.0032475346233695745
6874,6.79600634612143e-4
6875,6.79600634612143e-4
6876,0.007117073517292738
6877,8.774682646617293e-4
6878,0.052636001259088516
6879,0.2983999252319336
6880,0.01753472536802292
6881,0.010507686994969845
6882,0.00846745353192091
6883,0.025742514058947563
6884,0.02168271131813526
6885,0.005133531056344509
6886,0.017223097383975983
6887,0.009544458240270615
6888,0.012631049379706383
6889,0.0032475346233695745
6890,0.021063897758722305
6891,0.028709257021546364
6892,0.007357494439929724
6893,0.03161744028329849
6894,0.020532237365841866
6895,0.005040942225605249
6896,0.04133184999227524
6897,0.009428719989955425
6898,0.019822577014565468
6899,0.0381370410323143
6900,0.14241792261600494
6901,0.02678762376308441
6902,0.06206945329904556
6903,0.010516307316720486
6904,0.11572255939245224
6905,0.005804920103400946
6906,0.15504060685634613
6907,0.017094353213906288
6908,0.012627564370632172
6909,0.011717937886714935
6910,0.014682902954518795
6911,0.01047532632946968
6912,0.04728547856211662
6913,0.004879648331552744
6914,0.2931189239025116
6915,0.020091146230697632
6916,0.0028472302947193384
6917,0.057722169905900955
6918,0.008534145541489124
6919,0.07210960984230042
6920,0.003148181363940239
6921,0.004330387804657221
6922,0.028565678745508194
6923,0.02034779265522957
6924,0.018486125394701958
6925,0.022311994805932045
6926,0.14248616993427277
6927,0.017292380332946777
6928,0.017637066543102264
6929,0.0046343328431248665
6930,0.03364778310060501
6931,0.062297992408275604
6932,0.07731800526380539
6933,0.04453737288713455
6934,0.0044769705273211
6935,0.32329925894737244
6936,0.7810579538345337
6937,0.15198518335819244
6938,0.2586905360221863
6939,0.06593164056539536
6940,0.06264744699001312
6941,0.13403913378715515
6942,0.07934074103832245
6943,0.010283292271196842
6944,0.012707480229437351
6945,0.002018695930019021
6946,0.012707480229437351
6947,0.012707480229437351
6948,0.012707480229437351
6949,0.2858662009239197
6950,0.06425415724515915
6951,0.05734390765428543
6952,0.009000617079436779
6953,0.12360283732414246
6954,0.003384646726772189
6955,0.007888968102633953
6956,0.003021976677700877
6957,0.011630822904407978
6958,0.010207594372332096
6959,0.008113687857985497
6960,0.004514442756772041
6961,0.028155185282230377
6962,0.05366772413253784
6963,0.1554441601037979
6964,0.5860341787338257
6965,0.033032432198524475
6966,0.43010959029197693
6967,0.03312775492668152
6968,0.1476384699344635
6969,0.776096761226654
6970,0.9550898671150208
6971,0.003384646726772189
6972,0.37780940532684326
6973,0.40837162733078003
6974,0.020821116864681244
6975,0.017870083451271057
6976,0.009385104291141033
6977,0.04021435230970383
6978,0.1395208090543747
6979,0.006119764409959316
6980,0.008472226560115814
6981,0.018181003630161285
6982,0.056758977472782135
6983,0.771213173866272
6984,0.03124859184026718
6985,0.028415687382221222
6986,0.5590108633041382
6987,0.032453037798404694
6988,0.22512678802013397
6989,0.018290463835000992
6990,0.2122880071401596
6991,0.04411836341023445
6992,3.991708508692682e-4
6993,0.04727601632475853
6994,0.012933206744492054
6995,0.028227610513567924
6996,0.006893302779644728
6997,0.159012570977211
6998,0.710334062576294
6999,0.032327599823474884
7000,0.006529130972921848
7001,0.09339652955532074
7002,0.04261057823896408
7003,0.03516955301165581
7004,0.009138975292444229
7005,0.001976046711206436
7006,0.039024628698825836
7007,0.01655612699687481
7008,0.010574888437986374
7009,0.023298580199480057
7010,0.02603168413043022
7011,0.627623438835144
7012,0.011835546232759953
7013,0.021685823798179626
7014,0.04892689734697342
7015,0.015808090567588806
7016,0.046137236058712006
7017,0.13447654247283936
7018,0.16223888099193573
7019,0.009013871662318707
7020,0.04616988077759743
7021,0.031711433082818985
7022,0.02176891267299652
7023,0.045625440776348114
7024,0.027094939723610878
7025,0.025658803060650826
7026,0.05599130317568779
7027,0.018226848915219307
7028,0.042323749512434006
7029,0.0017844397807493806
7030,0.0017844397807493806
7031,0.00133117800578475
7032,0.00133117800578475
7033,0.5915533900260925
7034,0.9086570143699646
7035,0.02808186039328575
7036,0.02808186039328575
7037,0.9153972268104553
7038,0.2062699943780899
7039,0.02562047354876995
7040,0.046495623886585236
7041,0.012062033638358116
7042,0.17234548926353455
7043,0.803074061870575
7044,0.03420963138341904
7045,0.9497690200805664
7046,0.0166134275496006
7047,0.07002482563257217
7048,0.011279317550361156
7049,0.05752008035778999
7050,0.044845063239336014
7051,0.027505669742822647
7052,0.021129688248038292
7053,0.19155457615852356
7054,0.021129688248038292
7055,0.030055830255150795
7056,0.0033500732388347387
7057,0.09457244724035263
7058,0.02838844060897827
7059,0.11297601461410522
7060,0.03753933310508728
7061,0.03753933310508728
7062,0.04131158068776131
7063,0.019002186134457588
7064,0.058284465223550797
7065,0.049870267510414124
7066,0.18261602520942688
7067,0.6377927660942078
7068,0.8024781346321106
7069,0.035581815987825394
7070,0.02761538326740265
7071,0.04302223026752472
7072,0.29108235239982605
7073,0.02763240970671177
7074,0.010824057273566723
7075,0.012819398194551468
7076,0.005550229921936989
7077,0.057633522897958755
7078,0.0016500618075951934
7079,0.10128118842840195
7080,0.19333411753177643
7081,0.8102920055389404
7082,0.16654977202415466
7083,0.186640664935112
7084,0.06683389842510223
7085,0.02429814822971821
7086,0.04636970907449722
7087,0.03606457635760307
7088,0.0053542559035122395
7089,0.017390357330441475
7090,0.004775317385792732
7091,0.031468555331230164
7092,0.04410182684659958
7093,0.008265412412583828
7094,0.00917094387114048
7095,0.025189898908138275
7096,0.008158115670084953
7097,0.059193409979343414
7098,0.02527264691889286
7099,0.005215809214860201
7100,0.0010037767933681607
7101,0.004419204778969288
7102,0.07340658456087112
7103,0.044433001428842545
7104,0.0030733253806829453
7105,0.02542010135948658
7106,0.00881846621632576
7107,0.0034652752801775932
7108,0.018264150246977806
7109,0.049774203449487686
7110,0.0298512801527977
7111,0.01308386866003275
7112,0.015007689595222473
7113,0.01914997585117817
7114,0.1350785344839096
7115,0.07014265656471252
7116,0.024553166702389717
7117,0.028274646028876305
7118,0.08767905831336975
7119,0.008779412135481834
7120,0.026081359013915062
7121,0.01709992252290249
7122,0.10335010290145874
7123,0.017509154975414276
7124,0.07751878350973129
7125,0.021341482177376747
7126,0.009416396729648113
7127,0.002883739536628127
7128,0.15400449931621552
7129,0.057011932134628296
7130,0.023037809878587723
7131,0.05288137495517731
7132,0.020205223932862282
7133,0.014795197173953056
7134,0.0035401764325797558
7135,0.023701241239905357
7136,0.021011102944612503
7137,0.007216440048068762
7138,0.02257113717496395
7139,0.02257113717496395
7140,0.002237054519355297
7141,0.002237054519355297
7142,0.012216875329613686
7143,0.0017838445492088795
7144,0.022230183705687523
7145,0.01888534054160118
7146,0.05461122840642929
7147,0.015332097187638283
7148,0.0064656795002520084
7149,0.014255261979997158
7150,0.008369654417037964
7151,0.01380065269768238
7152,0.012393375858664513
7153,0.01380065269768238
7154,0.0334424190223217
7155,0.021734271198511124
7156,0.0015595158329233527
7157,0.009559150785207748
7158,0.0054297312162816525
7159,0.043004438281059265
7160,0.09699751436710358
7161,0.09699751436710358
7162,0.01968792825937271
7163,0.026139093562960625
7164,0.028561698272824287
7165,0.7437201738357544
7166,0.03427213057875633
7167,0.01968792825937271
7168,0.019329221919178963
7169,0.010758466087281704
7170,0.021618923172354698
7171,0.01968792825937271
7172,0.006430887151509523
7173,0.005778344813734293
7174,0.010004768148064613
7175,0.0030333471950143576
7176,0.008369654417037964
7177,0.0049306899309158325
7178,0.004544584080576897
7179,0.0038653314113616943
7180,0.005459691397845745
7181,0.0031064527574926615
7182,0.008516097441315651
7183,0.00807192362844944
7184,0.01430636178702116
7185,0.006713039241731167
7186,0.43529653549194336
7187,0.03220701590180397
7188,0.3753387928009033
7189,0.035727061331272125
7190,0.02193077839910984
7191,0.0017211451195180416
7192,0.029259784147143364
7193,0.03255327045917511
7194,0.027570966631174088
7195,0.02826906554400921
7196,0.007546873297542334
7197,0.010632985271513462
7198,0.033137477934360504
7199,0.046856265515089035
7200,0.03513084724545479
7201,0.051930829882621765
7202,0.023138031363487244
7203,0.0342337042093277
7204,0.025805683806538582
7205,0.01872030831873417
7206,0.01022588461637497
7207,0.11550606042146683
7208,0.05224446579813957
7209,0.02410767786204815
7210,0.012724158354103565
7211,0.012452584691345692
7212,0.03410261124372482
7213,0.0049790251068770885
7214,0.0049790251068770885
7215,0.00492949690669775
7216,0.05338077247142792
7217,0.0049790251068770885
7218,0.23473231494426727
7219,0.01650739461183548
7220,0.053376808762550354
7221,0.056081924587488174
7222,0.03709498047828674
7223,0.06317371875047684
7224,0.06678555905818939
7225,0.10485036671161652
7226,0.12698976695537567
7227,0.020314689725637436
7228,0.007579260505735874
7229,0.02460002340376377
7230,0.05271555855870247
7231,0.052166782319545746
7232,0.034265998750925064
7233,0.03825593739748001
7234,0.09620325267314911
7235,0.004034663550555706
7236,0.014992802403867245
7237,0.009071589447557926
7238,0.0014816081384196877
7239,0.007121165283024311
7240,0.07590189576148987
7241,0.004101432394236326
7242,0.04529383033514023
7243,0.019555186852812767
7244,0.7287889122962952
7245,0.0032772303093224764
7246,0.06848414987325668
7247,0.012187391519546509
7248,0.002113131806254387
7249,0.15489433705806732
7250,0.007263829465955496
7251,0.007263829465955496
7252,0.007263829465955496
7253,0.01842550002038479
7254,0.022178184241056442
7255,0.0038010277785360813
7256,0.1416608989238739
7257,0.031107917428016663
7258,0.0063675218261778355
7259,0.030150869861245155
7260,0.013165444135665894
7261,0.018639130517840385
7262,0.026551511138677597
7263,0.02190072275698185
7264,0.020205330103635788
7265,0.02632456086575985
7266,0.014484801329672337
7267,0.008502530865371227
7268,0.06492452323436737
7269,0.003380173584446311
7270,0.010475357063114643
7271,0.012231426313519478
7272,0.0049044606275856495
7273,0.0055573065765202045
7274,0.0049044606275856495
7275,0.00837309006601572
7276,0.0021805698052048683
7277,0.0017438584472984076
7278,0.0017438584472984076
7279,0.0017438584472984076
7280,0.018866615369915962
7281,0.020438136532902718
7282,0.0651860460639
7283,0.0021250855643302202
7284,0.0021250855643302202
7285,0.017650051042437553
7286,0.05848469212651253
7287,0.0911378338932991
7288,0.046387214213609695
7289,0.8967998027801514
7290,0.002658950863406062
7291,0.012371264398097992
7292,0.004063073545694351
7293,0.005422539077699184
7294,0.021850604563951492
7295,0.03051641210913658
7296,0.010777798481285572
7297,0.07733059674501419
7298,0.001965482486411929
7299,0.006762265227735043
7300,0.005850967485457659
7301,0.18082688748836517
7302,0.20344117283821106
7303,0.033114928752183914
7304,0.034047678112983704
7305,0.0023166686296463013
7306,0.02315489389002323
7307,0.03976897522807121
7308,0.043827470391988754
7309,0.01383165642619133
7310,0.0594821535050869
7311,0.005907788872718811
7312,0.021609434857964516
7313,0.006807838100939989
7314,0.007014017086476088
7315,0.049320273101329803
7316,0.09316599369049072
7317,0.04880698025226593
7318,0.0025858262088149786
7319,0.008160855621099472
7320,0.04808366298675537
7321,0.011927261017262936
7322,0.0342276431620121
7323,0.003757831873372197
7324,0.004516438115388155
7325,0.4125767648220062
7326,0.010187523439526558
7327,0.03576968237757683
7328,0.032233741134405136
7329,0.016165023669600487
7330,0.16370810568332672
7331,0.004390064161270857
7332,0.0041741058230400085
7333,0.05426587909460068
7334,0.0033548958599567413
7335,0.0026752620469778776
7336,0.0029241698794066906
7337,0.006875013932585716
7338,0.0031138716731220484
7339,0.0026752620469778776
7340,0.005560403689742088
7341,0.003864206140860915
7342,0.001857648603618145
7343,0.003864206140860915
7344,0.003022098680958152
7345,0.0026752620469778776
7346,0.0030101703014224768
7347,0.3608662486076355
7348,0.0282368753105402
7349,0.018161756917834282
7350,0.010976149700582027
7351,0.013552800752222538
7352,0.0038716669660061598
7353,0.391249418258667
7354,0.03109593316912651
7355,0.03109593316912651
7356,0.02255670167505741
7357,0.02583567425608635
7358,0.03307867422699928
7359,0.0029602437280118465
7360,0.002318804385140538
7361,0.005559639073908329
7362,0.055385395884513855
7363,0.035414908081293106
7364,0.0020368737168610096
7365,0.021371988579630852
7366,0.04136639088392258
7367,0.0011820901418104768
7368,0.002318804385140538
7369,0.018145756796002388
7370,0.017892492935061455
7371,0.2082895189523697
7372,0.0015834724763408303
7373,7.539328071288764e-4
7374,0.04404551535844803
7375,0.03952119126915932
7376,0.0030069579370319843
7377,0.0192007627338171
7378,0.039002228528261185
7379,0.01258593238890171
7380,0.0038959274534136057
7381,0.004668912850320339
7382,0.007309677079319954
7383,0.013628948479890823
7384,0.0013454925501719117
7385,0.002087800297886133
7386,0.06488162279129028
7387,0.005985928233712912
7388,0.12193464487791061
7389,0.0020455196499824524
7390,0.011253136210143566
7391,0.44819894433021545
7392,0.04328227788209915
7393,0.04202287271618843
7394,0.005893833469599485
7395,0.001699417014606297
7396,0.008855600841343403
7397,0.2119968980550766
7398,0.039644330739974976
7399,0.02999054826796055
7400,0.11474782973527908
7401,0.050991110503673553
7402,0.033611979335546494
7403,0.10203919559717178
7404,0.04465717449784279
7405,0.006657417863607407
7406,0.05196782946586609
7407,0.006955678574740887
7408,0.2489568144083023
7409,0.0651722326874733
7410,0.0654524490237236
7411,0.35253483057022095
7412,0.02619551122188568
7413,0.07805211842060089
7414,0.7117180824279785
7415,0.098079152405262
7416,0.03169303387403488
7417,0.04628075286746025
7418,0.12388759106397629
7419,0.0750863254070282
7420,0.025935368612408638
7421,0.8528428077697754
7422,0.11517844349145889
7423,0.6615244746208191
7424,0.01278673205524683
7425,0.0034713749773800373
7426,0.04037276282906532
7427,0.012201211415231228
7428,0.04672791063785553
7429,0.01505530159920454
7430,0.013522566296160221
7431,0.02685689739882946
7432,0.01051015593111515
7433,0.005316243506968021
7434,0.013396536000072956
7435,0.0022965993266552687
7436,0.004665446002036333
7437,0.006261082366108894
7438,0.032821375876665115
7439,0.01648969016969204
7440,0.0049156202003359795
7441,0.03487611934542656
7442,0.06617417931556702
7443,0.8472244143486023
7444,0.008708926849067211
7445,0.003627664875239134
7446,0.009940172545611858
7447,0.017969423905014992
7448,0.00830321665853262
7449,0.0011557454708963633
7450,0.04704098030924797
7451,0.026386871933937073
7452,0.0028603393584489822
7453,0.11566801369190216
7454,0.021160021424293518
7455,0.0027510670479387045
7456,0.021265948191285133
7457,0.19717824459075928
7458,0.5374849438667297
7459,0.006840071175247431
7460,0.005446148570626974
7461,0.002056968165561557
7462,0.45491525530815125
7463,0.005187783390283585
7464,0.008445623330771923
7465,0.0042028166353702545
7466,0.004403717815876007
7467,0.03744463995099068
7468,0.007142913993448019
7469,0.1162227913737297
7470,0.016456037759780884
7471,0.006961471401154995
7472,0.02941046841442585
7473,0.03215338662266731
7474,0.0014490941539406776
7475,0.0014490941539406776
7476,0.00799423549324274
7477,0.03114132583141327
7478,0.019877085462212563
7479,0.005912733729928732
7480,0.037357158958911896
7481,0.02741977944970131
7482,0.0663556233048439
7483,0.0032778019085526466
7484,0.026802321895956993
7485,0.10336201637983322
7486,0.062043435871601105
7487,0.01829477958381176
7488,0.05457751080393791
7489,0.010762304067611694
7490,0.017563993111252785
7491,0.06403893232345581
7492,0.024868762120604515
7493,0.04459553584456444
7494,0.008097022771835327
7495,0.016918862238526344
7496,0.002290263306349516
7497,0.045620694756507874
7498,0.004209491424262524
7499,0.016456037759780884
7500,0.010429454036056995
7501,0.01598825491964817
7502,0.0074208383448421955
7503,0.004209491424262524
7504,0.48244017362594604
7505,0.1166716143488884
7506,0.005565204657614231
7507,0.0041492413729429245
7508,0.049858562648296356
7509,0.026632901281118393
7510,0.009339949116110802
7511,0.0062213013879954815
7512,0.0062213013879954815
7513,0.0062213013879954815
7514,0.13113753497600555
7515,0.37736135721206665
7516,0.0013404538622125983
7517,0.0041492413729429245
7518,0.016456037759780884
7519,0.006025541108101606
7520,0.004561263602226973
7521,0.006622331216931343
7522,0.05440905690193176
7523,0.005779939703643322
7524,0.0638643130660057
7525,0.015348829329013824
7526,0.0021537214051932096
7527,0.03710465133190155
7528,0.05766962468624115
7529,0.03737349808216095
7530,0.06735504418611526
7531,0.002099186647683382
7532,0.002725333906710148
7533,0.04265249893069267
7534,0.0215861015021801
7535,0.022685913369059563
7536,0.016663679853081703
7537,0.029529107734560966
7538,0.04094650596380234
7539,0.001839188626036048
7540,0.36805248260498047
7541,0.03616280481219292
7542,0.012741198763251305
7543,0.9621391296386719
7544,0.04689283296465874
7545,0.11916892975568771
7546,0.8185972571372986
7547,0.04094650596380234
7548,0.06744559854269028
7549,0.002226912183687091
7550,0.009983673691749573
7551,0.016428200528025627
7552,0.017187852412462234
7553,0.03528954088687897
7554,0.02675674296915531
7555,0.016503771767020226
7556,0.010616764426231384
7557,0.03237347677350044
7558,0.007792830001562834
7559,0.04992886260151863
7560,0.029179884120821953
7561,0.0018241535872220993
7562,0.045146577060222626
7563,0.013844761997461319
7564,0.16239583492279053
7565,0.05393030121922493
7566,0.031004304066300392
7567,0.0033818765077739954
7568,0.022417308762669563
7569,0.01767711527645588
7570,0.9286019206047058
7571,0.01654142141342163
7572,0.033275552093982697
7573,0.028403570875525475
7574,0.0241962019354105
7575,0.017974523827433586
7576,0.018267570063471794
7577,0.8272635340690613
7578,0.014030823484063148
7579,0.038424812257289886
7580,0.701301634311676
7581,0.004837577696889639
7582,0.04074479639530182
7583,0.042352259159088135
7584,0.04061488062143326
7585,0.005765576846897602
7586,0.01859746128320694
7587,0.058715976774692535
7588,0.07790211588144302
7589,0.07983645051717758
7590,0.04046393558382988
7591,0.018481163308024406
7592,0.008033597841858864
7593,0.11725499480962753
7594,0.052844516932964325
7595,0.18520194292068481
7596,0.041856542229652405
7597,0.033576808869838715
7598,0.19918769598007202
7599,0.02004181779921055
7600,0.5237550139427185
7601,0.07888313382863998
7602,0.028272170573472977
7603,0.025932839140295982
7604,0.012307554483413696
7605,0.046709708869457245
7606,0.001980748726055026
7607,0.5864842534065247
7608,0.5524794459342957
7609,0.5167737603187561
7610,0.0065382737666368484
7611,0.017761804163455963
7612,0.03902837261557579
7613,0.00466570071876049
7614,0.0028394674882292747
7615,0.053519997745752335
7616,0.008720035664737225
7617,0.0882776603102684
7618,0.009360951371490955
7619,0.009277458302676678
7620,0.00293180113658309
7621,0.13540862500667572
7622,0.0024569749366492033
7623,0.00948614813387394
7624,0.43731629848480225
7625,0.023729903623461723
7626,0.06689415872097015
7627,0.010416125878691673
7628,0.03664297237992287
7629,0.012582449242472649
7630,0.8484321236610413
7631,0.011612380854785442
7632,0.05026879906654358
7633,0.012582449242472649
7634,0.005098199937492609
7635,0.1320282518863678
7636,0.0321587435901165
7637,0.14499419927597046
7638,0.057132553309202194
7639,0.005841095931828022
7640,0.029309675097465515
7641,0.004447036888450384
7642,0.015473153442144394
7643,0.004453366156667471
7644,0.021764976903796196
7645,0.03375748172402382
7646,0.043423134833574295
7647,0.012285084463655949
7648,0.012181864120066166
7649,0.05448107048869133
7650,0.04105393961071968
7651,0.07679393887519836
7652,0.05203389748930931
7653,0.07718143612146378
7654,0.05203389748930931
7655,0.04041348025202751
7656,0.004081292077898979
7657,0.09488561749458313
7658,0.008665185421705246
7659,0.009520111605525017
7660,0.011315541341900826
7661,0.0020210230723023415
7662,0.05636010318994522
7663,0.028276938945055008
7664,0.08101604133844376
7665,0.011355020105838776
7666,0.02200799435377121
7667,0.014772895723581314
7668,0.14540255069732666
7669,0.060418110340833664
7670,0.6189695000648499
7671,0.20927555859088898
7672,0.0247353408485651
7673,0.26090529561042786
7674,0.007692854851484299
7675,0.11419779062271118
7676,0.05866240710020065
7677,0.20944060385227203
7678,0.4294167459011078
7679,0.003743433626368642
7680,0.014436253346502781
7681,0.014436253346502781
7682,0.12846025824546814
7683,0.03434270620346069
7684,0.05345812067389488
7685,0.013198764994740486
7686,0.013198764994740486
7687,0.7787058353424072
7688,0.08166301995515823
7689,0.017288319766521454
7690,0.010331760160624981
7691,0.06693204492330551
7692,0.010266339406371117
7693,0.012554883025586605
7694,0.06784694641828537
7695,0.009425277821719646
7696,0.017993437126278877
7697,0.02301066927611828
7698,0.005389751400798559
7699,0.00152940908446908
7700,0.007507866248488426
7701,0.20993071794509888
7702,0.043292250484228134
7703,0.14157035946846008
7704,0.8587455749511719
7705,8.95412580575794e-4
7706,0.7422880530357361
7707,0.039167746901512146
7708,0.5006241202354431
7709,0.010412602685391903
7710,0.5755804777145386
7711,0.03773476928472519
7712,0.08268110454082489
7713,0.015201827511191368
7714,0.011316517367959023
7715,0.061861079186201096
7716,0.09463224560022354
7717,0.008179735392332077
7718,0.05686007812619209
7719,0.008179735392332077
7720,0.01800650730729103
7721,0.13114801049232483
7722,0.4743420481681824
7723,0.06455446779727936
7724,0.07385018467903137
7725,0.00677387835457921
7726,0.05728746950626373
7727,0.03162484988570213
7728,0.031416039913892746
7729,0.07785013318061829
7730,0.05854408070445061
7731,0.01334051601588726
7732,0.006749197840690613
7733,0.10904211550951004
7734,0.03738342970609665
7735,0.3380100131034851
7736,0.004450959153473377
7737,0.003200302831828594
7738,0.03022400476038456
7739,0.10601375252008438
7740,0.2334638386964798
7741,0.0857408195734024
7742,0.011357827112078667
7743,0.2710796296596527
7744,0.08693001419305801
7745,0.007852429524064064
7746,0.004277658183127642
7747,0.009043954312801361
7748,0.011261389590799809
7749,0.014691046439111233
7750,0.04076950624585152
7751,0.044126901775598526
7752,0.11905684322118759
7753,0.01068482268601656
7754,0.09841462224721909
7755,0.003970807883888483
7756,0.08532003313302994
7757,0.3870822489261627
7758,0.047721829265356064
7759,0.08684981614351273
7760,0.26412370800971985
7761,0.012951969169080257
7762,0.0028551502618938684
7763,0.029154406860470772
7764,0.00883904192596674
7765,0.6618501543998718
7766,0.08859627693891525
7767,0.016871483996510506
7768,0.014391645789146423
7769,0.006405948661267757
7770,0.02194630540907383
7771,0.008124508894979954
7772,0.034098610281944275
7773,0.03154153376817703
7774,0.05941736325621605
7775,0.02507060393691063
7776,0.030323542654514313
7777,0.7933958768844604
7778,0.8516532182693481
7779,0.05786329135298729
7780,0.046996667981147766
7781,0.059246521443128586
7782,0.44175949692726135
7783,0.05867881700396538
7784,0.018820010125637054
7785,0.035019055008888245
7786,0.2714114785194397
7787,0.08042077720165253
7788,0.08042077720165253
7789,0.04972854629158974
7790,0.04168789088726044
7791,0.004048136994242668
7792,0.1171235516667366
7793,0.02262141741812229
7794,0.02606877125799656
7795,0.0027202246710658073
7796,0.019642112776637077
7797,0.10924545675516129
7798,0.07703884690999985
7799,0.0019169023726135492
7800,0.027747945860028267
7801,0.0062901112250983715
7802,0.11496022343635559
7803,0.06413082778453827
7804,0.25717490911483765
7805,0.04755210876464844
7806,0.36911916732788086
7807,0.04498210921883583
7808,0.07852818071842194
7809,0.09031616896390915
7810,0.11419715732336044
7811,0.09432368725538254
7812,0.018022410571575165
7813,0.00482508959248662
7814,0.003185917856171727
7815,0.0031298657413572073
7816,0.00914161279797554
7817,0.0036355031188577414
7818,0.03904930129647255
7819,0.007940600626170635
7820,0.0041860961355268955
7821,0.004199841991066933
7822,0.007940600626170635
7823,0.004801549483090639
7824,0.007940600626170635
7825,0.004199841991066933
7826,0.004199841991066933
7827,0.0041860961355268955
7828,0.00939327385276556
7829,0.0041860961355268955
7830,0.004199841991066933
7831,0.052065905183553696
7832,0.016911638900637627
7833,0.1153801828622818
7834,0.029491325840353966
7835,0.020594194531440735
7836,0.15704935789108276
7837,0.05833842232823372
7838,0.03244483470916748
7839,0.05810156464576721
7840,0.011809663847088814
7841,0.12168139219284058
7842,0.22444623708724976
7843,0.013845555484294891
7844,0.007171634119004011
7845,0.011809663847088814
7846,0.007173342164605856
7847,0.010519815608859062
7848,0.023387009277939796
7849,0.02180296555161476
7850,0.013786408118903637
7851,0.03323991596698761
7852,0.03323991596698761
7853,0.7355058789253235
7854,0.45324012637138367
7855,0.11787980794906616
7856,0.0473598912358284
7857,0.9291662573814392
7858,0.03786316141486168
7859,0.07836885005235672
7860,0.07490649074316025
7861,0.02062375657260418
7862,0.06728630512952805
7863,0.003320765681564808
7864,0.18485018610954285
7865,0.07117599248886108
7866,0.011058921925723553
7867,0.943516731262207
7868,0.03960245102643967
7869,0.003285893937572837
7870,0.07872702181339264
7871,0.08460549265146255
7872,0.2643321454524994
7873,0.2863035202026367
7874,0.05683622881770134
7875,0.011178253218531609
7876,0.00741972541436553
7877,0.022201042622327805
7878,0.015105225145816803
7879,0.8189805150032043
7880,0.0055908155627548695
7881,0.03634096309542656
7882,0.07651016116142273
7883,0.024815261363983154
7884,0.027408801019191742
7885,0.025290856137871742
7886,0.025290856137871742
7887,0.020946713164448738
7888,0.27479618787765503
7889,0.013528138399124146
7890,0.02859017439186573
7891,0.006786700803786516
7892,0.3033563196659088
7893,0.1033969298005104
7894,0.9525632262229919
7895,0.14358338713645935
7896,0.2456720620393753
7897,0.013750226236879826
7898,0.04047272354364395
7899,0.038740042597055435
7900,0.019378406926989555
7901,0.02034939080476761
7902,0.05569014698266983
7903,0.05895998701453209
7904,0.13037337362766266
7905,0.0629371777176857
7906,0.038449034094810486
7907,0.07291469722986221
7908,0.1381220668554306
7909,0.9185370802879333
7910,0.0075380210764706135
7911,0.1529848724603653
7912,0.9274387359619141
7913,0.0032110095489770174
7914,0.0170785840600729
7915,0.0027593355625867844
7916,0.0054630739614367485
7917,0.041943542659282684
7918,0.02410213090479374
7919,0.0690108984708786
7920,0.08686304837465286
7921,0.36320507526397705
7922,0.08368522673845291
7923,0.15583056211471558
7924,0.024581611156463623
7925,0.061356302350759506
7926,0.4374385178089142
7927,0.13977229595184326
7928,0.02560911886394024
7929,0.18098698556423187
7930,0.0327313169836998
7931,0.010770983062684536
7932,0.03697733208537102
7933,0.2430940568447113
7934,0.11891182512044907
7935,0.025453288108110428
7936,0.003520377678796649
7937,0.009432684630155563
7938,0.027335477992892265
7939,0.025453288108110428
7940,0.661790668964386
7941,0.06981746852397919
7942,0.06981746852397919
7943,0.025613907724618912
7944,0.007091642357409
7945,0.5277084112167358
7946,0.9505218267440796
7947,0.039972200989723206
7948,0.8790193200111389
7949,0.11913291364908218
7950,0.013389963656663895
7951,0.08372999727725983
7952,0.21539247035980225
7953,0.16025927662849426
7954,0.9037463665008545
7955,0.06969430297613144
7956,0.023985622450709343
7957,0.3743736445903778
7958,0.011374929919838905
7959,0.9634783267974854
7960,0.8967087268829346
7961,0.8701783418655396
7962,0.9230044484138489
7963,0.029263732954859734
7964,0.029263732954859734
7965,0.1346084624528885
7966,0.03093547187745571
7967,0.02304198034107685
7968,0.059276264160871506
7969,0.002232784405350685
7970,0.010189111344516277
7971,0.49765247106552124
7972,0.11180385202169418
7973,0.013099671341478825
7974,0.052771031856536865
7975,0.05088188499212265
7976,0.03472306951880455
7977,0.10292821377515793
7978,0.06983299553394318
7979,0.0824163407087326
7980,0.02923886477947235
7981,0.6206916570663452
7982,0.010777285322546959
7983,0.048800528049468994
7984,0.17452679574489594
7985,0.010053882375359535
7986,0.03630586713552475
7987,0.09437145292758942
7988,0.07778114825487137
7989,0.08534366637468338
7990,0.6044446229934692
7991,0.05318615585565567
7992,0.025806408375501633
7993,0.026210784912109375
7994,0.03890189155936241
7995,0.12161014974117279
7996,0.2840416133403778
7997,0.9573743343353271
7998,0.049624718725681305
7999,0.09751374274492264
8000,0.05819372832775116
8001,0.004045642446726561
8002,0.010794873349368572
8003,0.058774106204509735
8004,0.0645151287317276
8005,0.045218247920274734
8006,0.08827508985996246
8007,0.07861413806676865
8008,0.9290748834609985
8009,0.09730380773544312
8010,0.07830657064914703
8011,0.02971460111439228
8012,0.04755635932087898
8013,0.02517988532781601
8014,0.7885428071022034
8015,0.9255133867263794
8016,0.08414608985185623
8017,0.08203406631946564
8018,0.04967668652534485
8019,0.8610415458679199
8020,0.42800137400627136
8021,0.12772122025489807
8022,0.9710878133773804
8023,0.9643303155899048
8024,0.8785770535469055
8025,0.041446227580308914
8026,0.868457019329071
8027,0.08962589502334595
8028,0.175489604473114
8029,0.513523519039154
8030,0.008970486000180244
8031,0.9288001656532288
8032,0.0691584125161171
8033,0.08135835081338882
8034,0.057522498071193695
8035,0.12428572028875351
8036,0.24172928929328918
8037,0.08019835501909256
8038,0.08577518165111542
8039,0.012307769618928432
8040,0.006775704212486744
8041,0.130474254488945
8042,0.19371601939201355
8043,0.21470379829406738
8044,0.02018590457737446
8045,0.5039160847663879
8046,0.11856243014335632
8047,0.03653053566813469
8048,0.08867063373327255
8049,0.04149296507239342
8050,0.7202130556106567
8051,0.517008364200592
8052,0.21471171081066132
8053,0.02935274876654148
8054,0.05074625834822655
8055,0.0815095603466034
8056,0.061617981642484665
8057,0.02713738940656185
8058,0.06589263677597046
8059,0.26900675892829895
8060,0.9821507930755615
8061,0.9651544690132141
8062,0.12094642221927643
8063,0.35323816537857056
8064,0.13002939522266388
8065,0.07173702865839005
8066,0.01284170150756836
8067,0.08371031284332275
8068,0.1393955498933792
8069,0.08691607415676117
8070,0.057627156376838684
8071,0.05811984837055206
8072,0.521748423576355
8073,0.06951313465833664
8074,0.9793040752410889
8075,0.0993293896317482
8076,0.028805149719119072
8077,0.7077168226242065
8078,0.06714208424091339
8079,0.01782095804810524
8080,0.09600647538900375
8081,0.12904712557792664
8082,0.9182019829750061
8083,0.048250019550323486
8084,0.09441041946411133
8085,0.17954427003860474
8086,0.1246507540345192
8087,0.03540074825286865
8088,0.0460161492228508
8089,0.07491645961999893
8090,0.058330751955509186
8091,0.05919613689184189
8092,0.019260885193943977
8093,0.13315725326538086
8094,0.31353411078453064
8095,0.0706319808959961
8096,0.026406358927488327
8097,0.5341189503669739
8098,0.2805956304073334
8099,0.0020484933629631996
8100,0.0043425592593848705
8101,0.08537229895591736
8102,0.18024034798145294
8103,0.22119322419166565
8104,0.0038266663905233145
8105,0.9379223585128784
8106,0.008389981463551521
8107,0.27778205275535583
8108,0.025230057537555695
8109,0.19373849034309387
8110,0.23448827862739563
8111,0.034956127405166626
8112,0.02076004073023796
8113,0.02423718385398388
8114,0.0834849625825882
8115,0.44140225648880005
8116,0.22354140877723694
8117,0.581773579120636
8118,0.008909497410058975
8119,0.2033124417066574
8120,0.0746050775051117
8121,0.559548020362854
8122,0.20228731632232666
8123,0.39506441354751587
8124,0.03720758482813835
8125,0.10848439484834671
8126,0.03360404446721077
8127,0.004789726808667183
8128,0.15250422060489655
8129,0.9665006399154663
8130,0.12488560378551483
8131,0.9736378788948059
8132,0.15250422060489655
8133,0.1072298213839531
8134,0.17294161021709442
8135,0.013842392712831497
8136,0.0724160298705101
8137,0.16071082651615143
8138,0.24517804384231567
8139,0.1407172977924347
8140,0.13560818135738373
8141,0.10644184798002243
8142,0.04149287939071655
8143,0.14530763030052185
8144,0.11767476052045822
8145,0.07297384738922119
8146,0.04296064004302025
8147,0.9864098429679871
8148,0.9163834452629089
8149,0.15053018927574158
8150,0.16571421921253204
8151,0.04835785552859306
8152,0.0441327728331089
8153,0.062397826462984085
8154,0.5046793818473816
8155,0.012743448838591576
8156,0.05036495625972748
8157,0.07523447275161743
8158,0.00904003530740738
8159,0.11065275967121124
8160,0.31968212127685547
8161,0.08804060518741608
8162,0.07756073772907257
8163,0.04955100268125534
8164,0.26351189613342285
8165,0.0740760862827301
8166,0.04052422568202019
8167,0.5406960248947144
8168,0.05254222825169563
8169,0.012750859372317791
8170,0.06430535018444061
8171,0.248356431722641
8172,0.019627507776021957
8173,0.5117731690406799
8174,0.01840844377875328
8175,0.09397318214178085
8176,0.022947106510400772
8177,0.2153845578432083
8178,0.012045089155435562
8179,0.4377236068248749
8180,0.2764315903186798
8181,0.2523179054260254
8182,0.2550191283226013
8183,0.2627350091934204
8184,0.9275359511375427
8185,0.969993531703949
8186,0.14285995066165924
8187,0.03750850632786751
8188,0.34564998745918274
8189,0.23245568573474884
8190,0.6606000065803528
8191,0.9651668667793274
8192,0.008546718396246433
8193,0.1159321591258049
8194,0.10543544590473175
8195,0.2447970062494278
8196,0.037446558475494385
8197,0.014051082544028759
8198,0.06381916999816895
8199,0.019537676125764847
8200,0.05901501700282097
8201,0.10855995863676071
8202,0.9634135961532593
8203,0.08738258481025696
8204,0.12640465795993805
8205,0.1901233047246933
8206,0.20283052325248718
8207,0.18448860943317413
8208,0.04348820447921753
8209,0.13416171073913574
8210,0.3306548595428467
8211,0.3384464681148529
8212,0.23237842321395874
8213,0.1580011248588562
8214,0.23965737223625183
8215,0.1935584992170334
8216,0.8714847564697266
8217,0.1442774385213852
8218,0.03864504396915436
8219,0.004366727080196142
8220,0.1856730580329895
8221,0.3177456557750702
8222,0.08377720415592194
8223,0.09922980517148972
8224,0.07058416306972504
8225,0.17396308481693268
8226,0.9471256732940674
8227,0.029201067984104156
8228,0.0837121456861496
8229,0.0783601850271225
8230,0.0017175953835248947
8231,0.7849518656730652
8232,0.2087065875530243
8233,0.10743116587400436
8234,0.32990318536758423
8235,0.14758062362670898
8236,0.8231450915336609
8237,0.9549404978752136
8238,0.28650158643722534
8239,0.10922501981258392
8240,0.8591190576553345
8241,0.6414010524749756
8242,0.004022478125989437
8243,0.018313784152269363
8244,0.027523495256900787
8245,0.15414701402187347
8246,0.08684542775154114
8247,0.08684542775154114
8248,0.9781061410903931
8249,0.030787166208028793
8250,0.09591374546289444
8251,0.08246209472417831
8252,0.051191043108701706
8253,0.07947332412004471
8254,0.03988960385322571
8255,0.043165624141693115
8256,0.1236904039978981
8257,0.13355785608291626
8258,0.15740717947483063
8259,0.8981543183326721
8260,0.38050228357315063
8261,0.12380144745111465
8262,0.12297634780406952
8263,0.13146771490573883
8264,0.5422818064689636
8265,0.029914135113358498
8266,0.018539009615778923
8267,0.12431970238685608
8268,0.0033506432082504034
8269,0.159271240234375
8270,0.2409743368625641
8271,0.15698526799678802
8272,0.9745599031448364
8273,0.012671313248574734
8274,0.0169360488653183
8275,0.0454522967338562
8276,0.044042836874723434
8277,0.07363686710596085
8278,0.26665645837783813
8279,0.13190974295139313
8280,0.06149917095899582
8281,0.9520624279975891
8282,0.5105335116386414
8283,0.36932867765426636
8284,0.030083803460001945
8285,0.6104720830917358
8286,0.08804525434970856
8287,0.06944762170314789
8288,0.09467717260122299
8289,0.3602331578731537
8290,0.09533564746379852
8291,0.024971025064587593
8292,0.06006886437535286
8293,0.0908498764038086
8294,0.022090861573815346
8295,0.26280835270881653
8296,0.12381905317306519
8297,0.055515188723802567
8298,0.08413918316364288
8299,0.09456291049718857
8300,0.7311576008796692
8301,0.09870598465204239
8302,0.22388382256031036
8303,0.20840255916118622
8304,0.07425159215927124
8305,0.06576167047023773
8306,0.0063470094464719296
8307,0.3202872574329376
8308,0.9386352896690369
8309,0.2841184139251709
8310,0.25247901678085327
8311,0.02919921651482582
8312,0.02919921651482582
8313,0.02919921651482582
8314,0.4846886992454529
8315,0.4846886992454529
8316,0.03998198360204697
8317,0.0381731279194355
8318,0.09990423172712326
8319,0.05044202879071236
8320,0.07632333040237427
8321,0.24021627008914948
8322,0.327951580286026
8323,0.19277246296405792
8324,0.2728809118270874
8325,0.05187095329165459
8326,0.08828376233577728
8327,0.018092507496476173
8328,0.001850225031375885
8329,0.3155774474143982
8330,0.07927408069372177
8331,0.05760179087519646
8332,0.08440132439136505
8333,0.1096392422914505
8334,0.09458988904953003
8335,0.011807176284492016
8336,0.24745021760463715
8337,0.20204147696495056
8338,0.06893303990364075
8339,0.9821462035179138
8340,0.944105863571167
8341,0.06797583401203156
8342,0.3094724416732788
8343,0.20685157179832458
8344,0.005374780390411615
8345,0.020628461614251137
8346,0.025189395993947983
8347,0.07084260880947113
8348,0.09473491460084915
8349,0.7575713396072388
8350,0.06285937130451202
8351,0.36601001024246216
8352,0.36121442914009094
8353,0.1378002017736435
8354,0.11645941436290741
8355,0.06310395151376724
8356,0.09396368265151978
8357,0.09222826361656189
8358,0.02972567081451416
8359,0.08321549743413925
8360,0.03578173369169235
8361,0.04969669133424759
8362,0.10810086131095886
8363,0.9924584031105042
8364,0.20162709057331085
8365,0.3583793044090271
8366,0.21976758539676666
8367,0.10727066546678543
8368,0.8699962496757507
8369,0.095596082508564
8370,0.0868862196803093
8371,0.9141623377799988
8372,0.28401845693588257
8373,0.2777099609375
8374,0.034292690455913544
8375,0.059060171246528625
8376,0.06903780251741409
8377,0.0633855015039444
8378,0.1530500203371048
8379,0.10641416162252426
8380,0.9411667585372925
8381,0.022803815081715584
8382,0.09627443552017212
8383,0.03695041313767433
8384,0.10846327990293503
8385,0.43341130018234253
8386,0.03831886500120163
8387,0.10054759681224823
8388,0.08966304361820221
8389,0.06508150696754456
8390,0.3888929784297943
8391,0.01667042449116707
8392,0.06125163286924362
8393,0.1421569585800171
8394,0.10125801712274551
8395,0.052722830325365067
8396,0.2831393778324127
8397,0.9245055913925171
8398,0.834499180316925
8399,0.31961071491241455
8400,0.01683742180466652
8401,0.11883950978517532
8402,0.07624758034944534
8403,0.11395244300365448
8404,0.34393638372421265
8405,0.20302149653434753
8406,0.04302531108260155
8407,0.029650306329131126
8408,0.0890960618853569
8409,0.3337947428226471
8410,0.008669672533869743
8411,0.047359008342027664
8412,0.0978044793009758
8413,0.08433689922094345
8414,0.8307972550392151
8415,0.40091395378112793
8416,0.032279856503009796
8417,0.4783576428890228
8418,0.013861536048352718
8419,0.11772644519805908
8420,0.0043357242830097675
8421,0.02490347996354103
8422,0.06186855584383011
8423,0.017856672406196594
8424,0.8294360041618347
8425,0.011646016500890255
8426,0.06474299728870392
8427,0.6208034753799438
8428,0.35357725620269775
8429,0.9426573514938354
8430,0.515358030796051
8431,0.10707522183656693
8432,0.2235034704208374
8433,0.0050875404849648476
8434,0.04887629672884941
8435,0.3305390477180481
8436,0.09259358793497086
8437,0.09259358793497086
8438,0.1504613161087036
8439,0.8522767424583435
8440,0.3691214323043823
8441,0.687800407409668
8442,0.14707499742507935
8443,0.180879145860672
8444,0.14662839472293854
8445,0.050260402262210846
8446,0.1184176504611969
8447,0.010893044993281364
8448,0.040106553584337234
8449,0.48548826575279236
8450,0.074874147772789
8451,0.1366991102695465
8452,0.01706872507929802
8453,0.06835825741291046
8454,0.9624418020248413
8455,0.17069023847579956
8456,0.10769926756620407
8457,0.16201703250408173
8458,0.1532575935125351
8459,0.1944660097360611
8460,0.31967800855636597
8461,0.11506564915180206
8462,0.04347037523984909
8463,0.18489311635494232
8464,0.887144148349762
8465,0.12148120999336243
8466,0.07933061569929123
8467,0.32462841272354126
8468,0.04834229126572609
8469,0.043892186135053635
8470,0.20006756484508514
8471,0.03059462644159794
8472,0.10809269547462463
8473,0.09027637541294098
8474,0.8907737731933594
8475,0.10698001831769943
8476,0.5074493288993835
8477,0.1607780158519745
8478,0.07393308728933334
8479,0.045240599662065506
8480,0.040280889719724655
8481,0.22816041111946106
8482,0.057584166526794434
8483,0.058165229856967926
8484,0.17329718172550201
8485,0.023251663893461227
8486,0.0819774717092514
8487,0.23668207228183746
8488,0.06060720980167389
8489,0.044054292142391205
8490,0.012780334800481796
8491,0.9815333485603333
8492,0.14325854182243347
8493,0.05081069469451904
8494,0.052619583904743195
8495,0.0386137031018734
8496,0.14386242628097534
8497,0.04688094183802605
8498,0.008430534042418003
8499,0.0067740841768682
8500,0.0035123026464134455
8501,0.0035123026464134455
8502,0.0035123026464134455
8503,0.0210649985820055
8504,0.05368947610259056
8505,0.005507764406502247
8506,0.009239990264177322
8507,0.009239990264177322
8508,0.009239990264177322
8509,0.004985601641237736
8510,0.0069535574875772
8511,0.009239990264177322
8512,0.009239990264177322
8513,0.009239990264177322
8514,0.009239990264177322
8515,0.009239990264177322
8516,0.0031127214897423983
8517,0.005555636249482632
8518,0.005555636249482632
8519,0.005555636249482632
8520,0.005555636249482632
8521,0.005555636249482632
8522,0.005555636249482632
8523,0.003618862945586443
8524,0.007169882766902447
8525,0.0031127214897423983
8526,0.016582272946834564
8527,0.009481233544647694
8528,0.009481233544647694
8529,0.006133828777819872
8530,0.006984107196331024
8531,0.006984107196331024
8532,0.007346365600824356
8533,0.006984107196331024
8534,0.006984107196331024
8535,0.005605835001915693
8536,0.005605835001915693
8537,0.005605835001915693
8538,0.0019477838650345802
8539,0.005605835001915693
8540,0.024313267320394516
8541,0.0030836439691483974
8542,0.005605835001915693
8543,0.005605835001915693
8544,0.006294212769716978
8545,0.006294212769716978
8546,0.006294212769716978
8547,0.006294212769716978
8548,0.006294212769716978
8549,0.006294212769716978
8550,0.006294212769716978
8551,0.006294212769716978
8552,0.006294212769716978
8553,0.006294212769716978
8554,0.014412716962397099
8555,0.018277248367667198
8556,0.042246460914611816
8557,0.0013262135908007622
8558,0.010643488727509975
8559,0.010544213466346264
8560,0.010643488727509975
8561,0.005056499503552914
8562,0.005056499503552914
8563,0.010643488727509975
8564,0.005056499503552914
8565,0.02803478017449379
8566,0.006905217655003071
8567,0.006905217655003071
8568,0.006905217655003071
8569,0.007635905407369137
8570,0.006905217655003071
8571,0.006905217655003071
8572,0.05741119012236595
8573,0.009420964866876602
8574,0.006464187987148762
8575,0.005572128109633923
8576,0.006464187987148762
8577,0.004821315873414278
8578,0.0611831471323967
8579,0.011087499558925629
8580,0.10763119161128998
8581,0.05629556626081467
8582,0.054408665746450424
8583,0.006287938449531794
8584,0.02150004357099533
8585,0.004421420861035585
8586,0.0410664826631546
8587,0.021649399772286415
8588,0.009227465838193893
8589,0.007851630449295044
8590,0.006968196015805006
8591,0.006968196015805006
8592,0.010861929506063461
8593,0.02051493525505066
8594,0.03287079557776451
8595,0.5464690327644348
8596,0.02026725560426712
8597,0.01715420000255108
8598,0.052092988044023514
8599,0.052092988044023514
8600,0.0605008490383625
8601,0.17885608971118927
8602,0.007561584003269672
8603,0.007561584003269672
8604,0.027827994897961617
8605,0.10438605397939682
8606,0.019871534779667854
8607,0.0031784428283572197
8608,0.0031784428283572197
8609,0.0020678353030234575
8610,0.003067562822252512
8611,0.0031784428283572197
8612,0.0031784428283572197
8613,0.013228870928287506
8614,0.007240310776978731
8615,0.025651531293988228
8616,0.04513360559940338
8617,0.06608285754919052
8618,0.013624059036374092
8619,0.016879530623555183
8620,0.007356376387178898
8621,0.905270516872406
8622,0.007356376387178898
8623,0.007356376387178898
8624,0.00427169119939208
8625,0.012549647130072117
8626,0.007356376387178898
8627,0.007356376387178898
8628,0.04010104760527611
8629,0.0227374155074358
8630,0.005108877085149288
8631,0.32034745812416077
8632,0.0826529711484909
8633,0.008151223883032799
8634,0.0045512462966144085
8635,0.010471111163496971
8636,0.0030381500255316496
8637,0.088985875248909
8638,0.017757603898644447
8639,0.007234325632452965
8640,0.007234325632452965
8641,0.007234325632452965
8642,0.006068433169275522
8643,0.004897995851933956
8644,0.006068433169275522
8645,0.006068433169275522
8646,0.006068433169275522
8647,0.006068433169275522
8648,0.006068433169275522
8649,0.006068433169275522
8650,0.006068433169275522
8651,0.006068433169275522
8652,0.006068433169275522
8653,0.006068433169275522
8654,0.04770037904381752
8655,0.10335414856672287
8656,0.09388918429613113
8657,0.046103715896606445
8658,0.011845504865050316
8659,0.015249853022396564
8660,0.006200140342116356
8661,0.006200140342116356
8662,0.04598761349916458
8663,0.015249853022396564
8664,0.015249853022396564
8665,0.006200140342116356
8666,0.006200140342116356
8667,0.015249853022396564
8668,0.29113221168518066
8669,0.062109217047691345
8670,0.04211321845650673
8671,0.01970411278307438
8672,0.05732779949903488
8673,0.015249853022396564
8674,0.05405312404036522
8675,0.043905094265937805
8676,0.027372198179364204
8677,0.0821714848279953
8678,0.011606330052018166
8679,0.315401554107666
8680,0.06820020079612732
8681,0.06820020079612732
8682,0.022267485037446022
8683,0.03151531517505646
8684,0.8985506296157837
8685,0.036207348108291626
8686,0.002682679332792759
8687,0.008769234642386436
8688,0.020041512325406075
8689,0.022715656086802483
8690,0.024065986275672913
8691,0.023712636902928352
8692,0.025651531293988228
8693,0.065485380589962
8694,0.006473884917795658
8695,0.9344672560691833
8696,0.007356376387178898
8697,0.007356376387178898
8698,0.007356376387178898
8699,0.007356376387178898
8700,0.007356376387178898
8701,0.007356376387178898
8702,0.007356376387178898
8703,0.030515676364302635
8704,0.05182288587093353
8705,0.016684845089912415
8706,0.09097208827733994
8707,0.03688112646341324
8708,0.0862421840429306
8709,0.04114820435643196
8710,0.026233317330479622
8711,0.07034732401371002
8712,0.09234588593244553
8713,0.10420776158571243
8714,0.009251447394490242
8715,0.010982953943312168
8716,0.009251447394490242
8717,0.009251447394490242
8718,0.010982953943312168
8719,0.009251447394490242
8720,0.011932021006941795
8721,0.009251447394490242
8722,0.02011529542505741
8723,0.02011529542505741
8724,0.009251447394490242
8725,0.009251447394490242
8726,0.009251447394490242
8727,0.009251447394490242
8728,0.02011529542505741
8729,0.009251447394490242
8730,0.010982953943312168
8731,0.09372720122337341
8732,0.09372720122337341
8733,0.03268400952219963
8734,0.028391718864440918
8735,0.07171902805566788
8736,0.07615082710981369
8737,0.36975109577178955
8738,0.009362760931253433
8739,0.006796526722609997
8740,0.005909609142690897
8741,0.011965173296630383
8742,0.006796526722609997
8743,0.024781247600913048
8744,0.05130361393094063
8745,0.006796526722609997
8746,0.006978143937885761
8747,0.010471111163496971
8748,0.010471111163496971
8749,0.02361452206969261
8750,0.006978143937885761
8751,0.005244303960353136
8752,0.010471111163496971
8753,0.006978143937885761
8754,0.011880435049533844
8755,0.10345715284347534
8756,0.013285246677696705
8757,0.15309971570968628
8758,0.15309971570968628
8759,0.0763760432600975
8760,0.0800098106265068
8761,0.011285173706710339
8762,0.029852693900465965
8763,0.12402531504631042
8764,0.03593979403376579
8765,0.023431207984685898
8766,0.006200140342116356
8767,0.006200140342116356
8768,0.003034641034901142
8769,0.015249853022396564
8770,0.015249853022396564
8771,0.010805184952914715
8772,0.006200140342116356
8773,0.006200140342116356
8774,0.015249853022396564
8775,0.022551825270056725
8776,0.015249853022396564
8777,0.1473676562309265
8778,0.02969810925424099
8779,0.017602205276489258
8780,0.24220684170722961
8781,0.08008898049592972
8782,0.10938341170549393
8783,0.02233046479523182
8784,0.02233046479523182
8785,0.028998589143157005
8786,0.006200140342116356
8787,0.004611555021256208
8788,0.01790737919509411
8789,0.0862421840429306
8790,0.007242000661790371
8791,0.02897166833281517
8792,0.04180331155657768
8793,0.19947576522827148
8794,0.15595367550849915
8795,0.05676685646176338
8796,0.30523407459259033
8797,0.027177555486559868
8798,0.009047932922840118
8799,0.018173038959503174
8800,0.004627769347280264
8801,0.005121014546602964
8802,0.00794703047722578
8803,0.004627769347280264
8804,0.01166586298495531
8805,0.04938778281211853
8806,0.04335988312959671
8807,0.9234286546707153
8808,0.1965561956167221
8809,0.06744229793548584
8810,0.0638132318854332
8811,0.04703107103705406
8812,0.9393795728683472
8813,0.025518683716654778
8814,0.2760698199272156
8815,0.6587401628494263
8816,0.038671307265758514
8817,0.02676623873412609
8818,0.09753420203924179
8819,0.004427826963365078
8820,0.0021490096114575863
8821,0.02818218804895878
8822,0.9393795728683472
8823,0.05780978128314018
8824,0.006730485707521439
8825,0.01156364195048809
8826,0.007091520819813013
8827,0.004328923765569925
8828,0.004328923765569925
8829,0.004427826963365078
8830,0.02081604301929474
8831,0.005678810644894838
8832,0.8684530854225159
8833,0.06953662633895874
8834,0.11963436007499695
8835,0.040297456085681915
8836,0.07466186583042145
8837,0.059759918600320816
8838,0.006200140342116356
8839,0.006200140342116356
8840,0.006200140342116356
8841,0.006200140342116356
8842,0.006200140342116356
8843,0.006200140342116356
8844,0.020768335089087486
8845,0.027901357039809227
8846,0.06088617071509361
8847,0.06088617071509361
8848,0.05437231808900833
8849,0.0055121248587965965
8850,0.008789281360805035
8851,0.008789281360805035
8852,0.0055121248587965965
8853,0.0055121248587965965
8854,0.8601093888282776
8855,0.07136289775371552
8856,0.32983094453811646
8857,0.008789281360805035
8858,0.0034303651191294193
8859,0.03199631720781326
8860,0.0055304053239524364
8861,0.005799589678645134
8862,0.0055304053239524364
8863,0.0034143831580877304
8864,0.007260649930685759
8865,0.007260649930685759
8866,0.06288585066795349
8867,0.007260649930685759
8868,0.04756655544042587
8869,0.05654959753155708
8870,0.04299603030085564
8871,0.18578772246837616
8872,0.037467677146196365
8873,0.006503200624138117
8874,0.06600190699100494
8875,0.09378578513860703
8876,0.0514356903731823
8877,0.08166836202144623
8878,0.019829729571938515
8879,0.35657790303230286
8880,0.9200032353401184
8881,0.35657790303230286
8882,0.010284485295414925
8883,0.04799051955342293
8884,0.006536846049129963
8885,0.006536846049129963
8886,0.006536846049129963
8887,0.006536846049129963
8888,0.14176267385482788
8889,0.015771105885505676
8890,0.009321238845586777
8891,0.025574669241905212
8892,0.010580452159047127
8893,0.01642642170190811
8894,0.040211305022239685
8895,0.06663642078638077
8896,0.09226776659488678
8897,0.03895335644483566
8898,0.009429971687495708
8899,0.0024059629067778587
8900,0.0024059629067778587
8901,0.011508528143167496
8902,0.005520024336874485
8903,0.0024059629067778587
8904,0.0024059629067778587
8905,0.005520024336874485
8906,0.015765853226184845
8907,0.0028393231332302094
8908,0.005520024336874485
8909,0.023478444665670395
8910,0.03371887654066086
8911,0.021570544689893723
8912,0.03753165155649185
8913,0.017531678080558777
8914,0.017437998205423355
8915,0.02676623873412609
8916,0.04302505776286125
8917,0.1228279396891594
8918,0.008725741878151894
8919,0.011397876776754856
8920,0.007840881124138832
8921,0.0127043342217803
8922,0.004629939794540405
8923,0.8899103403091431
8924,0.007313685026019812
8925,0.0550045482814312
8926,0.04671906679868698
8927,0.0019400378223508596
8928,0.028596771880984306
8929,0.002835363382473588
8930,0.006885414477437735
8931,0.002835363382473588
8932,0.011397876776754856
8933,0.01002330332994461
8934,0.030726680532097816
8935,0.005882423836737871
8936,0.01001513097435236
8937,0.016428546980023384
8938,0.8422508835792542
8939,0.08339603990316391
8940,0.016913913190364838
8941,0.03255648538470268
8942,0.050080619752407074
8943,0.0028169185388833284
8944,0.01067151315510273
8945,0.4227474331855774
8946,0.01653899997472763
8947,0.0034555853344500065
8948,0.002864248352125287
8949,0.002864248352125287
8950,0.07233994454145432
8951,0.0028169185388833284
8952,0.008230688981711864
8953,0.08314988017082214
8954,0.01195574551820755
8955,0.008174460381269455
8956,0.07861805707216263
8957,0.008221893571317196
8958,0.0065756430849432945
8959,0.019685447216033936
8960,0.016622591763734818
8961,0.044249311089515686
8962,0.05802861973643303
8963,0.05846846476197243
8964,0.030249522998929024
8965,0.8710996508598328
8966,0.0077133020386099815
8967,0.018595298752188683
8968,0.0026056501083076
8969,0.00577489985153079
8970,0.00577489985153079
8971,0.02983694151043892
8972,0.006558406166732311
8973,0.0022562688682228327
8974,0.0022562688682228327
8975,0.0022562688682228327
8976,0.0022562688682228327
8977,0.0022562688682228327
8978,0.0022562688682228327
8979,0.0022562688682228327
8980,0.0022562688682228327
8981,0.0022562688682228327
8982,0.0022562688682228327
8983,0.0016674187500029802
8984,0.001924533280543983
8985,0.0022562688682228327
8986,0.0022562688682228327
8987,0.0022562688682228327
8988,0.0022562688682228327
8989,0.0022562688682228327
8990,0.0022562688682228327
8991,0.09501916170120239
8992,0.01730344258248806
8993,0.01730344258248806
8994,0.015812691301107407
8995,0.015511458739638329
8996,0.010923630557954311
8997,0.005666916724294424
8998,0.08047948032617569
8999,0.007877415046095848
9000,0.015025661326944828
9001,0.06842254847288132
9002,0.0022011506371200085
9003,0.011985387653112411
9004,0.07803806662559509
9005,0.017551671713590622
9006,0.0017831246368587017
9007,0.006468832492828369
9008,0.011002149432897568
9009,0.011280646547675133
9010,0.006159565411508083
9011,0.007091044448316097
9012,0.02462444081902504
9013,0.022189302369952202
9014,0.004871003329753876
9015,0.004204938188195229
9016,0.01993383653461933
9017,0.014117024838924408
9018,0.0055860537104308605
9019,0.016647685319185257
9020,0.014922982081770897
9021,0.009539451450109482
9022,0.007091044448316097
9023,0.022189302369952202
9024,0.03646245226264
9025,0.03907718136906624
9026,0.0019061919301748276
9027,0.006113404408097267
9028,0.004142771940678358
9029,0.0025419534649699926
9030,0.005896941293030977
9031,0.029305467382073402
9032,0.0025419534649699926
9033,0.0025419534649699926
9034,0.0010557480854913592
9035,0.0010557480854913592
9036,0.0025419534649699926
9037,0.008734935894608498
9038,0.0010557480854913592
9039,0.004142771940678358
9040,0.004142771940678358
9041,0.0025419534649699926
9042,7.413959829136729e-4
9043,0.002901975065469742
9044,0.013387695886194706
9045,0.07655633240938187
9046,0.016073212027549744
9047,0.07784342765808105
9048,0.002991552697494626
9049,0.00915294885635376
9050,0.02919330820441246
9051,0.0021482857409864664
9052,0.0048798150382936
9053,0.006160356104373932
9054,0.04852357879281044
9055,0.052534740418195724
9056,0.06642508506774902
9057,0.02478167414665222
9058,0.11357734352350235
9059,0.043449364602565765
9060,0.014615210704505444
9061,0.04128367826342583
9062,0.001892690546810627
9063,0.0015500106383115053
9064,0.00990036316215992
9065,0.0019629932940006256
9066,0.0043598683550953865
9067,0.0015953106340020895
9068,0.0019629932940006256
9069,0.0019629932940006256
9070,0.02048845961689949
9071,0.005606441292911768
9072,0.0015500106383115053
9073,0.002127954037860036
9074,0.002127954037860036
9075,0.002199917333200574
9076,0.002127954037860036
9077,0.022168640047311783
9078,0.002199917333200574
9079,0.0015500106383115053
9080,0.002127954037860036
9081,0.0015500106383115053
9082,0.0015500106383115053
9083,0.03017796203494072
9084,0.028912274166941643
9085,0.002199917333200574
9086,0.0015500106383115053
9087,0.01792050711810589
9088,0.0015500106383115053
9089,0.0024218077305704355
9090,0.0034424245823174715
9091,0.06281522661447525
9092,0.04764213785529137
9093,0.002199917333200574
9094,0.002127954037860036
9095,0.009269673377275467
9096,0.007598171476274729
9097,0.0029291638638824224
9098,0.016312872990965843
9099,0.8637285828590393
9100,0.0018152031116187572
9101,0.002964210929349065
9102,0.002507645171135664
9103,0.001659655594266951
9104,0.002507645171135664
9105,0.002507645171135664
9106,0.002507645171135664
9107,0.001659655594266951
9108,0.002507645171135664
9109,0.002507645171135664
9110,0.04869883507490158
9111,0.024509472772479057
9112,0.008037235587835312
9113,0.0053285700269043446
9114,0.028513023629784584
9115,0.019299019128084183
9116,0.0034591767471283674
9117,0.004021786618977785
9118,0.03546920046210289
9119,0.032940857112407684
9120,0.017397530376911163
9121,0.016885820776224136
9122,0.002186152618378401
9123,0.008420554921030998
9124,0.004000156652182341
9125,0.043082088232040405
9126,0.17444421350955963
9127,0.0022883922792971134
9128,0.008210699073970318
9129,0.021927790716290474
9130,0.024421242997050285
9131,0.009788215160369873
9132,0.008210699073970318
9133,0.08216160535812378
9134,0.7556643486022949
9135,0.14472384750843048
9136,0.0024792335461825132
9137,0.0024792335461825132
9138,0.0024792335461825132
9139,0.0024792335461825132
9140,7.847620290704072e-4
9141,0.0024792335461825132
9142,0.0079527348279953
9143,0.006734688300639391
9144,0.0024792335461825132
9145,0.0024792335461825132
9146,0.0017308745300397277
9147,0.0024792335461825132
9148,0.002059235470369458
9149,0.6327517628669739
9150,0.02920473739504814
9151,0.006418288219720125
9152,0.023588623851537704
9153,0.014774895273149014
9154,0.02222358249127865
9155,0.07870755344629288
9156,0.0456928126513958
9157,0.014033496379852295
9158,0.0014600646682083607
9159,0.044219713658094406
9160,0.0015129995299503207
9161,0.0015129995299503207
9162,0.0014600646682083607
9163,0.0015129995299503207
9164,0.0015129995299503207
9165,0.0013278857804834843
9166,0.008233313448727131
9167,0.0013278857804834843
9168,0.0015129995299503207
9169,0.0477960929274559
9170,0.0066620768047869205
9171,0.0034279939718544483
9172,0.0051043033599853516
9173,0.0034279939718544483
9174,0.0051043033599853516
9175,0.0034279939718544483
9176,0.0022851177491247654
9177,0.0022851177491247654
9178,0.0022851177491247654
9179,0.0022851177491247654
9180,0.0035624532029032707
9181,0.0022851177491247654
9182,0.0022851177491247654
9183,0.0022851177491247654
9184,0.0022851177491247654
9185,0.0022851177491247654
9186,0.0022851177491247654
9187,0.0022851177491247654
9188,0.0022851177491247654
9189,0.0022851177491247654
9190,0.001981068169698119
9191,0.0022851177491247654
9192,0.0022851177491247654
9193,0.0022851177491247654
9194,0.0022851177491247654
9195,0.0022851177491247654
9196,0.029235679656267166
9197,0.00335295288823545
9198,0.003556405194103718
9199,0.027669917792081833
9200,0.006505003198981285
9201,0.02063894271850586
9202,0.001981068169698119
9203,0.0022851177491247654
9204,0.01062231045216322
9205,0.014122958295047283
9206,0.004415350500494242
9207,0.007566921412944794
9208,0.0016046437667682767
9209,0.023470234125852585
9210,0.0027157666627317667
9211,0.0027157666627317667
9212,0.02196001261472702
9213,0.015454110689461231
9214,0.03113415651023388
9215,0.0062053753063082695
9216,0.0062053753063082695
9217,0.008913228288292885
9218,0.003120979992672801
9219,0.0024923733435571194
9220,0.03352053835988045
9221,0.02041316218674183
9222,0.022556155920028687
9223,0.07595855742692947
9224,0.011955014429986477
9225,0.001731971511617303
9226,0.001731971511617303
9227,0.05478783696889877
9228,0.0136431148275733
9229,0.001731971511617303
9230,0.002205837983638048
9231,0.001731971511617303
9232,0.001731971511617303
9233,0.01784813590347767
9234,0.06488756835460663
9235,0.08836910128593445
9236,0.01254632044583559
9237,0.02512449398636818
9238,0.002627260982990265
9239,0.017839863896369934
9240,0.0030502397567033768
9241,0.0030502397567033768
9242,0.003310611005872488
9243,0.011450565420091152
9244,0.018690042197704315
9245,0.02559015341103077
9246,0.002323353663086891
9247,0.002323353663086891
9248,0.0014761693309992552
9249,0.002323353663086891
9250,0.002323353663086891
9251,0.002323353663086891
9252,0.002323353663086891
9253,0.002323353663086891
9254,0.002323353663086891
9255,0.002323353663086891
9256,0.002323353663086891
9257,0.002323353663086891
9258,0.03395852819085121
9259,0.03395852819085121
9260,0.03298715129494667
9261,0.03395852819085121
9262,0.03395852819085121
9263,0.03395852819085121
9264,0.03395852819085121
9265,0.03395852819085121
9266,0.03395852819085121
9267,0.03395852819085121
9268,0.03395852819085121
9269,0.03395852819085121
9270,0.13054904341697693
9271,0.021853270009160042
9272,0.037166208028793335
9273,0.0036317810881882906
9274,0.0036317810881882906
9275,0.0036317810881882906
9276,0.0036317810881882906
9277,0.0036317810881882906
9278,0.0036317810881882906
9279,0.005988490767776966
9280,0.0036317810881882906
9281,0.0036317810881882906
9282,0.0018352214246988297
9283,0.001477873302064836
9284,0.002623029751703143
9285,0.09841606020927429
9286,0.038501664996147156
9287,0.02584867551922798
9288,0.038501664996147156
9289,0.038501664996147156
9290,0.02584867551922798
9291,0.038501664996147156
9292,0.0657215490937233
9293,0.027243949472904205
9294,0.0657215490937233
9295,0.013509506359696388
9296,0.19272148609161377
9297,0.0014809572603553534
9298,0.0014809572603553534
9299,0.003810808528214693
9300,0.003810808528214693
9301,0.006639555562287569
9302,0.003810808528214693
9303,0.003810808528214693
9304,0.005697629880160093
9305,0.014972331933677197
9306,0.0033697723411023617
9307,0.009683916345238686
9308,0.009683916345238686
9309,0.013967624865472317
9310,0.014723521657288074
9311,0.02635986916720867
9312,0.07414364814758301
9313,0.021634722128510475
9314,0.0085596377030015
9315,0.0085596377030015
9316,0.0085596377030015
9317,0.0085596377030015
9318,0.012023874558508396
9319,0.0085596377030015
9320,0.0085596377030015
9321,0.0085596377030015
9322,0.0085596377030015
9323,0.01038307510316372
9324,0.0085596377030015
9325,0.0085596377030015
9326,0.009783067740499973
9327,0.0085596377030015
9328,0.0085596377030015
9329,0.0085596377030015
9330,0.0085596377030015
9331,0.0085596377030015
9332,0.0085596377030015
9333,0.0085596377030015
9334,0.0085596377030015
9335,0.0085596377030015
9336,0.020161548629403114
9337,0.020161548629403114
9338,0.014328986406326294
9339,0.030538832768797874
9340,0.029046662151813507
9341,0.04108632355928421
9342,0.02758178859949112
9343,0.005330132320523262
9344,0.012871275655925274
9345,0.005330132320523262
9346,0.008623974397778511
9347,0.03412339463829994
9348,0.011607440188527107
9349,0.011607440188527107
9350,0.007091558538377285
9351,0.011607440188527107
9352,0.02839639224112034
9353,0.0508202388882637
9354,0.008586796931922436
9355,0.008279729634523392
9356,0.011334654875099659
9357,0.0044521549716591835
9358,0.008440457284450531
9359,0.008440457284450531
9360,0.009223482571542263
9361,0.008440457284450531
9362,0.002507765544578433
9363,0.008440457284450531
9364,0.0044521549716591835
9365,0.009223482571542263
9366,0.008440457284450531
9367,0.026447702199220657
9368,0.026020456105470657
9369,0.013846767134964466
9370,0.08442656695842743
9371,0.01321093738079071
9372,0.02115783467888832
9373,0.005317592062056065
9374,0.005317592062056065
9375,0.014134177006781101
9376,0.005317592062056065
9377,0.005317592062056065
9378,0.005658513400703669
9379,0.005658513400703669
9380,0.006095930002629757
9381,0.005658513400703669
9382,0.006095930002629757
9383,0.005658513400703669
9384,0.0377567782998085
9385,0.02387823723256588
9386,0.0027977058198302984
9387,0.008917231112718582
9388,0.0027977058198302984
9389,0.0027977058198302984
9390,0.016135763376951218
9391,0.006972317583858967
9392,0.005226066801697016
9393,0.011882019229233265
9394,0.006972317583858967
9395,0.005226066801697016
9396,0.006972317583858967
9397,0.006972317583858967
9398,0.005226066801697016
9399,0.005226066801697016
9400,0.011882019229233265
9401,0.005226066801697016
9402,0.006972317583858967
9403,0.011882019229233265
9404,0.006972317583858967
9405,0.018193325027823448
9406,0.005226066801697016
9407,0.03582010790705681
9408,0.038000430911779404
9409,0.0035470223519951105
9410,0.0035470223519951105
9411,0.0035470223519951105
9412,0.00460834288969636
9413,0.003187050810083747
9414,0.003187050810083747
9415,0.0035470223519951105
9416,0.003187050810083747
9417,0.003187050810083747
9418,0.003187050810083747
9419,0.003187050810083747
9420,0.007506231777369976
9421,0.007506231777369976
9422,0.0073751057498157024
9423,0.007506231777369976
9424,0.007506231777369976
9425,0.007506231777369976
9426,0.007506231777369976
9427,0.04526820778846741
9428,0.02783477120101452
9429,0.04526820778846741
9430,0.8465503454208374
9431,0.00333981029689312
9432,0.046608250588178635
9433,0.01559476274996996
9434,0.06137408688664436
9435,0.02967420406639576
9436,0.011107605881989002
9437,0.011107605881989002
9438,0.003022886114194989
9439,0.00877851527184248
9440,0.00877851527184248
9441,0.007836916483938694
9442,0.00877851527184248
9443,0.00877851527184248
9444,0.003022886114194989
9445,0.02428649738430977
9446,0.02983860671520233
9447,0.022192370146512985
9448,0.02625698409974575
9449,0.029424099251627922
9450,0.037087615579366684
9451,0.005611632484942675
9452,0.0026312684640288353
9453,0.0026312684640288353
9454,0.005611632484942675
9455,0.005611632484942675
9456,0.005611632484942675
9457,0.005611632484942675
9458,0.005611632484942675
9459,0.005611632484942675
9460,0.005611632484942675
9461,0.005611632484942675
9462,0.005611632484942675
9463,0.005611632484942675
9464,0.005611632484942675
9465,0.005611632484942675
9466,0.0026312684640288353
9467,0.005611632484942675
9468,0.013028900139033794
9469,0.005611632484942675
9470,0.005611632484942675
9471,0.005611632484942675
9472,0.005611632484942675
9473,0.050783101469278336
9474,0.06440963596105576
9475,0.07406020164489746
9476,0.06440963596105576
9477,0.050783101469278336
9478,0.04067685455083847
9479,0.03286553546786308
9480,0.07271318882703781
9481,0.07271318882703781
9482,0.037996433675289154
9483,0.03831884637475014
9484,0.02437450923025608
9485,0.0071176872588694096
9486,0.03933703526854515
9487,0.0071176872588694096
9488,0.015125911682844162
9489,0.11456231027841568
9490,0.016605475917458534
9491,0.012932002544403076
9492,0.012932002544403076
9493,0.026146868243813515
9494,0.010952829383313656
9495,0.004912897013127804
9496,0.004912897013127804
9497,0.004912897013127804
9498,0.004912897013127804
9499,0.004912897013127804
9500,0.004912897013127804
9501,0.004912897013127804
9502,0.004912897013127804
9503,0.036039430648088455
9504,0.004912897013127804
9505,0.004912897013127804
9506,0.004912897013127804
9507,0.004912897013127804
9508,0.004912897013127804
9509,0.004912897013127804
9510,0.026550451293587685
9511,0.03523743897676468
9512,0.023074528202414513
9513,0.0326087549328804
9514,0.0326087549328804
9515,0.021740209311246872
9516,0.012819059193134308
9517,0.038499776273965836
9518,0.10874246805906296
9519,0.02361408807337284
9520,0.004535020794719458
9521,0.004535020794719458
9522,0.004535020794719458
9523,0.004535020794719458
9524,0.004535020794719458
9525,0.004535020794719458
9526,0.004535020794719458
9527,0.009493687190115452
9528,0.0042319530621171
9529,0.006379588507115841
9530,0.0042319530621171
9531,0.009493687190115452
9532,0.004535020794719458
9533,0.009493687190115452
9534,0.004535020794719458
9535,0.009493687190115452
9536,0.009493687190115452
9537,0.004535020794719458
9538,0.004535020794719458
9539,0.004535020794719458
9540,0.004535020794719458
9541,0.009493687190115452
9542,0.004535020794719458
9543,0.004535020794719458
9544,0.004535020794719458
9545,0.009493687190115452
9546,0.004535020794719458
9547,0.0051406673155725
9548,0.0023260798770934343
9549,0.0051406673155725
9550,0.04107242450118065
9551,0.017553595826029778
9552,0.0047562699764966965
9553,0.0047562699764966965
9554,0.0047562699764966965
9555,0.024363882839679718
9556,0.01651562564074993
9557,0.011248702183365822
9558,0.11509684473276138
9559,0.016301529482007027
9560,0.0021895146928727627
9561,0.016301529482007027
9562,0.0022497246973216534
9563,0.0021895146928727627
9564,0.0016935492167249322
9565,0.0016935492167249322
9566,0.014777609147131443
9567,0.011596301570534706
9568,0.010525916703045368
9569,0.020941175520420074
9570,0.00717100640758872
9571,0.0011449252488091588
9572,0.0020144139416515827
9573,0.002122388454154134
9574,0.0020144139416515827
9575,0.005566531792283058
9576,0.00247029191814363
9577,0.0020144139416515827
9578,0.00247029191814363
9579,0.0020144139416515827
9580,0.0020144139416515827
9581,0.0020144139416515827
9582,0.00247029191814363
9583,0.00247029191814363
9584,0.0020144139416515827
9585,0.0020144139416515827
9586,0.009851842187345028
9587,0.04852450266480446
9588,0.002122388454154134
9589,0.010846161283552647
9590,0.02281438559293747
9591,0.00247029191814363
9592,0.00247029191814363
9593,0.005287795793265104
9594,0.00717100640758872
9595,0.030998021364212036
9596,0.010846161283552647
9597,0.022821662947535515
9598,0.017371732741594315
9599,0.0098646841943264
9600,0.0098646841943264
9601,0.01732862927019596
9602,0.02719556726515293
9603,0.001731352531351149
9604,0.001731352531351149
9605,0.003729092190042138
9606,0.001731352531351149
9607,0.0016302320873364806
9608,0.01849512942135334
9609,0.001731352531351149
9610,0.001731352531351149
9611,0.0016302320873364806
9612,0.001731352531351149
9613,0.001731352531351149
9614,0.0016302320873364806
9615,0.001731352531351149
9616,0.001731352531351149
9617,0.001731352531351149
9618,0.001731352531351149
9619,0.001731352531351149
9620,0.001731352531351149
9621,0.001731352531351149
9622,0.0025832729879766703
9623,0.0016302320873364806
9624,0.001731352531351149
9625,0.001731352531351149
9626,0.001880653784610331
9627,0.003636651672422886
9628,0.0035394548904150724
9629,0.003333084052428603
9630,0.0035394548904150724
9631,0.0027624405920505524
9632,0.0035394548904150724
9633,0.019580328837037086
9634,0.038069505244493484
9635,0.008966024033725262
9636,0.01596136949956417
9637,0.010365510359406471
9638,0.030097950249910355
9639,0.019734034314751625
9640,0.003513309406116605
9641,0.003513309406116605
9642,0.003513309406116605
9643,0.003513309406116605
9644,0.0076187909580767155
9645,0.002726737642660737
9646,0.002726737642660737
9647,0.003513309406116605
9648,0.003513309406116605
9649,0.0063817622140049934
9650,0.009411010891199112
9651,0.03496851027011871
9652,0.04175172746181488
9653,0.0673675388097763
9654,0.027412965893745422
9655,0.0029697855934500694
9656,0.0029697855934500694
9657,0.0029697855934500694
9658,0.0029697855934500694
9659,0.0029697855934500694
9660,0.005046263802796602
9661,0.040400076657533646
9662,0.014717082493007183
9663,0.004097240976989269
9664,0.12662248313426971
9665,0.004097240976989269
9666,0.004097240976989269
9667,0.004097240976989269
9668,0.004097240976989269
9669,0.01774713583290577
9670,0.013356241397559643
9671,0.038541294634342194
9672,0.035114776343107224
9673,0.021224427968263626
9674,0.005500223487615585
9675,0.01578219048678875
9676,0.006761179771274328
9677,0.015400414355099201
9678,0.053377699106931686
9679,0.024865461513400078
9680,0.012115170247852802
9681,0.02021758444607258
9682,0.007005188148468733
9683,0.07237491011619568
9684,0.02859271690249443
9685,0.04257959872484207
9686,0.016828393563628197
9687,0.010952197946608067
9688,0.02610117569565773
9689,0.050861239433288574
9690,0.06090743839740753
9691,0.15879887342453003
9692,0.012962562032043934
9693,0.005514043848961592
9694,0.9161684513092041
9695,0.005245403852313757
9696,0.0014951782068237662
9697,0.04624887928366661
9698,0.0679960772395134
9699,0.020878316834568977
9700,0.9156507253646851
9701,0.16267387568950653
9702,0.14004424214363098
9703,0.18924111127853394
9704,0.1042538434267044
9705,0.006518882233649492
9706,0.06804096698760986
9707,0.5035823583602905
9708,0.0035364171490073204
9709,0.0035364171490073204
9710,0.0035364171490073204
9711,0.022485433146357536
9712,0.011584648862481117
9713,0.011584648862481117
9714,0.042005401104688644
9715,0.022016437724232674
9716,0.08999920636415482
9717,0.003012377768754959
9718,0.003012377768754959
9719,0.09758592396974564
9720,0.003012377768754959
9721,0.06243812292814255
9722,0.1012166440486908
9723,0.1985074281692505
9724,0.034152835607528687
9725,0.16865402460098267
9726,0.04529022425413132
9727,0.34082597494125366
9728,0.008450072258710861
9729,0.05876288190484047
9730,0.011343319900333881
9731,0.06723948568105698
9732,0.9388024210929871
9733,0.21118003129959106
9734,0.004794880282133818
9735,0.014714503660798073
9736,0.018024684861302376
9737,0.04908200725913048
9738,0.01038480456918478
9739,0.025761649012565613
9740,0.02381400391459465
9741,0.010409468784928322
9742,0.018069949001073837
9743,0.02073887176811695
9744,0.012048028409481049
9745,0.13114044070243835
9746,0.016048863530158997
9747,0.08119283616542816
9748,0.011659481562674046
9749,0.006521677598357201
9750,0.013659180141985416
9751,0.020899705588817596
9752,0.008337189443409443
9753,0.013013696298003197
9754,0.0015414936933666468
9755,0.008034969680011272
9756,0.005296666640788317
9757,0.009894129820168018
9758,0.013149252161383629
9759,0.030716873705387115
9760,0.023403460159897804
9761,0.016086142510175705
9762,0.005128704477101564
9763,0.005128704477101564
9764,0.011722350493073463
9765,0.004405823536217213
9766,0.017470218241214752
9767,0.009668258018791676
9768,0.006805143319070339
9769,0.0055136410519480705
9770,0.01751238852739334
9771,0.02017505094408989
9772,0.0079985735937953
9773,0.010291987098753452
9774,0.00483348174020648
9775,0.005099109373986721
9776,0.021574711427092552
9777,0.019763387739658356
9778,0.2852885127067566
9779,0.12164319306612015
9780,0.02600865066051483
9781,0.009771263226866722
9782,0.01852555014193058
9783,0.01678198017179966
9784,0.02132929116487503
9785,0.0093837920576334
9786,0.030320674180984497
9787,0.14568355679512024
9788,0.009046805091202259
9789,0.021893369033932686
9790,0.0391845740377903
9791,0.020602747797966003
9792,0.04245428740978241
9793,0.02140345796942711
9794,0.023865746334195137
9795,0.008339101448655128
9796,0.010485335253179073
9797,0.016195986419916153
9798,0.005880430340766907
9799,0.027309827506542206
9800,0.05082831159234047
9801,0.05758143961429596
9802,0.017085373401641846
9803,0.0067867557518184185
9804,0.00714869936928153
9805,0.0067867557518184185
9806,0.00714869936928153
9807,0.00714869936928153
9808,0.00714869936928153
9809,0.00714869936928153
9810,0.00714869936928153
9811,0.05439336970448494
9812,0.007733795791864395
9813,0.007733795791864395
9814,0.007733795791864395
9815,0.007733795791864395
9816,0.018113046884536743
9817,0.007733795791864395
9818,0.00714869936928153
9819,0.020396556705236435
9820,0.007733795791864395
9821,0.007733795791864395
9822,0.07896364480257034
9823,0.24995923042297363
9824,0.02179589867591858
9825,0.607923686504364
9826,0.0556718111038208
9827,0.015908868983387947
9828,0.008552041836082935
9829,0.054534509778022766
9830,0.0024871176574379206
9831,0.009274574927985668
9832,0.025581195950508118
9833,0.03056483343243599
9834,0.031804461032152176
9835,0.003785957582294941
9836,0.025483254343271255
9837,0.014347262680530548
9838,0.10541905462741852
9839,0.04538890719413757
9840,0.03313140571117401
9841,0.05029340088367462
9842,0.006575941573828459
9843,0.01651485078036785
9844,0.1242252066731453
9845,0.017955493181943893
9846,0.015376094728708267
9847,0.1137455627322197
9848,0.14413578808307648
9849,0.025800518691539764
9850,0.018220780417323112
9851,0.018030256032943726
9852,0.05245839059352875
9853,0.05303327366709709
9854,0.9396984577178955
9855,0.02338053099811077
9856,0.03488660976290703
9857,0.11517061293125153
9858,0.04810190573334694
9859,0.052144601941108704
9860,0.034826166927814484
9861,0.010943354107439518
9862,0.013279322534799576
9863,0.00981188751757145
9864,0.06628943979740143
9865,0.04694534093141556
9866,0.038559552282094955
9867,0.013374450616538525
9868,0.03630524501204491
9869,0.0068014636635780334
9870,0.07500935345888138
9871,0.03701300919055939
9872,0.0064750537276268005
9873,0.030400704592466354
9874,0.05114397779107094
9875,0.026291098445653915
9876,0.029218779876828194
9877,0.010186764411628246
9878,0.030398180708289146
9879,0.027219021692872047
9880,0.027219021692872047
9881,0.0646434798836708
9882,0.03983146324753761
9883,0.015487099066376686
9884,0.03408311307430267
9885,0.07060816138982773
9886,0.014414850622415543
9887,0.015408267267048359
9888,0.04389204829931259
9889,0.09115015715360641
9890,0.0301092267036438
9891,0.04353388771414757
9892,0.0215810127556324
9893,0.026532568037509918
9894,0.009967953898012638
9895,0.02228568121790886
9896,0.013543457724153996
9897,0.00481210183352232
9898,0.01834893971681595
9899,0.006705171894282103
9900,0.06460647284984589
9901,0.029264403507113457
9902,0.030539575964212418
9903,0.0058573586866259575
9904,0.027269279584288597
9905,0.04231536388397217
9906,0.030330883339047432
9907,0.004549248144030571
9908,0.01566198654472828
9909,0.07015980780124664
9910,0.03265880420804024
9911,0.07015980780124664
9912,0.02687009796500206
9913,0.036926429718732834
9914,0.01759621873497963
9915,0.003979245200753212
9916,0.0036199581809341908
9917,0.003263432765379548
9918,0.03412825986742973
9919,0.007434573955833912
9920,0.031539931893348694
9921,0.021363668143749237
9922,0.015794016420841217
9923,0.03997034579515457
9924,0.02968534827232361
9925,0.023555917665362358
9926,0.03494160994887352
9927,0.013595450669527054
9928,0.03066730499267578
9929,0.03885754942893982
9930,0.19152666628360748
9931,0.01547355204820633
9932,0.03719618171453476
9933,0.04394681006669998
9934,0.006755203474313021
9935,0.038485102355480194
9936,0.11577799916267395
9937,0.012657790444791317
9938,0.004510809667408466
9939,0.007566008251160383
9940,0.007044800091534853
9941,0.8954846262931824
9942,0.04516686871647835
9943,0.008285335265100002
9944,0.004332684446126223
9945,0.8972623348236084
9946,0.33912503719329834
9947,0.017471453174948692
9948,0.031779877841472626
9949,0.030075615271925926
9950,0.05871487408876419
9951,0.013295563869178295
9952,0.0109641682356596
9953,0.003887562546879053
9954,0.04203701391816139
9955,0.028903063386678696
9956,0.03270432725548744
9957,0.022230977192521095
9958,0.02955133281648159
9959,0.016210032626986504
9960,0.003603185061365366
9961,0.030005061998963356
9962,0.007978568784892559
9963,0.013993530534207821
9964,0.030005061998963356
9965,0.017364758998155594
9966,0.04627501964569092
9967,0.008358070626854897
9968,0.0036957699339836836
9969,0.022468145936727524
9970,0.0759844183921814
9971,0.5911052227020264
9972,0.02571001648902893
9973,0.06724321097135544
9974,0.04859345033764839
9975,0.02502989023923874
9976,0.041426148265600204
9977,0.017051350325345993
9978,0.02845546416938305
9979,0.03286679461598396
9980,0.03169935196638107
9981,0.028275569900870323
9982,0.00798110943287611
9983,0.016785088926553726
9984,0.0164811871945858
9985,0.02702372334897518
9986,0.02236386388540268
9987,0.06562385708093643
9988,0.009142364375293255
9989,0.02163917012512684
9990,0.009660303592681885
9991,0.04852753132581711
9992,0.04852753132581711
9993,0.003990733064711094
9994,0.013045582920312881
9995,0.009184321388602257
9996,0.027633653953671455
9997,0.010511435568332672
9998,0.028352946043014526
9999,0.008613772690296173
10000,0.027580007910728455
10001,0.04874398559331894
10002,0.007153273094445467
10003,0.010470612905919552
10004,0.008127687498927116
10005,0.02506251633167267
10006,0.017359193414449692
10007,0.006817455869168043
10008,0.013738255947828293
10009,0.03595766797661781
10010,0.019468488171696663
10011,0.0021091338712722063
10012,0.0021091338712722063
10013,0.0035607456229627132
10014,0.004678794648498297
10015,0.0021091338712722063
10016,0.0021091338712722063
10017,0.0021091338712722063
10018,0.0021091338712722063
10019,0.0021091338712722063
10020,0.0021091338712722063
10021,0.004647310823202133
10022,0.0021091338712722063
10023,0.004647310823202133
10024,0.0021091338712722063
10025,0.004647310823202133
10026,0.0376712828874588
10027,0.008189613930881023
10028,0.008189613930881023
10029,0.05880877748131752
10030,0.016614029183983803
10031,0.08617787063121796
10032,0.06169470399618149
10033,0.08617787063121796
10034,0.05994788184762001
10035,0.040484290570020676
10036,0.05024231970310211
10037,0.013252177275717258
10038,0.013252177275717258
10039,0.050500620156526566
10040,0.05452829599380493
10041,0.006600140128284693
10042,0.012467030435800552
10043,0.002816252876073122
10044,0.020074719563126564
10045,0.005131965968757868
10046,0.005131965968757868
10047,0.019700005650520325
10048,0.0029616134706884623
10049,0.012315475381910801
10050,9.700218215584755e-4
10051,0.0013772464590147138
10052,0.0011531173950061202
10053,9.700218215584755e-4
10054,0.03137356787919998
10055,0.024903833866119385
10056,0.028520943596959114
10057,0.02018282562494278
10058,0.027140889316797256
10059,0.02018282562494278
10060,0.018918456509709358
10061,0.044751644134521484
10062,0.009321353398263454
10063,0.02367370016872883
10064,0.002751163672655821
10065,0.0025412682443857193
10066,0.018206186592578888
10067,0.004077977500855923
10068,0.019119981676340103
10069,0.004077977500855923
10070,0.019119981676340103
10071,0.019119981676340103
10072,0.004077977500855923
10073,0.006776339840143919
10074,0.0013810851378366351
10075,0.0013810851378366351
10076,0.06144687905907631
10077,0.03555916249752045
10078,0.0014151070499792695
10079,0.0014151070499792695
10080,0.00974864512681961
10081,0.05113690719008446
10082,0.002439808566123247
10083,0.02784922532737255
10084,0.005834628362208605
10085,0.016242025420069695
10086,0.02720620296895504
10087,0.0030348848085850477
10088,0.0030348848085850477
10089,0.003997719846665859
10090,0.003997719846665859
10091,0.003997719846665859
10092,0.025050021708011627
10093,0.038350917398929596
10094,0.007615640759468079
10095,0.02572675421833992
10096,0.02833303064107895
10097,0.06230587512254715
10098,0.056084200739860535
10099,0.017975332215428352
10100,0.002898159669712186
10101,0.002898159669712186
10102,0.002898159669712186
10103,0.002898159669712186
10104,0.002898159669712186
10105,0.006175397429615259
10106,0.04251478984951973
10107,0.013971198350191116
10108,0.002898159669712186
10109,0.002898159669712186
10110,0.0651383325457573
10111,0.002898159669712186
10112,0.002898159669712186
10113,0.006175397429615259
10114,0.020814357325434685
10115,0.002898159669712186
10116,0.002898159669712186
10117,0.05568721517920494
10118,0.002898159669712186
10119,0.8990380167961121
10120,0.002898159669712186
10121,0.002898159669712186
10122,0.002898159669712186
10123,0.003860685508698225
10124,0.002898159669712186
10125,0.002898159669712186
10126,0.002898159669712186
10127,0.002898159669712186
10128,0.002898159669712186
10129,0.002898159669712186
10130,0.002898159669712186
10131,0.002898159669712186
10132,0.002898159669712186
10133,0.006175397429615259
10134,0.002898159669712186
10135,0.002898159669712186
10136,0.002898159669712186
10137,0.008021488785743713
10138,0.09046497195959091
10139,0.002898159669712186
10140,0.002898159669712186
10141,0.002898159669712186
10142,0.017270514741539955
10143,0.050201889127492905
10144,0.017740502953529358
10145,0.0051516820676624775
10146,0.026892730966210365
10147,0.011791686527431011
10148,0.019014544785022736
10149,0.03631234169006348
10150,0.03914192318916321
10151,0.046418409794569016
10152,0.015523718670010567
10153,0.045963481068611145
10154,0.045963481068611145
10155,0.005694589111953974
10156,0.005694589111953974
10157,0.005694589111953974
10158,0.005694589111953974
10159,0.011827568523585796
10160,0.004222134593874216
10161,0.0023021267261356115
10162,0.13436658680438995
10163,0.014957726933062077
10164,0.01253166701644659
10165,0.03267918527126312
10166,0.03938746452331543
10167,0.06918206065893173
10168,0.04707008972764015
10169,0.03591465204954147
10170,0.057089440524578094
10171,0.037369728088378906
10172,0.0627407506108284
10173,0.34968531131744385
10174,0.1364765167236328
10175,0.1364765167236328
10176,0.059036679565906525
10177,0.007680808659642935
10178,0.11688361316919327
10179,0.10145188868045807
10180,0.02335459738969803
10181,0.010994852520525455
10182,0.028176983818411827
10183,0.23156937956809998
10184,0.032836366444826126
10185,0.30437368154525757
10186,0.0978654995560646
10187,0.01403137855231762
10188,0.1529756635427475
10189,0.9790892004966736
10190,0.9699860215187073
10191,0.037991560995578766
10192,0.017172032967209816
10193,0.023638254031538963
10194,0.007538738194853067
10195,0.6066558957099915
10196,0.02511979267001152
10197,0.10519459843635559
10198,0.010524953715503216
10199,0.09954618662595749
10200,0.0478423573076725
10201,0.006065031513571739
10202,0.04240948334336281
10203,0.003146061673760414
10204,0.054924268275499344
10205,0.029725180938839912
10206,0.039446692913770676
10207,0.008875980973243713
10208,0.008875980973243713
10209,0.13028842210769653
10210,0.8265162110328674
10211,0.004786159843206406
10212,0.004786159843206406
10213,0.01585904136300087
10214,0.038343753665685654
10215,0.005936066620051861
10216,0.011311674490571022
10217,0.009708751924335957
10218,0.10405007749795914
10219,0.007920822128653526
10220,0.0019375041592866182
10221,0.0019375041592866182
10222,0.01622859761118889
10223,0.0015515560517087579
10224,0.0015515560517087579
10225,0.0015515560517087579
10226,0.002645541448146105
10227,0.0013773803366348147
10228,0.0013773803366348147
10229,0.0013773803366348147
10230,0.0013773803366348147
10231,0.0013773803366348147
10232,0.0013773803366348147
10233,0.0013773803366348147
10234,0.0013773803366348147
10235,0.02103312313556671
10236,0.041513290256261826
10237,0.0027723403181880713
10238,0.01705431565642357
10239,0.01705431565642357
10240,0.008342848159372807
10241,0.6411455869674683
10242,0.022930659353733063
10243,0.014698556624352932
10244,0.005537222605198622
10245,0.001839725417084992
10246,0.0073441616259515285
10247,0.003217160003259778
10248,0.009705744683742523
10249,0.0035033083986490965
10250,0.0043019442819058895
10251,0.12380437552928925
10252,0.004402582533657551
10253,0.010330385528504848
10254,0.002754520159214735
10255,0.011518384329974651
10256,0.0354386568069458
10257,0.017312997952103615
10258,0.012210686691105366
10259,0.003994551952928305
10260,0.003994551952928305
10261,0.003994551952928305
10262,0.003994551952928305
10263,0.013871049508452415
10264,0.013871049508452415
10265,0.013871049508452415
10266,0.013871049508452415
10267,0.0159846693277359
10268,0.0159846693277359
10269,0.0159846693277359
10270,0.0159846693277359
10271,0.0159846693277359
10272,0.0159846693277359
10273,0.0159846693277359
10274,0.0159846693277359
10275,0.0159846693277359
10276,0.0159846693277359
10277,0.0159846693277359
10278,0.0159846693277359
10279,0.004510985221713781
10280,0.003187514143064618
10281,0.003187514143064618
10282,0.003187514143064618
10283,0.003187514143064618
10284,0.006252519320696592
10285,0.006645949557423592
10286,0.004910128656774759
10287,0.00676384475082159
10288,0.003187514143064618
10289,0.003187514143064618
10290,0.003187514143064618
10291,0.003187514143064618
10292,0.003187514143064618
10293,0.0020088693127036095
10294,0.0020088693127036095
10295,0.014487347565591335
10296,0.006645949557423592
10297,0.004109041299670935
10298,0.004109041299670935
10299,0.004109041299670935
10300,0.004109041299670935
10301,0.004109041299670935
10302,0.004109041299670935
10303,0.004109041299670935
10304,0.004109041299670935
10305,0.004109041299670935
10306,0.004109041299670935
10307,0.0029361811466515064
10308,0.0029361811466515064
10309,0.0029361811466515064
10310,0.0029361811466515064
10311,0.0029361811466515064
10312,0.004251582082360983
10313,0.004251582082360983
10314,0.004251582082360983
10315,0.004251582082360983
10316,0.004251582082360983
10317,0.05802946910262108
10318,0.003068916266784072
10319,0.0014658154686912894
10320,0.004667731933295727
10321,0.012257487513124943
10322,0.016708189621567726
10323,0.10430947691202164
10324,0.003490814473479986
10325,0.0026751221157610416
10326,0.003318110480904579
10327,0.0050344509072601795
10328,9.671213920228183e-4
10329,0.0013706065947189927
10330,0.0017290348187088966
10331,9.180221240967512e-4
10332,0.0011203901376575232
10333,0.0018994334386661649
10334,0.005544403567910194
10335,0.011611872352659702
10336,4.2647914960980415e-4
10337,6.695045158267021e-4
10338,0.004761556629091501
10339,0.0030224104411900043
10340,0.002828521654009819
10341,9.926523780450225e-4
10342,0.001080917427316308
10343,0.004134977236390114
10344,0.006270561832934618
10345,0.020905321463942528
10346,0.0010480588534846902
10347,0.007603641599416733
10348,0.011112597770988941
10349,0.007748622912913561
10350,8.707444067113101e-4
10351,0.13553528487682343
10352,0.1832805871963501
10353,0.036274295300245285
10354,0.006653045769780874
10355,0.09960170090198517
10356,0.020948661491274834
10357,0.005696581676602364
10358,5.700252368114889e-4
10359,0.018572192639112473
10360,9.087537764571607e-4
10361,0.04938613623380661
10362,0.35212844610214233
10363,0.4300527572631836
10364,0.2180728018283844
10365,0.010332359932363033
10366,0.0033723595552146435
10367,0.028751526027917862
10368,0.019864311441779137
10369,0.054187241941690445
10370,0.017640743404626846
10371,0.009362760931253433
10372,0.035454969853162766
10373,0.03887104243040085
10374,0.08649900555610657
10375,0.02377253584563732
10376,0.07782839983701706
10377,0.07782839983701706
10378,0.06018062308430672
10379,0.017445942386984825
10380,0.037209402769804
10381,0.05781019479036331
10382,0.8865674138069153
10383,0.006499735172837973
10384,0.9178239703178406
10385,0.6280719637870789
10386,9.623533114790916e-4
10387,0.057569850236177444
10388,0.07978413254022598
10389,0.8158689737319946
10390,0.020909123122692108
10391,0.03373359143733978
10392,0.01848636195063591
10393,0.002261571353301406
10394,0.0013646939769387245
10395,0.002261571353301406
10396,0.002261571353301406
10397,0.002261571353301406
10398,0.01444620918482542
10399,0.0013646939769387245
10400,0.012448945082724094
10401,0.012423721142113209
10402,0.21570414304733276
10403,8.146845502778888e-4
10404,8.146845502778888e-4
10405,8.146845502778888e-4
10406,8.146845502778888e-4
10407,8.146845502778888e-4
10408,8.146845502778888e-4
10409,8.146845502778888e-4
10410,8.146845502778888e-4
10411,8.146845502778888e-4
10412,8.146845502778888e-4
10413,8.146845502778888e-4
10414,8.146845502778888e-4
10415,8.146845502778888e-4
10416,8.146845502778888e-4
10417,8.146845502778888e-4
10418,0.03269404545426369
10419,0.004070395138114691
10420,0.003923468291759491
10421,0.0032591144554316998
10422,0.001044339151121676
10423,0.11797255277633667
10424,0.00297170621342957
10425,0.07587695121765137
10426,0.003337717382237315
10427,0.003497244557365775
10428,0.0034152206499129534
10429,0.1682218313217163
10430,0.01469198428094387
10431,0.004636486526578665
10432,0.045825712382793427
10433,0.0037546183448284864
10434,0.022189302369952202
10435,0.018798762932419777
10436,0.04925558716058731
10437,0.00915294885635376
10438,0.019385889172554016
10439,0.001920438022352755
10440,0.0409240797162056
10441,0.018702754750847816
10442,0.012998363003134727
10443,0.005355868488550186
10444,0.02347000129520893
10445,0.0014791643479838967
10446,0.0014791643479838967
10447,0.0014791643479838967
10448,0.0014791643479838967
10449,0.0014791643479838967
10450,0.001688412856310606
10451,0.0014276194851845503
10452,0.05575890094041824
10453,0.005060175899416208
10454,0.04156225919723511
10455,9.148280951194465e-4
10456,9.148280951194465e-4
10457,0.0026283119805157185
10458,0.0019252424826845527
10459,0.1131146028637886
10460,0.040535833686590195
10461,9.268756839446723e-4
10462,9.436187683604658e-4
10463,0.1131146028637886
10464,0.006291389465332031
10465,0.008366587571799755
10466,0.006291389465332031
10467,0.008794679306447506
10468,0.008366587571799755
10469,0.006291389465332031
10470,0.018443696200847626
10471,0.006291389465332031
10472,0.004054330289363861
10473,0.0018702468369156122
10474,0.0018702468369156122
10475,0.003718739375472069
10476,0.017153533175587654
10477,0.05393848568201065
10478,0.017932908609509468
10479,0.02444462850689888
10480,0.014463797211647034
10481,0.003174924524500966
10482,0.2586374580860138
10483,0.06201229244470596
10484,8.392119198106229e-4
10485,8.392119198106229e-4
10486,0.032526805996894836
10487,0.00461152195930481
10488,0.0024805476423352957
10489,0.01421683095395565
10490,0.008158315904438496
10491,0.010344303213059902
10492,0.02148226462304592
10493,0.05054308846592903
10494,0.06080685928463936
10495,0.001980758039280772
10496,0.02565312199294567
10497,0.02921438403427601
10498,0.001786647830158472
10499,0.0019233173225075006
10500,0.002316059311851859
10501,7.38387752790004e-4
10502,0.0011526060989126563
10503,8.37563828099519e-4
10504,0.0028803590685129166
10505,0.010739386081695557
10506,0.015219641849398613
10507,0.032748617231845856
10508,0.10086521506309509
10509,0.01170328538864851
10510,0.015608194284141064
10511,0.005817672703415155
10512,0.005817672703415155
10513,0.0973784327507019
10514,0.0973784327507019
10515,0.06495843082666397
10516,6.077442085370421e-4
10517,0.00108507985714823
10518,0.0029911433812230825
10519,0.0029911433812230825
10520,0.0029911433812230825
10521,0.002289552940055728
10522,0.01026703231036663
10523,0.004813776351511478
10524,0.001280138734728098
10525,0.004957997240126133
10526,0.005980757996439934
10527,0.0019172491738572717
10528,0.006092703435570002
10529,0.010461358353495598
10530,0.006634104996919632
10531,0.043921682983636856
10532,0.011203199625015259
10533,0.02283080480992794
10534,0.02283080480992794
10535,0.019266430288553238
10536,0.028568439185619354
10537,0.13990211486816406
10538,0.07666079699993134
10539,0.07199102640151978
10540,0.02314799278974533
10541,5.921546253375709e-4
10542,0.09410180151462555
10543,0.008373976685106754
10544,0.023452220484614372
10545,0.029478829354047775
10546,0.02608480490744114
10547,0.16739521920681
10548,0.07246419042348862
10549,0.008373976685106754
10550,0.008881788700819016
10551,0.008881788700819016
10552,0.020778516307473183
10553,0.04896744713187218
10554,0.021387293934822083
10555,0.1542215198278427
10556,0.0018359010573476553
10557,0.004810074344277382
10558,0.004042129963636398
10559,0.04078545421361923
10560,0.0013583744876086712
10561,0.031372711062431335
10562,0.030559232458472252
10563,0.05095919966697693
10564,0.04078545421361923
10565,0.014423171989619732
10566,0.06645804643630981
10567,0.011300747282803059
10568,0.039661090821027756
10569,0.020499486476182938
10570,0.012353657744824886
10571,0.014423171989619732
10572,0.05386972799897194
10573,0.0018345445860177279
10574,0.009171394631266594
10575,0.0354357548058033
10576,0.001656917855143547
10577,0.009171394631266594
10578,0.009179392829537392
10579,0.03629102185368538
10580,0.009179392829537392
10581,0.009171394631266594
10582,0.014423171989619732
10583,0.009171394631266594
10584,0.01147428061813116
10585,0.008406988345086575
10586,0.04078545421361923
10587,0.009747834876179695
10588,0.006784325931221247
10589,0.009171394631266594
10590,0.03329979628324509
10591,0.01611429452896118
10592,0.13689354062080383
10593,0.1938297301530838
10594,0.009171394631266594
10595,0.006155091803520918
10596,0.028164470568299294
10597,0.0268255528062582
10598,0.0033360333181917667
10599,0.0024442574940621853
10600,0.02743304707109928
10601,0.0066993399523198605
10602,0.026556652039289474
10603,0.04098914563655853
10604,0.003994759172201157
10605,0.0933246985077858
10606,0.01022851001471281
10607,0.007378373760730028
10608,0.06825882941484451
10609,0.07148890942335129
10610,0.009424454532563686
10611,0.00889678206294775
10612,0.0032615424133837223
10613,0.032704517245292664
10614,0.0032615424133837223
10615,0.06993089616298676
10616,0.009142627939581871
10617,0.01584036462008953
10618,0.003494424046948552
10619,0.02738628163933754
10620,0.01328807882964611
10621,0.00673616211861372
10622,0.036363422870635986
10623,0.00265728821977973
10624,0.00265728821977973
10625,0.006670880131423473
10626,0.013264204375445843
10627,0.04429776221513748
10628,0.004897623788565397
10629,0.05887468159198761
10630,0.020109282806515694
10631,0.04035225883126259
10632,0.06193939596414566
10633,0.010030161589384079
10634,0.009694060310721397
10635,0.010861514136195183
10636,0.015639206394553185
10637,0.10067185759544373
10638,0.017608752474188805
10639,0.09037906676530838
10640,0.03355768322944641
10641,0.0946703851222992
10642,0.0018018786795437336
10643,0.0015161342453211546
10644,0.0032233220990747213
10645,0.002334911609068513
10646,0.0030933173839002848
10647,0.004956560209393501
10648,0.004322914406657219
10649,6.28275447525084e-4
10650,9.964348282665014e-4
10651,0.0012837840477004647
10652,0.0017344756051898003
10653,0.0012142446357756853
10654,0.021043622866272926
10655,7.274782401509583e-4
10656,0.001851837383583188
10657,0.03940413147211075
10658,0.01463155634701252
10659,0.0011944057187065482
10660,0.005471240729093552
10661,0.08457735180854797
10662,0.031207358464598656
10663,0.004227233584970236
10664,0.0012009169440716505
10665,0.002640635473653674
10666,0.001425107941031456
10667,0.002170089166611433
10668,0.014097393490374088
10669,0.016447482630610466
10670,0.02244689129292965
10671,0.016447482630610466
10672,0.01700577512383461
10673,0.02244689129292965
10674,0.013817783445119858
10675,0.02244689129292965
10676,0.02244689129292965
10677,0.02966471202671528
10678,0.7819366455078125
10679,0.14774489402770996
10680,0.005041514057666063
10681,0.033530984073877335
10682,0.04000502824783325
10683,0.020859362557530403
10684,0.01778215542435646
10685,0.039072662591934204
10686,0.02210879884660244
10687,0.05538517236709595
10688,0.018360616639256477
10689,0.013419918715953827
10690,0.09615597128868103
10691,0.0011415318585932255
10692,0.02245688997209072
10693,0.01742132380604744
10694,0.024511484429240227
10695,0.07332979142665863
10696,0.0014076634543016553
10697,0.038046348839998245
10698,0.9075618982315063
10699,0.07450485974550247
10700,0.00345858302898705
10701,0.003554124850779772
10702,0.00345858302898705
10703,0.00345858302898705
10704,0.00345858302898705
10705,0.00345858302898705
10706,0.00345858302898705
10707,0.0035054765176028013
10708,5.443730624392629e-4
10709,0.0012003142619505525
10710,6.04082946665585e-4
10711,3.430812794249505e-4
10712,0.0035054765176028013
10713,0.001511143520474434
10714,0.0028244024142622948
10715,0.009742621332406998
10716,0.004306397400796413
10717,0.0013101359363645315
10718,0.00201482349075377
10719,0.0020437983330339193
10720,0.0035054765176028013
10721,0.010671473108232021
10722,0.00496041402220726
10723,0.0025107921101152897
10724,5.113878287374973e-4
10725,0.0027991083916276693
10726,0.00311244186013937
10727,0.004064076580107212
10728,0.07519032806158066
10729,0.00311244186013937
10730,0.00311244186013937
10731,0.00311244186013937
10732,0.008270205929875374
10733,0.004684582818299532
10734,0.004684582818299532
10735,0.01982434280216694
10736,0.03614206984639168
10737,0.008746343664824963
10738,0.05815896391868591
10739,0.01691645197570324
10740,0.0043039401061832905
10741,0.020026257261633873
10742,0.08625839650630951
10743,0.08869138360023499
10744,0.03580624610185623
10745,0.007786156143993139
10746,0.003431928576901555
10747,0.0015592811396345496
10748,5.553703522309661e-4
10749,0.002952916081994772
10750,0.004960672464221716
10751,0.005866545252501965
10752,0.011892060749232769
10753,0.05197269469499588
10754,0.012567263096570969
10755,0.08873987942934036
10756,0.01569581776857376
10757,0.036012303084135056
10758,0.008270205929875374
10759,0.02243257686495781
10760,0.008270205929875374
10761,0.008270205929875374
10762,0.006395465228706598
10763,0.004882926121354103
10764,0.004684734158217907
10765,0.011956658214330673
10766,0.006530668120831251
10767,0.008270205929875374
10768,0.028277043253183365
10769,0.03467568755149841
10770,0.012689581140875816
10771,0.17963488399982452
10772,0.05391468480229378
10773,0.022002099081873894
10774,0.003614314366132021
10775,0.0036434223875403404
10776,0.003614314366132021
10777,0.003614314366132021
10778,0.003614314366132021
10779,0.00370880332775414
10780,0.007069730665534735
10781,0.025464439764618874
10782,0.025464439764618874
10783,0.02744147554039955
10784,0.03122512809932232
10785,0.008397323079407215
10786,0.04348604381084442
10787,0.0036434223875403404
10788,0.0025216699577867985
10789,0.0025216699577867985
10790,0.0027557164430618286
10791,0.0027557164430618286
10792,0.0027557164430618286
10793,0.0027557164430618286
10794,0.046547774225473404
10795,0.08579161763191223
10796,0.027347294613718987
10797,0.0027557164430618286
10798,0.014957086183130741
10799,0.0725860521197319
10800,0.04347860813140869
10801,0.004618875682353973
10802,0.004618875682353973
10803,0.07858017832040787
10804,0.0051802778616547585
10805,0.056793320924043655
10806,0.0035054765176028013
10807,9.034347021952271e-4
10808,0.0019426608923822641
10809,0.0018556435825303197
10810,0.0016281185671687126
10811,0.002461244584992528
10812,0.0018839325057342649
10813,0.004807057790458202
10814,0.07880525290966034
10815,0.0059674945659935474
10816,0.00311244186013937
10817,0.017093991860747337
10818,0.009725918062031269
10819,0.010332652367651463
10820,0.00854775682091713
10821,0.04585938900709152
10822,0.0027899036649614573
10823,0.0056315576657652855
10824,0.010883457027375698
10825,0.012131085619330406
10826,0.012528940103948116
10827,0.026930760592222214
10828,0.007791329175233841
10829,0.0035851658321917057
10830,0.06405654549598694
10831,0.004780196584761143
10832,0.004780196584761143
10833,0.010842084884643555
10834,0.06405654549598694
10835,0.014310331083834171
10836,0.03635087236762047
10837,0.03245771676301956
10838,0.012588883750140667
10839,0.009978043846786022
10840,0.012336215935647488
10841,0.006089609116315842
10842,0.006089609116315842
10843,0.0016535887261852622
10844,0.09464797377586365
10845,0.09464797377586365
10846,0.003056792076677084
10847,0.014889406971633434
10848,0.09407203644514084
10849,0.019196592271327972
10850,0.006722638849169016
10851,0.052540458738803864
10852,0.006460737902671099
10853,0.019196592271327972
10854,0.0646294429898262
10855,0.0039238277822732925
10856,0.0039238277822732925
10857,0.0039238277822732925
10858,0.05441051721572876
10859,0.0039238277822732925
10860,0.018542688339948654
10861,0.0039238277822732925
10862,0.0039238277822732925
10863,0.0071738651022315025
10864,0.006089609116315842
10865,0.006089609116315842
10866,0.003056792076677084
10867,0.021226786077022552
10868,0.015474933199584484
10869,0.005105696152895689
10870,0.021631890907883644
10871,8.570550126023591e-4
10872,0.015959735959768295
10873,0.013022402301430702
10874,0.013613668270409107
10875,0.022122200578451157
10876,0.011709530837833881
10877,0.03175634890794754
10878,0.870552122592926
10879,0.009942932054400444
10880,0.03163473680615425
10881,0.004265969153493643
10882,0.021403731778264046
10883,0.012233701534569263
10884,0.06378297507762909
10885,0.03677799552679062
10886,0.014838721603155136
10887,0.023525230586528778
10888,0.012822488322854042
10889,0.016555622220039368
10890,0.04232557862997055
10891,0.01136659923940897
10892,0.04232557862997055
10893,0.04232557862997055
10894,0.015339565463364124
10895,0.0187083650380373
10896,0.051085442304611206
10897,0.03666578605771065
10898,0.013791187666356564
10899,0.004956623539328575
10900,0.8779799938201904
10901,0.03170203045010567
10902,0.03170203045010567
10903,0.008771291002631187
10904,0.14803119003772736
10905,0.9310351610183716
10906,0.06684759259223938
10907,0.019485730677843094
10908,0.8617717027664185
10909,0.019302841275930405
10910,0.0403626374900341
10911,0.034467652440071106
10912,0.013947950676083565
10913,0.013947950676083565
10914,0.02682964876294136
10915,0.0651896744966507
10916,0.8058626651763916
10917,0.004960018675774336
10918,0.01973077841103077
10919,0.002228999277576804
10920,0.004960018675774336
10921,0.03153729811310768
10922,0.004960018675774336
10923,0.004960018675774336
10924,0.0035247295163571835
10925,0.004960018675774336
10926,0.03622644767165184
10927,0.037124764174222946
10928,0.11037105321884155
10929,0.04768994078040123
10930,0.004040669184178114
10931,0.004040669184178114
10932,0.004040669184178114
10933,0.005105696152895689
10934,0.0018854944501072168
10935,0.0013898734468966722
10936,0.0010156686184927821
10937,0.0019474891014397144
10938,0.0033025196753442287
10939,0.004040669184178114
10940,0.015721525996923447
10941,0.01961498335003853
10942,0.0344369150698185
10943,0.015022817999124527
10944,0.05896766483783722
10945,0.007419462315738201
10946,0.005856289062649012
10947,0.014854783192276955
10948,0.08952725678682327
10949,0.041330594569444656
10950,0.0022511135321110487
10951,0.15045680105686188
10952,0.023932239040732384
10953,0.009173041209578514
10954,0.053161006420850754
10955,0.010299751535058022
10956,0.0162234827876091
10957,0.004461123142391443
10958,0.009639049880206585
10959,0.004461123142391443
10960,0.004461123142391443
10961,0.0022511284332722425
10962,0.002029726281762123
10963,0.04380076006054878
10964,0.014375328086316586
10965,0.003529168665409088
10966,0.04074890911579132
10967,0.016427136957645416
10968,0.04157177731394768
10969,0.04174042493104935
10970,0.03171927109360695
10971,0.003445748472586274
10972,0.8777889013290405
10973,0.04004911705851555
10974,0.3815627098083496
10975,0.028677910566329956
10976,0.015681304037570953
10977,0.018543314188718796
10978,0.03143276646733284
10979,0.006229759193956852
10980,0.01215040311217308
10981,0.00438557518646121
10982,0.044259212911129
10983,0.017246317118406296
10984,0.0785856619477272
10985,0.06427241861820221
10986,0.014670119620859623
10987,8.175155962817371e-4
10988,0.024816744029521942
10989,0.016781901940703392
10990,0.0046336776576936245
10991,0.020072992891073227
10992,0.02355330064892769
10993,0.007067622616887093
10994,0.04360685497522354
10995,0.07806788384914398
10996,0.012293443083763123
10997,0.06513255834579468
10998,0.012293443083763123
10999,0.04562518373131752
11000,0.014703626744449139
11001,0.00655867625027895
11002,0.025659067556262016
11003,0.012182713486254215
11004,0.024583805352449417
11005,0.040351253002882004
11006,0.0566384457051754
11007,0.05138075724244118
11008,0.03215833753347397
11009,0.005475162528455257
11010,0.01927439123392105
11011,0.2889331579208374
11012,0.04826787859201431
11013,0.010051552206277847
11014,0.03908189386129379
11015,0.003246799809858203
11016,0.01168329268693924
11017,0.03283226117491722
11018,0.007390498649328947
11019,0.012864292599260807
11020,0.018872737884521484
11021,0.004038090817630291
11022,0.025203589349985123
11023,0.06999699771404266
11024,0.05252618342638016
11025,0.013002241961658001
11026,0.004293194971978664
11027,0.016359247267246246
11028,0.010580787435173988
11029,0.011399268172681332
11030,0.0874975398182869
11031,0.026917755603790283
11032,0.038292769342660904
11033,0.013550748117268085
11034,0.0156357791274786
11035,0.009438790380954742
11036,0.01650295779109001
11037,0.01650295779109001
11038,0.012235361151397228
11039,0.019444474950432777
11040,0.03350028395652771
11041,0.03322414308786392
11042,0.01840820722281933
11043,0.04321916773915291
11044,0.014697251841425896
11045,0.07189977914094925
11046,0.01111048087477684
11047,0.011623742990195751
11048,0.004588313400745392
11049,0.0031224535778164864
11050,0.010936476290225983
11051,0.0021857989486306906
11052,0.012319316156208515
11053,0.005095864180475473
11054,0.02024160698056221
11055,0.023341665044426918
11056,0.015389008447527885
11057,0.01160538848489523
11058,0.01325669139623642
11059,0.008855793625116348
11060,0.0017983862198889256
11061,0.0029353394638746977
11062,0.00837510172277689
11063,0.004144643433392048
11064,0.11404525488615036
11065,0.008919279091060162
11066,0.08876706659793854
11067,0.006199323572218418
11068,0.025360053405165672
11069,0.010051552206277847
11070,0.007706808391958475
11071,0.012211652472615242
11072,0.062168460339307785
11073,0.009209617972373962
11074,0.015461266040802002
11075,0.009438790380954742
11076,0.024057941511273384
11077,0.0045916009694337845
11078,0.05526135489344597
11079,0.012456350959837437
11080,0.0035244247410446405
11081,0.018025705590844154
11082,0.008122007362544537
11083,0.061190638691186905
11084,0.023655233904719353
11085,0.00698293000459671
11086,0.01771833933889866
11087,0.03316304087638855
11088,0.0399961993098259
11089,0.0035969812888652086
11090,0.009537464939057827
11091,0.014460037462413311
11092,0.017562463879585266
11093,0.0516393668949604
11094,0.0060356673784554005
11095,0.029871046543121338
11096,0.013556970283389091
11097,0.024281490594148636
11098,0.016967859119176865
11099,0.00977580901235342
11100,0.03121427819132805
11101,0.011081996373832226
11102,0.00698293000459671
11103,0.009327114559710026
11104,0.007998457178473473
11105,0.009330498985946178
11106,0.011003379710018635
11107,0.007390498649328947
11108,0.003888508304953575
11109,0.0010180145036429167
11110,0.0019340448779985309
11111,0.005744851194322109
11112,0.00970505177974701
11113,0.01535522285848856
11114,0.0036698703188449144
11115,0.012013755738735199
11116,0.007390498649328947
11117,0.0023091842886060476
11118,0.010561779141426086
11119,0.0023091842886060476
11120,0.017243528738617897
11121,0.02658676914870739
11122,0.025718599557876587
11123,0.0023091842886060476
11124,0.0023091842886060476
11125,0.0023091842886060476
11126,0.0023091842886060476
11127,0.0023091842886060476
11128,0.0023091842886060476
11129,0.0023091842886060476
11130,0.0032552643679082394
11131,0.0023091842886060476
11132,0.003572092391550541
11133,0.0023091842886060476
11134,0.0023091842886060476
11135,0.0023091842886060476
11136,0.0015358675736933947
11137,0.0023091842886060476
11138,0.0023091842886060476
11139,0.0023091842886060476
11140,0.0023091842886060476
11141,0.004078140016645193
11142,0.009171022102236748
11143,0.021155690774321556
11144,0.02331789769232273
11145,0.010968206450343132
11146,0.0012274723267182708
11147,0.020269235596060753
11148,0.06939594447612762
11149,0.01298277173191309
11150,0.003969963174313307
11151,0.0038502230308949947
11152,0.0011120145209133625
11153,0.005985615774989128
11154,0.003882067510858178
11155,0.004161864519119263
11156,0.006242678966373205
11157,0.0034360571298748255
11158,0.0029557968955487013
11159,0.0037785228341817856
11160,0.007645786739885807
11161,0.0029557968955487013
11162,0.0037785228341817856
11163,0.019199257716536522
11164,0.0031048981472849846
11165,0.0029557968955487013
11166,0.0029557968955487013
11167,0.035266976803541183
11168,0.0037785228341817856
11169,0.015633270144462585
11170,0.13736853003501892
11171,0.036884598433971405
11172,0.003400462679564953
11173,0.003400462679564953
11174,0.032826635986566544
11175,0.04253033921122551
11176,0.024357836693525314
11177,0.014069559052586555
11178,0.004220226313918829
11179,0.012397946789860725
11180,0.01637290231883526
11181,0.08404897898435593
11182,0.0515160858631134
11183,0.01159924827516079
11184,0.003479346400126815
11185,0.008521969430148602
11186,0.1908157616853714
11187,0.0020812556613236666
11188,0.002766265533864498
11189,0.0014652111567556858
11190,0.00778051745146513
11191,0.0018858560360968113
11192,0.004260461311787367
11193,0.058319512754678726
11194,0.01962064579129219
11195,0.17125765979290009
11196,0.2130369395017624
11197,0.217799574136734
11198,0.023548437282443047
11199,0.061564430594444275
11200,0.00815319363027811
11201,0.0028908688109368086
11202,0.0073277298361063
11203,0.0021637361496686935
11204,0.0028908688109368086
11205,0.003596887458115816
11206,0.017160488292574883
11207,0.03779745101928711
11208,0.03336861729621887
11209,0.015645887702703476
11210,0.010558302514255047
11211,0.06959595531225204
11212,0.0367356613278389
11213,0.021981626749038696
11214,0.06294785439968109
11215,0.05362602323293686
11216,0.0044860499911010265
11217,0.28793954849243164
11218,0.17994409799575806
11219,0.005639870651066303
11220,0.005639870651066303
11221,0.0030920503195375204
11222,0.005639870651066303
11223,0.005639870651066303
11224,0.005639870651066303
11225,0.05107234790921211
11226,0.8924768567085266
11227,0.03546826168894768
11228,0.06037062779068947
11229,0.015612437389791012
11230,0.004227254074066877
11231,0.14941465854644775
11232,0.04042268916964531
11233,0.034954603761434555
11234,0.20551463961601257
11235,0.022786321118474007
11236,0.03201473504304886
11237,0.03201473504304886
11238,0.0030920503195375204
11239,0.015612437389791012
11240,0.13091035187244415
11241,0.17994409799575806
11242,0.00300737377256155
11243,0.005639870651066303
11244,0.005639870651066303
11245,0.005639870651066303
11246,0.020107094198465347
11247,0.004316435661166906
11248,0.01757519505918026
11249,0.01956470124423504
11250,0.0021434971131384373
11251,0.009234670549631119
11252,0.009234670549631119
11253,0.14399570226669312
11254,0.019691232591867447
11255,0.04221144691109657
11256,0.010158930905163288
11257,0.005956493318080902
11258,0.03181169182062149
11259,0.03181169182062149
11260,0.0018981329631060362
11261,0.00523455161601305
11262,0.0049004387110471725
11263,0.005983480252325535
11264,0.03954644128680229
11265,0.0071356575936079025
11266,0.020761355757713318
11267,0.01952623948454857
11268,0.027154646813869476
11269,0.008495627902448177
11270,0.007255661301314831
11271,0.0015298504149541259
11272,0.00422951253131032
11273,0.0015298504149541259
11274,0.007378649432212114
11275,0.0031436816789209843
11276,0.006222655065357685
11277,0.02736623026430607
11278,0.2577786147594452
11279,0.005739052779972553
11280,0.0013956923503428698
11281,0.0013956923503428698
11282,0.0013956923503428698
11283,0.0013956923503428698
11284,0.0011664123740047216
11285,0.10746308416128159
11286,0.0057808710262179375
11287,0.0013956923503428698
11288,0.0013956923503428698
11289,0.044219885021448135
11290,0.02575565315783024
11291,0.01194044016301632
11292,0.04169156029820442
11293,0.06210889294743538
11294,0.07695230096578598
11295,0.003060757415369153
11296,0.001043936819769442
11297,0.003146981354802847
11298,0.003146981354802847
11299,0.08863241970539093
11300,0.023652493953704834
11301,0.047980181872844696
11302,0.017211221158504486
11303,0.013220507651567459
11304,0.011625588871538639
11305,0.0012054392136633396
11306,0.0024352981708943844
11307,0.13463985919952393
11308,0.013186678290367126
11309,0.004800146445631981
11310,0.004356078337877989
11311,0.014755978249013424
11312,9.687361307442188e-4
11313,0.0715477466583252
11314,0.0700729638338089
11315,0.04963427037000656
11316,0.11466245353221893
11317,0.014845401979982853
11318,0.04708592966198921
11319,0.013403407298028469
11320,0.0018754194024950266
11321,0.010040664114058018
11322,0.010040664114058018
11323,0.001804459374397993
11324,0.0065962206572294235
11325,0.0014313999563455582
11326,0.0175477247685194
11327,0.022164437919855118
11328,0.011064482852816582
11329,0.0062320297583937645
11330,0.010831775143742561
11331,0.023223519325256348
11332,0.014833210036158562
11333,0.022094417363405228
11334,0.003300523618236184
11335,0.003922028001397848
11336,0.004228293430060148
11337,0.0028057910967618227
11338,0.04939709231257439
11339,0.016730139032006264
11340,0.02121446467936039
11341,0.01922749914228916
11342,0.01587948389351368
11343,0.04617668315768242
11344,0.19344748556613922
11345,0.011340758763253689
11346,0.006774751469492912
11347,0.004860128741711378
11348,0.08788629621267319
11349,0.07565324753522873
11350,0.07377377897500992
11351,0.008442449383437634
11352,0.015982892364263535
11353,0.07761240005493164
11354,0.008902380242943764
11355,0.015336445532739162
11356,0.02937551960349083
11357,0.017583677545189857
11358,0.03141448646783829
11359,0.006745159160345793
11360,0.03835412859916687
11361,0.03835412859916687
11362,0.053532231599092484
11363,0.059696149080991745
11364,0.01646564155817032
11365,0.020872902125120163
11366,0.006341658532619476
11367,0.002016743877902627
11368,0.027704210951924324
11369,0.013944139704108238
11370,0.1109015941619873
11371,0.09216928482055664
11372,0.05093429610133171
11373,0.014205249026417732
11374,0.17991963028907776
11375,0.02076384238898754
11376,0.052666813135147095
11377,0.028075426816940308
11378,0.031768281012773514
11379,0.011566775850951672
11380,0.04328160732984543
11381,0.016187630593776703
11382,0.7268255949020386
11383,0.06823442131280899
11384,0.8770599365234375
11385,0.006780246738344431
11386,0.006780246738344431
11387,0.07493706792593002
11388,0.027656154707074165
11389,0.018134715035557747
11390,0.04232296720147133
11391,0.026835700497031212
11392,0.08596770465373993
11393,0.001817325479350984
11394,0.003889058716595173
11395,0.013830075971782207
11396,0.003919798880815506
11397,0.24353335797786713
11398,0.06088358163833618
11399,0.040946826338768005
11400,0.08820875734090805
11401,0.005838446319103241
11402,0.03292122855782509
11403,0.004986877087503672
11404,0.022594602778553963
11405,0.0015465792967006564
11406,0.009362035430967808
11407,0.2376338243484497
11408,0.2376338243484497
11409,0.6761714220046997
11410,0.10512545704841614
11411,0.01954648829996586
11412,0.5895281434059143
11413,0.09540737420320511
11414,0.029619531705975533
11415,0.0171437356621027
11416,0.35771727561950684
11417,0.0363381989300251
11418,0.8601649403572083
11419,0.13803504407405853
11420,0.10009466856718063
11421,0.009932699613273144
11422,0.04963982477784157
11423,0.10934154689311981
11424,0.018230292946100235
11425,0.0047030639834702015
11426,0.15435239672660828
11427,0.015392454341053963
11428,0.045543473213911057
11429,0.0047030639834702015
11430,0.010252864100039005
11431,0.03913695737719536
11432,0.03926752880215645
11433,0.01966162398457527
11434,0.08084385842084885
11435,0.01060896273702383
11436,0.08084385842084885
11437,0.031337231397628784
11438,0.004503817763179541
11439,0.006596473976969719
11440,0.01103028655052185
11441,0.012194276787340641
11442,0.0070109120570123196
11443,0.0070109120570123196
11444,0.01400994136929512
11445,0.012392016127705574
11446,0.013979299925267696
11447,0.0070109120570123196
11448,0.011340758763253689
11449,0.05618715286254883
11450,0.012392016127705574
11451,0.0040448871441185474
11452,0.0011405347613617778
11453,7.411349797621369e-4
11454,7.928507402539253e-4
11455,7.928507402539253e-4
11456,0.013065747916698456
11457,0.005567437503486872
11458,0.017113856971263885
11459,0.03552594780921936
11460,0.013441888615489006
11461,0.007530872244387865
11462,0.009462346322834492
11463,0.032034214586019516
11464,0.02261284366250038
11465,0.11963436007499695
11466,0.0023980753030627966
11467,0.003099378664046526
11468,0.0012421092251315713
11469,0.03863583505153656
11470,0.005985933355987072
11471,0.0026098457165062428
11472,0.002810420235618949
11473,0.00935492292046547
11474,0.018424050882458687
11475,0.024686118587851524
11476,0.02752961963415146
11477,0.02970198355615139
11478,0.005558829754590988
11479,0.010422970168292522
11480,0.023569827899336815
11481,0.0014962771674618125
11482,0.0014962771674618125
11483,0.013325975276529789
11484,0.03358905017375946
11485,0.006537416018545628
11486,0.01566254533827305
11487,0.06407763063907623
11488,0.021187368780374527
11489,0.02488666959106922
11490,0.010325925424695015
11491,0.02488666959106922
11492,0.014376153238117695
11493,0.009445185773074627
11494,0.014236927032470703
11495,0.033189140260219574
11496,0.03162679821252823
11497,0.03382907062768936
11498,0.4097362756729126
11499,0.0028326145838946104
11500,0.004536743275821209
11501,0.013396522961556911
11502,0.0022520723287016153
11503,0.041592054069042206
11504,0.0012707295827567577
11505,4.2647914960980415e-4
11506,4.8616016283631325e-4
11507,0.017239781096577644
11508,0.030680125579237938
11509,0.0022432703990489244
11510,0.01567753590643406
11511,0.007828716188669205
11512,0.054312121123075485
11513,0.004944245330989361
11514,0.003360616508871317
11515,0.005882066674530506
11516,0.003360616508871317
11517,0.003788996022194624
11518,0.012748301960527897
11519,0.059429243206977844
11520,0.013429240323603153
11521,0.05987042933702469
11522,0.006271581631153822
11523,0.03714938834309578
11524,0.14178793132305145
11525,0.005945791024714708
11526,0.006483673118054867
11527,0.006864330265671015
11528,0.02048197202384472
11529,0.06431741267442703
11530,0.0061865984462201595
11531,0.014660169370472431
11532,0.28975343704223633
11533,0.02326761558651924
11534,0.018530700355768204
11535,0.014155328273773193
11536,0.014825609512627125
11537,0.012599795125424862
11538,0.01538928970694542
11539,0.014880046248435974
11540,0.017001694068312645
11541,0.018593844026327133
11542,0.005370657425373793
11543,0.005401082336902618
11544,0.003231240436434746
11545,0.003231240436434746
11546,0.01583685725927353
11547,0.003231240436434746
11548,0.1072242334485054
11549,0.017108820378780365
11550,0.015035890974104404
11551,0.038124293088912964
11552,0.005394733510911465
11553,0.027042554691433907
11554,0.004379797261208296
11555,0.027797432616353035
11556,0.011633504182100296
11557,0.004434017930179834
11558,0.004434017930179834
11559,0.1777905374765396
11560,0.0038665984757244587
11561,0.018802983686327934
11562,0.06517703831195831
11563,0.0014333410654217005
11564,0.04967424273490906
11565,0.0025442373007535934
11566,0.02207329496741295
11567,0.0021164666395634413
11568,0.0021164666395634413
11569,0.0021164666395634413
11570,0.006006006617099047
11571,0.029129758477211
11572,0.0042678434401750565
11573,0.06308089196681976
11574,0.02043057233095169
11575,0.008406003005802631
11576,0.00497319083660841
11577,0.008406003005802631
11578,0.00497319083660841
11579,0.008406003005802631
11580,0.006594252772629261
11581,0.006264880299568176
11582,0.006365778390318155
11583,0.004853636492043734
11584,0.05865940824151039
11585,0.009390119463205338
11586,0.006336240563541651
11587,0.0016321230214089155
11588,0.012277930043637753
11589,0.015197289176285267
11590,0.06965094059705734
11591,0.039974145591259
11592,0.019892046228051186
11593,0.009804950095713139
11594,0.005351206753402948
11595,0.005253047216683626
11596,0.33672213554382324
11597,0.09836103022098541
11598,0.08146578818559647
11599,0.005351206753402948
11600,0.27876248955726624
11601,0.007937303744256496
11602,0.007937303744256496
11603,0.30350595712661743
11604,0.14113126695156097
11605,0.005702137481421232
11606,0.07293625175952911
11607,0.037815146148204803
11608,0.05335402116179466
11609,0.22098098695278168
11610,0.23061929643154144
11611,0.01297086849808693
11612,0.009809284470975399
11613,0.04145345091819763
11614,0.018587246537208557
11615,0.018456848338246346
11616,0.014521113596856594
11617,0.03098243661224842
11618,0.018740514293313026
11619,0.005773758050054312
11620,0.00940487440675497
11621,0.008178041316568851
11622,0.08534065634012222
11623,0.0014495191862806678
11624,7.703732117079198e-4
11625,0.008625226095318794
11626,0.008253030478954315
11627,0.006583827547729015
11628,0.015363654121756554
11629,0.016771558672189713
11630,0.02553175948560238
11631,0.03903495520353317
11632,0.19649498164653778
11633,0.0031850063242018223
11634,0.03581783547997475
11635,0.028176700696349144
11636,0.015922866761684418
11637,0.014886226505041122
11638,0.004613599739968777
11639,0.002430132357403636
11640,0.004034312907606363
11641,0.005370377562940121
11642,0.007546606007963419
11643,0.02075343206524849
11644,0.016942720860242844
11645,0.005310602951794863
11646,0.05615495145320892
11647,0.03417443111538887
11648,0.04074171185493469
11649,0.01947178691625595
11650,0.008625226095318794
11651,0.016452418640255928
11652,0.008088670670986176
11653,0.0024192582350224257
11654,0.010204347781836987
11655,0.04575065150856972
11656,0.017499618232250214
11657,0.016889503225684166
11658,0.03439488261938095
11659,0.0399528406560421
11660,0.12193260341882706
11661,0.02255895733833313
11662,0.22459405660629272
11663,0.028710760176181793
11664,0.0052861133590340614
11665,0.00500847352668643
11666,0.5430265069007874
11667,0.028257565572857857
11668,0.027134450152516365
11669,0.08496235311031342
11670,0.0958702340722084
11671,0.8268110156059265
11672,0.05851130932569504
11673,0.03186582773923874
11674,0.19883282482624054
11675,0.009935026057064533
11676,0.006649387534707785
11677,0.024298295378684998
11678,0.008161094971001148
11679,0.23147204518318176
11680,0.0024634217843413353
11681,0.03798811137676239
11682,0.008161094971001148
11683,0.008161094971001148
11684,0.008161094971001148
11685,0.008161094971001148
11686,0.004049073439091444
11687,0.007357678841799498
11688,0.007357678841799498
11689,0.038860488682985306
11690,0.006649387534707785
11691,0.1879887580871582
11692,0.010156040079891682
11693,0.06823801249265671
11694,0.010559885762631893
11695,0.006104183383285999
11696,0.03797895461320877
11697,0.005721741355955601
11698,0.041227106004953384
11699,0.011708310805261135
11700,0.07997272908687592
11701,0.049273040145635605
11702,0.00516205420717597
11703,0.10667078197002411
11704,0.006068142596632242
11705,0.019497709348797798
11706,0.016989808529615402
11707,0.6793635487556458
11708,0.09269561618566513
11709,0.015246080234646797
11710,0.014786436222493649
11711,0.029611151665449142
11712,0.008385558612644672
11713,0.008037555031478405
11714,0.0038376462180167437
11715,0.15681974589824677
11716,0.04902389273047447
11717,0.026798389852046967
11718,0.04285816103219986
11719,0.04002825915813446
11720,0.062009282410144806
11721,0.052003540098667145
11722,0.030910728499293327
11723,0.07784438133239746
11724,0.006643758621066809
11725,0.5200523138046265
11726,0.07826980203390121
11727,0.001840821118094027
11728,0.008578961715102196
11729,0.007040972821414471
11730,0.08972527086734772
11731,0.018197238445281982
11732,0.008558403700590134
11733,0.3963004946708679
11734,0.007552100345492363
11735,0.13844913244247437
11736,0.008670930750668049
11737,0.2396182119846344
11738,0.009193754754960537
11739,0.04613979905843735
11740,0.007900474593043327
11741,0.011508138850331306
11742,0.005150773096829653
11743,0.13562674820423126
11744,0.03719286248087883
11745,0.2242373526096344
11746,0.15593166649341583
11747,0.11328577995300293
11748,0.004158275201916695
11749,0.018724339082837105
11750,0.3448137938976288
11751,0.400909423828125
11752,0.027122771367430687
11753,0.0059132324531674385
11754,0.007987034507095814
11755,0.01032579317688942
11756,0.04657912254333496
11757,0.005429409444332123
11758,0.0072480677627027035
11759,0.029688628390431404
11760,0.005892596207559109
11761,0.010891647078096867
11762,0.008151647634804249
11763,0.026816751807928085
11764,0.02807319350540638
11765,0.1134340912103653
11766,0.010891647078096867
11767,0.007483123801648617
11768,0.2411678582429886
11769,0.004561049398034811
11770,0.019312357529997826
11771,0.008458994328975677
11772,0.006751659791916609
11773,0.02840678207576275
11774,0.08194796741008759
11775,0.02195456437766552
11776,0.07100842148065567
11777,0.015204663388431072
11778,0.02192389965057373
11779,0.017024079337716103
11780,0.011611472815275192
11781,0.0200442336499691
11782,0.0253602247685194
11783,0.005721741355955601
11784,0.024828430265188217
11785,0.07444514334201813
11786,0.01803550496697426
11787,0.008042916655540466
11788,0.006842429284006357
11789,0.0023284845519810915
11790,0.02853606641292572
11791,0.015087820589542389
11792,0.03569423034787178
11793,0.1542055457830429
11794,0.05181122198700905
11795,0.02788785845041275
11796,0.006496106274425983
11797,0.16139242053031921
11798,0.27403971552848816
11799,0.016765473410487175
11800,0.009983867406845093
11801,0.002636123448610306
11802,0.0028221416287124157
11803,0.002636123448610306
11804,0.0028221416287124157
11805,0.0028572906740009785
11806,0.0028221416287124157
11807,0.0028221416287124157
11808,0.002668961649760604
11809,0.0026613303925842047
11810,0.002693792572245002
11811,0.0028221416287124157
11812,0.0028221416287124157
11813,0.0028221416287124157
11814,0.002636123448610306
11815,0.0028572906740009785
11816,0.0028572906740009785
11817,0.003387248609215021
11818,0.002693792572245002
11819,0.0028221416287124157
11820,0.0028572906740009785
11821,0.002693792572245002
11822,0.0023678895086050034
11823,0.036330562084913254
11824,0.0028221416287124157
11825,0.014656766317784786
11826,0.01748907007277012
11827,0.9792971014976501
11828,0.1666446328163147
11829,0.0028221416287124157
11830,0.023785244673490524
11831,0.056130290031433105
11832,0.01271587610244751
11833,0.3973734974861145
11834,0.010344776324927807
11835,0.003329713363200426
11836,0.0028815537225455046
11837,0.0028815537225455046
11838,0.0028815537225455046
11839,0.0028815537225455046
11840,0.011885148473083973
11841,0.003575141541659832
11842,0.06319516897201538
11843,0.01672573760151863
11844,0.04855542257428169
11845,0.036072682589292526
11846,0.03597819432616234
11847,0.009100637398660183
11848,0.017881134524941444
11849,0.02182646468281746
11850,0.07652456313371658
11851,0.0081612728536129
11852,0.010256973095238209
11853,0.015526357106864452
11854,0.6203625798225403
11855,0.015547733753919601
11856,0.031322117894887924
11857,0.07420314848423004
11858,0.025448225438594818
11859,0.028273703530430794
11860,0.06011560186743736
11861,0.09996882826089859
11862,0.004634319804608822
11863,0.43142107129096985
11864,0.031077736988663673
11865,0.0037746047601103783
11866,0.008681893348693848
11867,0.008317559957504272
11868,0.028409229591488838
11869,0.034648410975933075
11870,7.207212038338184e-4
11871,0.005324403755366802
11872,0.006245673168450594
11873,0.051648255437612534
11874,0.02501731924712658
11875,0.04618317261338234
11876,0.04772070050239563
11877,0.008436487056314945
11878,0.050809312611818314
11879,0.04267727956175804
11880,0.012723887339234352
11881,0.016523024067282677
11882,0.496381551027298
11883,0.011167410761117935
11884,0.01586679182946682
11885,0.04053008183836937
11886,0.005882568191736937
11887,0.005215269513428211
11888,0.0034277986269444227
11889,0.04990461841225624
11890,0.07461509853601456
11891,0.2374725639820099
11892,0.015147706493735313
11893,0.6297630071640015
11894,0.054257337003946304
11895,0.1305258870124817
11896,0.9419554471969604
11897,0.007912238128483295
11898,0.005466627422720194
11899,0.030275912955403328
11900,0.24697524309158325
11901,0.018925949931144714
11902,0.004551134072244167
11903,0.034165143966674805
11904,0.005113976541906595
11905,0.04162490367889404
11906,0.3627132773399353
11907,0.05131852999329567
11908,0.914574384689331
11909,0.0078287897631526
11910,0.04289769381284714
11911,0.008779287338256836
11912,0.01098032295703888
11913,0.01098032295703888
11914,0.005925311241298914
11915,0.05776604264974594
11916,0.14219684898853302
11917,0.021175559610128403
11918,0.03874920308589935
11919,0.05267074704170227
11920,0.807104229927063
11921,0.13557069003582
11922,0.056966111063957214
11923,0.02904108166694641
11924,0.02989966608583927
11925,0.024910805746912956
11926,0.09124471247196198
11927,0.04458121210336685
11928,0.05515897646546364
11929,0.017659686505794525
11930,0.05048113316297531
11931,0.11274931579828262
11932,0.05806205794215202
11933,0.0025077785830944777
11934,0.013525638729333878
11935,0.27141591906547546
11936,0.12130196392536163
11937,0.9767073392868042
11938,0.014995748177170753
11939,0.09668681770563126
11940,0.15562891960144043
11941,0.03477552905678749
11942,0.04382339492440224
11943,0.03843327984213829
11944,0.041149143129587173
11945,0.013809683732688427
11946,0.0033371003810316324
11947,0.009773805737495422
11948,0.09226220846176147
11949,0.019127551466226578
11950,0.14192871749401093
11951,0.10674086958169937
11952,0.0028922257479280233
11953,0.017819730564951897
11954,0.010900379158556461
11955,0.03302804380655289
11956,0.007237202022224665
11957,0.010900379158556461
11958,0.0038040822837501764
11959,0.01119744312018156
11960,0.03490228205919266
11961,0.026698265224695206
11962,0.007237202022224665
11963,0.008404397405683994
11964,0.06046135723590851
11965,0.026178600266575813
11966,0.010900379158556461
11967,0.010900379158556461
11968,0.010900379158556461
11969,0.006756342947483063
11970,0.006951532792299986
11971,0.02430121786892414
11972,0.007237202022224665
11973,0.010900379158556461
11974,0.0024428591132164
11975,0.010900379158556461
11976,0.010900379158556461
11977,0.01119744312018156
11978,0.006821835413575172
11979,0.006546808872371912
11980,0.010358772240579128
11981,0.05409904941916466
11982,0.0020831027068197727
11983,0.0020831027068197727
11984,0.040022946894168854
11985,0.0014207663480192423
11986,0.002374271396547556
11987,0.01196021307259798
11988,0.01196021307259798
11989,0.008391802199184895
11990,0.005958399269729853
11991,0.024740809574723244
11992,0.01985093392431736
11993,0.012516616843640804
11994,0.0045207045041024685
11995,0.0027109410148113966
11996,0.0037992477882653475
11997,0.0039600105956196785
11998,0.0034225170966237783
11999,0.023776929825544357
12000,0.0020264708437025547
12001,0.008991715498268604
12002,0.003623201511800289
12003,0.009916787035763264
12004,0.010743353515863419
12005,0.0035709382500499487
12006,0.0025298078544437885
12007,0.002409377135336399
12008,0.00674076471477747
12009,0.0031930292025208473
12010,0.020178109407424927
12011,0.011778092943131924
12012,0.08290761709213257
12013,0.005529878195375204
12014,0.028192244470119476
12015,0.010327909141778946
12016,0.00628272071480751
12017,0.013911442831158638
12018,0.010294940322637558
12019,0.004057903308421373
12020,0.0036816801875829697
12021,0.02777862548828125
12022,0.05113331228494644
12023,0.00559756625443697
12024,0.008807603269815445
12025,0.010427722707390785
12026,0.3111899793148041
12027,0.004727442283183336
12028,0.009925156831741333
12029,0.010109861381351948
12030,0.03365639969706535
12031,0.007121300790458918
12032,0.8930599093437195
12033,0.04339997470378876
12034,0.04276692494750023
12035,0.002733764238655567
12036,0.008811526000499725
12037,0.01657143607735634
12038,0.0326831117272377
12039,0.006860719993710518
12040,0.01735936477780342
12041,0.05684927478432655
12042,0.025586402043700218
12043,0.00540541298687458
12044,0.005462742410600185
12045,0.0042503466829657555
12046,0.01815934106707573
12047,0.0042259651236236095
12048,0.06374425441026688
12049,0.04754834622144699
12050,0.008811526000499725
12051,0.004209499340504408
12052,0.008334497921168804
12053,0.004166720900684595
12054,0.00935529824346304
12055,0.011276477947831154
12056,0.08792336285114288
12057,0.22838540375232697
12058,0.003006996586918831
12059,0.005566297098994255
12060,0.01815934106707573
12061,0.007746504154056311
12062,0.09062348306179047
12063,0.026563845574855804
12064,0.013688796199858189
12065,0.05506858974695206
12066,0.014704988338053226
12067,0.03399166464805603
12068,0.035856693983078
12069,0.03484861180186272
12070,0.021526794880628586
12071,0.03946130350232124
12072,0.016430504620075226
12073,0.03792686015367508
12074,0.005318505223840475
12075,0.024112557992339134
12076,0.0021076470147818327
12077,0.04576263204216957
12078,0.00185671157669276
12079,0.039998654276132584
12080,0.042137693613767624
12081,0.04275573417544365
12082,0.019922666251659393
12083,0.05564628541469574
12084,0.021779894828796387
12085,0.005794290453195572
12086,0.07371775805950165
12087,0.06869646161794662
12088,0.004818961955606937
12089,0.01104841846972704
12090,0.0013280711136758327
12091,0.008290057070553303
12092,0.0032250231597572565
12093,0.030704306438565254
12094,0.042296409606933594
12095,0.03347644582390785
12096,0.0020289835520088673
12097,0.048583902418613434
12098,0.08815604448318481
12099,0.009497324004769325
12100,0.0019511833088472486
12101,0.017405161634087563
12102,0.008749369531869888
12103,0.10763345658779144
12104,0.04379729554057121
12105,0.0019769356586039066
12106,0.007778272498399019
12107,0.0024162267800420523
12108,0.015392705798149109
12109,0.0036018092650920153
12110,0.005450722295790911
12111,0.00562206469476223
12112,0.00562206469476223
12113,0.003099355148151517
12114,0.003922234755009413
12115,0.0048731486313045025
12116,0.03120984137058258
12117,0.019106052815914154
12118,0.12432058155536652
12119,0.011537923477590084
12120,0.007352550979703665
12121,0.03184935078024864
12122,0.002322898246347904
12123,0.006546610966324806
12124,0.010220875963568687
12125,0.01263781264424324
12126,5.798995844088495e-4
12127,0.004779019393026829
12128,0.014284251257777214
12129,0.0017187542980536819
12130,0.00603233277797699
12131,0.016992978751659393
12132,0.00526485126465559
12133,0.0017651626840233803
12134,0.03313126787543297
12135,0.00906385574489832
12136,0.0025300364941358566
12137,0.008152935653924942
12138,0.0016588482540100813
12139,0.0171574167907238
12140,0.018951665610074997
12141,0.005092055536806583
12142,0.005092055536806583
12143,0.01409029122442007
12144,0.015688318759202957
12145,0.004237514920532703
12146,0.016039296984672546
12147,0.033456359058618546
12148,0.0032590804621577263
12149,0.010124326683580875
12150,0.304190456867218
12151,0.0038370629772543907
12152,0.010242581367492676
12153,0.010242581367492676
12154,0.007753996178507805
12155,0.017096908763051033
12156,0.052671805024147034
12157,0.1034838929772377
12158,0.5053592920303345
12159,0.017096908763051033
12160,0.006166019476950169
12161,0.013547662645578384
12162,0.007207184098660946
12163,0.017284546047449112
12164,0.006633102428168058
12165,0.018246421590447426
12166,0.01652236469089985
12167,0.011571133509278297
12168,0.01156188640743494
12169,0.01156188640743494
12170,0.01156188640743494
12171,0.012012867256999016
12172,0.008284751325845718
12173,0.014444409869611263
12174,0.01788368821144104
12175,0.053559720516204834
12176,0.03183863312005997
12177,0.0354170985519886
12178,0.018206199631094933
12179,0.01436656154692173
12180,0.030208859592676163
12181,0.011571133509278297
12182,0.011571133509278297
12183,0.04189957678318024
12184,0.017322417348623276
12185,0.03049650602042675
12186,0.007142873480916023
12187,0.01935620605945587
12188,0.01951420307159424
12189,0.018901657313108444
12190,0.0954308956861496
12191,0.02703540213406086
12192,0.01063161063939333
12193,0.14630675315856934
12194,0.07344416528940201
12195,0.024050094187259674
12196,0.024050094187259674
12197,0.0050820885226130486
12198,0.029309170320630074
12199,0.004726482089608908
12200,0.004726482089608908
12201,0.004726482089608908
12202,0.003296836279332638
12203,0.004726482089608908
12204,0.004726482089608908
12205,0.01927313022315502
12206,0.05391600728034973
12207,0.07317160815000534
12208,0.04516226425766945
12209,0.008730074390769005
12210,0.020057078450918198
12211,0.013657881878316402
12212,0.058826472610235214
12213,0.017044469714164734
12214,0.006933244876563549
12215,0.00670127896592021
12216,0.014353339560329914
12217,0.015200593508780003
12218,0.015176507644355297
12219,0.01639130525290966
12220,0.03908848017454147
12221,0.053241003304719925
12222,0.0349854901432991
12223,0.03747186064720154
12224,0.014246285893023014
12225,0.02673821710050106
12226,0.04569363221526146
12227,0.009551632218062878
12228,0.08338306099176407
12229,0.015645984560251236
12230,0.005967279430478811
12231,0.034518249332904816
12232,0.06407153606414795
12233,0.024401983246207237
12234,0.04869694262742996
12235,0.06341094523668289
12236,0.010423299856483936
12237,0.13303731381893158
12238,0.032392967492341995
12239,0.012947087176144123
12240,0.018866686150431633
12241,0.018866686150431633
12242,0.017212269827723503
12243,0.004043946508318186
12244,0.03507047891616821
12245,0.007524235174059868
12246,0.006673480849713087
12247,0.009003314189612865
12248,0.023737575858831406
12249,0.014069617725908756
12250,0.009111893363296986
12251,0.06426656991243362
12252,0.009111893363296986
12253,0.11904190480709076
12254,0.009111893363296986
12255,0.016564754769206047
12256,0.05763896554708481
12257,0.006427755579352379
12258,0.13474425673484802
12259,0.009111893363296986
12260,0.009111893363296986
12261,0.018209127709269524
12262,0.004363430198282003
12263,0.07082304358482361
12264,0.05510030686855316
12265,0.027231397107243538
12266,0.0058678025379776955
12267,0.005760560277849436
12268,0.011785888113081455
12269,0.004142418038100004
12270,0.0020559749100357294
12271,0.017509140074253082
12272,0.00737961009144783
12273,0.02420857362449169
12274,0.02420857362449169
12275,0.11178034543991089
12276,0.4608954191207886
12277,0.8781928420066833
12278,0.004891647957265377
12279,0.06057287007570267
12280,0.06049048900604248
12281,0.011519904248416424
12282,0.004387201741337776
12283,0.017761170864105225
12284,0.0016625917050987482
12285,0.026284245774149895
12286,0.04163673520088196
12287,0.035414792597293854
12288,0.017429128289222717
12289,0.034066736698150635
12290,0.012893002480268478
12291,0.0018840429838746786
12292,0.01409940142184496
12293,0.007121128961443901
12294,0.01409940142184496
12295,0.007192227989435196
12296,0.01409940142184496
12297,0.007192227989435196
12298,0.01409940142184496
12299,0.013227693736553192
12300,0.04921935871243477
12301,0.01409940142184496
12302,0.03957901522517204
12303,0.008245131000876427
12304,0.005049559287726879
12305,0.05330776423215866
12306,0.040986280888319016
12307,0.033200908452272415
12308,0.017192469909787178
12309,0.007192227989435196
12310,0.01815006509423256
12311,0.09793946146965027
12312,0.0311990138143301
12313,0.020259706303477287
12314,0.00520720612257719
12315,0.007152266800403595
12316,0.0025672183837741613
12317,0.0037282772827893496
12318,0.002856477163732052
12319,0.04593799635767937
12320,0.24816064536571503
12321,0.02725318819284439
12322,0.019584357738494873
12323,0.013349770568311214
12324,0.0038781401235610247
12325,0.018777992576360703
12326,0.039712000638246536
12327,0.13853780925273895
12328,0.11368146538734436
12329,0.002680102363228798
12330,0.005477232858538628
12331,0.0701657384634018
12332,0.018219495192170143
12333,0.02787904441356659
12334,0.06374681740999222
12335,0.019944557920098305
12336,0.02578078955411911
12337,0.019427454099059105
12338,0.047835178673267365
12339,0.03270891681313515
12340,0.02453850395977497
12341,0.2621825337409973
12342,0.15883249044418335
12343,0.2165464609861374
12344,0.004132409580051899
12345,0.025364816188812256
12346,0.024975227192044258
12347,0.011703153140842915
12348,0.17043952643871307
12349,0.04143023118376732
12350,0.3436879515647888
12351,0.004081261344254017
12352,0.04246215894818306
12353,0.019767148420214653
12354,0.2703380882740021
12355,0.007913166657090187
12356,0.011146609671413898
12357,0.012017644010484219
12358,0.023481829091906548
12359,0.021598150953650475
12360,0.17242078483104706
12361,0.042011138051748276
12362,0.0375869981944561
12363,0.9121236801147461
12364,0.19985538721084595
12365,0.014279531314969063
12366,0.8346529603004456
12367,0.048430122435092926
12368,0.008056708611547947
12369,0.015377761796116829
12370,0.01889091357588768
12371,0.03703467547893524
12372,0.9743399620056152
12373,0.005253470968455076
12374,0.007568339351564646
12375,0.011417128145694733
12376,0.11815313249826431
12377,0.0467790849506855
12378,0.01889091357588768
12379,0.004049450159072876
12380,0.22335264086723328
12381,0.011247535236179829
12382,0.00721315760165453
12383,0.003228334244340658
12384,0.8692613840103149
12385,0.029134012758731842
12386,0.0041091954335570335
12387,0.02023467794060707
12388,0.007121128961443901
12389,0.031380437314510345
12390,0.01193738542497158
12391,0.01538805477321148
12392,0.03084522858262062
12393,0.023084843531250954
12394,0.010703690350055695
12395,0.004449634347110987
12396,0.06151337921619415
12397,0.07786202430725098
12398,0.07799047976732254
12399,0.05176747962832451
12400,0.03889680281281471
12401,0.12366445362567902
12402,0.047406889498233795
12403,0.013919654302299023
12404,0.028992803767323494
12405,0.00740336487069726
12406,0.04684687405824661
12407,0.011274117976427078
12408,0.006951532792299986
12409,0.00893950555473566
12410,0.017423242330551147
12411,0.018625980243086815
12412,0.019712142646312714
12413,0.3953264653682709
12414,0.014810441061854362
12415,0.014810441061854362
12416,0.014810441061854362
12417,0.008662180043756962
12418,0.008662180043756962
12419,0.008662180043756962
12420,0.007304634898900986
12421,0.043926071375608444
12422,0.10381455719470978
12423,0.003821492660790682
12424,0.19144544005393982
12425,0.005698637571185827
12426,0.001321572344750166
12427,0.0017595296958461404
12428,0.014483732171356678
12429,0.035346753895282745
12430,0.0168292373418808
12431,0.10013719648122787
12432,0.005129366181790829
12433,0.03176485002040863
12434,0.007781629916280508
12435,0.006519172340631485
12436,0.2870425581932068
12437,0.013576113618910313
12438,0.017043080180883408
12439,0.30726736783981323
12440,0.06678325682878494
12441,0.035687047988176346
12442,0.029256431385874748
12443,0.011930176988244057
12444,0.025602569803595543
12445,0.026357948780059814
12446,0.01369786262512207
12447,0.025842925533652306
12448,0.01951439492404461
12449,0.01729716919362545
12450,0.017149319872260094
12451,0.04010346159338951
12452,0.03820345550775528
12453,0.032271433621644974
12454,0.20581384003162384
12455,0.22030629217624664
12456,0.2273809313774109
12457,0.06231255456805229
12458,0.019895264878869057
12459,0.0695844292640686
12460,0.024459393694996834
12461,0.04951478913426399
12462,0.02784743718802929
12463,0.004109665751457214
12464,0.009937165305018425
12465,0.00639693159610033
12466,0.04376431927084923
12467,0.009789083153009415
12468,0.011262897402048111
12469,0.01516456063836813
12470,0.034453507512807846
12471,0.011798817664384842
12472,0.0034103679936379194
12473,0.0034103679936379194
12474,0.11673279106616974
12475,0.09790588915348053
12476,0.03589250147342682
12477,0.0014424839755520225
12478,0.016514230519533157
12479,0.03589250147342682
12480,0.01546952873468399
12481,0.018767137080430984
12482,0.0030084564350545406
12483,0.0030780581291764975
12484,0.07512156665325165
12485,0.008191163651645184
12486,0.008191163651645184
12487,0.012727649882435799
12488,0.07869985699653625
12489,0.0065187495201826096
12490,0.03868940472602844
12491,0.03979857638478279
12492,0.052245162427425385
12493,0.0035919947549700737
12494,0.009374253451824188
12495,0.01902274414896965
12496,0.026729589328169823
12497,0.07918158173561096
12498,0.01410044264048338
12499,0.05738398805260658
12500,0.01020741555839777
12501,0.010556080378592014
12502,0.02931225672364235
12503,0.009637205861508846
12504,0.01657211221754551
12505,0.009637205861508846
12506,0.08576943725347519
12507,0.023206889629364014
12508,0.004749333951622248
12509,0.0389346182346344
12510,0.06292812526226044
12511,0.03924420475959778
12512,0.006020530592650175
12513,0.0647798627614975
12514,0.006304976996034384
12515,0.016307685524225235
12516,0.013075694441795349
12517,0.11730492860078812
12518,0.03196406364440918
12519,0.005885764956474304
12520,0.01161461416631937
12521,0.028944985941052437
12522,0.005846919026225805
12523,0.04773038625717163
12524,0.1292961984872818
12525,0.011318784207105637
12526,0.15141761302947998
12527,0.028355645015835762
12528,0.36142227053642273
12529,0.005741311702877283
12530,0.07868245244026184
12531,0.01680586114525795
12532,0.05847720801830292
12533,0.005244988016784191
12534,0.03413335233926773
12535,0.008237924426794052
12536,0.008237924426794052
12537,0.01573863998055458
12538,0.008237924426794052
12539,0.01977311633527279
12540,0.008237924426794052
12541,0.008237924426794052
12542,0.008237924426794052
12543,0.07446814328432083
12544,0.008237924426794052
12545,0.008559399284422398
12546,0.08077867329120636
12547,0.008237924426794052
12548,0.008237924426794052
12549,0.008237924426794052
12550,0.008237924426794052
12551,0.008237924426794052
12552,0.008237924426794052
12553,0.008237924426794052
12554,0.004832360427826643
12555,0.008237924426794052
12556,0.008237924426794052
12557,0.008237924426794052
12558,0.02506006322801113
12559,0.01774236373603344
12560,0.016252748668193817
12561,0.008237924426794052
12562,0.0020769857801496983
12563,0.008237924426794052
12564,0.0023832109291106462
12565,0.01996196247637272
12566,0.015804486349225044
12567,0.006930462084710598
12568,0.007291869726032019
12569,0.004781374242156744
12570,0.014624270610511303
12571,0.06214531883597374
12572,0.0918111801147461
12573,0.055427346378564835
12574,0.013322564773261547
12575,0.017189545556902885
12576,0.05067859962582588
12577,0.00853736512362957
12578,0.00853736512362957
12579,0.27049878239631653
12580,0.0255571436136961
12581,0.055660951882600784
12582,0.12889346480369568
12583,0.04964102804660797
12584,0.002728489926084876
12585,0.008393527939915657
12586,0.01555935014039278
12587,0.015346690081059933
12588,0.0938674807548523
12589,0.00840921513736248
12590,0.018990768119692802
12591,0.07533105462789536
12592,0.964756965637207
12593,0.010738509707152843
12594,0.00908429455012083
12595,0.009083800949156284
12596,0.01590188406407833
12597,0.009149170480668545
12598,0.07985977083444595
12599,0.04739108681678772
12600,0.014094610698521137
12601,0.008899019099771976
12602,0.008082039654254913
12603,0.05752979964017868
12604,0.8805014491081238
12605,0.4468846619129181
12606,0.014279873110353947
12607,0.039693720638751984
12608,0.0036263479851186275
12609,0.014021018519997597
12610,0.005667609628289938
12611,0.005667609628289938
12612,0.0929907038807869
12613,0.06600633263587952
12614,0.05836028978228569
12615,0.031460076570510864
12616,0.022002525627613068
12617,0.0051772636361420155
12618,0.006836026441305876
12619,0.006836026441305876
12620,0.006836026441305876
12621,0.0058849225752055645
12622,0.006836026441305876
12623,0.0058849225752055645
12624,0.0058849225752055645
12625,0.0034505282528698444
12626,0.01218346506357193
12627,0.002728508086875081
12628,0.01218346506357193
12629,0.007014418486505747
12630,0.0058849225752055645
12631,0.007926009595394135
12632,0.007926009595394135
12633,0.024037213996052742
12634,0.8113833069801331
12635,0.008982532657682896
12636,0.006354986224323511
12637,0.005959483794867992
12638,0.0210710559040308
12639,0.8373837471008301
12640,0.0685264840722084
12641,0.07997807115316391
12642,0.09122919291257858
12643,0.014043277129530907
12644,0.00959709845483303
12645,0.2375107705593109
12646,4.932875162921846e-4
12647,0.0017727703088894486
12648,0.07925457507371902
12649,0.004412125796079636
12650,0.01766241528093815
12651,0.14105857908725739
12652,0.0135794160887599
12653,0.004412125796079636
12654,0.006255628075450659
12655,0.047966375946998596
12656,0.007475742604583502
12657,0.013944434933364391
12658,0.140084370970726
12659,0.004019395913928747
12660,0.04670604690909386
12661,0.1140301525592804
12662,0.06668338179588318
12663,0.01871572434902191
12664,0.008952547796070576
12665,0.007971340790390968
12666,0.01681901514530182
12667,0.007971340790390968
12668,0.007971340790390968
12669,0.005646211560815573
12670,0.007971340790390968
12671,0.018298903480172157
12672,0.049240659922361374
12673,0.044271070510149
12674,0.034665547311306
12675,0.039576463401317596
12676,0.010456058196723461
12677,0.0025847232900559902
12678,0.020893841981887817
12679,0.07347331196069717
12680,0.03523501381278038
12681,0.07929304987192154
12682,0.053525660187006
12683,0.03018048033118248
12684,0.05185600370168686
12685,0.05185600370168686
12686,0.005405836272984743
12687,0.05486368387937546
12688,0.0017320993356406689
12689,0.013396566733717918
12690,0.034367453306913376
12691,0.1384405940771103
12692,0.04892841354012489
12693,0.03494158387184143
12694,0.011121220886707306
12695,0.003907706588506699
12696,0.003907706588506699
12697,0.001561984303407371
12698,0.018963992595672607
12699,0.2822935879230499
12700,0.04777836427092552
12701,0.008005201816558838
12702,0.10756294429302216
12703,0.011425887234508991
12704,0.09037026762962341
12705,0.029489286243915558
12706,0.00508009223267436
12707,0.9743465185165405
12708,0.028959637507796288
12709,0.0051416452042758465
12710,0.07320123165845871
12711,0.03366849943995476
12712,0.13931509852409363
12713,0.10505171120166779
12714,0.01643821969628334
12715,0.009693904779851437
12716,0.011343881487846375
12717,0.007697100285440683
12718,0.0026710794772952795
12719,0.7589107155799866
12720,0.030365705490112305
12721,0.0113752456381917
12722,0.11951877921819687
12723,0.052620723843574524
12724,0.0038272934034466743
12725,0.2612200379371643
12726,0.07444394379854202
12727,0.06138245016336441
12728,0.0038272934034466743
12729,0.05179252848029137
12730,0.009899022057652473
12731,0.5602027177810669
12732,0.011855952441692352
12733,0.0038272934034466743
12734,0.06138245016336441
12735,0.013212739489972591
12736,0.0038272934034466743
12737,0.0038272934034466743
12738,0.07709382474422455
12739,0.013604328967630863
12740,0.0617641843855381
12741,0.07081271708011627
12742,0.006822998635470867
12743,0.04065346345305443
12744,0.038128357380628586
12745,0.013459168374538422
12746,0.07410784810781479
12747,0.00590306892991066
12748,0.03700989857316017
12749,0.003573847468942404
12750,0.7484299540519714
12751,0.03773881122469902
12752,0.004018195439130068
12753,0.04101986065506935
12754,0.027208277955651283
12755,0.014201168902218342
12756,0.21988262236118317
12757,0.014201168902218342
12758,0.009429116733372211
12759,0.004018195439130068
12760,0.004018195439130068
12761,0.013143815100193024
12762,0.07264627516269684
12763,0.04256513714790344
12764,0.014660988934338093
12765,0.048182204365730286
12766,0.018630478531122208
12767,0.014987114816904068
12768,0.00590306892991066
12769,0.00596676766872406
12770,0.2024429589509964
12771,0.019139902666211128
12772,0.09683775156736374
12773,0.10523059964179993
12774,0.02871544286608696
12775,0.07916011661291122
12776,0.050896286964416504
12777,0.07608796656131744
12778,0.016539063304662704
12779,0.0397799015045166
12780,0.00937836803495884
12781,0.36805081367492676
12782,0.048089973628520966
12783,0.016837989911437035
12784,0.02736455760896206
12785,0.01797262206673622
12786,0.04267735779285431
12787,0.05038474500179291
12788,0.027183925732970238
12789,0.006247712764889002
12790,0.006152610294520855
12791,0.006152610294520855
12792,0.006152610294520855
12793,0.018445327877998352
12794,0.08589810878038406
12795,0.008080851286649704
12796,0.00444220332428813
12797,0.00444220332428813
12798,0.00444220332428813
12799,0.038993559777736664
12800,0.008304393850266933
12801,0.004459249321371317
12802,0.10430987179279327
12803,0.005557543598115444
12804,0.04605724662542343
12805,0.04605724662542343
12806,0.02414971962571144
12807,0.035579364746809006
12808,0.04906764253973961
12809,0.01590188406407833
12810,0.042810969054698944
12811,0.016877518966794014
12812,0.02537158876657486
12813,0.032963868230581284
12814,0.005711962003260851
12815,0.005711962003260851
12816,0.04742715507745743
12817,0.05208505317568779
12818,0.02583390101790428
12819,0.1141183003783226
12820,0.022253163158893585
12821,0.004234286956489086
12822,0.0452222116291523
12823,0.04964102804660797
12824,0.24900393187999725
12825,0.041134510189294815
12826,0.07535483688116074
12827,0.09907198697328568
12828,0.014071649871766567
12829,0.038089100271463394
12830,0.01791628636419773
12831,0.015815356746315956
12832,0.053681276738643646
12833,0.07351727783679962
12834,0.15959791839122772
12835,0.027099093422293663
12836,0.04944468289613724
12837,0.02594784088432789
12838,0.053410034626722336
12839,0.08331858366727829
12840,0.9279865026473999
12841,0.03529628738760948
12842,0.013353997841477394
12843,0.0021854485385119915
12844,0.016956623643636703
12845,0.011027660220861435
12846,0.724595308303833
12847,0.08618134260177612
12848,0.9308955669403076
12849,0.008244296535849571
12850,0.9052478075027466
12851,0.011433813720941544
12852,0.03429890424013138
12853,0.13183479011058807
12854,0.11503372341394424
12855,0.027750186622142792
12856,0.09664557874202728
12857,0.035994548350572586
12858,0.002589948009699583
12859,0.035673875361680984
12860,0.003141273744404316
12861,0.009548241272568703
12862,0.003141273744404316
12863,0.003141273744404316
12864,0.005928398575633764
12865,0.9354757070541382
12866,0.07833822071552277
12867,0.10784796625375748
12868,0.021836554631590843
12869,0.01777030900120735
12870,0.2477390319108963
12871,0.18395556509494781
12872,0.039000965654850006
12873,0.038108691573143005
12874,0.05452398210763931
12875,0.052021171897649765
12876,0.05055856704711914
12877,0.014792035333812237
12878,0.013014309108257294
12879,0.015533436089754105
12880,0.03819992020726204
12881,0.01726117730140686
12882,0.03819992020726204
12883,0.03819992020726204
12884,0.03819992020726204
12885,0.08359599858522415
12886,0.10796806216239929
12887,0.2501373887062073
12888,0.01729588769376278
12889,0.0016651747282594442
12890,0.045123569667339325
12891,0.33008211851119995
12892,0.07200789451599121
12893,0.0031937945168465376
12894,0.0048119304701685905
12895,9.019832941703498e-4
12896,0.0048119304701685905
12897,0.017467917874455452
12898,0.03360040485858917
12899,0.0170611422508955
12900,0.009689181111752987
12901,0.30911046266555786
12902,0.035909201949834824
12903,0.007272916845977306
12904,0.009748299606144428
12905,0.11351574212312698
12906,0.003435974009335041
12907,0.0024584901984781027
12908,0.0498683787882328
12909,0.05892827734351158
12910,0.08777858316898346
12911,0.08062794804573059
12912,0.03316338360309601
12913,0.015288978815078735
12914,0.05049506574869156
12915,0.013173921033740044
12916,0.051995933055877686
12917,0.006752628833055496
12918,0.10060369223356247
12919,0.25674498081207275
12920,0.005603892263025045
12921,0.08193167299032211
12922,0.017760781571269035
12923,0.009748299606144428
12924,0.03466874733567238
12925,0.025727419182658195
12926,0.009930622763931751
12927,0.03890190273523331
12928,0.029320059344172478
12929,0.027514005079865456
12930,0.002168289152905345
12931,0.006752100773155689
12932,0.05295482650399208
12933,0.027952702715992928
12934,0.032618358731269836
12935,0.01726427674293518
12936,0.004999712575227022
12937,0.006752100773155689
12938,0.004999712575227022
12939,0.004999712575227022
12940,0.029847880825400352
12941,0.07034806907176971
12942,0.939836859703064
12943,0.11627333611249924
12944,0.008685813285410404
12945,0.0433327853679657
12946,0.11431232839822769
12947,0.9267062544822693
12948,0.05629546567797661
12949,0.010520540177822113
12950,0.0024768526200205088
12951,0.022187015041708946
12952,0.08277753740549088
12953,0.013852901756763458
12954,0.20669814944267273
12955,0.004336693324148655
12956,0.007444104645401239
12957,0.005005978513509035
12958,0.015755128115415573
12959,0.05683436244726181
12960,0.03546309843659401
12961,0.05058266595005989
12962,0.002661545528098941
12963,0.003913248889148235
12964,0.049259960651397705
12965,0.04779425635933876
12966,0.003913248889148235
12967,0.021713068708777428
12968,0.002058589830994606
12969,0.04134358465671539
12970,0.009342345409095287
12971,0.015216683968901634
12972,0.18908534944057465
12973,0.035665225237607956
12974,0.13987119495868683
12975,0.04687255993485451
12976,0.1543530523777008
12977,0.004667532164603472
12978,0.004667532164603472
12979,0.004667532164603472
12980,0.03309309482574463
12981,0.014285558834671974
12982,0.0502193458378315
12983,0.0036195404827594757
12984,0.015473778359591961
12985,0.0036195404827594757
12986,0.014285558834671974
12987,0.014285558834671974
12988,0.014285558834671974
12989,0.002824012888595462
12990,0.06134488806128502
12991,0.15658754110336304
12992,0.04369983449578285
12993,0.18176865577697754
12994,0.025723222643136978
12995,0.06420533359050751
12996,0.032524410635232925
12997,0.02080080285668373
12998,0.8555441498756409
12999,0.02080080285668373
13000,0.3167867064476013
13001,0.14268171787261963
13002,0.00991099327802658
13003,0.003041176125407219
13004,0.012661831453442574
13005,0.0478634312748909
13006,0.011326311156153679
13007,0.0842142105102539
13008,0.05234887823462486
13009,0.009146594442427158
13010,0.008931152522563934
13011,0.012590206228196621
13012,0.011720560491085052
13013,0.0363163985311985
13014,0.11033941805362701
13015,0.004812346305698156
13016,0.0389346182346344
13017,0.02456805296242237
13018,0.19438791275024414
13019,0.008575519546866417
13020,0.008411469869315624
13021,0.007723075337707996
13022,0.008632964454591274
13023,0.007723075337707996
13024,0.008632964454591274
13025,0.008632964454591274
13026,0.0035571337211877108
13027,0.06433862447738647
13028,0.052924223244190216
13029,0.019354242831468582
13030,0.007723075337707996
13031,0.010696709156036377
13032,0.0021299913059920073
13033,0.026896368712186813
13034,0.12682873010635376
13035,0.05432673543691635
13036,0.003076734021306038
13037,0.031520355492830276
13038,0.025521591305732727
13039,0.0181793961673975
13040,0.11991685628890991
13041,0.00776822492480278
13042,0.38294219970703125
13043,0.02638222463428974
13044,0.03142772242426872
13045,0.00834592618048191
13046,0.008710034191608429
13047,0.02183019556105137
13048,0.008710034191608429
13049,0.021401239559054375
13050,0.008710034191608429
13051,0.008710034191608429
13052,0.0035629253834486008
13053,0.003913741558790207
13054,0.8933019042015076
13055,0.006884729489684105
13056,0.005815593525767326
13057,0.005815593525767326
13058,0.005815593525767326
13059,0.005815593525767326
13060,0.011300943791866302
13061,0.005815593525767326
13062,0.005815593525767326
13063,0.04616963118314743
13064,0.02424224652349949
13065,0.03760780021548271
13066,0.02071792632341385
13067,0.04282887652516365
13068,0.04282887652516365
13069,0.015960117802023888
13070,0.013128608465194702
13071,0.03266649320721626
13072,0.09312339872121811
13073,0.04877980798482895
13074,0.006066054571419954
13075,0.0025666700676083565
13076,0.015134287998080254
13077,0.0025666700676083565
13078,0.9068192839622498
13079,0.013301082886755466
13080,0.0025666700676083565
13081,0.03544354811310768
13082,0.03373284637928009
13083,0.0026829256676137447
13084,0.023142315447330475
13085,0.0027281735092401505
13086,0.03374885022640228
13087,0.00896835420280695
13088,0.0296087134629488
13089,0.0017602391308173537
13090,0.009899073280394077
13091,0.03081423044204712
13092,0.03081423044204712
13093,0.024237340316176414
13094,0.024237340316176414
13095,0.02670433185994625
13096,0.004699344281107187
13097,0.05377839505672455
13098,0.01146772038191557
13099,0.0064442274160683155
13100,0.016094906255602837
13101,0.00841964315623045
13102,0.003094804473221302
13103,0.008268031291663647
13104,0.008268031291663647
13105,0.0025887980591505766
13106,0.012983608990907669
13107,0.0233659278601408
13108,0.03236246854066849
13109,0.02742129936814308
13110,0.006025897804647684
13111,0.0038501147646456957
13112,0.025588732212781906
13113,0.005466445814818144
13114,0.007708708290010691
13115,0.023158933967351913
13116,0.013042507693171501
13117,0.002509808400645852
13118,0.028678851202130318
13119,0.0026899802032858133
13120,0.006015051621943712
13121,0.04498347267508507
13122,0.003766666166484356
13123,0.003967297729104757
13124,0.015156729146838188
13125,0.004717081785202026
13126,0.0023217780981212854
13127,0.002758549526333809
13128,0.023787960410118103
13129,0.043449148535728455
13130,0.018834618851542473
13131,0.018834618851542473
13132,0.003326116595417261
13133,0.0069533102214336395
13134,0.064438097178936
13135,0.00273498659953475
13136,0.011220671236515045
13137,0.006430944427847862
13138,0.007721612695604563
13139,0.009494987316429615
13140,0.0926031768321991
13141,0.053992848843336105
13142,0.02067628875374794
13143,0.021556535735726357
13144,0.029959283769130707
13145,0.003470657393336296
13146,0.8108568787574768
13147,0.003326116595417261
13148,0.004272165708243847
13149,0.009405247867107391
13150,0.005817054770886898
13151,0.01075472217053175
13152,0.015876973047852516
13153,0.02026969939470291
13154,0.0210604015737772
13155,0.07630573213100433
13156,0.011017275042831898
13157,0.030858295038342476
13158,0.01668999344110489
13159,0.005275965668261051
13160,0.0037137113977223635
13161,0.007527187466621399
13162,0.01135857030749321
13163,0.009329432621598244
13164,0.01802963949739933
13165,0.010910985060036182
13166,0.014936944469809532
13167,0.03550666570663452
13168,0.006437309551984072
13169,0.004729794338345528
13170,0.010782777331769466
13171,0.03002365119755268
13172,0.007504232227802277
13173,0.004459469113498926
13174,0.013624525628983974
13175,0.005440389737486839
13176,0.007664104923605919
13177,0.005440389737486839
13178,0.0062741199508309364
13179,0.002838433487340808
13180,0.00920620746910572
13181,0.033662259578704834
13182,0.004792316816747189
13183,0.012642079964280128
13184,0.006655598524957895
13185,0.019279425963759422
13186,0.006255494896322489
13187,0.0326598584651947
13188,0.0045996238477528095
13189,0.0045996238477528095
13190,0.00934322364628315
13191,0.0045996238477528095
13192,0.0045996238477528095
13193,0.010102134197950363
13194,0.044057827442884445
13195,0.005204907152801752
13196,0.0031949239782989025
13197,0.01755177043378353
13198,0.024945124983787537
13199,0.0031949239782989025
13200,0.02618754468858242
13201,0.002973788185045123
13202,0.049317725002765656
13203,0.029919857159256935
13204,0.0613364614546299
13205,0.007713677827268839
13206,0.024893397465348244
13207,0.0030202758498489857
13208,0.004480946343392134
13209,0.0030202758498489857
13210,0.0030202758498489857
13211,0.016418911516666412
13212,0.024150794371962547
13213,0.0030202758498489857
13214,0.0549478754401207
13215,0.027519166469573975
13216,0.02132991887629032
13217,0.0341004952788353
13218,0.017609262838959694
13219,0.024660559371113777
13220,0.0010066302493214607
13221,0.009889618493616581
13222,0.016998466104269028
13223,0.04683753475546837
13224,0.019078293815255165
13225,0.045360829681158066
13226,0.020020289346575737
13227,0.021791882812976837
13228,0.019298657774925232
13229,0.022914867848157883
13230,0.00632638530805707
13231,0.053042083978652954
13232,0.0487886443734169
13233,0.0022784078028053045
13234,0.028307782486081123
13235,0.03780432045459747
13236,0.04431018978357315
13237,0.002737984759733081
13238,0.08607044816017151
13239,0.0019653113558888435
13240,0.004537858534604311
13241,0.017573589459061623
13242,0.159139022231102
13243,0.002380034187808633
13244,0.0027336201164871454
13245,0.019772641360759735
13246,0.15887004137039185
13247,0.7676724195480347
13248,0.11272883415222168
13249,0.023112140595912933
13250,0.05815662071108818
13251,0.002737984759733081
13252,0.04340429976582527
13253,0.011235345155000687
13254,0.0038637248799204826
13255,8.580098510719836e-4
13256,0.047682229429483414
13257,0.10768693685531616
13258,0.047682229429483414
13259,0.007301768288016319
13260,0.005572238937020302
13261,0.011235345155000687
13262,0.021240247413516045
13263,0.03768348693847656
13264,0.011235345155000687
13265,0.02133028768002987
13266,0.01975162699818611
13267,0.04022896662354469
13268,0.011235345155000687
13269,0.00744540523737669
13270,0.0019012920092791319
13271,0.053466230630874634
13272,0.004296671599149704
13273,0.02098444662988186
13274,0.012702085077762604
13275,0.012702085077762604
13276,0.012702085077762604
13277,0.06801055371761322
13278,0.004705881699919701
13279,0.006158140953630209
13280,0.006158140953630209
13281,0.006158140953630209
13282,0.006158140953630209
13283,0.006158140953630209
13284,0.0018758373335003853
13285,0.0018758373335003853
13286,0.0018758373335003853
13287,0.03939687833189964
13288,0.00810707826167345
13289,0.02188873291015625
13290,0.19438889622688293
13291,0.0014664233895018697
13292,0.0020264708437025547
13293,6.384772132150829e-4
13294,0.05746358633041382
13295,0.02798190712928772
13296,0.019794214516878128
13297,0.029184337705373764
13298,0.0018311624880880117
13299,0.0046913824044167995
13300,0.02218426950275898
13301,0.003235775511711836
13302,0.003235775511711836
13303,0.0043177371844649315
13304,0.0043177371844649315
13305,0.04645846411585808
13306,0.009990750811994076
13307,0.0043177371844649315
13308,0.0043177371844649315
13309,0.04645846411585808
13310,0.021033428609371185
13311,0.031417135149240494
13312,0.017706865444779396
13313,0.006986016407608986
13314,0.05413348972797394
13315,0.005488303955644369
13316,0.007867482490837574
13317,0.0043177371844649315
13318,0.029677828773856163
13319,0.047878436744213104
13320,0.05087213218212128
13321,0.04233290255069733
13322,0.03545518219470978
13323,0.04350604861974716
13324,0.003792093601077795
13325,0.030999604612588882
13326,0.01106977928429842
13327,0.015093029476702213
13328,0.12532304227352142
13329,0.03634362667798996
13330,0.01284318882972002
13331,0.017779607325792313
13332,0.030646223574876785
13333,0.11061844229698181
13334,0.011892582289874554
13335,0.002731764456257224
13336,0.022398822009563446
13337,0.05751324072480202
13338,0.0012615763116627932
13339,0.006830534432083368
13340,0.09942738711833954
13341,0.04037012159824371
13342,0.03963157907128334
13343,0.0025641920510679483
13344,0.002620719140395522
13345,0.009987573139369488
13346,0.010948743671178818
13347,0.025853976607322693
13348,0.008185865357518196
13349,0.22343219816684723
13350,0.003799402853474021
13351,0.002101696329191327
13352,0.002101696329191327
13353,0.0022543363738805056
13354,0.002101696329191327
13355,0.0045792884193360806
13356,0.002101696329191327
13357,0.003799402853474021
13358,0.003799402853474021
13359,0.006533895619213581
13360,0.005333201959729195
13361,0.044834863394498825
13362,0.041532304137945175
13363,0.0030202071648091078
13364,0.013590873219072819
13365,0.013590873219072819
13366,0.08625452220439911
13367,0.03655964881181717
13368,0.0573761872947216
13369,0.013884074054658413
13370,0.013884074054658413
13371,0.01504528522491455
13372,0.007884006015956402
13373,0.012912588194012642
13374,0.003009346080943942
13375,0.0014195990515872836
13376,0.003009346080943942
13377,0.0014195990515872836
13378,0.003009346080943942
13379,0.0014195990515872836
13380,0.01834447868168354
13381,0.01834447868168354
13382,0.0014195990515872836
13383,0.0014195990515872836
13384,0.6322069764137268
13385,0.009352929890155792
13386,0.08786184340715408
13387,0.06403762847185135
13388,0.04602789506316185
13389,0.012912588194012642
13390,0.0016658088425174356
13391,0.008002528920769691
13392,0.008579805493354797
13393,0.01501380279660225
13394,0.008579805493354797
13395,0.004209707025438547
13396,0.004209707025438547
13397,0.004209707025438547
13398,0.15115423500537872
13399,0.004209707025438547
13400,0.03859153762459755
13401,0.034728359431028366
13402,0.03422493115067482
13403,0.0027997803408652544
13404,0.023111926391720772
13405,0.013095282949507236
13406,0.004209707025438547
13407,0.030796457082033157
13408,0.017136795446276665
13409,0.02197984792292118
13410,0.01583443395793438
13411,0.030796457082033157
13412,0.08686089515686035
13413,0.004209707025438547
13414,0.0033495400566607714
13415,0.004209707025438547
13416,0.0024291465524584055
13417,0.004526098258793354
13418,0.002065441571176052
13419,0.0027450991328805685
13420,0.011237072758376598
13421,0.0032947720028460026
13422,0.003334545064717531
13423,0.0017681765602901578
13424,0.06880934536457062
13425,0.0343259796500206
13426,0.02773147262632847
13427,0.0013029377441853285
13428,0.01459437608718872
13429,0.01716097816824913
13430,0.05228498578071594
13431,0.004257331136614084
13432,0.009775481186807156
13433,0.018212806433439255
13434,0.008144068531692028
13435,0.012774297036230564
13436,0.008876815438270569
13437,0.04990745708346367
13438,0.02270609885454178
13439,0.025426004081964493
13440,0.0015282786916941404
13441,0.06610983610153198
13442,0.007236996665596962
13443,0.016028786078095436
13444,0.009217513725161552
13445,0.0021775837522000074
13446,0.012774297036230564
13447,0.007236996665596962
13448,0.02962762676179409
13449,0.0035004965029656887
13450,0.002548456657677889
13451,0.01597544737160206
13452,0.060317546129226685
13453,0.028845876455307007
13454,0.005980545189231634
13455,0.002748472848907113
13456,0.0024826780427247286
13457,0.007776841055601835
13458,0.008487185463309288
13459,0.007776841055601835
13460,0.0024826780427247286
13461,0.004576018545776606
13462,0.0024826780427247286
13463,0.004576018545776606
13464,0.013780593872070312
13465,0.008487185463309288
13466,0.009379630908370018
13467,0.008487185463309288
13468,0.002866028808057308
13469,0.005082322284579277
13470,0.01150401122868061
13471,0.02224660851061344
13472,0.008602255955338478
13473,0.002329915063455701
13474,0.0026369246188551188
13475,0.0029362121131271124
13476,0.002345091663300991
13477,0.0022304952144622803
13478,0.008487185463309288
13479,0.01836937665939331
13480,0.33322396874427795
13481,0.02290458418428898
13482,0.02868231199681759
13483,0.002025107853114605
13484,0.012877663597464561
13485,0.018453534692525864
13486,0.0053091952577233315
13487,0.03383613005280495
13488,0.025078756734728813
13489,0.02293265610933304
13490,0.12703301012516022
13491,0.035832569003105164
13492,0.026674000546336174
13493,0.43093791604042053
13494,0.003988508600741625
13495,0.023151841014623642
13496,0.021751798689365387
13497,0.031968824565410614
13498,0.1170724481344223
13499,0.821718692779541
13500,0.014586115255951881
13501,0.5114632844924927
13502,0.0031255511566996574
13503,0.005736852064728737
13504,0.0031255511566996574
13505,0.004915112163871527
13506,0.0012209039414301515
13507,0.0012209039414301515
13508,0.008191915228962898
13509,0.008191915228962898
13510,0.019618069753050804
13511,0.019618069753050804
13512,0.026559479534626007
13513,0.04181564599275589
13514,0.05281597748398781
13515,0.039412811398506165
13516,0.0643625259399414
13517,0.016103168949484825
13518,0.6160308718681335
13519,0.006602992303669453
13520,0.09249557554721832
13521,0.005524877458810806
13522,0.0030022943392395973
13523,0.05323568731546402
13524,0.022258533164858818
13525,0.04751205071806908
13526,0.0031188535504043102
13527,0.017957588657736778
13528,0.003052345709875226
13529,0.046373285353183746
13530,0.9334706664085388
13531,0.01276450976729393
13532,0.041391000151634216
13533,0.03198414295911789
13534,0.012111763469874859
13535,0.6247371435165405
13536,0.006748977582901716
13537,0.0058083198964595795
13538,0.004831335507333279
13539,0.0058083198964595795
13540,0.010688683949410915
13541,0.004040650092065334
13542,0.0058083198964595795
13543,0.004902238957583904
13544,0.004831335507333279
13545,0.022860869765281677
13546,0.024768276140093803
13547,0.008295582607388496
13548,0.0060819219797849655
13549,0.21487827599048615
13550,0.001013120636343956
13551,0.009027358144521713
13552,0.01077587716281414
13553,0.002220460679382086
13554,0.0016287442995235324
13555,0.0023388091940432787
13556,0.0060819219797849655
13557,0.0028384646866470575
13558,0.05107283219695091
13559,0.0181945338845253
13560,0.010976952500641346
13561,0.7904547452926636
13562,0.003846862819045782
13563,0.023616505786776543
13564,0.003846862819045782
13565,0.004734526388347149
13566,0.0029275210108608007
13567,0.004003054928034544
13568,0.006546061486005783
13569,0.005285960156470537
13570,0.009428354911506176
13571,0.09564059227705002
13572,0.06819454580545425
13573,0.023345964029431343
13574,0.042171549052000046
13575,0.04190777242183685
13576,0.04088563099503517
13577,0.3499196469783783
13578,0.027901429682970047
13579,0.0358320027589798
13580,0.007994314655661583
13581,0.013774348422884941
13582,0.017262350767850876
13583,0.008300594054162502
13584,0.02063574641942978
13585,0.013462967239320278
13586,0.12307026237249374
13587,0.007247093133628368
13588,0.014848344959318638
13589,0.03294282406568527
13590,0.012096932157874107
13591,0.06637930870056152
13592,0.007853406481444836
13593,0.0072942995466291904
13594,0.009722325950860977
13595,0.0036933899391442537
13596,0.02529657445847988
13597,0.0358320027589798
13598,0.07948053628206253
13599,0.006246327422559261
13600,0.006816225592046976
13601,0.21934382617473602
13602,0.02047448232769966
13603,0.008405366912484169
13604,0.5476542711257935
13605,0.19241894781589508
13606,0.007117539178580046
13607,0.004291568882763386
13608,0.03318445011973381
13609,0.9144338965415955
13610,0.044209688901901245
13611,0.07337454706430435
13612,0.04983774945139885
13613,0.008511926978826523
13614,0.010365921072661877
13615,0.029238812625408173
13616,0.010365921072661877
13617,0.010365921072661877
13618,0.021457713097333908
13619,0.009673194028437138
13620,0.07337454706430435
13621,0.010365921072661877
13622,0.054904136806726456
13623,0.06703326106071472
13624,0.011975155211985111
13625,0.05800257623195648
13626,0.04134288430213928
13627,0.002857660176232457
13628,0.005070521030575037
13629,0.019591908901929855
13630,0.05869828164577484
13631,0.025030085816979408
13632,0.016682051122188568
13633,0.20630380511283875
13634,0.05033115670084953
13635,0.0046361214481294155
13636,0.008986987173557281
13637,0.008986987173557281
13638,0.0043990518897771835
13639,0.008986987173557281
13640,0.00777104077860713
13641,0.01933562196791172
13642,0.01825188472867012
13643,0.016682051122188568
13644,0.0027097216807305813
13645,0.8763324022293091
13646,0.20092497766017914
13647,0.00567665696144104
13648,0.042395852506160736
13649,0.005112788174301386
13650,0.005112788174301386
13651,0.011167610064148903
13652,0.0033581212628632784
13653,0.08143694698810577
13654,0.03746102377772331
13655,0.0068123009987175465
13656,0.026823511347174644
13657,0.02190331183373928
13658,0.036192625761032104
13659,0.03823994845151901
13660,0.07186125218868256
13661,0.0411360040307045
13662,0.0018021787982434034
13663,0.0411360040307045
13664,0.03823994845151901
13665,0.0411360040307045
13666,0.05031086504459381
13667,0.0411360040307045
13668,0.1342218965291977
13669,0.004778611473739147
13670,0.03404490277171135
13671,0.0018021787982434034
13672,0.0018689797725528479
13673,0.006152385845780373
13674,0.005279976408928633
13675,0.03198757767677307
13676,0.006152385845780373
13677,0.005028454586863518
13678,0.035252392292022705
13679,0.9614427089691162
13680,0.0166883897036314
13681,0.07871491461992264
13682,0.008273201994597912
13683,0.39389413595199585
13684,0.06570197641849518
13685,0.005171600729227066
13686,0.005864229518920183
13687,0.06779571622610092
13688,0.12271760404109955
13689,0.0038754793349653482
13690,0.0038754793349653482
13691,0.018083279952406883
13692,0.005998549982905388
13693,0.004673568531870842
13694,0.0038754793349653482
13695,0.0023728825617581606
13696,0.0038754793349653482
13697,0.0038754793349653482
13698,0.0038754793349653482
13699,0.0038754793349653482
13700,0.010587627999484539
13701,0.008273201994597912
13702,0.0038754793349653482
13703,0.0038754793349653482
13704,0.0023728825617581606
13705,0.0038754793349653482
13706,0.007475169375538826
13707,0.0017750822007656097
13708,0.0038754793349653482
13709,0.0038754793349653482
13710,0.0038754793349653482
13711,0.0040831356309354305
13712,0.004418986849486828
13713,0.004255461506545544
13714,0.017464252188801765
13715,0.047561049461364746
13716,0.10402731597423553
13717,0.014108657836914062
13718,0.008461374789476395
13719,0.004255461506545544
13720,0.004255461506545544
13721,0.022334180772304535
13722,0.022334180772304535
13723,0.042014457285404205
13724,0.052336473017930984
13725,0.09685926884412766
13726,0.004255461506545544
13727,0.004255461506545544
13728,0.004450635518878698
13729,0.0070907422341406345
13730,0.01839691400527954
13731,0.04727483540773392
13732,0.05196152627468109
13733,0.008063539862632751
13734,0.016133492812514305
13735,0.011069591157138348
13736,0.0052108606323599815
13737,0.025012308731675148
13738,0.025012308731675148
13739,0.00632926682010293
13740,0.0033326372504234314
13741,0.2523413300514221
13742,0.0070907422341406345
13743,0.05226816609501839
13744,0.0070907422341406345
13745,0.007414986379444599
13746,0.006471504922956228
13747,0.14182233810424805
13748,0.009957955218851566
13749,0.07372112572193146
13750,0.008699932135641575
13751,0.03126906231045723
13752,0.039448149502277374
13753,0.03378397971391678
13754,0.017437124624848366
13755,0.061185747385025024
13756,0.007145968731492758
13757,0.9201469421386719
13758,0.07301323115825653
13759,0.06653143465518951
13760,0.2695048451423645
13761,0.006942187435925007
13762,0.004735380411148071
13763,0.08190829306840897
13764,0.021705517545342445
13765,0.0074000293388962746
13766,0.021705517545342445
13767,0.008452090434730053
13768,0.003580062882974744
13769,0.002970105968415737
13770,0.003731965087354183
13771,0.020219439640641212
13772,0.023467732593417168
13773,0.020219439640641212
13774,0.06306460499763489
13775,0.026853781193494797
13776,0.080810546875
13777,0.1110864132642746
13778,0.032165780663490295
13779,0.15726356208324432
13780,0.049330614507198334
13781,0.027436021715402603
13782,0.015032719820737839
13783,0.05820644274353981
13784,0.0015791045734658837
13785,0.10002617537975311
13786,0.004352617543190718
13787,0.0032333573326468468
13788,0.007916172966361046
13789,0.2763015925884247
13790,0.005633979570120573
13791,0.007916172966361046
13792,0.007916172966361046
13793,0.011598952114582062
13794,0.007916172966361046
13795,0.024280639365315437
13796,0.00493683060631156
13797,0.008840959519147873
13798,0.04080792888998985
13799,0.026644084602594376
13800,0.10970230400562286
13801,0.04837490990757942
13802,0.007916172966361046
13803,0.022872749716043472
13804,0.03237881138920784
13805,0.0245421901345253
13806,0.08784280717372894
13807,0.006076638121157885
13808,0.014119048602879047
13809,0.01677287183701992
13810,0.20767837762832642
13811,0.15520896017551422
13812,0.016491137444972992
13813,0.008462446741759777
13814,0.013941753655672073
13815,0.015215862542390823
13816,0.5913341045379639
13817,0.005198915954679251
13818,0.01256511453539133
13819,0.11113537102937698
13820,0.13961100578308105
13821,0.04745310917496681
13822,0.015210803598165512
13823,0.13177920877933502
13824,0.016955217346549034
13825,0.07176626473665237
13826,0.06512853503227234
13827,0.02764148823916912
13828,0.05578155070543289
13829,0.039250586181879044
13830,0.02838369458913803
13831,0.07145848870277405
13832,0.010187576524913311
13833,0.006473663728684187
13834,0.011152165941894054
13835,0.037001002579927444
13836,0.006001416128128767
13837,0.030620064586400986
13838,0.0015784678980708122
13839,0.0030769300647079945
13840,0.0030769300647079945
13841,0.0030769300647079945
13842,0.004245125222951174
13843,0.04634743556380272
13844,0.0015784678980708122
13845,0.2373400181531906
13846,0.0015784678980708122
13847,0.02745484933257103
13848,0.017887448891997337
13849,0.004245125222951174
13850,0.0015784678980708122
13851,0.005476603750139475
13852,0.004245125222951174
13853,0.004245125222951174
13854,0.004245125222951174
13855,0.004245125222951174
13856,0.004245125222951174
13857,0.0418442077934742
13858,0.45102739334106445
13859,0.004245125222951174
13860,0.011012588627636433
13861,0.004245125222951174
13862,0.004245125222951174
13863,0.004245125222951174
13864,0.0015784678980708122
13865,0.004245125222951174
13866,0.004245125222951174
13867,0.2879493236541748
13868,0.029397185891866684
13869,0.008144496008753777
13870,0.007162070367485285
13871,0.14093296229839325
13872,0.012469806708395481
13873,0.005635735113173723
13874,0.026033751666545868
13875,0.0444016233086586
13876,0.01536528393626213
13877,0.027954818680882454
13878,0.08004361391067505
13879,0.01071402058005333
13880,0.04427705705165863
13881,0.04881273955106735
13882,0.010552012361586094
13883,0.025010261684656143
13884,0.010552012361586094
13885,0.0720224380493164
13886,0.01311251800507307
13887,0.9735562205314636
13888,0.0084035350009799
13889,0.06582258641719818
13890,0.010540971532464027
13891,0.00656915782019496
13892,0.040557973086833954
13893,0.2396288365125656
13894,0.07238695025444031
13895,0.00732763996347785
13896,0.002317720092833042
13897,0.006450849585235119
13898,0.006450849585235119
13899,0.007346518337726593
13900,0.21049320697784424
13901,0.006450849585235119
13902,0.010933790355920792
13903,0.006450849585235119
13904,0.0011918524978682399
13905,0.04654010385274887
13906,0.007987420074641705
13907,0.012590769678354263
13908,0.04104621335864067
13909,0.015855321660637856
13910,0.06165159493684769
13911,0.08187654614448547
13912,0.114688940346241
13913,0.032390717417001724
13914,0.015855321660637856
13915,0.007943753153085709
13916,0.05757392197847366
13917,0.052394136786460876
13918,0.11709919571876526
13919,0.9430628418922424
13920,0.011042277328670025
13921,0.02339683473110199
13922,0.050502289086580276
13923,0.009709374979138374
13924,0.0525759719312191
13925,0.003416165243834257
13926,0.9036774039268494
13927,0.005181211978197098
13928,0.27915695309638977
13929,0.15060260891914368
13930,0.007149694487452507
13931,0.007835389114916325
13932,0.004048761911690235
13933,0.002452742075547576
13934,0.15500397980213165
13935,0.007096599787473679
13936,0.10318202525377274
13937,0.010027122683823109
13938,0.024367809295654297
13939,0.049465566873550415
13940,0.0072670732624828815
13941,0.019372452050447464
13942,0.10703062266111374
13943,0.060019392520189285
13944,0.02565911039710045
13945,0.06770941615104675
13946,0.05621140077710152
13947,0.04001264274120331
13948,0.004523984622210264
13949,0.06634549051523209
13950,0.005696495063602924
13951,0.01278869528323412
13952,0.017881134524941444
13953,0.007068425416946411
13954,0.04706224054098129
13955,0.013602384366095066
13956,0.05112724006175995
13957,0.02611466310918331
13958,0.03323016315698624
13959,0.03323016315698624
13960,0.892010509967804
13961,0.028712423518300056
13962,0.006294532213360071
13963,0.04837188124656677
13964,0.4448784291744232
13965,0.0021372113842517138
13966,0.007381887640804052
13967,0.016469387337565422
13968,0.036074720323085785
13969,0.047187384217977524
13970,0.011570227332413197
13971,0.004295625723898411
13972,0.03370162844657898
13973,0.040571585297584534
13974,0.040571585297584534
13975,0.14051499962806702
13976,0.06537609547376633
13977,0.015206470154225826
13978,0.5093933939933777
13979,0.005143940448760986
13980,0.009658081457018852
13981,0.11258982867002487
13982,0.03380069509148598
13983,0.029773976653814316
13984,0.035260412842035294
13985,0.005809443537145853
13986,0.023323195055127144
13987,0.023180928081274033
13988,0.01849389635026455
13989,0.003438563086092472
13990,0.025626974180340767
13991,0.02015022374689579
13992,0.01174881774932146
13993,0.017362188547849655
13994,0.03519676253199577
13995,0.06937811523675919
13996,0.067606121301651
13997,0.022487346082925797
13998,0.008377925492823124
13999,0.046872932463884354
14000,0.02411574497818947
14001,0.2527879774570465
14002,0.021295296028256416
14003,0.0017431346932426095
14004,0.039729151874780655
14005,0.01150224357843399
14006,0.039560467004776
14007,0.038641784340143204
14008,0.02494978718459606
14009,0.010315930470824242
14010,0.01888108439743519
14011,0.06152331084012985
14012,0.009646003134548664
14013,0.0772213488817215
14014,0.04438101872801781
14015,0.02255648747086525
14016,0.0037851554807275534
14017,0.022729448974132538
14018,0.0023982557468116283
14019,0.00396985188126564
14020,0.00396985188126564
14021,0.00396985188126564
14022,0.00396985188126564
14023,0.00517329853028059
14024,0.0015784678980708122
14025,0.004174191039055586
14026,0.006127216853201389
14027,0.00396985188126564
14028,0.00396985188126564
14029,0.00396985188126564
14030,0.0015784678980708122
14031,0.00396985188126564
14032,0.00396985188126564
14033,0.0015784678980708122
14034,0.006127216853201389
14035,0.00396985188126564
14036,0.00396985188126564
14037,0.00396985188126564
14038,0.7188808917999268
14039,0.0015784678980708122
14040,0.006659512408077717
14041,0.0025346821639686823
14042,0.010442626662552357
14043,0.010442626662552357
14044,0.006127216853201389
14045,0.006127216853201389
14046,0.0032167977187782526
14047,0.006127216853201389
14048,0.006127216853201389
14049,0.006127216853201389
14050,0.006127216853201389
14051,0.013921008445322514
14052,0.006127216853201389
14053,0.0028098777402192354
14054,0.006127216853201389
14055,0.0015784678980708122
14056,0.006127216853201389
14057,0.006127216853201389
14058,0.006127216853201389
14059,0.006127216853201389
14060,0.006127216853201389
14061,0.006127216853201389
14062,0.007185517344623804
14063,0.010768596082925797
14064,0.0062883286736905575
14065,0.0062883286736905575
14066,0.0103324418887496
14067,0.011809224262833595
14068,0.04367448762059212
14069,0.040531113743782043
14070,0.025931341573596
14071,0.0051558432169258595
14072,0.03932107239961624
14073,0.024379298090934753
14074,0.010481887497007847
14075,0.004381876904517412
14076,0.25061556696891785
14077,0.08356156200170517
14078,0.022129110991954803
14079,0.029412537813186646
14080,0.0280962772667408
14081,0.0034309469629079103
14082,0.02461118809878826
14083,0.012472801841795444
14084,0.008169976994395256
14085,0.0225539430975914
14086,0.016416624188423157
14087,0.019069189205765724
14088,0.009444775991141796
14089,0.07279963046312332
14090,0.1274051070213318
14091,0.0056215450167655945
14092,0.9231359362602234
14093,0.9421517252922058
14094,0.040111906826496124
14095,0.006407366134226322
14096,0.03576067090034485
14097,0.08939152210950851
14098,0.03903272747993469
14099,0.012327365577220917
14100,0.010789014399051666
14101,0.058499470353126526
14102,0.0846591591835022
14103,0.04538829252123833
14104,0.03622078150510788
14105,0.007015531416982412
14106,0.02490813471376896
14107,0.02215372957289219
14108,0.007173372898250818
14109,0.16559521853923798
14110,0.042941126972436905
14111,0.007024658843874931
14112,0.007024658843874931
14113,0.032893769443035126
14114,0.08804155886173248
14115,0.08804155886173248
14116,0.0034079947508871555
14117,0.012211812660098076
14118,0.023039432242512703
14119,0.7366783618927002
14120,0.019189899787306786
14121,0.02071661874651909
14122,0.058682795614004135
14123,0.9037464261054993
14124,0.004388174042105675
14125,0.4738892912864685
14126,0.010914803482592106
14127,0.046893831342458725
14128,0.015640638768672943
14129,0.013081805780529976
14130,0.09021023660898209
14131,0.36491265892982483
14132,0.013455971144139767
14133,0.010789014399051666
14134,0.019943272694945335
14135,0.01634994149208069
14136,0.008666951209306717
14137,0.5491864681243896
14138,0.11292275786399841
14139,0.05867836996912956
14140,0.10062815994024277
14141,0.09884998947381973
14142,0.0195303987711668
14143,0.009340024553239346
14144,0.03510688245296478
14145,0.003154318081215024
14146,0.054638706147670746
14147,0.019428960978984833
14148,0.04152919352054596
14149,0.01258708257228136
14150,0.005310872569680214
14151,0.08370070159435272
14152,0.019786467775702477
14153,0.016275422647595406
14154,0.003456997685134411
14155,0.06245061755180359
14156,0.5215967297554016
14157,0.06324101239442825
14158,0.1499599814414978
14159,0.0016317935660481453
14160,0.03531298413872719
14161,0.018465381115674973
14162,0.005700264126062393
14163,0.005700264126062393
14164,0.06785421818494797
14165,0.005352613050490618
14166,0.013609488494694233
14167,0.00709649920463562
14168,0.46131494641304016
14169,0.00709649920463562
14170,0.00709649920463562
14171,0.014159080572426319
14172,0.049245547503232956
14173,0.006471076514571905
14174,0.007700385991483927
14175,0.2848149240016937
14176,0.016434412449598312
14177,0.06667449325323105
14178,0.006335297599434853
14179,0.45062801241874695
14180,0.01661372371017933
14181,0.013483338057994843
14182,0.004248825367540121
14183,0.032510511577129364
14184,0.0892241969704628
14185,0.02285941131412983
14186,0.005125805269926786
14187,0.005125805269926786
14188,0.9696218967437744
14189,0.14488814771175385
14190,0.06638619303703308
14191,0.031428802758455276
14192,0.00936574675142765
14193,0.004246401134878397
14194,0.1595315784215927
14195,0.15726561844348907
14196,0.011939522810280323
14197,0.08687208592891693
14198,0.23390556871891022
14199,0.04302976280450821
14200,0.03786853328347206
14201,0.06309105455875397
14202,0.003621160751208663
14203,0.023156985640525818
14204,0.008080659434199333
14205,0.06342155486345291
14206,0.06342155486345291
14207,0.0802418515086174
14208,0.0053996737115085125
14209,0.18453843891620636
14210,0.034665171056985855
14211,0.020007643848657608
14212,0.281765878200531
14213,0.057464152574539185
14214,0.036688219755887985
14215,0.04222705587744713
14216,0.10184667259454727
14217,0.09280391037464142
14218,0.12961417436599731
14219,0.007940676063299179
14220,0.2679578959941864
14221,0.004520672373473644
14222,0.05698775127530098
14223,0.0046484931372106075
14224,0.9809442162513733
14225,0.06355653703212738
14226,0.012520188465714455
14227,0.9795529246330261
14228,0.9638187289237976
14229,0.09701438248157501
14230,0.01804669201374054
14231,0.011776904575526714
14232,0.156696155667305
14233,0.0407995879650116
14234,0.008679640479385853
14235,0.0951145738363266
14236,0.006513572763651609
14237,0.011244406923651695
14238,0.9749943017959595
14239,0.040935855358839035
14240,0.004970782436430454
14241,0.06782948970794678
14242,0.012994405813515186
14243,0.17120474576950073
14244,0.09561022371053696
14245,0.004254789091646671
14246,0.01965450309216976
14247,0.17676912248134613
14248,0.6484218835830688
14249,0.09151209145784378
14250,0.052998725324869156
14251,0.07245098799467087
14252,0.16400639712810516
14253,0.019526468589901924
14254,0.07276608049869537
14255,0.018304331228137016
14256,0.04911517724394798
14257,0.04224758595228195
14258,0.1395895779132843
14259,0.09157028794288635
14260,0.0033034062944352627
14261,0.0033034062944352627
14262,0.0033034062944352627
14263,0.9701268076896667
14264,0.04957698658108711
14265,0.2721115052700043
14266,0.054574154317379
14267,0.048448894172906876
14268,0.020667191594839096
14269,0.021509991958737373
14270,0.49252238869667053
14271,0.0033034062944352627
14272,0.006287938449531794
14273,0.10864078998565674
14274,0.022012894973158836
14275,0.028325024992227554
14276,0.10355427861213684
14277,0.016001727432012558
14278,0.05719519779086113
14279,0.9911529421806335
14280,0.18025121092796326
14281,0.015615610405802727
14282,0.10710272192955017
14283,0.021224047988653183
14284,0.010627688840031624
14285,0.05714138597249985
14286,0.0060065872967243195
14287,0.15842488408088684
14288,0.04763958230614662
14289,0.005594244226813316
14290,0.06858613342046738
14291,0.04326092079281807
14292,0.012289732694625854
14293,0.013442355208098888
14294,0.6218683123588562
14295,0.0038843639194965363
14296,0.2685541808605194
14297,0.02453712746500969
14298,0.9769114851951599
14299,0.005337486043572426
14300,0.09473827481269836
14301,0.04630354419350624
14302,0.09022048860788345
14303,0.0052271876484155655
14304,0.05611259117722511
14305,0.026816241443157196
14306,0.00444082822650671
14307,0.00444082822650671
14308,0.00444082822650671
14309,0.006192159838974476
14310,0.006772716995328665
14311,0.004359682090580463
14312,0.21502643823623657
14313,0.006151216570287943
14314,0.0023518383968621492
14315,0.007109822705388069
14316,0.003350901184603572
14317,0.008340336382389069
14318,0.014417112804949284
14319,0.002394098788499832
14320,0.007611126638948917
14321,0.046449825167655945
14322,0.13029524683952332
14323,0.0033951483201235533
14324,0.011664286255836487
14325,0.005098224151879549
14326,0.021779611706733704
14327,0.0420076847076416
14328,0.3140016794204712
14329,0.016998348757624626
14330,0.09727197885513306
14331,0.2150568664073944
14332,0.12530820071697235
14333,0.0041491431184113026
14334,0.013431552797555923
14335,0.36744630336761475
14336,0.03134872391819954
14337,0.49313145875930786
14338,0.3391996920108795
14339,0.026374172419309616
14340,0.8442121148109436
14341,0.06682105362415314
14342,0.013431552797555923
14343,0.02325684204697609
14344,0.004618101753294468
14345,0.08021654188632965
14346,0.10836012661457062
14347,0.011099317111074924
14348,0.07597676664590836
14349,0.0058464230969548225
14350,0.0058464230969548225
14351,0.008540663868188858
14352,0.019097400829195976
14353,0.06609903275966644
14354,0.006430759094655514
14355,0.0014112136559560895
14356,0.37141165137290955
14357,0.4351990520954132
14358,0.185488760471344
14359,0.005321303848177195
14360,0.05276981368660927
14361,0.13778123259544373
14362,0.6477640271186829
14363,0.20672866702079773
14364,0.08002869784832001
14365,0.007390519604086876
14366,0.023103535175323486
14367,0.07488458603620529
14368,0.008214307017624378
14369,0.006667671259492636
14370,0.005471749696880579
14371,0.03981766849756241
14372,0.005084089934825897
14373,0.05821557343006134
14374,0.01955465041100979
14375,0.024051543325185776
14376,0.015074263326823711
14377,0.11166165769100189
14378,0.24687506258487701
14379,0.0060400282964110374
14380,0.06839041411876678
14381,0.005305915139615536
14382,0.008433564566075802
14383,0.3496084213256836
14384,0.002121253637596965
14385,0.01754743792116642
14386,0.01930355839431286
14387,0.06623922288417816
14388,6.850697682239115e-4
14389,0.002121253637596965
14390,0.0014590652426704764
14391,0.1718151718378067
14392,0.1324271559715271
14393,0.01623917557299137
14394,0.032737698405981064
14395,0.01255510188639164
14396,0.06620320677757263
14397,0.018762826919555664
14398,0.09053511172533035
14399,0.11592066287994385
14400,0.10214567184448242
14401,0.039414968341588974
14402,0.039414968341588974
14403,0.8091510534286499
14404,0.0679079219698906
14405,0.005713199730962515
14406,0.08047281205654144
14407,0.04237621650099754
14408,0.34194669127464294
14409,0.9597273468971252
14410,0.20713160932064056
14411,0.43182840943336487
14412,0.0020765510853379965
14413,0.0044593908824026585
14414,0.14229615032672882
14415,0.642686128616333
14416,0.3269614577293396
14417,0.007434415630996227
14418,0.23807211220264435
14419,0.0078347222879529
14420,0.10656527429819107
14421,0.08835721015930176
14422,0.042885370552539825
14423,0.03852316364645958
14424,0.36789849400520325
14425,0.12304006516933441
14426,0.048970721662044525
14427,0.7714337110519409
14428,0.07339474558830261
14429,0.6114615797996521
14430,0.06360743939876556
14431,0.18205951154232025
14432,0.09754887968301773
14433,0.20531955361366272
14434,0.030077634379267693
14435,0.048970721662044525
14436,0.052934110164642334
14437,0.35021352767944336
14438,0.6998516917228699
14439,0.004877823870629072
14440,0.7807490229606628
14441,0.046981215476989746
14442,0.02672591619193554
14443,0.00824976060539484
14444,0.0621926411986351
14445,0.149394690990448
14446,0.002193935215473175
14447,0.003150557167828083
14448,0.021592624485492706
14449,0.04045138880610466
14450,0.15026938915252686
14451,0.04045138880610466
14452,0.9697217345237732
14453,0.24778202176094055
14454,0.025380810722708702
14455,0.11235205829143524
14456,0.5694169998168945
14457,0.04643576964735985
14458,0.004755865782499313
14459,0.034383196383714676
14460,0.441893607378006
14461,0.10577607154846191
14462,0.0016422370681539178
14463,0.19785067439079285
14464,0.047456979751586914
14465,0.007999285124242306
14466,0.0036434861831367016
14467,0.15474946796894073
14468,0.005424095317721367
14469,0.060328803956508636
14470,0.9876399636268616
14471,0.05819043144583702
14472,0.014854365959763527
14473,0.7859218716621399
14474,0.5216363668441772
14475,0.08560542017221451
14476,0.02699560672044754
14477,0.028186524286866188
14478,0.07202575355768204
14479,0.13481755554676056
14480,0.026730438694357872
14481,0.19718725979328156
14482,0.08685620874166489
14483,0.026250461116433144
14484,0.3654201328754425
14485,0.004164474084973335
14486,0.014250223524868488
14487,0.014250223524868488
14488,0.014250223524868488
14489,0.008092684671282768
14490,0.001663997070863843
14491,0.012065153568983078
14492,0.1091468557715416
14493,0.07304861396551132
14494,0.010892443358898163
14495,0.06347725540399551
14496,0.06406686455011368
14497,0.05703437700867653
14498,0.008917378261685371
14499,0.023188002407550812
14500,0.13528874516487122
14501,0.01764811761677265
14502,0.3779221475124359
14503,0.015074731782078743
14504,0.01187779288738966
14505,0.04412008449435234
14506,0.03907633200287819
14507,0.028265435248613358
14508,0.28084129095077515
14509,0.09015753120183945
14510,0.012808329425752163
14511,0.09551971405744553
14512,0.9680619239807129
14513,0.05396366864442825
14514,0.005890194326639175
14515,0.05396366864442825
14516,0.07817655801773071
14517,0.0038626459427177906
14518,0.006054835394024849
14519,0.06800448894500732
14520,0.3443230986595154
14521,0.05217738449573517
14522,0.005010636057704687
14523,0.13140274584293365
14524,0.13140274584293365
14525,0.10482895374298096
14526,0.3806205093860626
14527,0.01187779288738966
14528,0.12350833415985107
14529,0.021083833649754524
14530,0.03913918137550354
14531,0.017671039327979088
14532,0.03836992383003235
14533,0.00640097027644515
14534,0.9697821736335754
14535,0.07454965263605118
14536,0.21163414418697357
14537,0.623277485370636
14538,0.0017714931163936853
14539,0.024876393377780914
14540,0.010846723802387714
14541,0.29573100805282593
14542,0.13307394087314606
14543,0.003358598332852125
14544,0.3883994519710541
14545,0.09591976553201675
14546,0.018716691061854362
14547,0.023615406826138496
14548,0.08339565247297287
14549,0.009086543694138527
14550,0.01325742807239294
14551,0.019763175398111343
14552,0.0031106567475944757
14553,0.0031106567475944757
14554,0.0031106567475944757
14555,0.03948735445737839
14556,0.0031106567475944757
14557,0.0031106567475944757
14558,0.0031106567475944757
14559,0.0031106567475944757
14560,0.0027760062366724014
14561,0.08983367681503296
14562,0.005091285333037376
14563,0.34981322288513184
14564,0.0031106567475944757
14565,0.0031106567475944757
14566,0.0031106567475944757
14567,0.0031106567475944757
14568,0.0031106567475944757
14569,0.015423406846821308
14570,0.0031106567475944757
14571,0.005091285333037376
14572,0.005091285333037376
14573,0.0031106567475944757
14574,0.0031106567475944757
14575,0.0031106567475944757
14576,0.23324905335903168
14577,0.0031106567475944757
14578,0.0031106567475944757
14579,0.9532366991043091
14580,0.0031106567475944757
14581,0.0031106567475944757
14582,0.0027760062366724014
14583,0.01729227416217327
14584,0.008768915198743343
14585,0.008768915198743343
14586,0.0048585934564471245
14587,0.008768915198743343
14588,0.007004779763519764
14589,0.007004779763519764
14590,0.008768915198743343
14591,0.008768915198743343
14592,0.008768915198743343
14593,0.008768915198743343
14594,0.6406927108764648
14595,0.005587640684098005
14596,0.009511347860097885
14597,0.054421260952949524
14598,0.3566720187664032
14599,0.01423783041536808
14600,0.01864299736917019
14601,0.05645253509283066
14602,0.11789784580469131
14603,0.05005539953708649
14604,0.018207145854830742
14605,0.04386056214570999
14606,0.007514655124396086
14607,0.009811081923544407
14608,0.005365219432860613
14609,0.042436737567186356
14610,0.015278579667210579
14611,0.9525010585784912
14612,0.009811081923544407
14613,0.009811081923544407
14614,0.3618268370628357
14615,0.014379496686160564
14616,0.16983188688755035
14617,0.20934925973415375
14618,0.013380958698689938
14619,0.17774192988872528
14620,0.016804134473204613
14621,0.415360689163208
14622,0.22282738983631134
14623,0.1521693766117096
14624,0.17538662254810333
14625,0.01089176069945097
14626,0.006970069836825132
14627,0.004682035651057959
14628,0.005431894678622484
14629,0.015790311619639397
14630,0.40312257409095764
14631,0.18191967904567719
14632,0.06717798113822937
14633,0.006623588968068361
14634,0.006310712546110153
14635,0.27800363302230835
14636,0.98768150806427
14637,0.09545351564884186
14638,0.019674869254231453
14639,0.008527188561856747
14640,0.6602179408073425
14641,0.005969367455691099
14642,0.0034339239355176687
14643,0.007395242806524038
14644,0.01747458055615425
14645,0.037227146327495575
14646,0.0324023999273777
14647,0.0845167338848114
14648,0.016455266624689102
14649,0.5208584666252136
14650,0.0019536111503839493
14651,0.4850209355354309
14652,0.03508870676159859
14653,0.21754629909992218
14654,0.17894180119037628
14655,0.6827138066291809
14656,0.04998982325196266
14657,0.018194586038589478
14658,0.022761467844247818
14659,0.02027040906250477
14660,0.11544366925954819
14661,0.07236721366643906
14662,0.07354579120874405
14663,0.15582381188869476
14664,0.029557283967733383
14665,0.4094386100769043
14666,0.2173222005367279
14667,0.5789511799812317
14668,0.1715327352285385
14669,0.1065589189529419
14670,0.9728257060050964
14671,0.01999356411397457
14672,0.1362653225660324
14673,0.01587665267288685
14674,0.01999356411397457
14675,0.008513906970620155
14676,0.018807224929332733
14677,0.00820193998515606
14678,0.011365571990609169
14679,0.020502865314483643
14680,0.021268721669912338
14681,0.40365639328956604
14682,0.02213321439921856
14683,0.005214356817305088
14684,0.14572736620903015
14685,0.021532058715820312
14686,0.012679876759648323
14687,0.021532058715820312
14688,0.008598539978265762
14689,0.017138449475169182
14690,0.0475965179502964
14691,0.042846906930208206
14692,0.11162184178829193
14693,0.03676881641149521
14694,0.011217787861824036
14695,0.11182092130184174
14696,0.3938676416873932
14697,0.01879977248609066
14698,0.3007735311985016
14699,0.03314245119690895
14700,0.18072602152824402
14701,0.006211492232978344
14702,0.007019625045359135
14703,0.5242775082588196
14704,0.30693319439888
14705,0.35892799496650696
14706,0.25136247277259827
14707,0.4710565507411957
14708,0.10163116455078125
14709,0.013945936225354671
14710,0.02257963828742504
14711,0.05851992219686508
14712,0.6273974776268005
14713,0.08368431031703949
14714,0.9782540798187256
14715,0.0330757275223732
14716,0.005625056102871895
14717,0.036542363464832306
14718,0.005625056102871895
14719,0.1464621126651764
14720,0.06310491263866425
14721,0.07881930470466614
14722,0.01517388503998518
14723,0.021264847368001938
14724,0.009109104052186012
14725,0.009109104052186012
14726,0.009959840215742588
14727,0.009959840215742588
14728,0.009959840215742588
14729,0.009109104052186012
14730,0.009959840215742588
14731,0.009109104052186012
14732,0.009109104052186012
14733,0.009109104052186012
14734,0.0052975257858633995
14735,0.29124972224235535
14736,0.0052975257858633995
14737,0.009109104052186012
14738,0.009109104052186012
14739,0.1651248186826706
14740,0.0052975257858633995
14741,0.0052975257858633995
14742,0.009109104052186012
14743,0.009109104052186012
14744,0.024958662688732147
14745,0.16446156799793243
14746,0.40519556403160095
14747,0.009109104052186012
14748,0.006516905967146158
14749,0.003213961375877261
14750,0.008120981976389885
14751,0.004470306448638439
14752,0.010386510752141476
14753,0.01921631209552288
14754,0.061030641198158264
14755,0.05695083364844322
14756,0.12070738524198532
14757,0.057339057326316833
14758,0.2834871709346771
14759,0.01988639123737812
14760,0.09737451374530792
14761,0.1474473476409912
14762,0.018436739221215248
14763,0.007920739240944386
14764,0.07335033267736435
14765,0.013959307223558426
14766,0.005132908001542091
14767,0.015485522337257862
14768,0.14396482706069946
14769,0.020182961598038673
14770,0.003372433129698038
14771,0.001989239128306508
14772,0.0025275093503296375
14773,0.01862303912639618
14774,0.20567026734352112
14775,0.004372548311948776
14776,0.012300914153456688
14777,0.0030067262705415487
14778,0.0033835452049970627
14779,0.033786118030548096
14780,0.017096620053052902
14781,0.8848553895950317
14782,0.006374153774231672
14783,0.011462257243692875
14784,0.012469460256397724
14785,0.022519012913107872
14786,0.0029524320270866156
14787,0.041140563786029816
14788,0.42098158597946167
14789,0.20827357470989227
14790,0.009117341600358486
14791,0.008272157050669193
14792,0.07268737256526947
14793,0.03115961141884327
14794,0.013675076887011528
14795,0.010010040365159512
14796,0.009966947138309479
14797,0.010133501142263412
14798,0.010133501142263412
14799,0.010133501142263412
14800,0.005587243475019932
14801,0.6881839036941528
14802,0.019207993522286415
14803,0.015320577658712864
14804,0.11935139447450638
14805,0.17901548743247986
14806,0.014561714604496956
14807,0.0071390229277312756
14808,0.020848842337727547
14809,0.011277945712208748
14810,0.010096380487084389
14811,0.0023865802213549614
14812,0.005303763784468174
14813,0.048624418675899506
14814,0.060665473341941833
14815,0.048624418675899506
14816,0.07565782219171524
14817,0.3458018898963928
14818,0.20775741338729858
14819,0.2564139664173126
14820,0.025755640119314194
14821,0.020241722464561462
14822,0.3716423511505127
14823,0.5893030166625977
14824,0.09439215064048767
14825,0.07741135358810425
14826,0.563859760761261
14827,0.10086672753095627
14828,0.04258843511343002
14829,0.05929940566420555
14830,0.011237072758376598
14831,0.060205329209566116
14832,0.03487442061305046
14833,0.060205329209566116
14834,0.09313151985406876
14835,0.13358601927757263
14836,0.004032862838357687
14837,0.028140483424067497
14838,0.3933728337287903
14839,0.1628313809633255
14840,0.4103083312511444
14841,0.04392705857753754
14842,0.2045600861310959
14843,0.017235539853572845
14844,0.024498648941516876
14845,0.2613143026828766
14846,0.0037115279119461775
14847,0.8504258394241333
14848,0.05274095758795738
14849,0.9397314786911011
14850,0.0018248683772981167
14851,0.10340318083763123
14852,0.1323261708021164
14853,0.003359305439516902
14854,0.012675859965384007
14855,0.08701808750629425
14856,0.16402184963226318
14857,0.004287864081561565
14858,0.0035408625844866037
14859,0.006468287203460932
14860,0.0854867622256279
14861,0.3784773349761963
14862,0.12930083274841309
14863,0.9536858201026917
14864,0.008755016140639782
14865,0.4190826117992401
14866,0.003067747922614217
14867,0.09439288079738617
14868,0.09439288079738617
14869,0.04606776311993599
14870,0.003582368139177561
14871,0.005021802615374327
14872,0.0038304543122649193
14873,0.011186878196895123
14874,0.005562022794038057
14875,0.009693300351500511
14876,0.009693300351500511
14877,0.9654563665390015
14878,0.010493333451449871
14879,0.08429504185914993
14880,0.0431954525411129
14881,0.23764336109161377
14882,0.01973746158182621
14883,0.017055809497833252
14884,0.013165350072085857
14885,0.11110522598028183
14886,0.1297958493232727
14887,0.010096484795212746
14888,0.9470125436782837
14889,0.23974862694740295
14890,0.07087860256433487
14891,0.01165699865669012
14892,0.040150679647922516
14893,0.010493333451449871
14894,0.07851902395486832
14895,0.01700691506266594
14896,0.006534956861287355
14897,0.0023068322334438562
14898,0.006664699874818325
14899,0.022903474047780037
14900,0.09349773824214935
14901,0.16817432641983032
14902,0.22156699001789093
14903,0.070078045129776
14904,0.17927905917167664
14905,0.061035700142383575
14906,0.02898002415895462
14907,0.8541330695152283
14908,0.03746989741921425
14909,0.01605566404759884
14910,0.009091336280107498
14911,0.9287657737731934
14912,0.004018791019916534
14913,0.16004933416843414
14914,0.2308535873889923
14915,0.0056832656264305115
14916,0.0062841735780239105
14917,0.002967767184600234
14918,0.1040143370628357
14919,0.5384476780891418
14920,0.20988991856575012
14921,0.015696493908762932
14922,0.08920080214738846
14923,0.0885433703660965
14924,0.01363313477486372
14925,0.011071095243096352
14926,0.32486388087272644
14927,0.026190584525465965
14928,0.8755937218666077
14929,0.07425864040851593
14930,0.016176313161849976
14931,0.36256054043769836
14932,0.5114650726318359
14933,0.30831587314605713
14934,0.22325479984283447
14935,0.5317873358726501
14936,0.06016067415475845
14937,0.9427713751792908
14938,0.0738559141755104
14939,0.0738559141755104
14940,0.12690941989421844
14941,0.16080911457538605
14942,0.3327958583831787
14943,0.03330995887517929
14944,0.21607905626296997
14945,0.15108196437358856
14946,0.021123219281435013
14947,0.08778975158929825
14948,0.01063637062907219
14949,0.37072670459747314
14950,0.002992357825860381
14951,0.18378283083438873
14952,0.07053617388010025
14953,0.0690729022026062
14954,0.004977237433195114
14955,0.002992357825860381
14956,0.002992357825860381
14957,0.0025540045462548733
14958,0.06552211940288544
14959,0.002992357825860381
14960,0.002992357825860381
14961,0.05175652354955673
14962,0.05175652354955673
14963,0.01532761286944151
14964,0.5052513480186462
14965,0.11650732904672623
14966,0.00326664955355227
14967,0.005133986938744783
14968,0.007541250437498093
14969,0.005133986938744783
14970,0.00326664955355227
14971,0.0764051228761673
14972,0.10655585676431656
14973,0.13740360736846924
14974,0.962654709815979
14975,0.026497501879930496
14976,0.007700298447161913
14977,0.14060385525226593
14978,0.03798668086528778
14979,0.03052680194377899
14980,0.3118972182273865
14981,0.030166838318109512
14982,0.019755933433771133
14983,0.18382416665554047
14984,0.026616130024194717
14985,0.010875108651816845
14986,0.7545838356018066
14987,0.19455403089523315
14988,0.018364647403359413
14989,0.9842907190322876
14990,0.011559936217963696
14991,0.0023227303754538298
14992,0.1597970873117447
14993,0.13858278095722198
14994,0.01785830408334732
14995,0.08015312999486923
14996,0.17830906808376312
14997,0.055436670780181885
14998,0.012377056293189526
14999,0.0111714918166399
15000,0.24212945997714996
15001,0.019314611330628395
15002,0.10879435390233994
15003,0.2739675045013428
15004,0.06746546924114227
15005,0.11638728529214859
15006,0.10112699121236801
15007,0.05874454975128174
15008,0.14920304715633392
15009,0.030415525659918785
15010,0.26674607396125793
15011,0.13270510733127594
15012,0.0038007262628525496
15013,0.0027750295121222734
15014,0.007179246749728918
15015,0.2223827838897705
15016,0.1940416544675827
15017,0.08069375157356262
15018,0.42186811566352844
15019,0.0039036774542182684
15020,0.4538019597530365
15021,0.20729990303516388
15022,0.2733496427536011
15023,0.4338192641735077
15024,0.07559095323085785
15025,0.15283723175525665
15026,0.03736475482583046
15027,0.15283723175525665
15028,0.038787949830293655
15029,0.7632089257240295
15030,0.01663109101355076
15031,0.1932128518819809
15032,0.15283723175525665
15033,0.31086158752441406
15034,0.16111718118190765
15035,0.024549301713705063
15036,0.013504862785339355
15037,0.004588990472257137
15038,0.030893992632627487
15039,0.12490851432085037
15040,0.013052319176495075
15041,0.010967048816382885
15042,0.951033353805542
15043,0.1459360420703888
15044,0.0069480049423873425
15045,0.17606668174266815
15046,0.9558470249176025
15047,0.9641698002815247
15048,0.026463599875569344
15049,0.28356167674064636
15050,0.050448622554540634
15051,0.053332410752773285
15052,0.1378694772720337
15053,0.1703929752111435
15054,0.00503115588799119
15055,0.21118411421775818
15056,0.02649630978703499
15057,0.004416268784552813
15058,0.1683759093284607
15059,0.010246648453176022
15060,0.15298938751220703
15061,0.9249100685119629
15062,0.07257282733917236
15063,0.1279793530702591
15064,0.5232948660850525
15065,0.15417444705963135
15066,0.12271303683519363
15067,0.18676701188087463
15068,0.1753949224948883
15069,0.21778975427150726
15070,0.25456005334854126
15071,0.0654866099357605
15072,0.04300969839096069
15073,0.018543852493166924
15074,0.2996113896369934
15075,0.11181046813726425
15076,0.09430640190839767
15077,0.3791573643684387
15078,0.11723979562520981
15079,0.018338249996304512
15080,0.29890862107276917
15081,0.14300379157066345
15082,0.0670820027589798
15083,0.006820753216743469
15084,0.36351698637008667
15085,0.009194263257086277
15086,0.10990951210260391
15087,0.024716459214687347
15088,0.07827592641115189
15089,0.033631060272455215
15090,0.016366759315133095
15091,0.28741127252578735
15092,0.4461953938007355
15093,0.12428725510835648
15094,0.018164295703172684
15095,0.24006003141403198
15096,0.9357947111129761
15097,0.024692578241229057
15098,0.12496528774499893
15099,0.13091996312141418
15100,0.27341747283935547
15101,0.006329707335680723
15102,0.01152478065341711
15103,0.0023937274236232042
15104,0.0029302211478352547
15105,0.1767970770597458
15106,0.044931281358003616
15107,0.10263881832361221
15108,0.41719013452529907
15109,0.7485362887382507
15110,0.8845680356025696
15111,0.2556363046169281
15112,0.19244635105133057
15113,0.11752009391784668
15114,0.11447963863611221
15115,0.02400815300643444
15116,0.06041863188147545
15117,0.16643162071704865
15118,0.052906040102243423
15119,0.9291877746582031
15120,0.020094530656933784
15121,0.9446074366569519
15122,0.20463334023952484
15123,0.016950147226452827
15124,0.1067088395357132
15125,0.007553869858384132
15126,0.007553869858384132
15127,0.007553869858384132
15128,0.007553869858384132
15129,0.008049984462559223
15130,0.007553869858384132
15131,0.007553869858384132
15132,0.08963930606842041
15133,0.10727591812610626
15134,0.007553869858384132
15135,0.007553869858384132
15136,0.11228072643280029
15137,0.007553869858384132
15138,0.007553869858384132
15139,0.007553869858384132
15140,0.007553869858384132
15141,0.007553869858384132
15142,0.004028521478176117
15143,0.11845247447490692
15144,0.11065252870321274
15145,0.9098520278930664
15146,0.06131930276751518
15147,0.26516517996788025
15148,0.07734024524688721
15149,0.07734024524688721
15150,0.07734024524688721
15151,0.016301270574331284
15152,0.037341486662626266
15153,0.007819347083568573
15154,0.014031661674380302
15155,0.05491546168923378
15156,0.07831554859876633
15157,0.02071867510676384
15158,0.019300322979688644
15159,0.0862421840429306
15160,0.14799173176288605
15161,0.2194857895374298
15162,0.481423944234848
15163,0.01475230511277914
15164,0.0556548573076725
15165,0.4215603470802307
15166,0.060613684356212616
15167,0.017933495342731476
15168,0.9630685448646545
15169,0.0046045295894145966
15170,0.0269954651594162
15171,0.0269954651594162
15172,0.029222838580608368
15173,0.0024924585595726967
15174,0.0035975060891360044
15175,0.02417481504380703
15176,0.004752731882035732
15177,0.23772910237312317
15178,0.10514948517084122
15179,0.002957400633022189
15180,0.014781428501009941
15181,0.01166750118136406
15182,0.03041287325322628
15183,0.010072322562336922
15184,0.07994858175516129
15185,0.011900658719241619
15186,0.021367931738495827
15187,0.8772157430648804
15188,0.5537247061729431
15189,0.19696976244449615
15190,0.07383152097463608
15191,0.11467690020799637
15192,0.2703878581523895
15193,0.3682290315628052
15194,0.04000989720225334
15195,0.25969287753105164
15196,0.0022826630156487226
15197,0.20270301401615143
15198,0.320840060710907
15199,0.1630997508764267
15200,0.17899686098098755
15201,0.00163146888371557
15202,0.004689305555075407
15203,0.09959086030721664
15204,0.05370008572936058
15205,0.013057935051620007
15206,0.09954455494880676
15207,0.07000154256820679
15208,0.05040714144706726
15209,0.004792703315615654
15210,0.013989274390041828
15211,0.011624728329479694
15212,0.10948923230171204
15213,0.029460648074746132
15214,0.027118127793073654
15215,0.009694787673652172
15216,0.010716745629906654
15217,0.02855113334953785
15218,0.0045462716370821
15219,0.3234080970287323
15220,0.01078766118735075
15221,0.012675859965384007
15222,0.17080058157444
15223,0.12895067036151886
15224,0.9872795343399048
15225,0.01800411194562912
15226,0.009147278033196926
15227,0.1843605935573578
15228,0.008196122944355011
15229,0.2555527985095978
15230,0.24658341705799103
15231,0.18127010762691498
15232,0.10521085560321808
15233,0.1843605935573578
15234,0.1843605935573578
15235,0.13005556166172028
15236,0.005686745513230562
15237,0.24650701880455017
15238,0.008875980973243713
15239,0.010228544473648071
15240,0.12913256883621216
15241,0.04840153083205223
15242,0.01226245891302824
15243,0.0734466016292572
15244,0.014511085115373135
15245,0.967399001121521
15246,0.02788545750081539
15247,0.11906736344099045
15248,0.25126948952674866
15249,0.24693380296230316
15250,0.40698060393333435
15251,0.012287110090255737
15252,0.028183504939079285
15253,0.007347954902797937
15254,0.008117303252220154
15255,0.02093944512307644
15256,0.003762735053896904
15257,0.010188231244683266
15258,0.28450071811676025
15259,0.23054443299770355
15260,0.0033437141682952642
15261,0.2183891087770462
15262,0.00916832685470581
15263,0.004143299534916878
15264,0.003655599430203438
15265,0.004906623158603907
15266,0.0316866934299469
15267,0.0057460712268948555
15268,0.016329815611243248
15269,0.07217684388160706
15270,0.07275456190109253
15271,0.02247663587331772
15272,0.08864472806453705
15273,0.30751585960388184
15274,0.016611013561487198
15275,0.07141417264938354
15276,0.49984806776046753
15277,0.4843234419822693
15278,0.016296690329909325
15279,0.890084445476532
15280,0.9420351386070251
15281,0.022847192361950874
15282,0.032678402960300446
15283,0.15932981669902802
15284,0.011570467613637447
15285,0.24715450406074524
15286,0.10634895414113998
15287,0.0026783759240061045
15288,0.007195456884801388
15289,0.006319261621683836
15290,0.07532559335231781
15291,0.27050089836120605
15292,0.05332878604531288
15293,0.05681854858994484
15294,0.029385346919298172
15295,0.08938572555780411
15296,0.29582640528678894
15297,0.003940567374229431
15298,0.09067906439304352
15299,0.009365211240947247
15300,0.0037603890523314476
15301,0.05310116708278656
15302,0.052226386964321136
15303,0.01922757737338543
15304,0.09570625424385071
15305,0.010381369851529598
15306,0.010381369851529598
15307,0.014558259397745132
15308,0.0355900414288044
15309,0.010381369851529598
15310,0.1151791587471962
15311,0.010381369851529598
15312,0.010381369851529598
15313,0.004973363596946001
15314,0.010381369851529598
15315,0.8962039351463318
15316,0.010381369851529598
15317,0.574767529964447
15318,0.010381369851529598
15319,0.2795206904411316
15320,0.01039459090679884
15321,0.0314311683177948
15322,0.033086154609918594
15323,0.04476022347807884
15324,0.009055127389729023
15325,0.034248873591423035
15326,0.05846571922302246
15327,0.23963283002376556
15328,0.29054245352745056
15329,0.4774513244628906
15330,0.03968849405646324
15331,0.0042192707769572735
15332,0.16142675280570984
15333,0.0018531951354816556
15334,0.030295345932245255
15335,0.006155614275485277
15336,0.23693382740020752
15337,0.008912268094718456
15338,0.031085453927516937
15339,0.017408063635230064
15340,0.014149698428809643
15341,0.12569770216941833
15342,0.031188318505883217
15343,0.14685912430286407
15344,0.12411327660083771
15345,0.025780754163861275
15346,0.03684601932764053
15347,0.03296052664518356
15348,0.010614900849759579
15349,0.1270967572927475
15350,0.08057522773742676
15351,0.004865068942308426
15352,0.006025172304362059
15353,0.03350333496928215
15354,0.0019641967955976725
15355,0.8846941590309143
15356,0.004186034668236971
15357,0.08726667612791061
15358,0.0636591911315918
15359,0.3101041615009308
15360,0.013816445134580135
15361,0.1097358837723732
15362,0.04758402705192566
15363,0.4609288275241852
15364,0.07880080491304398
15365,0.020339397713541985
15366,0.006222451105713844
15367,0.021709563210606575
15368,0.0033382344990968704
15369,0.0034306359011679888
15370,0.003699107561260462
15371,0.012471010908484459
15372,0.059945449233055115
15373,0.006433083675801754
15374,0.004530609585344791
15375,0.02020036242902279
15376,0.024367844685912132
15377,0.777746856212616
15378,0.07058855891227722
15379,0.0192456915974617
15380,0.04937569424510002
15381,0.01728162169456482
15382,0.0019084321102127433
15383,0.0651380717754364
15384,0.005228199064731598
15385,0.006259524263441563
15386,0.002024579793214798
15387,0.001633928157389164
15388,0.016470352187752724
15389,0.009220183826982975
15390,0.0017978888936340809
15391,0.021975934505462646
15392,0.6140417456626892
15393,0.005708515644073486
15394,0.01152478065341711
15395,0.003572419984266162
15396,0.0033835452049970627
15397,0.16404017806053162
15398,0.5189382433891296
15399,0.046124417334795
15400,0.07869745790958405
15401,0.0038691521622240543
15402,0.008944069035351276
15403,0.026974329724907875
15404,0.11088607460260391
15405,0.24289634823799133
15406,0.012025062926113605
15407,0.0061485120095312595
15408,0.049817197024822235
15409,0.009622881188988686
15410,0.0034619986545294523
15411,0.09114743024110794
15412,0.16806408762931824
15413,0.10593636333942413
15414,0.9816128015518188
15415,0.2688998281955719
15416,0.005753898061811924
15417,0.0018988531082868576
15418,0.05110839009284973
15419,0.017565302550792694
15420,0.26099705696105957
15421,0.01284303143620491
15422,0.013023113831877708
15423,0.002193102380260825
15424,0.06589934974908829
15425,0.004128286615014076
15426,0.02504653111100197
15427,0.057655103504657745
15428,0.004814002197235823
15429,0.04837530106306076
15430,0.1430455446243286
15431,0.023327965289354324
15432,0.01021350733935833
15433,0.05774000287055969
15434,0.04578607529401779
15435,0.018778657540678978
15436,0.1623615324497223
15437,0.06574451923370361
15438,0.12312562763690948
15439,0.1899055391550064
15440,0.0035560030955821276
15441,0.11215000599622726
15442,0.026939772069454193
15443,0.14940106868743896
15444,0.011939000338315964
15445,0.00883182231336832
15446,0.15975326299667358
15447,0.05769205838441849
15448,0.012355061247944832
15449,0.017479190602898598
15450,0.011051815934479237
15451,0.03228164091706276
15452,0.004166384693235159
15453,0.048927370458841324
15454,0.03498629480600357
15455,0.0692177563905716
15456,0.012038951739668846
15457,0.009018105454742908
15458,0.02413259446620941
15459,0.006323349662125111
15460,0.048827651888132095
15461,0.11234879493713379
15462,0.10140296071767807
15463,0.00709456717595458
15464,0.010570453479886055
15465,0.021417979151010513
15466,0.027074212208390236
15467,0.06277087330818176
15468,0.059671446681022644
15469,0.025837602093815804
15470,0.5191630721092224
15471,0.020413320511579514
15472,0.10532382875680923
15473,0.025896316394209862
15474,0.08844771236181259
15475,0.017319301143288612
15476,0.020413320511579514
15477,0.03048819862306118
15478,0.019558541476726532
15479,0.012594131752848625
15480,0.01387800369411707
15481,0.04178324341773987
15482,0.1828690469264984
15483,0.0014014688786119223
15484,0.05022941902279854
15485,0.003785132197663188
15486,0.002565423958003521
15487,0.0014014688786119223
15488,0.003785132197663188
15489,0.008211572654545307
15490,0.010273129679262638
15491,0.04899399355053902
15492,0.011694563552737236
15493,0.001850489410571754
15494,0.1025727242231369
15495,0.1028602123260498
15496,0.01831069402396679
15497,0.8502384424209595
15498,0.001800641417503357
15499,0.018644385039806366
15500,0.002830363344401121
15501,0.002830363344401121
15502,0.036042749881744385
15503,0.002876856829971075
15504,0.001624712604098022
15505,0.003578878939151764
15506,0.09638378769159317
15507,0.9186071157455444
15508,0.03712470829486847
15509,0.11729313433170319
15510,0.07234463095664978
15511,0.03758535906672478
15512,0.014970053918659687
15513,0.002830363344401121
15514,0.07596048712730408
15515,0.0939614549279213
15516,0.005087113007903099
15517,0.010757016018033028
15518,0.20821967720985413
15519,0.2081449180841446
15520,0.02661280147731304
15521,0.002368774963542819
15522,0.038442548364400864
15523,0.023423362523317337
15524,0.005164535250514746
15525,0.01789271831512451
15526,0.002368774963542819
15527,0.0029294854030013084
15528,0.41297152638435364
15529,0.03264085203409195
15530,0.08372750878334045
15531,0.05699997395277023
15532,0.026586346328258514
15533,0.21075667440891266
15534,0.033998437225818634
15535,0.21578313410282135
15536,0.011813566088676453
15537,0.010386809706687927
15538,0.04157143458724022
15539,0.030795780941843987
15540,0.007017634809017181
15541,0.030123110860586166
15542,0.00880298763513565
15543,0.013255451805889606
15544,0.09332841634750366
15545,0.0371282696723938
15546,0.008032191544771194
15547,0.14335165917873383
15548,0.01030968688428402
15549,0.11204511672258377
15550,0.015288971364498138
15551,0.0359659418463707
15552,0.20467104017734528
15553,0.004571144934743643
15554,0.30958572030067444
15555,0.06790583580732346
15556,0.023259755223989487
15557,0.013521693646907806
15558,0.012470541521906853
15559,0.024726487696170807
15560,0.015288971364498138
15561,0.10145704448223114
15562,0.0023506428115069866
15563,0.008902846835553646
15564,0.006752331275492907
15565,0.005931032355874777
15566,0.04062744602560997
15567,0.005345309153199196
15568,0.0317624993622303
15569,0.0181902926415205
15570,0.002954290946945548
15571,0.04436679556965828
15572,0.012658797204494476
15573,0.03928983956575394
15574,0.018072614446282387
15575,0.0036180205643177032
15576,0.01915024034678936
15577,0.06560768932104111
15578,0.06611420959234238
15579,0.09219085425138474
15580,0.014184736646711826
15581,0.029201431199908257
15582,0.015099912881851196
15583,0.02827731892466545
15584,0.05287790298461914
15585,0.02861427329480648
15586,0.03194336220622063
15587,0.04857290908694267
15588,0.6133965849876404
15589,0.3698212504386902
15590,0.023416999727487564
15591,0.036322347819805145
15592,0.07507549971342087
15593,0.09483140707015991
15594,0.003514097072184086
15595,0.01480505708605051
15596,0.04820140823721886
15597,0.012621935456991196
15598,0.48451903462409973
15599,0.049447353929281235
15600,0.04479542747139931
15601,0.006323646288365126
15602,0.0033690757118165493
15603,0.05416502058506012
15604,0.0026222439482808113
15605,0.012339644134044647
15606,0.018405230715870857
15607,0.0076702251099050045
15608,0.008105111308395863
15609,0.2103230357170105
15610,0.006323646288365126
15611,0.0076702251099050045
15612,0.0076702251099050045
15613,0.0076702251099050045
15614,0.0076702251099050045
15615,0.1557072401046753
15616,0.0076702251099050045
15617,0.02439141646027565
15618,0.005282065365463495
15619,0.8214458227157593
15620,0.010175332427024841
15621,0.16231714189052582
15622,0.04580898582935333
15623,0.0069952113553881645
15624,0.0069952113553881645
15625,0.4044494330883026
15626,0.0016818421427160501
15627,0.040357016026973724
15628,0.034306567162275314
15629,0.002179180970415473
15630,0.002179180970415473
15631,0.03445146977901459
15632,0.0010555237531661987
15633,0.02043120563030243
15634,0.014473403804004192
15635,0.0014014688786119223
15636,0.014583400450646877
15637,0.017418213188648224
15638,0.0014014688786119223
15639,0.1258891373872757
15640,0.036857761442661285
15641,0.0030253934673964977
15642,0.01956973224878311
15643,0.0029514338821172714
15644,0.031327713280916214
15645,0.030642222613096237
15646,0.003917207941412926
15647,0.04322304204106331
15648,0.144107848405838
15649,0.10896844416856766
15650,0.031534988433122635
15651,0.06235945597290993
15652,0.046140898019075394
15653,0.021029619500041008
15654,0.03237742930650711
15655,0.03681348264217377
15656,0.01439753919839859
15657,0.020311372354626656
15658,0.023882776498794556
15659,0.04454927518963814
15660,0.025551479309797287
15661,0.009213333949446678
15662,0.009213333949446678
15663,0.0059792217798531055
15664,0.02527714893221855
15665,0.1977803260087967
15666,0.13198861479759216
15667,0.01621519774198532
15668,0.007793379481881857
15669,0.007309095934033394
15670,0.09578785300254822
15671,0.007309095934033394
15672,0.014506523497402668
15673,0.020093394443392754
15674,0.09831955283880234
15675,0.06192556768655777
15676,0.06917823851108551
15677,0.02276335097849369
15678,0.050293099135160446
15679,0.007243985775858164
15680,0.036574289202690125
15681,0.1373220533132553
15682,0.021244576200842857
15683,0.00735571188852191
15684,0.030509496107697487
15685,0.2493404895067215
15686,0.02203323505818844
15687,0.013837621547281742
15688,0.06947009265422821
15689,0.001000085612758994
15690,0.021105065941810608
15691,0.12037836760282516
15692,0.03988801687955856
15693,0.010456398129463196
15694,0.008689949288964272
15695,0.015117638744413853
15696,0.11209108680486679
15697,0.09224989265203476
15698,0.7393941283226013
15699,0.017241492867469788
15700,0.008894574828445911
15701,0.013941419310867786
15702,0.017741741612553596
15703,0.009943344630300999
15704,0.295952707529068
15705,0.21750670671463013
15706,0.9394991993904114
15707,0.020171813666820526
15708,0.062179531902074814
15709,0.0018183983629569411
15710,7.804128690622747e-4
15711,0.0018183983629569411
15712,0.0018183983629569411
15713,0.0018183983629569411
15714,0.05825125798583031
15715,0.9264126420021057
15716,0.0018183983629569411
15717,0.0018183983629569411
15718,0.0018183983629569411
15719,0.06320101767778397
15720,0.037147101014852524
15721,7.804128690622747e-4
15722,0.0018183983629569411
15723,0.0018183983629569411
15724,0.0018183983629569411
15725,7.804128690622747e-4
15726,0.009101755917072296
15727,0.0036193837877362967
15728,0.0018183983629569411
15729,0.0018183983629569411
15730,0.0018183983629569411
15731,0.0018183983629569411
15732,0.0018183983629569411
15733,0.8338775634765625
15734,0.008257200010120869
15735,0.004760991781949997
15736,0.019396066665649414
15737,0.04865062236785889
15738,0.03972070291638374
15739,0.0037848586216568947
15740,0.01854744553565979
15741,0.00976871233433485
15742,0.16191048920154572
15743,0.006898791994899511
15744,0.006898791994899511
15745,0.0038035926409065723
15746,0.006898791994899511
15747,0.022629987448453903
15748,0.03641490265727043
15749,0.025586670264601707
15750,0.07249237596988678
15751,0.012830753810703754
15752,0.0469733402132988
15753,0.1473730057477951
15754,0.08300921320915222
15755,0.04386623203754425
15756,0.006191915832459927
15757,0.19948138296604156
15758,0.011721157468855381
15759,0.006191915832459927
15760,0.009315661154687405
15761,0.06416080892086029
15762,0.032394081354141235
15763,0.011842112056910992
15764,0.034816671162843704
15765,0.03668008744716644
15766,0.09773371368646622
15767,0.0034139968920499086
15768,0.02701505832374096
15769,0.010980023071169853
15770,0.03565945103764534
15771,0.01442047394812107
15772,0.0037848586216568947
15773,0.0034519138280302286
15774,0.018842948600649834
15775,0.010478232987225056
15776,0.0035981452092528343
15777,0.007884468883275986
15778,0.38421860337257385
15779,0.025425642728805542
15780,0.13837645947933197
15781,0.7528386116027832
15782,0.017223257571458817
15783,0.0034139968920499086
15784,0.044340841472148895
15785,0.06268489360809326
15786,0.03440481424331665
15787,6.509827799163759e-4
15788,5.403364775702357e-4
15789,0.0024999326560646296
15790,0.0020799213089048862
15791,0.029339995235204697
15792,0.0020799213089048862
15793,5.122955190017819e-4
15794,5.207906942814589e-4
15795,4.977509961463511e-4
15796,5.207906942814589e-4
15797,0.0020727806258946657
15798,0.0012441255385056138
15799,0.004215708002448082
15800,0.0012441255385056138
15801,6.509827799163759e-4
15802,0.008086965419352055
15803,0.003597571048885584
15804,0.06677559018135071
15805,0.03159241005778313
15806,0.023642485961318016
15807,0.008977513760328293
15808,0.03317728638648987
15809,0.02888624556362629
15810,0.0018992896657437086
15811,0.03248785063624382
15812,0.04156734049320221
15813,0.029885249212384224
15814,0.04294895753264427
15815,0.07499273121356964
15816,0.8792740106582642
15817,0.038066379725933075
15818,0.041311297565698624
15819,0.03814610466361046
15820,0.003194547491148114
15821,0.03619302436709404
15822,0.011667122133076191
15823,0.037555765360593796
15824,0.0020763156935572624
15825,0.01711639203131199
15826,0.04913681373000145
15827,0.001178464968688786
15828,0.0018688179552555084
15829,0.001178464968688786
15830,0.001178464968688786
15831,0.008752088062465191
15832,0.07496742904186249
15833,0.03603379800915718
15834,0.04386623203754425
15835,0.0021788482554256916
15836,0.031416431069374084
15837,0.0353236086666584
15838,0.010248364880681038
15839,0.023235924541950226
15840,0.08953571319580078
15841,0.03167327865958214
15842,0.004375397227704525
15843,0.021072665229439735
15844,0.078598752617836
15845,0.004375397227704525
15846,0.004375397227704525
15847,0.012597707100212574
15848,0.08553195744752884
15849,0.03167327865958214
15850,0.16712400317192078
15851,0.004375397227704525
15852,0.004375397227704525
15853,0.003505155211314559
15854,0.047711052000522614
15855,0.8695255517959595
15856,0.0022736110258847475
15857,0.021838868036866188
15858,0.009641548618674278
15859,0.0026673413813114166
15860,0.015939073637127876
15861,0.06088825315237045
15862,0.08368460834026337
15863,0.07771901786327362
15864,0.016588719561696053
15865,0.5039529800415039
15866,0.026922477409243584
15867,0.007534041069447994
15868,0.0026004209648817778
15869,0.0055762086994946
15870,0.29760006070137024
15871,0.018833905458450317
15872,0.007917866110801697
15873,0.021280240267515182
15874,0.0769679993391037
15875,0.009483352303504944
15876,0.016106002032756805
15877,0.09610045701265335
15878,0.0351126603782177
15879,0.008689949288964272
15880,0.10577695071697235
15881,0.0055762086994946
15882,0.05719762295484543
15883,0.0015393061330541968
15884,0.009192187339067459
15885,0.03172377869486809
15886,0.044465262442827225
15887,0.09753447771072388
15888,0.014804834499955177
15889,0.012939211912453175
15890,0.0028174729086458683
15891,0.0038093714974820614
15892,0.0038093714974820614
15893,0.006172541994601488
15894,0.1724652498960495
15895,0.0263383686542511
15896,0.015278386883437634
15897,0.019864367321133614
15898,0.1128145232796669
15899,0.09926305711269379
15900,0.09926305711269379
15901,0.007660729344934225
15902,0.02728315256536007
15903,0.8073813319206238
15904,0.015056340955197811
15905,0.007625852711498737
15906,0.011311408132314682
15907,0.008267163299024105
15908,0.04000387340784073
15909,0.006306007970124483
15910,0.044457435607910156
15911,0.01658618450164795
15912,0.006265611387789249
15913,0.9444680213928223
15914,0.02403438091278076
15915,0.005435541272163391
15916,0.010912065394222736
15917,0.056992899626493454
15918,0.11119690537452698
15919,0.106156125664711
15920,0.028502292931079865
15921,0.015966499224305153
15922,0.021967099979519844
15923,0.015966499224305153
15924,0.42369747161865234
15925,0.02147321216762066
15926,0.061466582119464874
15927,0.04307269677519798
15928,0.05007304251194
15929,0.042577799409627914
15930,0.05123402178287506
15931,0.02273748815059662
15932,0.2358756810426712
15933,0.10674639046192169
15934,0.0022633192129433155
15935,0.013399901799857616
15936,0.1860986202955246
15937,0.01370370015501976
15938,0.17279663681983948
15939,0.01415044441819191
15940,0.029610803350806236
15941,0.0018611398991197348
15942,0.0018611398991197348
15943,0.0036002930719405413
15944,0.003620438277721405
15945,0.003620438277721405
15946,0.002335549099370837
15947,0.14238110184669495
15948,0.08956387639045715
15949,0.014072072692215443
15950,0.019878070801496506
15951,0.002241202862933278
15952,0.001376788946799934
15953,0.006851456593722105
15954,0.001376788946799934
15955,0.004285444039851427
15956,0.002241202862933278
15957,0.001376788946799934
15958,0.002241202862933278
15959,0.002241202862933278
15960,0.0048752049915492535
15961,0.002241202862933278
15962,0.0014258193550631404
15963,0.002241202862933278
15964,0.002241202862933278
15965,0.002241202862933278
15966,0.009320058859884739
15967,0.06609389930963516
15968,0.0024007486645132303
15969,0.018392914906144142
15970,0.3177340030670166
15971,0.2010520100593567
15972,0.06874963641166687
15973,0.006457405164837837
15974,0.004750873427838087
15975,0.002853774232789874
15976,0.06772395223379135
15977,0.06772395223379135
15978,0.603564441204071
15979,0.029494671151041985
15980,0.002853774232789874
15981,0.0017041333485394716
15982,0.002853774232789874
15983,0.0017041333485394716
15984,0.002204503398388624
15985,0.2577195465564728
15986,0.07579723000526428
15987,0.029543191194534302
15988,0.005633515305817127
15989,0.019198989495635033
15990,7.080922950990498e-4
15991,0.020440232008695602
15992,0.06261884421110153
15993,0.6322084069252014
15994,0.03757738322019577
15995,0.014848749153316021
15996,0.016792738810181618
15997,0.014848749153316021
15998,0.014848749153316021
15999,0.002741266507655382
16000,0.01488063856959343
16001,0.01488063856959343
16002,0.019519837573170662
16003,7.080922950990498e-4
16004,0.014848749153316021
16005,0.006521906238049269
16006,0.014848749153316021
16007,0.012183712795376778
16008,0.0013143334072083235
16009,0.027197452262043953
16010,0.017778923735022545
16011,0.01870827190577984
16012,0.014848749153316021
16013,0.09643914550542831
16014,0.02513734996318817
16015,0.01371661014854908
16016,0.029495708644390106
16017,0.00955262966454029
16018,0.0011769161792472005
16019,0.1504974663257599
16020,0.0033913690131157637
16021,0.006025840528309345
16022,0.03490633890032768
16023,0.02888317033648491
16024,0.0620439350605011
16025,0.0011769161792472005
16026,0.0152692636474967
16027,0.2677585482597351
16028,0.015595751814544201
16029,0.05836702510714531
16030,0.05836702510714531
16031,0.12988421320915222
16032,0.042341507971286774
16033,0.0014203732134774327
16034,0.05887170135974884
16035,0.01905634067952633
16036,0.029218265786767006
16037,0.014247551560401917
16038,0.016112124547362328
16039,0.10053648799657822
16040,0.03666362166404724
16041,0.032993052154779434
16042,0.024036942049860954
16043,0.03772128000855446
16044,0.1819760650396347
16045,0.027826130390167236
16046,0.024412650614976883
16047,0.06305652111768723
16048,0.038139693439006805
16049,0.0143993329256773
16050,0.02793131209909916
16051,0.04102441295981407
16052,0.03588179126381874
16053,0.001854433910921216
16054,0.03942529857158661
16055,0.012100682593882084
16056,0.001854433910921216
16057,0.001854433910921216
16058,8.335793390870094e-4
16059,0.04455159977078438
16060,0.02934163808822632
16061,0.02670183964073658
16062,0.041194766759872437
16063,0.11396469920873642
16064,0.07413163036108017
16065,0.044006891548633575
16066,0.2613934576511383
16067,0.045709386467933655
16068,0.01886903867125511
16069,0.0728277787566185
16070,0.5166150331497192
16071,0.06021912023425102
16072,0.015665531158447266
16073,0.09785370528697968
16074,0.016812756657600403
16075,0.150400772690773
16076,0.24887488782405853
16077,0.3877667486667633
16078,0.017733242362737656
16079,0.03879131004214287
16080,0.04628685861825943
16081,0.005811126437038183
16082,0.18790671229362488
16083,0.016752814874053
16084,0.09713895618915558
16085,0.0020817124750465155
16086,0.0020817124750465155
16087,0.011859008111059666
16088,0.026573291048407555
16089,0.018894298002123833
16090,0.023193305358290672
16091,0.053560927510261536
16092,0.03147871792316437
16093,0.025386780500411987
16094,0.024834971874952316
16095,0.06218712404370308
16096,0.9298187494277954
16097,0.09833072870969772
16098,0.03445243090391159
16099,0.21499039232730865
16100,0.05307380482554436
16101,0.09152564406394958
16102,0.005842306185513735
16103,0.002843380207195878
16104,0.0020327188540250063
16105,0.009479295462369919
16106,0.007032868918031454
16107,0.05334345996379852
16108,0.03023483045399189
16109,0.005172054748982191
16110,0.021012382581830025
16111,0.05437638983130455
16112,0.0034001136664301157
16113,0.013427679426968098
16114,0.02166358381509781
16115,0.8799971342086792
16116,0.004958354867994785
16117,0.006268271245062351
16118,0.022586926817893982
16119,0.028555234894156456
16120,0.0016054268926382065
16121,0.028714369982481003
16122,0.009891518391668797
16123,0.004208865575492382
16124,0.009891518391668797
16125,0.009891518391668797
16126,0.009891518391668797
16127,0.004208865575492382
16128,0.009891518391668797
16129,0.009891518391668797
16130,0.0016054268926382065
16131,0.0016054268926382065
16132,0.009891518391668797
16133,0.0016054268926382065
16134,0.0030574360862374306
16135,0.0016054268926382065
16136,0.0016054268926382065
16137,0.002197591820731759
16138,0.0016054268926382065
16139,0.004958354867994785
16140,0.0016054268926382065
16141,0.0016054268926382065
16142,0.07896549999713898
16143,0.018335584551095963
16144,0.02631671354174614
16145,0.07261976599693298
16146,0.01598602719604969
16147,0.004958354867994785
16148,0.013085007667541504
16149,0.028349386528134346
16150,0.07261976599693298
16151,0.07261976599693298
16152,0.07261976599693298
16153,0.010930145159363747
16154,0.03325086459517479
16155,0.020987238734960556
16156,0.010336046107113361
16157,0.002927156165242195
16158,0.01332654058933258
16159,0.01332654058933258
16160,0.01332654058933258
16161,0.01332654058933258
16162,0.003340029390528798
16163,0.01332654058933258
16164,0.01332654058933258
16165,0.012744816020131111
16166,0.010198165662586689
16167,0.0016768210334703326
16168,0.0016768210334703326
16169,0.0018431118223816156
16170,0.005278191063553095
16171,0.12435968965291977
16172,0.1760554164648056
16173,0.6405589580535889
16174,0.00838344544172287
16175,0.12075043469667435
16176,0.058434728533029556
16177,0.023689748719334602
16178,0.0014896123902872205
16179,0.052190061658620834
16180,0.02473844587802887
16181,0.17785486578941345
16182,0.02059059403836727
16183,0.021992839872837067
16184,0.017497511580586433
16185,0.018358472734689713
16186,0.10456209629774094
16187,0.018358472734689713
16188,0.009270522743463516
16189,0.046787284314632416
16190,0.018295014277100563
16191,0.002263108268380165
16192,0.027511529624462128
16193,0.1415075957775116
16194,0.015176372602581978
16195,0.007281783502548933
16196,0.030390635132789612
16197,0.012841503135859966
16198,0.861976146697998
16199,0.09304563701152802
16200,0.07715814560651779
16201,0.008082644082605839
16202,0.018397681415081024
16203,0.12319330871105194
16204,0.11486710608005524
16205,0.021768363192677498
16206,0.3074529469013214
16207,0.020733952522277832
16208,0.12134605646133423
16209,0.2654961943626404
16210,0.017090965062379837
16211,0.015152422711253166
16212,0.030216844752430916
16213,0.019196592271327972
16214,0.03744686022400856
16215,0.01438424177467823
16216,0.0898611843585968
16217,0.07125256955623627
16218,0.03685713931918144
16219,0.018861982971429825
16220,0.017962373793125153
16221,0.07394402474164963
16222,0.010861417278647423
16223,0.04608023539185524
16224,0.007691075559705496
16225,0.2855111062526703
16226,0.017725162208080292
16227,0.012272044084966183
16228,0.01566498726606369
16229,0.02878686599433422
16230,0.10160542279481888
16231,0.03538140654563904
16232,0.5498946905136108
16233,0.0077327461913228035
16234,0.00880379043519497
16235,0.05198967456817627
16236,0.017950592562556267
16237,0.3122020959854126
16238,0.09019698947668076
16239,0.06602565944194794
16240,0.08381626754999161
16241,0.04828953742980957
16242,0.008827933110296726
16243,0.061005644500255585
16244,0.019519252702593803
16245,0.02951173670589924
16246,0.05161367729306221
16247,0.05180104449391365
16248,0.11094680428504944
16249,0.0019155964255332947
16250,0.11094680428504944
16251,0.11094680428504944
16252,0.11094680428504944
16253,0.16525942087173462
16254,0.11094680428504944
16255,0.06757959723472595
16256,0.04699945077300072
16257,0.003292267443612218
16258,0.03279131278395653
16259,0.09603873640298843
16260,0.00954221747815609
16261,0.040233615785837173
16262,0.0071068075485527515
16263,0.05524759739637375
16264,0.011425413191318512
16265,0.06722883880138397
16266,0.008489790372550488
16267,0.08792460709810257
16268,0.0019692436326295137
16269,0.06197245791554451
16270,0.13208520412445068
16271,0.011974523775279522
16272,0.011333676986396313
16273,0.020939329639077187
16274,0.020720025524497032
16275,0.044351864606142044
16276,0.25010251998901367
16277,0.1453268676996231
16278,0.5919649600982666
16279,0.04774288460612297
16280,0.014872916974127293
16281,0.044166963547468185
16282,0.08753456175327301
16283,0.0036373171024024487
16284,0.09537281095981598
16285,0.1365969330072403
16286,0.16181837022304535
16287,0.05350653454661369
16288,0.005767663009464741
16289,0.005767663009464741
16290,0.1557377278804779
16291,0.0076341284438967705
16292,0.02196420729160309
16293,0.005767663009464741
16294,0.005666734185069799
16295,0.2384667545557022
16296,0.005767663009464741
16297,0.28052547574043274
16298,0.1576080471277237
16299,0.13963563740253448
16300,0.012928326614201069
16301,0.05519518256187439
16302,0.007679816801100969
16303,0.011358244344592094
16304,0.36046138405799866
16305,0.0016866880469024181
16306,0.021441688761115074
16307,0.0057823266834020615
16308,0.013542145490646362
16309,0.04035971313714981
16310,0.0543498657643795
16311,0.026253752410411835
16312,0.296978235244751
16313,0.5835118889808655
16314,0.01471841149032116
16315,0.004774832632392645
16316,0.06924371421337128
16317,0.07196000218391418
16318,0.04401428624987602
16319,0.19275827705860138
16320,0.005854696035385132
16321,0.019428115338087082
16322,0.0494411326944828
16323,0.008165241219103336
16324,0.19275827705860138
16325,0.04219195246696472
16326,0.09351396560668945
16327,0.05230740085244179
16328,0.05742543935775757
16329,0.2839961349964142
16330,0.030550306662917137
16331,0.05100931599736214
16332,0.10424215346574783
16333,0.1331230103969574
16334,0.2695102393627167
16335,0.12117130309343338
16336,0.0014498622622340918
16337,0.06968613713979721
16338,0.22351224720478058
16339,0.016133341938257217
16340,0.010366649366915226
16341,0.058457955718040466
16342,0.03454124927520752
16343,0.1694440394639969
16344,0.20472966134548187
16345,0.007994391024112701
16346,0.007482722867280245
16347,0.09788447618484497
16348,0.016133341938257217
16349,0.01012171246111393
16350,0.011825177818536758
16351,0.01012171246111393
16352,0.2271595597267151
16353,0.42132332921028137
16354,0.01012171246111393
16355,0.011825177818536758
16356,0.01012171246111393
16357,0.030763613060116768
16358,0.004645182751119137
16359,0.019221872091293335
16360,0.07996149361133575
16361,0.06543722003698349
16362,0.06680881977081299
16363,0.019721390679478645
16364,0.2009091079235077
16365,0.01012171246111393
16366,0.01012171246111393
16367,0.01012171246111393
16368,0.06920839846134186
16369,0.010806106962263584
16370,0.011825177818536758
16371,0.02355203405022621
16372,0.017940333113074303
16373,0.011619487777352333
16374,0.011575834825634956
16375,0.01012171246111393
16376,0.02661099098622799
16377,0.027519969269633293
16378,0.011825177818536758
16379,0.001682477188296616
16380,0.011619487777352333
16381,0.009322388097643852
16382,0.002601591171696782
16383,0.035312339663505554
16384,0.0483960397541523
16385,0.0018006612081080675
16386,0.0024156763684004545
16387,0.02080795355141163
16388,0.027678782120347023
16389,0.011189241893589497
16390,0.006714829709380865
16391,0.09180188924074173
16392,0.007944068871438503
16393,0.007340056821703911
16394,0.0027558801230043173
16395,0.001957518048584461
16396,0.03435860201716423
16397,0.013244540430605412
16398,0.014701512642204762
16399,0.010590395890176296
16400,0.004304024390876293
16401,0.0051969680935144424
16402,0.06925362348556519
16403,0.16804589331150055
16404,0.03582406044006348
16405,0.04528864473104477
16406,0.8922366499900818
16407,0.4081932008266449
16408,0.008245950564742088
16409,0.009817351587116718
16410,0.005277552641928196
16411,0.11173328757286072
16412,0.005277552641928196
16413,0.0053199841640889645
16414,0.009281552396714687
16415,0.005990412551909685
16416,0.0037393190432339907
16417,0.0037393190432339907
16418,0.0037393190432339907
16419,0.0037393190432339907
16420,0.005259873811155558
16421,0.010788912884891033
16422,0.0037393190432339907
16423,0.00951860100030899
16424,0.00951860100030899
16425,0.00951860100030899
16426,0.3255622982978821
16427,0.202946275472641
16428,0.00951860100030899
16429,0.0016179627273231745
16430,0.03654564172029495
16431,0.6467331647872925
16432,0.02983405627310276
16433,0.17368502914905548
16434,0.01606680266559124
16435,0.01606680266559124
16436,0.002597358077764511
16437,0.0025614751502871513
16438,0.0025614751502871513
16439,0.0025614751502871513
16440,0.003370481776073575
16441,0.004997618496417999
16442,0.0025614751502871513
16443,0.023567428812384605
16444,0.004744465462863445
16445,0.04777345061302185
16446,0.0025614751502871513
16447,0.032821059226989746
16448,0.014675344340503216
16449,0.004744465462863445
16450,0.004744465462863445
16451,0.004744465462863445
16452,0.004744465462863445
16453,0.004744465462863445
16454,0.004744465462863445
16455,0.004744465462863445
16456,0.002069156151264906
16457,0.004744465462863445
16458,0.9229650497436523
16459,0.004744465462863445
16460,0.004744465462863445
16461,0.004744465462863445
16462,0.002069156151264906
16463,0.004744465462863445
16464,0.004744465462863445
16465,0.004744465462863445
16466,0.002069156151264906
16467,0.004744465462863445
16468,0.002069156151264906
16469,0.006547314580529928
16470,0.004744465462863445
16471,0.0049202037043869495
16472,0.0025614751502871513
16473,0.05638038367033005
16474,0.06163906306028366
16475,0.001325541757978499
16476,0.89742112159729
16477,0.09470310807228088
16478,0.004425870720297098
16479,0.019419584423303604
16480,0.025301972404122353
16481,0.026593441143631935
16482,0.021587055176496506
16483,0.011692607775330544
16484,0.01326665747910738
16485,0.07703728973865509
16486,0.05255425348877907
16487,0.060928042978048325
16488,0.08735405653715134
16489,0.012398723512887955
16490,0.10319782048463821
16491,0.048257987946271896
16492,0.017575779929757118
16493,0.061509206891059875
16494,0.023525385186076164
16495,0.009281552396714687
16496,0.00647752033546567
16497,0.006205825600773096
16498,0.006205825600773096
16499,0.020538941025733948
16500,0.051086410880088806
16501,0.025210419669747353
16502,0.039874084293842316
16503,0.006205825600773096
16504,0.08237461000680923
16505,0.03902541473507881
16506,0.04661787301301956
16507,0.019430892542004585
16508,0.07210365682840347
16509,0.003226999659091234
16510,0.01809665374457836
16511,0.019824741408228874
16512,0.014403779059648514
16513,0.005852196365594864
16514,0.012338976375758648
16515,0.007566638290882111
16516,0.1860729157924652
16517,0.018825482577085495
16518,0.008430649526417255
16519,0.05289096757769585
16520,0.0569317489862442
16521,0.08049309998750687
16522,0.0029973299242556095
16523,0.11750451475381851
16524,0.02088395319879055
16525,0.03439927101135254
16526,0.05289096757769585
16527,0.02371445670723915
16528,0.17540769279003143
16529,0.01992940716445446
16530,0.19680140912532806
16531,0.0016695210942998528
16532,0.015905175358057022
16533,0.04462067410349846
16534,0.0018587417434901
16535,0.14181871712207794
16536,0.02130856178700924
16537,0.09402352571487427
16538,0.037964608520269394
16539,0.031887635588645935
16540,0.01896394044160843
16541,0.008112367242574692
16542,0.0014250692911446095
16543,0.013560139574110508
16544,0.909103512763977
16545,0.052406083792448044
16546,0.0014250692911446095
16547,0.15895652770996094
16548,0.020861675962805748
16549,0.06767038255929947
16550,0.07301061600446701
16551,0.001770114409737289
16552,0.006511884741485119
16553,0.05279168486595154
16554,0.19576595723628998
16555,0.0848110243678093
16556,0.9104337096214294
16557,0.06922460347414017
16558,0.05611677095293999
16559,0.03143644705414772
16560,0.09201821684837341
16561,0.021588176488876343
16562,0.8281824588775635
16563,0.017655765637755394
16564,0.021048804745078087
16565,0.11379299312829971
16566,0.09840293228626251
16567,0.07967030256986618
16568,0.04283120483160019
16569,0.06310371309518814
16570,0.012218556366860867
16571,0.007424063049256802
16572,0.1182209700345993
16573,0.007424063049256802
16574,0.012114307843148708
16575,0.012315318919718266
16576,0.0077308909967541695
16577,0.10393679141998291
16578,0.01915830746293068
16579,0.06828683614730835
16580,0.079691581428051
16581,0.13462142646312714
16582,0.12164745479822159
16583,0.0129466000944376
16584,0.0070882816798985004
16585,0.007424063049256802
16586,0.0031833567190915346
16587,0.0032573395874351263
16588,0.008220933377742767
16589,0.05210895463824272
16590,0.01505198609083891
16591,0.014440751634538174
16592,0.12184978276491165
16593,0.90206146240234375
16594,0.04242817312479019
16595,0.1148592084646225
16596,0.1148592084646225
16597,0.07999833673238754
16598,0.036222562193870544
16599,0.0031337335240095854
16600,0.005465846974402666
16601,0.005465846974402666
16602,0.005465846974402666
16603,0.005465846974402666
16604,0.005465846974402666
16605,0.005465846974402666
16606,0.005465846974402666
16607,0.005465846974402666
16608,0.005465846974402666
16609,0.005465846974402666
16610,0.005465846974402666
16611,0.005465846974402666
16612,0.06855597347021103
16613,0.005465846974402666
16614,0.005465846974402666
16615,0.005465846974402666
16616,0.013853436335921288
16617,0.005465846974402666
16618,0.00846325047314167
16619,0.013853436335921288
16620,0.002218774287030101
16621,0.0086170099675655365
16622,0.005465846974402666
16623,0.017619801685214043
16624,0.0027768509462475777
16625,0.03158452734351158
16626,0.018868522718548775
16627,0.06827577948570251
16628,0.06827577948570251
16629,0.08647570759057999
16630,0.007822762243449688
16631,0.01575108990073204
16632,0.01581355184316635
16633,0.009281552396714687
16634,0.005634733010083437
16635,0.09892730414867401
16636,0.027869198471307755
16637,0.006619696505367756
16638,0.003826718544587493
16639,0.01038289349526167
16640,0.01679682545363903
16641,0.022603139281272888
16642,0.022603139281272888
16643,0.04872739315032959
16644,0.09431172162294388
16645,0.02229917235672474
16646,0.12411176413297653
16647,0.02604953944683075
16648,0.025080492720007896
16649,0.016476819291710854
16650,0.747451901435852
16651,0.04187103733420372
16652,0.07336924225091934
16653,0.03945224732160568
16654,0.7584866285324097
16655,0.02373064123094082
16656,0.001472783274948597
16657,0.029943346977233887
16658,0.013606824912130833
16659,0.03183315694332123
16660,0.035940587520599365
16661,0.01992940716445446
16662,0.013325517065823078
16663,0.01865283213555813
16664,0.015027700923383236
16665,0.03441125527024269
16666,0.02598620019853115
16667,0.0027915157843381166
16668,0.07533895969390869
16669,0.048683859407901764
16670,0.11076855659484863
16671,0.004880076739937067
16672,0.02308437041938305
16673,0.02378198690712452
16674,0.07666810601949692
16675,0.11168143898248672
16676,0.00671263225376606
16677,0.013676980510354042
16678,0.012091394513845444
16679,0.012091394513845444
16680,0.011229259893298149
16681,0.7378003001213074
16682,0.012636485509574413
16683,0.11885528266429901
16684,0.053417086601257324
16685,0.044847290962934494
16686,0.06327540427446365
16687,0.22165502607822418
16688,0.05158144235610962
16689,0.012636485509574413
16690,0.07666810601949692
16691,0.13644467294216156
16692,0.016671940684318542
16693,0.01584942266345024
16694,0.011021686717867851
16695,0.05380255728960037
16696,0.15514309704303741
16697,0.02766164392232895
16698,0.0014377785846590996
16699,0.9396964311599731
16700,0.018168870359659195
16701,0.024280739948153496
16702,0.012378537096083164
16703,0.36686471104621887
16704,0.027276994660496712
16705,0.3800877332687378
16706,0.00902574509382248
16707,0.030217569321393967
16708,0.03822927549481392
16709,0.019740086048841476
16710,0.04041144624352455
16711,0.0028463085182011127
16712,0.0017045163549482822
16713,0.04513373225927353
16714,0.01551621500402689
16715,0.4342440366744995
16716,0.8315014839172363
16717,0.014926198869943619
16718,0.00460740877315402
16719,0.00902574509382248
16720,0.008677511475980282
16721,0.052724894136190414
16722,0.032438620924949646
16723,0.426873117685318
16724,0.009931053034961224
16725,0.03847223147749901
16726,0.0591689758002758
16727,0.01703515835106373
16728,0.12242457270622253
16729,0.013347402215003967
16730,0.090091802179813385
16731,0.02637360244989395
16732,0.00842782761901617
16733,0.090091802179813385
16734,0.01701156236231327
16735,0.010942677967250347
16736,0.019378697499632835
16737,0.030605878680944443
16738,0.23013819754123688
16739,0.28355926275253296
16740,0.03707756847143173
16741,0.0978328213095665
16742,0.09441893547773361
16743,0.01023785024881363
16744,0.011715386062860489
16745,0.06455916911363602
16746,0.01707686297595501
16747,0.031772810965776443
16748,0.2294609397649765
16749,0.05392255261540413
16750,0.009170575067400932
16751,0.0024797101505100727
16752,0.842074990272522
16753,0.012936165556311607
16754,0.04554790258407593
16755,0.014454345218837261
16756,0.008168242871761322
16757,0.06024707481265068
16758,0.03753233700990677
16759,0.0018527824431657791
16760,0.0027277921326458454
16761,0.13295021653175354
16762,0.007816236466169357
16763,0.020703695714473724
16764,0.07342134416103363
16765,0.02874096669256687
16766,0.006394413765519857
16767,0.006394413765519857
16768,0.016591567546129227
16769,0.02387121319770813
16770,0.023508543148636818
16771,0.06835218518972397
16772,0.012629687786102295
16773,0.10722597688436508
16774,0.07567506283521652
16775,0.009625189937651157
16776,0.1203172504901886
16777,0.8948696255683899
16778,0.03900476545095444
16779,0.009164330549538136
16780,0.017194444313645363
16781,0.013827254064381123
16782,0.008859213441610336
16783,0.008209433406591415
16784,0.008209433406591415
16785,0.009833364747464657
16786,0.04730695113539696
16787,0.032972730696201324
16788,0.009799008257687092
16789,0.03755289688706398
16790,0.013277229852974415
16791,0.005452200770378113
16792,0.04730695113539696
16793,0.5145303010940552
16794,0.016377657651901245
16795,0.03404339775443077
16796,0.03063320927321911
16797,0.18277734518051147
16798,0.01145883183926344
16799,0.013355298899114132
16800,0.04503067210316658
16801,0.04972853139042854
16802,0.044857945293188095
16803,0.07206413894891739
16804,0.05782472714781761
16805,0.01103256456553936
16806,0.010076592676341534
16807,0.03592587634921074
16808,0.055628206580877304
16809,0.07890120893716812
16810,0.055628206580877304
16811,0.02641652338206768
16812,0.009425927884876728
16813,0.04350229725241661
16814,0.05195101350545883
16815,0.03287472948431969
16816,0.006758759263902903
16817,0.05007760226726532
16818,0.030814310535788536
16819,0.08846939355134964
16820,0.14367005228996277
16821,0.011129084043204784
16822,0.06005517765879631
16823,0.011129084043204784
16824,0.005411086603999138
16825,0.015239473432302475
16826,0.015239473432302475
16827,0.03975074365735054
16828,0.003532735863700509
16829,0.09382222592830658
16830,0.049134962260723114
16831,0.014162789098918438
16832,0.05989029258489609
16833,0.02371416613459587
16834,0.09244278818368912
16835,0.39683887362480164
16836,0.0061042094603180885
16837,0.009330036118626595
16838,0.0058074528351426125
16839,0.010690095834434032
16840,0.01218307577073574
16841,0.005343375261873007
16842,0.05828722566366196
16843,0.004067405592650175
16844,0.004067405592650175
16845,0.04065189138054848
16846,0.05365169420838356
16847,0.02196361869573593
16848,0.14680953323841095
16849,0.02729792334139347
16850,0.01857602968811989
16851,0.01857602968811989
16852,0.01857602968811989
16853,0.01857602968811989
16854,0.8695749044418335
16855,0.03975453972816467
16856,0.03975453972816467
16857,0.01903609372675419
16858,0.013786525465548038
16859,0.03677920624613762
16860,0.011239494197070599
16861,0.008087599650025368
16862,0.0131784463301301
16863,0.020586449652910233
16864,0.006959882564842701
16865,0.2532603442668915
16866,0.003306442638859153
16867,0.0074058277532458305
16868,0.04990975186228752
16869,0.021855277940630913
16870,0.005087470170110464
16871,0.09931167215108871
16872,0.05274326726794243
16873,0.0036528336349874735
16874,0.06349550187587738
16875,0.12425608932971954
16876,0.09139294922351837
16877,0.013895941898226738
16878,0.13120722770690918
16879,0.011651604436337948
16880,0.025290492922067642
16881,0.004687120672315359
16882,0.02425288036465645
16883,0.04975621774792671
16884,0.04237564280629158
16885,0.06663528084754944
16886,0.004975633695721626
16887,0.08185912668704987
16888,0.0821797326207161
16889,0.10568166524171829
16890,0.14461694657802582
16891,0.016047373414039612
16892,0.030256446450948715
16893,0.006531506311148405
16894,0.011638295836746693
16895,0.09329640120267868
16896,0.011474664323031902
16897,0.010643629357218742
16898,0.008985339663922787
16899,0.019378280267119408
16900,0.03535638004541397
16901,0.03603268042206764
16902,0.02636180818080902
16903,0.0289536714553833
16904,0.14911994338035583
16905,0.017952710390090942
16906,0.09438558667898178
16907,0.1368589699268341
16908,0.02941475808620453
16909,0.023556465283036232
16910,0.01843142881989479
16911,0.02232149802148342
16912,0.17673683166503906
16913,0.17673683166503906
16914,0.014804312959313393
16915,0.07661779224872589
16916,0.1321561336517334
16917,0.015439469367265701
16918,0.015549318864941597
16919,0.010594773106276989
16920,0.012095478363335133
16921,0.006308655720204115
16922,0.016896922141313553
16923,0.14013028144836426
16924,0.16021263599395752
16925,0.16021263599395752
16926,0.08553124964237213
16927,0.15526187419891357
16928,0.0601632297039032
16929,0.12993110716342926
16930,0.0073769171722233295
16931,0.01218307577073574
16932,0.022036273032426834
16933,0.15878300368785858
16934,0.007069533225148916
16935,0.01815313659608364
16936,0.019329067319631577
16937,0.009923161007463932
16938,0.002571925986558199
16939,0.007526503875851631
16940,0.007258858997374773
16941,0.06052853539586067
16942,0.009802816435694695
16943,0.009802816435694695
16944,0.0046150339767336845
16945,0.009802816435694695
16946,0.009802816435694695
16947,0.008517120033502579
16948,0.008709684014320374
16949,0.11322560906410217
16950,0.044794563204050064
16951,0.02798651158809662
16952,0.013365380465984344
16953,0.013325379230082035
16954,0.023803744465112686
16955,0.012112059630453587
16956,0.012112059630453587
16957,0.028613533824682236
16958,0.2781044542789459
16959,0.009887658059597015
16960,0.0077169714495539665
16961,0.21075069904327393
16962,0.11817348003387451
16963,0.005982220638543367
16964,0.08205918967723846
16965,0.005036342889070511
16966,0.0038741487078368664
16967,0.059499986469745636
16968,0.059499986469745636
16969,0.189260795712471
16970,0.16839762032032013
16971,0.22369860112667084
16972,0.04076584428548813
16973,0.1217884048819542
16974,0.013365380465984344
16975,0.027054758742451668
16976,0.01350376382470131
16977,0.027716390788555145
16978,0.06023301184177399
16979,0.019977863878011703
16980,0.014400474727153778
16981,0.0213811956346035
16982,0.06155868619680405
16983,0.02869335375726223
16984,0.01413945946842432
16985,0.011757457628846169
16986,0.0033547505736351013
16987,0.013229680247604847
16988,0.568264365196228
16989,0.036020249128341675
16990,0.02961832471191883
16991,0.0280314814299345
16992,0.031119536608457565
16993,0.021164072677493095
16994,0.06970067322254181
16995,0.01649872586131096
16996,0.005151855293661356
16997,0.006303119007498026
16998,0.10801868140697479
16999,0.010632849298417568
17000,0.01620914414525032
17001,0.02235831879079342
17002,0.004871107172220945
17003,0.01756972074508667
17004,0.011715861968696117
17005,0.011715861968696117
17006,0.024741895496845245
17007,0.013809514231979847
17008,0.012791698798537254
17009,0.02428191341459751
17010,0.011715861968696117
17011,0.004539013374596834
17012,0.013193468563258648
17013,0.04131758585572243
17014,0.011105536483228207
17015,0.025830376893281937
17016,0.02285875752568245
17017,0.030413378030061722
17018,0.039473868906497955
17019,0.1308899223804474
17020,0.007087047211825848
17021,0.002488642930984497
17022,0.09130819141864777
17023,0.0092912083491683
17024,0.04168245568871498
17025,0.04405819624662399
17026,0.01705831289291382
17027,0.048606544733047485
17028,0.09913656860589981
17029,0.027824075892567635
17030,0.00917866826057434
17031,0.013198472559452057
17032,0.032608840614557266
17033,0.051271453499794006
17034,0.013021943159401417
17035,0.007637922186404467
17036,0.10620968043804169
17037,0.007930374704301357
17038,0.0472208708524704
17039,0.007103598210960627
17040,0.007063805125653744
17041,0.005411086603999138
17042,0.008743383921682835
17043,0.035471271723508835
17044,0.0462268628180027
17045,0.01671304553747177
17046,0.031006116420030594
17047,0.012082768604159355
17048,0.08391912281513214
17049,0.08075987547636032
17050,0.02219393663108349
17051,0.03472604230046272
17052,0.011141291819512844
17053,0.11464331299066544
17054,0.1402730494737625
17055,0.0073529924266040325
17056,0.008292410522699356
17057,0.005123746115714312
17058,0.025182312354445457
17059,0.004395259078592062
17060,0.02383691631257534
17061,0.010375816375017166
17062,0.006940402556210756
17063,0.0360066182911396
17064,0.012762822210788727
17065,0.045198023319244385
17066,0.03879725933074951
17067,0.1689615100622177
17068,0.01369040459394455
17069,0.012762822210788727
17070,0.04475422203540802
17071,0.008264930918812752
17072,0.10681818425655365
17073,0.3057608902454376
17074,0.04938363656401634
17075,0.014637896791100502
17076,0.0034302007406949997
17077,0.6972970366477966
17078,0.05065833032131195
17079,0.11972972005605698
17080,0.010770144872367382
17081,0.0037582761142402887
17082,0.010767204686999321
17083,0.0010450358968228102
17084,0.014114157296717167
17085,0.010161793790757656
17086,0.010481991805136204
17087,0.04775138571858406
17088,0.021460629999637604
17089,0.05541557818651199
17090,0.13556821644306183
17091,0.014114157296717167
17092,0.010876267217099667
17093,0.007103634998202324
17094,0.3330567181110382
17095,0.0211822297424078
17096,0.021998010575771332
17097,0.004616381600499153
17098,0.061159517616033554
17099,0.012821642681956291
17100,0.11684682965278625
17101,0.05064141005277634
17102,0.009718287736177444
17103,0.03817358240485191
17104,0.35503649711608887
17105,0.21422021090984344
17106,0.005411086603999138
17107,0.0032334434799849987
17108,0.005855314899235964
17109,0.009925579652190208
17110,0.05559481307864189
17111,0.014036834239959717
17112,0.00983285903930664
17113,0.00546944048255682
17114,0.00546944048255682
17115,0.01644250750541687
17116,0.021998010575771332
17117,0.0034057896118611097
17118,0.007103634998202324
17119,0.00546944048255682
17120,0.005640964023768902
17121,0.007103634998202324
17122,0.015011504292488098
17123,0.00632478529587388
17124,0.00546944048255682
17125,0.007103634998202324
17126,0.03347020596265793
17127,0.009251420386135578
17128,0.00632478529587388
17129,0.007103634998202324
17130,0.03295658901333809
17131,0.005640964023768902
17132,0.00632478529587388
17133,0.00546944048255682
17134,0.00876795407384634
17135,0.028392117470502853
17136,0.015584247186779976
17137,0.010904986411333084
17138,0.011460966430604458
17139,0.025500671938061714
17140,0.0100629273802042
17141,0.026914825662970543
17142,0.0036276800092309713
17143,0.0672602578997612
17144,0.005874092224985361
17145,0.014711947180330753
17146,0.03975453972816467
17147,0.027366500347852707
17148,0.005194693338125944
17149,0.005824732128530741
17150,0.03975453972816467
17151,0.01067042164504528
17152,0.03663463145494461
17153,0.014485086314380169
17154,0.0051409839652478695
17155,0.006542409770190716
17156,0.0017509250901639462
17157,0.0035686534829437733
17158,0.010713399387896061
17159,0.00613248348236084
17160,0.011027337983250618
17161,0.003622683696448803
17162,0.0034037833102047443
17163,0.01851511001586914
17164,0.00424902094528079
17165,0.2316458523273468
17166,0.03564612939953804
17167,0.021895386278629303
17168,0.005692715290933847
17169,0.01583630032837391
17170,0.0014846579870209098
17171,0.17619676887989044
17172,0.008744806051254272
17173,0.04746125638484955
17174,0.0143362358212471
17175,0.013325379230082035
17176,0.0015214324230328202
17177,0.05691448226571083
17178,0.011569938622415066
17179,0.00824661273509264
17180,0.012423035688698292
17181,0.010038057342171669
17182,0.012394643388688564
17183,0.03406846895813942
17184,0.011187432333827019
17185,0.02443510852754116
17186,0.02443510852754116
17187,0.009749929420650005
17188,0.005036342889070511
17189,0.015489251352846622
17190,0.2396366149187088
17191,0.010504459962248802
17192,0.015747912228107452
17193,0.01640511117875576
17194,0.00835860799998045
17195,0.180863618850708
17196,0.022746682167053223
17197,0.02458617091178894
17198,0.03516943380236626
17199,0.009349983185529709
17200,0.02964375913143158
17201,0.06719432771205902
17202,0.025605155155062675
17203,0.05875144898891449
17204,0.0031845869962126017
17205,0.011764735914766788
17206,0.04247431457042694
17207,0.004367969464510679
17208,0.012079057283699512
17209,0.003642176277935505
17210,0.01254830602556467
17211,0.006214698310941458
17212,0.025162501260638237
17213,0.0730198323726654
17214,0.040423955768346786
17215,0.012079057283699512
17216,0.011881290934979916
17217,0.09537336975336075
17218,0.598689615726471
17219,0.0012869843048974872
17220,0.013279221951961517
17221,0.0137846190482378
17222,0.0012869843048974872
17223,0.008072339929640293
17224,0.00528316292911768
17225,0.026543816551566124
17226,0.004561352077871561
17227,0.004243482835590839
17228,0.04466422274708748
17229,0.003364181611686945
17230,0.01426694542169571
17231,0.003270169720053673
17232,0.062376298010349274
17233,0.004727978724986315
17234,0.014462579041719437
17235,0.0017892885953187943
17236,0.05112294480204582
17237,0.0029434955213218927
17238,0.029537875205278397
17239,0.01708681508898735
17240,0.011663922108709812
17241,0.013601347804069519
17242,0.02258218079805374
17243,0.033844854682683945
17244,0.7220704555511475
17245,0.00484152976423502
17246,0.0024028930347412825
17247,0.0024028930347412825
17248,0.01358312088996172
17249,0.032375846058130264
17250,0.03795105218887329
17251,0.12764394283294678
17252,0.011286488734185696
17253,0.036681681871414185
17254,0.00709579698741436
17255,0.014544413425028324
17256,0.011424869298934937
17257,0.0031664485577493906
17258,0.013054856099188328
17259,0.0868653729557991
17260,0.22035765647888184
17261,0.20311520993709564
17262,0.9229771494865417
17263,0.18645146489143372
17264,0.014562583528459072
17265,0.0792989507317543
17266,0.005043150391429663
17267,0.0021314339246600866
17268,0.010646292008459568
17269,0.007975896820425987
17270,0.005874662660062313
17271,0.015600407496094704
17272,0.054604556411504745
17273,0.28835198283195496
17274,0.0043603116646409035
17275,0.0043603116646409035
17276,0.0043603116646409035
17277,0.027339382097125053
17278,0.0030292272567749023
17279,0.030301783233880997
17280,0.0043603116646409035
17281,0.005137985106557608
17282,0.007975896820425987
17283,0.015124447643756866
17284,0.015382449142634869
17285,0.04417148604989052
17286,0.030124569311738014
17287,0.11475618183612823
17288,0.015053979121148586
17289,0.08060824871063232
17290,0.025560270994901657
17291,0.025560270994901657
17292,0.07191304862499237
17293,0.005758952349424362
17294,0.05926764756441116
17295,0.020580604672431946
17296,0.008671951480209827
17297,0.11896226555109024
17298,0.026356760412454605
17299,0.004619666840881109
17300,0.1143517941236496
17301,0.09207344800233841
17302,0.01015979889780283
17303,0.01015979889780283
17304,0.01015979889780283
17305,0.01015979889780283
17306,0.033395763486623764
17307,0.020389482378959656
17308,0.12104186415672302
17309,0.9122469425201416
17310,0.051540352404117584
17311,0.016707977280020714
17312,0.5611816048622131
17313,0.021777620539069176
17314,0.011403379961848259
17315,0.046015769243240356
17316,0.0027098117861896753
17317,0.011755901388823986
17318,0.0026574034709483385
17319,0.04266108572483063
17320,0.1512739360332489
17321,0.018166132271289825
17322,0.013403608463704586
17323,0.09695399552583694
17324,0.015445842407643795
17325,0.006213870830833912
17326,0.018214911222457886
17327,0.05349188670516014
17328,0.037293992936611176
17329,0.08344153314828873
17330,0.013150565326213837
17331,0.9226910471916199
17332,0.10618674010038376
17333,0.014944341033697128
17334,0.0024637263268232346
17335,0.011759237386286259
17336,0.011896023526787758
17337,0.010807865299284458
17338,0.09374076873064041
17339,0.005707008298486471
17340,0.1191650852560997
17341,0.8565180897712708
17342,0.025857651606202126
17343,0.008534451946616173
17344,0.07619097083806992
17345,0.06803933531045914
17346,0.012499990873038769
17347,0.00645590340718627
17348,0.06117848679423332
17349,0.0762009248137474
17350,0.055068179965019226
17351,0.0270388163626194
17352,0.011557398363947868
17353,0.04353790730237961
17354,0.10360605269670486
17355,0.04591042920947075
17356,0.015768805518746376
17357,0.01619093492627144
17358,0.06334219127893448
17359,0.22472074627876282
17360,0.058910444378852844
17361,0.11839593946933746
17362,0.9325374364852905
17363,0.004863903392106295
17364,0.030506493523716927
17365,0.006332803517580032
17366,0.07799308747053146
17367,0.012623735703527927
17368,0.037432003766298294
17369,0.014223354868590832
17370,0.014223354868590832
17371,0.04475017637014389
17372,0.06778544187545776
17373,0.008657394908368587
17374,0.02015858143568039
17375,0.23648636043071747
17376,0.053481120616197586
17377,0.03920872136950493
17378,0.015805309638381004
17379,0.013374848291277885
17380,0.020875250920653343
17381,0.007010132074356079
17382,0.014952098950743675
17383,0.094150610268116
17384,0.11311262845993042
17385,0.03878258168697357
17386,0.015827110037207603
17387,0.08505161106586456
17388,0.026066699996590614
17389,0.01662997528910637
17390,0.06222826614975929
17391,0.019491780549287796
17392,0.012202837504446507
17393,0.0967593714594841
17394,0.0967593714594841
17395,0.24451912939548492
17396,0.007445506751537323
17397,0.010814239270985126
17398,0.03858814015984535
17399,0.037608273327350616
17400,0.07735877484083176
17401,0.009714098647236824
17402,0.09847528487443924
17403,0.09847528487443924
17404,0.09847528487443924
17405,0.03132348880171776
17406,0.03588511422276497
17407,0.07002529501914978
17408,0.0051932367496192455
17409,0.0027898612897843122
17410,0.00805593840777874
17411,0.04213102161884308
17412,0.03588511422276497
17413,0.02478615939617157
17414,0.004908229690045118
17415,0.03935866057872772
17416,0.05076396092772484
17417,0.03411376103758812
17418,0.017103392630815506
17419,0.007328565698117018
17420,0.0019918810576200485
17421,0.010202151723206043
17422,0.23928304016590118
17423,0.08930909633636475
17424,0.009569928981363773
17425,0.003987648990005255
17426,0.00640924833714962
17427,0.004288865718990564
17428,0.014439055696129799
17429,0.010637651197612286
17430,0.007034130860120058
17431,0.04772794991731644
17432,0.05886205658316612
17433,0.02220926806330681
17434,0.04497290402650833
17435,0.015902556478977203
17436,0.014533271081745625
17437,0.03659479320049286
17438,0.013634827919304371
17439,0.04421583563089371
17440,0.028921063989400864
17441,0.005133901722729206
17442,0.0019526557298377156
17443,0.0019526557298377156
17444,0.0019526557298377156
17445,0.0019526557298377156
17446,0.01483522355556488
17447,0.04688023775815964
17448,0.008388449437916279
17449,0.050064604729413986
17450,0.015515784732997417
17451,0.04183334857225418
17452,0.005140357650816441
17453,0.00951481144875288
17454,0.11836078763008118
17455,0.9373482465744019
17456,0.12173444777727127
17457,0.08236394077539444
17458,0.039829201996326447
17459,0.03584885597229004
17460,0.030408794060349464
17461,0.045730117708444595
17462,0.3724251091480255
17463,0.03285640478134155
17464,0.015258456580340862
17465,0.028196746483445168
17466,0.00789446011185646
17467,0.02817104198038578
17468,0.004711043555289507
17469,0.013708367943763733
17470,0.01569276675581932
17471,0.009195344522595406
17472,0.03189750015735626
17473,0.01996186375617981
17474,0.037636563181877136
17475,0.04073052480816841
17476,0.04071523994207382
17477,0.004346806555986404
17478,0.0818559005856514
17479,0.15332761406898499
17480,0.07102984189987183
17481,0.03543208912014961
17482,0.47690537571907043
17483,0.01576424017548561
17484,0.17873264849185944
17485,0.37580564618110657
17486,0.006549535784870386
17487,0.01129051111638546
17488,0.015500671230256557
17489,0.24160896241664886
17490,0.011690011247992516
17491,0.04829499498009682
17492,0.033703047782182693
17493,0.029490897431969643
17494,0.05308659002184868
17495,0.672782301902771
17496,0.015407659113407135
17497,0.004527249839156866
17498,0.015191624872386456
17499,0.018767638131976128
17500,0.020827578380703926
17501,0.05522964522242546
17502,0.030574148520827293
17503,0.014813863672316074
17504,0.002932413248345256
17505,0.007650477346032858
17506,0.03845459967851639
17507,0.3743991255760193
17508,0.02096863090991974
17509,0.006074135657399893
17510,0.004766998812556267
17511,0.04830358549952507
17512,0.17827042937278748
17513,0.06793294847011566
17514,0.06717658787965775
17515,0.042004045099020004
17516,0.019055619835853577
17517,0.20608803629875183
17518,0.021995805203914642
17519,0.5664456486701965
17520,0.09260446578264236
17521,0.005719042848795652
17522,0.3526875674724579
17523,0.003297671675682068
17524,0.022799065336585045
17525,0.039620935916900635
17526,0.24185201525688171
17527,0.10134631395339966
17528,0.037893909960985184
17529,0.23342184722423553
17530,0.06754191219806671
17531,0.012491834349930286
17532,0.06550874561071396
17533,0.012491834349930286
17534,0.018133530393242836
17535,0.07500440627336502
17536,0.01902446150779724
17537,0.07948238402605057
17538,0.8852513432502747
17539,0.2315775603055954
17540,0.0051729800179600716
17541,0.1786249876022339
17542,0.0185089148581028
17543,0.012491834349930286
17544,0.012491834349930286
17545,0.012491834349930286
17546,0.29239898920059204
17547,0.11886341869831085
17548,0.012491834349930286
17549,0.04007886350154877
17550,0.07687719166278839
17551,0.0013009004760533571
17552,0.09665786474943161
17553,0.015327787026762962
17554,0.06538756936788559
17555,0.15485462546348572
17556,0.004201553296297789
17557,0.022617923095822334
17558,0.00550248846411705
17559,0.13743551075458527
17560,0.004201553296297789
17561,0.026860816404223442
17562,0.31769633293151855
17563,0.08258510380983353
17564,0.04007886350154877
17565,0.03626853600144386
17566,0.05278991907835007
17567,0.10434935241937637
17568,0.022587895393371582
17569,0.08236969262361526
17570,0.0079222796484828
17571,0.005953636486083269
17572,0.019560914486646652
17573,0.2810460925102234
17574,0.09350719302892685
17575,0.021427415311336517
17576,0.13541561365127563
17577,0.006307161413133144
17578,0.3909996449947357
17579,0.1464104801416397
17580,0.011682950891554356
17581,0.14957556128501892
17582,0.07880187779664993
17583,0.25944390892982483
17584,0.06229044124484062
17585,0.9238085150718689
17586,0.7536153197288513
17587,0.018276607617735863
17588,0.015763824805617332
17589,0.06583908945322037
17590,0.004995051305741072
17591,0.04612540453672409
17592,0.03697287663817406
17593,0.9480971097946167
17594,0.024729473516345024
17595,0.08516901731491089
17596,0.19818702340126038
17597,0.9693174362182617
17598,0.29400187730789185
17599,0.29400187730789185
17600,0.013189378194510937
17601,0.2289033979177475
17602,0.009670477360486984
17603,0.01625998504459858
17604,0.76567542552948
17605,0.03630479425191879
17606,0.06097080931067467
17607,0.020678969100117683
17608,0.003546294290572405
17609,0.003546294290572405
17610,0.003050317754969001
17611,0.005253381095826626
17612,0.003546294290572405
17613,0.012285599485039711
17614,0.003546294290572405
17615,0.0942431092262268
17616,0.007522829342633486
17617,0.008196743205189705
17618,0.00442120898514986
17619,0.01344322133809328
17620,0.05169648304581642
17621,0.004646033979952335
17622,0.008696704171597958
17623,0.0972820371389389
17624,0.8579914569854736
17625,0.7195201516151428
17626,0.03932623937726021
17627,0.019106781110167503
17628,0.09899871796369553
17629,0.003546294290572405
17630,0.03937091678380966
17631,0.1188649833202362
17632,0.020154356956481934
17633,0.0407307930290699
17634,0.03581145405769348
17635,0.05574651062488556
17636,0.005407876800745726
17637,0.05260475352406502
17638,0.02024844102561474
17639,0.00729095796123147
17640,0.0016631148755550385
17641,0.0031923174392431974
17642,0.00729095796123147
17643,0.009996393695473671
17644,0.03494681790471077
17645,0.34643757343292236
17646,0.1357947289943695
17647,0.0043281144462525845
17648,0.009084376506507397
17649,0.126897394657135
17650,0.962846577167511
17651,0.1029563695192337
17652,0.0043281144462525845
17653,0.0043281144462525845
17654,0.052966441959142685
17655,0.1809615045785904
17656,0.032120510935783386
17657,0.21974705159664154
17658,0.03228238970041275
17659,0.004343604668974876
17660,0.0017499560490250587
17661,0.09980132430791855
17662,0.0048111905343830585
17663,0.22427454590797424
17664,0.004432458430528641
17665,0.41790738701820374
17666,0.014414403587579727
17667,0.020823640748858452
17668,0.15456455945968628
17669,0.017320917919278145
17670,0.03651600331068039
17671,0.006327413953840733
17672,0.011863663792610168
17673,0.07816652208566666
17674,0.3172195255756378
17675,0.11229861527681351
17676,0.0699462816119194
17677,0.13051170110702515
17678,0.3703954517841339
17679,0.02356214076280594
17680,0.05958317965269089
17681,0.004850235767662525
17682,0.0016832277178764343
17683,0.006465532351285219
17684,0.006726801861077547
17685,0.13589094579219818
17686,0.6483414173126221
17687,0.01911245658993721
17688,0.013646818697452545
17689,0.06301604956388474
17690,0.04050799831748009
17691,0.06430156528949738
17692,0.013997860252857208
17693,0.0789426863193512
17694,0.004838452208787203
17695,0.16195914149284363
17696,0.06151168420910835
17697,0.1254683881998062
17698,0.1383645087480545
17699,0.0032554762437939644
17700,0.13638323545455933
17701,0.055769480764865875
17702,0.9824463129043579
17703,0.023464923724532127
17704,0.013492841273546219
17705,0.07204282283782959
17706,0.025450194254517555
17707,0.0666356012225151
17708,0.009237428195774555
17709,0.06163201108574867
17710,0.11550338566303253
17711,0.0242313202470541
17712,0.005335241090506315
17713,0.07636181265115738
17714,0.029669824987649918
17715,0.31369590759277344
17716,0.11574261635541916
17717,0.008474278263747692
17718,0.0638345330953598
17719,0.009975297376513481
17720,0.10665999352931976
17721,0.06408872455358505
17722,0.025478653609752655
17723,0.047185108065605164
17724,0.1283753663301468
17725,0.03928227350115776
17726,0.007399844005703926
17727,0.13279081881046295
17728,0.12721779942512512
17729,0.005595154594630003
17730,0.0047365399077534676
17731,0.004796063527464867
17732,0.048399269580841064
17733,0.013630859553813934
17734,0.03591648489236832
17735,0.14439091086387634
17736,0.013437677174806595
17737,0.3419003188610077
17738,0.020496120676398277
17739,0.08159331232309341
17740,0.007286987267434597
17741,0.05247550457715988
17742,0.005208201706409454
17743,0.012643847614526749
17744,0.09089106321334839
17745,0.016754284501075745
17746,0.01939498260617256
17747,0.03981262817978859
17748,0.006338122766464949
17749,0.8493932485580444
17750,0.01939498260617256
17751,0.015299039892852306
17752,0.03919206187129021
17753,0.014632849022746086
17754,0.06377710402011871
17755,0.008416908793151379
17756,0.01473547238856554
17757,0.08961625397205353
17758,0.03638286143541336
17759,0.0642157569527626
17760,0.012976828031241894
17761,0.1725722998380661
17762,0.08973795175552368
17763,0.0014864737167954445
17764,0.015241934917867184
17765,0.0014864737167954445
17766,0.0014864737167954445
17767,0.015241934917867184
17768,0.0014864737167954445
17769,0.0014864737167954445
17770,0.0014864737167954445
17771,0.0014864737167954445
17772,0.0642157569527626
17773,0.03526335954666138
17774,0.5892273187637329
17775,0.036410026252269745
17776,0.018521487712860107
17777,0.11168122291564941
17778,0.6081072092056274
17779,0.03452957049012184
17780,0.005236061755567789
17781,0.006533261388540268
17782,0.017912227660417557
17783,0.009518285281956196
17784,0.28520944714546204
17785,0.10879747569561005
17786,0.012751796282827854
17787,0.01969207637012005
17788,0.07408862560987473
17789,0.4711979031562805
17790,0.007508150301873684
17791,0.12772977352142334
17792,0.010843317024409771
17793,0.045772992074489594
17794,0.023690098896622658
17795,0.0678367018699646
17796,0.0018744039116427302
17797,0.07945184409618378
17798,0.027365585789084435
17799,0.03513278439640999
17800,0.026077378541231155
17801,0.024462630972266197
17802,0.033309657126665115
17803,0.052468203008174896
17804,0.2172580510377884
17805,0.02997538447380066
17806,0.02354566939175129
17807,0.6091963648796082
17808,0.00823779683560133
17809,0.02989662066102028
17810,0.01582251861691475
17811,0.03290387988090515
17812,0.0037714948412030935
17813,0.036452628672122955
17814,0.0038495552726089954
17815,0.02599906735122204
17816,0.006436977535486221
17817,0.0036406954750418663
17818,0.027100281789898872
17819,0.008204515092074871
17820,0.005732792429625988
17821,0.048789385706186295
17822,0.2802107334136963
17823,0.9482651948928833
17824,0.00647945050150156
17825,0.006017897743731737
17826,0.013315853662788868
17827,0.011328762397170067
17828,0.01810024306178093
17829,0.16015788912773132
17830,0.04141663387417793
17831,0.016476912423968315
17832,0.06824260205030441
17833,0.01338738203048706
17834,0.11917997151613235
17835,0.004746841732412577
17836,0.22082480788230896
17837,0.009262077510356903
17838,0.025879040360450745
17839,0.0017862225649878383
17840,0.003680858528241515
17841,0.0025606746785342693
17842,0.0025606746785342693
17843,0.0025606746785342693
17844,0.002561406698077917
17845,0.004748195875436068
17846,0.004778577480465174
17847,0.009011711925268173
17848,0.002561406698077917
17849,0.03843448683619499
17850,0.003860269207507372
17851,0.0025606746785342693
17852,0.0025606746785342693
17853,0.003751876065507531
17854,0.05530387535691261
17855,0.003992630634456873
17856,0.00728770112618804
17857,0.003989571239799261
17858,0.0026055448688566685
17859,0.01611560955643654
17860,0.06445179879665375
17861,0.05375866964459419
17862,0.011092090979218483
17863,0.0018383782589808106
17864,0.09573283791542053
17865,0.0018383782589808106
17866,0.0018383782589808106
17867,0.0018383782589808106
17868,0.0038950040470808744
17869,0.0018383782589808106
17870,0.0018383782589808106
17871,0.02427622675895691
17872,0.0018383782589808106
17873,0.05265728384256363
17874,0.0018383782589808106
17875,0.09900278598070145
17876,0.034242257475852966
17877,0.00963025912642479
17878,0.028926033526659012
17879,0.0057897246442735195
17880,0.014132031239569187
17881,0.10521610081195831
17882,0.003630701219663024
17883,0.09638019651174545
17884,0.10513729602098465
17885,0.9448487162590027
17886,0.003630701219663024
17887,0.012595257721841335
17888,0.07744146138429642
17889,0.923241138458252
17890,0.08398417383432388
17891,0.10914091020822525
17892,0.011073115281760693
17893,0.019649436697363853
17894,0.0340997651219368
17895,0.003509668167680502
17896,0.734916627407074
17897,0.016352679580450058
17898,0.8566975593566895
17899,0.02641643024981022
17900,0.15549688041210175
17901,0.07762020081281662
17902,0.85379958152771
17903,0.02362222410738468
17904,0.005312867928296328
17905,0.033423714339733124
17906,0.06947458535432816
17907,0.02049201913177967
17908,0.024217331781983376
17909,0.009891056455671787
17910,0.06696475297212601
17911,0.013659180141985416
17912,0.005665479227900505
17913,0.04165590927004814
17914,0.025810832157731056
17915,0.01316379476338625
17916,0.010753581300377846
17917,0.010753581300377846
17918,0.041464727371931076
17919,0.010753581300377846
17920,0.003965666517615318
17921,0.019050071015954018
17922,0.05858054757118225
17923,0.08433476090431213
17924,0.08433476090431213
17925,0.08433476090431213
17926,0.029825616627931595
17927,0.010753581300377846
17928,0.007048170082271099
17929,0.0049874186515808105
17930,0.005131298676133156
17931,0.00728770112618804
17932,0.007753673009574413
17933,0.011043490841984749
17934,0.11713626980781555
17935,0.34844091534614563
17936,0.005327728111296892
17937,0.016677256673574448
17938,0.0027870540507137775
17939,0.05507966876029968
17940,0.005135346204042435
17941,0.017640942707657814
17942,0.017342837527394295
17943,0.06771434843540192
17944,0.024662790820002556
17945,0.0025484615471214056
17946,0.002119476906955242
17947,0.005811057519167662
17948,0.02606913447380066
17949,0.035126667469739914
17950,0.11850672960281372
17951,0.024959523230791092
17952,0.1650310903787613
17953,0.017888907343149185
17954,0.017888907343149185
17955,0.012357265688478947
17956,0.036155395209789276
17957,0.3791513442993164
17958,0.010262182913720608
17959,0.0068983412347733974
17960,0.0068983412347733974
17961,0.0068983412347733974
17962,0.007989805191755295
17963,0.06139743700623512
17964,0.013740375638008118
17965,0.007064132485538721
17966,0.29068228602409363
17967,0.28942716121673584
17968,0.01874355413019657
17969,0.01748642325401306
17970,0.45290908217430115
17971,0.0480244979262352
17972,0.009862784296274185
17973,0.012035934254527092
17974,0.0580032616853714
17975,0.06337865442037582
17976,0.03709467500448227
17977,0.04384132847189903
17978,0.010971243493258953
17979,0.006416403688490391
17980,0.01955842599272728
17981,0.010971243493258953
17982,0.010971243493258953
17983,0.019506782293319702
17984,0.0060315984301269054
17985,0.00721119437366724
17986,0.006928072776645422
17987,0.015318864025175571
17988,0.030778031796216965
17989,0.16669557988643646
17990,0.034647416323423386
17991,0.04190744459629059
17992,0.07657381147146225
17993,0.06650042533874512
17994,0.008052277378737926
17995,0.015767257660627365
17996,0.03838571161031723
17997,0.060531992465257645
17998,0.01575290970504284
17999,0.01359334122389555
18000,0.0012342811096459627
18001,0.008780183270573616
18002,0.007326089311391115
18003,0.005006114020943642
18004,0.006139349192380905
18005,0.09425648301839828
18006,0.01825350522994995
18007,0.12419186532497406
18008,0.028836246579885483
18009,0.0058050877414643764
18010,0.021665846928954124
18011,0.02948679029941559
18012,0.03963237628340721
18013,0.13425230979919434
18014,0.028614956885576248
18015,0.9367676377296448
18016,0.023063454777002335
18017,0.014586285687983036
18018,0.013996786437928677
18019,0.013511508703231812
18020,0.022727498784661293
18021,0.02557435631752014
18022,0.016250750049948692
18023,0.03753841295838356
18024,0.2373504340648651
18025,0.01435049343854189
18026,0.05734339356422424
18027,0.009326194413006306
18028,0.010798958130180836
18029,0.1064373329281807
18030,0.019460786134004593
18031,0.0037145463284105062
18032,0.04158145934343338
18033,0.011343694292008877
18034,0.015651170164346695
18035,0.005401579197496176
18036,0.03736978396773338
18037,0.006740834563970566
18038,0.005630540195852518
18039,0.05101534351706505
18040,0.1478821337223053
18041,0.07019548118114471
18042,0.030533483251929283
18043,0.02521301619708538
18044,0.014014731161296368
18045,0.008654288947582245
18046,0.03843705728650093
18047,0.01267436146736145
18048,0.013445264659821987
18049,0.0034815724939107895
18050,0.017622772604227066
18051,0.017185542732477188
18052,0.05187319219112396
18053,0.00656733475625515
18054,0.005290771368891001
18055,0.01939951814711094
18056,0.005093246698379517
18057,0.007551210001111031
18058,0.05382423475384712
18059,0.04166816920042038
18060,0.025025101378560066
18061,0.024594789370894432
18062,0.042952392250299454
18063,0.13809439539909363
18064,0.05463917925953865
18065,0.01670815795660019
18066,0.09622707217931747
18067,0.22361935675144196
18068,0.19386090338230133
18069,0.05090879648923874
18070,0.012393842451274395
18071,0.3304331600666046
18072,0.057995330542325974
18073,0.022533107548952103
18074,0.005308694206178188
18075,0.07748247683048248
18076,0.023823561146855354
18077,0.11758879572153091
18078,0.08277979493141174
18079,0.2971085011959076
18080,0.740275502204895
18081,0.08595861494541168
18082,0.08292283117771149
18083,0.024003412574529648
18084,0.024003412574529648
18085,0.013873410411179066
18086,0.11118047684431076
18087,0.014102257788181305
18088,0.0050907316617667675
18089,0.024003412574529648
18090,0.18833357095718384
18091,0.2232040911912918
18092,0.06392481923103333
18093,0.0049586608074605465
18094,0.014011153019964695
18095,0.012407437898218632
18096,0.0742422342300415
18097,0.006703173741698265
18098,0.007331587839871645
18099,0.06888929754495621
18100,0.8082239627838135
18101,0.11030735820531845
18102,0.17742788791656494
18103,0.34544938802719116
18104,0.051300518214702606
18105,0.09327635914087296
18106,0.004380481317639351
18107,0.005556974560022354
18108,0.09651333838701248
18109,0.05114780738949776
18110,0.014325546100735664
18111,0.053011149168014526
18112,0.12004993110895157
18113,0.059709664434194565
18114,0.007345475256443024
18115,0.025726234540343285
18116,0.09630665928125381
18117,0.01604270562529564
18118,0.01931140571832657
18119,0.01931140571832657
18120,0.08886633813381195
18121,0.01931140571832657
18122,0.01931140571832657
18123,0.01931140571832657
18124,0.04741327092051506
18125,0.0129008200019598
18126,0.010163549333810806
18127,0.019877290353178978
18128,0.3411332964897156
18129,0.008988686837255955
18130,0.05752403661608696
18131,0.05587282404303551
18132,0.029741505160927773
18133,0.5723683834075928
18134,0.1260058879852295
18135,0.052142973989248276
18136,0.002114810748025775
18137,0.03508111461997032
18138,0.002114810748025775
18139,0.15886111557483673
18140,0.01896829716861248
18141,0.008350260555744171
18142,0.5296533107757568
18143,0.006138487718999386
18144,0.036596063524484634
18145,0.03508111461997032
18146,0.4035399556159973
18147,0.0805276408791542
18148,0.45646077394485474
18149,0.05494103953242302
18150,0.16779674589633942
18151,0.008493326604366302
18152,0.011070692911744118
18153,0.0895242691040039
18154,0.005352270323783159
18155,0.06609054654836655
18156,0.021801194176077843
18157,0.2578454315662384
18158,0.013549658469855785
18159,0.17314131557941437
18160,0.021543238312005997
18161,0.014083351008594036
18162,0.016651464626193047
18163,0.021801194176077843
18164,0.011061920784413815
18165,0.005651300307363272
18166,0.0017630374059081078
18167,0.061796676367521286
18168,0.0629417896270752
18169,0.02532595582306385
18170,0.23450253903865814
18171,0.05715671181678772
18172,0.0457620732486248
18173,0.0482507161796093
18174,0.062103256583213806
18175,0.0498020313680172
18176,0.004045248497277498
18177,0.012163911946117878
18178,0.02125529758632183
18179,0.3751817047595978
18180,0.1420016586780548
18181,0.0068015470169484615
18182,0.017793701961636543
18183,0.09443216770887375
18184,0.09814506024122238
18185,0.015288404189050198
18186,0.020693819969892502
18187,0.004349428229033947
18188,0.017285767942667007
18189,0.9605615735054016
18190,0.053917720913887024
18191,0.030257435515522957
18192,0.10339664667844772
18193,0.8408520221710205
18194,0.023670140653848648
18195,0.0313306525349617
18196,0.004238605499267578
18197,0.2393406480550766
18198,0.021833769977092743
18199,0.7161324620246887
18200,0.017560718581080437
18201,0.054026491940021515
18202,0.9297821521759033
18203,0.015948312357068062
18204,0.14059780538082123
18205,0.30560097098350525
18206,0.025891149416565895
18207,0.005902806296944618
18208,0.05336894094944
18209,0.12596777081489563
18210,0.12678399682044983
18211,0.0426287017762661
18212,0.03276284039020538
18213,0.004432395100593567
18214,0.12604831159114838
18215,0.01572900265455246
18216,0.29810819029808044
18217,0.1854175627231598
18218,0.014039494097232819
18219,0.03504878282546997
18220,0.047808948904275894
18221,0.013243724592030048
18222,0.013357033021748066
18223,0.00365325715392828
18224,0.008824278600513935
18225,0.00365325715392828
18226,0.00365325715392828
18227,0.0042613293044269085
18228,0.00365325715392828
18229,0.00365325715392828
18230,0.003333405591547489
18231,0.004957009106874466
18232,0.0042613293044269085
18233,0.00365325715392828
18234,0.0042613293044269085
18235,0.0042613293044269085
18236,0.00365325715392828
18237,0.00365325715392828
18238,0.00365325715392828
18239,0.008564604446291924
18240,0.015498882159590721
18241,0.015164125710725784
18242,0.26526880264282227
18243,0.42206695675849915
18244,0.03303249925374985
18245,0.08673348277807236
18246,0.07091712951660156
18247,0.6403343081474304
18248,0.39643487334251404
18249,0.09690085053443909
18250,0.18394671380519867
18251,0.07237168401479721
18252,0.9697195291519165
18253,0.4255346953868866
18254,0.7439572811126709
18255,0.006137955468147993
18256,0.04423850029706955
18257,0.0678405836224556
18258,0.06412848830223083
18259,0.030359314754605293
18260,0.051151856780052185
18261,0.4142259359359741
18262,0.04194260388612747
18263,0.01607413962483406
18264,0.31711894273757935
18265,0.0066558727994561195
18266,0.09061527997255325
18267,0.02056279219686985
18268,0.02056279219686985
18269,0.8807644248008728
18270,0.014810086227953434
18271,0.010042873211205006
18272,0.9240624904632568
18273,0.15708355605602264
18274,0.13638976216316223
18275,0.025755012407898903
18276,0.12459155917167664
18277,0.004810227546840906
18278,0.003625378245487809
18279,0.0490155927836895
18280,0.007137661334127188
18281,0.00800575502216816
18282,0.025851504877209663
18283,0.12459155917167664
18284,0.06753325462341309
18285,0.03366899490356445
18286,0.022211411967873573
18287,0.1516985148191452
18288,0.06739506125450134
18289,0.022211411967873573
18290,0.021558843553066254
18291,0.005812901072204113
18292,0.6678699254989624
18293,0.044576115906238556
18294,0.047640975564718246
18295,0.058289747685194016
18296,0.16584807634353638
18297,0.022456860169768333
18298,0.026917017996311188
18299,0.027938971295952797
18300,0.017699070274829865
18301,0.008961123414337635
18302,0.002432927954941988
18303,0.00783426221460104
18304,0.48656728863716125
18305,0.038544777780771255
18306,0.006049210671335459
18307,0.011633881367743015
18308,0.15535937249660492
18309,0.007620824035257101
18310,0.03821587562561035
18311,0.08741200715303421
18312,0.0668352022767067
18313,0.002799713984131813
18314,0.0668477714061737
18315,0.003657159162685275
18316,0.028972722589969635
18317,0.006402674131095409
18318,0.008131070993840694
18319,0.006402674131095409
18320,0.006402674131095409
18321,0.029468782246112823
18322,0.006402674131095409
18323,0.006402674131095409
18324,0.0459400974214077
18325,0.046660423278808594
18326,0.006402674131095409
18327,0.03940913826227188
18328,0.006402674131095409
18329,0.006402674131095409
18330,0.006402674131095409
18331,0.006402674131095409
18332,0.006402674131095409
18333,0.006402674131095409
18334,0.00476065743714571
18335,0.01906096376478672
18336,0.039269085973501205
18337,0.0339776910841465
18338,0.01728910580277443
18339,0.008776267059147358
18340,0.01544466707855463
18341,0.01728910580277443
18342,0.35456669330596924
18343,0.006402674131095409
18344,0.1584378331899643
18345,0.0922674611210823
18346,0.16520389914512634
18347,0.13260704278945923
18348,0.006402674131095409
18349,0.01813366636633873
18350,0.11966729909181595
18351,0.020526014268398285
18352,0.006402674131095409
18353,0.16404321789741516
18354,0.08725849539041519
18355,0.007445101626217365
18356,0.8825156688690186
18357,0.01749456860125065
18358,0.14467789232730865
18359,0.04009690135717392
18360,0.033169254660606384
18361,0.05440715327858925
18362,0.006375878117978573
18363,0.020603839308023453
18364,0.5382880568504333
18365,0.045606836676597595
18366,0.0037322931457310915
18367,0.045360859483480453
18368,0.9212988018989563
18369,0.05018974840641022
18370,0.8634442687034607
18371,0.04801907762885094
18372,0.11760000884532928
18373,0.31337398290634155
18374,0.0028973373118788004
18375,0.0028973373118788004
18376,0.0028973373118788004
18377,0.0028973373118788004
18378,0.076519675552845
18379,0.0028973373118788004
18380,0.0028973373118788004
18381,0.0028973373118788004
18382,0.0028973373118788004
18383,0.0028973373118788004
18384,0.0028973373118788004
18385,0.0028973373118788004
18386,0.0028973373118788004
18387,0.0028973373118788004
18388,0.0028973373118788004
18389,0.0028973373118788004
18390,0.0743623748421669
18391,0.08726835250854492
18392,0.08669736236333847
18393,0.0028973373118788004
18394,0.0028973373118788004
18395,0.13008703291416168
18396,0.0027884382288903
18397,0.20111684501171112
18398,0.010302653536200523
18399,0.05522109940648079
18400,0.7428700923919678
18401,0.07015117257833481
18402,0.014771598391234875
18403,0.043838731944561005
18404,0.003676936263218522
18405,0.017349403351545334
18406,0.003676936263218522
18407,0.024381836876273155
18408,0.003603945719078183
18409,0.005152014084160328
18410,0.014209368266165257
18411,0.25241273641586304
18412,0.29548048973083496
18413,0.06605691462755203
18414,0.04445957392454147
18415,0.10367188602685928
18416,0.3822634816169739
18417,0.02807253785431385
18418,0.22103042900562286
18419,0.207849383354187
18420,0.014906294643878937
18421,0.03346598893404007
18422,0.13979661464691162
18423,0.31754645705223083
18424,0.06360036879777908
18425,0.04812999814748764
18426,0.8158223032951355
18427,0.8963934779167175
18428,0.022688835859298706
18429,0.09006882458925247
18430,0.027216318994760513
18431,0.021026616916060448
18432,0.020558394491672516
18433,0.01061160210520029
18434,0.44884538650512695
18435,0.23919132351875305
18436,0.8158223032951355
18437,0.020961638540029526
18438,0.07264820486307144
18439,0.1932772547006607
18440,0.04109907150268555
18441,0.012625234201550484
18442,0.004740227945148945
18443,0.012625234201550484
18444,0.027957160025835037
18445,0.08464102447032928
18446,0.12707172334194183
18447,0.011974647641181946
18448,0.03522856906056404
18449,0.2971085011959076
18450,0.260786771774292
18451,0.008277302607893944
18452,0.009955035522580147
18453,0.13723322749137878
18454,0.10521741956472397
18455,0.06351347267627716
18456,0.05974749103188515
18457,0.05974749103188515
18458,0.04415789246559143
18459,0.011087981052696705
18460,0.01447864156216383
18461,0.05962250754237175
18462,0.0186903178691864
18463,0.17627234756946564
18464,0.02066689170897007
18465,0.011440142057836056
18466,0.010542323812842369
18467,0.008447723463177681
18468,0.07404725253582001
18469,0.009183505550026894
18470,0.04398355633020401
18471,0.8725991249084473
18472,0.017050478607416153
18473,0.020713577046990395
18474,0.09699003398418427
18475,0.007783263921737671
18476,0.32715359330177307
18477,0.12741224467754364
18478,0.00558038055896759
18479,0.007520386949181557
18480,0.1295929104089737
18481,0.05233914405107498
18482,0.040146924555301666
18483,0.031819894909858704
18484,0.10689957439899445
18485,0.05378614738583565
18486,0.029102031141519547
18487,0.04444960504770279
18488,0.04283592477440834
18489,0.009333642199635506
18490,0.032272111624479294
18491,0.04931323975324631
18492,0.00789593905210495
18493,0.008583975955843925
18494,0.015061859041452408
18495,0.058100927621126175
18496,0.013928845524787903
18497,0.037610601633787155
18498,0.004571756813675165
18499,0.01409557182341814
18500,0.005689393728971481
18501,0.005902506876736879
18502,0.015927139669656754
18503,0.07108493894338608
18504,0.29713374376296997
18505,0.00891122780740261
18506,0.11932004988193512
18507,0.09543046355247498
18508,0.13600745797157288
18509,0.08377965539693832
18510,0.016536099836230278
18511,0.04017047584056854
18512,0.0267174169421196
18513,0.0048432969488203526
18514,0.17112846672534943
18515,0.0413292720913887
18516,0.004355765879154205
18517,0.07972213625907898
18518,0.011818387545645237
18519,0.04078186675906181
18520,0.013859384693205357
18521,0.014678454026579857
18522,0.036100730299949646
18523,0.21624907851219177
18524,0.008164450526237488
18525,0.00891122780740261
18526,0.016940226778388023
18527,0.08154077082872391
18528,0.2027495801448822
18529,0.041764140129089355
18530,0.029172133654356003
18531,0.034993816167116165
18532,0.07140401005744934
18533,0.03365834057331085
18534,0.20489199459552765
18535,0.04139990359544754
18536,0.004635667894035578
18537,0.03749731183052063
18538,0.0067007169127464294
18539,0.10651895403862
18540,0.010530075058341026
18541,0.009122227318584919
18542,0.04249100759625435
18543,0.01344634685665369
18544,0.0029587452299892902
18545,0.017989426851272583
18546,0.014648361131548882
18547,0.014188538305461407
18548,0.022198712453246117
18549,0.037043944001197815
18550,0.014816364273428917
18551,0.08396163582801819
18552,0.017020208761096
18553,0.009155483916401863
18554,0.005852759350091219
18555,0.010153384879231453
18556,0.009184581227600574
18557,0.09102588146924973
18558,0.008909711614251137
18559,0.0061682905070483685
18560,0.05960019305348396
18561,0.05238863453269005
18562,0.035536665469408035
18563,0.8923848867416382
18564,0.009851223789155483
18565,0.009851223789155483
18566,0.009851223789155483
18567,0.009851223789155483
18568,0.009851223789155483
18569,0.007245291955769062
18570,0.002871450502425432
18571,0.007245291955769062
18572,0.015010207891464233
18573,0.009111113846302032
18574,0.014741144143044949
18575,0.12869539856910706
18576,0.010945063084363937
18577,0.014816364273428917
18578,0.02479804866015911
18579,0.01839219592511654
18580,0.05518869310617447
18581,0.014028100296854973
18582,0.014028100296854973
18583,0.08248401433229446
18584,0.3457518517971039
18585,0.036704763770103455
18586,0.027314292266964912
18587,0.01769336871802807
18588,0.5674660801887512
18589,0.039809539914131165
18590,0.026468224823474884
18591,0.0052189771085977554
18592,0.049070265144109726
18593,0.06400196254253387
18594,0.00931024644523859
18595,0.08563341945409775
18596,0.013215114362537861
18597,0.011376908980309963
18598,0.0038656543474644423
18599,0.001694430597126484
18600,0.06157660856842995
18601,0.004278305917978287
18602,0.056298378854990005
18603,0.09001675993204117
18604,0.005272768437862396
18605,0.07014109939336777
18606,0.04000266268849373
18607,0.0981195867061615
18608,0.012752978131175041
18609,0.3500659763813019
18610,0.004077214282006025
18611,0.042725902050733566
18612,0.056663986295461655
18613,0.0212645772844553
18614,0.015283129177987576
18615,0.05916155129671097
18616,0.9049140810966492
18617,0.029493333771824837
18618,0.029743218794465065
18619,0.005941410083323717
18620,0.07309865206480026
18621,0.041694216430187225
18622,0.07276823371648788
18623,0.13892802596092224
18624,0.06219394505023956
18625,0.21578818559646606
18626,0.014315511099994183
18627,0.12303289026021957
18628,0.0756659284234047
18629,0.007352759595960379
18630,0.0038553106132894754
18631,0.1238696277141571
18632,0.3420652747154236
18633,0.014145735651254654
18634,0.034300487488508224
18635,0.04735346883535385
18636,0.15908585488796234
18637,0.01944306120276451
18638,0.032432958483695984
18639,0.009150034748017788
18640,0.1509057879447937
18641,0.04969029501080513
18642,0.15805506706237793
18643,0.03622548282146454
18644,0.017328353598713875
18645,0.004677067510783672
18646,0.007371315732598305
18647,0.03116164728999138
18648,0.014074011705815792
18649,0.0034491131082177162
18650,0.04961521923542023
18651,0.03390417620539665
18652,0.02930435724556446
18653,0.005430025048553944
18654,0.163888081908226
18655,0.06256198137998581
18656,0.0842239186167717
18657,0.020553268492221832
18658,0.04920634254813194
18659,0.009755833074450493
18660,0.008494981564581394
18661,0.0051299892365932465
18662,0.08387713879346848
18663,0.008248562924563885
18664,0.06959804147481918
18665,0.12517744302749634
18666,0.12517744302749634
18667,0.02852504514157772
18668,0.12517744302749634
18669,0.04964791610836983
18670,0.12517744302749634
18671,0.0366332083940506
18672,0.003755017649382353
18673,0.12351777404546738
18674,0.06878872960805893
18675,0.008248562924563885
18676,0.12351777404546738
18677,0.03713240474462509
18678,0.008248562924563885
18679,0.08728682994842529
18680,0.008248562924563885
18681,0.008248562924563885
18682,0.008248562924563885
18683,0.004873962607234716
18684,0.008248562924563885
18685,0.05241209641098976
18686,0.010012819431722164
18687,0.018047291785478592
18688,0.0022677548695355654
18689,0.060093291103839874
18690,0.0366332083940506
18691,0.0037563377991318703
18692,0.03123626671731472
18693,0.020181145519018173
18694,0.03123626671731472
18695,0.9742030501365662
18696,0.05854098126292229
18697,0.03620326519012451
18698,0.022638319060206413
18699,0.06667094677686691
18700,0.003659547306597233
18701,0.046949319541454315
18702,0.004643430467694998
18703,0.02664554864168167
18704,0.07896021008491516
18705,0.01620626263320446
18706,0.030190570279955864
18707,0.030190570279955864
18708,0.01834839954972267
18709,0.044797200709581375
18710,0.010109899565577507
18711,0.0806112289428711
18712,0.030190570279955864
18713,0.06983381509780884
18714,0.05583735927939415
18715,0.08069776743650436
18716,0.006563655566424131
18717,0.022641833871603012
18718,0.01545669510960579
18719,0.02048896625638008
18720,0.07027988880872726
18721,0.1605151742696762
18722,0.006322663277387619
18723,0.011146945878863335
18724,0.04055795446038246
18725,0.04055795446038246
18726,0.04055795446038246
18727,0.0039279283955693245
18728,0.00997874978929758
18729,0.04625336080789566
18730,0.0421147458255291
18731,0.020474029704928398
18732,0.016609953716397285
18733,0.015658238902688026
18734,0.04522567242383957
18735,0.020559757947921753
18736,0.007823376916348934
18737,0.04957238584756851
18738,0.023813581094145775
18739,0.020474029704928398
18740,0.0035155750811100006
18741,0.013069812208414078
18742,0.0571364164352417
18743,0.005413779057562351
18744,0.003935893066227436
18745,0.12677253782749176
18746,0.0153046865016222
18747,0.058915622532367706
18748,0.02638002671301365
18749,0.04431069642305374
18750,0.005402931943535805
18751,0.0068528358824551105
18752,0.07628180831670761
18753,0.0034507201053202152
18754,0.026367897167801857
18755,0.004493420012295246
18756,0.032072849571704865
18757,0.028314558789134026
18758,0.04052012041211128
18759,0.0068528358824551105
18760,0.10429660230875015
18761,0.0918249562382698
18762,0.04121499881148338
18763,0.04209049418568611
18764,0.03054748848080635
18765,0.01647162064909935
18766,0.05456525832414627
18767,0.05360693484544754
18768,0.07979902625083923
18769,0.01820567063987255
18770,0.09383461624383926
18771,0.009378385730087757
18772,0.031183185055851936
18773,0.016095133498311043
18774,0.021760951727628708
18775,0.006960086524486542
18776,0.06862765550613403
18777,0.02950742281973362
18778,0.02375398948788643
18779,0.016686784103512764
18780,0.042625412344932556
18781,0.10848343372344971
18782,0.07568688690662384
18783,0.01679498329758644
18784,0.04443620890378952
18785,0.03933953121304512
18786,0.015390842221677303
18787,0.0038959993980824947
18788,0.061900097876787186
18789,0.9561375975608826
18790,0.19235071539878845
18791,0.03396891430020332
18792,0.02965795248746872
18793,0.05095960944890976
18794,0.006182296201586723
18795,0.16083848476409912
18796,0.031775783747434616
18797,0.004597452003508806
18798,0.010180016979575157
18799,0.00407214043661952
18800,0.00407214043661952
18801,0.00407214043661952
18802,0.004071875475347042
18803,0.004071875475347042
18804,0.004071875475347042
18805,0.7987293601036072
18806,0.11165925860404968
18807,0.012704836204648018
18808,0.0041268933564424515
18809,0.0041967760771512985
18810,0.002678022952750325
18811,0.380635529756546
18812,0.06496793031692505
18813,0.010677178390324116
18814,0.015834560617804527
18815,0.015834560617804527
18816,0.16497807204723358
18817,0.0736021175980568
18818,0.04437442496418953
18819,0.005897587165236473
18820,0.03291713073849678
18821,0.8649418354034424
18822,0.014426181092858315
18823,0.0052696531638503075
18824,0.01661948300898075
18825,0.058236390352249146
18826,0.0026792625430971384
18827,0.04220340773463249
18828,0.00942244753241539
18829,0.016117000952363014
18830,0.1296468824148178
18831,0.02813265658915043
18832,0.1296468824148178
18833,0.05153489112854004
18834,0.011191189289093018
18835,0.04137232154607773
18836,0.04698779061436653
18837,0.013852374628186226
18838,0.15063996613025665
18839,0.004363426007330418
18840,0.00876532681286335
18841,0.00876532681286335
18842,0.015310545451939106
18843,0.00876532681286335
18844,0.014202416874468327
18845,0.014202416874468327
18846,0.014202416874468327
18847,0.010875524021685123
18848,0.01168893277645111
18849,0.007555174175649881
18850,0.0637192577123642
18851,0.018520085141062737
18852,0.0037754958029836416
18853,0.06658055633306503
18854,0.025751303881406784
18855,0.09887140244245529
18856,0.05713289976119995
18857,0.049985114485025406
18858,0.36779746413230896
18859,0.028532378375530243
18860,0.030352460220456123
18861,0.04416870325803757
18862,0.30343014001846313
18863,0.07779243588447571
18864,0.8248942494392395
18865,0.0039127361960709095
18866,0.020559757947921753
18867,0.045325811952352524
18868,0.06208612397313118
18869,0.030251599848270416
18870,0.003160169580951333
18871,0.031786780804395676
18872,0.014490881003439426
18873,0.018358713015913963
18874,0.012460310943424702
18875,0.014738637022674084
18876,0.054926224052906036
18877,0.0057299151085317135
18878,0.0609440915286541
18879,0.02926909551024437
18880,0.009196405299007893
18881,0.030251599848270416
18882,0.014916632324457169
18883,0.09933269768953323
18884,0.0078066387213766575
18885,0.004043946508318186
18886,0.003766125999391079
18887,0.01574588008224964
18888,0.005948234815150499
18889,0.002776864217594266
18890,0.006805645767599344
18891,0.11044014245271683
18892,0.010462719947099686
18893,0.015035629272460938
18894,0.010858098044991493
18895,0.017907286062836647
18896,0.021015316247940063
18897,0.008286400698125362
18898,0.0076997592113912106
18899,0.13964813947677612
18900,0.0034077162854373455
18901,0.01754469983279705
18902,0.0034549201373010874
18903,0.005948234815150499
18904,0.0651620477437973
18905,0.0034549201373010874
18906,0.01754469983279705
18907,0.01754469983279705
18908,0.0049630505964159966
18909,0.0034549201373010874
18910,0.006499162875115871
18911,0.0651620477437973
18912,0.017914609983563423
18913,0.005948234815150499
18914,0.005852143280208111
18915,0.01754469983279705
18916,0.005948234815150499
18917,0.01754469983279705
18918,0.01754469983279705
18919,0.01754469983279705
18920,0.005948234815150499
18921,0.005072821397334337
18922,0.014142829924821854
18923,0.07095551490783691
18924,0.0033289585262537003
18925,0.0651620477437973
18926,0.005948234815150499
18927,0.005852143280208111
18928,0.0651620477437973
18929,0.0034549201373010874
18930,0.0651620477437973
18931,0.0651620477437973
18932,0.0034549201373010874
18933,0.014142829924821854
18934,0.007304547820240259
18935,0.04268428683280945
18936,0.2663988471031189
18937,0.008689743466675282
18938,0.049517493695020676
18939,0.0046814423985779285
18940,0.056935932487249374
18941,0.15403646230697632
18942,0.006068803835660219
18943,0.00765629019588232
18944,0.027570659294724464
18945,0.006339387036859989
18946,0.0066857123747467995
18947,0.0066857123747467995
18948,0.0066857123747467995
18949,0.009853614494204521
18950,0.08658681809902191
18951,0.04379471763968468
18952,0.02523157373070717
18953,0.02523157373070717
18954,0.1877262145280838
18955,0.046193014830350876
18956,0.18501204252243042
18957,0.9434477090835571
18958,0.007429101038724184
18959,0.007429101038724184
18960,0.04572627693414688
18961,0.04426401108503342
18962,0.004398410674184561
18963,0.2198750525712967
18964,0.009223146364092827
18965,0.0025351836811751127
18966,0.0025351836811751127
18967,0.0342710018157959
18968,0.06507831066846848
18969,0.004367785062640905
18970,0.03956404700875282
18971,0.03492051735520363
18972,0.017205098643898964
18973,0.015208604745566845
18974,0.015208604745566845
18975,0.015208604745566845
18976,0.015208604745566845
18977,0.015208604745566845
18978,0.011725018732249737
18979,0.015624254941940308
18980,0.06587875634431839
18981,0.10453997552394867
18982,0.813396692276001
18983,0.03660193830728531
18984,0.05926899239420891
18985,0.04169074818491936
18986,0.0017094420036301017
18987,0.0025351836811751127
18988,0.0025645140558481216
18989,0.08239404112100601
18990,0.00600789999589324
18991,0.009681373834609985
18992,0.004272987600415945
18993,0.08045661449432373
18994,0.016461726278066635
18995,0.013401061296463013
18996,0.07133149355649948
18997,0.006264503579586744
18998,0.12250807136297226
18999,0.019885336980223656
19000,0.12396425008773804
19001,0.039517562836408615
19002,0.005529241170734167
19003,0.10746123641729355
19004,0.29263195395469666
19005,0.020093051716685295
19006,0.009207582101225853
19007,0.05752786248922348
19008,0.008931498974561691
19009,0.008039630949497223
19010,0.05874699354171753
19011,0.05874699354171753
19012,0.18099944293498993
19013,0.020568594336509705
19014,0.034192319959402084
19015,0.013327398337423801
19016,0.0064150020480155945
19017,0.006119538098573685
19018,0.009287082590162754
19019,0.01395140029489994
19020,0.018633220344781876
19021,0.02528577297925949
19022,0.17701643705368042
19023,0.10259012132883072
19024,0.003569470951333642
19025,0.014746448956429958
19026,0.031174372881650925
19027,0.2663988471031189
19028,0.005682578310370445
19029,0.04257306829094887
19030,0.2525397539138794
19031,0.20778290927410126
19032,0.006102407351136208
19033,0.009830153547227383
19034,0.01859353668987751
19035,0.03846964240074158
19036,0.015775008127093315
19037,0.00557277537882328
19038,0.03389039635658264
19039,0.010015744715929031
19040,0.053346939384937286
19041,0.06102069839835167
19042,0.007080561015754938
19043,0.04863186553120613
19044,0.026223719120025635
19045,0.005530890543013811
19046,0.07214667648077011
19047,0.8893517851829529
19048,0.008972411043941975
19049,0.015520949847996235
19050,0.019807199016213417
19051,0.00789166335016489
19052,0.03945701941847801
19053,0.005225796718150377
19054,0.011776594445109367
19055,0.006971317809075117
19056,0.014736441895365715
19057,0.042062368243932724
19058,0.03084842674434185
19059,0.05004839226603508
19060,0.14891497790813446
19061,0.08756779879331589
19062,0.06556519865989685
19063,0.0711294636130333
19064,0.01509491540491581
19065,0.08466865867376328
19066,0.0711294636130333
19067,0.005230726674199104
19068,0.005230726674199104
19069,0.03992345184087753
19070,0.03558710217475891
19071,0.03992345184087753
19072,0.03992345184087753
19073,0.028852684423327446
19074,0.03441927954554558
19075,0.03375178202986717
19076,0.016112614423036575
19077,0.07479044795036316
19078,0.07479044795036316
19079,0.01284665334969759
19080,0.04307973012328148
19081,0.050208620727062225
19082,0.004498965106904507
19083,0.07903431355953217
19084,0.05703087896108627
19085,0.011809068731963634
19086,0.0042322245426476
19087,0.08085628598928452
19088,0.0730658695101738
19089,0.04628244787454605
19090,0.004957089200615883
19091,0.012528621591627598
19092,0.15987306833267212
19093,0.15987306833267212
19094,0.007718077395111322
19095,0.007718077395111322
19096,0.04628244787454605
19097,0.013550639152526855
19098,0.006767324171960354
19099,0.02455441839993
19100,0.012733961455523968
19101,0.047427091747522354
19102,0.010143914259970188
19103,0.004696343559771776
19104,0.01736624725162983
19105,0.15987306833267212
19106,0.004968214780092239
19107,0.004749394487589598
19108,0.046301428228616714
19109,0.15679414570331573
19110,0.009926765225827694
19111,0.08065368980169296
19112,0.10936973243951797
19113,0.17451098561286926
19114,0.04459935426712036
19115,0.07066573947668076
19116,0.023770924657583237
19117,0.02944004163146019
19118,0.1085490956902504
19119,0.20393922924995422
19120,0.0479961633682251
19121,0.06357336789369583
19122,0.003684248775243759
19123,0.079938605427742
19124,0.011218760162591934
19125,0.012319687753915787
19126,0.012319687753915787
19127,0.012319687753915787
19128,0.012319687753915787
19129,0.012319687753915787
19130,0.002704738173633814
19131,0.0037103360518813133
19132,0.012319687753915787
19133,0.012319687753915787
19134,0.012319687753915787
19135,0.012319687753915787
19136,0.012319687753915787
19137,0.012319687753915787
19138,0.012319687753915787
19139,0.012319687753915787
19140,0.02237105928361416
19141,0.03478413075208664
19142,0.0047601694241166115
19143,0.10190641134977341
19144,0.011066877283155918
19145,0.048632219433784485
19146,0.019655128940939903
19147,0.016253845766186714
19148,0.11036459356546402
19149,0.8884739875793457
19150,0.05624490976333618
19151,0.04614357277750969
19152,0.06819362193346024
19153,0.020917311310768127
19154,0.010476775467395782
19155,0.13764865696430206
19156,0.10580168664455414
19157,0.1528470665216446
19158,0.012742920778691769
19159,0.016527898609638214
19160,0.13764865696430206
19161,0.015699265524744987
19162,0.10580168664455414
19163,0.010923032648861408
19164,0.025009220466017723
19165,0.10196472704410553
19166,0.006273997947573662
19167,0.006273997947573662
19168,0.03201018273830414
19169,0.13892044126987457
19170,0.045130014419555664
19171,0.007666041608899832
19172,0.05608364939689636
19173,0.038383014500141144
19174,0.010499519295990467
19175,0.025872772559523582
19176,0.03201018273830414
19177,0.029301892966032028
19178,0.011107840575277805
19179,0.018277419731020927
19180,0.006683506071567535
19181,0.00824823509901762
19182,0.9006429314613342
19183,0.021721765398979187
19184,0.006262775976210833
19185,0.350258469581604
19186,0.13244128227233887
19187,0.052417829632759094
19188,0.17744624614715576
19189,0.01811511628329754
19190,0.07864683866500854
19191,0.018178332597017288
19192,0.2987291216850281
19193,0.012275287881493568
19194,0.015315649099647999
19195,0.011324853636324406
19196,0.0023125535808503628
19197,0.03213127702474594
19198,0.013434048742055893
19199,0.1583268791437149
19200,0.003820492886006832
19201,0.023263953626155853
19202,0.15807299315929413
19203,0.9308569431304932
19204,0.01779366098344326
19205,0.003716482548043132
19206,0.003716482548043132
19207,0.0014339970657601953
19208,0.011455446481704712
19209,0.049862515181303024
19210,0.05436960980296135
19211,0.09616738557815552
19212,0.09616738557815552
19213,0.20510488748550415
19214,0.8525815010070801
19215,0.003716482548043132
19216,0.084363654255867
19217,0.037713900208473206
19218,0.581047773361206
19219,0.005550996400415897
19220,0.06408002972602844
19221,0.0030360089149326086
19222,0.003716482548043132
19223,0.07229118049144745
19224,0.15081477165222168
19225,0.10052845627069473
19226,0.05436960980296135
19227,0.06666970252990723
19228,0.06886498630046844
19229,0.020055484026670456
19230,0.04542236030101776
19231,0.027164801955223083
19232,0.018213454633951187
19233,0.00932313222438097
19234,0.01654105633497238
19235,0.0022810944356024265
19236,0.008631511591374874
19237,0.03589821606874466
19238,0.006789532955735922
19239,0.14251327514648438
19240,0.04184102639555931
19241,0.4417091906070709
19242,0.00979964155703783
19243,0.9602468609809875
19244,0.1389634609222412
19245,0.07087711244821548
19246,0.021001752465963364
19247,0.008089329116046429
19248,0.006085927598178387
19249,0.008089329116046429
19250,0.008216056041419506
19251,0.02644643932580948
19252,0.030304620042443275
19253,0.005600289907306433
19254,0.005600289907306433
19255,0.06998877227306366
19256,0.029072754085063934
19257,0.008185947313904762
19258,0.005600289907306433
19259,0.007923812605440617
19260,0.05624490976333618
19261,0.2197704166173935
19262,0.016560452058911324
19263,0.07145897299051285
19264,0.02467390149831772
19265,0.005600289907306433
19266,0.06697135418653488
19267,0.016560452058911324
19268,0.15768304467201233
19269,0.04943350702524185
19270,0.023872286081314087
19271,0.9162618517875671
19272,0.0034842502791434526
19273,0.08051629364490509
19274,0.15989135205745697
19275,0.013476653955876827
19276,0.013476653955876827
19277,0.05661008879542351
19278,0.972230076789856
19279,0.008507867343723774
19280,0.18931464850902557
19281,0.15305151045322418
19282,0.0037939311005175114
19283,0.1925738900899887
19284,0.08343476802110672
19285,0.8431623578071594
19286,0.013024547137320042
19287,0.07702164351940155
19288,0.010496878996491432
19289,0.03298841044306755
19290,0.01228581927716732
19291,0.0058533200062811375
19292,0.002090847585350275
19293,0.19413891434669495
19294,0.18099911510944366
19295,0.010817514732480049
19296,0.016645710915327072
19297,0.2646596431732178
19298,0.01235492154955864
19299,0.17401741445064545
19300,0.1314966082572937
19301,0.2154097557067871
19302,0.3534289598464966
19303,0.31471872329711914
19304,0.002114273374900222
19305,0.8137543797492981
19306,0.0034951679408550262
19307,0.012123093008995056
19308,0.04901767894625664
19309,0.013731764629483223
19310,0.004241828806698322
19311,0.0777398869395256
19312,0.012693961150944233
19313,0.015723643824458122
19314,0.3392002582550049
19315,0.013633346185088158
19316,0.06368547677993774
19317,0.01771624945104122
19318,0.053063515573740005
19319,0.006380686070770025
19320,0.006380686070770025
19321,0.006380686070770025
19322,0.006380686070770025
19323,0.027453333139419556
19324,0.00850057415664196
19325,0.00850057415664196
19326,0.8411052227020264
19327,0.24639011919498444
19328,0.02120986022055149
19329,0.12002202123403549
19330,0.19167691469192505
19331,0.10219050943851471
19332,0.3553463816642761
19333,0.08492657542228699
19334,0.19088920950889587
19335,0.0868457481265068
19336,0.02852519229054451
19337,0.07290757447481155
19338,0.020851099863648415
19339,0.1690601259469986
19340,0.816205620765686
19341,0.018594523891806602
19342,0.011976029723882675
19343,0.0761905387043953
19344,0.01322544738650322
19345,0.03350319340825081
19346,0.19126607477664948
19347,0.34218570590019226
19348,0.2622342109680176
19349,0.013709496706724167
19350,0.03704964369535446
19351,0.007630137726664543
19352,0.061424002051353455
19353,0.006767324171960354
19354,0.004760652780532837
19355,0.2000533491373062
19356,0.20728692412376404
19357,0.9754171371459961
19358,0.02675066515803337
19359,0.002253519371151924
19360,0.013546268455684185
19361,0.07832904160022736
19362,0.06423020362854004
19363,0.006773650646209717
19364,0.012233222834765911
19365,0.08548320084810257
19366,0.010538638569414616
19367,0.07450135797262192
19368,0.016881460323929787
19369,0.02250618487596512
19370,0.006773650646209717
19371,0.018311724066734314
19372,0.8582119345664978
19373,0.3495226204395294
19374,0.008920413441956043
19375,0.051228877156972885
19376,0.04791267588734627
19377,0.01964816451072693
19378,0.020646581426262856
19379,0.020646581426262856
19380,0.09972064197063446
19381,0.01964816451072693
19382,0.013827124610543251
19383,0.01114477589726448
19384,0.4274403750896454
19385,0.2628902792930603
19386,0.006661638617515564
19387,0.01293700560927391
19388,0.004745683632791042
19389,0.22933915257453918
19390,0.01459694653749466
19391,0.011480821296572685
19392,0.7880279421806335
19393,0.09163529425859451
19394,0.061612341552972794
19395,0.14563366770744324
19396,0.21767057478427887
19397,0.003243084531277418
19398,0.8627973198890686
19399,0.22065667808055878
19400,0.0031962546054273844
19401,0.012566545978188515
19402,0.018987031653523445
19403,0.0648370236158371
19404,0.09907728433609009
19405,0.008378100581467152
19406,0.0030774553306400776
19407,0.0419929102063179
19408,0.005438870284706354
19409,0.027001647278666496
19410,0.016205137595534325
19411,0.024605322629213333
19412,0.004437572322785854
19413,0.007009677588939667
19414,0.22586359083652496
19415,0.0033085865434259176
19416,0.05681813135743141
19417,0.005501765292137861
19418,0.044537708163261414
19419,0.011014525778591633
19420,0.14034603536128998
19421,0.12609148025512695
19422,0.12609148025512695
19423,0.01530539058148861
19424,0.011526362039148808
19425,0.011014525778591633
19426,0.011526362039148808
19427,0.9628758430480957
19428,0.0031977940816432238
19429,0.0503564178943634
19430,0.05055898055434227
19431,0.011781067587435246
19432,0.0035044823307543993
19433,0.11003131419420242
19434,0.023600256070494652
19435,0.5505936145782471
19436,0.08228843659162521
19437,0.0531739704310894
19438,0.08185610175132751
19439,0.03953099623322487
19440,0.004475578665733337
19441,0.12597277760505676
19442,0.19543132185935974
19443,0.19140581786632538
19444,0.0877780094742775
19445,0.10093098878860474
19446,0.05788223072886467
19447,0.9559037685394287
19448,0.007502989377826452
19449,0.00718721142038703
19450,0.023600256070494652
19451,0.04137292504310608
19452,0.043850742280483246
19453,0.1817508339881897
19454,0.03679205849766731
19455,0.012929421849548817
19456,0.057443082332611084
19457,0.057443082332611084
19458,0.064261294901371
19459,0.02221892587840557
19460,0.056038640439510345
19461,0.06142770126461983
19462,0.1930670589208603
19463,0.06341822445392609
19464,0.011933757923543453
19465,0.01000851858407259
19466,0.06680120527744293
19467,0.011933757923543453
19468,0.2816008925437927
19469,0.011933757923543453
19470,0.11283599585294724
19471,0.06680120527744293
19472,0.02192389965057373
19473,0.11680619418621063
19474,0.02192389965057373
19475,0.041611481457948685
19476,0.02192389965057373
19477,0.020943790674209595
19478,0.02192389965057373
19479,0.02192389965057373
19480,0.02192389965057373
19481,0.059688400477170944
19482,0.13196124136447906
19483,0.02192389965057373
19484,0.02192389965057373
19485,0.051341213285923004
19486,0.19293902814388275
19487,0.19293902814388275
19488,0.02192389965057373
19489,0.014980936422944069
19490,0.02192389965057373
19491,0.011865598149597645
19492,0.02192389965057373
19493,0.16279421746730804
19494,0.19522054493427277
19495,0.1251460611820221
19496,0.030704064294695854
19497,0.07348272204399109
19498,0.015666406601667404
19499,0.036495719105005264
19500,0.022430207580327988
19501,0.014401882886886597
19502,0.004761183634400368
19503,0.03594733029603958
19504,0.015548990108072758
19505,0.009059835225343704
19506,0.01132360938936472
19507,0.004761183634400368
19508,0.004761183634400368
19509,0.011808328330516815
19510,0.004241588991135359
19511,0.004761183634400368
19512,0.05994514003396034
19513,0.05994514003396034
19514,0.05994514003396034
19515,0.22658611834049225
19516,0.02025059424340725
19517,0.07809028029441833
19518,0.22417737543582916
19519,0.030380161479115486
19520,0.009823981672525406
19521,0.15095669031143188
19522,0.15095669031143188
19523,0.15095669031143188
19524,0.5337986350059509
19525,0.2567542791366577
19526,0.16859054565429688
19527,0.04082931578159332
19528,0.010009345598518848
19529,0.06901205331087112
19530,0.02584696002304554
19531,0.0028715692460536957
19532,0.04581525921821594
19533,0.3309181034564972
19534,0.04199674725532532
19535,0.003623922821134329
19536,0.1397399753332138
19537,0.31925633549690247
19538,0.23043029010295868
19539,0.020688077434897423
19540,0.020688077434897423
19541,0.032704707235097885
19542,0.0028360618744045496
19543,0.0028360618744045496
19544,0.007453009951859713
19545,0.010213185101747513
19546,0.06738512963056564
19547,0.4067123830318451
19548,0.43700429797172546
19549,0.015018874779343605
19550,0.015018874779343605
19551,0.025946425274014473
19552,0.04670947790145874
19553,0.010084567591547966
19554,0.007453009951859713
19555,0.008478233590722084
19556,0.18521597981452942
19557,0.23572516441345215
19558,0.2235817164182663
19559,0.09035858511924744
19560,0.009672500193119049
19561,0.022568026557564735
19562,0.012082130648195744
19563,0.043137095868587494
19564,0.3052929937839508
19565,0.04920864477753639
19566,0.0035961733665317297
19567,0.17435027658939362
19568,0.006706222891807556
19569,0.006706222891807556
19570,0.009037221781909466
19571,0.006706222891807556
19572,0.04271392151713371
19573,0.006706222891807556
19574,0.23425479233264923
19575,0.8900713920593262
19576,0.01124285813421011
19577,0.011729037389159203
19578,0.046718258410692215
19579,0.006706222891807556
19580,0.05283752456307411
19581,0.0872063860297203
19582,0.20139651000499725
19583,0.0619121715426445
19584,0.01184056606143713
19585,0.008080655708909035
19586,0.11870748549699783
19587,0.9012678265571594
19588,0.015467675402760506
19589,0.0685463398694992
19590,0.01733900047838688
19591,0.09941203147172928
19592,0.07131654024124146
19593,0.01622854545712471
19594,0.026759350672364235
19595,0.10297676175832748
19596,0.015691986307501793
19597,0.0016654314240440726
19598,0.041495878249406815
19599,0.0939728394150734
19600,0.049105189740657806
19601,0.08993551135063171
19602,0.06436246633529663
19603,0.009150480851531029
19604,0.1479492336511612
19605,0.39662715792655945
19606,0.03983957692980766
19607,0.009370380081236362
19608,0.007781084626913071
19609,0.2048436552286148
19610,0.004072621930390596
19611,0.013434099033474922
19612,0.11675424873828888
19613,0.009831169620156288
19614,0.009481891989707947
19615,0.9617867469787598
19616,0.015808165073394775
19617,0.025734608992934227
19618,0.012241563759744167
19619,0.05912988260388374
19620,0.061154503375291824
19621,0.02248445712029934
19622,0.005992764141410589
19623,0.003842757549136877
19624,0.04191211983561516
19625,0.17727047204971313
19626,0.004733849782496691
19627,0.005992764141410589
19628,0.00150590343400836
19629,0.1225045844912529
19630,0.007065480574965477
19631,0.04112277552485466
19632,0.014707338064908981
19633,0.16325144469738007
19634,0.015529935248196125
19635,0.012722468934953213
19636,0.006379222497344017
19637,0.06535984575748444
19638,0.026318827643990517
19639,0.19124628603458405
19640,0.008003183640539646
19641,0.23808087408542633
19642,0.03930777311325073
19643,0.007485592272132635
19644,0.006736475042998791
19645,0.015018874779343605
19646,0.1399681270122528
19647,0.056657928973436356
19648,0.04478871449828148
19649,0.15610304474830627
19650,0.01777360402047634
19651,0.04404140263795853
19652,0.01513909362256527
19653,0.0034346107859164476
19654,0.7892508506774902
19655,0.019083768129348755
19656,0.007288425695151091
19657,0.012074392288923264
19658,0.1937333643436432
19659,0.016592135652899742
19660,0.023863835260272026
19661,0.07310789078474045
19662,0.08544783294200897
19663,0.015113108791410923
19664,0.2147683948278427
19665,0.01637357845902443
19666,0.08826141059398651
19667,0.03915112465620041
19668,0.04361932352185249
19669,0.03915112465620041
19670,0.018924400210380554
19671,0.040817201137542725
19672,0.03915112465620041
19673,0.03915112465620041
19674,0.20683236420154572
19675,0.03915112465620041
19676,0.17255303263664246
19677,0.010807069949805737
19678,0.007835667580366135
19679,0.13157819211483002
19680,0.008637976832687855
19681,0.004737814422696829
19682,0.004639383405447006
19683,0.003896139794960618
19684,0.08265350759029388
19685,0.3702688217163086
19686,0.005718983244150877
19687,0.046821657568216324
19688,0.005184171721339226
19689,0.09182630479335785
19690,0.006405845284461975
19691,0.25751280784606934
19692,0.08142759650945663
19693,0.02963213436305523
19694,0.022387133911252022
19695,0.009888311848044395
19696,0.04500461742281914
19697,0.003896441776305437
19698,0.17851004004478455
19699,0.09235946089029312
19700,0.0016509112901985645
19701,0.050520095974206924
19702,0.937987208366394
19703,0.002800605958327651
19704,0.007026880979537964
19705,0.03628499433398247
19706,0.04312862455844879
19707,0.09601489454507828
19708,0.06720151752233505
19709,0.02006888948380947
19710,0.00516861118376255
19711,0.006990072783082724
19712,0.03247948735952377
19713,0.006676339078694582
19714,0.006372516509145498
19715,0.00951735582202673
19716,0.0029580716509371996
19717,0.053749214857816696
19718,0.06929083913564682
19719,0.17139793932437897
19720,0.07885272055864334
19721,0.0043607898987829685
19722,0.06730268895626068
19723,0.029389003291726112
19724,0.008867905475199223
19725,0.006000733934342861
19726,0.008477619849145412
19727,0.017196329310536385
19728,0.0038409323897212744
19729,0.04508751630783081
19730,0.006000733934342861
19731,0.0167216919362545
19732,0.06342064589262009
19733,0.005832532420754433
19734,0.015017054043710232
19735,0.11702034622430801
19736,0.03974953293800354
19737,0.022918349131941795
19738,0.050636712461709976
19739,0.017530102282762527
19740,0.792138934135437
19741,0.0028416947461664677
19742,0.015629205852746964
19743,0.019548987969756126
19744,0.07980851829051971
19745,0.06293009221553802
19746,0.09583744406700134
19747,0.007322016172111034
19748,0.01441708579659462
19749,0.014101795852184296
19750,0.06418818235397339
19751,0.0019032168202102184
19752,0.06337034702301025
19753,0.0028609067667275667
19754,0.55007404088974
19755,0.011618845164775848
19756,0.04711785167455673
19757,0.014477234333753586
19758,0.07719850540161133
19759,0.020981306210160255
19760,0.007973011583089828
19761,0.17157961428165436
19762,0.004474104382097721
19763,0.001531839370727539
19764,0.2905627489089966
19765,0.03739936277270317
19766,0.17217102646827698
19767,0.004526233300566673
19768,0.02903583273291588
19769,0.026750361546874046
19770,0.014259959571063519
19771,0.01574142463505268
19772,0.0772605910897255
19773,0.004325934685766697
19774,0.08156109601259232
19775,0.01678023301064968
19776,0.01816984824836254
19777,0.2560914158821106
19778,0.009163394570350647
19779,0.03150958567857742
19780,0.138849139213562
19781,0.0220408383756876
19782,0.11743774265050888
19783,0.0023536013904958963
19784,0.0034721570555120707
19785,0.008484473451972008
19786,0.030387453734874725
19787,0.014028910547494888
19788,0.003990410827100277
19789,0.006875398103147745
19790,0.013068871572613716
19791,0.019296208396553993
19792,0.005690427031368017
19793,0.03628474473953247
19794,0.11305326968431473
19795,0.03851829841732979
19796,0.02411014214158058
19797,0.022488294169306755
19798,0.010478643700480461
19799,0.03480000048875809
19800,0.08774668723344803
19801,0.01485330518335104
19802,0.89557284116745
19803,0.11081762611865997
19804,0.014476594515144825
19805,0.8075740337371826
19806,0.031471867114305496
19807,0.04198620468378067
19808,0.14105986058712006
19809,0.03818688169121742
19810,0.0062181358225643635
19811,0.30794399976730347
19812,0.0062181358225643635
19813,0.0062181358225643635
19814,0.019124506041407585
19815,0.0062181358225643635
19816,0.007409551180899143
19817,0.02096298336982727
19818,0.009736048988997936
19819,0.0128546804189682
19820,0.03415090963244438
19821,0.0020827429834753275
19822,0.0042613232508301735
19823,0.008032534271478653
19824,0.0035106309223920107
19825,0.007472527213394642
19826,0.01099141500890255
19827,0.03530019894242287
19828,0.019300097599625587
19829,0.010348936542868614
19830,0.023184431716799736
19831,0.07140833884477615
19832,0.014312120154500008
19833,0.016337882727384567
19834,0.009062510915100574
19835,0.04841533675789833
19836,0.006182651035487652
19837,0.011682301759719849
19838,0.008095096796751022
19839,0.009367167018353939
19840,0.02050967700779438
19841,0.017507687211036682
19842,0.03561221808195114
19843,0.035699810832738876
19844,0.0062717897817492485
19845,0.06065010279417038
19846,0.04126979783177376
19847,0.006611345335841179
19848,0.02050025202333927
19849,0.02223295159637928
19850,0.03160514682531357
19851,0.029893606901168823
19852,0.004122953861951828
19853,0.006372105795890093
19854,0.0273644607514143
19855,0.009367167018353939
19856,0.017185203731060028
19857,0.004664626903831959
19858,0.019951587542891502
19859,0.054971303790807724
19860,0.041229404509067535
19861,0.0062772538512945175
19862,0.007169726770371199
19863,0.03948783501982689
19864,0.017672810703516006
19865,0.061919014900922775
19866,0.0867256298661232
19867,0.055315908044576645
19868,0.2592673599720001
19869,0.011948296800255775
19870,0.011976570822298527
19871,0.08455950766801834
19872,0.038291435688734055
19873,0.028853725641965866
19874,0.17178183794021606
19875,0.0014229733496904373
19876,0.09677208960056305
19877,0.01464860886335373
19878,0.005175821948796511
19879,0.01834091544151306
19880,0.03303244709968567
19881,0.0014229733496904373
19882,0.06936103850603104
19883,0.004151127301156521
19884,0.06409469991922379
19885,0.007314090617001057
19886,0.007314090617001057
19887,0.007314090617001057
19888,0.08990733325481415
19889,0.006836194545030594
19890,0.010991689749062061
19891,0.0031583344098180532
19892,0.0024639233015477657
19893,0.010520669631659985
19894,0.23608537018299103
19895,0.08090808987617493
19896,0.01291366945952177
19897,0.08789272606372833
19898,0.03130308911204338
19899,0.1938982754945755
19900,0.033578578382730484
19901,0.1504855751991272
19902,0.033578578382730484
19903,0.03688962385058403
19904,0.03688962385058403
19905,0.009655345231294632
19906,0.009655345231294632
19907,0.009655345231294632
19908,0.028837677091360092
19909,0.005819209385663271
19910,0.06565756350755692
19911,0.06565756350755692
19912,0.06565756350755692
19913,0.1534426361322403
19914,0.118385449051857
19915,0.032307371497154236
19916,0.07665234059095383
19917,0.002649687696248293
19918,0.008557165041565895
19919,0.006390897557139397
19920,0.004337601829320192
19921,0.1411440372467041
19922,0.1411440372467041
19923,0.006390897557139397
19924,0.0032299889717251062
19925,0.02654731459915638
19926,0.02154526300728321
19927,0.027620818465948105
19928,0.008557165041565895
19929,0.008557165041565895
19930,0.030969204381108284
19931,0.11494068056344986
19932,0.1536005437374115
19933,0.03465253487229347
19934,0.004129793029278517
19935,0.01900784857571125
19936,0.027904506772756577
19937,0.050201114267110825
19938,0.0015440373681485653
19939,0.08307714760303497
19940,0.008625727146863937
19941,0.005524007137864828
19942,0.24506160616874695
19943,0.16599072515964508
19944,0.01814975030720234
19945,0.18954847753047943
19946,0.04842798039317131
19947,0.00882878340780735
19948,0.00882878340780735
19949,0.00634591793641448
19950,0.0017856326885521412
19951,0.003431379096582532
19952,0.002732233377173543
19953,0.02684910222887993
19954,0.005085872486233711
19955,0.004283586982637644
19956,0.004619480576366186
19957,0.046105798333883286
19958,0.0788089707493782
19959,0.005537813995033503
19960,0.003286717226728797
19961,0.017963306978344917
19962,0.00634591793641448
19963,0.04389200732111931
19964,0.8533600568771362
19965,0.029846321791410446
19966,0.00340586737729609
19967,0.003624763572588563
19968,0.023772025480866432
19969,0.05251598358154297
19970,0.002907961141318083
19971,0.09922415763139725
19972,0.006240529008209705
19973,0.08400846272706985
19974,0.055361825972795486
19975,0.03688516467809677
19976,0.008998303674161434
19977,0.006082512903958559
19978,0.028058236464858055
19979,0.011853634379804134
19980,0.00788596086204052
19981,0.021706754341721535
19982,0.00834109727293253
19983,0.006321291904896498
19984,0.01984379068017006
19985,0.14878487586975098
19986,0.06699040532112122
19987,0.16508683562278748
19988,0.02171970345079899
19989,0.05974592640995979
19990,0.003904960583895445
19991,0.05974592640995979
19992,0.14435966312885284
19993,0.013916578143835068
19994,0.002867691684514284
19995,0.015983065590262413
19996,0.006144495215266943
19997,0.007455278653651476
19998,0.2105785310268402
19999,0.04112299159169197
20000,0.17898806929588318
20001,0.006295051425695419
20002,0.058005448430776596
20003,0.09202548861503601
20004,0.006703275255858898
20005,0.08275860548019409
20006,0.006758966948837042
20007,0.029233038425445557
20008,0.044088199734687805
20009,0.04311428964138031
20010,0.03197479993104935
20011,0.010713455267250538
20012,0.005779311992228031
20013,0.0038134250789880753
20014,0.033129848539829254
20015,0.02472797967493534
20016,0.0028861744794994593
20017,0.042028624564409256
20018,0.042028624564409256
20019,0.00588473305106163
20020,0.039567455649375916
20021,0.010393482632935047
20022,0.01747223176062107
20023,0.02926923893392086
20024,0.00884934514760971
20025,0.006035658996552229
20026,0.004734007176011801
20027,0.01462024450302124
20028,0.018416520208120346
20029,0.006035658996552229
20030,0.0021136195864528418
20031,0.014730378985404968
20032,0.0637374147772789
20033,0.03798171505331993
20034,0.005791692994534969
20035,0.12076114118099213
20036,0.16229990124702454
20037,0.37204134464263916
20038,0.00920225027948618
20039,0.0058774203062057495
20040,0.06375591456890106
20041,0.21876347064971924
20042,0.2600458860397339
20043,0.029764994978904724
20044,0.0037595853209495544
20045,0.061219777911901474
20046,0.04412125051021576
20047,0.02414751797914505
20048,0.23651379346847534
20049,0.03268890082836151
20050,0.006100787781178951
20051,0.2058674544095993
20052,0.22918927669525146
20053,0.0020542978309094906
20054,0.049274422228336334
20055,0.022386690601706505
20056,0.004188050515949726
20057,0.040245264768600464
20058,0.03239785507321358
20059,0.009436494670808315
20060,0.08675424754619598
20061,0.08675424754619598
20062,0.11276601254940033
20063,0.08675424754619598
20064,0.009740734472870827
20065,0.10426822304725647
20066,0.034189749509096146
20067,0.026253612712025642
20068,0.03062615916132927
20069,0.013103561475872993
20070,0.20469284057617188
20071,0.011187247931957245
20072,0.10634408891201019
20073,0.034388184547424316
20074,0.17639881372451782
20075,0.00934192631393671
20076,0.05794312059879303
20077,0.005536776501685381
20078,0.020187148824334145
20079,0.006302730645984411
20080,0.005346419755369425
20081,0.03218056261539459
20082,0.08048413693904877
20083,0.03218056261539459
20084,0.001502347644418478
20085,0.008804922923445702
20086,0.1275138407945633
20087,0.04948621988296509
20088,0.05308704823255539
20089,0.017290093004703522
20090,0.16288183629512787
20091,0.060443881899118423
20092,0.014506838284432888
20093,0.010604669339954853
20094,0.004462794400751591
20095,0.02766399085521698
20096,0.1570841372013092
20097,0.005902120377868414
20098,0.003334545064717531
20099,0.026382066309452057
20100,0.0059026856906712055
20101,0.02018970064818859
20102,0.03080059215426445
20103,0.030797943472862244
20104,0.11452765017747879
20105,0.20021408796310425
20106,0.007598692085593939
20107,0.15498504042625427
20108,0.003918268717825413
20109,0.014580262824892998
20110,0.012709495611488819
20111,0.014580262824892998
20112,0.17010825872421265
20113,0.009493785910308361
20114,0.009493785910308361
20115,0.133104145526886
20116,0.7067005634307861
20117,0.004626051988452673
20118,0.012709495611488819
20119,0.0199547428637743
20120,0.004322173539549112
20121,0.05041240528225899
20122,0.026832638308405876
20123,0.01839435286819935
20124,0.03278019279241562
20125,0.012578888796269894
20126,0.08896750956773758
20127,0.004322173539549112
20128,0.012709495611488819
20129,0.004322173539549112
20130,0.02571452595293522
20131,0.012709495611488819
20132,0.2941755950450897
20133,0.05138946697115898
20134,0.012709495611488819
20135,0.03820103406906128
20136,0.012709495611488819
20137,0.012709495611488819
20138,0.012709495611488819
20139,0.04442903399467468
20140,0.014580262824892998
20141,0.005885396618396044
20142,0.5903993844985962
20143,0.023772025480866432
20144,0.09299786388874054
20145,0.05093337595462799
20146,0.0412154383957386
20147,0.00543671939522028
20148,0.0035790149122476578
20149,0.0029399667400866747
20150,0.00855266023427248
20151,0.11935495585203171
20152,0.00912522803992033
20153,0.01600681059062481
20154,0.15445196628570557
20155,0.04046940058469772
20156,0.026659125462174416
20157,0.10071268677711487
20158,0.07747049629688263
20159,0.0027515562251210213
20160,0.14949151873588562
20161,0.6378354430198669
20162,0.19768112897872925
20163,0.05993659421801567
20164,0.013623013161122799
20165,0.06385473906993866
20166,0.012134188786149025
20167,0.10330793261528015
20168,0.00559866800904274
20169,0.007364149205386639
20170,0.011496102437376976
20171,0.38587749004364014
20172,0.0031920187175273895
20173,0.002375282347202301
20174,0.03722250834107399
20175,0.008304186165332794
20176,0.0031920187175273895
20177,0.0031920187175273895
20178,0.002375282347202301
20179,0.07086057960987091
20180,0.0031920187175273895
20181,0.11881609261035919
20182,0.12253859639167786
20183,0.14143556356430054
20184,0.002375282347202301
20185,0.02972380630671978
20186,0.04108278453350067
20187,0.03592308983206749
20188,0.048059966415166855
20189,0.0031920187175273895
20190,0.0463925302028656
20191,0.0031920187175273895
20192,0.0037972235586494207
20193,0.004717312287539244
20194,0.008793373592197895
20195,0.0027302722446620464
20196,0.01657663658261299
20197,0.008510791696608067
20198,0.008510791696608067
20199,0.011475437320768833
20200,0.050260093063116074
20201,0.06705215573310852
20202,0.0905785858631134
20203,0.005652656313031912
20204,0.02384234592318535
20205,0.010478065349161625
20206,0.4000362455844879
20207,0.02247232012450695
20208,0.9415966272354126
20209,0.026101460680365562
20210,0.011042246595025063
20211,0.0372871570289135
20212,0.017957083880901337
20213,0.04479268193244934
20214,0.11269998550415039
20215,0.026192087680101395
20216,0.013684920035302639
20217,0.046254537999629974
20218,0.013684920035302639
20219,0.001597556401975453
20220,0.12981347739696503
20221,0.20594124495983124
20222,0.12871383130550385
20223,0.1352185159921646
20224,0.01712988130748272
20225,0.1672060638666153
20226,0.01761820912361145
20227,0.0068667493760585785
20228,0.05372689664363861
20229,0.06428277492523193
20230,0.013356122188270092
20231,0.00542606832459569
20232,0.027058880776166916
20233,0.026160962879657745
20234,0.009019264951348305
20235,0.9358373284339905
20236,0.014157677069306374
20237,0.02821567840874195
20238,0.02354814112186432
20239,0.04221807047724724
20240,0.28588172793388367
20241,0.031852349638938904
20242,0.022769715636968613
20243,0.031852349638938904
20244,0.09082512557506561
20245,0.008754883892834187
20246,0.0015164476353675127
20247,0.15322501957416534
20248,0.016203608363866806
20249,0.002786681754514575
20250,0.0065796938724815845
20251,0.0065796938724815845
20252,0.0065796938724815845
20253,0.004916845355182886
20254,0.02733602747321129
20255,0.009531516581773758
20256,0.024544838815927505
20257,0.0060218321159482
20258,0.0033692647702991962
20259,0.023303555324673653
20260,0.01806989312171936
20261,0.04193269833922386
20262,0.008336732164025307
20263,0.01806989312171936
20264,0.029423067346215248
20265,0.0237194262444973
20266,0.344656765460968
20267,0.01002995390444994
20268,0.0030927411280572414
20269,0.08073877543210983
20270,0.006674265488982201
20271,0.012384514324367046
20272,0.04086746647953987
20273,0.006851067300885916
20274,0.021982282400131226
20275,0.0068883816711604595
20276,0.05365491658449173
20277,0.05365491658449173
20278,0.7607678771018982
20279,0.0461866520345211
20280,0.0046800365671515465
20281,0.003999465145170689
20282,0.004682284779846668
20283,0.04386051371693611
20284,0.05610395595431328
20285,0.23717112839221954
20286,0.20914354920387268
20287,0.004148752894252539
20288,0.0036143797915428877
20289,0.050124090164899826
20290,0.00545255234465003
20291,0.06680520623922348
20292,0.7634658217430115
20293,0.14644558727741241
20294,0.0073948935605585575
20295,0.004227370489388704
20296,0.9440058469772339
20297,0.04541749134659767
20298,0.020549433305859566
20299,0.020549433305859566
20300,0.03868503123521805
20301,0.01441199891269207
20302,0.014137445017695427
20303,0.06371524930000305
20304,0.007024027407169342
20305,0.005405623000115156
20306,0.002541964640840888
20307,0.014288662001490593
20308,0.02120964042842388
20309,0.012728729285299778
20310,0.041348930448293686
20311,0.04157305136322975
20312,0.007982631213963032
20313,0.009452370926737785
20314,0.004187621176242828
20315,0.04557625576853752
20316,0.003918750677257776
20317,0.01434981171041727
20318,0.044741321355104446
20319,0.07693447172641754
20320,0.06042115390300751
20321,0.004901229403913021
20322,0.025881517678499222
20323,0.0065392800606787205
20324,0.010075223632156849
20325,0.07697319984436035
20326,0.0750194787979126
20327,0.14391611516475677
20328,0.017138425260782242
20329,0.01126448530703783
20330,0.007607785053551197
20331,0.006613920442759991
20332,0.007319535128772259
20333,0.08125359565019608
20334,0.0037822993472218513
20335,0.7931416630744934
20336,0.055346257984638214
20337,0.055346257984638214
20338,0.039567455649375916
20339,0.00588473305106163
20340,0.00588473305106163
20341,0.009772748686373234
20342,0.009772748686373234
20343,0.00588473305106163
20344,0.014488251879811287
20345,0.00588473305106163
20346,0.032582662999629974
20347,0.01618550531566143
20348,0.03846695274114609
20349,0.01280056033283472
20350,0.02572837471961975
20351,0.009422500617802143
20352,0.013433005660772324
20353,0.021900609135627747
20354,0.02370566688477993
20355,0.009466150775551796
20356,0.01199369691312313
20357,0.004568507429212332
20358,0.1625342220067978
20359,0.007494503632187843
20360,0.08197540789842606
20361,0.05711691081523895
20362,0.017696725204586983
20363,0.03889353945851326
20364,0.034205615520477295
20365,0.4425954818725586
20366,0.00396718317642808
20367,0.08543732762336731
20368,0.1438407599925995
20369,0.025608962401747704
20370,0.10616152733564377
20371,0.002707925857976079
20372,0.002707925857976079
20373,0.07814675569534302
20374,0.005961616989225149
20375,0.002707925857976079
20376,0.11486060172319412
20377,0.006001416128128767
20378,0.009478694759309292
20379,0.0135802011936903
20380,0.025415925309062004
20381,0.024549998342990875
20382,0.013373959809541702
20383,0.08826711028814316
20384,0.03586156666278839
20385,0.01646069996058941
20386,0.01646069996058941
20387,0.07625827938318253
20388,0.0036836101207882166
20389,0.0036836101207882166
20390,0.10133691132068634
20391,0.007813788950443268
20392,0.0708051398396492
20393,0.04517023265361786
20394,0.0316537544131279
20395,0.0025671476032584906
20396,0.029717545956373215
20397,0.22709456086158752
20398,0.14648495614528656
20399,0.023977791890501976
20400,0.08844219148159027
20401,0.09070894122123718
20402,0.023977791890501976
20403,0.023977791890501976
20404,0.21151621639728546
20405,0.12333492189645767
20406,0.023977791890501976
20407,0.13030177354812622
20408,0.11139028519392014
20409,0.1497015804052353
20410,0.012462434358894825
20411,0.028645923361182213
20412,0.005627371836453676
20413,0.005627371836453676
20414,0.1394757777452469
20415,0.025276819244027138
20416,0.04655292630195618
20417,0.03529129549860954
20418,0.023977791890501976
20419,0.011916964314877987
20420,0.02159985899925232
20421,0.009467276744544506
20422,0.16681955754756927
20423,0.0268987026065588
20424,0.007479965221136808
20425,0.025934353470802307
20426,0.34659549593925476
20427,0.0020358359906822443
20428,0.020750103518366814
20429,0.4066150188446045
20430,0.044069837778806686
20431,0.2611953020095825
20432,0.03290088474750519
20433,0.1681087464094162
20434,0.003728961106389761
20435,0.004167037550359964
20436,0.004049752373248339
20437,0.11781636625528336
20438,0.00466949725523591
20439,0.005263622850179672
20440,0.00466949725523591
20441,0.005263622850179672
20442,0.13374760746955872
20443,0.07721376419067383
20444,0.21364668011665344
20445,0.19411054253578186
20446,0.1194492056965828
20447,0.003026315476745367
20448,0.02804066613316536
20449,0.057876329869031906
20450,0.0058184121735394
20451,0.14713841676712036
20452,0.043409477919340134
20453,0.6420359015464783
20454,0.011042558588087559
20455,0.11763634532690048
20456,0.0578748844563961
20457,0.010343438014388084
20458,0.004787456709891558
20459,0.017115941271185875
20460,0.11464081704616547
20461,0.007864706218242645
20462,0.043755605816841125
20463,0.012208506464958191
20464,0.023631509393453598
20465,0.013043900951743126
20466,0.5749640464782715
20467,0.04129742830991745
20468,0.02801167406141758
20469,0.07228938490152359
20470,0.008402442559599876
20471,0.004819185938686132
20472,0.00825159065425396
20473,0.1585434526205063
20474,0.7517055869102478
20475,0.06279630959033966
20476,0.43774959444999695
20477,0.004819185938686132
20478,0.01676325686275959
20479,0.054077789187431335
20480,0.011213176883757114
20481,0.011213176883757114
20482,0.0062001231126487255
20483,0.0039758277125656605
20484,0.1363082230091095
20485,0.052624136209487915
20486,0.07203538715839386
20487,0.04934561997652054
20488,0.1407882124185562
20489,0.1723279505968094
20490,0.006994505878537893
20491,0.12286576628684998
20492,0.16093134880065918
20493,0.09636834263801575
20494,0.07546663284301758
20495,0.17232519388198853
20496,0.11586426198482513
20497,0.1376410275697708
20498,0.18178720772266388
20499,0.0038888349663466215
20500,0.9694064855575562
20501,0.04451758414506912
20502,0.004954495467245579
20503,0.042346805334091187
20504,0.008217419497668743
20505,0.031441766768693924
20506,0.013960987329483032
20507,0.15282638370990753
20508,0.04530375823378563
20509,0.013960987329483032
20510,0.002998494077473879
20511,0.20678366720676422
20512,0.35526251792907715
20513,0.11869673430919647
20514,0.009859049692749977
20515,0.009895587339997292
20516,0.07833150774240494
20517,0.016944920644164085
20518,0.23650285601615906
20519,0.006061117630451918
20520,0.24047420918941498
20521,0.013960987329483032
20522,0.013960987329483032
20523,0.27604198455810547
20524,0.0024631849955767393
20525,0.006061117630451918
20526,0.0059934030286967754
20527,0.0024203669745475054
20528,0.013960987329483032
20529,0.12159517407417297
20530,0.11550869047641754
20531,0.0064673954620957375
20532,0.011020548641681671
20533,0.07733596861362457
20534,0.009247859008610249
20535,0.009580012410879135
20536,0.04911999776959419
20537,0.220730721950531
20538,0.15249517560005188
20539,0.007935714907944202
20540,0.015474808402359486
20541,0.05023021996021271
20542,0.08919529616832733
20543,0.005330776795744896
20544,0.03149890527129173
20545,0.039442166686058044
20546,0.07848455756902695
20547,0.019421296194195747
20548,0.007321866694837809
20549,0.004878641571849585
20550,0.2266654223203659
20551,0.01161038875579834
20552,0.053851258009672165
20553,0.03769322484731674
20554,0.035445258021354675
20555,0.153856098651886
20556,0.02241242304444313
20557,0.006295284256339073
20558,0.15875425934791565
20559,0.003511249553412199
20560,0.03169602155685425
20561,0.21180427074432373
20562,0.030275234952569008
20563,0.10884029418230057
20564,0.04510531947016716
20565,0.0691380426287651
20566,0.0070436736568808556
20567,0.9753679037094116
20568,0.009524095803499222
20569,0.14692483842372894
20570,0.008046029135584831
20571,0.04121258482336998
20572,0.006982176564633846
20573,0.06559184938669205
20574,0.004549444653093815
20575,0.02737092785537243
20576,0.005779925733804703
20577,0.016195204108953476
20578,0.15831239521503448
20579,0.04059768095612526
20580,0.0877482146024704
20581,0.010269265621900558
20582,0.003583662211894989
20583,0.04950279742479324
20584,0.010414578020572662
20585,0.25582650303840637
20586,0.03269791975617409
20587,0.1740279644727707
20588,0.021312793716788292
20589,0.020959945395588875
20590,0.03386427089571953
20591,0.0031281597912311554
20592,0.03397558256983757
20593,0.117961585521698
20594,0.10422443598508835
20595,0.009674212895333767
20596,0.002605249872431159
20597,0.039988502860069275
20598,0.06157534942030907
20599,0.8619017601013184
20600,0.1459721475839615
20601,0.244771346449852
20602,0.11889789253473282
20603,0.010813581757247448
20604,0.022270947694778442
20605,0.06675051152706146
20606,0.009890678338706493
20607,0.015285813249647617
20608,0.334229052066803
20609,0.008726864121854305
20610,0.004148004110902548
20611,0.3676046133041382
20612,0.08081688731908798
20613,0.10410671681165695
20614,0.27359962463378906
20615,0.17308707535266876
20616,0.08572391420602798
20617,0.006281107198446989
20618,0.013139665126800537
20619,0.013721860945224762
20620,0.008741929195821285
20621,0.008843027986586094
20622,0.03157627955079079
20623,0.03365398570895195
20624,0.07369573414325714
20625,0.016053179278969765
20626,0.03299220651388168
20627,0.03716812655329704
20628,0.016053179278969765
20629,0.00946602039039135
20630,0.046150922775268555
20631,0.016053179278969765
20632,0.016053179278969765
20633,0.016053179278969765
20634,0.044579070061445236
20635,0.009394492954015732
20636,0.08290225267410278
20637,0.21024245023727417
20638,0.26307037472724915
20639,0.05347198620438576
20640,0.0970471203327179
20641,0.23823519051074982
20642,0.7580208778381348
20643,0.009084402583539486
20644,0.05450792238116264
20645,0.056180793792009354
20646,0.03507104143500328
20647,0.005656098946928978
20648,0.03731154650449753
20649,0.03731154650449753
20650,0.006378016900271177
20651,0.03731154650449753
20652,0.022160476073622704
20653,0.008100424893200397
20654,0.04656592383980751
20655,0.08815109729766846
20656,0.04711494967341423
20657,0.10905980318784714
20658,0.006746187340468168
20659,0.027563782408833504
20660,0.012697379104793072
20661,0.012697379104793072
20662,0.03931175917387009
20663,0.03882404789328575
20664,0.10645439475774765
20665,0.06951237469911575
20666,0.10482293367385864
20667,0.004853254184126854
20668,0.03756023943424225
20669,0.21579137444496155
20670,0.03675346076488495
20671,0.002636648714542389
20672,0.03750530630350113
20673,0.0796678215265274
20674,0.04542536661028862
20675,0.01256162952631712
20676,0.0018880078569054604
20677,0.09237334877252579
20678,0.01256162952631712
20679,0.0830003023147583
20680,0.21161311864852905
20681,0.059133563190698624
20682,0.22749319672584534
20683,0.18015941977500916
20684,0.010789522901177406
20685,0.03938521817326546
20686,0.020990511402487755
20687,0.020990511402487755
20688,0.004984586499631405
20689,0.0891319215297699
20690,0.004207990597933531
20691,0.011134474538266659
20692,0.020990511402487755
20693,0.01574047841131687
20694,0.011134474538266659
20695,0.020990511402487755
20696,0.020952558144927025
20697,0.020990511402487755
20698,0.2558835744857788
20699,0.020990511402487755
20700,0.07806596159934998
20701,0.042077645659446716
20702,0.03062027134001255
20703,0.025601470842957497
20704,0.05377589538693428
20705,0.0543181374669075
20706,0.15979327261447906
20707,0.03263616934418678
20708,0.02184046059846878
20709,0.00646352069452405
20710,0.00646352069452405
20711,0.06580684334039688
20712,0.0045194425620138645
20713,0.003263341262936592
20714,0.08019951730966568
20715,0.3579227924346924
20716,0.07026217877864838
20717,0.0046753655187785625
20718,0.09551555663347244
20719,0.02042103186249733
20720,0.029497338458895683
20721,0.09278177469968796
20722,0.02643328532576561
20723,0.05930532515048981
20724,0.0055589983239769936
20725,0.0055589983239769936
20726,0.11937704682350159
20727,0.01092198770493269
20728,0.25954023003578186
20729,0.005062193144112825
20730,0.05110212415456772
20731,0.03948928415775299
20732,0.05427597463130951
20733,0.04086185246706009
20734,0.02265147492289543
20735,0.06861578673124313
20736,0.027097880840301514
20737,0.12824267148971558
20738,0.20203161239624023
20739,0.14678660035133362
20740,0.011482417583465576
20741,0.1523558497428894
20742,0.021478477865457535
20743,0.01813933625817299
20744,0.009089811705052853
20745,0.01888260245323181
20746,0.05249099060893059
20747,0.31166723370552063
20748,0.049174703657627106
20749,0.07288613170385361
20750,0.03834718093276024
20751,0.250772625207901
20752,0.04278148338198662
20753,0.01712786592543125
20754,0.09444762021303177
20755,0.024360056966543198
20756,0.12885093688964844
20757,0.1946694552898407
20758,0.033796653151512146
20759,0.023523101583123207
20760,0.005854452028870583
20761,0.0036151546519249678
20762,0.011825322173535824
20763,0.03220629319548607
20764,0.5938462615013123
20765,0.06566496193408966
20766,0.08660324662923813
20767,0.005556144285947084
20768,0.005656098946928978
20769,0.027773205190896988
20770,0.013280746527016163
20771,0.0079786516726017
20772,0.53861403465271
20773,0.4400217831134796
20774,0.004357244819402695
20775,0.00160420301835984
20776,0.26418307423591614
20777,0.041632045060396194
20778,0.1544012427330017
20779,0.028786372393369675
20780,0.004586445167660713
20781,0.3231106996536255
20782,0.7783951163291931
20783,0.004331284202635288
20784,0.014806162565946579
20785,0.014806162565946579
20786,0.01716860570013523
20787,0.004535961430519819
20788,0.09615205973386765
20789,0.0265213493257761
20790,0.044231414794921875
20791,0.030084796249866486
20792,0.030084796249866486
20793,0.015678396448493004
20794,0.025523683056235313
20795,0.9660779237747192
20796,0.09970854967832565
20797,0.02492065168917179
20798,0.004764843266457319
20799,0.008014878258109093
20800,0.03768494352698326
20801,0.08930960297584534
20802,0.0580926276743412
20803,0.010347525589168072
20804,0.057332951575517654
20805,0.03832220286130905
20806,0.01633322425186634
20807,0.02633083052933216
20808,0.008583960123360157
20809,0.010492709465324879
20810,0.0032229179050773382
20811,0.4021497964859009
20812,0.6596748232841492
20813,0.006251370068639517
20814,0.06672611087560654
20815,0.02312670648097992
20816,0.11115559935569763
20817,0.041388463228940964
20818,0.939349889755249
20819,0.05253320932388306
20820,0.09343570470809937
20821,0.0234196987003088
20822,0.009122081100940704
20823,0.2588747441768646
20824,0.0234196987003088
20825,0.009771914221346378
20826,0.009122081100940704
20827,0.009122081100940704
20828,0.0234196987003088
20829,0.010265287943184376
20830,0.0234196987003088
20831,0.0234196987003088
20832,0.0234196987003088
20833,0.0234196987003088
20834,0.0234196987003088
20835,0.0234196987003088
20836,0.0234196987003088
20837,0.0234196987003088
20838,0.0234196987003088
20839,0.0234196987003088
20840,0.010265287943184376
20841,0.0234196987003088
20842,0.0054006134159862995
20843,0.0234196987003088
20844,0.0234196987003088
20845,0.0234196987003088
20846,0.0234196987003088
20847,0.0234196987003088
20848,0.009122081100940704
20849,0.009122081100940704
20850,0.004560105502605438
20851,0.004560105502605438
20852,0.09689821302890778
20853,0.0234196987003088
20854,0.010265287943184376
20855,0.004560105502605438
20856,0.03852298855781555
20857,0.03934578225016594
20858,0.27166637778282166
20859,0.006509176921099424
20860,0.005936292000114918
20861,0.005936292000114918
20862,0.010444223880767822
20863,0.00837433710694313
20864,0.029711103066802025
20865,0.005214144010096788
20866,0.048191070556640625
20867,0.01805836521089077
20868,0.03934578225016594
20869,0.0194103866815567
20870,0.059330932796001434
20871,0.004742617253214121
20872,0.005433327052742243
20873,0.03934578225016594
20874,0.01805836521089077
20875,0.07615587115287781
20876,0.010593684390187263
20877,0.008212310262024403
20878,0.008212310262024403
20879,0.002616685116663575
20880,0.004859213251620531
20881,0.005323123652487993
20882,0.005323123652487993
20883,0.005173033569008112
20884,0.03223235160112381
20885,0.10870222002267838
20886,0.010286306031048298
20887,0.02749696560204029
20888,0.19286134839057922
20889,0.1312386691570282
20890,0.008407517336308956
20891,0.008407517336308956
20892,0.018652042374014854
20893,0.03537147492170334
20894,0.008407517336308956
20895,0.10772527009248734
20896,0.01121728029102087
20897,0.01210660021752119
20898,0.027353955432772636
20899,0.007429603952914476
20900,0.20194712281227112
20901,0.03851332515478134
20902,0.028033547103405
20903,0.049387481063604355
20904,0.18986813724040985
20905,0.015639470890164375
20906,0.0735916718840599
20907,0.02377518080174923
20908,0.03978743776679039
20909,0.039285529404878616
20910,0.20748266577720642
20911,0.021811580285429955
20912,0.11974368989467621
20913,0.04576006904244423
20914,0.003576691262423992
20915,0.19767819344997406
20916,0.07832563668489456
20917,0.03673591464757919
20918,0.03673591464757919
20919,0.007050186395645142
20920,0.009384558536112309
20921,0.04497512802481651
20922,0.0023644070606678724
20923,0.02032778412103653
20924,0.01745128072798252
20925,0.9110296368598938
20926,0.020150449126958847
20927,0.010961855761706829
20928,0.11775592714548111
20929,0.01512834057211876
20930,0.020668156445026398
20931,0.02987232618033886
20932,0.06535026431083679
20933,0.004307112656533718
20934,0.012409267015755177
20935,0.02158745378255844
20936,0.0047565000131726265
20937,0.061864569783210754
20938,0.02672894299030304
20939,0.009512264281511307
20940,0.021166175603866577
20941,0.04609990864992142
20942,0.087014339864254
20943,0.01725406013429165
20944,0.0049295974895358086
20945,0.1758476048707962
20946,0.1758476048707962
20947,0.8898146748542786
20948,0.1758476048707962
20949,0.008518650196492672
20950,0.033894963562488556
20951,0.07696205377578735
20952,0.004423308186233044
20953,0.19664177298545837
20954,0.008281512185931206
20955,0.0015765272546559572
20956,0.9591395854949951
20957,0.011213187128305435
20958,0.05553120747208595
20959,0.02447844110429287
20960,0.013476584106683731
20961,0.047869060188531876
20962,0.015669692307710648
20963,0.015669692307710648
20964,0.037808388471603394
20965,0.07847261428833008
20966,0.003119348781183362
20967,0.00826631486415863
20968,0.06035025417804718
20969,0.04817142337560654
20970,0.045556697994470596
20971,0.045556697994470596
20972,0.03264409676194191
20973,0.015349334105849266
20974,0.9189261794090271
20975,0.09304192662239075
20976,0.20030640065670013
20977,0.07800409197807312
20978,0.9005597829818726
20979,0.004298444837331772
20980,0.018026195466518402
20981,0.1781301349401474
20982,0.16949139535427094
20983,0.06949146836996078
20984,0.052295878529548645
20985,0.052295878529548645
20986,0.30806899070739746
20987,0.206132709980011
20988,0.0060957069508731365
20989,0.010588442906737328
20990,0.04943481460213661
20991,0.007052787113934755
20992,0.019041428342461586
20993,0.9598087072372437
20994,0.052295878529548645
20995,0.012217112816870213
20996,0.003687821328639984
20997,0.008320742286741734
20998,0.15884554386138916
20999,0.007028711494058371
21000,0.006600890774279833
21001,0.044089335948228836
21002,0.323497474193573
21003,0.01216066349297762
21004,0.20699761807918549
21005,0.2563685476779938
21006,0.1242760568857193
21007,0.022635698318481445
21008,0.004368987865746021
21009,0.1769813746213913
21010,0.31660038232803345
21011,0.0067740841768682
21012,0.052026793360710144
21013,0.052295878529548645
21014,0.05245506018400192
21015,0.11709325760602951
21016,0.0977390706539154
21017,0.22768184542655945
21018,0.14234255254268646
21019,0.024157099425792694
21020,0.007639873772859573
21021,0.3492377996444702
21022,0.5886926054954529
21023,0.055006738752126694
21024,0.1293613463640213
21025,0.07750463485717773
21026,0.15822376310825348
21027,0.298551470041275
21028,0.12087671458721161
21029,0.029503019526600838
21030,0.03302307054400444
21031,0.058523233979940414
21032,0.021152768284082413
21033,0.9556685090065002
21034,0.007021559402346611
21035,0.007247497793287039
21036,0.007021559402346611
21037,0.007247497793287039
21038,0.007021559402346611
21039,0.9708932638168335
21040,0.007021559402346611
21041,0.007021559402346611
21042,0.007021559402346611
21043,0.007021559402346611
21044,0.007021559402346611
21045,0.26603132486343384
21046,0.007021559402346611
21047,0.007021559402346611
21048,0.8817647099494934
21049,0.1432618349790573
21050,0.15826019644737244
21051,0.007021559402346611
21052,0.007021559402346611
21053,0.007021559402346611
21054,0.007021559402346611
21055,0.007021559402346611
21056,0.007021559402346611
21057,0.007021559402346611
21058,0.006592266261577606
21059,0.007021559402346611
21060,0.007021559402346611
21061,0.007021559402346611
21062,0.007021559402346611
21063,0.2124306559562683
21064,0.007247497793287039
21065,0.007247497793287039
21066,0.03979690000414848
21067,0.0032427238766103983
21068,0.009794780053198338
21069,0.7876695990562439
21070,0.007679627742618322
21071,0.1698295772075653
21072,0.12186427414417267
21073,0.04954126849770546
21074,0.004029202274978161
21075,0.004029202274978161
21076,0.004029202274978161
21077,0.004029202274978161
21078,0.08678696304559708
21079,0.5365092158317566
21080,0.029530417174100876
21081,0.1635325402021408
21082,0.12208632379770279
21083,0.005796378944069147
21084,0.004029202274978161
21085,0.008596922270953655
21086,0.10944609344005585
21087,0.009914104826748371
21088,0.028022438287734985
21089,0.01912040077149868
21090,0.006878986954689026
21091,0.013318766839802265
21092,0.013357378542423248
21093,0.0025120298378169537
21094,0.19442573189735413
21095,0.013337792828679085
21096,0.0047671981155872345
21097,0.040395092219114304
21098,0.117990642786026
21099,0.011616874486207962
21100,0.021947413682937622
21101,0.33907777070999146
21102,0.0909077525138855
21103,0.029367970302700996
21104,0.0023546258453279734
21105,0.04929036274552345
21106,0.004637895151972771
21107,0.2779175937175751
21108,0.09661857038736343
21109,0.05108603090047836
21110,0.08021668344736099
21111,0.04638366028666496
21112,0.014365257695317268
21113,0.9799277782440186
21114,0.04330182075500488
21115,0.01311248168349266
21116,0.008045329712331295
21117,0.018667178228497505
21118,0.7258424758911133
21119,0.10796918720006943
21120,0.0110011650249362
21121,0.03738946095108986
21122,0.28746387362480164
21123,0.2878029942512512
21124,0.0053094117902219296
21125,0.004246945958584547
21126,0.008045329712331295
21127,0.20871275663375854
21128,0.19440491497516632
21129,0.07725126296281815
21130,0.07628937065601349
21131,0.6790022253990173
21132,0.24576148390769958
21133,0.9760916829109192
21134,0.4619598984718323
21135,0.07000661641359329
21136,0.07000661641359329
21137,0.0050842128694057465
21138,0.13662071526050568
21139,0.07000661641359329
21140,0.022235466167330742
21141,0.020070578902959824
21142,0.005773558281362057
21143,0.02107447013258934
21144,0.2897837460041046
21145,0.003767641494050622
21146,0.01994962804019451
21147,0.02324177324771881
21148,0.7588777542114258
21149,0.019176607951521873
21150,0.004384983796626329
21151,0.16046656668186188
21152,0.010541651397943497
21153,0.01305540930479765
21154,0.22772377729415894
21155,0.07492590695619583
21156,0.9546900987625122
21157,0.009509079158306122
21158,0.14256475865840912
21159,0.010351983830332756
21160,0.0699022114276886
21161,0.14502203464508057
21162,0.9023190140724182
21163,0.008914344944059849
21164,0.10660824924707413
21165,0.02808692492544651
21166,0.0014273938722908497
21167,0.027948245406150818
21168,0.021224141120910645
21169,0.03833279013633728
21170,0.8781450390815735
21171,0.2989685535430908
21172,0.8497278690338135
21173,0.016939343884587288
21174,0.020371627062559128
21175,0.13449633121490479
21176,0.15002687275409698
21177,0.008603090420365334
21178,0.01989755593240261
21179,0.009971968829631805
21180,0.00750877195969224
21181,0.25020235776901245
21182,0.06772962957620621
21183,0.6600232124328613
21184,0.20184174180030823
21185,0.021869368851184845
21186,0.43689537048339844
21187,0.07147657126188278
21188,0.03350570425391197
21189,0.04555252194404602
21190,0.006961012724786997
21191,0.022324474528431892
21192,0.06889703869819641
21193,0.0069943638518452644
21194,0.1635325402021408
21195,0.11139281839132309
21196,0.28806787729263306
21197,0.012836504727602005
21198,0.23047856986522675
21199,0.1203613430261612
21200,0.25173327326774597
21201,0.06087901443243027
21202,0.018130648881196976
21203,0.024347979575395584
21204,0.004615796264261007
21205,0.0055752284824848175
21206,0.23920556902885437
21207,0.5452485680580139
21208,0.1469423621892929
21209,0.9719024896621704
21210,0.004882047884166241
21211,0.05136576667428017
21212,0.018931904807686806
21213,0.009732073172926903
21214,0.009600924327969551
21215,0.005820061545819044
21216,0.07608639448881149
21217,0.6227085590362549
21218,0.016386983916163445
21219,0.022985372692346573
21220,0.0337519533932209
21221,0.41559091210365295
21222,0.2425636202096939
21223,0.027079099789261818
21224,0.06423474103212357
21225,0.14669379591941833
21226,0.036318469792604446
21227,0.2511402368545532
21228,0.00876384787261486
21229,0.04027162119746208
21230,0.007792818825691938
21231,0.03501709923148155
21232,0.7088380455970764
21233,0.17785120010375977
21234,0.27958711981773376
21235,0.4364498555660248
21236,0.03787931427359581
21237,0.9319199919700623
21238,0.021117646247148514
21239,0.058734048157930374
21240,0.0047959680669009686
21241,0.15701329708099365
21242,0.006935677956789732
21243,0.014013835228979588
21244,0.03428221493959427
21245,0.058734048157930374
21246,0.058734048157930374
21247,0.03807606175541878
21248,0.03807606175541878
21249,0.058734048157930374
21250,0.03807606175541878
21251,0.058734048157930374
21252,0.0069535840302705765
21253,0.062499985098838806
21254,0.058734048157930374
21255,0.058734048157930374
21256,0.058734048157930374
21257,0.0047959680669009686
21258,0.058734048157930374
21259,0.058734048157930374
21260,0.0047959680669009686
21261,0.058734048157930374
21262,0.058734048157930374
21263,0.013087902218103409
21264,0.058734048157930374
21265,0.01010165736079216
21266,0.003431082470342517
21267,0.01198885589838028
21268,0.058734048157930374
21269,0.01718819886445999
21270,0.17163564264774323
21271,0.18059267103672028
21272,0.058734048157930374
21273,0.058734048157930374
21274,0.058734048157930374
21275,0.07729071378707886
21276,0.013167965225875378
21277,0.21300847828388214
21278,0.030685828998684883
21279,0.1350269913673401
21280,0.01479113195091486
21281,0.04595658928155899
21282,0.05602502450346947
21283,0.1350269913673401
21284,0.1276763677597046
21285,0.09763195365667343
21286,0.004013156984001398
21287,0.013917231932282448
21288,0.004013156984001398
21289,0.001273752306587994
21290,0.07916659861803055
21291,0.05320281162858009
21292,0.0048655676655471325
21293,0.16819073259830475
21294,0.4460686445236206
21295,0.05133972689509392
21296,0.011210680939257145
21297,0.01873791590332985
21298,0.13144159317016602
21299,0.17219509184360504
21300,0.010417625308036804
21301,0.01709866337478161
21302,0.15640312433242798
21303,0.007913896813988686
21304,0.3537726402282715
21305,0.06605815887451172
21306,0.22734567523002625
21307,0.9842582941055298
21308,0.04406169056892395
21309,0.118930883705616
21310,0.1044934093952179
21311,0.04641924053430557
21312,0.08244151622056961
21313,0.030428681522607803
21314,0.09366942197084427
21315,0.012621186673641205
21316,0.006857221480458975
21317,0.21066276729106903
21318,0.015230989083647728
21319,0.206132709980011
21320,0.673674464225769
21321,0.010810710489749908
21322,0.052295878529548645
21323,0.206132709980011
21324,0.12186285108327866
21325,0.012540101073682308
21326,0.9689012169837952
21327,0.01508987508714199
21328,0.0044005559757351875
21329,0.00813022069633007
21330,0.03842621296644211
21331,0.05301123484969139
21332,0.024272343143820763
21333,0.2992449402809143
21334,0.5501288771629333
21335,0.9817624092102051
21336,0.01762513257563114
21337,0.13048559427261353
21338,0.07303103059530258
21339,0.6459255218505859
21340,0.05224441736936569
21341,0.028939679265022278
21342,0.06091823801398277
21343,0.003853739472106099
21344,0.014759584330022335
21345,0.08476701378822327
21346,0.06723999232053757
21347,0.042153503745794296
21348,0.05518258735537529
21349,0.0012710037408396602
21350,0.10993659496307373
21351,0.03654937073588371
21352,0.29335328936576843
21353,0.02221263386309147
21354,0.1333281546831131
21355,0.01770152524113655
21356,0.03898528963327408
21357,0.04214472696185112
21358,0.8793689012527466
21359,0.13010922074317932
21360,0.00743075693026185
21361,0.014963916502892971
21362,0.0626375749707222
21363,0.5050725340843201
21364,0.005397441331297159
21365,0.04903778061270714
21366,0.47715988755226135
21367,0.004684989806264639
21368,0.12312299758195877
21369,0.416517436504364
21370,0.004445421975106001
21371,0.00468870485201478
21372,0.0638531818985939
21373,0.0477982833981514
21374,0.5861624479293823
21375,0.12094373255968094
21376,0.025061625987291336
21377,0.020398931577801704
21378,0.5806986689567566
21379,0.05102337524294853
21380,0.14222805202007294
21381,0.1442948430776596
21382,0.7243577837944031
21383,0.04433789104223251
21384,0.030502136796712875
21385,0.4200272560119629
21386,0.20561611652374268
21387,0.006696190219372511
21388,0.19534006714820862
21389,0.3589407205581665
21390,0.040418509393930435
21391,0.017472699284553528
21392,0.09085988253355026
21393,0.05286461487412453
21394,0.26981163024902344
21395,0.05800354853272438
21396,0.036191027611494064
21397,0.10204502195119858
21398,0.049452584236860275
21399,0.4298568367958069
21400,0.10952092707157135
21401,0.04998024180531502
21402,0.04834353178739548
21403,0.3434017300605774
21404,0.5750904679298401
21405,0.16056369245052338
21406,0.08938997983932495
21407,0.008868768811225891
21408,0.045856498181819916
21409,0.015773609280586243
21410,0.017118684947490692
21411,0.02322004735469818
21412,0.40176743268966675
21413,0.22919438779354095
21414,0.013258151710033417
21415,0.018586238846182823
21416,0.03345157951116562
21417,0.2137574851512909
21418,0.22163288295269012
21419,0.061157599091529846
21420,0.07488550990819931
21421,0.13067121803760529
21422,0.3176182508468628
21423,0.030170844867825508
21424,0.01301587000489235
21425,0.18938174843788147
21426,0.9653213620185852
21427,0.037704598158597946
21428,0.005621648859232664
21429,0.005621648859232664
21430,0.04021330177783966
21431,0.07423243671655655
21432,0.6881254315376282
21433,0.005621648859232664
21434,0.0712406113743782
21435,0.039282653480768204
21436,0.0710846409201622
21437,0.005621648859232664
21438,0.012987595051527023
21439,0.005621648859232664
21440,0.005621648859232664
21441,0.48280292749404907
21442,0.0712406113743782
21443,0.0712406113743782
21444,0.012987595051527023
21445,0.005621648859232664
21446,0.005621648859232664
21447,0.0712406113743782
21448,0.04476082697510719
21449,0.009786311537027359
21450,0.13102102279663086
21451,0.0712406113743782
21452,0.005621648859232664
21453,0.005621648859232664
21454,0.005621648859232664
21455,0.0712406113743782
21456,0.15658748149871826
21457,0.10447850823402405
21458,0.8804333806037903
21459,0.5514921545982361
21460,0.7198944687843323
21461,0.6703317761421204
21462,0.005621648859232664
21463,0.03426923602819443
21464,0.02243211679160595
21465,0.0459338054060936
21466,0.010173681192100048
21467,0.014638411812484264
21468,0.03306160867214203
21469,0.25496500730514526
21470,0.02832777425646782
21471,0.0508829765021801
21472,0.0763346254825592
21473,0.10463609546422958
21474,0.044676341116428375
21475,0.49242982268333435
21476,0.3864472806453705
21477,0.9202271699905396
21478,0.06951647996902466
21479,0.01455061323940754
21480,0.19046083092689514
21481,0.008550594560801983
21482,0.17895051836967468
21483,0.05222226679325104
21484,0.08967969566583633
21485,0.05037384852766991
21486,0.22895382344722748
21487,0.25738248229026794
21488,0.010931489989161491
21489,0.017445076256990433
21490,0.010570872575044632
21491,0.014659714885056019
21492,0.052005454897880554
21493,0.048646021634340286
21494,0.02891312539577484
21495,0.047344304621219635
21496,0.0644177794456482
21497,0.22000958025455475
21498,0.0028914720751345158
21499,0.2538944482803345
21500,0.3974870443344116
21501,0.22000958025455475
21502,0.014151780866086483
21503,0.052348073571920395
21504,0.6001316905021667
21505,0.09354236721992493
21506,0.004001646302640438
21507,0.018743863329291344
21508,0.02592632919549942
21509,0.9827085137367249
21510,0.48308178782463074
21511,0.0039903162978589535
21512,0.48113885521888733
21513,0.1086653545498848
21514,0.20417293906211853
21515,0.05159866064786911
21516,0.983037531375885
21517,0.17968475818634033
21518,0.2065407931804657
21519,0.033190395683050156
21520,0.01650162786245346
21521,0.003706389805302024
21522,0.05831537023186684
21523,0.017508113756775856
21524,0.020160449668765068
21525,0.24672715365886688
21526,0.6866819858551025
21527,0.5012063980102539
21528,0.17165085673332214
21529,0.005691617261618376
21530,0.10706976056098938
21531,0.019391627982258797
21532,0.007538498844951391
21533,0.05850236490368843
21534,0.5068720579147339
21535,0.0038254668470472097
21536,0.2791061997413635
21537,0.2791061997413635
21538,0.028458254411816597
21539,0.05307029187679291
21540,0.04599693790078163
21541,0.0731852725148201
21542,0.04599693790078163
21543,0.06156469136476517
21544,0.01268620602786541
21545,0.032658517360687256
21546,0.16469141840934753
21547,0.03054351545870304
21548,0.8754693269729614
21549,0.012711099348962307
21550,0.01792498119175434
21551,0.18047168850898743
21552,0.005634233355522156
21553,0.0081027960404753685
21554,0.0034606135450303555
21555,0.026000292971730232
21556,0.10514364391565323
21557,0.4257954955101013
21558,0.2377491593360901
21559,0.3355967104434967
21560,0.35228580236434937
21561,0.04534132033586502
21562,0.03524092212319374
21563,0.09768910706043243
21564,0.009130838327109814
21565,0.186367005109787
21566,0.5631080269813538
21567,0.0786476656794548
21568,0.08332134783267975
21569,0.05152517184615135
21570,0.19113747775554657
21571,0.26769161224365234
21572,0.06626550853252411
21573,0.24461403489112854
21574,0.08332134783267975
21575,0.038134727627038956
21576,0.9631938934326172
21577,0.2118029147386551
21578,0.036680854856967926
21579,0.9787138104438782
21580,0.018443705514073372
21581,0.14860562980175018
21582,0.10389631986618042
21583,0.056846439838409424
21584,0.5105372667312622
21585,0.019718749448657036
21586,0.6444578170776367
21587,0.39136332273483276
21588,0.003180552739650011
21589,0.005405263975262642
21590,0.11381421983242035
21591,0.0033097458072006702
21592,0.023778732866048813
21593,0.045856498181819916
21594,0.004395816009491682
21595,0.027564778923988342
21596,0.16611000895500183
21597,0.052295878529548645
21598,0.018503453582525253
21599,0.10057422518730164
21600,0.12061723321676254
21601,0.13885657489299774
21602,0.011001590639352798
21603,0.052295878529548645
21604,0.006244628690183163
21605,0.05200538784265518
21606,0.0265869852155447
21607,0.9885181784629822
21608,0.4059266149997711
21609,0.027841558679938316
21610,0.08868762850761414
21611,0.052295878529548645
21612,0.016605399549007416
21613,0.009828268550336361
21614,0.1079418882727623
21615,0.962152361869812
21616,0.0045364610850811005
21617,0.4045930802822113
21618,0.056652847677469254
21619,0.032957445830106735
21620,0.01199337001889944
21621,0.008623684756457806
21622,0.3613591194152832
21623,0.017942743375897408
21624,0.5572887063026428
21625,0.020402900874614716
21626,0.3582409620285034
21627,0.3649015426635742
21628,0.011836985126137733
21629,0.06535037606954575
21630,0.004880600143224001
21631,0.07146737724542618
21632,0.07146737724542618
21633,0.07146737724542618
21634,0.07146737724542618
21635,0.07146737724542618
21636,0.07146737724542618
21637,0.07146737724542618
21638,0.7802103757858276
21639,0.1683453470468521
21640,0.32494041323661804
21641,0.047154806554317474
21642,0.5041303634643555
21643,0.06280763447284698
21644,0.016819661483168602
21645,0.20214860141277313
21646,0.006173788569867611
21647,0.06569012254476547
21648,0.4643506705760956
21649,0.9817226529121399
21650,0.9762914776802063
21651,0.016927167773246765
21652,0.00915715005248785
21653,0.25636738538742065
21654,0.0061186132952570915
21655,0.008327288553118706
21656,0.1554553508758545
21657,0.26493868231773376
21658,0.03923840448260307
21659,0.355305552482605
21660,0.3387199938297272
21661,0.07404310256242752
21662,0.12904922664165497
21663,0.016162605956196785
21664,0.05363817512989044
21665,0.05929022654891014
21666,0.11421861499547958
21667,0.02590670809149742
21668,0.9683287739753723
21669,0.2733128070831299
21670,0.08917120844125748
21671,0.45181137323379517
21672,0.01464591734111309
21673,0.34759992361068726
21674,0.07406146824359894
21675,0.0894947499036789
21676,0.2316938191652298
21677,0.01822868548333645
21678,0.046659693121910095
21679,0.0025619769003242254
21680,0.020755181089043617
21681,0.02300681173801422
21682,0.013276348821818829
21683,0.017952434718608856
21684,0.3243406414985657
21685,0.007698294706642628
21686,0.6397409439086914
21687,0.099564328789711
21688,0.03058221936225891
21689,0.0090047437697649
21690,0.018846487626433372
21691,0.048324279487133026
21692,0.11399183422327042
21693,0.0030872756615281105
21694,0.005348994396626949
21695,0.004831099417060614
21696,0.004831099417060614
21697,0.005299891345202923
21698,0.013161417096853256
21699,0.2364705204963684
21700,0.9558975696563721
21701,0.128867506980896
21702,0.20560552179813385
21703,0.06661058217287064
21704,0.07111361622810364
21705,0.26857438683509827
21706,0.09266836941242218
21707,0.01348444726318121
21708,0.015956051647663116
21709,0.056497592478990555
21710,0.026742467656731606
21711,0.02650369517505169
21712,0.005757821723818779
21713,0.009785114787518978
21714,0.0030400038231164217
21715,0.06770128756761551
21716,0.026161333546042442
21717,0.12816427648067474
21718,0.013846649788320065
21719,0.3477734923362732
21720,0.3726521134376526
21721,0.01728840172290802
21722,0.183114156126976
21723,0.19621723890304565
21724,0.041189756244421005
21725,0.019677024334669113
21726,0.007309819106012583
21727,0.09800206869840622
21728,0.010340954177081585
21729,0.011364387348294258
21730,0.21345147490501404
21731,0.41890257596969604
21732,0.25826495885849
21733,0.05178995430469513
21734,0.17851215600967407
21735,0.00991667527705431
21736,0.023376964032649994
21737,0.04743048548698425
21738,0.1694200187921524
21739,0.10094951093196869
21740,0.010027122683823109
21741,0.05704715475440025
21742,0.05704715475440025
21743,0.615342378616333
21744,0.0046566748060286045
21745,0.25826495885849
21746,0.049600597470998764
21747,0.011109726503491402
21748,0.10716346651315689
21749,0.04959755390882492
21750,0.03009432926774025
21751,0.24822209775447845
21752,0.02321961335837841
21753,0.0029396384488791227
21754,0.08041419088840485
21755,0.41252636909484863
21756,0.010804221034049988
21757,0.19372810423374176
21758,0.07346803694963455
21759,0.0028012972325086594
21760,0.5094423294067383
21761,0.25358131527900696
21762,0.28409597277641296
21763,0.1251593679189682
21764,0.43390700221061707
21765,0.30436354875564575
21766,0.17772379517555237
21767,0.018298577517271042
21768,0.03751635178923607
21769,0.09480875730514526
21770,0.03751635178923607
21771,0.039668627083301544
21772,0.03751635178923607
21773,0.03751635178923607
21774,0.012093063443899155
21775,0.4330850839614868
21776,0.15442490577697754
21777,0.3402414917945862
21778,0.44895127415657043
21779,0.03016110323369503
21780,0.01158947218209505
21781,0.6458281874656677
21782,0.011137520894408226
21783,0.08268594741821289
21784,0.025510171428322792
21785,0.02591274492442608
21786,0.10260700434446335
21787,0.11000596731901169
21788,0.8468894958496094
21789,0.06956976652145386
21790,0.34349554777145386
21791,0.002399280434474349
21792,0.07661084085702896
21793,0.12288585305213928
21794,0.04793926328420639
21795,0.14265787601470947
21796,0.0020566736347973347
21797,0.9573935866355896
21798,0.014154922217130661
21799,0.7770477533340454
21800,0.4653390645980835
21801,0.35868874192237854
21802,0.030321888625621796
21803,0.5771825313568115
21804,0.014855231158435345
21805,0.0805867612361908
21806,0.00580586725845933
21807,0.28727081418037415
21808,0.15944711863994598
21809,0.023588210344314575
21810,0.018915921449661255
21811,0.0046225315891206264
21812,0.003179323859512806
21813,0.5228146910667419
21814,0.10141045600175858
21815,0.10141045600175858
21816,0.027401523664593697
21817,0.3134031295776367
21818,0.028721341863274574
21819,0.019713718444108963
21820,0.5878767967224121
21821,0.03041139431297779
21822,0.018335452303290367
21823,0.09965305030345917
21824,0.023287318646907806
21825,0.025051286444067955
21826,0.06250490248203278
21827,0.05570773035287857
21828,0.03303389251232147
21829,0.024841545149683952
21830,0.0596131831407547
21831,0.054725002497434616
21832,0.39924702048301697
21833,0.054725002497434616
21834,0.30275920033454895
21835,0.007991974242031574
21836,0.1189795434474945
21837,0.7472012639045715
21838,0.5333829522132874
21839,0.1160534992814064
21840,0.6043199896812439
21841,0.02182193472981453
21842,0.013473072089254856
21843,0.9641148447990417
21844,0.003466601250693202
21845,0.008937612175941467
21846,0.012440769001841545
21847,0.9673845171928406
21848,0.024881763383746147
21849,0.007123421877622604
21850,0.6460166573524475
21851,0.9699196219444275
21852,0.34721431136131287
21853,0.1044926717877388
21854,0.02033139392733574
21855,0.2289101928472519
21856,0.012386146932840347
21857,0.0037474441342055798
21858,0.22479113936424255
21859,0.008036174811422825
21860,0.0075562396086752415
21861,0.05797846242785454
21862,0.005938909947872162
21863,0.5801546573638916
21864,0.15572455525398254
21865,0.15572455525398254
21866,0.15572455525398254
21867,0.0754798874258995
21868,0.5534255504608154
21869,0.0030781882815063
21870,0.9582639336585999
21871,0.5801546573638916
21872,0.8692044019699097
21873,0.029895935207605362
21874,0.13239887356758118
21875,0.11593446880578995
21876,0.35195469856262207
21877,0.006651431787759066
21878,0.1498357355594635
21879,0.003146887058392167
21880,0.07146652787923813
21881,0.006945768371224403
21882,0.5187784433364868
21883,0.07886999100446701
21884,0.4109252691268921
21885,0.029194559901952744
21886,0.05151298642158508
21887,0.43011677265167236
21888,0.15742060542106628
21889,0.016691604629158974
21890,0.004125696141272783
21891,0.0069443341344594955
21892,0.09281676262617111
21893,0.4033692181110382
21894,0.06443703919649124
21895,0.10594702512025833
21896,0.003399229608476162
21897,0.13067522644996643
21898,0.08118691295385361
21899,0.04460378363728523
21900,0.8939099311828613
21901,0.15725818276405334
21902,0.0304054394364357
21903,0.9541438817977905
21904,0.1457739621400833
21905,0.06352197378873825
21906,0.008589870296418667
21907,0.9177323579788208
21908,0.3108787536621094
21909,0.1863899528980255
21910,0.08118691295385361
21911,0.012794848531484604
21912,0.21987012028694153
21913,0.016077736392617226
21914,0.5059835910797119
21915,0.03199152648448944
21916,0.39817312359809875
21917,0.045441508293151855
21918,0.02330714464187622
21919,0.3522011637687683
21920,0.25256219506263733
21921,0.19031377136707306
21922,0.331236332654953
21923,0.24958397448062897
21924,0.03359955921769142
21925,0.07961972802877426
21926,0.225467249751091
21927,0.002537462394684553
21928,0.1002199649810791
21929,0.005557868164032698
21930,0.023773813620209694
21931,0.06451578438282013
21932,0.4367826282978058
21933,0.9507579803466797
21934,0.023473044857382774
21935,0.03562129661440849
21936,0.0721089169383049
21937,0.4336971342563629
21938,0.005047188140451908
21939,0.009537946432828903
21940,0.10025406628847122
21941,0.00436420738697052
21942,0.018335452303290367
21943,0.04859204217791557
21944,0.004048921633511782
21945,0.010764913633465767
21946,0.009983193129301071
21947,0.3879207372665405
21948,0.05673723295331001
21949,0.6264263987541199
21950,0.018458420410752296
21951,0.028884191066026688
21952,0.028606943786144257
21953,0.02339046634733677
21954,0.010492134839296341
21955,0.06163054332137108
21956,0.6582776308059692
21957,0.014527227729558945
21958,0.02462967112660408
21959,0.7499189376831055
21960,0.010498404502868652
21961,0.009570430032908916
21962,0.0060136886313557625
21963,0.10250941663980484
21964,0.07601563632488251
21965,0.03596658632159233
21966,0.954304575920105
21967,0.005596451926976442
21968,0.023730376735329628
21969,0.01762974075973034
21970,0.066922128200531
21971,0.018256964161992073
21972,0.09303702414035797
21973,0.47109469771385193
21974,0.025532573461532593
21975,0.056906599551439285
21976,0.06038425490260124
21977,0.36634618043899536
21978,0.006930327042937279
21979,0.004375987220555544
21980,0.015075227245688438
21981,0.4479057490825653
21982,0.051919691264629364
21983,0.3702594041824341
21984,0.15132004022598267
21985,0.011671345680952072
21986,0.026350820437073708
21987,0.06661964952945709
21988,0.029767019674181938
21989,0.015297682955861092
21990,0.04688338190317154
21991,0.23935101926326752
21992,0.9274942874908447
21993,0.026760244742035866
21994,0.0546402707695961
21995,0.06622057408094406
21996,0.06567554920911789
21997,0.006980917416512966
21998,0.10928703844547272
21999,0.5167850255966187
22000,0.01594451814889908
22001,0.030909201130270958
22002,0.027672631666064262
22003,0.011647970415651798
22004,0.009761173278093338
22005,0.0581267885863781
22006,0.020849566906690598
22007,0.025081899017095566
22008,0.0581267885863781
22009,0.5605705976486206
22010,0.03478571027517319
22011,0.02656412124633789
22012,0.2019236534833908
22013,0.027873240411281586
22014,0.2417387068271637
22015,0.5937250256538391
22016,0.9542700052261353
22017,0.31585875153541565
22018,0.009925728663802147
22019,0.2417387068271637
22020,0.34368446469306946
22021,0.2417387068271637
22022,0.34141525626182556
22023,0.015934981405735016
22024,0.24329017102718353
22025,0.0055794487707316875
22026,0.6531228423118591
22027,0.012799480929970741
22028,0.3223074972629547
22029,0.008944102562963963
22030,0.0540894977748394
22031,0.024561244994401932
22032,0.4529756009578705
22033,0.04278678447008133
22034,0.0633155032992363
22035,0.011276813223958015
22036,0.7246115207672119
22037,0.06956175714731216
22038,0.030605638399720192
22039,0.03291221335530281
22040,0.00781314168125391
22041,0.014916056767106056
22042,0.10146791487932205
22043,0.021247372031211853
22044,0.08132472634315491
22045,0.0509810745716095
22046,0.08339311927556992
22047,0.11274931579828262
22048,0.008355600759387016
22049,0.014160498976707458
22050,0.08132472634315491
22051,0.014160498976707458
22052,0.014160498976707458
22053,0.08132472634315491
22054,0.04517745226621628
22055,0.014160498976707458
22056,0.08132472634315491
22057,0.25471416115760803
22058,0.9744037985801697
22059,0.009379311464726925
22060,0.0515257902443409
22061,0.014160498976707458
22062,0.08132472634315491
22063,0.08132472634315491
22064,0.06462214142084122
22065,0.01816415973007679
22066,0.6178185343742371
22067,0.014160498976707458
22068,0.08132472634315491
22069,0.08132472634315491
22070,0.00882413238286972
22071,0.00924166664481163
22072,0.8333523273468018
22073,0.09760413318872452
22074,0.08049985766410828
22075,0.08132472634315491
22076,0.06995286792516708
22077,0.09449271112680435
22078,0.05827787145972252
22079,0.013980239629745483
22080,0.056871652603149414
22081,0.01597677357494831
22082,0.009455496445298195
22083,0.017302770167589188
22084,0.21788659691810608
22085,0.057816844433546066
22086,0.03644467145204544
22087,0.03212529420852661
22088,0.17809242010116577
22089,0.06765544414520264
22090,0.0034641344100236893
22091,0.2334975302219391
22092,0.09449271112680435
22093,0.056871652603149414
22094,0.15269911289215088
22095,0.0024640029296278954
22096,0.032439347356557846
22097,0.03212707117199898
22098,0.01335097011178732
22099,0.9488049745559692
22100,0.1935015171766281
22101,0.006595914717763662
22102,0.002409082604572177
22103,0.004273233003914356
22104,0.056722600013017654
22105,0.08363176882266998
22106,0.9721921682357788
22107,0.056722600013017654
22108,0.017566494643688202
22109,0.056722600013017654
22110,0.18953807651996613
22111,0.056722600013017654
22112,0.029964273795485497
22113,0.056722600013017654
22114,0.056722600013017654
22115,0.030104493722319603
22116,0.012385825626552105
22117,0.13834398984909058
22118,0.002409082604572177
22119,0.003394451690837741
22120,0.10964200645685196
22121,0.0917920395731926
22122,0.0029512853361666203
22123,0.7608762979507446
22124,0.16530512273311615
22125,0.10571533441543579
22126,0.015986718237400055
22127,0.010944308713078499
22128,0.12440910190343857
22129,0.0053240577690303326
22130,0.01801290735602379
22131,0.11651590466499329
22132,0.019791781902313232
22133,0.009455496445298195
22134,0.009455496445298195
22135,0.009455496445298195
22136,0.009455496445298195
22137,0.02222883701324463
22138,0.009455496445298195
22139,0.027645975351333618
22140,0.009455496445298195
22141,0.9124433398246765
22142,0.05835353210568428
22143,0.009455496445298195
22144,0.009455496445298195
22145,0.30953842401504517
22146,0.015738196671009064
22147,0.009455496445298195
22148,0.009455496445298195
22149,0.0339311845600605
22150,0.009455496445298195
22151,0.009455496445298195
22152,0.10324952751398087
22153,0.009455496445298195
22154,0.051153961569070816
22155,0.47508305311203003
22156,0.17993679642677307
22157,0.9825316071510315
22158,0.07221975177526474
22159,0.09089003503322601
22160,0.45071712136268616
22161,0.017067262902855873
22162,0.004833316896110773
22163,0.588413417339325
22164,0.022295840084552765
22165,0.13847003877162933
22166,0.015872331336140633
22167,0.061604276299476624
22168,0.10752679407596588
22169,0.07837647944688797
22170,0.09973866492509842
22171,0.16473427414894104
22172,0.014258116483688354
22173,0.19709628820419312
22174,0.0023872887250036
22175,0.0023872887250036
22176,0.14773713052272797
22177,0.020835358649492264
22178,0.15433698892593384
22179,0.45782968401908875
22180,0.11790111660957336
22181,0.04967282712459564
22182,0.2899967133998871
22183,0.012309113517403603
22184,0.01607348956167698
22185,0.031356073915958405
