id,probs
1,0.007561169287655502
2,0.12154961951076984
3,0.7013811945915223
4,0.09449652352370322
5,0.009940138811944053
6,0.05218075795099139
7,0.2100073381513357
8,0.03791691360063851
9,0.13189922645688057
10,0.08306557470932603
11,0.01664973724167794
12,0.24905231069773437
13,0.018791519382502883
14,0.033121146420016886
15,0.05184310085140169
16,0.03536561685614288
17,0.013261093548499048
18,0.0011972976168908645
19,0.00331878301105462
20,0.011008637273916974
21,0.14134560706093907
22,0.05065821848809719
23,0.013063665039371699
24,0.02946916884742677
25,0.015460477846208959
26,0.05248437856324017
27,0.010841388222761452
28,0.019045545437838884
29,0.5858976498246193
30,0.01949576286133379
31,0.0314355690125376
32,0.01257786710979417
33,0.017922923541627823
34,0.0022089770570164545
35,0.04396707089617848
36,0.01924802080495283
37,0.11564387112855912
38,0.007293224965687841
39,0.6116939470171928
40,0.017775028333999215
41,0.12495016910135746
42,0.033811298126820474
43,0.060361904040910304
44,0.0035002993262605742
45,0.03081940645817667
46,0.028824146664701403
47,0.7260581876337528
48,0.02233629688853398
49,0.12497413072735071
50,0.8412031209468842
51,0.041298757493495944
52,0.007416844294639304
53,0.010782567773712799
54,0.010324546059127897
55,0.00972589747281745
56,0.7793176716566086
57,0.13147944087162614
58,0.08047487111762167
59,0.8129583805799484
60,0.04994410903193056
61,0.01728392788907513
62,0.023646230292506516
63,0.010104022474261001
64,0.04621147439349443
65,0.09599657322280108
66,0.7979637688398361
67,0.10990330116823316
68,0.025656137368641793
69,0.08937356809154152
70,0.012557381929364056
71,0.0855685954913497
72,0.6387386091053486
73,0.007360187001759186
74,0.018392862840555607
75,0.041489519188180564
76,0.0067951219133101405
77,0.027686411873437466
78,0.15717794110998512
79,0.04710966719314456
80,0.18829148426651954
81,0.19245693009346723
82,0.044827104927971956
83,0.04830253284424543
84,0.24517726562917233
85,0.016855234340764583
86,0.8209443363547325
87,0.0052893942047376186
88,0.0052893942047376186
89,0.7488978327810765
90,0.004411097408737987
91,0.005120922750211321
92,0.0032214508004835807
93,0.005298005178337917
94,0.08604666272178292
95,0.025241614999249578
96,0.06781892199069262
97,0.051402574558742344
98,0.03311718365177512
99,0.02518484866479412
100,0.028580314479768276
101,0.12827802587300538
102,0.42467668116092683
103,0.5069082044064999
104,0.4341434597223997
105,0.06869176174513995
106,0.0951834616344422
107,0.03636014238465577
108,0.009414642660412937
109,0.5925902020931244
110,0.0359033670136705
111,0.04639536174014211
112,0.12836784010753036
113,0.09846244243904949
114,0.09846244243904949
115,0.02991096907760948
116,0.02060971357859671
117,0.3040284394659102
118,0.029871228625997902
119,0.016075156019069253
120,0.40071060560643673
121,0.15788956239819527
122,0.7238613434135914
123,0.11479073664173484
124,0.15298282699659466
125,0.007264576406450942
126,0.017768391915597023
127,0.04662483046762645
128,0.0441730878315866
129,0.20763024892657994
130,0.042272599004209044
131,0.6071519017219543
132,0.013552265396574512
133,0.05797621539793909
134,0.01863668015226722
135,0.020262455123011024
136,0.019085649894550444
137,0.036125810742378237
138,0.06663251135498285
139,0.030370238581672312
140,0.19306770496070386
141,0.10341935003176332
142,0.016703313135076316
143,0.026114176949486135
144,0.1829743415489793
145,0.023602124308235942
146,0.017918686382472515
147,0.07767516734078526
148,0.26204492822289466
149,0.1538804192468524
150,0.1756780456379056
151,0.016861735873389988
152,0.034073632322251794
153,0.050876231295987964
154,0.11016046855598688
155,0.6565038897097111
156,0.1998984095081687
157,0.9620477536320686
158,0.06694658728316426
159,0.7956257775425911
160,0.006526365929748863
161,0.07695493571460248
162,0.018246226743794978
163,0.3689500587433577
164,0.04664744842797518
165,0.03042007374111563
166,0.34519817136228087
167,0.20657073505222798
168,0.009665682608028874
169,0.07028917375952005
170,0.006687341518700123
171,0.030668443264439703
172,0.28979268051683904
173,0.5777001339197159
174,0.12265581712126732
175,0.07272477542981505
176,0.01765301331412047
177,0.951970884501934
178,0.09110512554645539
179,0.9106862312555313
180,0.27162902664393185
181,0.01396052558440715
182,0.11770890222862362
183,0.044175387024879456
184,0.04076120963320136
185,0.07075882136821747
186,0.0555830595176667
187,0.7985912424325943
188,0.025775572559796275
189,0.034264530716463924
190,0.06758270660415291
191,0.08324876997619868
192,0.06377662844955921
193,0.2655216819792986
194,0.006231545103946701
195,0.01501731701893732
196,0.05275777001865208
197,0.0861277554742992
198,0.10906386457383632
199,0.042271238812245426
200,0.18042418107390404
201,0.020930688646622002
202,0.23475020803511143
203,0.0019882280539604835
204,0.215619697868824
205,0.55148890838027
206,0.37836597256362436
207,0.051502496413886545
208,0.9650483599305153
209,0.004542236254201271
210,0.05062687286175788
211,0.008307903381064534
212,0.012991227605380119
213,0.03594855678267777
214,0.055107334740459916
215,0.04326720234937966
216,0.038944897633045913
217,0.07008311890996993
218,0.08627718418836594
219,0.12157183257862926
220,0.21988338720053435
221,0.11462735110893846
222,0.018723901582416148
223,0.09907336050644516
224,0.1755744745954871
225,0.022841983379330487
226,0.06251965899951756
227,0.3295680862665176
228,0.12378866139799356
229,0.29253476180136206
230,0.8097273606061935
231,0.039014948913827535
232,0.031530453595332804
233,0.14756966847926378
234,0.06530730047263206
235,0.011864289093064145
236,0.9216160184144974
237,0.40273024439811705
238,0.016603669764008372
239,0.12414261506870389
240,0.06827868192456663
241,0.19371430680155755
242,0.03665579286403954
243,0.09817128423601389
244,0.03449266085401177
245,0.10820201804861426
246,0.10377469528466463
247,0.053222686583176256
248,0.029212096873670816
249,0.17290536742657422
250,0.038784019178710875
251,0.2262112969905138
252,0.015550088055897504
253,0.013157193090301007
254,0.08910347479395568
255,0.08455206887796521
256,0.03795959988143295
257,0.014085530827287585
258,0.03033581002615392
259,0.025957220653072
260,0.007107637849403545
261,0.18586845299229027
262,0.7906508794426919
263,0.01719730411656201
264,0.013196543221129104
265,0.003510106394533068
266,0.009398557516979053
267,0.04348684708587825
268,0.04692181335762143
269,7.747526365710655e-4
270,0.0010058194657904095
271,0.006320379595272243
272,0.0013299000976257956
273,0.03000721518881619
274,0.24846893940120934
275,0.004383118617115542
276,0.002613535392738413
277,0.02210908804554492
278,0.008329509655013681
279,0.025697561497800052
280,0.216071444042027
281,0.017603452471084892
282,0.027083882647566497
283,0.11255137735046446
284,0.0022583519482577683
285,0.04294457469135523
286,0.033703937283717095
287,0.004884128393023275
288,0.0014415618997009006
289,0.013981899158097803
290,0.10477943701669573
291,0.040906852893531326
292,0.4871200294792652
293,0.005791356359841302
294,0.0151229383982718
295,0.0968573622405529
296,0.0010187102972122374
297,0.016172619346762077
298,0.1314355719089508
299,0.1418692021071911
300,0.03459917704109103
301,0.001324958140758099
302,0.007101971080992371
303,0.030020722164772452
304,0.04371859353967011
305,0.05740292004309595
306,0.04000554187223315
307,0.017671489110216498
308,0.08543240047991275
309,0.6237942045927047
310,0.028447551811113955
311,8.336838560353499e-4
312,0.03236603299155831
313,0.0464490114338696
314,0.012370384271489456
315,0.012145206306595355
316,0.011745579389389605
317,0.1961353463679552
318,0.017616892324294895
319,0.07021403416991234
320,0.015629665090236812
321,3.647782349071349e-4
322,0.003241504595207516
323,0.0013194478854711633
324,0.004021305131027475
325,0.0807959564961493
326,0.005638809386873618
327,0.0018188453913899139
328,0.009682178741786628
329,0.045024874545633795
330,0.016720480488147588
331,0.0017633510466839653
332,0.012389640142209828
333,0.0017633510466839653
334,7.288352079194738e-4
335,0.002734525831474457
336,0.014810696600470692
337,9.869461192283779e-4
338,0.6985122910141945
339,0.004254744626814499
340,0.2262511401809752
341,0.014134879459161311
342,0.013682972146198154
343,0.005423084426438436
344,0.007182101656217128
345,0.011290359934791922
346,0.016574862636625765
347,0.00739278657361865
348,0.008008512856904418
349,0.0010659763724834193
350,0.055310781076550485
351,0.007981347010354512
352,0.002246470873069484
353,0.006609407394425944
354,0.006606152171734721
355,0.008888307221932337
356,0.0031361809803638605
357,0.027578261843882502
358,0.10444248338229954
359,0.006980489378329366
360,0.0022524253398296425
361,0.05593887053430081
362,0.0013458510812779422
363,0.01923816030845046
364,0.0054109129623975604
365,0.004826857998850755
366,0.014920281576924026
367,0.011201305456925183
368,0.09670653601177037
369,0.023362672564107925
370,8.774055685353233e-4
371,8.774055685353233e-4
372,0.0017607826138555539
373,0.002357830401742831
374,0.004931035020854324
375,0.005535078808316029
376,0.005756335530313663
377,0.01481900607002899
378,0.031891738874837754
379,0.08464178988710046
380,0.010559090732131153
381,0.015194114045007154
382,0.007129277404164896
383,0.13261437121778727
384,0.0429285081801936
385,0.018506997199729085
386,0.0458642328158021
387,0.0448862253408879
388,0.0518378568533808
389,0.05354523840360344
390,0.008476233272813261
391,0.0036134531212155705
392,0.005668514437275007
393,0.016585918720811606
394,0.01922155317850411
395,0.03423429680988192
396,0.03883626565337181
397,0.5217254395782948
398,0.02590830716304481
399,0.011187847193796188
400,0.030284403013065456
401,0.00882478094776161
402,0.02385225931182504
403,0.3669572654366493
404,0.03361947442404926
405,0.012175027313642204
406,0.015583410777617246
407,0.004107761139166542
408,0.0384668770711869
409,0.01125060596386902
410,0.013219640122260899
411,0.012011673997621984
412,0.005951813256251626
413,0.0712259499821812
414,0.03750120402313769
415,0.12695738645270466
416,0.02375914080766961
417,0.026181153105571866
418,0.06015646493062377
419,0.09637432997114956
420,0.1100737063307315
421,0.017490508060436696
422,0.5781798774003982
423,0.00637682055355981
424,0.03445806643925607
425,0.013934859002474695
426,0.00457117261539679
427,0.015323386096861213
428,0.018633201136253774
429,0.8605430427193642
430,0.6703790955245494
431,0.006819923324510455
432,0.03695611932314932
433,0.07848672900348902
434,0.022294329982250928
435,0.04536356003489345
436,0.021439393581822515
437,0.02610597889404744
438,0.00825202490144875
439,0.04369622942060232
440,0.0075707116920966655
441,0.0022047019875026308
442,0.01464212235296145
443,0.022552497019059956
444,0.8984258684515953
445,0.017698004005942493
446,0.022896452157292514
447,0.004686684513580985
448,0.004232433758443221
449,0.012329599645454437
450,0.017761010443791747
451,0.03290794751606882
452,0.023106541812885552
453,0.045971181667409836
454,0.010828008919488638
455,0.014296418454032392
456,0.0027261420505237765
457,0.011417712748516351
458,0.016092336389701815
459,6.08300262465491e-4
460,6.08300262465491e-4
461,6.08300262465491e-4
462,6.08300262465491e-4
463,6.08300262465491e-4
464,6.08300262465491e-4
465,6.08300262465491e-4
466,6.08300262465491e-4
467,6.08300262465491e-4
468,6.08300262465491e-4
469,0.0021930938892182894
470,0.02760373179567978
471,0.004026351079810411
472,0.023249613558873533
473,0.006286776155466214
474,0.08297971084713936
475,0.01273574446910061
476,0.004487833456951193
477,0.027049326673150062
478,0.012627892522141337
479,0.012627892522141337
480,0.018112362856045366
481,0.08308699893765152
482,0.009142232078593224
483,0.06629488576203585
484,0.04674280509352684
485,0.02345050574745983
486,0.006245959575171583
487,0.008473997078835964
488,0.006803540589753538
489,0.011665562631096691
490,0.8656207492947579
491,0.003386862715706229
492,0.09838447630405427
493,0.003716580915497616
494,0.004411358317011036
495,0.0259125047060661
496,0.039691444919444624
497,0.01049400323536247
498,0.03371343250386417
499,0.06084977534133941
500,4.6310884739796164e-4
501,0.0013838114734971896
502,0.007783781214384362
503,0.004812520354171283
504,0.018123877458274363
505,0.01914776056772098
506,9.668454770871904e-4
507,0.009195043167565017
508,0.001085114236047957
509,0.016156056587351485
510,0.059292611544951794
511,0.0035999115597223864
512,0.0010054754532757215
513,0.013688839676324277
514,0.007888809042051435
515,0.0010818914574338124
516,0.026284377123229206
517,0.001173349603486713
518,9.600559971295297e-4
519,0.03444434050004929
520,0.010975706728640944
521,0.01168731830548495
522,0.0018123114717309363
523,0.003871902391547337
524,0.0025860343119711617
525,0.0025860343119711617
526,0.0019723487860755996
527,6.180943572690012e-4
528,8.425915488624014e-4
529,8.425915488624014e-4
530,0.0015497252263594419
531,0.003161560074076988
532,0.0013766560141812078
533,0.010428651120746509
534,0.01407902191276662
535,0.005598501093918458
536,0.030594266401603818
537,0.004473517918377183
538,0.0038419755082577467
539,0.001400862663576845
540,0.001977537135244347
541,0.005984741059946828
542,0.7922093152999878
543,0.04445974335540086
544,0.013068457687040791
545,0.006249782561208121
546,0.0018204453060752712
547,0.00646764887496829
548,0.009340010781306774
549,0.22417701449245214
550,0.20976483322679995
551,0.016822095850948245
552,0.00825272773974575
553,0.008794374298886395
554,0.009933939011534675
555,0.003936595675186254
556,0.02363205769332126
557,0.0038695630116853865
558,0.004218922152067535
559,0.7021045351028442
560,0.004712738109519705
561,0.013737472062930465
562,0.017554882410913707
563,0.03488863416947424
564,0.001600773801910691
565,0.003353245128237177
566,0.0018671879466273821
567,0.0018671879466273821
568,0.0018671879466273821
569,0.003302021538838744
570,0.0018671879466273821
571,0.005012043237220496
572,0.011942381346598268
573,8.000104900565929e-4
574,0.002487014074868057
575,0.2653450386226177
576,0.002487014074868057
577,0.0021845497803587932
578,0.021227739676833154
579,0.0053540583205176516
580,0.0053540583205176516
581,0.9573925098776818
582,0.0053540583205176516
583,0.6407768392562866
584,0.0053540583205176516
585,0.0053540583205176516
586,0.021227739676833154
587,0.0053540583205176516
588,0.4898482645303011
589,0.0053540583205176516
590,0.0053540583205176516
591,0.1301615118049085
592,0.02157516327686608
593,0.032300484152510765
594,0.5766510903835297
595,0.02164539844263345
596,0.00732953390921466
597,0.004046128901536577
598,0.00256849663797766
599,7.831803109729662e-4
600,0.01138700200477615
601,0.007443346090149135
602,0.011926891126204282
603,0.005656962470384315
604,0.005932410511886701
605,0.0010061370983021334
606,0.011341489783953876
607,0.05061351014766842
608,7.519385806517675e-4
609,7.519385806517675e-4
610,0.11300997938960791
611,7.519385806517675e-4
612,3.098610883535002e-4
613,0.0013728615961736068
614,0.10233277076855302
615,4.769778703484917e-4
616,0.007387362162698991
617,0.10233277076855302
618,4.769778703484917e-4
619,4.769778703484917e-4
620,0.001159609512105817
621,0.08052426228299737
622,0.006424979553557932
623,0.0052672397345304486
624,0.005230404091998935
625,0.008405612765345722
626,0.027271849233657122
627,9.591428366547916e-4
628,0.019859271189197898
629,0.0058155222178902476
630,0.022618532299529762
631,0.009770012223161756
632,0.0056775544339325275
633,0.007178125838981942
634,0.027697146381251515
635,0.0021960808703443036
636,0.04632510230410844
637,0.03255593719426542
638,0.01831219302257523
639,0.08436346232891083
640,0.05743127389810979
641,0.005484363849391229
642,0.045284647080115974
643,0.674895039498806
644,0.02894628907321021
645,0.053664246695116165
646,0.9664507332444191
647,0.09252260766923427
648,0.038612458873540166
649,0.040015739137306806
650,0.018032710468396544
651,0.005880297359544784
652,0.01634186113718897
653,0.0056342265335842965
654,0.006287174994358793
655,0.7599096566438674
656,0.0062772309576394035
657,0.011350828295107931
658,0.00201197544374736
659,0.00201197544374736
660,0.00201197544374736
661,3.5192929219192594e-4
662,0.006903309081681072
663,2.958292866060219e-4
664,0.0022212109647807665
665,0.00201197544374736
666,0.006903309081681072
667,0.0037883035966660827
668,0.00201197544374736
669,0.00201197544374736
670,0.011048471309477463
671,0.029128276752308013
672,0.3925808176398277
673,0.10058430664241313
674,0.017673875347245484
675,0.19293572688475252
676,0.001091125396778807
677,0.007171751988353208
678,0.039459221907891334
679,0.024916086262091994
680,0.0068183894676622
681,0.1174937879294157
682,0.0012131821996445068
683,4.424326720982208e-4
684,0.005335710027138702
685,0.0014272215687378775
686,0.005792470622691326
687,5.647796672565164e-4
688,5.647796672565164e-4
689,5.647796672565164e-4
690,5.647796672565164e-4
691,0.006304170105140656
692,0.014803482302231713
693,8.986900927266106e-4
694,0.00543867627508007
695,0.00543867627508007
696,8.986900927266106e-4
697,8.986900927266106e-4
698,0.00543867627508007
699,8.986900927266106e-4
700,0.0011693997838301583
701,6.426225925679318e-4
702,0.018326950292102993
703,0.003003405772615224
704,0.009067619107663632
705,0.001514168596768286
706,0.007925820216769353
707,0.006861778863240033
708,0.02159569411771372
709,6.384697683097329e-4
710,0.0020789423593669198
711,4.8187685781158506e-4
712,4.8187685781158506e-4
713,0.0027861976684653202
714,4.8187685781158506e-4
715,4.8187685781158506e-4
716,4.8187685781158506e-4
717,4.8187685781158506e-4
718,0.0020789423593669198
719,0.0028643464620108717
720,0.0020789423593669198
721,4.8187685781158506e-4
722,4.8187685781158506e-4
723,0.0041164299478987235
724,0.01020748752867803
725,0.004335058429278433
726,0.017294705803506075
727,0.01858297234168276
728,8.642814731865656e-4
729,0.0019437473217840306
730,0.0035854013223433866
731,0.006984004755504429
732,0.002672483064525295
733,0.00473150780366268
734,0.041214059898629786
735,0.007205448215827346
736,8.836735662043794e-4
737,4.0161422730307096e-4
738,0.002672483064525295
739,0.0022350333086797037
740,3.915786479046801e-4
741,3.915786479046801e-4
742,4.0161422730307096e-4
743,4.0161422730307096e-4
744,0.001083601971331518
745,4.080978979618521e-4
746,3.915786479046801e-4
747,0.24946063432842494
748,3.101492720816168e-4
749,0.006799971619038843
750,6.953054179030005e-4
751,0.005968311923206784
752,0.004048246950260364
753,0.01540807498851791
754,0.005155322678037919
755,1.984464721135737e-4
756,2.585971957887523e-4
757,1.984464721135737e-4
758,1.984464721135737e-4
759,1.984464721135737e-4
760,2.585971957887523e-4
761,3.8660581984004236e-4
762,0.0016759388970967847
763,2.585971957887523e-4
764,1.984464721135737e-4
765,0.01431171063799411
766,0.045983319003134966
767,7.80649121516035e-4
768,7.80649121516035e-4
769,7.80649121516035e-4
770,7.80649121516035e-4
771,2.3826717337215085e-4
772,0.10945966785773635
773,7.789252928341739e-4
774,0.0010260636937164235
775,1.8115913095243742e-4
776,1.8115913095243742e-4
777,0.0063943183963419865
778,2.796838430367643e-4
779,0.06844580570235849
780,2.8597404791071314e-4
781,1.8813956961821532e-4
782,0.001139715539466124
783,2.8597404791071314e-4
784,0.001139715539466124
785,2.8597404791071314e-4
786,0.05052533557172865
787,0.007845045713474974
788,0.014874927415512502
789,0.0036695647781016306
790,0.004269791046972386
791,0.01832551693310961
792,0.01646165589336306
793,0.004269791046972386
794,0.004269791046972386
795,0.004269791046972386
796,0.007810004436178133
797,0.004269791046972386
798,0.004269791046972386
799,0.037441999185830355
800,0.017308733894024046
801,0.013441270277835428
802,1.9977238038336508e-4
803,1.9977238038336508e-4
804,1.677277967974078e-4
805,1.677277967974078e-4
806,1.677277967974078e-4
807,1.677277967974078e-4
808,1.677277967974078e-4
809,1.677277967974078e-4
810,6.375979683070909e-4
811,2.886795626181993e-4
812,0.01169387441012077
813,0.009046398195205257
814,0.007628015832742676
815,0.01700674033956602
816,0.007389722146326676
817,9.856578973995056e-4
818,0.005414004159392789
819,0.008052660495741293
820,1.8159854860641644e-4
821,2.2405768560929574e-4
822,4.976174648618325e-4
823,3.748300375082181e-4
824,8.36695236939704e-4
825,4.3032126395701196e-4
826,0.044935660557821396
827,2.3480510206354665e-4
828,2.3480510206354665e-4
829,1.423068796066218e-4
830,3.0800625663687244e-4
831,0.0014310073100932642
832,0.0033831686733174137
833,2.3480510206354665e-4
834,7.90368306916207e-4
835,1.2746345946652583e-4
836,1.9357892153493595e-4
837,1.9357892153493595e-4
838,5.792926696449285e-4
839,1.2130973620514851e-4
840,1.2130973620514851e-4
841,1.2130973620514851e-4
842,1.9357892153493595e-4
843,1.2130973620514851e-4
844,0.02490316766547039
845,0.02490316766547039
846,0.00282845144305611
847,0.0020769683792605065
848,0.011321861726464703
849,0.013173506297171116
850,0.002413660771562718
851,0.665527210533619
852,0.0055914692959049715
853,0.00996860534301959
854,0.28663281481713054
855,0.024987547472119332
856,0.13859881723299622
857,0.0010655528640199918
858,0.004336938806227408
859,0.11566576616838574
860,0.0020186499296687543
861,0.017095204452052714
862,0.0021657072866219096
863,0.0016990708699449898
864,0.005550580755807459
865,0.003975766329676844
866,0.0028305843390990047
867,0.007969696028158068
868,0.025287189895752817
869,0.0020207018082146534
870,0.0015980176243465393
871,0.008640086142113432
872,0.0617453586589545
873,0.001882015262672212
874,0.07319232800975442
875,0.0021773198136361316
876,0.0030995220399927348
877,0.0020207018082146534
878,0.0020207018082146534
879,0.1911844020523131
880,0.3604188134521246
881,0.0065696910102269615
882,0.02404238496441394
883,0.13601885922253132
884,0.02404238496441394
885,1.2274182881810702e-4
886,4.991319385953829e-4
887,1.2274182881810702e-4
888,1.2274182881810702e-4
889,1.7041844865161692e-4
890,1.281080125227163e-4
891,0.007458760424051434
892,0.0011278876261349069
893,0.00547749106422998
894,0.016794580838177354
895,0.0776474632229656
896,0.003346389077487402
897,0.002282307653513271
898,0.00483117786818184
899,0.007568177477223798
900,0.01635412702569738
901,0.002370980414270889
902,0.019935368474107235
903,0.018467703585047276
904,0.0039087243314133956
905,0.04657883187755942
906,0.009835600167280063
907,0.10202823527157306
908,0.008837071527959778
909,0.004810641044168733
910,0.0279565719794482
911,0.03702945052180439
912,0.013273185284342617
913,0.6740593031048775
914,0.0016114881167595741
915,0.0016114881167595741
916,0.0016114881167595741
917,0.0423005161061883
918,0.0016114881167595741
919,0.0016114881167595741
920,7.429768427391536e-4
921,0.0013696289739164058
922,0.0016114881167595741
923,0.0016114881167595741
924,0.0016114881167595741
925,0.024376263993326576
926,0.03940149637870491
927,0.08117765329778194
928,0.009616326641407795
929,0.07112963916733861
930,0.0018788211783976295
931,0.2881377335265279
932,0.014930930108530447
933,0.005104019771097228
934,0.9762768259644509
935,0.0017406419011240359
936,0.034752654212061314
937,0.8158210003376007
938,0.020823623675387353
939,0.010375329463277011
940,0.012715501515194773
941,0.012815007157623768
942,0.011947938196826727
943,0.05588333304040134
944,0.013827017839066685
945,0.01436331297736615
946,0.6580426292121411
947,0.7266127172112465
948,0.12660063540562988
949,0.8795835903286934
950,0.0022972069060779175
951,0.016616124619031326
952,0.09374109823256731
953,0.005199286147835665
954,0.010074224751442672
955,0.0018129885185044258
956,0.0035743963962886482
957,0.05076865187380463
958,0.006114333010045812
959,0.0010209985094115836
960,0.008237090413458645
961,0.002617627407598775
962,0.003217869486252312
963,0.01645634027896449
964,0.003361020291631576
965,0.06742112456820905
966,0.01951166813261807
967,0.0014298646195675245
968,0.02001099297311157
969,0.015215722201392055
970,0.0054556956508895384
971,0.0085592392005492
972,6.028880403027869e-4
973,0.0019556445011403413
974,6.028880403027869e-4
975,0.0027917180792428552
976,0.008445169299375267
977,5.549687711027218e-4
978,0.0020553005798137746
979,0.006281554792658426
980,1.761868429275637e-4
981,0.0010705309982586187
982,1.3898494134991778e-4
983,5.852897815930192e-4
984,9.875914745498449e-4
985,6.232617162459064e-4
986,6.232617162459064e-4
987,0.0011586260300828143
988,6.61204483549227e-4
989,0.0011586260300828143
990,0.020989587879739702
991,5.716278636828065e-4
992,0.0011723856278695165
993,0.009622135669342242
994,0.13253253858536482
995,0.008574845881666989
996,0.026187474983744324
997,0.023511108765378593
998,0.0019282667397055775
999,0.0016882823158812243
1000,0.0014166969392681494
1001,0.0016882823158812243
1002,0.0016882823158812243
1003,0.0016882823158812243
1004,0.0024537448838236743
1005,0.0015820026825531387
1006,0.002182756209222134
1007,0.0012038957450567977
1008,0.004784392953151837
1009,6.59223315451527e-4
1010,2.0737530905535096e-4
1011,0.00100658759358339
1012,4.4938364695553903e-4
1013,4.971133826620643e-4
1014,4.4938364695553903e-4
1015,0.005621475499938242
1016,0.018687629904597998
1017,6.43926847842522e-4
1018,0.0011412170574476477
1019,5.870907345524757e-4
1020,0.002127226525917649
1021,0.004714285161462613
1022,8.164012191991788e-4
1023,0.0015208060087752529
1024,7.478448755136924e-4
1025,0.0019191392391803674
1026,0.0020776426666998305
1027,0.0020776426666998305
1028,0.002731340581958648
1029,0.023487391464877872
1030,0.002726222674245946
1031,0.0030850647430634127
1032,0.0032349562487797813
1033,0.0029511171107878906
1034,0.0013514340802794323
1035,0.0016745405306573958
1036,0.001464028864284046
1037,0.001464028864284046
1038,0.002507473465084331
1039,0.002135952279495541
1040,0.004304637757013552
1041,0.0023421690639224835
1042,0.00985008546966128
1043,0.014857867986429484
1044,0.00788732828805223
1045,0.03904749733861536
1046,0.15853892350569368
1047,2.0732056500492036e-4
1048,3.930063899679226e-4
1049,0.09447917989455164
1050,0.001018354544066824
1051,0.00027080873260274527
1052,6.939590221008984e-4
1053,1.8742641779681435e-4
1054,4.7173375918646343e-4
1055,2.78253433862119e-4
1056,0.00542688494140748
1057,0.2196770703047514
1058,0.15366040842607617
1059,0.003855637761298567
1060,0.18556672682985664
1061,0.16041619148105382
1062,3.339082427555695e-4
1063,4.323516978547559e-4
1064,2.8797585931897627e-4
1065,0.008753451476804912
1066,1.704516926292854e-4
1067,4.872506874744431e-4
1068,0.004458732259226963
1069,0.005303389830514788
1070,0.030518752187490464
1071,0.31132016111165284
1072,0.0037633954401826487
1073,0.0024017562640074176
1074,0.10293676764704288
1075,0.0011329690112324897
1076,0.0015466277347877622
1077,0.001430634462449234
1078,0.06536510114558042
1079,0.06595398670062423
1080,2.525386249544681e-4
1081,3.86763162096031e-4
1082,1.7964119788302924e-4
1083,9.240058988507371e-4
1084,0.001948451989737805
1085,0.02383091434254311
1086,0.0016625124213169328
1087,9.859592792054173e-4
1088,0.014683537714881822
1089,4.45945478604699e-4
1090,0.0016812635042879264
1091,5.643019911804004e-4
1092,0.0020631042652530596
1093,7.023065045359544e-4
1094,6.412241371435811e-4
1095,2.8989580136112636e-4
1096,2.2452406297816197e-4
1097,3.72100404019875e-4
1098,0.0013810326384555082
1099,6.405415577319217e-4
1100,0.025377594362944365
1101,5.796665242087329e-4
1102,0.00411987416271586
1103,5.136250327268499e-4
1104,8.905265339126345e-4
1105,2.1535180572755053e-4
1106,2.2454379559349035e-4
1107,3.0318404369609195e-4
1108,0.001327096076856833
1109,4.934901386150159e-4
1110,0.09042537850793451
1111,0.0035472539573675023
1112,7.795633970818016e-4
1113,0.05175333840772509
1114,1.8139994594093878e-4
1115,0.001289928681217134
1116,0.0024000047336448917
1117,0.001286560091539286
1118,0.0050197064661188055
1119,0.059217773443087936
1120,0.0014093353274802212
1121,0.007030379936331883
1122,8.811305515700951e-4
1123,0.004803127857157961
1124,0.016927668871358038
1125,0.044333515679463746
1126,0.1610497660562396
1127,0.004443518010084517
1128,0.291662896797061
1129,0.0362007253523916
1130,0.08153910367749631
1131,0.006914954035892151
1132,0.5116300017386675
1133,0.021154597961576656
1134,0.013137650405988098
1135,0.006159965422120876
1136,0.002372029315447435
1137,0.043886813931167126
1138,3.9841911104304017e-4
1139,0.0010493053153913933
1140,8.694037775421748e-4
1141,0.00853976842481643
1142,0.02746989201521501
1143,0.022245090901851654
1144,3.476852079256787e-4
1145,0.0643098402954638
1146,0.11039138160645962
1147,0.05402478566393256
1148,3.8330754185153634e-4
1149,9.221034019901708e-5
1150,2.2960782929658306e-4
1151,0.003709231541142799
1152,0.001205563403200358
1153,7.865536155441077e-4
1154,0.08522520723752677
1155,0.033072586255148056
1156,0.007903819889761507
1157,4.982080545596545e-4
1158,0.010321786489803343
1159,5.187510502582881e-4
1160,3.656202157799271e-4
1161,0.003352916783769615
1162,0.028979106778278946
1163,0.10568767823278905
1164,0.0019532577737118115
1165,1.2905928162581403e-4
1166,0.014679098401684314
1167,0.008770841675577686
1168,2.5316552109870826e-4
1169,0.0017002187375328504
1170,2.3728230840788455e-4
1171,0.0010898170218570158
1172,0.0021258132572984324
1173,0.0012162425187125336
1174,0.05789070320315659
1175,0.26780577171593906
1176,0.06032529304735362
1177,0.05178118222393095
1178,0.0012091082928236574
1179,0.001974983164400328
1180,0.0016417540395923425
1181,0.0017590736868442036
1182,8.550164908956503e-4
1183,0.0016874444528366438
1184,0.002948730646457989
1185,0.11718546146526933
1186,4.4266049539146477e-4
1187,0.05439974385779351
1188,1.3977201548186712e-4
1189,2.1010801901866216e-4
1190,0.004965375256142579
1191,1.503432220124523e-4
1192,2.324467446305789e-4
1193,3.3465654185420134e-4
1194,0.0019526467626565136
1195,0.0013865711074322461
1196,0.001988936720881611
1197,0.038755993647500875
1198,0.012527944452594966
1199,0.003693565975409001
1200,0.00346618119336199
1201,0.011136921078432352
1202,2.4412528991888394e-4
1203,0.0017764444136992097
1204,0.0031740737438667567
1205,3.3670222182990983e-4
1206,0.0022223518570535818
1207,0.002536692243302241
1208,0.004290594786289148
1209,5.086468185618287e-4
1210,1.800796419774997e-4
1211,0.011258896003710106
1212,0.0036413431551773102
1213,0.0812906532175839
1214,0.5885345831513404
1215,0.01812620468903333
1216,0.0824823584407568
1217,0.030513695306144655
1218,0.0127842017239891
1219,0.18255356766283512
1220,0.13483661454170942
1221,0.0168432706897147
1222,0.009641605004435404
1223,6.822931310307467e-4
1224,0.0011356089188484476
1225,0.023654246968217194
1226,0.026938067986629902
1227,0.006397047393256798
1228,0.0012919818559021224
1229,2.461902652066783e-4
1230,0.021477522514760494
1231,8.919435819552745e-4
1232,0.013735255266074092
1233,5.00172684660356e-4
1234,0.0019210268126334995
1235,0.0014546049480850343
1236,1.5433988697623137e-4
1237,3.056621957148309e-4
1238,0.018431829661130904
1239,0.02231141201220453
1240,0.02049560068640858
1241,0.03173046754207462
1242,0.042160446173511446
1243,0.18688132360577583
1244,0.0013647633387881798
1245,9.874963578477035e-4
1246,4.4442695267207457e-4
1247,1.9805380372417858e-4
1248,2.0920602895785123e-4
1249,0.0012162926743621938
1250,0.002568215140781831
1251,0.3875438015162945
1252,6.121935050032335e-4
1253,7.249698279338191e-4
1254,5.565619267144939e-4
1255,3.31515658981516e-4
1256,0.001205563403200358
1257,0.006260421430924907
1258,9.93302833958296e-4
1259,7.556312120868824e-4
1260,0.017991572888568043
1261,1.9443367822532308e-4
1262,0.0011795574934512843
1263,6.572827672789572e-4
1264,1.7776025237253634e-4
1265,0.13837585151195525
1266,0.5292581950128078
1267,0.6461621506512165
1268,0.0016088720099651254
1269,0.0036499322950839996
1270,0.011477027273504064
1271,0.00894895158475265
1272,0.007024821870727465
1273,0.027912250962108375
1274,0.17783722409978509
1275,0.5337271452695131
1276,0.07045148462988436
1277,0.005056662880233489
1278,0.38826594203710557
1279,0.33495724506676194
1280,0.07832137227989733
1281,0.961257281601429
1282,0.02120348489843309
1283,0.0399516357248649
1284,3.2472754450282084e-4
1285,0.424207154288888
1286,0.2760723003745079
1287,0.11171356663107872
1288,0.2705796854943037
1289,0.0017228707909816875
1290,0.006078389406320639
1291,0.2423389742523432
1292,0.034029325530864296
1293,0.006818725183256902
1294,7.529008080018685e-4
1295,6.480671084864298e-4
1296,0.0042132684268290175
1297,0.023030267970170826
1298,0.3084602462500334
1299,4.4715669799188617e-4
1300,0.005819334846455604
1301,0.0038864313112571837
1302,0.0026850191885023377
1303,3.966798712281161e-4
1304,4.2528996655164517e-4
1305,0.0018194106438022572
1306,0.16004164265468718
1307,0.10917718359269202
1308,0.004421642721572425
1309,0.012230401991400868
1310,0.00414182231965242
1311,0.004959367134724744
1312,0.002972448764485307
1313,3.304052969178883e-4
1314,3.671733426017454e-4
1315,6.851971505238908e-4
1316,8.855146113637602e-4
1317,0.0028336199972545727
1318,1.6068039996753214e-4
1319,1.6024319198550076e-4
1320,1.2171274736829219e-4
1321,0.0027517963583522944
1322,2.463629978956305e-4
1323,2.6194275531452147e-4
1324,1.9900176868759445e-4
1325,0.06795762157067657
1326,0.04204035063739866
1327,1.981457009787846e-4
1328,0.003070424776233267
1329,4.316878091049148e-4
1330,4.8017877321399283e-4
1331,0.017979863618966193
1332,8.498620997852413e-4
1333,0.06274591554887593
1334,0.00654979616345372
1335,6.126278741430724e-4
1336,0.001219359880196862
1337,0.003672284586937167
1338,0.3287085075303912
1339,0.0015517132970853708
1340,0.024506792463362216
1341,0.0373202642891556
1342,0.021719700971152632
1343,0.023221918954513966
1344,0.03623816833598539
1345,0.038566166823729875
1346,5.126974585436983e-4
1347,0.001736421721871011
1348,0.0178972334950231
1349,0.003725655527377967
1350,0.0020890658326970877
1351,1.8607212741699185e-4
1352,1.5163506404860527e-4
1353,1.4626701289671473e-4
1354,0.3352929124981165
1355,0.008361087744124234
1356,0.0146581971924752
1357,2.6355992067692566e-4
1358,0.0013775380548031535
1359,7.116109688649886e-4
1360,0.0021196653621154836
1361,2.8820919600548224e-4
1362,2.1897658420130028e-4
1363,3.1003047872218303e-4
1364,0.013603054472478107
1365,0.004674846274429001
1366,0.20299789302051066
1367,0.7401912005245685
1368,0.05956077023409307
1369,0.021164230136200786
1370,3.0082610675890464e-4
1371,0.009495032526319846
1372,0.43063390500843524
1373,0.04055050272494554
1374,0.09894936125725508
1375,0.0678782760258764
1376,0.7619586461782455
1377,0.8076909819245338
1378,0.013409362121019513
1379,0.0058772184629924595
1380,0.014192629938479513
1381,0.054288978911936285
1382,0.005723554092692211
1383,0.012291474901139736
1384,0.005764730732189491
1385,0.006862612888216973
1386,0.09207870954647661
1387,0.030521374261006713
1388,0.02863157062791288
1389,0.05065996171906591
1390,0.03247717192163691
1391,0.027845098178368062
1392,0.006974195375805721
1393,0.0050383893516846
1394,0.02711390844080597
1395,0.0046210335753858085
1396,0.01359484319575131
1397,0.0052496144181350245
1398,0.06376483564265073
1399,0.0032261642121011393
1400,0.005180598045699298
1401,0.33688638150691985
1402,0.025010588760487736
1403,0.010855251788161695
1404,0.021591813401319087
1405,0.044236904662102464
1406,0.008457361201290042
1407,0.00880395717220381
1408,0.09068643363192677
1409,0.2856183258071542
1410,0.011737104500643908
1411,0.02691622999031097
1412,0.08296401757746935
1413,0.04111042205244303
1414,0.7603645542263985
1415,0.007587357294396497
1416,0.03422046774066985
1417,0.015425374226178973
1418,0.09395114857703447
1419,0.025382269648835065
1420,2.5003984195791416e-4
1421,0.0730468113347888
1422,0.10537833001464605
1423,0.3203007678687573
1424,0.18065860498696565
1425,0.038155610663816335
1426,0.0018268212699331344
1427,0.20380011111497878
1428,0.02555335813201964
1429,0.07531843792647124
1430,0.20307288832962514
1431,0.04450279505923391
1432,0.07833491403609515
1433,0.08267300236970186
1434,0.12206291170790791
1435,0.09763845458626746
1436,0.12273700116202235
1437,0.14223104253411292
1438,0.03399405446369201
1439,0.019672475452534855
1440,0.9032920676469803
1441,0.03304097359068692
1442,0.2140261969342828
1443,0.025510050882585348
1444,0.0697400410566479
1445,0.005905702905729413
1446,0.03492129410151392
1447,0.03449973179027438
1448,0.0789965539239347
1449,0.8038624566793442
1450,0.029370024912059308
1451,0.2089036075398326
1452,0.22827838081866503
1453,0.04399212395772338
1454,0.28153116542845963
1455,0.031199060208164157
1456,0.037718476252630355
1457,0.013908814238384366
1458,0.010597973249386996
1459,0.024157077274285257
1460,0.048351069474592806
1461,0.1976077375933528
1462,0.00477993946580682
1463,0.033890624437481164
1464,0.20438610222190617
1465,0.1936086029931903
1466,0.1945426507666707
1467,0.09223400142043829
1468,0.017463818832766265
1469,0.030348271201364695
1470,0.7519831256568432
1471,0.043446736549958585
1472,0.14708725184202195
1473,0.023152154739946126
1474,0.09133961385115981
1475,0.17895035065710543
1476,0.010470446038525552
1477,0.8867469555139542
1478,0.04887981682084501
1479,0.00359580603428185
1480,0.07873409368097782
1481,0.15724513214081526
1482,0.032710644421167674
1483,0.10463500613346696
1484,0.17931628715246917
1485,0.019367981404066086
1486,0.2078955864906311
1487,0.04153904475737363
1488,0.06655756927095353
1489,0.0268448470113799
1490,0.03533015750348568
1491,0.42518720030784607
1492,0.028249834291636945
1493,0.006454916601651348
1494,0.020692079369910063
1495,0.020692079369910063
1496,0.1276287371851504
1497,0.1556545557267964
1498,0.04837391022592783
1499,0.044927916787564755
1500,0.017917913070414217
1501,0.052990666143596175
1502,0.8946938067674637
1503,0.057828167527914046
1504,0.02036735320230946
1505,0.011489885239861906
1506,0.09245147531852126
1507,0.2115152558684349
1508,0.14467144083231687
1509,0.036386993443593384
1510,0.0973339082300663
1511,0.1613320037163794
1512,0.10547656195238232
1513,0.43390069536864756
1514,0.020240100175142287
1515,0.04885229764506221
1516,0.49119564570486546
1517,0.5133501261472702
1518,0.5175057527422905
1519,0.5175057527422905
1520,0.02677076111547649
1521,0.19766018528491258
1522,0.08909655876457691
1523,0.060454520639032124
1524,0.13664276080206036
1525,0.1263182996213436
1526,0.11518701884895563
1527,0.9772803395986557
1528,0.01336854587541893
1529,0.04023122291546315
1530,0.17329532124102115
1531,0.1288218999095261
1532,0.04211340955924243
1533,0.10358488807454705
1534,0.027017488987185062
1535,0.035582517846487464
1536,0.03927003534510732
1537,0.058888310366310176
1538,0.021456531339790672
1539,0.025339978961274028
1540,0.044480546433478596
1541,0.01890367629472166
1542,0.052985248155891895
1543,0.25297871850430964
1544,0.08393351189792156
1545,0.37932630605995654
1546,0.12105792835354805
1547,0.028854113915003837
1548,0.27606296598911284
1549,0.10298477800562977
1550,0.08475828595459461
1551,0.004756602746201679
1552,0.041330300392583015
1553,0.050309010287746786
1554,0.06391633069142699
1555,0.02644219933543354
1556,0.9332689133286476
1557,0.07614593938458711
1558,0.03779953794553876
1559,0.008085509499069303
1560,0.14034483967348932
1561,0.3807513738423586
1562,0.1006185180041939
1563,0.013906450616195798
1564,0.06913070017471909
1565,0.15180898264050482
1566,0.03945213214494288
1567,0.15214302582666278
1568,0.03957464579492807
1569,0.005557699996279553
1570,0.0019882280539604835
1571,0.3567853982001543
1572,0.11758904099464416
1573,0.0019882280539604835
1574,0.0017651884551742115
1575,0.03636861583217978
1576,0.0359263516170904
1577,0.022477154727093874
1578,0.9453389579057694
1579,0.020030920384451745
1580,0.20731571927666664
1581,0.28069162972271444
1582,0.02764268169179559
1583,0.009848876276519149
1584,0.026370234582573177
1585,0.23089790530502796
1586,0.024926428459584715
1587,0.06255745716392994
1588,0.7796817201375962
1589,0.509597592651844
1590,0.12425678730010986
1591,0.11838869754225016
1592,0.04909138578921556
1593,0.04030569760594517
1594,0.004066982563817874
1595,0.05116043876856566
1596,0.01665568250231445
1597,0.014397574143949897
1598,0.5862869022786618
1599,0.7562211838364601
1600,0.06627794276922941
1601,0.15631540078669787
1602,0.03918256368953735
1603,0.01266201795777306
1604,0.010461112096672878
1605,0.01172688175458461
1606,0.022323436299338938
1607,0.0867338115721941
1608,0.04869980838149786
1609,0.04279056885279715
1610,0.1012948372401297
1611,0.01637315229512751
1612,0.037571230763569476
1613,0.08535076290369034
1614,0.9109544286131859
1615,0.10384195122867823
1616,0.03226268559228629
1617,0.21397908372804522
1618,0.004003112054779195
1619,0.02755406141746789
1620,0.0041249909368343655
1621,0.032260842458345
1622,0.7191788686811924
1623,0.011688999384641647
1624,0.03300609690602869
1625,0.025090814838185906
1626,0.1527764991670847
1627,0.03703963711857796
1628,1.8594190822113888e-4
1629,2.0881620337604546e-4
1630,9.928155787929426e-4
1631,0.03583989924751222
1632,0.052153460327535865
1633,0.03712863341905177
1634,0.05456123941577971
1635,0.08290721429511905
1636,0.04200515133328736
1637,0.15742577077820896
1638,0.03208410260267556
1639,0.07120661865919828
1640,0.011967547355452553
1641,0.9663762110471725
1642,0.20601948942989112
1643,0.10412837471812963
1644,0.055684500206261874
1645,0.23487493716180324
1646,0.9344400072097778
1647,0.12250064266845584
1648,0.02120989684946835
1649,0.0026082637609215454
1650,0.022571171880699695
1651,0.007556869287509471
1652,0.6021128068864345
1653,0.052296297093853354
1654,0.021627990640699864
1655,0.024434869692195205
1656,0.02000140128424391
1657,0.963730004131794
1658,0.009018877666676417
1659,0.0702091640420258
1660,0.025969806930515916
1661,0.024726073392666876
1662,0.014100079543422907
1663,0.28712488040328027
1664,0.016408354232553393
1665,0.020938296054955573
1666,0.013258623639121652
1667,0.02968328830320388
1668,0.032668163613416255
1669,0.09704093381762505
1670,0.16799055421724915
1671,0.04231981864664704
1672,0.08170557206496597
1673,0.38833551555871965
1674,0.08404004149138927
1675,0.0216918343747966
1676,0.005689218394691125
1677,0.010670060539850965
1678,0.004458196516497992
1679,0.009853945009526797
1680,0.05495800253935158
1681,0.18198035765439272
1682,0.08173220590688288
1683,0.04085908094421029
1684,0.015420564715750516
1685,0.03050082180183381
1686,0.13636205852031708
1687,0.1991825330629945
1688,0.5094747154414654
1689,0.54844552308321
1690,0.019182913762051612
1691,0.007635303772985935
1692,0.9568006351590157
1693,0.19522515900433063
1694,0.019046109300106764
1695,0.02694336626213044
1696,0.08899928854778409
1697,0.020689657831098884
1698,0.0010058194657904095
1699,0.008578854062361642
1700,0.008970775502966717
1701,0.005775790171464905
1702,0.046017920784652236
1703,0.01058593343361281
1704,0.02163210233906284
1705,0.009099310269812122
1706,0.7568970014154911
1707,0.009519814759260043
1708,0.02232936688000336
1709,0.013702616675291211
1710,0.030149656215216966
1711,0.021608648542314767
1712,0.03922863630577922
1713,9.48256370247691e-4
1714,0.018894527656957507
1715,0.020445889765396713
1716,0.018894527656957507
1717,9.48256370247691e-4
1718,0.011680007270770147
1719,0.30900408629328013
1720,0.02484244910534471
1721,0.005410218156757764
1722,0.030817996854893864
1723,0.17124511813744903
1724,0.001728470730886329
1725,2.714643891522428e-4
1726,0.013878563882317395
1727,0.0029029559204354883
1728,0.005524010683875531
1729,0.007425443248357624
1730,0.10923924224451184
1731,0.05981273776851594
1732,0.01206332575995475
1733,0.015224940329790115
1734,0.00869196379557252
1735,0.017274519010679796
1736,0.002168111120699905
1737,0.004562100275652483
1738,0.002168111120699905
1739,0.022349186211358757
1740,0.0024876423057867214
1741,0.018543399451300503
1742,0.08489526729099453
1743,0.003700912219355814
1744,0.11691643178462982
1745,0.11691643178462982
1746,0.01781453354284167
1747,0.05019611193798482
1748,0.032934647668153044
1749,0.012479385976912455
1750,0.098200155608356
1751,0.09170730809681117
1752,0.003534282884793356
1753,0.02701537706889212
1754,3.5904086369555445e-4
1755,1.2048016826156527e-4
1756,1.2048016826156527e-4
1757,2.2341089739711607e-4
1758,2.1992152913298923e-4
1759,1.7754009726559162e-4
1760,3.4354422910837457e-4
1761,1.5790891422511776e-4
1762,0.038611420602537694
1763,0.03968805860728025
1764,0.003917904819827527
1765,0.004144717289018445
1766,9.587211704638321e-4
1767,5.030183691269486e-4
1768,0.01254472783068195
1769,0.011867718745488674
1770,0.0025158166655455715
1771,0.0668294030893594
1772,0.003784335986129008
1773,0.004683872414752841
1774,0.0049465743370819834
1775,0.002459877796063665
1776,2.5816688143095236e-4
1777,7.244816908496432e-4
1778,0.004553252523182891
1779,0.03493066370021552
1780,0.5546615114808082
1781,0.0022380772326141595
1782,0.004824241364258341
1783,0.051423773844726385
1784,0.004824241364258341
1785,0.07193639650940895
1786,0.004824241364258341
1787,0.0023157629967317916
1788,0.03431892651598901
1789,0.016910888601560144
1790,0.608357233852148
1791,0.005200671253260225
1792,5.444129910756601e-4
1793,6.7595433050883e-4
1794,6.7595433050883e-4
1795,6.7595433050883e-4
1796,0.0011752489847276593
1797,0.001046947887953138
1798,3.823032551736105e-4
1799,0.005365593966562301
1800,0.004669421114376746
1801,0.5716300813853741
1802,0.003947151810862124
1803,0.2968940240517259
1804,0.0015076795889763161
1805,0.06460006669163704
1806,0.017366342640016227
1807,0.013757424597861246
1808,0.03225933044683188
1809,2.3760764044709505e-4
1810,0.030502181784249842
1811,2.3760764044709505e-4
1812,0.008737365130800754
1813,0.03774440790526569
1814,0.008459022421156988
1815,0.004481429644511081
1816,9.744771075929748e-5
1817,4.16724911883648e-4
1818,1.7880711955513108e-4
1819,1.7880711955513108e-4
1820,2.024994902239996e-4
1821,3.8969002813246336e-4
1822,0.003469864909420721
1823,0.020258407234214248
1824,0.01004178130417131
1825,0.002571655231004115
1826,0.01206037099706009
1827,0.012510454882867634
1828,0.012510454882867634
1829,0.16399435844272375
1830,0.008892209193436428
1831,0.011134984615491703
1832,0.0052920404454926025
1833,0.004220506026176736
1834,0.004220506026176736
1835,4.62569738192542e-4
1836,0.01972499595489353
1837,0.0038383230712497607
1838,0.028408806161023675
1839,0.0030776353785768153
1840,0.013655462516471744
1841,0.022921628637705
1842,9.395923672855134e-4
1843,0.003624593389686197
1844,0.5305732470005751
1845,5.941211197932716e-4
1846,4.7096737798710817e-4
1847,4.552377208165126e-4
1848,0.03856759959831834
1849,9.073487237765221e-4
1850,0.0045247483713319525
1851,0.09480818457901478
1852,7.364857266657054e-4
1853,0.0017474048266012687
1854,0.010804779056925326
1855,0.0013652933327830397
1856,0.004850832136580721
1857,0.023928023148328065
1858,6.649340998046683e-4
1859,6.649340998046683e-4
1860,5.653734459701809e-4
1861,0.013946660114452242
1862,0.009574808393372223
1863,0.007696881556767039
1864,0.007122452972689644
1865,0.007994315936230123
1866,0.065744803333655
1867,0.5214426875114441
1868,0.006533581432886421
1869,0.03659704870544374
1870,0.11364869214594364
1871,0.00342450237745652
1872,0.002869628480693791
1873,0.08812134027481079
1874,4.162932086546789e-4
1875,0.004541252854978666
1876,0.014775665495544672
1877,0.0979350064881146
1878,0.0017557190643856303
1879,5.383667120622703e-4
1880,0.011937640310497955
1881,0.393289771899581
1882,0.016802912030834706
1883,0.011725125060183927
1884,0.0019580420191050506
1885,0.014551144589204342
1886,0.0030456494192185346
1887,0.005646474445238709
1888,0.0030456494192185346
1889,0.0011144073713512627
1890,0.007433359657879919
1891,0.06776697050780058
1892,0.20587167650461197
1893,6.194265066369553e-4
1894,0.04440035845618695
1895,0.012856668673921377
1896,0.1366363171674311
1897,0.05351793080568314
1898,0.031379126026295126
1899,3.4816443592717406e-4
1900,1.2660890999541152e-4
1901,0.06466928821057082
1902,0.01019324453547597
1903,0.0034969390579499306
1904,8.315875978587428e-4
1905,0.007003544790786691
1906,0.007003544790786691
1907,0.007003544790786691
1908,0.007003544790786691
1909,0.0031882089711143635
1910,0.004217447605333291
1911,0.004217447605333291
1912,0.03195841592270881
1913,0.021439393581822515
1914,0.09386527254246176
1915,0.0010046803315344733
1916,8.353117792285048e-4
1917,8.353117792285048e-4
1918,0.0019818393414607273
1919,0.0020836826133017895
1920,7.837183521769475e-4
1921,0.09111815499141812
1922,7.837183521769475e-4
1923,6.481568334857002e-4
1924,0.0014337832362798508
1925,7.645255207171431e-4
1926,0.0019602324347943066
1927,0.004421362105640583
1928,0.06225413898937404
1929,0.015564900008030236
1930,0.0075863651558756824
1931,0.07820296324789525
1932,0.20592782370746135
1933,0.004381962085608393
1934,0.006382091422565282
1935,0.004381962085608393
1936,0.006214823987684213
1937,0.04047187641263008
1938,0.002656322175171226
1939,0.020911912692245096
1940,0.014471555970376358
1941,7.593403062492143e-4
1942,0.021713367039337753
1943,0.11046371810138225
1944,0.010406359762419016
1945,0.1575367189012468
1946,0.03822999421041459
1947,0.0017805662198225037
1948,0.005757816026452929
1949,0.009072147720726207
1950,0.0025278247546521014
1951,0.0036332940982538274
1952,0.001069176811579382
1953,0.02015739866765216
1954,0.04767760985996574
1955,0.015177055991953238
1956,0.00974760721786879
1957,0.004530291606206447
1958,7.965194767893991e-4
1959,7.435876412637299e-4
1960,7.231512170255883e-4
1961,0.0011376242055848706
1962,3.817849055849365e-4
1963,7.965194767893991e-4
1964,7.965194767893991e-4
1965,0.3908768005669117
1966,7.740455874591135e-4
1967,0.003325119486253243
1968,0.0016550044505856932
1969,8.573860555770807e-4
1970,7.965194767893991e-4
1971,0.001980115511105396
1972,0.0027369148517027496
1973,8.07276630148408e-4
1974,0.00834283494274132
1975,0.0015474451691261492
1976,2.1377555196522735e-4
1977,2.1377555196522735e-4
1978,2.0949825431671343e-4
1979,2.0949825431671343e-4
1980,4.4051682107237866e-4
1981,0.0010079392461193493
1982,4.5558841244201174e-4
1983,0.008141919220797718
1984,0.0016301709940307774
1985,5.16315568893333e-4
1986,0.002461666345479898
1987,0.033221435244195165
1988,6.742884029517881e-4
1989,0.028584700226783753
1990,0.016955724318977447
1991,0.3589824869483709
1992,0.002864626318332739
1993,0.005065375996055082
1994,0.004188869520148728
1995,0.0015585960274620448
1996,2.4078838716377505e-4
1997,0.03128372226376087
1998,0.030095949047245087
1999,0.1360713931452483
2000,0.018249645533505828
2001,0.004899559226469136
2002,0.017906405492685736
2003,0.03238197621423751
2004,0.038097406094893815
2005,0.013853716726880521
2006,0.011890538050793112
2007,4.24649122505798e-4
2008,6.006629842158872e-4
2009,0.001125879613828147
2010,1.459375441663724e-4
2011,1.4405925785467843e-4
2012,0.005119285865221173
2013,0.39123797066509725
2014,0.0037463823676807807
2015,8.144636984798126e-4
2016,7.87427041650517e-4
2017,0.02733119832817465
2018,0.04525417980737984
2019,0.0020416899170959367
2020,0.005077857420546934
2021,0.003889534717309289
2022,0.0035156617723987437
2023,0.003889534717309289
2024,0.005077857420546934
2025,0.005077857420546934
2026,0.04636326003819704
2027,0.07123650212772191
2028,0.28964569471776486
2029,0.012267166381934657
2030,0.014051555849146097
2031,0.0019309531000908464
2032,6.570071852911496e-4
2033,0.006010295235319063
2034,0.024211230538785457
2035,0.014663478219881653
2036,0.05874775909818709
2037,0.010271070177550428
2038,0.025883124950341882
2039,0.04428796099033207
2040,0.16453520998358726
2041,0.0015092418306448963
2042,0.007611134208273143
2043,0.08565750473178924
2044,0.020604131710715592
2045,0.049101520087569954
2046,0.004100593934999779
2047,0.019865549451205878
2048,0.0021619599210680462
2049,7.322211528662592e-4
2050,0.00154945065791253
2051,3.61914938002883e-4
2052,4.7076398353965485e-4
2053,6.78617197118001e-4
2054,0.013746965287718921
2055,0.01855923651251942
2056,0.0015599592639773618
2057,0.10258046401664615
2058,7.091674476396293e-4
2059,2.4153428443241865e-4
2060,0.0018240609820350073
2061,0.01305457595619373
2062,0.0010562610684428364
2063,0.015373688261024653
2064,0.32655046850442887
2065,5.077493677526946e-4
2066,0.017678189739817753
2067,1.1981369117165741e-4
2068,0.05201600418891758
2069,0.15800033228471874
2070,1.582662222244835e-4
2071,3.320325935419532e-4
2072,6.896196882007643e-4
2073,2.528642133620451e-4
2074,2.389783549733693e-4
2075,1.7483358253230107e-4
2076,5.977701562187576e-5
2077,2.0041095489432338e-4
2078,1.3798265590594382e-4
2079,2.844644039942068e-4
2080,0.0014364482621022035
2081,2.163801826645795e-4
2082,2.5295302308222747e-4
2083,0.001486846199259162
2084,8.208965571247972e-4
2085,0.03673029526602477
2086,0.06457277697511017
2087,1.7009038358082763e-4
2088,0.037766205021180214
2089,0.004815103905275464
2090,0.007826146064326167
2091,0.47335141770541667
2092,0.014524533683434128
2093,0.007487448538886383
2094,0.0012140025783446617
2095,0.0010818914574338124
2096,7.383788385050138e-4
2097,0.12020288408733905
2098,0.04057506370358169
2099,0.6833135193586349
2100,0.0014249597866728436
2101,0.7325431157648563
2102,0.050960276555269954
2103,0.0012134169117780402
2104,0.015762834914494307
2105,7.311661513813305e-4
2106,0.0018628918088506906
2107,0.004999451328767463
2108,6.317590257094708e-4
2109,0.043931615268811584
2110,0.03293617570772767
2111,0.04108216743916273
2112,0.003846754938713275
2113,0.5465515840053559
2114,0.04791173409670591
2115,0.011522090884391219
2116,0.7552160073816776
2117,0.004561975191463717
2118,0.0034838755894452335
2119,0.008058992008445785
2120,0.007135511944070459
2121,0.0076269578782375905
2122,0.02425445559201762
2123,0.059901515059173106
2124,0.002135661115462426
2125,0.0018059648980852216
2126,0.01250997639261186
2127,0.0022419089401955715
2128,0.0012305946282140212
2129,0.5605778463929891
2130,8.937725496798521e-4
2131,0.0016987796637113206
2132,0.02638498698361218
2133,0.004716850034892559
2134,0.0011682956827280576
2135,6.701826178323244e-4
2136,0.2029217579588294
2137,8.154634479797096e-4
2138,0.0018617560103302822
2139,0.03340544150210917
2140,9.472708651446737e-4
2141,0.051167628495022655
2142,0.006589950963389129
2143,0.00400942225183826
2144,0.0017859651905018836
2145,0.0016516346216667443
2146,0.0020652486642939037
2147,0.0011373597716738005
2148,3.107884649944026e-4
2149,0.001028871453963802
2150,0.20168734533712268
2151,5.781215001115925e-4
2152,0.0019080884079448878
2153,0.009180691697401926
2154,5.92096803811728e-4
2155,0.006741645203437657
2156,0.01694639038061723
2157,0.002521879129635636
2158,5.321298801572994e-4
2159,0.0020680018173879944
2160,0.0017641902129980735
2161,0.006878038896247745
2162,0.00982482856954448
2163,0.004392046501161531
2164,0.012692302628420294
2165,0.006216717007337138
2166,0.006736289378022775
2167,4.316591015958693e-4
2168,5.399140169902239e-4
2169,3.93401268083835e-4
2170,6.382763416331727e-4
2171,2.885551196231972e-4
2172,5.943325356929563e-4
2173,5.943325356929563e-4
2174,0.0017653098019945902
2175,0.004038293781341054
2176,0.003187071929569356
2177,0.002201657301920932
2178,0.009172112543601542
2179,0.004963836044771597
2180,0.007874507736414672
2181,0.16581807606853544
2182,0.020091187700163573
2183,0.015273130139103159
2184,9.22570971379173e-4
2185,9.22570971379173e-4
2186,0.00528448567551095
2187,0.001610512485349318
2188,0.013705444615334272
2189,0.010761780140455812
2190,0.005375364036881365
2191,0.06179974920116365
2192,2.773552614598884e-4
2193,0.01097708208952099
2194,0.008398396387929098
2195,0.1469966003857553
2196,1.481519694243616e-4
2197,3.1385073612909763e-4
2198,4.537984065245837e-4
2199,2.3799558393875487e-4
2200,4.6792931148956994e-4
2201,0.014940968102309852
2202,0.0018671879466273821
2203,0.044490666212514046
2204,0.035860405042767524
2205,0.016033163098618387
2206,0.010147335752844811
2207,0.00595250382903032
2208,0.006850335677154362
2209,0.004736088472418487
2210,0.10156282667070628
2211,0.004443962790537626
2212,0.014096968800295144
2213,9.141617697605397e-4
2214,0.001311310020100791
2215,0.001311310020100791
2216,0.0014201151864835992
2217,0.0013177406319300645
2218,3.789152830722742e-4
2219,0.0013543528236914426
2220,2.491270904283738e-4
2221,2.4945470828242834e-4
2222,9.910378107451834e-4
2223,0.0010300927110074554
2224,0.004039548604050651
2225,0.016049071345478297
2226,0.02232872648863122
2227,0.0154697682778351
2228,0.001906183698447421
2229,0.0032063194035436026
2230,0.003725024666637182
2231,0.0022396812014630996
2232,0.0025116983265616
2233,5.047902746446197e-4
2234,0.0013185850891750306
2235,0.009216529183322563
2236,0.029013765370473267
2237,0.00891627828241326
2238,0.0026800358900800347
2239,0.0025849087623646483
2240,0.004252278824569657
2241,0.007455520399380475
2242,0.01559661485021934
2243,0.010085199750028551
2244,0.2837957280129194
2245,0.02983383850660175
2246,0.05075830118730664
2247,0.04688953747972846
2248,0.006616265265620314
2249,0.006616265265620314
2250,0.005098562780185603
2251,0.008219193598488345
2252,0.026452238536439836
2253,0.1297203068062663
2254,0.01671782243764028
2255,0.07921162160113454
2256,0.07921162160113454
2257,0.011829737240914255
2258,0.0058243393455632035
2259,0.018139512413181364
2260,0.005720459811855107
2261,0.03209864522796124
2262,0.012573548802174627
2263,0.033451703228056434
2264,0.006094106159871444
2265,0.009527256866567769
2266,0.005765202529728413
2267,0.8836500173807145
2268,0.004080391605384648
2269,0.001746692021843046
2270,0.0015468387128203176
2271,0.005032658599084243
2272,0.013614345553796738
2273,0.014331191105302423
2274,0.0037690682261018083
2275,3.788971895482973e-4
2276,3.355802714941092e-4
2277,0.0019180030509596691
2278,0.0037551185116171835
2279,0.010887204044265672
2280,4.1620702846557835e-4
2281,0.0031338431185577065
2282,0.019517204007133842
2283,2.4653628915984884e-4
2284,1.6693538182153134e-4
2285,3.4901747269032056e-4
2286,4.0209604339906945e-4
2287,1.0416491154501273e-4
2288,3.4901747269032056e-4
2289,2.951647942973068e-4
2290,2.951647942973068e-4
2291,3.4901747269032056e-4
2292,0.006765880446182564
2293,0.0012894697063893545
2294,0.0026861307097715325
2295,0.0010094910619955044
2296,4.4051910910638983e-4
2297,0.004211438085185364
2298,0.007989760024938732
2299,5.582426526234485e-4
2300,0.01272156861727126
2301,0.02117558001773432
2302,0.02391416450496763
2303,0.005516536172945052
2304,0.011869965484365821
2305,0.002285937739070505
2306,0.005156531439861283
2307,8.175564302655403e-4
2308,0.009202975283842533
2309,0.011039828590583056
2310,0.011039828590583056
2311,0.11998520217835904
2312,0.011872515607392416
2313,0.006766506569692865
2314,0.038499653497710826
2315,0.0028613073512678967
2316,0.01973242891719565
2317,0.011223109576385469
2318,0.10993602491915226
2319,0.022447688416577877
2320,0.0023189882884616965
2321,0.0019706204303656704
2322,5.58402469905559e-4
2323,0.012873731397558003
2324,5.307117245683912e-4
2325,5.307117245683912e-4
2326,5.307117245683912e-4
2327,0.02918751663994044
2328,0.002621207483462058
2329,5.307117245683912e-4
2330,0.0013164406495343429
2331,5.307117245683912e-4
2332,0.0013164406495343429
2333,0.0017162541390280239
2334,5.307117245683912e-4
2335,5.307117245683912e-4
2336,0.024016484306193887
2337,0.03917688524350524
2338,0.006031704845372588
2339,0.8760294064879417
2340,0.010755927852587775
2341,0.24799535773694514
2342,0.14464912079274655
2343,0.25823121160268786
2344,0.08607743538916111
2345,0.8936049550771713
2346,0.01846315652364865
2347,0.018096914500929415
2348,0.008479545273585245
2349,0.006613412472652271
2350,0.009455196220660583
2351,0.03809737647883594
2352,0.02918751663994044
2353,2.23070486827055e-4
2354,0.012591170752421022
2355,0.0017837878470891154
2356,7.341236984939315e-4
2357,7.727970252744854e-4
2358,2.5345893460325896e-4
2359,0.018695964843500404
2360,4.340306366793811e-4
2361,0.0011711367734824308
2362,0.013345548687502741
2363,0.004058554520597681
2364,0.015306412233039737
2365,0.0037095410417532547
2366,0.008033506033243612
2367,0.006013790587894618
2368,0.011426108736777678
2369,0.01255026341183111
2370,0.04217480538412929
2371,0.054765265444293616
2372,0.9276593679189682
2373,0.13299640209414065
2374,0.004584026581724175
2375,0.01901138756657019
2376,0.0029087616680772044
2377,0.013743695250013843
2378,0.28960133887827394
2379,0.005442768147913739
2380,0.012390173876192422
2381,5.236483451881213e-4
2382,7.924071290472057e-4
2383,1.5806404780960293e-4
2384,0.023304422642104326
2385,0.0037629126117099078
2386,0.012649065663572401
2387,0.002000218010507524
2388,6.63981857651379e-4
2389,0.010488350542727858
2390,0.010912316337926314
2391,0.011829660076182335
2392,0.0016344002555706539
2393,0.0013272264545958023
2394,3.72302069736179e-4
2395,4.8440566588396904e-4
2396,1.688522311633278e-4
2397,0.055192012344487014
2398,0.0038768378883833068
2399,6.913534514023923e-4
2400,0.0015223402592528146
2401,4.004716929193819e-4
2402,0.017440262802410872
2403,0.00637619907152839
2404,8.614122310973471e-4
2405,2.0146103724982822e-4
2406,6.260169322194997e-4
2407,0.0013993244145240169
2408,0.0013993244145240169
2409,0.020704942382872106
2410,0.015452158930711448
2411,0.0038088773703202606
2412,0.009459010310238228
2413,0.007634877385571599
2414,0.05528851922601461
2415,0.012162229877430946
2416,0.012324862014502287
2417,0.0015724310808582231
2418,0.035443867132999005
2419,0.006737732101464644
2420,0.009286341655533761
2421,0.004884595877956599
2422,0.004339223218266852
2423,0.028516588900238275
2424,0.0023042279281071387
2425,0.006591848408570513
2426,0.009206737213535234
2427,0.002590585580037441
2428,0.032383893788792195
2429,0.015127442493103445
2430,0.0022714940540026875
2431,0.006120521214324981
2432,0.006021353516262025
2433,0.032222167872823775
2434,0.64516042932868
2435,0.009726213195826859
2436,0.0010185553597693796
2437,0.11707675393670797
2438,0.007790582902962342
2439,0.005577843540813774
2440,0.02043088762788102
2441,0.016489265356212854
2442,7.135252367879729e-4
2443,4.30258021078771e-4
2444,8.930845248687546e-4
2445,0.009628485224675387
2446,0.009447051679017023
2447,0.05372889603488147
2448,0.010117924273945391
2449,0.0158454271312803
2450,0.020093650240451098
2451,0.0016639613057486712
2452,0.05638405914418399
2453,0.043624368906021116
2454,0.011040301392786205
2455,0.1311638020351529
2456,0.006045544737717136
2457,0.015229572495445608
2458,0.0965716465562582
2459,0.021488507888279856
2460,0.03186380822677165
2461,0.006706698063062504
2462,0.04720151353161782
2463,0.10218954142183065
2464,0.038244657181203366
2465,0.014526639254763723
2466,0.017597557716071605
2467,0.2755935057997704
2468,0.024970908761024476
2469,0.00973601977690123
2470,0.042939658728428184
2471,0.035985629484057424
2472,0.01823580185417086
2473,0.003792780628427863
2474,0.021762749440968038
2475,0.0030925632757134737
2476,0.006824589116731659
2477,0.0028521298355190083
2478,0.0027732387511059642
2479,0.02031431589042768
2480,0.008293173373676837
2481,0.007436752446228639
2482,0.00253738459025044
2483,0.007639726010384038
2484,0.040890928357839584
2485,0.0491138872038573
2486,0.032593826851807534
2487,0.005854956522816792
2488,0.8098799869418144
2489,0.0039027183089638128
2490,0.015413032927317544
2491,7.440805762598757e-4
2492,0.022929720799438655
2493,0.04719420895911753
2494,0.037816808884963395
2495,0.03118220946751535
2496,0.010077736552339046
2497,0.007613978576846421
2498,0.01183251028880477
2499,0.026860554837621748
2500,0.009227972195949405
2501,0.1057868274487555
2502,0.08276840571314097
2503,0.12803366752341389
2504,0.1057868274487555
2505,0.06407652599737049
2506,0.12598400801420212
2507,0.8781150361895561
2508,0.19459583871066571
2509,0.1217571241222322
2510,0.0036681759246857838
2511,0.006812912214081734
2512,0.006812912214081734
2513,0.0036681759246857838
2514,0.0036681759246857838
2515,0.012879983691964298
2516,0.0043107265414437275
2517,0.0043107265414437275
2518,0.0036681759246857838
2519,0.010766369213815779
2520,0.0036681759246857838
2521,0.087614343771711
2522,0.008970357876969502
2523,0.044356575598940254
2524,0.0206858431128785
2525,0.6380874843895435
2526,0.004607642109040171
2527,0.004607642109040171
2528,0.2331552252173424
2529,0.12069334957748651
2530,0.028280796254985033
2531,0.016737514205742626
2532,0.09699245993047953
2533,0.012532926043495535
2534,0.010181709702592343
2535,0.003938449418637901
2536,0.32867972511798144
2537,0.05394488723017275
2538,0.0045999837626004595
2539,0.031577198537997904
2540,0.38913208469748495
2541,0.0028847570455400274
2542,0.17091966861858965
2543,0.0023452115905820393
2544,0.004494231577264145
2545,0.05588916540145874
2546,0.04208870387868956
2547,0.02475979873444885
2548,0.051289843670092525
2549,0.006170705852564424
2550,0.08715158000588417
2551,0.004154353509657085
2552,0.017569206948392094
2553,0.023391156168654562
2554,0.001052521109522786
2555,2.0142975759881665e-4
2556,0.0038341395073803143
2557,0.0014203942952735816
2558,0.004504476059810259
2559,0.0066539496404584494
2560,0.011629019484389573
2561,0.015916437080595643
2562,6.060750602046028e-4
2563,0.001403658669878496
2564,0.0024349324154900385
2565,0.027274255570955575
2566,0.004005377348512411
2567,7.475028358749114e-4
2568,0.015115433468017726
2569,0.006884653243469074
2570,6.899614247959107e-4
2571,0.004119067378342152
2572,0.01703456498682499
2573,0.004891007908154279
2574,0.020637207215186207
2575,0.0010601253212371375
2576,0.006936016556574031
2577,0.01059058700222522
2578,0.0023316000463091766
2579,0.013439861941151321
2580,0.008496295800432563
2581,0.0043289614986861125
2582,0.007921258332207798
2583,0.006845492135034874
2584,0.0059299606468994175
2585,9.013800094544422e-4
2586,0.08822995087131857
2587,0.011814125550445169
2588,0.006857975454768166
2589,0.008450697731459513
2590,0.014405744071118533
2591,0.00171243469172623
2592,0.00171243469172623
2593,0.002231722493597772
2594,0.0012040668120607734
2595,8.017121235025115e-4
2596,0.0022008601867128164
2597,0.0022008601867128164
2598,0.005701268543489278
2599,0.09226534873247147
2600,0.0125908398674801
2601,9.608394940732978e-4
2602,0.0011969885804865043
2603,0.0018161220985348336
2604,0.0010561437041906173
2605,0.03683492884039879
2606,0.0012757674463500734
2607,0.0010553005029214546
2608,0.0011677497132041026
2609,7.813161262311041e-4
2610,0.0013228777311451267
2611,0.001514383659377927
2612,8.136363860103302e-4
2613,0.018376433046068997
2614,0.0062860954587813465
2615,0.010159905041800811
2616,0.019692167821340263
2617,0.001036570188589394
2618,0.002527327006391715
2619,0.009198465786175803
2620,0.0017582057870458813
2621,0.01164067826466635
2622,0.006979330331087112
2623,0.0016383191125351004
2624,0.006871842266991735
2625,0.006293560900958255
2626,0.018923288746736943
2627,8.278270480514038e-4
2628,7.945068903791253e-4
2629,0.005561751766363159
2630,2.898656746037887e-4
2631,3.2858251208381264e-4
2632,0.12390300469473005
2633,0.006503678155131638
2634,0.002975023626931943
2635,0.009884453737176955
2636,0.029445855212397874
2637,0.005253833796014078
2638,0.12388075469061732
2639,0.19592050705105066
2640,0.014419814688153565
2641,0.003925346658797934
2642,0.00692587123834528
2643,0.9411530980467796
2644,0.08747526601888239
2645,0.9149932155013084
2646,0.021200841711834072
2647,0.01578411042690277
2648,0.018448747335933147
2649,0.002042105167056434
2650,0.002676493477774784
2651,0.006759173232130706
2652,0.40657149486243727
2653,7.144315847835969e-4
2654,0.0015309545569471084
2655,0.016361981187947093
2656,0.005807617346290499
2657,0.002793540619313717
2658,0.030704908438492565
2659,0.03432315513491631
2660,0.01708465504925698
2661,3.713301499374211e-4
2662,0.001996646210900508
2663,0.013668017399031668
2664,0.0035696685092989357
2665,0.004507525189546868
2666,0.0067467848712112755
2667,0.051840469185262916
2668,0.013627658712211997
2669,0.0024229833047138528
2670,0.0013617738519678825
2671,0.005094349773135037
2672,0.0039456976775545625
2673,0.0015225085684505758
2674,3.373386920793564e-4
2675,0.005017362837097607
2676,9.213097450265196e-4
2677,0.002244663728051819
2678,5.315800030075479e-4
2679,2.0344272317743162e-4
2680,0.0013802440004656092
2681,0.0036712547886418177
2682,0.0012303275449085048
2683,0.0031082818825962024
2684,0.0720537799037993
2685,0.005678742155432701
2686,0.0029304283228702844
2687,0.027224027588963508
2688,7.903462359536206e-4
2689,0.005800657909712754
2690,0.007974620580207557
2691,0.07258536989800632
2692,0.007080546012148261
2693,0.012581747777294367
2694,0.012830254415748641
2695,0.44271550722420216
2696,0.012830254415748641
2697,0.009497995907440781
2698,0.006208763029426336
2699,0.006587810351047665
2700,0.15469196774065494
2701,0.005666112403851002
2702,0.006442828263388946
2703,0.051681482158601286
2704,0.004297311421250925
2705,3.0278207657829625e-4
2706,0.007163846896728501
2707,0.0018657193146646024
2708,8.089489096892066e-4
2709,0.0011443320852413308
2710,0.0013848274271003901
2711,0.04632463900372386
2712,0.0034579711384139953
2713,0.024535793038085105
2714,0.00281371382472571
2715,8.615672454470769e-4
2716,0.0023497971726465037
2717,8.925741468556225e-4
2718,0.0010787789993628393
2719,4.413335918070516e-4
2720,0.04832178686745465
2721,0.04410159979015589
2722,0.0011121983203338458
2723,0.03331933494191617
2724,0.0014572955906623974
2725,0.009875519725028425
2726,6.835371071792906e-4
2727,0.0027422862194362097
2728,3.0566684112272926e-4
2729,0.005003661423688755
2730,0.00118823200406041
2731,0.012186927879229188
2732,0.010605609931517393
2733,0.00597176740062423
2734,0.7709706234931946
2735,0.06257052420638502
2736,0.0015592650868347846
2737,0.005423286055447534
2738,0.005423286055447534
2739,9.114445316663477e-4
2740,0.002363770423689857
2741,0.006679039837326855
2742,0.003729784434544854
2743,0.004597900225780905
2744,0.002865220824314747
2745,0.5535108464956283
2746,0.02376488376641646
2747,0.019775493319611995
2748,0.038965979269705714
2749,0.004144548009498976
2750,0.1652250625565648
2751,0.523107685893774
2752,0.015889486544765533
2753,0.014979996238835155
2754,0.010833070684457198
2755,0.026105698321480304
2756,0.015669839524198325
2757,0.007185184201225638
2758,0.005643809722969308
2759,0.0037111257767537607
2760,0.009630930528510362
2761,5.127698088472244e-4
2762,0.006258252445841208
2763,4.398945040884428e-4
2764,2.679118245578138e-4
2765,0.03859115597326308
2766,0.043213166440837086
2767,0.001396459556563059
2768,0.0068661436741240325
2769,0.7085546636581421
2770,1.6329722535374458e-4
2771,0.009023199811344966
2772,6.66409014374949e-4
2773,5.612412253685761e-4
2774,0.01209474655566737
2775,0.0064997882605530325
2776,0.014385196957737207
2777,0.0011290938676393125
2778,6.760094900528201e-4
2779,9.675310208876908e-5
2780,0.001462461349874502
2781,0.00517610432638321
2782,0.0037605014542350544
2783,0.0037605014542350544
2784,0.004842033787281252
2785,0.05890777828171849
2786,0.002687193161691539
2787,0.03388698360417038
2788,0.24483389023691415
2789,0.011353968142066151
2790,0.010033990580122918
2791,0.0028218928986461834
2792,0.02800695104524493
2793,0.006429730365052819
2794,0.005259431455051526
2795,0.7549837070703507
2796,0.15747293770313264
2797,0.11002204559743405
2798,0.012215861211298034
2799,0.01110523470910266
2800,0.24477960113435984
2801,0.010634907407220453
2802,0.011747737334808335
2803,0.08125491093844175
2804,0.010501565495505929
2805,0.0019579377544869203
2806,0.0019579377544869203
2807,0.0062407852383330464
2808,0.00548568109748885
2809,0.08176493958570064
2810,0.004129549337085337
2811,0.018790977960452437
2812,0.0482431229762733
2813,0.04567477215081453
2814,0.11265791852027178
2815,0.03372780302539468
2816,0.08458200242370367
2817,0.9253143009543419
2818,0.018490846958011387
2819,0.03791561550926417
2820,0.012557409889996051
2821,0.004711822635144926
2822,0.009382519153878093
2823,0.018490846958011387
2824,0.0011668388701218647
2825,0.007871980512863957
2826,0.01549546001944691
2827,0.032058703205548225
2828,4.894149159736116e-4
2829,6.361710395867703e-4
2830,0.003880551517358981
2831,8.12211054508225e-4
2832,0.018359277851413936
2833,0.0021057227841811254
2834,0.0031462321197614075
2835,0.00354863654501969
2836,0.0011649113902240061
2837,0.001962043678795453
2838,0.005921400962397456
2839,0.011602029271889478
2840,0.0054462607350433245
2841,0.014175904493313282
2842,0.03700097859837115
2843,0.001502423764904961
2844,0.04535540982615203
2845,0.028431133506819604
2846,0.025801766008371488
2847,0.07934625261463225
2848,0.00600837140227668
2849,0.0014445915949181654
2850,0.0041625597642268985
2851,0.009268106871750205
2852,0.016952025254722683
2853,0.015503058503381907
2854,0.05974247144535184
2855,0.027818692876026035
2856,6.679636517947074e-4
2857,0.007340804471168667
2858,0.009775510923936963
2859,0.01245747049106285
2860,0.3521006939932704
2861,0.010490047300700099
2862,0.38915308497846124
2863,0.013223626490216703
2864,0.27100133288651707
2865,0.0159656638558954
2866,0.01179051301907748
2867,0.010934983084443956
2868,0.009182615096215159
2869,0.0265025624493137
2870,0.09016376379877329
2871,0.015081077043432742
2872,0.008084185026818886
2873,0.008084185026818886
2874,0.016407857409212738
2875,0.028533188705332578
2876,0.022585027306340634
2877,0.04247813142836094
2878,0.00916199924540706
2879,0.005520758072379977
2880,0.004882349316030741
2881,0.03926205559633672
2882,0.37000789392739536
2883,0.039674436133354904
2884,0.009515947850886733
2885,0.010952468015020714
2886,0.006175905165728182
2887,0.00598445680749137
2888,0.006751318039605394
2889,0.02956005871295929
2890,0.002169077799480874
2891,0.02000710037536919
2892,7.227583674830385e-4
2893,5.771669239038602e-4
2894,0.001384495083038928
2895,0.04127914913929999
2896,0.0024401889741420746
2897,0.010623608927708118
2898,0.8914808151125908
2899,0.0021183252611081116
2900,0.0022031390966731124
2901,0.005171537325950339
2902,0.0026419286846066825
2903,0.025275486735627056
2904,0.022910074938554317
2905,0.004221261255443096
2906,0.017744257086887955
2907,0.0019165668400819413
2908,5.330388167931233e-4
2909,0.026223907337989658
2910,0.03082920911256224
2911,0.0017318844883993734
2912,0.0016801393081550486
2913,0.01308893929934129
2914,9.773720826342469e-4
2915,3.3594901953620137e-4
2916,4.967626233701594e-4
2917,1.032745948396041e-4
2918,0.0016215948690660297
2919,0.018560481960885226
2920,7.09672327429871e-4
2921,0.4202438050508499
2922,0.015419175890274346
2923,0.07785998589359223
2924,0.04097769254818559
2925,0.008067831478547305
2926,0.9251998370885849
2927,0.2624193550273776
2928,0.0030799745724652892
2929,0.024042766219936312
2930,0.001768235545605421
2931,0.006665216932306066
2932,0.02303267110604793
2933,0.006007370592560619
2934,0.04183966145385057
2935,0.9343417590856552
2936,0.02581727863289416
2937,0.007126898331334814
2938,0.006854929435066878
2939,0.004180563268018887
2940,0.008979731103172526
2941,0.007713141483254731
2942,0.005804116951767355
2943,0.0015639457381621468
2944,9.426326365792192e-4
2945,0.0012070581581792794
2946,0.007795006714295596
2947,0.005118615643586963
2948,0.015571351239923387
2949,0.0010158715560100973
2950,0.0011449784717115108
2951,0.01706339497352019
2952,0.0010158715560100973
2953,4.454091468505794e-4
2954,0.001384495083038928
2955,0.0018211719120154158
2956,0.001909815814869944
2957,0.05155054549686611
2958,0.05155054549686611
2959,0.008795025009894743
2960,0.09047205060720444
2961,0.001068421894160565
2962,0.001559970846865326
2963,0.0010158715560100973
2964,0.002183525011932943
2965,0.771703433394432
2966,0.0010153292096219957
2967,0.008106933423550799
2968,4.5505848913308e-4
2969,2.295858569414122e-4
2970,0.013324631181312725
2971,3.7425022484967487e-4
2972,0.0017192485443956683
2973,0.04044039235450327
2974,0.07239319217856974
2975,0.035320894550532105
2976,0.003952196072787046
2977,0.005981156983762048
2978,0.001807819986861432
2979,0.004246147559024393
2980,0.01888633977621794
2981,0.9682404473423958
2982,0.01317666732124053
2983,0.008738653879845515
2984,0.007752420388860628
2985,0.06598284427076578
2986,0.05466141602955758
2987,0.0068057577835861595
2988,0.003608173496322706
2989,0.0034929882438154893
2990,0.915844469666481
2991,0.01545695417560637
2992,0.0015174714496242814
2993,0.018487124473322184
2994,0.18084349516779186
2995,0.004986049269791693
2996,0.01935531627619639
2997,0.043707994874566794
2998,0.053418984445743264
2999,0.12720803974196315
3000,0.06375208355486393
3001,0.06375208355486393
3002,0.002825914123095572
3003,0.00552514070412144
3004,0.005158082153648138
3005,0.00705700229271315
3006,0.030958634549751878
3007,0.10000602482818068
3008,0.02301853382959962
3009,0.02331159232649952
3010,0.7119492968916893
3011,0.3032596566528082
3012,0.034389668796211484
3013,0.014710520037915557
3014,0.06366002071648837
3015,0.011753997614141554
3016,0.013911502142436803
3017,0.27154726643115285
3018,0.001096203786728438
3019,0.03220647516660392
3020,0.014018781199119985
3021,0.007538739260053262
3022,0.019418289442546664
3023,0.022533198557794093
3024,0.009677620658185332
3025,0.007065891544334591
3026,0.01071540410630405
3027,0.03518519902136177
3028,0.0034811456711031498
3029,0.018526635547168553
3030,0.019461765782907606
3031,0.0024550305839511565
3032,0.016302744292188434
3033,0.002258544906799216
3034,0.8835064360499382
3035,0.017811376594472676
3036,0.0036568854766665026
3037,0.015077562013175339
3038,0.007537574910093099
3039,0.01852441211696714
3040,0.01479770157719031
3041,0.07898205715231597
3042,0.08044494112953543
3043,0.008717246378073468
3044,0.007042904659174383
3045,0.0428929250407964
3046,0.007897512924391776
3047,0.5694937890768051
3048,0.010358135239221156
3049,0.004974072139593773
3050,0.016201260786037893
3051,0.006741480579366907
3052,0.028958296729251744
3053,0.028958296729251744
3054,0.013490634188055992
3055,6.800477152864914e-4
3056,0.08622872073203325
3057,0.04003162352833897
3058,0.01358866916736588
3059,2.669836975474027e-4
3060,0.10647633185610175
3061,0.005448067024117336
3062,0.0068930123525206
3063,0.18007056922651826
3064,0.0011680827539385064
3065,0.014553049560636282
3066,0.038139396188780664
3067,0.004629009935888462
3068,0.002651939715142362
3069,0.003358930806280114
3070,0.001297219457483152
3071,0.001274462908913847
3072,0.012289225615095347
3073,0.7681105810403824
3074,0.00921089808573015
3075,0.01070952373323962
3076,0.00677897572168149
3077,0.0014771143073448911
3078,0.09597125717438758
3079,0.033194592504296454
3080,0.0077875227457843725
3081,0.009981842914130538
3082,0.0029571391869103536
3083,0.24372093886137008
3084,0.003573909120459575
3085,0.009516573402797802
3086,0.007171322785434313
3087,0.0021957470264169386
3088,0.01249059356516227
3089,4.41717740468448e-4
3090,0.0014287405904906336
3091,0.0026263254665536808
3092,0.035080540664494037
3093,6.930045632179827e-4
3094,0.02165137330070138
3095,0.004016420028347056
3096,0.037515246644616126
3097,0.0012947358182282187
3098,0.003615598597098142
3099,3.610299556021346e-4
3100,0.0470626809541136
3101,0.046084832372143864
3102,0.011879720407305285
3103,7.647870969231008e-4
3104,0.0034475326730171217
3105,0.006102916896925308
3106,0.0029427196277538314
3107,7.681309260806302e-4
3108,7.681309260806302e-4
3109,2.1746559395978692e-4
3110,0.01099784386344254
3111,9.978169496025657e-4
3112,0.003338357589673251
3113,9.978169496025657e-4
3114,0.010207012000028043
3115,7.681309260806302e-4
3116,0.021849043271504342
3117,0.0019167350869975053
3118,0.6508479255437851
3119,6.154391134623439e-4
3120,6.154391134623439e-4
3121,0.0020713503120350653
3122,6.154391134623439e-4
3123,6.154391134623439e-4
3124,0.0015795960313698743
3125,6.154391134623439e-4
3126,6.154391134623439e-4
3127,6.154391134623439e-4
3128,0.10324023742228747
3129,0.021612586977425963
3130,0.005460771092912182
3131,0.022003233111463488
3132,0.06460501119494438
3133,0.00984167609596625
3134,0.01131931256968528
3135,0.002134211171942297
3136,0.04294946824200451
3137,0.08763745605945587
3138,0.02387891340069473
3139,0.02387891340069473
3140,0.00398639863007702
3141,0.009391891839914023
3142,0.003234550132183358
3143,0.5959696961939335
3144,0.008475410742685199
3145,0.01637063321424648
3146,0.04209122624248266
3147,0.003285953162703663
3148,0.018965415097773074
3149,0.025484904707409443
3150,8.155295794131234e-4
3151,0.41082382783293725
3152,0.009910575688118116
3153,0.02094682559138164
3154,0.0012373210224905051
3155,0.0012373210224905051
3156,0.0046111798833590005
3157,0.05042644995264709
3158,7.123267669521737e-4
3159,0.009446890368126333
3160,0.001137517075840151
3161,0.025178649320732802
3162,0.0011629960576829035
3163,5.708486656658352e-4
3164,4.7740747475472745e-4
3165,0.0017240491264965386
3166,0.0011286303200176916
3167,0.0034143400128232317
3168,0.003977730005281046
3169,0.0023338237710413524
3170,0.0015973388071870431
3171,0.0070341309090144934
3172,0.0017256886334507727
3173,2.1224045389317325e-4
3174,2.7368963237677234e-4
3175,1.2667222621530526e-4
3176,4.573886104481062e-4
3177,0.0035916897645802237
3178,0.001765886508510448
3179,5.135287180019077e-4
3180,0.007538739260053262
3181,0.007301183571107686
3182,0.002659579329483677
3183,0.0025318918042466975
3184,0.001828278566536028
3185,0.07253523340448736
3186,0.9562114271521568
3187,0.0019147194942343048
3188,0.008582239735405893
3189,0.0035351937304949387
3190,0.015816050325520338
3191,5.450529720837948e-4
3192,0.009411846930161118
3193,0.009411846930161118
3194,6.392825391958467e-4
3195,0.0013372210221132264
3196,0.00622936402389314
3197,0.0028564508672570808
3198,5.200314721150789e-4
3199,5.284738350019324e-4
3200,0.0017057586304144933
3201,0.013404923997586592
3202,0.0013904886654927395
3203,0.0012593750093947164
3204,0.0013904886654927395
3205,0.07559707491658628
3206,0.005303838071413338
3207,0.0034723971266066656
3208,0.18758430870249868
3209,0.001966865627327934
3210,0.007725207176990807
3211,0.001865716796310153
3212,0.9228539228439331
3213,0.00879109493456781
3214,0.010555562367662787
3215,0.010608144337311387
3216,0.020586456670425832
3217,0.012765839919447899
3218,0.006044853490893729
3219,0.006044853490893729
3220,0.09551687605679035
3221,0.11163013078272342
3222,0.07272243878804147
3223,0.5489825311303139
3224,0.1019887900352478
3225,0.0117084542918019
3226,0.01768895142711699
3227,0.08837948783300817
3228,0.003506493528257124
3229,0.016730682202614845
3230,0.11790358887985349
3231,0.0067819964664522555
3232,0.005691393127199263
3233,0.07934120086953043
3234,0.006942880708957091
3235,0.03756890315096825
3236,0.005529751069843769
3237,0.09760730814188719
3238,0.021007408830337228
3239,0.006316025142441503
3240,0.0073240522807464
3241,0.15412675166502596
3242,0.004567176747950725
3243,0.004431238021934405
3244,0.004901590578956529
3245,0.0031361948008998297
3246,0.8914818531274795
3247,0.012858620509505272
3248,0.02461643890477717
3249,0.052632223526015876
3250,0.00607033543579746
3251,0.01594804371939972
3252,0.011082546825055033
3253,4.8576749315543566e-4
3254,2.5343665773107203e-4
3255,0.009364519253140316
3256,0.011102023489074781
3257,0.01416245823027566
3258,0.057806264460086826
3259,8.863304433180019e-4
3260,1.7066445700038456e-4
3261,2.1871286444365978e-4
3262,0.00192779109289404
3263,0.4834366555139422
3264,0.010157719821436331
3265,0.07016617185436189
3266,0.009643886354751885
3267,0.008439474041806535
3268,0.01122761238599196
3269,0.014188090357929468
3270,0.015397777671460063
3271,0.09474751370027662
3272,0.0069123641611076895
3273,0.05186110682785511
3274,0.008571874506305904
3275,0.004541731388890184
3276,0.0036213664265233093
3277,0.0012914873627596535
3278,0.006642512928810902
3279,0.009295521916355938
3280,0.023434676020406185
3281,0.12811055464670063
3282,0.01229389951331541
3283,0.1307282658107579
3284,0.3048268844559789
3285,0.0023616123464307746
3286,0.1029833020735532
3287,0.06415842092595994
3288,0.955664139688015
3289,0.8585119810700417
3290,0.022857564447913318
3291,0.009966546550858766
3292,0.03404418653342873
3293,0.012007484738714993
3294,0.010439806170761585
3295,0.008322340610902756
3296,0.5580073633790016
3297,0.01006779537186958
3298,0.20679946806281804
3299,0.0012316655696486122
3300,0.035686169499531385
3301,0.018740224454086275
3302,0.014882936405483634
3303,0.006220379918231629
3304,0.9258218303322792
3305,0.038235022271983325
3306,0.008612832365324721
3307,0.006538927488727495
3308,0.21212924402207137
3309,0.018751692874357104
3310,0.2426472833752632
3311,0.03827150486409664
3312,0.8785868763923645
3313,0.03835728560574353
3314,0.013815650143660605
3315,0.013476789994165302
3316,0.056384824481792745
3317,0.006309829783858732
3318,0.06567713567055762
3319,0.08626319780945778
3320,0.008955284543335438
3321,0.04257525704801082
3322,0.011094889331143349
3323,0.00746044785133563
3324,0.10497004212811589
3325,0.7660614112019539
3326,0.007617708998732269
3327,0.009221425496507436
3328,0.003885383069864474
3329,0.03678991708904505
3330,0.012000376959331333
3331,0.04106737495400012
3332,0.04207709479611367
3333,0.007690521964104846
3334,0.017902839991729706
3335,0.006301676548318937
3336,0.06381744830869138
3337,0.008424814275931567
3338,0.004558279864722863
3339,0.9066362580657006
3340,0.006588704438181594
3341,0.008474486330524087
3342,0.017645249078050255
3343,0.001096203786728438
3344,0.009307992144022137
3345,0.006012765252962709
3346,0.005534023620421067
3347,0.03258465837687254
3348,0.0011393589753424748
3349,0.019300502543337643
3350,0.0016363846148306038
3351,0.0010387263320444618
3352,0.0030136393930297344
3353,0.00413728860381525
3354,0.003015780005953275
3355,4.362092963856412e-4
3356,0.019870274094864727
3357,0.008265701935160906
3358,0.009912142371758819
3359,0.006720382240600884
3360,0.0139783227420412
3361,0.008320018604863436
3362,0.015753024723380804
3363,0.10171574933454394
3364,0.8315155175328255
3365,0.0012065734098723625
3366,0.033538784077391026
3367,0.006934365907218307
3368,0.00816727010649629
3369,0.009716710407519712
3370,0.8958168032765389
3371,0.00490019753575325
3372,0.014829159502405674
3373,0.0226917144889012
3374,0.014347730251029134
3375,0.010496357386000455
3376,0.02849637229926884
3377,0.08273062117397785
3378,0.08408009539358317
3379,0.011919089173898102
3380,0.4450000163167715
3381,0.00524634264758788
3382,4.0161422730307096e-4
3383,0.004755722161498852
3384,0.0055072633200325075
3385,0.1611610980331898
3386,0.0036126157018588857
3387,0.004116308244410902
3388,2.643080363122863e-4
3389,0.014984254390001298
3390,0.0879653778579086
3391,0.007794215967878699
3392,0.006932381712831556
3393,0.020284205849748105
3394,0.0010032926105486694
3395,4.620593898289371e-4
3396,0.003750010129297152
3397,0.005916349500184878
3398,0.022453210656531154
3399,0.010706669325008989
3400,0.02080628282157704
3401,0.0013861246372107417
3402,0.006953484057448805
3403,0.0012317806758801453
3404,0.005536959416931495
3405,0.0015253349300473928
3406,0.003062586127780378
3407,0.0015562670439248905
3408,0.09483093767426908
3409,0.019599055810831486
3410,0.3136081138253212
3411,0.005546591072925366
3412,0.005546591072925366
3413,0.02253115614177659
3414,0.014787892217282207
3415,0.261501599997282
3416,0.06303578970953821
3417,3.3327790759358323e-4
3418,0.017724232170730828
3419,4.510722401391831e-4
3420,4.510722401391831e-4
3421,4.510722401391831e-4
3422,4.510722401391831e-4
3423,4.510722401391831e-4
3424,4.510722401391831e-4
3425,4.510722401391831e-4
3426,4.510722401391831e-4
3427,0.0336877323128283
3428,0.028588307620957494
3429,0.003984560319804586
3430,0.014857279740972444
3431,0.06296566640026867
3432,0.002168430382153019
3433,0.0599098117928952
3434,0.02113783375127241
3435,0.014557119649834931
3436,0.022618926314171405
3437,0.04708158744033426
3438,0.07063621289096772
3439,0.005814324461389333
3440,0.0011220279450935777
3441,0.06635875649750232
3442,0.0022927530485321768
3443,0.01220853438368067
3444,0.007300741583458148
3445,0.02804149083327502
3446,0.01109349815407768
3447,0.07470141550526023
3448,0.006862113978713751
3449,0.011325814900919795
3450,0.007525394414551556
3451,0.003969982790877112
3452,0.00861812838120386
3453,0.043334530917927626
3454,0.01989220698364079
3455,0.008603111482225359
3456,0.009037740011699498
3457,0.008878066488541662
3458,0.09850620972923935
3459,0.0036121179015026427
3460,0.02402925256174058
3461,0.001930291937023867
3462,0.017698580138385295
3463,0.13256004447117448
3464,0.0023297780120628887
3465,0.013668085753452033
3466,0.04423114310950041
3467,0.01416436389554292
3468,0.019747530329041182
3469,3.018335576780373e-4
3470,5.379895833902992e-4
3471,2.672281439663493e-4
3472,2.313514775960357e-4
3473,1.736734588848776e-4
3474,4.969418338441755e-4
3475,0.011175421035150067
3476,0.008659952450543643
3477,0.16371902503073216
3478,0.0027850359890726397
3479,0.0027477939493837766
3480,0.0018224000683403573
3481,0.01861251751193777
3482,0.02230255595874041
3483,0.0045007863600039855
3484,0.024875235809013248
3485,0.0033609960967442023
3486,6.51878624339588e-4
3487,8.549366613442544e-4
3488,5.683518791920506e-4
3489,0.010471448831958696
3490,0.2559042048454285
3491,2.6589783603412796e-4
3492,0.031232769121415913
3493,0.13967715486884116
3494,0.006374631394864991
3495,0.0042841376212891195
3496,0.0023077909962739796
3497,0.0032629377068951726
3498,0.002477168338664342
3499,0.023183104656636713
3500,0.005600000516860746
3501,0.0017706758674466982
3502,0.09431058165617287
3503,0.007015851080650464
3504,0.0010026202254812234
3505,9.959933014761192e-4
3506,0.04997695261612534
3507,0.044338698815554384
3508,0.2087332963757217
3509,0.03542986018583179
3510,0.009573562893783673
3511,0.0018287524222978392
3512,0.004479031447554007
3513,0.003952005451137666
3514,0.00855372179299593
3515,0.024194904365576805
3516,0.029155023554340007
3517,0.012635334797669201
3518,0.0037117246878915467
3519,0.004585310959373601
3520,0.006753289952175692
3521,0.03024459255859256
3522,0.016300994816701858
3523,0.004562137805623934
3524,0.007235629475908354
3525,0.024433846697211267
3526,6.989122494996991e-4
3527,0.001641969727934338
3528,6.604705099744024e-4
3529,5.891361560497898e-4
3530,0.0010613936906156596
3531,0.019001091450918467
3532,7.697942267986946e-4
3533,7.697942267986946e-4
3534,0.019001091450918467
3535,7.697942267986946e-4
3536,0.007353569082915783
3537,0.0034817223343998195
3538,0.006241703035775572
3539,0.07935476312413811
3540,0.0022561882773879916
3541,0.006565964000765234
3542,0.0027021349538699723
3543,0.00763705549063161
3544,0.1614617969095707
3545,0.06536287675611675
3546,0.036232178304344415
3547,0.055613697487860915
3548,0.04942904274910689
3549,0.004022083496092819
3550,0.681244248598814
3551,0.01914989229524508
3552,0.033648778367787596
3553,0.007002139415126294
3554,0.01643181360559538
3555,0.01015892749885097
3556,0.028604716612026095
3557,0.009126407408621163
3558,0.005693274324876256
3559,0.015566371391760186
3560,0.00989105414482765
3561,0.004325078563415446
3562,0.0038205450266832488
3563,0.004325078563415446
3564,0.009677236293209717
3565,0.026250771335326134
3566,0.054298951323144135
3567,0.004014742348226718
3568,0.038302032481878995
3569,0.09704973381012678
3570,0.4797862222790718
3571,0.6948285558819771
3572,0.026456624907441436
3573,0.41586985312402247
3574,0.011793100661598145
3575,0.09071796035394072
3576,0.007399077644804492
3577,0.010790027211187407
3578,0.009311475650174544
3579,0.017764316962566227
3580,0.09309744087979198
3581,0.011018339837901294
3582,0.014147706541698425
3583,0.023242375750560314
3584,0.013056739296298475
3585,0.43481420576572416
3586,0.018441396353300662
3587,0.00839658874203451
3588,0.9865603959560394
3589,0.015920424461364747
3590,0.010258500056806952
3591,0.5043087655305862
3592,0.025007348619401456
3593,0.029897574912756682
3594,0.029897574912756682
3595,0.02394859616877511
3596,0.879908252954483
3597,8.483210195845459e-4
3598,4.422702906595077e-4
3599,0.002360643750289455
3600,0.0011357715174381156
3601,0.0011357715174381156
3602,0.020494401222094893
3603,0.010304544474929572
3604,0.00466461542469915
3605,0.0022445221079397015
3606,0.00466461542469915
3607,0.025730469492264093
3608,0.0043613885086961094
3609,0.00552098386164289
3610,0.016181824542582036
3611,0.011636386362370103
3612,0.004504773133085109
3613,0.027369638527743517
3614,0.00466461542469915
3615,0.041913905260153116
3616,0.007896007131785154
3617,0.009409016807330773
3618,0.007492915918119252
3619,0.01609333061845973
3620,0.004041540563339368
3621,0.005372084938571788
3622,0.006242498516803608
3623,0.12735744358971715
3624,0.0019469832275353838
3625,0.0019469832275353838
3626,0.11041230104863643
3627,0.11639738006517292
3628,0.02123654796043411
3629,0.0022152617058600298
3630,2.264059427579923e-4
3631,3.369145470787771e-4
3632,0.009588297556620091
3633,0.009514502990059555
3634,0.015779278026893735
3635,0.0038525167643092572
3636,0.008683769509661942
3637,0.005388228152878582
3638,0.06943588712252677
3639,0.0065731066046282646
3640,0.06557758120819926
3641,0.012174984771991148
3642,0.0031769863079534845
3643,0.0299159030104056
3644,0.0024991170564317143
3645,8.929942426038906e-4
3646,0.0295883925864473
3647,0.12834171298891306
3648,5.937264129170217e-4
3649,2.8785339130990903e-4
3650,0.0029605054712737913
3651,0.0010680517338914797
3652,5.06926313682925e-4
3653,0.0085766969807446
3654,0.020334638499189168
3655,0.005888056904659607
3656,0.006616481608944014
3657,0.0037797709304140882
3658,0.24705383747816087
3659,0.2813994864374399
3660,0.0046810812951298434
3661,0.0046810812951298434
3662,0.0010448051949788352
3663,0.0046810812951298434
3664,0.0046810812951298434
3665,0.0046810812951298434
3666,0.0046810812951298434
3667,0.015602975620422512
3668,0.01407704798039049
3669,0.006910285507328809
3670,0.7519252559542656
3671,0.014511358970776201
3672,0.03706377109512687
3673,0.012054518843069673
3674,0.06930845513939858
3675,0.023298061930108815
3676,0.017521126738283783
3677,0.005487406625179574
3678,0.005234995842911303
3679,0.007577132754959166
3680,0.0041520043270429595
3681,0.004441140129929408
3682,0.00896671525784768
3683,0.009604035558877512
3684,0.00905465442687273
3685,0.019017863266635685
3686,0.01395144111244008
3687,0.013691155829001218
3688,1.9977238038336508e-4
3689,1.9977238038336508e-4
3690,3.3514723287225934e-4
3691,1.9977238038336508e-4
3692,1.9977238038336508e-4
3693,1.9977238038336508e-4
3694,3.3514723287225934e-4
3695,4.5058178628096354e-4
3696,3.2059319491963836e-4
3697,3.2059319491963836e-4
3698,5.746533825004008e-4
3699,0.04491308507975191
3700,0.08044237792491912
3701,0.04553264701738954
3702,0.06386719615198672
3703,0.021754939935635775
3704,0.037574139768257735
3705,0.0066892231267411265
3706,0.025331083480268718
3707,0.02749151475261897
3708,0.0070579495176207275
3709,0.532106112241745
3710,0.03674945091828704
3711,0.009379755067639052
3712,0.018257524434011428
3713,0.0156771121150814
3714,0.037773402389138934
3715,0.9000764048099518
3716,0.10132515398785472
3717,0.004661136025679298
3718,2.9493266982171917e-4
3719,0.0020954727538628503
3720,2.1255569920867857e-4
3721,2.234641280665528e-4
3722,0.015248521794565022
3723,0.8703000649809838
3724,0.007791530860122293
3725,0.010377381035359576
3726,0.019513835455290972
3727,0.0068125256418716165
3728,0.008918507833150215
3729,0.04279014798346907
3730,0.0032036676857387647
3731,0.0799479121901095
3732,0.004279850184684619
3733,0.002399396344262641
3734,0.0026559523880132475
3735,0.0218892600084655
3736,0.010988305538194253
3737,0.03587726450990886
3738,0.0031860184844117612
3739,0.04336529866792262
3740,0.0015756021341076121
3741,0.011511132484301925
3742,0.00485639669757802
3743,0.03587726450990886
3744,0.013009096607565879
3745,0.0036004108178894966
3746,0.025230276328511537
3747,0.0037190757395001127
3748,0.002033207194181159
3749,0.00376911161118187
3750,0.056621910571120676
3751,0.01563208430306986
3752,0.021036222907714546
3753,0.012933595932554453
3754,0.012933595932554453
3755,0.026390604758635163
3756,0.001842057365574874
3757,0.005216437170165591
3758,0.02724443017505109
3759,0.023853442170657217
3760,0.06670274806208909
3761,0.0061920282884966584
3762,0.0017916497186524793
3763,0.0034785276872571556
3764,0.012664370201528073
3765,0.01074848661548458
3766,0.013967076349072158
3767,0.03558134046383202
3768,0.007553433240973391
3769,0.003081378666101955
3770,0.005506644356646575
3771,0.0065590966132003815
3772,0.0052775169705273585
3773,0.0031039688683813437
3774,0.005038472587184515
3775,0.007904638280160725
3776,9.175241015327628e-4
3777,0.06667252969928086
3778,0.016087675613816826
3779,0.0056840775674209
3780,0.008350313400151209
3781,0.2655676842108369
3782,0.02309295494109392
3783,0.005791821234161034
3784,0.009727603276260197
3785,0.004653698916081339
3786,0.004653698916081339
3787,0.02806905432837084
3788,0.0011725897683936637
3789,0.002219003350182902
3790,0.005954226566245779
3791,0.001978508298343513
3792,0.0014920040461583995
3793,0.003432876676088199
3794,0.0015449001773959025
3795,3.32228946244868e-4
3796,0.009751508387271315
3797,0.003432876676088199
3798,0.002398079033009708
3799,0.0013217633366002701
3800,0.003432876676088199
3801,0.01404741216218099
3802,0.004911791502381675
3803,0.006032101278542541
3804,0.0012050399878353346
3805,0.0017108483205083758
3806,0.005400813812157139
3807,0.003826298789354041
3808,0.8028427219390869
3809,0.2933486527577043
3810,0.0022425810908316634
3811,0.014450557171367109
3812,0.006763841995270923
3813,1.1737323122360976e-4
3814,0.0018586401241191197
3815,0.0030512056351290084
3816,0.007583344388986006
3817,0.005539795993827284
3818,0.028311443370766937
3819,0.016106766981538387
3820,0.1836953771673143
3821,0.047058615945279596
3822,0.0015405840321909637
3823,5.284186873177532e-4
3824,0.005165945988846943
3825,0.003867170359590091
3826,2.088897637258924e-4
3827,2.088897637258924e-4
3828,2.088897637258924e-4
3829,4.944202200931613e-4
3830,0.009954378306865692
3831,5.280477013729978e-4
3832,0.0026630546303931624
3833,0.0036174972387379967
3834,0.26184682719409463
3835,0.95018050044775
3836,0.014056272068992258
3837,8.26611495213001e-4
3838,5.08977042263723e-4
3839,2.5906063467118657e-4
3840,0.0222500479221344
3841,0.007355638096341864
3842,0.03264005824923515
3843,0.002323852644767612
3844,1.1737323122360976e-4
3845,0.01947438115719706
3846,1.1737323122360976e-4
3847,0.01947438115719706
3848,3.2391431155701864e-4
3849,0.002743538263021037
3850,0.004340686617069878
3851,1.2265687702893048e-4
3852,0.001661774812382646
3853,0.02087770970305428
3854,8.609855751274154e-4
3855,2.513863899730495e-4
3856,5.377313547069207e-4
3857,5.8435445826035e-4
3858,0.004905528188683093
3859,9.508175631344784e-4
3860,5.377313547069207e-4
3861,1.1737323122360976e-4
3862,5.377313547069207e-4
3863,0.0013119098768220284
3864,0.00903103172313422
3865,5.26084906559845e-4
3866,0.001837770530837588
3867,0.2862905555590987
3868,0.036139452115166934
3869,0.6205184416472912
3870,0.003876246934523806
3871,0.012925413091434166
3872,0.05229106474667788
3873,0.016815895007457584
3874,0.005999165943358094
3875,0.0020144045955385083
3876,0.0035799158702138813
3877,0.9157016310095787
3878,0.0018330667157715652
3879,0.003194220762816258
3880,0.011456612941110507
3881,0.01864758066367358
3882,0.43792642138898374
3883,0.2303020193427801
3884,0.007572588203474879
3885,0.0015329083267715759
3886,0.07200803164392709
3887,0.5926443193852902
3888,3.404207111088908e-4
3889,0.008355923079652711
3890,0.02571025796001777
3891,0.008598105321871117
3892,4.991421725571854e-4
3893,0.0015188848976686131
3894,0.05995903857052326
3895,0.9162420052289962
3896,0.01882272428483702
3897,0.9494348496198655
3898,0.9494348496198655
3899,0.0154733873764053
3900,0.0558900364395231
3901,0.011314993279520423
3902,0.002099201509845443
3903,0.0010703293687402038
3904,8.676283901877469e-4
3905,0.0016458364363643341
3906,0.030249799881130458
3907,0.0012568980232754256
3908,0.010602765234652907
3909,0.7199725776910781
3910,0.014048632625490427
3911,0.07152033446356654
3912,0.002645805032516364
3913,0.010594106008065865
3914,0.010092579725896939
3915,0.26655733432620765
3916,0.002892558885505423
3917,0.029188971575349568
3918,0.22211056165397167
3919,0.054519603671506045
3920,0.009084739069803617
3921,0.001685661686351523
3922,0.0016604404215468094
3923,0.004905048288055696
3924,0.024381807970348744
3925,0.9904074707627296
3926,0.3641822126507759
3927,0.014521654578857124
3928,0.023679876325186342
3929,0.020933913621120154
3930,0.00461491453286726
3931,0.7845683854818344
3932,0.9296550059318542
3933,0.009968829404097051
3934,0.009153593408409506
3935,0.04234244393650442
3936,0.011187583811115474
3937,0.013365453672595323
3938,0.011641616470878944
3939,0.004255742467357777
3940,0.007421660253312439
3941,0.0022501873268629424
3942,0.02578487229999155
3943,4.7848249290836974e-4
3944,0.03483628939371556
3945,0.0030413380917161704
3946,0.0058128265710547565
3947,0.05664232436567545
3948,0.07014005723409354
3949,0.014413071828894317
3950,0.024224107661284508
3951,0.008752919216640294
3952,0.07504464278928935
3953,0.015649602846242488
3954,0.008022072173189372
3955,0.09152184391394258
3956,0.007669765464961529
3957,0.0029090604695375076
3958,0.004698358337627724
3959,0.03230695546139031
3960,0.001713807556370739
3961,0.002878161618427839
3962,0.0015658884032745846
3963,4.7230511787347494e-4
3964,0.0011881929168885109
3965,0.0056475720251910385
3966,0.007385827315738424
3967,0.003103388807212468
3968,0.005636636433773674
3969,0.032476229756139216
3970,0.006750291525386274
3971,0.5136781464517116
3972,0.15275711838155984
3973,0.004802789907553233
3974,0.008595423956867307
3975,0.3198244524747133
3976,0.020459682680666447
3977,0.046533172209747134
3978,0.035739055313169954
3979,0.010655599879100919
3980,0.022186120697297154
3981,0.026172339860349895
3982,0.0018240973626961932
3983,0.005537908370024524
3984,0.006884713320760056
3985,0.00792065619956702
3986,0.5516314776986837
3987,0.18564843103289605
3988,0.11023043658584357
3989,0.01240417913417332
3990,0.003652651269803755
3991,0.003652651269803755
3992,0.037276969756931067
3993,0.7909978008270264
3994,0.008817232738947496
3995,0.057604032913222906
3996,8.370499113516416e-4
3997,0.011395550920860842
3998,5.399321551522007e-4
3999,0.0017792489303974435
4000,0.011398525871336461
4001,0.0024578982169623487
4002,0.05981357004493475
4003,0.004041075525456108
4004,0.0012607213199953549
4005,0.00814872127608396
4006,0.0037810072605498134
4007,0.002698655125568621
4008,0.4237789507955313
4009,0.021119454086292535
4010,0.011117005231790244
4011,0.014510027109645307
4012,0.019620343360584228
4013,0.015883343210443854
4014,0.0012688711739610881
4015,0.019949316415004432
4016,0.006553684525424614
4017,0.013683971865102649
4018,0.01256220303243026
4019,0.02437976086512208
4020,0.05961744850501418
4021,0.006965487381094136
4022,0.07241659248247742
4023,0.005207674369448796
4024,0.04727273436263204
4025,0.00821323344251141
4026,0.7660608223080635
4027,0.01154489012202248
4028,0.03545767650008202
4029,0.039069475149735806
4030,0.015454410405363888
4031,0.2150854010693729
4032,0.025132284639403223
4033,0.9373061838746071
4034,0.02397684588097036
4035,0.003675151083734818
4036,0.021915583775844426
4037,0.13773029981181026
4038,0.005248648862470872
4039,0.014726267582736909
4040,0.11953810639679432
4041,0.005646532131358981
4042,0.00916257107630372
4043,0.08381263241171837
4044,0.004010127863148227
4045,0.018090369573328643
4046,0.012662554229609668
4047,0.018530631153844297
4048,0.0037501181021798403
4049,0.006196596947847866
4050,0.03232644385192543
4051,0.03386880802921951
4052,0.02854219808243215
4053,0.014716886482201517
4054,0.010139956109924242
4055,0.007994175668573007
4056,0.0013634479050233495
4057,0.006771243815892376
4058,0.028094136132858695
4059,0.6183881051838398
4060,0.0018303969252156094
4061,0.05940287968609482
4062,0.16815825395286083
4063,0.06952435072511434
4064,0.007942349899094552
4065,0.013659382180776447
4066,0.008885574346641079
4067,0.0022697838247404435
4068,0.23276381481438876
4069,0.01043462025700137
4070,0.008043858186574653
4071,0.01185369721846655
4072,0.025211272398009896
4073,0.1603803167678416
4074,0.037302675591781735
4075,0.002046510758809745
4076,0.3961296520382166
4077,0.03472407707944512
4078,0.0029741489721345714
4079,0.002140828609990422
4080,0.002673359131149482
4081,0.3973881884664297
4082,0.005348131333012134
4083,0.008235808982281014
4084,0.04102145879063755
4085,0.017530590095557273
4086,0.0026539160593529233
4087,0.18483198558911682
4088,0.004471545534324832
4089,0.010021502954186872
4090,0.019619866795837878
4091,0.01984792316798121
4092,0.05585588230751455
4093,0.007452046923572197
4094,0.37868914544582366
4095,0.004373854463337921
4096,0.03699582800269127
4097,0.007904370273463428
4098,0.03421159289311618
4099,0.018301631859503686
4100,0.6834469546377658
4101,0.022622068799100815
4102,0.020710149453952907
4103,0.4992818272858858
4104,0.0046599129965761675
4105,0.014762226045131683
4106,0.017003064050804824
4107,0.005575930242193863
4108,0.0813500633649528
4109,0.5614295502007007
4110,0.006194107293849811
4111,0.672977594435215
4112,0.019807186538819223
4113,0.013044859832152724
4114,0.01407307869521901
4115,0.005178783778101206
4116,0.01985145699698478
4117,0.012004634325858205
4118,0.04953103695064783
4119,0.8716500347852707
4120,0.3796700853854418
4121,0.05104650164954364
4122,0.008623345140367746
4123,0.008646060761529952
4124,0.004998028143891133
4125,0.0022986103768926113
4126,9.244041746569564e-4
4127,3.944220390621922e-4
4128,1.0777744215374696e-4
4129,0.0032328696819604375
4130,0.11685684388503433
4131,0.004450948722078465
4132,0.01147692448226735
4133,0.054523620698601005
4134,0.012450874586356804
4135,0.021212370058055968
4136,0.016459950904827565
4137,0.7152604314684868
4138,0.14181308191269637
4139,0.07284330387599766
4140,0.10829102738760411
4141,0.011375855706864968
4142,0.004489723733859137
4143,0.008701649946160614
4144,0.008303805885370821
4145,0.03427086876705289
4146,0.026296487357467414
4147,0.0011128809595538768
4148,0.0086646794679109
4149,0.5984337605535984
4150,0.09743045543320478
4151,0.026783083081245423
4152,9.354234303464181e-4
4153,0.0416988942027092
4154,0.08200368832796812
4155,0.017644255934283138
4156,0.35275607246905566
4157,0.0038813636964187027
4158,0.003971949061087799
4159,0.0035912434558849782
4160,0.020922389118932187
4161,0.02988070756662637
4162,0.0045491129736183215
4163,0.007039595886599272
4164,0.007948961179936305
4165,0.008372383429668845
4166,0.059393319627270104
4167,0.05825773449614644
4168,0.6663402199745179
4169,0.3503409021347761
4170,0.007415925748646259
4171,0.04871273205149919
4172,0.002709674604120664
4173,0.04372720964252949
4174,9.699797384382691e-4
4175,0.018955380734987558
4176,0.009773184295045211
4177,0.8679597240686416
4178,0.12297248083166779
4179,0.6761840717494487
4180,0.016860526117961853
4181,6.319681480817963e-4
4182,0.0013950037183531093
4183,0.018837100849486886
4184,0.025914200241677465
4185,0.03715547395404428
4186,0.0031402915914077313
4187,0.020526107642799617
4188,0.005596565658343025
4189,0.17855045415461063
4190,0.14315177027136086
4191,0.1307298467308283
4192,0.006174294249503874
4193,0.06682600277476013
4194,0.2282842005044222
4195,0.39601232327520847
4196,0.0020902712258975952
4197,0.02829680920112878
4198,0.7864547881484032
4199,0.002405168496188708
4200,0.0042755894374568015
4201,0.02428979168762453
4202,0.017567034256644548
4203,0.00473093211883679
4204,0.02488175737671554
4205,0.02882587006315589
4206,0.01650427964515984
4207,0.04629623660352081
4208,0.643084146976471
4209,0.048159104869700965
4210,0.001684717517637182
4211,0.003942138471757062
4212,0.25769761826843024
4213,0.5913521966338158
4214,0.0716404271312058
4215,0.013315814507659524
4216,0.029597161049023272
4217,0.0011575084744254128
4218,0.024646303970366715
4219,0.14767659656703472
4220,0.021893781912513077
4221,0.003994920253753662
4222,0.012398460248950869
4223,0.03979220085777342
4224,0.033930449937470256
4225,0.004107232523383572
4226,0.001682447874773061
4227,0.0518171182833612
4228,0.0185327397310175
4229,0.013159702469129115
4230,0.01508835670305416
4231,0.02009834845783189
4232,0.012327009702567011
4233,0.004691346181207336
4234,5.263831201591529e-4
4235,0.018593334555625916
4236,0.0019547243654960767
4237,0.0026111181121086704
4238,0.0031609760763240046
4239,0.043215894498862324
4240,0.06349907199852169
4241,0.6724848222732543
4242,0.0010615759299253114
4243,0.008662562064127997
4244,0.021068583952728658
4245,0.020896860253997146
4246,0.01002982186852023
4247,0.017932900267187506
4248,0.7290729762613773
4249,0.06703178024850785
4250,0.05069783848710358
4251,0.19157096814364194
4252,0.0018498287923284806
4253,0.004715788076864556
4254,0.014672582456842064
4255,0.10966965483501553
4256,0.17634076852351427
4257,0.023162883087061346
4258,0.08478178006596863
4259,0.002146451247972436
4260,0.021192722853738813
4261,0.21965192593634128
4262,0.5613751016557217
4263,0.020165483099408448
4264,0.00518922001356259
4265,0.11097405055537819
4266,0.10681094061583281
4267,0.015033564209006726
4268,0.047506964206695555
4269,0.00808144090231508
4270,0.0012874186775297858
4271,0.019949220691341907
4272,0.003211246400314849
4273,9.333001068443991e-4
4274,0.03277909641154111
4275,0.18998613104224205
4276,0.004618890759302303
4277,0.17983965981751682
4278,0.04634184799157083
4279,0.00815790829481557
4280,0.059349236260168255
4281,0.04178691511973739
4282,0.0711143278516829
4283,0.16418079789727927
4284,0.002022827886103187
4285,0.0017977307202818337
4286,0.032341671958565715
4287,0.6636188113689423
4288,0.011465018170420081
4289,0.00998673988855444
4290,0.004900367883965373
4291,0.9461384728550911
4292,0.08489058008417487
4293,5.037543960497715e-4
4294,0.03602837625425309
4295,0.028661609995178878
4296,0.7242632594704628
4297,0.0049646500131348146
4298,0.08426270375028252
4299,0.0912441678903997
4300,0.05251894283108413
4301,0.0698619781434536
4302,0.19677654165774583
4303,0.0017667359366896561
4304,0.5077094082534314
4305,0.009807842035079374
4306,0.6737964683771134
4307,0.11626258096657693
4308,0.005138433764223009
4309,0.013299867403693497
4310,0.032737349630333486
4311,0.9720808312296867
4312,0.9255474931001664
4313,0.0024492167329299265
4314,0.0019139231671579182
4315,0.002680923125008121
4316,0.0012501317197165917
4317,0.003960018522338942
4318,0.004952689891215414
4319,0.005155665572965517
4320,5.140205207862891e-4
4321,2.7544875047169626e-4
4322,0.19533257383853198
4323,0.731428820937872
4324,0.049840069310739636
4325,0.12446178916841745
4326,0.009640099200187251
4327,0.0031777709771995434
4328,0.024002001993358134
4329,0.05644889045506716
4330,0.0040007680308190175
4331,0.0021941928830347024
4332,0.10802200770005584
4333,0.027690545660443603
4334,0.01687406093813479
4335,0.03284698154311627
4336,0.08869603756815195
4337,0.006858879362698645
4338,0.052728834701702
4339,0.02275652766227722
4340,0.13626065207645296
4341,0.00471412977669388
4342,0.03251393668586388
4343,0.07200108911842108
4344,0.03719273226801306
4345,0.008041826421394943
4346,0.5028310537338256
4347,0.22211480677127837
4348,0.24854352302849292
4349,0.008163165679434314
4350,0.0024652128221350723
4351,0.18627969471737743
4352,0.13158309422433376
4353,0.005359343505697325
4354,0.15360097294673325
4355,0.039736811900511385
4356,0.030794155783951283
4357,0.9594879013299942
4358,0.8930202293395996
4359,0.031295903297141194
4360,0.01082693018601276
4361,0.019460881103295833
4362,0.8939736795425415
4363,0.03457208652049303
4364,0.9682909953594208
4365,0.9532479166984558
4366,0.01726091773249209
4367,0.01726091773249209
4368,0.00857308400911279
4369,0.009276486996095628
4370,0.06020793164148927
4371,0.026629622890613974
4372,0.020743934120982885
4373,0.11965223425067961
4374,0.07318522084504366
4375,0.04047985378652811
4376,0.0075305384956300256
4377,0.013492131896782666
4378,0.08200899524614215
4379,0.1670276678726077
4380,0.07495973274111747
4381,0.03711135978344828
4382,0.14981353778392076
4383,0.22180120825767516
4384,0.07034451670013368
4385,0.05323881758376956
4386,0.020954922828823327
4387,0.07347044485621154
4388,0.06884546657092869
4389,0.052681637015193704
4390,0.008439344010548666
4391,0.049446725901216265
4392,0.0925030854716897
4393,0.03426589536480606
4394,0.9705020195245743
4395,0.021797714887652545
4396,0.023139159888960422
4397,0.02037668249802664
4398,0.02870475926902145
4399,0.019828453932423145
4400,0.8887163490056992
4401,0.0048819534620270135
4402,0.3215150999650359
4403,0.9705056202411652
4404,0.12976525835692881
4405,0.11596131200902164
4406,0.03424744362477213
4407,0.05401033470407128
4408,0.04378264470025897
4409,0.025637077810242773
4410,0.038058929736725984
4411,0.06817069968208671
4412,0.006571642885683104
4413,0.034821808612905444
4414,0.008008169298991561
4415,0.021843336750753225
4416,0.2203318751975894
4417,0.05422764270566404
4418,0.05457323300652206
4419,0.06462028786540032
4420,0.015966808437369764
4421,0.024692485085688533
4422,0.024692485085688533
4423,0.0011556068233767292
4424,0.5982986038923264
4425,0.39991650462150574
4426,0.014380877364892512
4427,0.039178755339235066
4428,0.07375304782763123
4429,0.06323231369256974
4430,0.03886798613704741
4431,0.007034439368871972
4432,0.03881011612713337
4433,0.2813389287143946
4434,0.009200642886571585
4435,0.0505386860948056
4436,0.02332160556688905
4437,0.00264325502095744
4438,0.003584627940435894
4439,0.006642821685527451
4440,0.07346573250368238
4441,0.4323024237155914
4442,0.4369257082045078
4443,0.008256430486217142
4444,0.0038424308178946374
4445,0.0697626330330968
4446,0.035693209413439037
4447,0.4838543912768364
4448,0.4985092042386532
4449,0.908529711663723
4450,0.02170572434552014
4451,0.19616642016917468
4452,0.04558841034770012
4453,0.20446722839027642
4454,0.779705370515585
4455,0.3213087216392159
4456,0.9238780263066292
4457,0.022392526259645818
4458,0.32114449445158244
4459,0.7972649949789047
4460,0.3031694407761097
4461,0.06493625661358238
4462,0.04234093992505222
4463,0.21404503541067244
4464,0.06425513880327344
4465,0.6317885404825211
4466,0.21175103448331356
4467,0.01624376214807853
4468,0.030279466509819032
4469,0.03853772731032223
4470,0.10947461780160665
4471,0.1028510600142181
4472,0.7765918856859207
4473,0.9363604593276977
4474,0.05556872178800404
4475,0.017227120163151994
4476,0.04721956170164049
4477,0.0132068059197627
4478,0.027188350060023368
4479,0.04412271183449775
4480,0.055705152945593
4481,0.09561178862117231
4482,0.019773454209789633
4483,0.05718940489925444
4484,0.029933703849092125
4485,0.11047735439613461
4486,0.9273649701476097
4487,0.11842737331986428
4488,0.9454007151722909
4489,0.05714205699972808
4490,0.013548031020909547
4491,0.01774592449888587
4492,0.017190535281552
4493,0.12690984114073217
4494,0.01654121429543011
4495,0.1272357719950378
4496,0.0017764801686280408
4497,0.8344809326529503
4498,0.12470481051132083
4499,0.18659721747040747
4500,0.02580966107081622
4501,0.23152462765574455
4502,0.3082713907957077
4503,0.032165536475367844
4504,0.7250879621505737
4505,0.02285382113419473
4506,0.06380797628313303
4507,0.05234821274876594
4508,0.06336197226308286
4509,0.9627576866745948
4510,0.6799534849822522
4511,0.019729247940704228
4512,0.20095280710607766
4513,0.005427955858176574
4514,0.015376594562549145
4515,0.04057380498386919
4516,0.09925479422323406
4517,0.051958924466744064
4518,0.2545997419208288
4519,0.03813267707824707
4520,0.5770753048360348
4521,0.057241866746917364
4522,0.18700262477621435
4523,0.031957139032892885
4524,0.8918874809145927
4525,0.012150251918938012
4526,0.29100728534162046
4527,0.055713930879719556
4528,0.1089190657157451
4529,0.08038603652268649
4530,0.20673579454421998
4531,0.8079355868697167
4532,0.7077354741096497
4533,0.07312056491151452
4534,0.047530639264732596
4535,0.4224756521731615
4536,0.07065268389880658
4537,0.056496691768988964
4538,0.1851315414905548
4539,0.02670462194364518
4540,0.06728179898113013
4541,0.021621013139374555
4542,0.0783915261272341
4543,0.04359401350840926
4544,0.8668595239520073
4545,0.4625838803499937
4546,0.04876088422723115
4547,0.5877003590762615
4548,0.7111510774493217
4549,0.982851887345314
4550,0.6437680782377719
4551,0.12040204014629126
4552,0.08537345911376178
4553,0.036144734965637325
4554,0.1431582197546959
4555,0.021432511806488037
4556,0.5196203716099262
4557,0.7725334239006042
4558,0.06515398062765598
4559,0.040439822189509866
4560,0.01669248253805563
4561,0.07000612089410424
4562,0.02903606886509806
4563,0.2983094934746623
4564,0.13820931000635028
4565,0.10610695885494352
4566,0.6019898322224617
4567,0.13727573316544295
4568,0.048568510357290505
4569,0.06105765762738884
4570,0.17506289293989538
4571,0.35055711299180986
4572,0.2210077414661646
4573,0.04401523203589022
4574,0.1418998079560697
4575,0.1896399326622486
4576,0.704975119382143
4577,0.9577122497558593
4578,0.05612507741898298
4579,0.07557352209463715
4580,0.06394285833463073
4581,0.001363711968442658
4582,0.35615192115306854
4583,0.08071053171530367
4584,0.292618922367692
4585,0.08342959854751825
4586,0.029909937642514706
4587,0.08344781430438161
4588,0.030274674613028765
4589,0.08451785320416093
4590,0.1547204834781587
4591,0.18077931029722094
4592,0.9057434102892876
4593,0.8347070944309235
4594,0.017441693407017737
4595,0.06865463061258197
4596,0.08882203342393041
4597,0.081844501812011
4598,0.0382193269720301
4599,0.004416863560909406
4600,0.055992717742919924
4601,0.0068008570175152275
4602,0.019782655821181834
4603,0.8003036424517631
4604,0.015024361698888242
4605,0.04540687437169254
4606,0.150136102437973
4607,0.02664967637043446
4608,0.07755301561206579
4609,0.06434243035502732
4610,0.1562904854118824
4611,0.06385696645826101
4612,0.051778881177306176
4613,0.21048734549432993
4614,0.054479117961600425
4615,0.08172580039128662
4616,0.3564533094316721
4617,0.01934550962410867
4618,0.8378463786840439
4619,0.9830464321374893
4620,0.06256707505322993
4621,0.4690659870952368
4622,0.023722263425588606
4623,0.562274928689003
4624,0.2721869997307658
4625,0.06581350351683796
4626,0.37017604276537897
4627,0.2006377076357603
4628,0.027811562204733492
4629,0.006783001039293595
4630,0.0544463053625077
4631,0.1913941116258502
4632,0.06603301166556776
4633,0.03957434681244194
4634,0.11397920891642571
4635,0.09927936252206564
4636,0.07079004152677953
4637,0.08766217811033129
4638,0.10693709295243024
4639,0.0720708741992712
4640,0.09282284723594784
4641,0.02865625270176679
4642,0.11274638278409839
4643,0.5540489370375872
4644,0.0752299494855106
4645,0.07951192066073418
4646,0.10476885681971908
4647,0.06436385996639729
4648,0.9603610545396805
4649,0.1963504933565855
4650,0.0802463550120592
4651,0.9438091588020324
4652,0.0685073760151863
4653,0.002153755681356415
4654,0.8301471647620201
4655,0.17658386506140233
4656,0.05319589078426361
4657,0.1469466153718531
4658,0.04578594425693154
4659,0.031378134470433
4660,0.005397519952966831
4661,0.9666079494357109
4662,0.0695731969922781
4663,0.031378134470433
4664,0.04579710746183992
4665,0.1280642507597804
4666,0.17586916774511338
4667,0.042822385476902126
4668,0.0759028294403106
4669,0.39758344322443007
4670,0.1126421924494207
4671,0.11220115197822451
4672,0.15453346153721215
4673,0.010766995020676405
4674,0.2502444976568222
4675,0.03273274422623217
4676,0.06422153921797871
4677,0.03725704547017813
4678,0.0692867453675717
4679,0.11929474823176861
4680,0.08143779007717968
4681,0.09423573723994196
4682,0.026947161960415543
4683,0.12448306592181325
4684,0.022003279973287136
4685,0.04649052564054727
4686,0.05598463249392807
4687,0.02550748612731695
4688,0.5303419200330972
4689,0.08081156575120986
4690,0.062408747654408216
4691,0.04464809221215546
4692,0.010077940261689946
4693,0.05771208741702139
4694,0.06864688424393535
4695,0.012954399900045245
4696,0.16436660036444664
4697,0.8983286541700363
4698,0.051053886599838734
4699,0.0057469510741066186
4700,0.07409246178343892
4701,0.13286682544276118
4702,0.09753364395350218
4703,0.22731177799403668
4704,0.07123591311275959
4705,0.9244517216086388
4706,0.04845752591267228
4707,0.057933222716674206
4708,0.8802951812744141
4709,0.20095104303210973
4710,0.4542796465754509
4711,0.8766039016842843
4712,0.13277680365368724
4713,0.06137666049413383
4714,0.13015466736629605
4715,0.8574625954031945
4716,0.06049855508841574
4717,0.5152327650785447
4718,0.8089936274290085
4719,0.11244938140735031
4720,0.028424210869707166
4721,0.10739864183589816
4722,0.055017866250127556
4723,0.9754392078518868
4724,0.028865820728242397
4725,0.012978502052137629
4726,0.07542469223961235
4727,0.06517568311654032
4728,0.028375234943814574
4729,0.035776428412646055
4730,0.25967675060033796
4731,0.1299662427045405
4732,0.2773018888384104
4733,0.19385690547525883
4734,0.006157514925580472
4735,0.010931276917690412
4736,0.010638530058786273
4737,0.23368051867932083
4738,0.27417369954288007
4739,0.07308926789090037
4740,0.2037735844962299
4741,0.2037735844962299
4742,0.005242765333969146
4743,0.015532278672326356
4744,0.17755217127501965
4745,0.19117175240069628
4746,0.009147035826463252
4747,0.22347453702241182
4748,0.04220983738079667
4749,0.26558213397860525
4750,0.07966011483222246
4751,0.018461190280504525
4752,0.19301768142729997
4753,0.012846028584754095
4754,0.005079687181278132
4755,0.9303904592990875
4756,0.06194291674531996
4757,0.1706815242022276
4758,0.04744854384101927
4759,0.05902927296236157
4760,0.0038430827035335824
4761,0.9729401886463165
4762,0.9603069505095482
4763,0.014369517085142433
4764,0.05857510786503553
4765,0.06216614883393049
4766,0.9349777972698212
4767,0.029973459905013444
4768,0.012652234514243901
4769,0.3257446324452758
4770,0.9491414821147919
4771,0.026084770318120717
4772,0.6174953907728196
4773,0.006205504988320172
4774,0.05462118498980999
4775,0.16100919358432292
4776,0.28235105752944945
4777,0.28965845067054036
4778,0.1426056414283812
4779,0.005621453148778528
4780,0.004245529095642269
4781,0.983751719892025
4782,0.18837924730032682
4783,0.87386424690485
4784,0.13506265511736273
4785,0.262864212654531
4786,0.7363172471523285
4787,0.009389888677978887
4788,0.06215355015359819
4789,0.08301443472504616
4790,0.05845136596821249
4791,0.029961796188727022
4792,0.002833909529144876
4793,0.12629795515909792
4794,0.08650026893243194
4795,0.021658839411102235
4796,0.07891902582719922
4797,0.18214407220482826
4798,0.019121755317319186
4799,0.2175387303903699
4800,0.4491745705157518
4801,0.06439370370469988
4802,0.039182884437032044
4803,0.1371842802874744
4804,0.06319626131094992
4805,0.05506152112968266
4806,0.6361469893157482
4807,0.0019446036945737432
4808,0.1003033866174519
4809,0.1846607914939523
4810,0.07388953329063952
4811,0.02937070831656456
4812,0.012268028143444099
4813,0.27284576039761305
4814,0.0045999138162005695
4815,0.41831393145024776
4816,0.016192642161622642
4817,0.3123365633934736
4818,0.0957637201435864
4819,0.10009675450623036
4820,0.02278859473299235
4821,0.11282413667067885
4822,0.22948508258908987
4823,0.09995963670313358
4824,0.18580614730715753
4825,0.011378624585922807
4826,0.0012463538238080218
4827,0.017461611188482492
4828,0.018395121025387196
4829,0.08179938388988375
4830,0.020211455756798388
4831,0.012395067606121302
4832,0.060155977038666604
4833,0.04692423244006932
4834,0.21090481478720904
4835,0.01870077441446483
4836,0.007337850379990414
4837,0.2818919277191162
4838,0.18380914978682994
4839,0.013962455433793366
4840,0.005443193881073966
4841,0.6752631184458733
4842,0.012490945018362254
4843,0.050596782620996233
4844,0.00808319623582065
4845,0.0071765833056997505
4846,0.024103772812522947
4847,0.007037828356842511
4848,0.153525733333081
4849,0.4350596671551466
4850,0.008025858739856631
4851,0.008665891549317167
4852,0.0030927796696778387
4853,0.005147456205449998
4854,0.0027780596568482
4855,0.07384793099015952
4856,0.0025204593970556744
4857,0.0031689360819291326
4858,0.04048786343075335
4859,0.02262626643292606
4860,0.021702850859146566
4861,0.014444119564723223
4862,0.7300636631250381
4863,0.004574922111351043
4864,0.009004361169645562
4865,0.05612854423001409
4866,0.010980310942977667
4867,0.007350522078340873
4868,0.003303394443937577
4869,0.19551865711808206
4870,0.2984269470348954
4871,0.021895828701090067
4872,0.029702604543417693
4873,0.06845574933104218
4874,0.03956025008112192
4875,0.01675424271496013
4876,2.642924953761394e-4
4877,2.139323317896924e-4
4878,2.642924953761394e-4
4879,0.8751818135380744
4880,0.007977315911557526
4881,0.006983387971995398
4882,0.04157733805011958
4883,0.022788024183828384
4884,0.06354950908571481
4885,0.293872481957078
4886,0.0037455189938191327
4887,0.039957172551658
4888,0.034397159293293955
4889,0.004550010391976684
4890,0.7494475582242012
4891,4.689292819784896e-4
4892,0.004467497577425092
4893,0.0050482789875241
4894,0.02429853345733136
4895,0.06858120417222381
4896,0.17759425941854715
4897,0.1831507459655404
4898,0.5719337764382363
4899,0.010075885853730142
4900,0.06328708041459322
4901,6.190913090176764e-4
4902,0.4437756934016943
4903,0.03647056660614908
4904,0.030859295916743575
4905,0.02924218187574297
4906,0.03329167805612087
4907,2.561022516238154e-4
4908,8.83906838062103e-4
4909,0.003344286586798262
4910,0.004981392218032852
4911,3.9541520731290803e-4
4912,0.01602276385296136
4913,0.043628258933313194
4914,0.00239629281044472
4915,0.001991820365074091
4916,0.037582501941360535
4917,0.09565338832326234
4918,0.010910916686989368
4919,0.011914800573140382
4920,0.14325645573437215
4921,0.0043854699516668915
4922,0.05784679244272411
4923,0.001493438815959962
4924,6.385580452479189e-4
4925,0.010084977747173979
4926,0.009393547001527622
4927,0.0016502371850947383
4928,0.9654935601353646
4929,0.029348519244231284
4930,0.004341396726667881
4931,6.288120347016957e-4
4932,0.006281554792658426
4933,0.003390944612910971
4934,0.03203670797869563
4935,5.095937391160988e-4
4936,0.0015291411182261072
4937,0.0014479344290157315
4938,0.0018455925243324601
4939,0.006557825934141875
4940,5.095937391160988e-4
4941,0.00790156401693821
4942,0.002158762204926461
4943,0.0013907576947531197
4944,5.852897815930192e-4
4945,0.002029908930999227
4946,0.008486197812017053
4947,6.266603627591394e-4
4948,0.5211229398101568
4949,0.02227946414379403
4950,0.017436485502403228
4951,0.005568009457783773
4952,0.042281358209438624
4953,0.03418126901611686
4954,0.009529794878326357
4955,0.006218424841063097
4956,0.014745193901471793
4957,2.3433750931872054e-4
4958,0.008235010153148323
4959,0.005204835622571409
4960,0.051086698891595006
4961,0.012177426682319492
4962,0.0029677391290897502
4963,0.01611489668954164
4964,0.021281726970337332
4965,0.05401410025544465
4966,0.030598707757890226
4967,0.02819655183935538
4968,0.002547197205713019
4969,0.12893270150758326
4970,0.039397115153260526
4971,0.819425137937069
4972,0.04767730969004333
4973,0.0882938413694501
4974,0.8365735059976578
4975,0.004806820946978405
4976,0.00597455762210302
4977,0.6130003602802754
4978,0.01624730691546574
4979,0.016718899342231454
4980,0.05819767403416336
4981,0.05819767403416336
4982,0.2083511546999216
4983,0.016821632287465037
4984,0.043189803804270926
4985,0.006673671833705157
4986,0.022717165977228435
4987,0.011960875352378934
4988,0.05443444371689111
4989,0.0023754268843913452
4990,0.0033377901048515925
4991,0.010405403717886657
4992,0.38750871032476425
4993,0.01443425445118919
4994,0.007687722973059863
4995,0.0017863038287032396
4996,0.02514053084421903
4997,0.014468438265612348
4998,0.018130320999771358
4999,0.059149462366476654
5000,0.006183905389043502
5001,0.022239234526641668
5002,0.0034497881011338904
5003,0.035678236079402265
5004,0.002702456750848796
5005,0.008159929845714942
5006,0.006183905389043502
5007,0.005618879048270174
5008,0.0306543911062181
5009,0.014163616814184933
5010,0.0010719428962329403
5011,0.0014104236886487342
5012,0.008172285180771724
5013,0.0062024013802874835
5014,0.011424296947661788
5015,0.004906494204478804
5016,0.002150644854991697
5017,0.00597039628541097
5018,0.0015852581565559377
5019,0.2883949008211493
5020,0.011931064043892547
5021,0.014613810187438504
5022,0.0016469587705796585
5023,0.0013277751790883485
5024,0.008757122426759452
5025,0.2035713548399508
5026,0.010357927023433149
5027,0.010867611105786636
5028,0.006336516403243877
5029,0.0022483851463766767
5030,0.02403429922182113
5031,0.007774663764284924
5032,0.09789702106267213
5033,0.16971620056778192
5034,0.008522115517407655
5035,0.006085283941356465
5036,0.0025860552163794637
5037,0.005920345489284955
5038,0.0013531404781679157
5039,0.001360614758596057
5040,0.018461270867846907
5041,0.1806638372503221
5042,0.9196456849575043
5043,2.393614159882418e-4
5044,6.752550818782766e-4
5045,6.133181372570107e-4
5046,5.146833234903169e-4
5047,6.794857436761959e-4
5048,9.345639109960757e-4
5049,9.345639109960757e-4
5050,0.002182756209222134
5051,0.00226340864028316
5052,0.008988849926972763
5053,0.009103899970650673
5054,0.020624669503886254
5055,0.016743780153337866
5056,0.004829318551346659
5057,0.01844067296711728
5058,0.0025133718963479624
5059,0.012335926612140611
5060,0.007310790370684117
5061,0.018445418495684863
5062,1.5068751985381824e-4
5063,0.00012886308894849208
5064,0.014148180605843663
5065,0.032943431136664
5066,0.02091952324146405
5067,0.059492908753454685
5068,0.04921359345782548
5069,0.1493185125850141
5070,0.039712821645662186
5071,0.035649972520768645
5072,0.0019566079950891434
5073,0.0034114879617118277
5074,0.0034114879617118277
5075,1.982814635448449e-4
5076,5.743355189042631e-4
5077,0.0010143932258506539
5078,0.00997550182393752
5079,0.0011969173284887803
5080,5.58056619411218e-4
5081,0.0010143932258506539
5082,0.011585907863918691
5083,0.006307271624682471
5084,0.03264965841546655
5085,0.003017460108967498
5086,0.028841990143992007
5087,0.008763115508481861
5088,0.07633690514601767
5089,0.008020399686647578
5090,0.0032313422119477765
5091,0.06006885698065162
5092,0.04178443931974471
5093,8.838002201082418e-4
5094,0.006125854687998072
5095,0.9223781841993332
5096,0.032611823040060696
5097,0.5737187598645687
5098,2.1471116111570153e-4
5099,0.02579890448367223
5100,0.0033332201914163307
5101,0.07152805129997432
5102,1.9056153350902605e-4
5103,0.010145354443229735
5104,2.0737530905535096e-4
5105,4.4938364695553903e-4
5106,0.09200835794210434
5107,0.018349391552619637
5108,0.002933531142771244
5109,0.0014940059959189966
5110,0.021155276079662146
5111,0.0031723946551210245
5112,5.300211166832014e-4
5113,2.1328246246412163e-4
5114,2.1328246246412163e-4
5115,0.0014940059959189966
5116,7.493606048956281e-4
5117,0.0013411792569968384
5118,0.0018157269770745189
5119,0.7926432307064534
5120,0.011111816295888276
5121,0.0017517713370034471
5122,0.02570707992883399
5123,0.0122683811862953
5124,2.520937048029737e-4
5125,0.023993100915104152
5126,0.02391019989270717
5127,0.013431590332183987
5128,0.005033913992810994
5129,5.328694485069718e-4
5130,0.007292663427069784
5131,0.003985032405762467
5132,0.004972162346239202
5133,0.0024075117855682036
5134,6.042316035018302e-4
5135,0.021313739407341926
5136,0.0017175264838442672
5137,0.0024075117855682036
5138,0.018179885358549655
5139,5.537332663516281e-4
5140,7.125030006136512e-4
5141,0.0040542553947307165
5142,0.016074797126930208
5143,0.011573409958509728
5144,0.005844906776910647
5145,5.781511097302427e-4
5146,0.32261424377560616
5147,0.0073662071133730935
5148,0.005770129668526351
5149,0.08635846750810743
5150,0.01884366979589686
5151,0.014216079753823578
5152,0.0014965172312804498
5153,6.042316035018302e-4
5154,0.1521792404912412
5155,0.002636798282765085
5156,0.007495955463964492
5157,0.00238365922763478
5158,0.04461532671935856
5159,0.008434694895986467
5160,0.028964716140180827
5161,0.09263866914436221
5162,0.014853056129068136
5163,0.0016632684928481467
5164,0.06932111863046884
5165,0.026497435737401247
5166,0.026497435737401247
5167,0.008868840523064137
5168,0.005543105788528919
5169,0.026601737563032656
5170,0.039494487908668816
5171,0.03136156810913235
5172,0.028686801900621502
5173,0.004767907564528286
5174,0.03527911237906665
5175,0.021744550794828683
5176,0.03961701761931181
5177,0.010124187325127423
5178,0.1987643001228571
5179,0.03548649893607944
5180,8.54172989129438e-4
5181,0.01642737800721079
5182,0.0022486331219261045
5183,0.004753116454812698
5184,0.008855897393077612
5185,0.0032938794506480918
5186,0.004540575547725894
5187,0.0011412170574476477
5188,0.0013195179458125495
5189,0.0019948695006314666
5190,0.0017757871429785156
5191,0.021091894935816525
5192,0.006576085907872766
5193,0.001735804961354006
5194,0.0010390856412413995
5195,0.007968312347074971
5196,0.005950482675689273
5197,0.0030850647430634127
5198,0.18645563438534737
5199,0.017859529717825354
5200,0.0025237574650964234
5201,0.0016989477531751617
5202,0.0016148770580184646
5203,0.0278194141946733
5204,0.004635167168453335
5205,7.490134291583672e-4
5206,7.490134291583672e-4
5207,0.008265141058946029
5208,3.3257178409257904e-4
5209,5.120244646241189e-4
5210,4.2448972315469293e-4
5211,4.2448972315469293e-4
5212,2.8454641418647954e-4
5213,0.03347386037930846
5214,0.05628020750824362
5215,0.004452488136594184
5216,7.503596721289796e-4
5217,0.004215487149631372
5218,7.503596721289796e-4
5219,0.012020265711471438
5220,0.03190423138905316
5221,0.003997624049079604
5222,0.015330876004882157
5223,7.494062559271697e-4
5224,0.0020211111815297044
5225,0.0694822959881276
5226,0.0031439563698950224
5227,0.002618825029931031
5228,0.01668948692968115
5229,0.0012936181847180706
5230,0.01130683206487447
5231,0.01130683206487447
5232,0.005683263695100322
5233,0.0026222997714648952
5234,0.018364334523212164
5235,0.011674390120897443
5236,0.7513003161549568
5237,0.02385044834576547
5238,0.010020547935273499
5239,0.006484501189552247
5240,0.004919055593200028
5241,0.01031876574154012
5242,0.005476446505635977
5243,0.019924335735850035
5244,0.06009447690099478
5245,0.017175823703873903
5246,0.012554172326344997
5247,0.0014938248811813537
5248,0.015791957958135754
5249,0.006899040363496169
5250,0.006899040363496169
5251,0.026729776989668608
5252,0.05309087559580803
5253,8.09516154913581e-4
5254,0.3253010840713978
5255,0.0573889553360641
5256,0.3025486064329743
5257,0.017070880627725275
5258,0.06608404284343124
5259,0.08002219714224339
5260,0.0028076586907263847
5261,0.0028076586907263847
5262,0.0035033479827689005
5263,0.0028076586907263847
5264,0.0028076586907263847
5265,0.002965001302654855
5266,0.009679792379029096
5267,0.006141345114447177
5268,0.02377975235693157
5269,4.986741122775129e-4
5270,0.7365200543403625
5271,8.375394153699744e-4
5272,0.04163454944267869
5273,8.964099718286888e-4
5274,0.01224556594970636
5275,9.053617207246134e-4
5276,0.005108696211827919
5277,0.003013141355186235
5278,0.10656777033582329
5279,0.007662352512707003
5280,0.003304839511401951
5281,0.0036513000982813537
5282,0.010493568829260766
5283,0.001292313955636928
5284,3.9951419035787693e-4
5285,0.02402394318487495
5286,0.05288082145154476
5287,0.015582718933001161
5288,0.00509815712517593
5289,0.05074191741645336
5290,0.004997973533463664
5291,3.839764018994174e-4
5292,1.8487557283151547e-4
5293,0.0036110610817559063
5294,0.002790563601301983
5295,0.018159651353489608
5296,6.397927028592676e-4
5297,0.00941117046168074
5298,0.02289079609327018
5299,0.04256785585545003
5300,0.006794813408050686
5301,0.003114201645948924
5302,0.02120617961511016
5303,0.0013474527803191449
5304,0.001195486787473783
5305,0.02946591953979805
5306,0.016179004712030293
5307,0.004599730610498227
5308,0.004599730610498227
5309,0.004873470711754635
5310,0.03775031249038875
5311,0.1079743473045528
5312,0.039084348478354514
5313,0.2218101703375578
5314,0.008643689835444092
5315,0.17449777897447347
5316,0.02404636738821864
5317,0.01848532035946846
5318,0.0010314906046551187
5319,0.005722213369444944
5320,0.0035581561183789744
5321,0.006132771413540468
5322,0.8683936423063279
5323,0.010091664764331654
5324,0.05124671065248549
5325,0.0025388605782063678
5326,0.028862206973135473
5327,0.0022544219554401935
5328,0.02037021335680038
5329,0.02153001502621919
5330,0.01384157415945083
5331,0.021439535575918853
5332,0.005940627655945718
5333,0.00821559630916454
5334,0.04319057337008417
5335,0.005429247496067546
5336,0.007435090901562944
5337,0.010345219159498811
5338,0.6375383496284485
5339,0.6355738161504269
5340,0.034590210437309
5341,0.003928539745393209
5342,0.003928539745393209
5343,0.054013461219146845
5344,0.009867200463777408
5345,0.04139734977390617
5346,0.0047569478285731746
5347,0.14152243055403232
5348,0.07149039706215263
5349,0.022814770299009978
5350,0.003379544543859083
5351,0.024282958472613244
5352,0.03495636501349509
5353,0.027595302616246046
5354,0.20555804517120124
5355,0.008291246753651648
5356,0.016756567200645806
5357,0.007091984208673238
5358,0.021492011763621123
5359,0.00827065234654583
5360,0.01594948150217533
5361,0.03851859539281577
5362,0.0382283731829375
5363,0.01177074841922149
5364,0.013926349245011807
5365,0.006602544063935056
5366,0.007806227637920529
5367,0.03255092973588034
5368,0.010984422797337174
5369,0.01344091581646353
5370,0.0018364358349936083
5371,0.020150769527535885
5372,0.1278651694394648
5373,0.007730877619469539
5374,0.001636087348451838
5375,0.04397698043845594
5376,0.23578142672777175
5377,0.26672790594398976
5378,0.004385251898202114
5379,0.007128455229103565
5380,0.006930534554412588
5381,0.03559181225951761
5382,0.1963792691193521
5383,0.4952834191918373
5384,0.037719686380587515
5385,0.009805194428190589
5386,0.060726223969832065
5387,0.012298728383611887
5388,0.08463120445609093
5389,0.009540271684527398
5390,0.0032737760117743163
5391,0.07852845823392272
5392,0.019648786454927177
5393,0.5646912927925587
5394,0.8695416155457497
5395,0.003813779322663322
5396,0.041090738982893525
5397,0.013282381678000093
5398,0.34527313351631167
5399,0.02281384067144245
5400,0.38652625620365144
5401,0.007470971245784313
5402,0.03482361730653793
5403,0.01865353644359857
5404,0.011157568652415649
5405,0.006073120135115459
5406,0.0015622485446510836
5407,0.015234423528891056
5408,0.010366212249500677
5409,0.01465688101015985
5410,0.21647671319544315
5411,0.00633797557791695
5412,0.012218159555923194
5413,0.010513063395628706
5414,0.07285241386853158
5415,0.0027386330452281982
5416,9.307735812762986e-4
5417,0.026928149331361055
5418,0.05603465885389596
5419,8.803192150662653e-4
5420,0.008340491751441732
5421,0.008340491751441732
5422,0.030549096199683844
5423,0.8755165922641754
5424,0.3044272283092141
5425,0.14906893610954286
5426,0.03884626896586269
5427,0.03884626896586269
5428,0.2129752665385604
5429,0.011617516143014655
5430,0.8817050772905349
5431,0.017256206595338882
5432,0.06705915123224258
5433,0.017863583269063385
5434,0.01707953889388591
5435,0.02174957717768848
5436,0.061633983524516225
5437,0.00883982675964944
5438,0.00394664942228701
5439,0.03168800652958453
5440,0.8350570201873779
5441,0.848940851688385
5442,0.11004949791356922
5443,0.09326977645978332
5444,0.013502261121757328
5445,0.11574545096606016
5446,0.0021929143022862262
5447,0.011647884238045662
5448,0.012264338147360831
5449,0.09624987890012562
5450,0.03767625853419304
5451,0.00525067095470149
5452,0.011685194816673175
5453,0.005777288649696856
5454,0.00732048467732966
5455,0.009955589611781761
5456,0.013062907326966524
5457,0.053159957202151414
5458,0.020602886700071394
5459,0.026159743070602415
5460,0.013053341291379184
5461,0.028008448770269753
5462,0.003788161592092365
5463,0.002922987313068006
5464,0.036557361334562305
5465,0.0034718104399507864
5466,0.5527598126977682
5467,6.749255023169098e-4
5468,0.0018120771305984817
5469,0.00403673063381575
5470,0.016605747549328954
5471,0.007079025516286492
5472,0.001385240800154861
5473,0.08498664792627096
5474,0.6233355896174908
5475,0.003967340934323147
5476,0.00406337475811597
5477,0.003714246216113679
5478,0.014261969316285103
5479,0.005802667660173028
5480,0.018007332003908232
5481,9.212537926214282e-4
5482,0.006754449781728908
5483,0.6319260200858117
5484,0.003928921918850392
5485,0.012437113460619003
5486,0.0027483769401442258
5487,0.2544779877364636
5488,0.005665423960308545
5489,0.025890607764013113
5490,0.012838286196347326
5491,0.005806486234068871
5492,0.0036294268653728067
5493,0.023431843507569283
5494,0.003767578715342097
5495,0.0053713203663937744
5496,0.004302342358860187
5497,0.004150609365315177
5498,0.017675191811285913
5499,0.10880815206095576
5500,0.007268141192616895
5501,0.07373712681233884
5502,0.01079114560270682
5503,0.00724643096094951
5504,0.01627063249005005
5505,0.0048051309114089235
5506,0.0017431823964579962
5507,0.0019562547374516724
5508,0.008510551783256232
5509,0.027998121420387177
5510,0.022191149198915808
5511,0.05772328037768602
5512,0.003083875610609539
5513,0.26575095020234585
5514,0.0167394784046337
5515,0.09264576709829271
5516,0.014324913905002177
5517,0.0030769506905926392
5518,0.5354950357973576
5519,0.01147740266053006
5520,0.5291674049943685
5521,0.004172379758674651
5522,0.014134159288369119
5523,0.0054513220774242655
5524,0.010218522662762552
5525,0.07903735337778926
5526,0.006431871740496717
5527,0.003195902634761296
5528,0.019823636934161185
5529,0.004125113616464659
5530,0.00453279466368258
5531,0.03433338139671832
5532,0.0018535238556796685
5533,0.8500976702570915
5534,0.0781078617554158
5535,0.0025259854772593827
5536,0.001390881438710494
5537,0.0012798719348211308
5538,0.0066646519838832316
5539,0.002444388070725836
5540,0.005378896463662386
5541,0.0073762758122757075
5542,0.010758610257180407
5543,0.20320298604667186
5544,0.005657198689877987
5545,0.006134250529576093
5546,0.056153340796008706
5547,0.007219357816502452
5548,0.001241771114146104
5549,1.8337931351197767e-4
5550,0.178762578740716
5551,0.005033846899750643
5552,0.004576125431922265
5553,0.6456925262510776
5554,0.004860436152666807
5555,1.9010202819117695e-4
5556,0.002876008687890135
5557,0.0011524125334108249
5558,0.0017064452805789188
5559,0.02055252272170037
5560,0.0033782841157517394
5561,0.0035547553753713145
5562,7.857262255856767e-4
5563,1.9010202819117695e-4
5564,0.010529253862332553
5565,0.021611996905412524
5566,0.011584024094045162
5567,0.0020263095467817037
5568,0.23694626374170183
5569,0.0010311823801021091
5570,3.338488623558078e-4
5571,0.04249842621851713
5572,0.006238782352302224
5573,0.004945465556811541
5574,0.02568498086184263
5575,0.0015965874338871799
5576,0.027245732289738953
5577,0.006286899714032188
5578,0.01204675767570734
5579,0.005230563579243608
5580,0.0025856462426600045
5581,7.110046583329677e-4
5582,0.0021499793097609654
5583,0.0014869955409085379
5584,0.002882109866186511
5585,0.025047450736165048
5586,0.001924664777761791
5587,0.026946134380996228
5588,0.265282062292099
5589,0.01141074877930805
5590,0.0028262889132020064
5591,0.06593513077124953
5592,0.032947030472569167
5593,0.0034120686561800537
5594,0.04591212372295558
5595,0.009551285919733345
5596,0.06603632499463856
5597,0.004900540634989739
5598,0.048351820409297946
5599,0.00408092506986577
5600,0.027434753803536296
5601,0.003019207203760743
5602,0.045915129235945644
5603,0.00059965358625049705
5604,0.004442963672336191
5605,0.007627393896691501
5606,0.00881565417861566
5607,0.0344361661747098
5608,0.013183142890920863
5609,0.05022689330391586
5610,0.0670578340999782
5611,0.03637512088753283
5612,0.04246671584434807
5613,0.03494660897180438
5614,0.0021684185563935897
5615,4.3699719702999573e-4
5616,0.0018082263764517847
5617,4.3699719702999573e-4
5618,0.0025407156030996703
5619,0.2000118348747492
5620,0.004395947062876076
5621,0.0026210645388346165
5622,0.03193404911551625
5623,6.996105076541426e-4
5624,0.05634731537662446
5625,0.005194672012585215
5626,0.003234255805145949
5627,0.0019917978800367566
5628,0.0027176537888590245
5629,0.008207193730631843
5630,8.027240834780968e-4
5631,0.04551734647713602
5632,0.052221815041266384
5633,0.1002837636275217
5634,0.016600230946205555
5635,0.004458663265104405
5636,0.013983504788484424
5637,0.004795091893756762
5638,0.0023527172877220435
5639,0.008791766098001972
5640,0.0034981774463085456
5641,4.843222614726983e-4
5642,0.002050871390674729
5643,0.022818156972061843
5644,0.002660957947082352
5645,0.01705972179537639
5646,7.278852208401076e-4
5647,0.025992796949576586
5648,0.7528937327861785
5649,0.013972984107676894
5650,0.004500426051672548
5651,0.059419845975935456
5652,0.007426423262804746
5653,0.0010415562689013314
5654,0.0023287876805989072
5655,0.0060080435371492056
5656,0.03681175210047513
5657,0.005860458420356735
5658,0.0027876112176454626
5659,0.04289728326257318
5660,0.0011744533762976061
5661,0.029238652802305296
5662,0.013188188419444486
5663,0.07698614948429167
5664,0.0030179103434784336
5665,0.07287788538262248
5666,0.0038156530185369775
5667,0.0028167928312905132
5668,0.002811706801294349
5669,0.06569777574390173
5670,0.004161082314094528
5671,0.02277825975557789
5672,0.006066315405769273
5673,0.008982861726544798
5674,0.0020143015423673204
5675,0.002661766704986803
5676,0.010765012374613435
5677,0.004382948242127895
5678,0.0027047637480427512
5679,0.0014049994677770882
5680,0.0011728421623411122
5681,0.058779648579657076
5682,0.1017383646313101
5683,0.018444694716017694
5684,0.02104789393953979
5685,4.5362438879237744e-4
5686,0.0011065985302411718
5687,4.5362438879237744e-4
5688,0.011327934118453413
5689,0.009235386095242574
5690,0.015400777237955481
5691,0.05565695745870471
5692,9.239314711157931e-4
5693,0.008945582342566922
5694,0.015783639098517595
5695,0.0218269526027143
5696,0.054373553674668076
5697,0.002487207569065504
5698,0.007347451461246237
5699,0.001816911410423927
5700,0.003428681450895965
5701,0.002689287139219232
5702,0.0018392882272019052
5703,0.008326458141673355
5704,0.016986917436588554
5705,0.028600286557339132
5706,0.1728967370837927
5707,0.008802360986592248
5708,0.004992923355312087
5709,0.01237520259572193
5710,0.0013878571675741114
5711,0.0013878571675741114
5712,2.7049825283029347e-4
5713,0.0010089505546784494
5714,2.7049825283029347e-4
5715,0.0013878571675741114
5716,0.24624784581363202
5717,2.7049825283029347e-4
5718,0.0013878571675741114
5719,0.0013878571675741114
5720,0.001178922466642689
5721,0.0063018440990708765
5722,0.026464167139492928
5723,0.9065875944495201
5724,0.0028000361632439306
5725,8.10224167216802e-4
5726,0.03796920773107559
5727,8.10224167216802e-4
5728,0.03617960237432271
5729,0.3866634599119425
5730,0.003658431583316997
5731,8.10224167216802e-4
5732,8.10224167216802e-4
5733,0.008745020586065948
5734,0.01609688178403303
5735,0.012404810084844939
5736,0.015297396606765688
5737,0.05099122188985348
5738,0.035636819433420897
5739,0.0070849974558223035
5740,0.03132077317219228
5741,0.004197902436135337
5742,0.017401323686353862
5743,0.08493907018564642
5744,5.468485128949396e-4
5745,0.025994307291693986
5746,9.054170463059563e-4
5747,4.400123013328994e-4
5748,7.341113161965041e-4
5749,5.835973449575249e-4
5750,5.835973449575249e-4
5751,5.835973449575249e-4
5752,5.835973449575249e-4
5753,5.835973449575249e-4
5754,0.004815272655105218
5755,0.021229784721508622
5756,0.006502555243205279
5757,0.007475597750162706
5758,0.014744004101958126
5759,0.03772952345199883
5760,0.018358977772295476
5761,0.001901246043271385
5762,0.014014078814070671
5763,0.0765453302487731
5764,0.00973952732863836
5765,0.19785684986039997
5766,0.030883098477497695
5767,0.008194789736298844
5768,0.03699286065064371
5769,0.004566309779183939
5770,0.7855658119916916
5771,5.678657125827158e-4
5772,0.003957283723866567
5773,0.0015748430203530006
5774,4.068508841010043e-4
5775,5.084793285641354e-4
5776,0.0022017035048338585
5777,0.039466714542359116
5778,0.014014078814070671
5779,0.9897340130805969
5780,0.011622328369412571
5781,0.014014078814070671
5782,0.0018420895506278611
5783,0.005443139192648232
5784,0.46285053648054597
5785,0.1329255172982812
5786,0.8843299901485443
5787,8.643391016084933e-4
5788,0.002627520418027416
5789,0.004938277879846282
5790,0.024396886967588217
5791,0.005466572458390146
5792,0.0012808141192363108
5793,6.925321235030424e-4
5794,0.010746153234504164
5795,0.0028418115200474856
5796,0.024397496895398944
5797,0.024676130595616998
5798,0.03637054718099535
5799,0.015571926177944988
5800,0.0022172236314509063
5801,0.0016208369078231045
5802,0.0010495060910761821
5803,0.0026440526550868524
5804,0.013191359301563352
5805,0.007688790552783757
5806,1.8941194201033796e-4
5807,4.732142656575888e-4
5808,0.0025278780070948415
5809,0.006149898146104533
5810,0.01639678228646517
5811,0.02740323015488684
5812,0.001700188765535131
5813,0.010231565207941457
5814,0.001014558721362846
5815,0.0029846454778453334
5816,0.0037721256056101994
5817,0.03180189009290189
5818,0.0035561769123887642
5819,0.023320158733986317
5820,0.6338287375867366
5821,0.03168377584312111
5822,0.0015283628448378294
5823,0.0015283628448378294
5824,0.005235964218154549
5825,0.009190691820112989
5826,0.8954554617404937
5827,0.011011255846824497
5828,0.013073502043262124
5829,0.028730878168717028
5830,0.0026693369454005734
5831,0.009637394897872582
5832,0.01956213747151196
5833,0.0050320199585985395
5834,0.008250858219107614
5835,0.004953063327120617
5836,0.005510190189816058
5837,0.008742266430053859
5838,0.007461682646535337
5839,0.0031249926722375677
5840,0.008334137087222188
5841,0.002284895278571639
5842,0.9401152831315994
5843,0.004310669129481539
5844,0.05307955916970968
5845,0.07269078796729446
5846,0.0021905247221002356
5847,0.00314920513832476
5848,6.479187832155731e-4
5849,0.0021905247221002356
5850,0.0022319553256966176
5851,0.014903731804806739
5852,0.0015829818484780845
5853,0.006461903568124399
5854,0.016110128725413234
5855,0.00489363597589545
5856,0.010189775016624481
5857,0.9626552563905716
5858,2.159179121190391e-4
5859,0.002246759961126372
5860,0.0036194687784882264
5861,0.007560423684772104
5862,0.004482034489046782
5863,0.03988318539690226
5864,0.006470803690608591
5865,0.002618448577122763
5866,0.005228765030042268
5867,0.0012297075855894945
5868,0.7319909989833832
5869,0.7319909989833832
5870,0.003594921312178485
5871,0.0035532332462025807
5872,0.04138247361406684
5873,0.012830187443178147
5874,0.25946561615914104
5875,0.01211428725393489
5876,0.00707197337411344
5877,0.002777553280175198
5878,0.016219624320510776
5879,0.9276024636626243
5880,0.09127209353260696
5881,0.026453667380847038
5882,0.03245417538098991
5883,0.6890284571051598
5884,0.030738059584982692
5885,0.02829328943043947
5886,0.015114746340550482
5887,0.018253875474911183
5888,0.029527961141429842
5889,0.006431526525411755
5890,0.006848212011391297
5891,0.002239457617106382
5892,0.008605524692684411
5893,0.0050536551023833455
5894,0.006056497449753806
5895,0.022315386710688473
5896,0.007257753236917779
5897,0.050458122584968804
5898,0.4785625305771828
5899,0.009373034741729498
5900,0.010776392050320282
5901,0.06671136352233589
5902,0.005759883401915431
5903,0.011540381284430624
5904,0.06566232654266059
5905,0.023873466909863056
5906,0.8731270939111709
5907,0.0016890463183517569
5908,0.008414022478973493
5909,0.07097701412625611
5910,0.1689116124995053
5911,0.005607777409022674
5912,0.001549690092651872
5913,0.04242518004961312
5914,0.010379696129821241
5915,0.004666715072235092
5916,0.007565205722348764
5917,0.021337903467938305
5918,0.025268765934742986
5919,0.008943426195764914
5920,0.13633819583803417
5921,0.6380613726377488
5922,0.048139526001177727
5923,0.933764299750328
5924,0.008051832274068147
5925,0.008716476687695832
5926,0.0019518354834872297
5927,0.041823278707452116
5928,0.23414213433861733
5929,0.009438812006264926
5930,0.011747468325775117
5931,0.016643169005401432
5932,0.013420922385994344
5933,0.19245820235460998
5934,0.39399515293538573
5935,0.08114468922838569
5936,0.3150567454472184
5937,0.01340990796335973
5938,0.013389085384551436
5939,0.013389085384551436
5940,0.24798273686319589
5941,0.013389085384551436
5942,0.05944245439022779
5943,0.027681679092347623
5944,0.021077344981022178
5945,0.024375772401690483
5946,0.060762539245188235
5947,0.013389085384551436
5948,0.08670448852702975
5949,0.2879545506834984
5950,0.0195403282972984
5951,0.044178076973184946
5952,0.9345031282305718
5953,0.0072197149239946155
5954,0.014124421591404826
5955,0.014124421591404826
5956,0.03855876895599067
5957,0.0015873571156407706
5958,0.0030551174120046196
5959,0.0012753294862341135
5960,0.17505386602133513
5961,0.05300173871219158
5962,0.08220279968343674
5963,0.048458980009891094
5964,0.007368006494943984
5965,0.11844531115144491
5966,0.17723932456225155
5967,0.05939124641008675
5968,0.06826847922056914
5969,0.1091312270052731
5970,0.028455239362083374
5971,0.009063199623487889
5972,0.00785645944182761
5973,0.019156014369800686
5974,0.9823955971002579
5975,0.004528077389695681
5976,0.0479397123772651
5977,0.023461624833289535
5978,0.014608867820352317
5979,7.592621805088129e-4
5980,0.0024820516313775443
5981,0.0010491380254097748
5982,8.808816196687985e-4
5983,0.00684155149734579
5984,0.006279837222537026
5985,0.009969848673790693
5986,0.08431067657656968
5987,0.9010823377966881
5988,0.020614870870485903
5989,0.01354196320171468
5990,0.019110225022304802
5991,0.008240048607112839
5992,0.01108838117448613
5993,3.496364841339528e-4
5994,0.02421922861598432
5995,0.020473932195454837
5996,0.020131984278559684
5997,0.023639350850135087
5998,0.006734585206722841
5999,0.025526165734045207
6000,0.0035649783868575468
6001,0.0035649783868575468
6002,6.185279619239736e-4
6003,0.004152251375489868
6004,0.021168399848975242
6005,0.7145989915728569
6006,0.0829482080694288
6007,0.8343168348073959
6008,0.005028721056878567
6009,0.023145796940661968
6010,0.37179172582924364
6011,0.0025548194401199
6012,9.45974290225422e-4
6013,1.5930763167489202e-4
6014,0.022434000268112868
6015,0.025532732168212533
6016,0.004157481869333424
6017,0.011829890380613505
6018,0.010259253177791835
6019,0.9051043489575386
6020,0.05307007381692529
6021,0.00596540339407511
6022,0.04838300455361605
6023,0.3840524658188224
6024,0.03988391908351332
6025,0.04286579380743206
6026,0.02109039933187887
6027,0.004461856256239116
6028,0.005390063379891217
6029,0.027566758906468748
6030,0.011429574778303505
6031,0.005184230211889371
6032,0.008452281836653128
6033,0.0064098553289659325
6034,0.27785321533679963
6035,0.009770981239853427
6036,0.003707477573188953
6037,0.013880774558056147
6038,0.02937687364872545
6039,0.02325367136159912
6040,0.006337374825961888
6041,0.698372950553894
6042,0.025785152683965862
6043,0.002373358414915856
6044,0.00337124168057926
6045,0.016134995825123042
6046,0.0013494716328568757
6047,0.0055046971957199275
6048,0.015127702902536838
6049,0.002859572309826035
6050,0.005531939436332322
6051,0.03373869789298624
6052,6.192176648619352e-4
6053,0.002105944435461424
6054,0.004449034828576259
6055,8.078139014833141e-4
6056,9.182544274517568e-4
6057,0.0027246828938950786
6058,0.001480297790840268
6059,0.02386591802816838
6060,0.011881179036572575
6061,0.010788866985822097
6062,0.00642000624909997
6063,0.06655522901564837
6064,0.003286942984268535
6065,0.0015223113485262729
6066,0.004898878433741629
6067,0.006125382833997719
6068,0.005708808624767699
6069,0.009325532563962043
6070,0.021228292020969094
6071,0.017413159888237714
6072,0.007586337504908443
6073,0.02243239918258041
6074,0.00569157637481112
6075,0.038610043195076285
6076,0.0028036984422942623
6077,0.014040640485472978
6078,0.007383697581244633
6079,0.007594426613068208
6080,0.014040640485472978
6081,0.0029336269915802406
6082,0.004260684011969715
6083,0.002873634648276493
6084,0.906587920486927
6085,0.0218815980758518
6086,0.027374325287528336
6087,0.008789684615330771
6088,0.008789684615330771
6089,3.493996797624277e-4
6090,3.493996797624277e-4
6091,0.0013482237979769707
6092,3.493996797624277e-4
6093,3.493996797624277e-4
6094,0.0036579350571264513
6095,3.493996797624277e-4
6096,0.025532732168212533
6097,0.009071215203730389
6098,0.022720394581556322
6099,0.009033288004575297
6100,0.01224732216913253
6101,0.008425592668354511
6102,0.007649253730196506
6103,0.006484293723478913
6104,0.012659987602382898
6105,0.020377882432658225
6106,0.006256580745102837
6107,0.04362099539488554
6108,0.0065681436262093485
6109,0.010910827168263495
6110,0.007337529066717252
6111,0.021861021381337196
6112,0.10472255004569889
6113,0.0013900923119217624
6114,6.601832111482509e-4
6115,0.26062956631183626
6116,0.006475516867358238
6117,0.010933512730989605
6118,0.008505141678033396
6119,0.01928265852155164
6120,0.007644157657632604
6121,0.0037433332070941107
6122,0.0023680684951250443
6123,0.0014977516015642323
6124,0.0014977516015642323
6125,0.0012664030397718307
6126,0.0015966262525762432
6127,0.02311521875206381
6128,6.003106571006356e-4
6129,0.012629755393136292
6130,0.008090584075544029
6131,0.0015073401127301623
6132,0.002686236111621838
6133,0.0029430887184571475
6134,0.0029430887184571475
6135,0.0026070274569792674
6136,3.9428949588909745e-4
6137,0.0013461849388841074
6138,0.0642454255465418
6139,0.0015073401127301623
6140,3.9428949588909745e-4
6141,0.0015700214251410216
6142,3.9428949588909745e-4
6143,3.9428949588909745e-4
6144,0.0015073401127301623
6145,0.0015073401127301623
6146,0.0015073401127301623
6147,0.00489844168536365
6148,0.0012432195863948435
6149,3.9428949588909745e-4
6150,0.0011717768956441433
6151,0.001701231457409449
6152,3.761715399377863e-4
6153,3.9428949588909745e-4
6154,0.0014069004617340397
6155,0.0013661381985002664
6156,0.0011717768956441433
6157,3.9428949588909745e-4
6158,3.9428949588909745e-4
6159,9.169374855991919e-4
6160,0.0011717768956441433
6161,0.0025315932431840336
6162,0.0069552169763483105
6163,0.0012612774199806153
6164,0.013420818699523806
6165,0.0012190356422797776
6166,0.021912191011942923
6167,0.04470525618176907
6168,0.01713303558062762
6169,0.0046714665263425555
6170,0.006115805787267163
6171,8.906076675339136e-4
6172,8.906076675339136e-4
6173,0.003165513041894883
6174,0.0010003756875812543
6175,7.823386696691159e-4
6176,0.009359670414123684
6177,0.1254657526500523
6178,0.030218515035230667
6179,0.011839294282253832
6180,0.004366025121998973
6181,0.013311069312039762
6182,0.012623608408030123
6183,0.023188654142431916
6184,0.8307444548606873
6185,0.8487806791067123
6186,0.004891233884263784
6187,5.970309999975143e-4
6188,0.007292011011741124
6189,0.013751753610558809
6190,0.29359348643571137
6191,0.00977424205862917
6192,0.013267164829885587
6193,0.015281219646567479
6194,0.032774174567312
6195,0.013708060928620399
6196,0.912079030573368
6197,3.595344248606125e-4
6198,0.0042556897166650745
6199,0.028081928486935793
6200,0.02732426372123882
6201,0.0014955638366518542
6202,0.020379576827399434
6203,1.8035960634733784e-4
6204,0.013106333159375936
6205,0.012116080785635858
6206,0.005122418713872321
6207,9.35332098742947e-4
6208,2.4153428443241865e-4
6209,0.0099567487440072
6210,0.01066320767858997
6211,3.947050619899528e-4
6212,0.002267862308654003
6213,0.010537102315574885
6214,0.005519689592765644
6215,0.015709837668109686
6216,0.006591918338090181
6217,0.0016547917248681187
6218,0.0026151788572315125
6219,0.036624488313682375
6220,0.002388921704841778
6221,0.034140569320879874
6222,0.005276765151647851
6223,0.0015160991479933727
6224,0.0028132434363942593
6225,0.0013154102908447384
6226,0.03757801052648574
6227,0.004377346470137127
6228,0.4210922095179558
6229,0.007514688324881717
6230,0.05710770899429917
6231,0.0033787017897702752
6232,0.004141638281289488
6233,0.013219061493873595
6234,0.013479119301773607
6235,0.0757694246340543
6236,0.051996954195201395
6237,0.001360918761638459
6238,0.0033174708983278833
6239,0.012757496954873205
6240,0.003865242351894267
6241,0.01644041799008846
6242,0.0040815734420903025
6243,0.019682202993426472
6244,0.019682202993426472
6245,0.02085652486421168
6246,0.004292967126821168
6247,0.013400026762392372
6248,0.024114785408601166
6249,0.005700804037624039
6250,8.739893371239305e-4
6251,0.008222283881041221
6252,0.01720552261918783
6253,0.008788071125745773
6254,7.516652948106639e-4
6255,0.020980620607733726
6256,0.027464389908127485
6257,6.97051806782838e-4
6258,0.00682450344611425
6259,0.005064582494669594
6260,0.0028683701605768876
6261,0.003418371873558499
6262,0.0066705126687884335
6263,0.003418371873558499
6264,0.019726078719832004
6265,0.8442774906754493
6266,0.002184489805949852
6267,0.003418371873558499
6268,0.003418371873558499
6269,0.003418371873558499
6270,0.009705436724470929
6271,0.2637471860274673
6272,0.0041960757639026266
6273,0.00361684157513082
6274,0.006488513047806919
6275,5.423304209398338e-4
6276,0.004587579594808631
6277,0.9642250892519951
6278,0.0022962820087559523
6279,7.232658166321926e-4
6280,0.016937466147355737
6281,0.0010812530291150323
6282,0.002430900709296111
6283,0.007076084759319201
6284,8.733624199521728e-4
6285,0.003395561480137985
6286,0.006607918563531712
6287,2.8363444329443155e-4
6288,2.0365388663776685e-4
6289,0.04037895254325122
6290,0.006140463845804333
6291,0.0013985740167845506
6292,8.672540675615892e-4
6293,0.013041727894451469
6294,0.003939029817702249
6295,0.016361922812648116
6296,0.07847543084993959
6297,0.004451282136142254
6298,0.0022651300695724786
6299,6.353806999686639e-4
6300,0.015021114074625076
6301,0.003160094465711154
6302,0.007619059252319858
6303,0.003160094465711154
6304,0.013478747503831982
6305,0.09651089128106832
6306,0.0010201625738409349
6307,0.024225408320780843
6308,0.0010201625738409349
6309,0.00465641372546088
6310,0.023578419582918286
6311,0.007341216369532048
6312,0.002677872464992106
6313,0.020540467146784067
6314,0.03250646842643619
6315,0.002477381239295937
6316,0.0023529228029656223
6317,0.010270774664822966
6318,0.017224295514170082
6319,0.9495859420299531
6320,0.9161377534270286
6321,0.04198571177199483
6322,0.012378529517445714
6323,0.014898959954734892
6324,0.042182138161733745
6325,0.005291796484962106
6326,0.0220289322338067
6327,0.0220289322338067
6328,0.0220289322338067
6329,0.0220289322338067
6330,0.012677673283033073
6331,0.0220289322338067
6332,0.009001613332657143
6333,0.06201706925407052
6334,0.009607938136905431
6335,0.0085291778302053
6336,0.011852168759796769
6337,0.001387782707461156
6338,8.600888687215047e-4
6339,0.008076943487394602
6340,0.03190310010220856
6341,0.01996040976140648
6342,0.0011216746181162307
6343,0.005513264704495669
6344,0.0016544236324261873
6345,0.007277095867320896
6346,0.0031833372593973765
6347,0.0014790422053192742
6348,0.0030754514448926786
6349,0.01671326343435794
6350,0.040469717616215345
6351,0.013859665726777166
6352,0.0030754514448926786
6353,0.023495340496301653
6354,0.0024450239760335536
6355,0.019371449002064764
6356,0.0010701156336290296
6357,0.0010701156336290296
6358,0.015130624792072922
6359,0.01653341789264232
6360,0.004057944866945036
6361,0.004073094092309475
6362,0.005437882172409445
6363,0.001670071838016156
6364,0.0055102975748013705
6365,0.010869351398432626
6366,0.014567590428050607
6367,0.019458168605342507
6368,0.005326223449665122
6369,0.03128348010592163
6370,0.002440438832854852
6371,0.014064317808952183
6372,0.005258454696740955
6373,0.03633721289224923
6374,0.07522189938463271
6375,0.011057264683768154
6376,0.004395922577241435
6377,0.05371902110055089
6378,0.020467442013323307
6379,0.5787594935297966
6380,0.014461166078690439
6381,0.0160240497905761
6382,0.0951231068558991
6383,0.35589027233421805
6384,0.007898524951888248
6385,0.009039673963561654
6386,0.005017093167989515
6387,0.007810011513065547
6388,0.06438320980407297
6389,0.031639037430286406
6390,0.02898300639819354
6391,0.9735105562210083
6392,0.006990641459124163
6393,0.002648206870362628
6394,0.0057373196154367175
6395,0.08609399429522455
6396,0.03998122038319707
6397,0.012176543092355132
6398,0.10548222783952951
6399,0.012815199953038245
6400,0.033982564597390595
6401,0.005048861733521335
6402,0.017042067553848027
6403,0.004627094854949974
6404,0.3254685479402542
6405,0.006605662580113858
6406,0.01257427665637806
6407,0.007590698540443554
6408,0.3494639564305544
6409,0.05313347564078867
6410,0.01257427665637806
6411,0.14771944861859082
6412,0.013970057768747211
6413,0.028759262776002287
6414,0.005131663781357929
6415,0.014075373092200607
6416,0.012232414865866303
6417,0.12432967228814959
6418,0.10151108486577869
6419,0.018888223671820015
6420,0.07976340244524181
6421,0.029599564035888763
6422,0.014905997368041426
6423,0.018946311473846435
6424,0.012232414865866303
6425,0.01413010256132111
6426,0.03212201561313122
6427,0.9142543449997902
6428,0.037170571172609926
6429,0.3555493253096938
6430,0.01981402384582907
6431,0.34250602059066293
6432,0.016921983491629364
6433,0.010289299277355895
6434,0.007159893262432888
6435,5.002497179521014e-4
6436,0.003864317730476614
6437,0.0023830062555498443
6438,0.0041916026192484425
6439,0.13595166254788638
6440,0.001317926712508779
6441,0.009531718611251563
6442,4.801621095248265e-4
6443,0.029596488054376095
6444,0.002398734800226521
6445,0.001317926712508779
6446,0.001317926712508779
6447,0.001108258378371829
6448,3.6183521704515444e-4
6449,4.801621095248265e-4
6450,0.005930720417527482
6451,3.6183521704515444e-4
6452,2.680011900883983e-4
6453,0.026199952429160477
6454,0.002971234004071448
6455,0.002997852494008839
6456,0.002121732314408291
6457,0.04228623000904918
6458,0.006188305612886325
6459,0.005902884825482033
6460,0.012730634617619217
6461,6.036139775824267e-4
6462,0.024746183189563453
6463,0.9935226240754127
6464,0.01915757270064205
6465,0.015015497745480388
6466,0.06196263578720391
6467,0.028465323876589538
6468,0.0013033083771006205
6469,0.025911969444714487
6470,0.01140788326272741
6471,0.04869319668971002
6472,0.036391962198540566
6473,0.0036248785065254195
6474,0.005771168628125451
6475,0.012559242921415716
6476,0.0034003849478904157
6477,0.004447070283349603
6478,0.001366222740325611
6479,0.004763085991726257
6480,0.00210929340129951
6481,0.0030953157975454814
6482,0.0036085874956916088
6483,0.003693246071052272
6484,0.0036085874956916088
6485,0.0036085874956916088
6486,0.005519509462756105
6487,0.0036085874956916088
6488,0.007929194272728637
6489,9.306617108813953e-4
6490,8.553621983446646e-4
6491,0.02551205494441092
6492,0.009231865160400048
6493,0.009231865160400048
6494,0.008426147184800357
6495,0.008542172083398327
6496,0.010831277003744618
6497,0.0036085874956916088
6498,0.021236226328182964
6499,0.005771168628125451
6500,0.05767564047127962
6501,0.002755994276376441
6502,0.02828452743589878
6503,0.002314214651705697
6504,0.007292413335526362
6505,0.003216361813538242
6506,0.014297928365413099
6507,0.049921377208083866
6508,0.009400295725790785
6509,0.012161191219929606
6510,5.264193576294928e-4
6511,5.264193576294928e-4
6512,0.0052017492149025206
6513,0.027886386262252927
6514,0.0061713173100724815
6515,0.0044467747281305495
6516,0.0027613074966939166
6517,0.0035698204967775384
6518,0.02130919021787122
6519,0.01611786537338048
6520,0.05549976601265371
6521,0.010804613868240267
6522,0.014966425197198987
6523,0.0033351770282024516
6524,0.004039167945156805
6525,0.02676036355784163
6526,0.0012713361665373669
6527,0.0012713361665373669
6528,0.011842047451063991
6529,0.0012713361665373669
6530,0.002237960284401197
6531,0.002237960284401197
6532,0.0012713361665373669
6533,0.0012713361665373669
6534,0.0012713361665373669
6535,0.03953430518042296
6536,0.0012713361665373669
6537,0.0016120249503001104
6538,0.031035658777691422
6539,0.04311040295287967
6540,0.4616535407304764
6541,0.004320719246170484
6542,0.0025433905061800033
6543,0.035328665734268724
6544,0.03437059900723398
6545,0.01186437304597348
6546,0.08992225671187043
6547,0.005106490710168146
6548,0.3390196830034256
6549,0.002684113733994309
6550,0.08313647914677859
6551,0.020671569935511797
6552,0.013869352706242353
6553,0.006858478005160578
6554,0.032609750379342585
6555,0.003931753896176815
6556,0.005434075471712276
6557,0.036512645571492613
6558,0.006801246714312583
6559,0.5972545862197876
6560,0.04165281265042722
6561,0.007641908110817894
6562,0.034512232784181834
6563,0.02492485214956105
6564,0.008127566586481408
6565,0.008097475956892594
6566,0.055866963816806677
6567,0.01483799057547003
6568,0.016201789700426163
6569,0.03459144588094205
6570,0.007772340979427099
6571,0.1199422305636108
6572,0.00939682827447541
6573,0.7853169375658036
6574,0.034559738393872975
6575,0.02184935870114714
6576,0.9832994055747986
6577,0.008332557738758623
6578,0.024780014408752323
6579,0.011312928050756454
6580,0.00813151933136396
6581,0.022099022339098155
6582,0.017181902427691968
6583,0.03159902088809759
6584,0.011567380763590335
6585,0.011680077153723687
6586,0.015541315777227283
6587,0.9911943253874779
6588,0.019728148702997713
6589,0.9108621233701706
6590,0.06200706613715738
6591,0.0174529725802131
6592,0.011804567680228502
6593,0.021283196676522495
6594,0.5833210988342762
6595,0.01777446493273601
6596,0.5370239958167076
6597,0.9252606731653213
6598,0.011685510587412865
6599,0.011039648454170674
6600,0.9645907345414162
6601,0.018473703688941898
6602,0.0017278829411952756
6603,0.004005967864068225
6604,0.0036300518934149293
6605,0.003044450164306909
6606,0.0022698859326192177
6607,0.0014365563752653542
6608,0.12694048753008247
6609,0.00466758104856126
6610,0.006112054536934011
6611,0.005725592641392723
6612,5.313747841137229e-4
6613,0.017239711182191968
6614,0.004811183591373265
6615,0.06306677563115955
6616,0.01015808921889402
6617,0.0020389888301724566
6618,0.013296057132538407
6619,0.005650061236228794
6620,0.005428126445622183
6621,8.100942744931672e-4
6622,0.030229290062561632
6623,0.03647326473146677
6624,0.0033235641469946133
6625,0.0033235641469946133
6626,0.06395139131695032
6627,0.0060831712500657885
6628,0.005551876974059269
6629,6.195485440548509e-4
6630,0.0010140206046344246
6631,0.0011415873044461477
6632,5.03991494042566e-4
6633,0.0010757026719511486
6634,3.7595429130306003e-4
6635,0.005201161194127053
6636,5.509238385275239e-4
6637,0.0010757026719511486
6638,4.0396937238256213e-4
6639,0.035740776895545424
6640,0.0012979577826627065
6641,0.0010757026719511486
6642,0.002314245495654177
6643,0.00470031238568481
6644,0.004682153022149578
6645,6.047053496149601e-4
6646,6.047053496149601e-4
6647,0.00420186450064648
6648,9.687328564177733e-4
6649,6.047053496149601e-4
6650,6.193808313400951e-4
6651,9.687328564177733e-4
6652,6.047053496149601e-4
6653,9.687328564177733e-4
6654,0.0010140206046344246
6655,0.0010541384642419871
6656,0.02855682710185647
6657,0.012180247044889257
6658,0.0010140206046344246
6659,0.0028535632841521874
6660,0.005622654022881761
6661,0.004160805466817692
6662,0.01354906428605318
6663,0.01867620937526226
6664,0.05005488489754498
6665,0.0029038698668591677
6666,0.028956500105559824
6667,0.030347091159783304
6668,0.016662400981877
6669,0.015439127979334444
6670,4.693935991235776e-4
6671,0.0019062401843257248
6672,3.640992956206901e-4
6673,0.02645833045709878
6674,0.003382849268091377
6675,0.007097252157982439
6676,8.136692566768033e-4
6677,0.003833151012659073
6678,0.006684095945674926
6679,0.02862595586106181
6680,0.012783289945218712
6681,0.02965456764213741
6682,0.01778198722982779
6683,0.6982488176226616
6684,0.009274753127247095
6685,4.500143776385812e-4
6686,8.374288310005795e-4
6687,0.011610683125909418
6688,0.00458292955881916
6689,0.027237765644676983
6690,0.00458292955881916
6691,0.004310620430042036
6692,0.00495121530664619
6693,0.022859106985852123
6694,0.02114409739617258
6695,0.003987656733370386
6696,0.10317420511506498
6697,0.012977781370282174
6698,6.425076438608812e-4
6699,3.384991735219955e-4
6700,7.520302504417486e-4
6701,5.259938040398992e-4
6702,0.05342843886464834
6703,0.016205723816528916
6704,0.00834537655231543
6705,0.06398845880292356
6706,0.007104120156727731
6707,0.008745753812836482
6708,0.004163284062524326
6709,0.026836597220972182
6710,0.02536346362903714
6711,0.5789938424527645
6712,0.009842299045994879
6713,0.00436326764873229
6714,0.00436326764873229
6715,0.004579551583738066
6716,0.044251730917021635
6717,0.014808923695236445
6718,0.020502512145321818
6719,0.03760965958703309
6720,3.345185285070329e-4
6721,3.345185285070329e-4
6722,3.345185285070329e-4
6723,3.345185285070329e-4
6724,0.010328133252914994
6725,0.0010184628279239405
6726,0.030670942179858683
6727,0.03378712221048772
6728,0.003078619401494507
6729,0.00771990304463543
6730,9.255177323939279e-4
6731,0.0017764044522482437
6732,0.02066117006819695
6733,0.006515278797596693
6734,0.02586450260132551
6735,0.006415076231351122
6736,0.028916116636246443
6737,0.0570531190931797
6738,0.013567019936162978
6739,0.00415664121741429
6740,0.005649682557559572
6741,0.006410665687872097
6742,0.9320978701114655
6743,0.676066710203886
6744,0.03699893545359373
6745,0.0070899834227748215
6746,0.05825304111931473
6747,6.116740796278464e-4
6748,0.040649953323882076
6749,0.0025095250064623544
6750,0.0025095250064623544
6751,0.001016496179290698
6752,7.841042043583002e-4
6753,3.758818683127174e-4
6754,7.841042043583002e-4
6755,0.10485872310586274
6756,5.154762888196273e-4
6757,0.012008763079065829
6758,8.619678515970009e-4
6759,3.8601309268415207e-4
6760,0.12467901863157749
6761,0.002065982849890133
6762,5.660195572272642e-4
6763,0.0514444113522768
6764,0.004428777907160111
6765,0.031218261341564357
6766,0.02119211863260716
6767,0.003041964339790866
6768,0.007870655229780824
6769,0.022691500317305328
6770,0.020979491798207163
6771,0.010632663271389902
6772,0.0089668720215559
6773,0.004923977638827637
6774,3.0997378617030335e-4
6775,0.013364185644313693
6776,0.06943454809486865
6777,0.007824131946545094
6778,0.044299206850118934
6779,0.028473223126493395
6780,0.003082159351906739
6781,9.975940494041423e-4
6782,0.009080275289015845
6783,0.001858996584196575
6784,0.029840714284218847
6785,0.0017804144567344338
6786,0.0063061780860880386
6787,0.00933725070208311
6788,0.008107077378081157
6789,4.155934489972424e-4
6790,0.012156896607484669
6791,0.004950056974776089
6792,7.123837420658674e-4
6793,0.07644374696537852
6794,0.007714409180916846
6795,5.235780722432537e-4
6796,5.235780722432537e-4
6797,4.030807334856945e-4
6798,0.010690923483343795
6799,0.01363587967469357
6800,2.6403229250718144e-4
6801,5.334810693602777e-4
6802,0.1506843351945281
6803,0.006922707135090605
6804,0.010246285375906154
6805,0.009090754908975214
6806,0.05551168276928365
6807,0.002181326538848225
6808,0.006798208465334028
6809,0.01046281392686069
6810,0.0225863146642223
6811,0.0327982033835724
6812,4.3857851000211667e-4
6813,0.0027302831411361696
6814,0.0027302831411361696
6815,4.3857851000211667e-4
6816,5.032724760530982e-4
6817,0.0019035841058939696
6818,0.0019035841058939696
6819,0.0019035841058939696
6820,0.0019035841058939696
6821,7.172805226582568e-4
6822,6.608803182461998e-4
6823,9.83187891470152e-4
6824,0.013891665216069668
6825,0.012418558599893003
6826,0.02025163740850985
6827,0.0668188653793186
6828,0.6902023288607597
6829,0.05537342288531363
6830,0.015590725340880454
6831,0.021226091880816967
6832,8.654328143893508e-4
6833,0.016899848352186383
6834,0.005780617247801274
6835,0.129993044026196
6836,0.06505825485102833
6837,0.17434155302122234
6838,7.783167991146911e-4
6839,3.563563458010321e-4
6840,0.009632108693476766
6841,0.009632108693476766
6842,0.013851980692707003
6843,0.01563814894296229
6844,0.002550890684360638
6845,0.015784713465254754
6846,0.02440037505235523
6847,0.006569503713399172
6848,0.004717114982195198
6849,0.0017668344803678337
6850,0.005125662612554152
6851,0.00609896169800777
6852,0.005690069901756942
6853,0.005690069901756942
6854,0.004084623962407932
6855,0.004084623962407932
6856,0.0062106136023066935
6857,0.006153378540766426
6858,0.009438214295078068
6859,0.024254500325769188
6860,3.640992956206901e-4
6861,0.2120572371594608
6862,0.21920254409313203
6863,0.017332267307210714
6864,0.0029818118512048384
6865,0.04728626785799861
6866,0.014177589719183743
6867,0.014872722937725484
6868,0.015217932870145888
6869,0.009969719708315096
6870,0.018972864327952265
6871,7.819632261816877e-4
6872,0.021573654075618832
6873,8.86302001454169e-4
6874,4.0521287610317813e-4
6875,4.0521287610317813e-4
6876,0.006889657903811895
6877,3.915124139530235e-4
6878,0.012858975945273415
6879,0.156011381726712
6880,0.01657026482047513
6881,0.02752099729143083
6882,0.006484394663129933
6883,0.023480360109824686
6884,0.01967156257829629
6885,0.0103460029035341
6886,0.0077501642337301745
6887,0.005258060716732871
6888,0.01314288561581634
6889,8.86302001454169e-4
6890,0.010363967320881785
6891,0.02954636700451374
6892,0.004913481886032969
6893,0.0076472821994684635
6894,0.020285049052909017
6895,0.00709332367987372
6896,0.012194320845883339
6897,0.08639705211855471
6898,0.0050832676747813825
6899,0.058111878335475924
6900,0.1060852135065943
6901,0.03472142733167857
6902,0.0320628172531724
6903,0.00667441739467904
6904,0.04903390495106578
6905,0.004000939185498282
6906,0.07591354619711638
6907,0.006824702569283545
6908,0.012093558087944984
6909,0.018727720780298114
6910,0.00495686330832541
6911,0.011628333713160828
6912,0.009547483911737799
6913,0.006602312931790948
6914,0.19031544785946608
6915,0.012979624548461289
6916,0.004942264131386764
6917,0.028196362485177814
6918,0.016569213210605085
6919,0.01724070936208591
6920,0.0022498560856911353
6921,0.003242227352457121
6922,0.008498751524602994
6923,0.005162021740688943
6924,0.011544765164144337
6925,0.018453938337042928
6926,0.18233526209369302
6927,0.01908066467149183
6928,0.017259090039879084
6929,0.02131294337916188
6930,0.035601208806037905
6931,0.031688892827369274
6932,0.029908217838965356
6933,0.006492009897483513
6934,0.007175839652772993
6935,0.039773445734754206
6936,0.8442419049143791
6937,0.05913503124378622
6938,0.09291149655357003
6939,0.011304054206702859
6940,0.018883443793747574
6941,0.014877551489043982
6942,0.05196714627556503
6943,0.00917016082443297
6944,0.0032689877442317085
6945,0.006148968701600097
6946,0.0032689877442317085
6947,0.0032689877442317085
6948,0.0032689877442317085
6949,0.09031733304262161
6950,0.026891051204875113
6951,0.06005742828827351
6952,0.017729280290659517
6953,0.021122521092183887
6954,9.907387399289292e-4
6955,0.0017209234993788413
6956,6.900563766248524e-4
6957,0.008066014726646245
6958,0.028898481649812312
6959,0.04400228145066649
6960,0.003826003989088349
6961,0.026784397121518852
6962,0.01899553342256695
6963,0.15937709730118513
6964,0.6272766277194023
6965,0.05374478165525943
6966,0.6886547768115997
6967,0.03216364043299109
6968,0.5411383877694607
6969,0.8960495486855506
6970,0.9684351965785026
6971,0.0010697387981053908
6972,0.11985870582982898
6973,0.10859031254425645
6974,0.007751219742931426
6975,0.003373729259474203
6976,0.0020684685569722205
6977,0.01665938790887594
6978,0.1207797397300601
6979,0.007881015664897859
6980,0.02444920248701237
6981,0.01235117016127333
6982,0.01783156570745632
6983,0.5509469528496266
6984,0.06021269635297358
6985,0.012281292469706386
6986,0.24419674959033727
6987,0.004761600082274526
6988,0.14462418844923378
6989,0.008382050049258396
6990,0.07172691187821328
6991,0.07502847461029888
6992,4.539365497475956e-4
6993,0.012366031408309936
6994,0.010299963222350925
6995,0.038193646110594275
6996,0.004314912499394268
6997,0.07355561850592494
6998,0.6068556161224842
6999,0.0084047607681714
7000,0.009061963581480086
7001,0.03271135984919965
7002,0.05230578521732241
7003,0.008750501981703565
7004,0.007177295607980341
7005,0.001597847112279851
7006,0.03099749471526593
7007,0.023917878847569227
7008,0.005573699453379959
7009,0.021233324226923287
7010,0.011878861278528347
7011,0.7711454689502716
7012,0.011525925053283571
7013,0.006404324965551496
7014,0.017530117023270578
7015,0.012718625897541642
7016,0.018448489445727318
7017,0.02826711384113878
7018,0.11331398885697126
7019,0.006395297936396673
7020,0.04023111540824175
7021,0.01182829829864204
7022,0.011062886740546674
7023,0.028005644851364194
7024,0.006636486139614135
7025,0.014042252493090927
7026,0.040898566227406265
7027,0.014931944606360048
7028,0.018986093597486615
7029,0.0010269425259320996
7030,0.0010269425259320996
7031,7.151503922068514e-4
7032,7.151503922068514e-4
7033,0.6593124428391457
7034,0.8530877029895783
7035,0.008745469424175098
7036,0.008745469424175098
7037,0.9439034011960029
7038,0.20717433061450719
7039,0.01669042533263564
7040,0.021253325794823467
7041,9.522900053707417e-4
7042,0.11569219779223204
7043,0.7396903401613235
7044,0.0024556335280067287
7045,0.9726867488026619
7046,0.01914977315813303
7047,0.050957929510623216
7048,0.014062480642460287
7049,0.09279346836730838
7050,0.04306808930821717
7051,0.004713785944040864
7052,0.012660485357046128
7053,0.10848547690548002
7054,0.012660485357046128
7055,0.007260265522636473
7056,0.004737528331461362
7057,0.08949890818446875
7058,0.015465534422546626
7059,0.03168797649908811
7060,0.14959301015362145
7061,0.14959301015362145
7062,0.09541966894641518
7063,0.32449716530740264
7064,0.07366657331585884
7065,0.02913319639861584
7066,0.14322065131738781
7067,0.8781689438223839
7068,0.8641562232375145
7069,0.02808316914830357
7070,0.00914848417043686
7071,0.024083925038576127
7072,0.28298279851675034
7073,0.011766239370917902
7074,0.006329479340929538
7075,0.004765923945233226
7076,0.0017718065505323466
7077,0.01852103919023648
7078,0.0018248907552333548
7079,0.04423339788801968
7080,0.16445344438776374
7081,0.8114380323886872
7082,0.055471664825454355
7083,0.12160631896927952
7084,0.12009343152865767
7085,0.01420382859185338
7086,0.03399990271776915
7087,0.023821301583666354
7088,0.015980946547351778
7089,0.00832304522395134
7090,0.0064037624275079
7091,0.013983403539750725
7092,0.018782772989943623
7093,0.02269696970237419
7094,0.017306836638599634
7095,0.006424134240951389
7096,0.013482019936200232
7097,0.06577873880043626
7098,0.002595971144037321
7099,0.004263474529143423
7100,0.0011784297883423278
7101,0.0031471424101619048
7102,0.04181070034392178
7103,0.029716303362511097
7104,0.0012843128576059827
7105,0.038871731949038806
7106,9.440422672196291e-4
7107,0.0032283791882218795
7108,0.00830061208223924
7109,0.011694939672015608
7110,0.02691361425444484
7111,0.009731601189123466
7112,0.018933423650451003
7113,0.0026507232498261145
7114,0.041753576290793716
7115,0.05781564766075462
7116,0.03930487891659141
7117,0.01942798973992467
7118,0.039673716593533755
7119,0.004431994944461622
7120,0.009554558291565627
7121,0.00399596004979685
7122,0.01663656176882796
7123,0.0034014401462627575
7124,0.032985388203524056
7125,0.017817171700298787
7126,0.004340759796323254
7127,0.00867747216601856
7128,0.14777346815913917
7129,0.033518211231566966
7130,0.013038710062392055
7131,0.06195950442925095
7132,0.015139284674078227
7133,0.0038101388665381817
7134,4.5051809102005793e-4
7135,0.020165197334717958
7136,0.013183293110923842
7137,0.0010355727821297477
7138,0.013506512565072626
7139,0.013506512565072626
7140,2.1200910059633317e-4
7141,2.1200910059633317e-4
7142,0.007232002048403956
7143,0.0022040837816894054
7144,0.05306894578039646
7145,0.026540176353882998
7146,0.1333169085159898
7147,0.01810722815222107
7148,0.0021492752199992536
7149,0.013217751637566834
7150,0.006342991024721414
7151,0.0011936394710210152
7152,0.0012829900320502929
7153,0.0011936394710210152
7154,0.02132291750749573
7155,0.0013812517024052796
7156,8.165037895378191e-4
7157,0.004798335327650421
7158,7.901018475968157e-4
7159,0.02947837631450966
7160,0.12657636435702443
7161,0.12657636435702443
7162,0.006257883829530329
7163,0.016316443874966353
7164,0.006453883107169532
7165,0.48376484408974646
7166,0.01605406103655696
7167,0.006257883829530329
7168,0.006255633636610583
7169,0.003415927498426754
7170,0.0018861312215449288
7171,0.006257883829530329
7172,0.005277240338618867
7173,0.0044232754869153726
7174,0.0016552758324542083
7175,0.002450022294942755
7176,0.006342991024721414
7177,0.009007340333191678
7178,0.002631023373105563
7179,0.0022184275623294523
7180,0.002215433698729612
7181,8.69627259162371e-4
7182,0.005983830442419276
7183,0.0052192964981077235
7184,0.03229467415716499
7185,0.007466007964685559
7186,0.5469928880035877
7187,0.01298772542970255
7188,0.6958618423342705
7189,0.016017495149280876
7190,0.01801401600241661
7191,0.002089475578686688
7192,0.12780249470844865
7193,0.013565848246216775
7194,0.024170927982777358
7195,0.02863817025907338
7196,0.007268783412873745
7197,0.013238959470763803
7198,0.029782211664132772
7199,0.41652224376797675
7200,0.0421795750502497
7201,0.02792106779292226
7202,0.026248414043802768
7203,0.02237932023592293
7204,0.017798685766756535
7205,0.023924946303013714
7206,0.00664786399982404
7207,0.08127099871635438
7208,0.01814229318406433
7209,0.008694030885817484
7210,0.008367729450110346
7211,0.014427249734289944
7212,0.013030202684458345
7213,0.0011589467739395332
7214,0.0011589467739395332
7215,0.002399384525779169
7216,0.003108851042634342
7217,0.0011589467739395332
7218,0.12055947195738553
7219,0.03111609979532659
7220,0.025153180458582936
7221,0.024029198114294558
7222,0.09133210212923587
7223,0.04560004785656929
7224,0.07599495909176766
7225,0.03859190701507032
7226,0.08258978835307061
7227,0.03706374075030908
7228,0.00313126239401754
7229,0.0039857032598229125
7230,0.01580414751311764
7231,0.06323253183625638
7232,0.006309849129756913
7233,0.015536818348336964
7234,0.10472581323236227
7235,0.00612777236441616
7236,0.01541496954858303
7237,0.005836323752300814
7238,0.0015955981172737666
7239,0.004697879050509073
7240,0.08976373929530382
7241,0.004000258824962657
7242,0.050358625878579914
7243,0.007048253754619509
7244,0.8320637500286102
7245,0.0036226952617289497
7246,0.016937501234933733
7247,0.010102630014298484
7248,0.0018811764242127537
7249,0.06098799680825323
7250,0.0018691760922956745
7251,0.0018691760922956745
7252,0.0018691760922956745
7253,0.0064771250425837935
7254,0.022060577855445445
7255,0.0030914435480372047
7256,0.06033255578018725
7257,0.015816582613624633
7258,0.004072050316026434
7259,0.025957054877653717
7260,0.009149556023767219
7261,0.011178861614316702
7262,0.06741281352937221
7263,0.029892654018476607
7264,0.00794934697332792
7265,0.02423384167253971
7266,0.0062016195221804085
7267,0.01658486335305497
7268,0.031066900556907057
7269,0.006143327900790609
7270,0.021262915562838314
7271,0.012121521442895754
7272,0.008146589770913124
7273,0.006713296063244343
7274,0.008146589770913124
7275,0.016167406169697644
7276,0.0010011887281143573
7277,6.260691537318053e-4
7278,6.260691537318053e-4
7279,6.260691537318053e-4
7280,0.005578291247365997
7281,0.015404948783107102
7282,0.03715567670762539
7283,0.0064180746587226166
7284,0.0064180746587226166
7285,0.008727932313922793
7286,0.028705007489770652
7287,0.07978918704204262
7288,0.023775315578095615
7289,0.7214221078157425
7290,0.0051739225909113885
7291,0.026504229633137585
7292,0.00862178044160828
7293,0.008483342471299693
7294,0.010070427060127259
7295,0.039104176643304525
7296,0.01428542970912531
7297,0.16772062623873352
7298,4.1668721416499466e-4
7299,0.018978305847849698
7300,0.0036955805961042644
7301,0.04579503438435495
7302,0.10979302514344454
7303,0.030532183474861085
7304,0.026549927794840188
7305,0.00180984552775044
7306,0.007160300913965329
7307,0.02605119293089956
7308,0.01616846310440451
7309,0.02155244765803218
7310,0.1556151933968067
7311,0.031282757634762674
7312,0.02450914667453617
7313,0.022710577598772944
7314,0.006910509433364496
7315,0.008476974368095398
7316,0.03391393275000155
7317,0.013315287089208141
7318,0.004715257998905145
7319,0.01998161957366392
7320,0.1279398052301258
7321,0.02122596187284216
7322,0.034325782125815746
7323,0.009630638477392494
7324,0.006102027462329716
7325,0.31201800726354123
7326,0.06228424119763076
7327,0.024049841589294373
7328,0.009573790372814982
7329,0.004089740547933616
7330,0.3009409393742681
7331,0.007929100430337711
7332,0.018243707641959192
7333,0.024345420557074247
7334,0.0010272836819058284
7335,9.404005532269366e-4
7336,0.0010089969029650093
7337,0.0013217069675738457
7338,9.58179148437921e-4
7339,9.404005532269366e-4
7340,0.0016759522623033263
7341,7.246382998710032e-4
7342,9.711233635607641e-4
7343,7.246382998710032e-4
7344,0.004477796874707565
7345,9.404005532269366e-4
7346,0.0011100868781795726
7347,0.5513626861572266
7348,0.00981555023463443
7349,0.013879317070823162
7350,0.005036417487426661
7351,0.023433148437179627
7352,0.007999732611933723
7353,0.48046245127916337
7354,0.01057273332378827
7355,0.01057273332378827
7356,0.010922314142808318
7357,0.014857529860455543
7358,0.01309588661068119
7359,0.0036887833412038162
7360,0.0013691303560335656
7361,0.00460468708362896
7362,0.010769181082723662
7363,0.00828802541247569
7364,0.0012860249129880686
7365,0.02183000581804663
7366,0.011132606235332788
7367,4.2489816227316626e-4
7368,0.0013691303560335656
7369,0.007963861145544798
7370,0.01618830655468628
7371,0.05035296092741191
7372,6.917164505284745e-4
7373,6.554554610193009e-4
7374,0.007977816399652511
7375,0.01847912237048149
7376,0.013831072440370917
7377,0.005481674046022817
7378,0.011051968013634905
7379,0.006638953589135781
7380,0.0028853720059851184
7381,0.0027662796786171386
7382,0.004460939544369467
7383,0.030986220045015216
7384,2.3632784104847814e-4
7385,5.704732021695236e-4
7386,0.04520331189967692
7387,0.0035861605079844593
7388,0.04155447220895439
7389,0.00296538890368538
7390,0.011784306142944843
7391,0.22545784089714288
7392,0.026397975778672846
7393,0.039954379624687134
7394,0.00458867731387727
7395,0.0013556944907759316
7396,0.003122110049589537
7397,0.4240520975738764
7398,0.017328524864278733
7399,0.00858863350818865
7400,0.0648777602147311
7401,0.021231839703395962
7402,0.03158938246779144
7403,0.030468283188529312
7404,0.023546511991880834
7405,0.017604837629478426
7406,0.016245669068302958
7407,0.004398022170062177
7408,0.15804651791229843
7409,0.013922182732494548
7410,0.055919978879392145
7411,0.2394536244124174
7412,0.005995661152992398
7413,0.06988027733750642
7414,0.624701693803072
7415,0.026823444534093143
7416,0.019504272886551918
7417,0.01905304122949019
7418,0.07562113651074469
7419,0.08995446342043578
7420,0.03471519668586552
7421,0.570990719050169
7422,0.10045027263462543
7423,0.283399663195014
7424,0.020476911924779417
7425,0.005145620094845071
7426,0.030251372926868497
7427,0.009348686719313264
7428,0.11850780121982098
7429,0.0279884819034487
7430,0.029129844177514314
7431,0.020377092366106807
7432,0.006939344895072281
7433,0.007681120531633496
7434,0.012647845773026347
7435,0.0019362792532774619
7436,0.014195544158574193
7437,0.006877824530238286
7438,0.01414520688354969
7439,0.016108878194354474
7440,0.004442101967870257
7441,0.01887436929391697
7442,0.06452341352589429
7443,0.9076630666851997
7444,0.01397513234289363
7445,0.004637143303989432
7446,0.02783334317151457
7447,0.013761460760142653
7448,0.014835847807116807
7449,0.0018505890150845516
7450,0.015170676046982407
7451,0.04512369005940855
7452,0.005041716429986991
7453,0.028951092269271613
7454,0.04071851865854114
7455,0.006959649013006128
7456,0.0072192137571983036
7457,0.09855544762685894
7458,0.604634335488081
7459,0.014433480957522988
7460,0.004015309943933971
7461,0.00444682773668319
7462,0.15666964622214435
7463,0.006029182295314968
7464,0.017930018722545356
7465,0.003084527758473996
7466,0.0029873307602247224
7467,0.008086271887877956
7468,0.0027999185826047325
7469,0.1073296787030995
7470,0.027621242438908667
7471,0.0042331862868741155
7472,0.004453674210235476
7473,0.020780200408771633
7474,9.938252509164157e-4
7475,9.938252509164157e-4
7476,0.010132509083487094
7477,0.037113879043608904
7478,0.054140124288387596
7479,0.021492527972441167
7480,0.048429997405037284
7481,0.015629173272754995
7482,0.08683351507410407
7483,0.0026793899471522307
7484,0.02419033472891897
7485,0.0619289059843868
7486,0.030115024871192872
7487,0.01743977835401893
7488,0.05603409862145781
7489,0.006767485799500718
7490,0.005035996122169309
7491,0.013870211171451955
7492,0.03439586570020765
7493,0.02249662118498236
7494,0.006717427922412753
7495,0.03271494447253644
7496,0.0014901925290178042
7497,0.015153109005186707
7498,4.747726507775951e-4
7499,0.027621242438908667
7500,9.083467136224498e-4
7501,0.016523041885811836
7502,8.128197745099897e-4
7503,4.747726507775951e-4
7504,0.434041840210557
7505,0.1338347452133894
7506,0.003651746966643259
7507,0.0014747960362001323
7508,0.03625486964825541
7509,0.022501537115313112
7510,0.03160317461239174
7511,0.009593379198340699
7512,0.009593379198340699
7513,0.009593379198340699
7514,0.2054418336600065
7515,0.5136383824050427
7516,4.2995377709303283e-4
7517,0.0014747960362001323
7518,0.027621242438908667
7519,0.0112566542532295
7520,0.007711006429744884
7521,0.009863252743380145
7522,0.05972797769121826
7523,0.005698408544994891
7524,0.024755953140556813
7525,0.012559223836287856
7526,0.0015529266894736794
7527,0.05658893950283527
7528,0.1195943933725357
7529,0.013501836684299632
7530,0.0429673768626526
7531,7.528371077933116e-4
7532,0.0036613773638964633
7533,0.050292213661596176
7534,0.009743904942879453
7535,0.01279939808882773
7536,0.013542925999499857
7537,0.007529094694182277
7538,0.03371889375615865
7539,0.0012165241625189083
7540,0.55715918764472006
7541,0.04131162655539811
7542,0.007301448873477057
7543,0.9398019695281983
7544,0.01388546049129218
7545,0.06623085116967559
7546,0.9073472109436989
7547,0.03371889375615865
7548,0.29954306691884997
7549,7.857459725346416e-4
7550,0.003597065100329928
7551,0.00896209997823462
7552,0.007672475585713982
7553,0.03697857521940023
7554,0.040854154764674605
7555,0.009991377535043285
7556,0.0046346977370558306
7557,0.026927659220527856
7558,0.008537901532836258
7559,0.037153551336377856
7560,0.005059912750730291
7561,5.38925126529648e-4
7562,0.016835514614358546
7563,0.016410827941726894
7564,0.11025120656937361
7565,0.034756345776841044
7566,0.013400903781875967
7567,0.0018523461930453778
7568,0.04696341723203659
7569,0.01611341390758753
7570,0.8232827988266945
7571,0.008353643506998196
7572,0.011135784715879709
7573,0.024975646850652993
7574,0.028364579533226787
7575,0.00583679890143685
7576,0.007675152363954112
7577,0.8128023573756218
7578,0.029757539574056864
7579,0.0451570819830522
7580,0.8618342101573944
7581,0.001825866842555115
7582,0.01747114915167913
7583,0.07263126014731824
7584,0.02014168241294101
7585,0.005610488401143812
7586,0.031205651038326322
7587,0.027563040987588466
7588,0.060334577541798357
7589,0.06280661456286907
7590,0.013102732043480501
7591,0.027459408275317402
7592,0.0092846322292462
7593,0.0826388899795711
7594,0.06315183424390852
7595,0.08113642301410437
7596,0.05051693931221962
7597,0.0155664965743199
7598,0.13818273590877653
7599,0.024386483980342745
7600,0.5126677788794041
7601,0.06769273330457509
7602,0.032290914626792074
7603,0.011147681246511639
7604,0.023074116723146288
7605,0.01794148674700409
7606,8.778241876279936e-4
7607,0.4705447614938021
7608,0.5051289357244968
7609,0.5605533891916274
7610,0.006695890275295824
7611,0.009594653656240553
7612,0.06679812146816402
7613,0.007428147472674027
7614,9.101710736285895e-4
7615,0.024901938689872623
7616,0.007071877669077366
7617,0.060147891901433465
7618,0.011070758267305792
7619,0.014623582065105438
7620,0.001085971492138924
7621,0.033886704249307516
7622,0.0012386132709798403
7623,0.014354179499205201
7624,0.326051084138453
7625,0.05938817786052823
7626,0.06341180166229606
7627,0.006155209990683943
7628,0.03409471512306481
7629,0.0065933391801081594
7630,0.6918080922961235
7631,0.006436069639166817
7632,0.03145714337937534
7633,0.0065933391801081594
7634,0.002808526066946797
7635,0.09858058305457235
7636,0.021885333419777452
7637,0.05182940213475376
7638,0.03062094812747091
7639,0.004712591795250774
7640,0.044430674193426965
7641,0.003533730379422195
7642,0.022011649971827866
7643,0.0021221853722818195
7644,0.01509744216571562
7645,0.0209978255815804
7646,0.07435480557382107
7647,0.009829817018471658
7648,0.021609734944067895
7649,0.02925786985550076
7650,0.013998695460613816
7651,0.03250278986059129
7652,0.08572073855437339
7653,0.0972990360390395
7654,0.08572073855437339
7655,0.03881884537637234
7656,0.0033278329993481747
7657,0.09453138826414943
7658,0.01238339494797401
7659,0.014539761042688042
7660,0.00721999145229347
7661,0.003237254208943341
7662,0.04021859292406589
7663,0.022137840618379413
7664,0.056129947965964676
7665,0.0070882847905158995
7666,0.013328127565328031
7667,0.007909917228389532
7668,0.10283912347629666
7669,0.026739359209313987
7670,0.28017946649342773
7671,0.47181678518652914
7672,0.005159233627491631
7673,0.32041882067918775
7674,0.00848370321036782
7675,0.07646688759326935
7676,0.029740720228292047
7677,0.1421281450986862
7678,0.3945038353651762
7679,0.0024946079577784987
7680,0.01304467192152515
7681,0.01304467192152515
7682,0.05881156489253044
7683,0.02622183883562684
7684,0.025917294649407268
7685,0.007906196160474792
7686,0.007906196160474792
7687,0.7341201871633529
7688,0.026862424779683352
7689,0.010750250471755863
7690,0.00656305456883274
7691,0.021487321122549474
7692,0.005586020186310634
7693,0.013729711927007884
7694,0.04448662058450282
7695,0.006185687612742186
7696,0.01481923610670492
7697,0.032964964108541606
7698,0.004314297751989216
7699,0.0022722075111232696
7700,0.005204605658072978
7701,0.17125354059040546
7702,0.12268361771479248
7703,0.06707840457558632
7704,0.4702938760817051
7705,0.0011191324671381154
7706,0.35664977263659237
7707,0.009521143888123333
7708,0.25579602234065535
7709,0.015857489176560192
7710,0.6135799811780452
7711,0.02180643299827352
7712,0.03501347629353404
7713,0.01006669418187812
7714,0.013570393966510892
7715,0.039455201607197524
7716,0.09453115252777934
7717,0.008475389285013079
7718,0.03043246562127024
7719,0.008475389285013079
7720,0.030587367294356228
7721,0.2293668245151639
7722,0.8626420286297798
7723,0.09997918935492635
7724,0.046870280234143136
7725,0.003929306748323143
7726,0.027240891135297717
7727,0.03158787695690989
7728,0.0177992971544154
7729,0.050282936077564955
7730,0.029062279439531265
7731,0.012679789406247437
7732,0.0047824977332493294
7733,0.17752132339403034
7734,0.019797641686163842
7735,0.464432697147131
7736,0.008281776945805177
7737,0.0012048034004692454
7738,0.15345238314941526
7739,0.06480573726817966
7740,0.13589863812550904
7741,0.2977205005660653
7742,0.034860132839530704
7743,0.1878457176312804
7744,0.05600826053880155
7745,0.006500762934447266
7746,0.00972827716381289
7747,0.01419524530414492
7748,0.005882273585302755
7749,0.01460601133061573
7750,0.018167100115679204
7751,0.04053026866633445
7752,0.04307728055864572
7753,0.03582525498699397
7754,0.08154221442528069
7755,0.00332762363308575
7756,0.03818231704644859
7757,0.4141293676942587
7758,0.05478128526359796
7759,0.05512375785969198
7760,0.3221937224268913
7761,0.010200421137269586
7762,0.003511484186165035
7763,0.02365773691330105
7764,0.007980501371202991
7765,0.6211298045516014
7766,0.03541871435474604
7767,0.014673859432805329
7768,0.1663301888294518
7769,0.0058304338390007615
7770,0.021253740573301913
7771,0.01380233867559582
7772,0.02216387211345136
7773,0.006498270895099268
7774,0.033959221157711
7775,0.011437040959717705
7776,0.027722955057397483
7777,0.6569779787957668
7778,0.7706382885575295
7779,0.05630273435264826
7780,0.025766704566776752
7781,0.01236205639783293
7782,0.3648271186649799
7783,0.011645427258918062
7784,0.01949125565588474
7785,0.02715986833907664
7786,0.22396637588739396
7787,0.05288859639316797
7788,0.0992292918637395
7789,0.02130947931203991
7790,0.02861560481134802
7791,0.005585039756842889
7792,0.08418120328336955
7793,0.020392959620803595
7794,0.01467170165386051
7795,0.009329963478958234
7796,0.012069736211560666
7797,0.07611670777201653
7798,0.061055575842037794
7799,0.001997347769793123
7800,0.038283784275408836
7801,0.0023795087315374983
7802,0.06736492724157869
7803,0.02868782890960574
7804,0.1392797257285565
7805,0.044192576920613645
7806,0.59857561647892
7807,0.0239871272072196
7808,0.04491907118819654
7809,0.05135734457522631
7810,0.062065829206258055
7811,0.057619977202266456
7812,0.09320327726192773
7813,0.0041757788840914144
7814,0.0031807709397980942
7815,0.003419311539037153
7816,0.005147527908557095
7817,0.016466510836035012
7818,0.05639019053429365
7819,0.001896285523835104
7820,0.0011443291495379527
7821,0.0014347946173802484
7822,0.002559579671942629
7823,0.004919486092985608
7824,0.0018062687816563993
7825,0.002171584485913627
7826,0.0028085409122286364
7827,0.0011443291495379527
7828,0.0040975783328758555
7829,0.0017446042367373594
7830,0.002171584485913627
7831,0.02742462425492704
7832,0.00720277943299152
7833,0.09105725605040789
7834,0.040234800707548854
7835,0.03767037981189787
7836,0.04016303400043398
7837,0.05286479108966887
7838,0.015891200634650885
7839,0.12900898849591613
7840,0.005827035094844177
7841,0.1681286821886897
7842,0.15807048462331294
7843,0.008555105677805841
7844,0.00629941861203406
7845,0.005827035094844177
7846,0.004018703032052144
7847,0.008592075136257336
7848,0.018206127998419107
7849,0.019957500991877167
7850,0.004748577165883034
7851,0.03709097420331091
7852,0.03709097420331091
7853,0.7127586947381497
7854,0.26613605782389643
7855,0.09908036569133401
7856,0.030083366958424448
7857,0.7522574199736118
7858,0.04868417424149811
7859,0.09963829029351473
7860,0.028481552833691238
7861,0.018229705702979118
7862,0.04430458704009652
7863,0.005468297647312283
7864,0.05609732175245881
7865,0.08629073416814208
7866,0.01179970292490907
7867,0.8861980405449867
7868,0.026163987596519292
7869,0.004906548141152598
7870,0.027749366792850196
7871,0.10279177416115999
7872,0.0831289040390402
7873,0.3861678409203887
7874,0.030838307826779782
7875,0.00721618140116334
7876,0.009180089700967073
7877,0.028768501721788197
7878,0.008780491214711219
7879,0.8182745721936225
7880,0.0028592445797403342
7881,0.04842176771257073
7882,0.04677631556987762
7883,0.017802337794564665
7884,0.12508367953822017
7885,0.03422607784625143
7886,0.03422607784625143
7887,0.012220864706905558
7888,0.21843755409121512
7889,0.01946374148130417
7890,0.08464486305601895
7891,0.00996080769575201
7892,0.3727447392046452
7893,0.04527618620544672
7894,0.981945987045765
7895,0.20146416038274764
7896,0.1941077584773302
7897,0.00997177060926333
7898,0.035087574813514946
7899,0.01780061508063227
7900,0.015452920764219016
7901,0.012290631526848301
7902,0.01718914254801348
7903,0.04349247272126377
7904,0.263027730807662
7905,0.29718767091631887
7906,0.05122484694235027
7907,0.15046713264659048
7908,0.10635097397491336
7909,0.8721315237879753
7910,0.006972954766824841
7911,0.11390618676319718
7912,0.9545765620470047
7913,0.007301796530373395
7914,0.010071362849557772
7915,0.003448242369922809
7916,0.0062057761650066825
7917,0.038253498394042254
7918,0.06301698836497963
7919,0.032398491567000746
7920,0.126939132027328
7921,0.36259704738855364
7922,0.07455704100430012
7923,0.14787131378427149
7924,0.02436774250585586
7925,0.027801410499960183
7926,0.16099711814895273
7927,0.09046019060537219
7928,0.02913285660557449
7929,0.10036896905861795
7930,0.028609835794195532
7931,0.009772701148176566
7932,0.01906532439403236
7933,0.27531941115856173
7934,0.04598014740273357
7935,0.0150292066228576
7936,0.0047223622835008425
7937,0.0056544685718836266
7938,0.04355755845084786
7939,0.0150292066228576
7940,0.40043903447687623
7941,0.022726179254241287
7942,0.022726179254241287
7943,0.016367467392701656
7944,0.007807371394010261
7945,0.10538360923528671
7946,0.8981253170967102
7947,0.11061717919073999
7948,0.8831051152944565
7949,0.11808456342667341
7950,0.017072227401658892
7951,0.02317324306583032
7952,0.1514860350266099
7953,0.10702822826802731
7954,0.9164892905950546
7955,0.04227644138969481
7956,0.03412217544857413
7957,0.26838248770684003
7958,0.012169338252861053
7959,0.9484681522846222
7960,0.9586038956046105
7961,0.7354762858152389
7962,0.9654459610581398
7963,0.01666671138256788
7964,0.01666671138256788
7965,0.03367715161293745
7966,0.01468884502304718
7967,0.045073887361213566
7968,0.01607618431211449
7969,0.011474420339800418
7970,0.014718270935118198
7971,0.19666143843904138
7972,0.030725000808015466
7973,0.01201973039074801
7974,0.027257439829409123
7975,0.02908201308455318
7976,0.017873629292007535
7977,0.2195426869392395
7978,0.024801755603402854
7979,0.05252225222997367
7980,0.022427255087532103
7981,0.7738854348659515
7982,0.10136338071897626
7983,0.061044671572744846
7984,0.14823440926149486
7985,0.015531498650088906
7986,0.04859797978773713
7987,0.10632870424538851
7988,0.10661150254309178
7989,0.05963821499608457
7990,0.649567853808403
7991,0.01278746030991897
7992,0.008952931638341398
7993,0.015406390759162605
7994,0.028673896165564657
7995,0.05233101027086377
7996,0.26921469133347276
7997,0.9527995446324349
7998,0.05513022676110268
7999,0.08473548738285899
8000,0.029166858899407087
8001,0.003510380338411778
8002,0.004654419181169942
8003,0.04478181352838874
8004,0.05647769504226744
8005,0.07771293310448528
8006,0.06140145205892623
8007,0.05001763912849128
8008,0.8936755651235581
8009,0.03544511419255286
8010,0.026594390515238046
8011,0.0321766952238977
8012,0.06813393745571375
8013,0.02813087700866163
8014,0.839976376593113
8015,0.9761508321762085
8016,0.043871672479435804
8017,0.17231017127633094
8018,0.022266160282306373
8019,0.9204705286026001
8020,0.3604973801225424
8021,0.14735193978995084
8022,0.9711393874883651
8023,0.9730729866027832
8024,0.8107913294434548
8025,0.028684392920695245
8026,0.7635701340436936
8027,0.10168614208698273
8028,0.07747043915092945
8029,0.24630386654287575
8030,0.0029955158260418103
8031,0.9479944753646851
8032,0.030010336744599044
8033,0.09264279627241194
8034,0.036324699996039274
8035,0.10536060865968466
8036,0.12427458051592112
8037,0.0846770421601832
8038,0.035625642528757454
8039,0.017147117520216852
8040,0.006766186619643122
8041,0.08330827932804823
8042,0.283930038549006
8043,0.12731331726536155
8044,0.0145945626613684
8045,0.40502142228186133
8046,0.0540515873208642
8047,0.033470347570255396
8048,0.09723540561273694
8049,0.029562646551057697
8050,0.9157530489563942
8051,0.3201157322153449
8052,0.33567106001079083
8053,0.07921146467328072
8054,0.037674185214564206
8055,0.07722064379602671
8056,0.03992787124589085
8057,0.010638927227118984
8058,0.10392597002908588
8059,0.34536636106669905
8060,0.9530153378844262
8061,0.9179380398988723
8062,0.07851311400532722
8063,0.2696646672487259
8064,0.04964644327759743
8065,0.0285924065252766
8066,0.00660387703217566
8067,0.04072096625342965
8068,0.05896832153201103
8069,0.09378887170925737
8070,0.10519602293148637
8071,0.02777028578799218
8072,0.39241339288651944
8073,0.01921303746988997
8074,0.9415333551168442
8075,0.06710902893915772
8076,0.020492074808571487
8077,0.8332565101981163
8078,0.05007751324214041
8079,0.024382128512952475
8080,0.038534024320542815
8081,0.036454132818616924
8082,0.9752420583367347
8083,0.030758504681289198
8084,0.045387791823595765
8085,0.12559707578271628
8086,0.09387252207845449
8087,0.02982594875153154
8088,0.03649260395672172
8089,0.04493980305269361
8090,0.028882375843822958
8091,0.03963641899637878
8092,0.020516586638987065
8093,0.019699825249845163
8094,0.7010201573371887
8095,0.08530718734487891
8096,0.021922722747549413
8097,0.5414676785469055
8098,0.2618336755409837
8099,9.316555538680404e-4
8100,0.003517154125729576
8101,0.06835589366033673
8102,0.09352536480873823
8103,0.12502103719860316
8104,0.0023875018968828954
8105,0.9436601486802101
8106,0.007845916466321797
8107,0.2514254453033209
8108,0.014237489593215287
8109,0.321227941326797
8110,0.2626885595917702
8111,0.01978555363137275
8112,0.02041852315887809
8113,0.010571386842057108
8114,0.05820148085244
8115,0.30088777489960195
8116,0.23756747260689737
8117,0.4482205741107464
8118,0.004000013172626496
8119,0.22939864929765463
8120,0.04611723897047341
8121,0.4786052483320236
8122,0.19520568965002894
8123,0.3404879979044199
8124,0.024045053301379085
8125,0.04517374404706061
8126,0.057773484978824854
8127,0.003291981720831245
8128,0.06393531288020313
8129,0.9672479057312011
8130,0.3139508382976055
8131,0.9267887261509895
8132,0.06146795069798827
8133,0.18695089854300023
8134,0.09536772105842829
8135,0.026250238192733377
8136,0.028173074177466333
8137,0.1942711691185832
8138,0.17484869934618474
8139,0.08509282754734158
8140,0.0962277597002685
8141,0.10489132033661008
8142,0.03572588867973536
8143,0.1605205710977316
8144,0.0739068162906915
8145,0.04576885683462024
8146,0.03945634344127029
8147,0.976384771168232
8148,0.8649059793353081
8149,0.12251335198059678
8150,0.033915082751773296
8151,0.04570307477377355
8152,0.08768189651891589
8153,0.09193698303773999
8154,0.7225036391615868
8155,0.008161855026846751
8156,0.03826476961839944
8157,0.048127186447381974
8158,0.010985704046906903
8159,0.13042203824967147
8160,0.3804375451430678
8161,0.072722994713112707
8162,0.06908381731249393
8163,0.0377819453086704
8164,0.09628512853756548
8165,0.02356467238161713
8166,0.020937459396664054
8167,0.5038761384040117
8168,0.034816500036977234
8169,0.005501791136921384
8170,0.047384048672392966
8171,0.10711593182757496
8172,0.02039985595503822
8173,0.33901655808091163
8174,0.019952630766201764
8175,0.04010655310936272
8176,0.030696912144776434
8177,0.09828805370256305
8178,0.01160644640098326
8179,0.6516507831215859
8180,0.1853481761366129
8181,0.268618248552084
8182,0.19638817343860865
8183,0.34860209792852404
8184,0.9629158514738083
8185,0.9558875069022179
8186,0.10784009434282779
8187,0.036498881075531245
8188,0.2673916322737932
8189,0.35338162861764433
8190,0.4969716235995293
8191,0.98925910115242
8192,0.011695700129494072
8193,0.10748033598065376
8194,0.05480404718779028
8195,0.1467225569114089
8196,0.04661187716759741
8197,0.030916850613430143
8198,0.029474474471062422
8199,0.01004348419723101
8200,0.061656663920730354
8201,0.0791261085588485
8202,0.9721951168775559
8203,0.0774250231962651
8204,0.11307153580710291
8205,0.4562874533981085
8206,0.24517977710813285
8207,0.20543743409216403
8208,0.09750866467133164
8209,0.028201171914115548
8210,0.5788287261128425
8211,0.09414871770888567
8212,0.14165996534749867
8213,0.21105647195130586
8214,0.34022316955029963
8215,0.07880158185958862
8216,0.8285948845744133
8217,0.10978295197710394
8218,0.01636229211697355
8219,0.006234139080625027
8220,0.1996764390915632
8221,0.22052072890102864
8222,0.08081308741122484
8223,0.11323023591190577
8224,0.07063893392682076
8225,0.19601821437478065
8226,0.965937784910202
8227,0.016649926281534135
8228,0.11165320178493858
8229,0.082977772988379
8230,0.026089408590923995
8231,0.7088502097129822
8232,0.18079810202121735
8233,0.0660864296555519
8234,0.26029549837112426
8235,0.2087077683582902
8236,0.9169342374801636
8237,0.9724342611432075
8238,0.1829711762815714
8239,0.09132792819291354
8240,0.8985565948486328
8241,0.513092504888773
8242,0.006170871146023274
8243,0.05171386308968067
8244,0.014766861078096554
8245,0.24830348752439022
8246,0.06030882858671248
8247,0.06030882858671248
8248,0.9837529891729355
8249,0.015093939183279871
8250,0.03857134077697992
8251,0.07510589302517473
8252,0.08720878768712283
8253,0.04671705675311386
8254,0.06191212679259479
8255,0.03507584353908896
8256,0.3158330990746617
8257,0.1110441461019218
8258,0.1320422021485865
8259,0.9174120599031448
8260,0.18565969958901404
8261,0.0613003543484956
8262,0.061890361104160546
8263,0.14293078206479548
8264,0.5364631436765194
8265,0.028175034946762025
8266,0.01570914367446676
8267,0.0959139971062541
8268,0.0031036201483220795
8269,0.0928920559771359
8270,0.12226209344342351
8271,0.07659061532467604
8272,0.9550379201769829
8273,0.062393587715923786
8274,0.01426131491549313
8275,0.12251813147217035
8276,0.010789865548722445
8277,0.049365489077754315
8278,0.2626340681686997
8279,0.10033891825005412
8280,0.036119877877645194
8281,0.9502808058261871
8282,0.38024320669472217
8283,0.29498703852295877
8284,0.03971073446329683
8285,0.3416898938268423
8286,0.03376776117831468
8287,0.04192010710015893
8288,0.06645987274125219
8289,0.34402308352291583
8290,0.07239114115945995
8291,0.02212945885024965
8292,0.11849369809031486
8293,0.06804386794567108
8294,0.04491339702159167
8295,0.1410850407741964
8296,0.14966678531840444
8297,0.051626386446878315
8298,0.044801852721720936
8299,0.05050693701952696
8300,0.49036788165569306
8301,0.054007643070071935
8302,0.15725241504609586
8303,0.12176363214850426
8304,0.04586218382231891
8305,0.04466582236345858
8306,0.027540729716420173
8307,0.3618836423754692
8308,0.8613721448183059
8309,0.1942018723115325
8310,0.22651632376015185
8311,0.013674378148280084
8312,0.013674378148280084
8313,0.013674378148280084
8314,0.35876448296010494
8315,0.35876448296010494
8316,0.06551007002592087
8317,0.04325646678451449
8318,0.14096741717308758
8319,0.022256344037596135
8320,0.03042446879670024
8321,0.46571368522942064
8322,0.22508163318037988
8323,0.09695333549752831
8324,0.43954680070281027
8325,0.0278415914112702
8326,0.14486310079693795
8327,0.01519148852559738
8328,0.0037626095733139663
8329,0.2676469078287482
8330,0.0625223661120981
8331,0.04977896454744041
8332,0.1771472704783082
8333,0.12612038908526302
8334,0.1308348118700087
8335,0.013927913794759661
8336,0.27545827213674784
8337,0.15320065289735793
8338,0.06484468020498753
8339,0.9874938094615936
8340,0.9267129328846931
8341,0.044447402320802215
8342,0.37707847826182844
8343,0.43573987916111945
8344,0.003547569481888786
8345,0.03035630671074614
8346,0.01669710023328662
8347,0.04878460281528532
8348,0.04445647979155183
8349,0.8142644101381302
8350,0.06164393546059728
8351,0.36355374291539194
8352,0.29520283214747906
8353,0.1418793800473213
8354,0.11830660726875067
8355,0.04906701922416687
8356,0.09416883189231157
8357,0.06675540710799396
8358,0.04371970930369571
8359,0.048520270185545084
8360,0.022637785433325917
8361,0.035044466559775174
8362,0.0847734097763896
8363,0.9879021328687668
8364,0.07585699860006571
8365,0.4932265541702509
8366,0.18186499189585448
8367,0.1565681355819106
8368,0.8014267164468766
8369,0.23336175564676523
8370,0.2229456490650773
8371,0.9593509072065354
8372,0.268500662073493
8373,0.26682528357952834
8374,0.02198202323867008
8375,0.03914791849441826
8376,0.04157179563306272
8377,0.03443141724914312
8378,0.04702080904506147
8379,0.03791076204739511
8380,0.9818538773059845
8381,0.01761500044260174
8382,0.047720972346141935
8383,0.03463724868837744
8384,0.2197542117908597
8385,0.32957027956843377
8386,0.022113667472731323
8387,0.04916363309137523
8388,0.05557130035944283
8389,0.20026177644729615
8390,0.3685242535918951
8391,0.043623514561913906
8392,0.044609327856451275
8393,0.06441477783955633
8394,0.1397926790639758
8395,0.08140050917863846
8396,0.19784767765551806
8397,0.9607091820240021
8398,0.7246940837800503
8399,0.14765254033729433
8400,0.006469193258089945
8401,0.07808887964114547
8402,0.02197332094772719
8403,0.0682478322647512
8404,0.3842640278488398
8405,0.1381786186248064
8406,0.0802049183100462
8407,0.013026515094097704
8408,0.04275763964280486
8409,0.35572876054793595
8410,0.009585015664342791
8411,0.03843690464738756
8412,0.06779985604807734
8413,0.0568532969802618
8414,0.9155328765511512
8415,0.39456821031868455
8416,0.016053676368901506
8417,0.4485675840079784
8418,0.027961680269800126
8419,0.04430027818772942
8420,0.002671352636825759
8421,0.017860118134412916
8422,0.029569099806249142
8423,0.00569605233380571
8424,0.5883826117217541
8425,0.0033421134407399223
8426,0.031187391756102443
8427,0.4250401209294796
8428,0.6117917720973491
8429,0.8942629680037498
8430,0.7388930004835129
8431,0.07157099777832628
8432,0.49665030375123026
8433,0.02944982291664928
8434,0.018364968963433058
8435,0.1748978555947542
8436,0.04721905319951475
8437,0.04721905319951475
8438,0.33737911120057107
8439,0.6831080195307732
8440,0.4223356755077839
8441,0.7385486075282097
8442,0.06927142012864351
8443,0.10149153102189302
8444,0.2498100757598877
8445,0.04173338558990508
8446,0.06744801934808492
8447,0.07022639297880233
8448,0.020285544442012905
8449,0.3231631805747747
8450,0.07208663940429688
8451,0.17377624802291394
8452,0.007506423365557566
8453,0.052730862507596614
8454,0.9779956397414208
8455,0.10458472861908376
8456,0.12258320324122905
8457,0.23278460487723351
8458,0.08236273445188999
8459,0.18629026178270577
8460,0.17642806835472583
8461,0.09123307460919022
8462,0.027975514968857168
8463,0.13560112319886686
8464,0.7644243574142456
8465,0.04721610394306481
8466,0.047280956003814933
8467,0.1657015996798873
8468,0.029515590383671225
8469,0.05701975526753813
8470,0.08091804333031177
8471,0.04673545821104199
8472,0.11581909729167819
8473,0.047101621478796006
8474,0.8389272221922874
8475,0.03739755573682487
8476,0.6367730438709259
8477,0.07078810263425112
8478,0.08887545060366392
8479,0.030916025415062904
8480,0.050891271098516884
8481,0.27186456095427275
8482,0.017359474902041257
8483,0.05573982272297144
8484,0.1702191000431776
8485,0.0318241473287344
8486,0.022228393689729273
8487,0.25329126000404356
8488,0.0706045751646161
8489,0.04607965985778719
8490,0.02251937160966918
8491,0.9447023805975914
8492,0.1831553765758872
8493,0.09752271495759487
8494,0.031138277186546475
8495,0.06078204428777099
8496,0.12723826110363007
8497,0.009902415592223405
8498,0.001319807241379749
8499,0.001152308891469147
8500,4.4152899245091247e-4
8501,4.4152899245091247e-4
8502,4.4152899245091247e-4
8503,0.023139353697188197
8504,0.03260251692030579
8505,0.0029512684111250563
8506,0.004160330765298568
8507,0.004160330765298568
8508,0.004160330765298568
8509,0.0028626887884456663
8510,0.0024925204232567923
8511,0.004160330765298568
8512,0.004160330765298568
8513,0.004160330765298568
8514,0.004160330765298568
8515,0.004160330765298568
8516,4.4447095038776754e-4
8517,4.965451228054008e-4
8518,4.965451228054008e-4
8519,4.965451228054008e-4
8520,4.965451228054008e-4
8521,4.965451228054008e-4
8522,4.965451228054008e-4
8523,6.481862204236677e-4
8524,5.206267890389426e-4
8525,4.4447095038776754e-4
8526,0.0054542332811979575
8527,0.00403185100061819
8528,0.00403185100061819
8529,0.0037419291737023743
8530,6.948743601969909e-4
8531,6.948743601969909e-4
8532,6.069638338522055e-4
8533,6.948743601969909e-4
8534,6.948743601969909e-4
8535,7.109758192382288e-4
8536,7.109758192382288e-4
8537,0.0014892609693924897
8538,4.6217071161663625e-4
8539,0.0014892609693924897
8540,0.06543188720941544
8541,0.0010820034315111116
8542,7.109758192382288e-4
8543,0.0014892609693924897
8544,0.001040503888798412
8545,0.001040503888798412
8546,0.002156323283852544
8547,0.0014284430889529177
8548,0.001040503888798412
8549,0.001040503888798412
8550,0.001040503888798412
8551,0.001387878521636594
8552,0.001040503888798412
8553,0.001040503888798412
8554,0.01064473405946046
8555,0.03713605904951692
8556,0.12931073818355798
8557,5.10244047472952e-4
8558,0.004569478284101933
8559,0.002492379577306565
8560,0.004569478284101933
8561,5.238781787920743e-4
8562,5.238781787920743e-4
8563,0.009674272832926363
8564,5.238781787920743e-4
8565,0.0019630991536541843
8566,7.318858908547555e-4
8567,0.0012839620291197208
8568,6.540189789666328e-4
8569,6.801061354053672e-4
8570,0.0012839620291197208
8571,0.0012839620291197208
8572,0.02561442130478099
8573,0.0022121288473135794
8574,7.426100784505251e-4
8575,6.703258379275212e-4
8576,7.426100784505251e-4
8577,4.503622675838415e-4
8578,0.06415595125406981
8579,0.0035905502241803332
8580,0.11696665080264211
8581,0.13447395000606777
8582,0.04685189325362444
8583,0.0022401636064751074
8584,0.03663493789732456
8585,0.006461609111283906
8586,0.09678124027326702
8587,0.030047314115799962
8588,0.009157894672825932
8589,0.008038416437339038
8590,0.00441957502393052
8591,0.00441957502393052
8592,0.006649705708259717
8593,0.004502958061639219
8594,0.009129955496173353
8595,0.6020263209939003
8596,0.0035010854469146578
8597,0.025544828781858087
8598,0.05816728485748172
8599,0.06944675419479608
8600,0.04542915034107864
8601,0.18054035253822803
8602,6.858370787813328e-4
8603,6.858370787813328e-4
8604,0.0034277508966624737
8605,0.02496277858968824
8606,0.022565229469910263
8607,0.0025669425979140213
8608,9.80173610150814e-4
8609,5.998469708720222e-4
8610,6.346952823514584e-4
8611,9.80173610150814e-4
8612,9.80173610150814e-4
8613,0.036659065894782544
8614,0.0031683256482938306
8615,0.0676539770513773
8616,0.07717599179595709
8617,0.044782772045582536
8618,0.009251294010318815
8619,0.00881761996774003
8620,6.753714077058249e-4
8621,0.9631531980633735
8622,6.753714077058249e-4
8623,6.753714077058249e-4
8624,2.3789366689015877e-4
8625,0.008169978634687141
8626,6.753714077058249e-4
8627,6.753714077058249e-4
8628,0.08394327066838742
8629,0.011728971309494227
8630,0.0025484890723600985
8631,0.07058056124486028
8632,0.09452863754704595
8633,0.009002460543997585
8634,6.334146529843565e-4
8635,0.010135549945989624
8636,0.0017229026134009473
8637,0.11627176761627198
8638,0.011835653849411756
8639,0.0047134173510130495
8640,0.0047134173510130495
8641,0.0047134173510130495
8642,0.0025170099482056687
8643,0.006213016655528918
8644,0.0025170099482056687
8645,0.0025170099482056687
8646,0.0025170099482056687
8647,8.32858116045827e-4
8648,8.32858116045827e-4
8649,0.0012266311995335856
8650,0.0025170099482056687
8651,8.32858116045827e-4
8652,8.32858116045827e-4
8653,8.32858116045827e-4
8654,0.017144024702720344
8655,0.2537547043710947
8656,0.03458535136189312
8657,0.03435300482437015
8658,0.007958716113353147
8659,0.006769461346557364
8660,0.0025139278892311267
8661,0.0013873728695034514
8662,0.04115525111556053
8663,0.006769461346557364
8664,0.01911602410255
8665,0.0013873728695034514
8666,0.0025139278892311267
8667,0.01911602410255
8668,0.8975080212950707
8669,0.023874083873815833
8670,0.4161576538532972
8671,0.008067588052945211
8672,0.021971604386344552
8673,0.006769461346557364
8674,0.022646268599200995
8675,0.038144543669186536
8676,0.021487167472951114
8677,0.062150620725005865
8678,0.006125952958827838
8679,0.3569426675513387
8680,0.2890008941665292
8681,0.2890008941665292
8682,0.013487834534607827
8683,0.011031058246735483
8684,0.9656030794978142
8685,0.02179727333597839
8686,6.699549211771227e-4
8687,0.021024833626579493
8688,0.030406572134234013
8689,0.009962328379042446
8690,0.012942412563133984
8691,0.006234623091295362
8692,0.01623357888078317
8693,0.01468020564178005
8694,0.002578902097593527
8695,0.971239620745182
8696,5.252169907907956e-4
8697,5.252169907907956e-4
8698,5.252169907907956e-4
8699,5.252169907907956e-4
8700,5.252169907907956e-4
8701,5.252169907907956e-4
8702,5.252169907907956e-4
8703,0.06968519967980683
8704,0.034425672637298704
8705,0.006340953639009967
8706,0.03152363624889404
8707,0.05761120990850031
8708,0.027990594198927285
8709,0.010818391181528568
8710,0.10702636892907322
8711,0.02275036884471774
8712,0.02625589615665376
8713,0.04370285054668784
8714,9.701654034142848e-4
8715,0.0013959453653660603
8716,0.0029065334913320837
8717,0.0029065334913320837
8718,0.0013959453653660603
8719,0.0029065334913320837
8720,9.690782097459305e-4
8721,0.0029065334913320837
8722,0.005525265575852245
8723,0.011477687917649746
8724,9.701654034142848e-4
8725,9.701654034142848e-4
8726,9.701654034142848e-4
8727,9.701654034142848e-4
8728,0.005525265575852245
8729,9.701654034142848e-4
8730,6.150533597974572e-4
8731,0.041569166113622484
8732,0.041569166113622484
8733,0.00826021458953619
8734,0.01215501910657622
8735,0.02415394916664809
8736,0.04356312809512019
8737,0.6609866261482239
8738,0.006121567810187117
8739,7.801439611648675e-4
8740,7.394507231947501e-4
8741,0.0019401625846512615
8742,7.801439611648675e-4
8743,0.005655465414747596
8744,0.021526663969270884
8745,7.801439611648675e-4
8746,0.004559517904417589
8747,0.03944855042733252
8748,0.03944855042733252
8749,0.035032359771430495
8750,0.004559517904417589
8751,0.01100589608773589
8752,0.03944855042733252
8753,0.006269100575009361
8754,0.0018868388305418194
8755,0.027932489295490085
8756,0.0038340758209233173
8757,0.7915834030508995
8758,0.7915834030508995
8759,0.013872663739603013
8760,0.7321671456098556
8761,0.011372328570578247
8762,0.02116265914402902
8763,0.14024732872843743
8764,0.011834566607140004
8765,0.007611642628908157
8766,8.030635569593869e-4
8767,8.030635569593869e-4
8768,3.953182381519582e-4
8769,0.021121925939805806
8770,0.0037836419988889246
8771,0.005439835884026252
8772,8.030635569593869e-4
8773,8.030635569593869e-4
8774,0.0037836419988889246
8775,0.014642647514119745
8776,0.0037836419988889246
8777,0.0901998402364552
8778,0.013093475308269263
8779,0.009536822808440775
8780,0.07839444050565363
8781,0.057482504984363914
8782,0.0749141822103411
8783,0.008252638585399836
8784,0.008252638585399836
8785,0.09521107263863086
8786,8.030635569593869e-4
8787,0.001667830368387513
8788,0.015855537857860327
8789,0.027990594198927285
8790,0.004291315047303215
8791,0.015266545314807445
8792,0.020582382350694386
8793,0.2956864181160927
8794,0.10781959557905793
8795,0.01972282918635756
8796,0.6818622978031635
8797,0.005549937679897993
8798,0.010415554394712671
8799,0.01238616938702762
8800,0.0018014506460167468
8801,0.0010466422072204296
8802,0.010267782206647098
8803,0.0018014506460167468
8804,0.011189651035238057
8805,0.016909684496931733
8806,0.01735789812868461
8807,0.9723303171992302
8808,0.3040276248380542
8809,0.02319471836555749
8810,0.015493037847336381
8811,0.2569698522426188
8812,0.9670954045653343
8813,0.015537300114519894
8814,0.39236561715602875
8815,0.674083821028471
8816,0.014605890843085945
8817,0.005776346711209044
8818,0.08516777159646154
8819,0.005863508366164751
8820,0.0015453284318209626
8821,0.011188984557520598
8822,0.9812896716594696
8823,0.1282720136642456
8824,9.875725576421247e-4
8825,0.010478390859207138
8826,0.00449443795485422
8827,7.906901745445793e-4
8828,5.078892896563048e-4
8829,0.005863508366164751
8830,0.01138365853112191
8831,0.005703651806106791
8832,0.9336475306749343
8833,0.030696151312440634
8834,0.01598391737556085
8835,0.039404108161106705
8836,0.09696212124079466
8837,0.030931846210733055
8838,0.0010719647785299457
8839,0.0010719647785299457
8840,0.0038937008089851587
8841,0.0010719647785299457
8842,0.0010719647785299457
8843,0.0010719647785299457
8844,0.053506631962955
8845,0.01152780833421275
8846,0.07254579108208419
8847,0.07254579108208419
8848,0.030045088678598404
8849,0.003162356609245762
8850,8.415018234518356e-4
8851,8.415018234518356e-4
8852,6.735439415206201e-4
8853,8.629649059730582e-4
8854,0.9515185421705246
8855,0.02464925612322986
8856,0.4702347283810377
8857,0.002590787083317991
8858,3.775343104280182e-4
8859,0.08576498599722981
8860,0.0015518859385338147
8861,0.008759731537429616
8862,0.0015518859385338147
8863,0.001988393919018563
8864,9.645017563889268e-4
8865,7.605728061753325e-4
8866,0.017894506831653417
8867,9.645017563889268e-4
8868,0.023087233104743064
8869,0.022569926888681948
8870,0.02517197746783495
8871,0.07399037076160311
8872,0.057801118204370144
8873,0.0028762819949770344
8874,0.022685682917945087
8875,0.032536224564537405
8876,0.012604772134218366
8877,0.1129756828583777
8878,0.03448583524208516
8879,0.7412265783548355
8880,0.9413057443499565
8881,0.7412265783548355
8882,0.004743207598221488
8883,0.048464465849101544
8884,0.004692144035943784
8885,0.010447857335675508
8886,0.010447857335675508
8887,0.010447857335675508
8888,0.26324425734579565
8889,0.044678915739059445
8890,0.019403424127958716
8891,0.024445652849972247
8892,0.004253112891456112
8893,0.03158884320873767
8894,0.015673210928216576
8895,0.014205604209564626
8896,0.04110189548227936
8897,0.10559049893170595
8898,5.704539123689756e-4
8899,2.599881822243333e-4
8900,2.599881822243333e-4
8901,9.055071530747228e-4
8902,8.165394561365246e-4
8903,4.233335340541089e-4
8904,2.599881822243333e-4
8905,8.165394561365246e-4
8906,0.004586674815509468
8907,2.886654093526886e-4
8908,0.0026534400452510455
8909,0.0768458815664053
8910,0.00729036831529811
8911,0.0049258524953620505
8912,0.030871524647809564
8913,0.008679667832329869
8914,0.004850328027969226
8915,0.011423094714991748
8916,0.12376902205869555
8917,0.09260194047354162
8918,0.003268377534986939
8919,0.006358038128819316
8920,0.014546183013590053
8921,0.0034827236889395864
8922,5.67642691967194e-4
8923,0.6676347933709621
8924,0.005255178026854992
8925,0.06827082414645702
8926,0.04591949126217514
8927,5.148206563171698e-4
8928,0.012378625315614044
8929,4.945575770398136e-4
8930,0.0015971645085664933
8931,6.251807128865039e-4
8932,0.005618842570111155
8933,0.013202314346563071
8934,0.01723035854054615
8935,0.002244452397862915
8936,0.0025930340925697237
8937,0.010725168187636882
8938,0.912902625799179
8939,0.037776575912721454
8940,0.03498306247405708
8941,0.01774931492516771
8942,0.031957344645634295
8943,0.0011154348541458604
8944,0.005282590826973319
8945,0.43557667478919027
8946,0.011566248161252589
8947,7.96412585186772e-4
8948,0.004270982695743442
8949,0.0013783031396451407
8950,0.06497063707560301
8951,0.0011154348541458604
8952,0.005577746097114869
8953,0.09496209718286991
8954,0.02583205757662654
8955,0.007847913639852776
8956,0.1330561564862728
8957,0.015364427941385657
8958,0.030884631858207286
8959,0.006408317295718007
8960,0.018250964011531323
8961,0.012031890389043837
8962,0.028267890098504722
8963,0.02875113991321996
8964,0.015494590839371086
8965,0.9490565472841263
8966,0.004534431995707564
8967,0.0072090756974648685
8968,0.003843588755698875
8969,0.0010225790755066554
8970,0.0021656079372041857
8971,0.022018687133677304
8972,0.0037793517380487174
8973,5.750233079015743e-4
8974,5.453479861535016e-4
8975,4.576199084112886e-4
8976,3.2597032506600956e-4
8977,5.750233079015743e-4
8978,5.750233079015743e-4
8979,5.750233079015743e-4
8980,5.453479861535016e-4
8981,5.750233079015743e-4
8982,4.513700543611776e-4
8983,2.3688184312049997e-4
8984,0.0015088337039924227
8985,5.750233079015743e-4
8986,3.569553676788928e-4
8987,5.750233079015743e-4
8988,5.453479861535016e-4
8989,5.750233079015743e-4
8990,3.569553676788928e-4
8991,0.04509379652328789
8992,0.018009624220430853
8993,0.018009624220430853
8994,0.006100461690220982
8995,0.010129361983854324
8996,0.00360412992129568
8997,0.005821119329193607
8998,0.033796595404855904
8999,0.04299023244064301
9000,0.022757825292646885
9001,0.19916468523442746
9002,5.119401702540926e-4
9003,0.006236123227281496
9004,0.02198712535202503
9005,0.011561581129208208
9006,0.0014491901827568654
9007,0.003013656184775755
9008,0.007275848255376332
9009,0.006710165037075058
9010,0.005775516817811877
9011,0.0014180506289994809
9012,0.007307354661170393
9013,0.005054282026831061
9014,0.003931548837572336
9015,0.002129840931738727
9016,0.01960184171795845
9017,0.005081634953385219
9018,0.0020630932951462453
9019,0.019024934556800873
9020,0.03955279923044145
9021,0.0055640411505009976
9022,0.002477234117977787
9023,0.008019995900103822
9024,0.032409320999868214
9025,0.05943121252581477
9026,0.001152465866980492
9027,0.004073246177867986
9028,0.0015571217073011212
9029,3.784866494243033e-4
9030,0.005125112986424938
9031,0.027546066283248363
9032,6.517428444931284e-4
9033,3.784866494243033e-4
9034,8.875775105843787e-4
9035,8.875775105843787e-4
9036,3.784866494243033e-4
9037,0.00395918567548506
9038,8.875775105843787e-4
9039,0.0015571217073011212
9040,0.0015571217073011212
9041,3.784866494243033e-4
9042,1.692961838489282e-4
9043,9.659736942558084e-4
9044,0.00561612555407919
9045,0.03296100400388241
9046,0.01123822499997914
9047,0.03643821235280484
9048,8.603393259545556e-4
9049,0.003120414878067095
9050,0.008140821881825104
9051,4.835661390825408e-4
9052,6.174425817152951e-4
9053,0.005832938402309082
9054,0.010929283075965942
9055,0.011065029649762437
9056,0.022959921821020544
9057,0.05918812492862344
9058,0.06018924793228507
9059,0.02034689486492425
9060,0.029781185840256512
9061,0.0136175137758255
9062,4.414589255611645e-4
9063,2.943128373954096e-4
9064,0.018123969733715058
9065,3.110078370809788e-4
9066,0.0026773483838769606
9067,7.300210876564961e-4
9068,5.052718106162502e-4
9069,3.110078370809788e-4
9070,0.01615206736139953
9071,0.010901706095319241
9072,2.943128373954096e-4
9073,2.4244665422884282e-4
9074,2.4244665422884282e-4
9075,3.4173557622125373e-4
9076,2.4244665422884282e-4
9077,0.012803397884126752
9078,3.4173557622125373e-4
9079,2.943128373954096e-4
9080,2.4244665422884282e-4
9081,2.943128373954096e-4
9082,2.943128373954096e-4
9083,0.05100012931972742
9084,0.22214118076488376
9085,3.4173557622125373e-4
9086,2.943128373954096e-4
9087,0.00523532985127531
9088,7.172453833481996e-4
9089,3.892331886891043e-4
9090,0.011164120568428188
9091,0.034521318315528335
9092,0.05921568832360208
9093,2.167930892574077e-4
9094,2.4244665422884282e-4
9095,0.005409277435392141
9096,0.002526080259412993
9097,0.0010526774494792335
9098,0.008601796893635764
9099,0.9545201191306114
9100,7.445547930547036e-4
9101,0.0013387575965316501
9102,4.2037251674628353e-4
9103,2.992733323117136e-4
9104,7.701440836535766e-4
9105,7.701440836535766e-4
9106,4.721319342934294e-4
9107,2.992733323117136e-4
9108,7.701440836535766e-4
9109,4.2037251674628353e-4
9110,0.05935066948644817
9111,0.010278460942208767
9112,0.005239955455763266
9113,0.0020172729212208653
9114,0.013375604833709077
9115,0.008259384718257934
9116,0.0013088714391051325
9117,0.0012885590974474326
9118,0.010510243708267808
9119,0.01645435990067199
9120,0.009166991069214418
9121,0.006000008148839697
9122,9.160758819780312e-4
9123,0.007721214348566719
9124,0.00460334314382635
9125,0.04698443233966827
9126,0.15530684592202307
9127,0.0012872940803936217
9128,0.003697120755095966
9129,0.014839092462789267
9130,0.05354253205470741
9131,0.009046963582513855
9132,0.0032123182812938468
9133,0.024611566732637584
9134,0.8069661670923233
9135,0.17597252544015646
9136,5.333918224641821e-4
9137,0.0011350781201326754
9138,0.0011350781201326754
9139,5.333918224641821e-4
9140,5.84745741871302e-4
9141,6.416858916782075e-4
9142,0.007566852145828307
9143,0.006702752409037203
9144,5.333918224641821e-4
9145,5.333918224641821e-4
9146,7.447193808184238e-4
9147,6.416858916782075e-4
9148,0.0024152311417856252
9149,0.6162206092476845
9150,0.040772491642273964
9151,0.007870416993973776
9152,0.02414680856047198
9153,0.03917309723328799
9154,0.08011829500086605
9155,0.04993999944999814
9156,0.017477240273728968
9157,0.007285294521134347
9158,8.632908586878329e-4
9159,0.012086452047806234
9160,8.564048109110444e-4
9161,5.967161887383554e-4
9162,8.632908586878329e-4
9163,0.0011824768848600798
9164,0.0011824768848600798
9165,4.354484072973719e-4
9166,0.006920165115734562
9167,4.354484072973719e-4
9168,0.0011824768848600798
9169,0.027883592951111494
9170,0.004322372050955892
9171,9.935470232449006e-4
9172,9.485131811379688e-4
9173,7.556473460863344e-4
9174,0.0011091601244697814
9175,0.0010238332334847654
9176,9.18857322394615e-4
9177,7.293444860260933e-4
9178,7.293444860260933e-4
9179,9.849556915287395e-4
9180,5.025292411301052e-4
9181,7.293444860260933e-4
9182,9.849556915287395e-4
9183,7.293444860260933e-4
9184,7.293444860260933e-4
9185,9.849556915287395e-4
9186,7.293444860260933e-4
9187,7.293444860260933e-4
9188,7.293444860260933e-4
9189,7.293444860260933e-4
9190,3.141005996440072e-4
9191,7.293444860260933e-4
9192,9.18857322394615e-4
9193,7.293444860260933e-4
9194,9.849556915287395e-4
9195,9.18857322394615e-4
9196,0.03410503992345184
9197,0.004123558517894707
9198,0.0019139219974749723
9199,0.008661142573691905
9200,0.004259458124288358
9201,0.024821957987733186
9202,3.141005996440072e-4
9203,7.293444860260933e-4
9204,0.003162434837431647
9205,0.005295920778298751
9206,0.016539754138793796
9207,0.003163215547683649
9208,2.7115634715300983e-4
9209,0.012282818702515215
9210,7.552487641805783e-4
9211,3.916396720160264e-4
9212,0.013853129970375449
9213,0.0067187871783971785
9214,0.010905712670646607
9215,0.0012663381367747206
9216,0.0012663381367747206
9217,0.008112896209349857
9218,0.0011934894624573643
9219,0.0012950151920085773
9220,0.10001099605113267
9221,0.010992234812583775
9222,0.02739361371146515
9223,0.02181533387862146
9224,0.006492226942209527
9225,6.428473019332159e-4
9226,6.428473019332159e-4
9227,0.00878646113211289
9228,0.004700078399619088
9229,6.428473019332159e-4
9230,0.0021514090441633014
9231,6.428473019332159e-4
9232,6.834617718413938e-4
9233,0.03871378703508526
9234,0.032175606214441356
9235,0.036446459973230955
9236,0.03451471513602883
9237,0.006388554619625211
9238,0.0012861488328780978
9239,0.02095950660528615
9240,0.0017550262573058717
9241,0.0017550262573058717
9242,9.549680519558023e-4
9243,0.0055810056033078585
9244,0.01627989794826135
9245,0.025507831682916732
9246,6.867190682532964e-4
9247,6.867190682532964e-4
9248,9.791756886988877e-4
9249,6.867190682532964e-4
9250,4.31937862013001e-4
9251,0.0010673498304822715
9252,6.867190682532964e-4
9253,4.31937862013001e-4
9254,4.31937862013001e-4
9255,0.0013490058912429958
9256,6.867190682532964e-4
9257,4.31937862013001e-4
9258,0.009954498379956931
9259,0.009954498379956931
9260,0.0036133003304712474
9261,0.014409181417431683
9262,0.006803641597507522
9263,0.009954498379956931
9264,0.009954498379956931
9265,0.006803641597507522
9266,0.009954498379956931
9267,0.009954498379956931
9268,0.009954498379956931
9269,0.009954498379956931
9270,0.15049892462790013
9271,0.008851736307842657
9272,0.011017669544089585
9273,8.457300340523943e-4
9274,0.0017129091324750334
9275,8.457300340523943e-4
9276,9.376845428778325e-4
9277,0.0012249894333945122
9278,8.457300340523943e-4
9279,0.0019793717603897674
9280,9.376845428778325e-4
9281,8.457300340523943e-4
9282,0.0010599778487812728
9283,8.392517152969958e-4
9284,0.0018385169684188441
9285,0.17366141820326447
9286,0.027689291927963496
9287,0.01875269756419584
9288,0.01652463210048154
9289,0.01652463210048154
9290,0.011853420805418863
9291,0.027689291927963496
9292,0.043326886277645825
9293,0.03551377332303673
9294,0.043326886277645825
9295,0.046196507774293426
9296,0.1832965725287795
9297,0.0015024076765985227
9298,6.295311827125261e-4
9299,6.797605703468435e-4
9300,0.0019747459940845148
9301,0.0031723868270637466
9302,6.797605703468435e-4
9303,6.797605703468435e-4
9304,0.0056885777891147885
9305,0.01924512459198013
9306,3.857470759248827e-4
9307,0.0011815009500423912
9308,8.4725033644645e-4
9309,0.0061831728019751606
9310,0.012694277681875974
9311,0.009570603738538921
9312,0.0819629705697298
9313,0.018691511201905087
9314,8.802877391281072e-4
9315,8.802877391281072e-4
9316,8.802877391281072e-4
9317,0.0014311886960058473
9318,0.0021335494320373983
9319,8.802877391281072e-4
9320,8.802877391281072e-4
9321,8.802877391281072e-4
9322,0.0014311886960058473
9323,0.0034549016231903806
9324,8.802877391281072e-4
9325,8.802877391281072e-4
9326,0.0014199992986686993
9327,8.802877391281072e-4
9328,8.802877391281072e-4
9329,8.802877391281072e-4
9330,8.802877391281072e-4
9331,0.0014311886960058473
9332,8.802877391281072e-4
9333,8.802877391281072e-4
9334,0.0014311886960058473
9335,0.002259261507133488
9336,0.011139428114984185
9337,0.011139428114984185
9338,0.03187804511282593
9339,0.012443704889155924
9340,0.022330039301887154
9341,0.058030786467716096
9342,0.008492300073849037
9343,9.077662063646131e-4
9344,0.003087019408412743
9345,9.077662063646131e-4
9346,0.011093976346310229
9347,0.022603884106501937
9348,0.0031327378092100844
9349,0.003683083801297471
9350,0.0020067659340566022
9351,0.003683083801297471
9352,0.02553059228230268
9353,0.006689070697175339
9354,0.002155937075440306
9355,0.006649614527123049
9356,0.005871146192075685
9357,0.0027084795787231998
9358,0.004999212782713584
9359,0.0024562783396686427
9360,0.008200410782592371
9361,0.001277382019907236
9362,0.002268337680143304
9363,0.0024562783396686427
9364,0.00195466571720317
9365,0.0018972688168287276
9366,0.001277382019907236
9367,0.012097889569122344
9368,0.04169445655774325
9369,0.004739953288808465
9370,0.07961651721969247
9371,0.013116811491781845
9372,0.008586850481806322
9373,6.75398499079165e-4
9374,6.75398499079165e-4
9375,0.0020241285194060763
9376,6.75398499079165e-4
9377,0.0014844423515023664
9378,0.0011776812671450898
9379,0.0014297904318664222
9380,0.002895576107839588
9381,0.0014297904318664222
9382,0.002895576107839588
9383,0.0011776812671450898
9384,0.012740296775009484
9385,0.043881026497110724
9386,0.005913737820810639
9387,0.006562593193375505
9388,0.005913737820810639
9389,0.005913737820810639
9390,0.005780250132083893
9391,0.003928933073184453
9392,5.422420309332665e-4
9393,0.0013438718937686645
9394,0.003928933073184453
9395,5.422420309332665e-4
9396,0.005984523966908455
9397,0.005381335812271573
9398,5.422420309332665e-4
9399,5.422420309332665e-4
9400,0.0013438718937686645
9401,5.422420309332665e-4
9402,0.003928933073184453
9403,0.0013438718937686645
9404,0.003928933073184453
9405,0.009281598675297573
9406,5.422420309332665e-4
9407,0.025509566687978803
9408,0.01666653234511614
9409,0.0011103858494607266
9410,0.0011103858494607266
9411,0.0011103858494607266
9412,0.0014762277898262256
9413,0.0013259381634998135
9414,0.0013259381634998135
9415,0.0011103858494607266
9416,0.0013259381634998135
9417,0.0013259381634998135
9418,0.0016811351539217866
9419,0.0025034085314837285
9420,0.003454927571292501
9421,0.003454927571292501
9422,0.0029368600295856593
9423,0.001458070496446453
9424,0.001458070496446453
9425,0.003454927571292501
9426,0.001458070496446453
9427,0.050822734842076896
9428,0.06124046918936074
9429,0.034420206705108286
9430,0.8691357210278511
9431,0.0013168870608205906
9432,0.019281485783867538
9433,0.02280922916252166
9434,0.019902216051705182
9435,0.01773521235678345
9436,0.0037915182468714194
9437,0.01992108386475593
9438,5.686269116267795e-4
9439,0.0010968447277264204
9440,0.0010968447277264204
9441,0.002943422608077526
9442,0.0010968447277264204
9443,0.0010968447277264204
9444,5.686269116267795e-4
9445,0.02367908610031009
9446,0.02092738776933402
9447,0.013926312709227204
9448,0.027530255261808634
9449,0.008024487614165991
9450,0.04586645133793354
9451,0.0015618012836785056
9452,6.672416199580766e-4
9453,8.665945054963231e-4
9454,6.39737365199835e-4
9455,6.39737365199835e-4
9456,0.0014194486677297391
9457,6.39737365199835e-4
9458,0.0014194486677297391
9459,6.39737365199835e-4
9460,6.39737365199835e-4
9461,6.39737365199835e-4
9462,0.0014194486677297391
9463,8.44958178786328e-4
9464,0.0015618012836785056
9465,6.39737365199835e-4
9466,0.0010812765786249656
9467,9.526438904867973e-4
9468,0.009151212618453428
9469,6.39737365199835e-4
9470,6.39737365199835e-4
9471,0.0015618012836785056
9472,9.526438904867973e-4
9473,0.027483678879216312
9474,0.14302328994497657
9475,0.014014389596413821
9476,0.04005815178155899
9477,0.021052805660292506
9478,0.00845854687737301
9479,0.010728589035570621
9480,0.10946957921609282
9481,0.10946957921609282
9482,0.022464993288740517
9483,0.0531565232668072
9484,0.010342450749594717
9485,0.002329157319618389
9486,0.012245526460465044
9487,0.002329157319618389
9488,0.0038012647815048694
9489,0.051526398789137604
9490,0.013845920725725592
9491,0.006524311042157933
9492,0.006524311042157933
9493,0.05162146155722439
9494,0.012278625342296436
9495,7.620151747687487e-4
9496,0.001252454705972923
9497,7.620151747687487e-4
9498,0.001252454705972923
9499,0.001252454705972923
9500,0.001252454705972923
9501,0.001252454705972923
9502,7.620151747687487e-4
9503,0.044542521466501055
9504,0.0012008392324787565
9505,7.620151747687487e-4
9506,7.620151747687487e-4
9507,7.620151747687487e-4
9508,7.620151747687487e-4
9509,7.620151747687487e-4
9510,0.02301078206859529
9511,0.012496835759375245
9512,0.004278013858711347
9513,0.04343934501521289
9514,0.04343934501521289
9515,0.00791188599774614
9516,0.008378558948170394
9517,0.010562009644927458
9518,0.04912127469200641
9519,0.01431669140700251
9520,5.022847433428978e-4
9521,5.022847433428978e-4
9522,9.433912181702908e-4
9523,5.022847433428978e-4
9524,9.433912181702908e-4
9525,9.433912181702908e-4
9526,5.022847433428978e-4
9527,0.0012415033238357864
9528,6.055685922910925e-4
9529,0.0015993834745313506
9530,6.055685922910925e-4
9531,0.0012415033238357864
9532,5.022847433428978e-4
9533,0.0012415033238357864
9534,9.433912181702908e-4
9535,0.0012415033238357864
9536,0.0012415033238357864
9537,5.022847433428978e-4
9538,5.022847433428978e-4
9539,5.022847433428978e-4
9540,5.022847433428978e-4
9541,0.0012415033238357864
9542,9.433912181702908e-4
9543,5.022847433428978e-4
9544,5.022847433428978e-4
9545,0.0012415033238357864
9546,5.022847433428978e-4
9547,0.0013899520624545403
9548,5.524011424859055e-4
9549,0.0013899520624545403
9550,0.016389548445586113
9551,0.004629253210732713
9552,9.540563984774053e-4
9553,9.540563984774053e-4
9554,9.540563984774053e-4
9555,0.01743557987967506
9556,0.005388066690065898
9557,0.004289545573992654
9558,0.16358648704364895
9559,0.05585302609950304
9560,4.21947222421295e-4
9561,0.02787690163590014
9562,4.372220497316448e-4
9563,4.21947222421295e-4
9564,0.0013224913258454763
9565,4.0519199596019464e-4
9566,0.004919202494202182
9567,0.0048029809194849804
9568,0.002886129105463624
9569,0.016207875676918775
9570,0.0049116844870150085
9571,1.9567899742469307e-4
9572,6.978641801106278e-4
9573,0.0014333805402566213
9574,0.0010007130769372453
9575,0.0029159523858106693
9576,4.245619525318034e-4
9577,0.0010007130769372453
9578,4.245619525318034e-4
9579,0.0010007130769372453
9580,6.978641801106278e-4
9581,6.978641801106278e-4
9582,4.245619525318034e-4
9583,4.245619525318034e-4
9584,6.978641801106278e-4
9585,6.978641801106278e-4
9586,0.028653173139318824
9587,0.060690860426984725
9588,0.0014333805402566213
9589,0.005328929830575362
9590,0.0255191408470273
9591,4.245619525318034e-4
9592,4.245619525318034e-4
9593,9.167394165706355e-4
9594,0.01057334300596267
9595,0.037416562442667785
9596,0.006660310381557792
9597,0.01493408902315423
9598,0.013017368854489177
9599,0.006810423748102039
9600,0.004021925419801846
9601,0.010310370000079274
9602,0.011781523018144072
9603,5.08648426111904e-4
9604,4.500208897661651e-4
9605,7.05497109083808e-4
9606,3.6630832742957865e-4
9607,4.6272763538581787e-4
9608,0.012681012244429439
9609,2.6076348847709597e-4
9610,4.689949868770782e-4
9611,4.6272763538581787e-4
9612,3.4953781607327983e-4
9613,2.5511833551718156e-4
9614,2.5511833551718156e-4
9615,2.5511833551718156e-4
9616,2.9522465338231995e-4
9617,2.6076348847709597e-4
9618,3.4953781607327983e-4
9619,2.9522465338231995e-4
9620,5.08648426111904e-4
9621,4.6272763538581787e-4
9622,7.603107593604363e-4
9623,2.5511833551718156e-4
9624,3.6630832742957865e-4
9625,4.6272763538581787e-4
9626,6.505003952042898e-4
9627,8.22117562929634e-4
9628,0.0015255287423497066
9629,8.22117562929634e-4
9630,0.0017472293358878233
9631,0.0014958869300608058
9632,0.002112335477140732
9633,0.01781175217940472
9634,0.046315728053450585
9635,0.006771967215463519
9636,0.029125288177747278
9637,0.0077894465485587715
9638,0.015618208693340421
9639,0.009190893315244466
9640,0.00203827880352037
9641,0.00203827880352037
9642,0.00203827880352037
9643,0.00203827880352037
9644,0.0029870467676664705
9645,0.001938725478539709
9646,0.001938725478539709
9647,0.00203827880352037
9648,0.00203827880352037
9649,0.0017051003465894609
9650,0.008548188902204856
9651,0.02075720943044871
9652,0.017732659878674895
9653,0.271851379647851
9654,0.01369709700345993
9655,0.00125070925016189
9656,7.506930631643627e-4
9657,6.006305012851953e-4
9658,7.506930631643627e-4
9659,0.0018014777122880331
9660,0.003377696372626815
9661,0.03260381287895143
9662,0.012559196425136178
9663,0.0013473309291293844
9664,0.10034630508162082
9665,0.005015439177514054
9666,0.0013473309291293844
9667,0.0013473309291293844
9668,0.0013473309291293844
9669,0.009206599646713585
9670,0.015159376477822662
9671,0.04166890477761626
9672,0.018797609829343854
9673,0.024642098392359913
9674,0.006121820356929675
9675,0.010359357655979694
9676,0.003195486033218913
9677,0.013483477644622327
9678,0.022585851652547718
9679,0.049595186966471375
9680,0.011502447703387588
9681,0.025721016502939165
9682,0.00793580873287283
9683,0.913857492506504
9684,0.008328253815416247
9685,0.07765366926789284
9686,0.014234290667809546
9687,0.015595495791640133
9688,0.024875063416548073
9689,0.04205731204710901
9690,0.018881620187312365
9691,0.9728103962540626
9692,0.011977970991283655
9693,0.0079821521777194
9694,0.9654662975668907
9695,0.0059662097471300515
9696,0.005146420508972369
9697,0.04696486942470074
9698,0.06301616524346172
9699,0.015644408816006036
9700,0.9475105744600296
9701,0.08568612850271165
9702,0.07090410464443267
9703,0.2004810394719243
9704,0.06313736518844962
9705,0.006413300600834191
9706,0.027856246791779993
9707,0.4722472150623798
9708,5.986257691256469e-4
9709,8.180641083163209e-4
9710,5.986257691256469e-4
9711,0.007314885429805145
9712,0.010926815210841595
9713,0.010926815210841595
9714,0.03002618334721774
9715,0.006428751463536173
9716,0.037373971827328205
9717,0.0020912783953826873
9718,0.0020912783953826873
9719,0.10525672527030111
9720,6.394176610046997e-4
9721,0.09523545406758785
9722,0.033371785366907714
9723,0.12112921118736267
9724,0.03802268911153078
9725,0.17718075152486562
9726,0.05250140552408993
9727,0.34845145270228384
9728,0.0332717418903485
9729,0.05969535829499364
9730,0.14917443074285985
9731,0.032439885921776296
9732,0.9718995544314385
9733,0.15329847026616336
9734,0.0019947030700859614
9735,0.010097266223747283
9736,0.011282692772801965
9737,0.04292044901289046
9738,0.011616485379636287
9739,0.0096334789856337
9740,0.02119142598705366
9741,0.007005366252269596
9742,0.009491841981653124
9743,0.008111234967363998
9744,0.012974430378526448
9745,0.23314800325781107
9746,0.01291690208716318
9747,0.0953562461026013
9748,0.024123150296509265
9749,0.0012659534870181233
9750,0.005573831640649587
9751,0.03843512551859021
9752,0.005108187233563512
9753,0.008413723695557564
9754,0.0019048786294297315
9755,0.008153822179883719
9756,0.02226929544005543
9757,0.0025037601820076818
9758,0.009057916598394514
9759,0.01359765192028135
9760,0.010056210397742689
9761,0.012665761103853583
9762,0.005438014498213306
9763,0.004568237331695855
9764,0.00598430150654167
9765,0.006826904213521629
9766,0.011962921776575968
9767,0.008606524978531524
9768,0.004750600133556873
9769,0.0026983000355539845
9770,0.028623180724680425
9771,0.061235933182761076
9772,0.03005874182563275
9773,0.011098590227775276
9774,0.0043770075537031515
9775,0.007228412613039836
9776,0.006833040813216939
9777,0.011598457167856395
9778,0.3983446229249239
9779,0.08830202063545585
9780,0.005875441384268924
9781,0.008740821653045714
9782,0.011786470257211476
9783,0.007698380221845582
9784,0.006632066934835166
9785,0.007333670493680984
9786,0.014652135984506457
9787,0.9650912794470787
9788,0.012054444905370474
9789,0.00972178999800235
9790,0.039150339951738715
9791,0.009770926027558744
9792,0.017159853307530285
9793,0.0076641495502553884
9794,0.009626911932136863
9795,0.008095561552327126
9796,0.010386034477269277
9797,0.008835626068757848
9798,0.003533893268031534
9799,0.006622871025465429
9800,0.02309195235837251
9801,0.025268084183335305
9802,0.013177750967442989
9803,0.0011329927199403755
9804,0.0017531693122873548
9805,0.0010171658679610119
9806,0.003950017270981334
9807,0.0014374667094671167
9808,0.0015712858841288836
9809,0.0015712858841288836
9810,0.003950017270981334
9811,0.013658169698901474
9812,0.001657936528499704
9813,0.0013264543292461895
9814,0.001657936528499704
9815,0.0017315808677813038
9816,0.003809210785548203
9817,0.0021710649310261944
9818,0.0015277016499021555
9819,0.002632416353444569
9820,7.370196512056282e-4
9821,0.002047986983670853
9822,0.03709600404370576
9823,0.12168306147679686
9824,0.004171819858020172
9825,0.286551205329597
9826,0.032009296580217776
9827,0.02618238334078342
9828,0.02732889956794679
9829,0.015834746879991143
9830,0.013849084750982002
9831,0.0048460014990996565
9832,0.008724747959058731
9833,0.012966704505961388
9834,0.029596861498430372
9835,0.0035814615373965355
9836,0.025262802748475224
9837,0.009263065508566797
9838,0.12522150784730912
9839,0.050675540883094075
9840,0.012570524972397834
9841,0.02623493020888418
9842,0.0038425441598519683
9843,0.01796047666342929
9844,0.1610100333765149
9845,0.013041288615204394
9846,0.008451088236179204
9847,0.05218920974992216
9848,0.03294538827147335
9849,0.026228363388217987
9850,0.006218782026553527
9851,0.016262374555226417
9852,0.02174184160772711
9853,0.024074918874539435
9854,0.9414795580506324
9855,0.032659305226989094
9856,0.011159761936869472
9857,0.9572510501742363
9858,0.03555656380718574
9859,0.0544808903709054
9860,0.009698069669539108
9861,0.024502578135579826
9862,0.008816626988118515
9863,0.0075040970509871845
9864,0.8542294782400132
9865,0.01153563295956701
9866,0.017809279260691254
9867,0.007158574167406186
9868,0.047039825711399315
9869,0.005336195779964328
9870,0.020374129822012036
9871,0.012139149631839246
9872,0.011068952349014581
9873,0.016094523156061767
9874,0.008900232139276341
9875,0.012798401648178697
9876,0.007372155194170773
9877,0.014815450811292976
9878,0.021191660293843596
9879,0.007613728332798928
9880,0.007613728332798928
9881,0.6408740872144699
9882,0.012047202687244862
9883,0.017763789969030767
9884,0.024545204490423203
9885,0.013442590688355268
9886,0.013538779767695814
9887,0.00801436576177366
9888,0.02810187182854861
9889,0.02942656334489584
9890,0.012147849085740745
9891,0.01792607019189745
9892,0.013704442721791565
9893,0.021875512739643454
9894,0.002231392477406189
9895,0.021298323657829313
9896,0.00916398223140277
9897,0.014486040248302743
9898,0.007553174468921497
9899,0.0201288194488734
9900,0.03409413035959005
9901,0.009643720894819125
9902,0.00737334230565466
9903,0.0029485281353117897
9904,0.014552963417954742
9905,0.017876439024694265
9906,0.027713250811211766
9907,0.00552946423238609
9908,0.014876386946998537
9909,0.3069351826235652
9910,0.027030099546536804
9911,0.059854346746578815
9912,0.007575110902544111
9913,0.018394071847433226
9914,0.010251062919851393
9915,0.0041538445668993515
9916,9.071421739645303e-4
9917,0.005346754001220688
9918,0.011294039376080036
9919,0.010182635334786028
9920,0.010618971253279597
9921,0.04358811158221215
9922,0.012494511283002795
9923,0.018673234314192086
9924,0.01440199303906411
9925,0.023815030448604377
9926,0.010530379249248654
9927,0.00865928443032317
9928,0.02795448383782059
9929,0.016706299460493026
9930,0.35529261887073516
9931,0.010464264473412185
9932,0.03465880947653204
9933,0.05622839283198118
9934,0.008232523406622932
9935,0.024034848497249187
9936,0.22244691917672754
9937,0.012151231640018523
9938,0.009176822500303388
9939,0.006141505794366822
9940,0.01636675850953907
9941,0.8640498983860015
9942,0.047635404570028184
9943,0.00668241300387308
9944,0.0028792244457872583
9945,0.9616178524494171
9946,0.9278017696738243
9947,0.01413073442876339
9948,0.01218334652017802
9949,0.007752999770455063
9950,0.10106848487630486
9951,0.02790423140861094
9952,0.002568466376978904
9953,0.02236668665893376
9954,0.021074796926695852
9955,0.027039823294617234
9956,0.0212727145338431
9957,0.024508796550799163
9958,0.007444557265844196
9959,0.0184405632968992
9960,0.0029490374628221615
9961,0.025135578247718515
9962,0.0033016250806394963
9963,0.008709488662425428
9964,0.015711927354568615
9965,0.004208860485814512
9966,0.014841670198366045
9967,0.005617683397140354
9968,0.006592100720154121
9969,0.0041306346352212135
9970,0.032275322577916085
9971,0.9409583193063736
9972,0.012873802478425204
9973,0.02117938591632992
9974,0.02503979092463851
9975,0.00710918249678798
9976,0.9144695407152176
9977,0.04355846441816538
9978,0.041347931046038865
9979,0.016010258642490952
9980,0.026991482032462953
9981,0.031049772314727307
9982,0.00311422630562447
9983,0.041125955656170846
9984,0.00970596645376645
9985,0.015638991808518767
9986,0.014215410959441215
9987,0.02328893095254898
9988,0.0075164332694839684
9989,0.006110945800319314
9990,0.007372632250189781
9991,0.05944396935403347
9992,0.051003610603511336
9993,7.666376099223271e-4
9994,0.005728317925822921
9995,0.007037305060657672
9996,0.030992437726818024
9997,0.005927703473134898
9998,0.023128737448714673
9999,0.00940222353907302
10000,0.009951157672330737
10001,0.01701763503951952
10002,0.009199019097723067
10003,0.0522856358345598
10004,0.005684540585498325
10005,0.006462622000835836
10006,0.010784277492202819
10007,0.006967788558686152
10008,0.021623615354765206
10009,0.02035955886822194
10010,0.013377879217732697
10011,7.291751264710911e-4
10012,7.291751264710911e-4
10013,7.100679013092304e-4
10014,0.002267040881270077
10015,7.291751264710911e-4
10016,7.291751264710911e-4
10017,7.291751264710911e-4
10018,7.291751264710911e-4
10019,6.261403446114855e-4
10020,7.291751264710911e-4
10021,7.724418902216712e-4
10022,7.291751264710911e-4
10023,7.724418902216712e-4
10024,7.291751264710911e-4
10025,7.724418902216712e-4
10026,0.013869954540859908
10027,0.007821116207633167
10028,0.007821116207633167
10029,0.10272619009017944
10030,0.019076552607584743
10031,0.031743253311142326
10032,0.01764637092128396
10033,0.07190547631122172
10034,0.01844264583196491
10035,0.031475967150181534
10036,0.15793540067970752
10037,0.004707996911602095
10038,0.004707996911602095
10039,0.04248314334079623
10040,0.061192785715684296
10041,0.014332120125181973
10042,0.018296980750747024
10043,0.002940729092224501
10044,0.08143321704119444
10045,0.00269138193805702
10046,0.00269138193805702
10047,0.044312819140031934
10048,0.006472819448099472
10049,0.023434744370169937
10050,5.922480903973337e-4
10051,0.0011281373217934742
10052,3.4352520047832515e-4
10053,0.0012193425041186856
10054,0.043152509923093024
10055,0.020764482747763394
10056,0.014600332542322576
10057,0.023571400619111955
10058,0.01336493480252102
10059,0.023571400619111955
10060,0.004550936058512889
10061,0.0433243627473712
10062,0.0025533789064502346
10063,0.012603548024781048
10064,7.585995520639699e-4
10065,0.0013820030679926277
10066,0.015990602576639503
10067,0.001431331705825869
10068,0.015707835981156677
10069,0.001431331705825869
10070,0.015707835981156677
10071,0.015707835981156677
10072,0.001431331705825869
10073,0.0038635589904151856
10074,6.095707956410479e-4
10075,6.095707956410479e-4
10076,0.07628968463279306
10077,0.024922375655733048
10078,3.4633226419828134e-4
10079,3.4633226419828134e-4
10080,0.0034789629036094992
10081,0.09137593826279045
10082,0.004367561630497221
10083,0.0169487474556081
10084,0.005337074778508395
10085,0.011145681522320957
10086,0.035635525840334595
10087,0.0024536090227775275
10088,7.766536010603886e-4
10089,0.0020473739501903764
10090,0.0020473739501903764
10091,0.0020473739501903764
10092,0.016549000218510627
10093,0.33556226089596747
10094,0.004773646856774576
10095,0.016874240809120238
10096,0.013856241295579821
10097,0.04993034928105772
10098,0.13066493915393948
10099,0.016007852817419916
10100,4.5024803453998176e-4
10101,0.001286283722583903
10102,4.5024803453998176e-4
10103,4.5024803453998176e-4
10104,0.0010917880566557868
10105,9.226801795011852e-4
10106,0.1964099609479308
10107,0.01750088855624199
10108,6.939376727677881e-4
10109,6.939376727677881e-4
10110,0.7817783477902412
10111,4.5024803453998176e-4
10112,4.5024803453998176e-4
10113,0.0011721908376784995
10114,0.010543062266660854
10115,4.5024803453998176e-4
10116,4.5024803453998176e-4
10117,0.03182435003109276
10118,6.939376727677881e-4
10119,0.5774229256808758
10120,6.939376727677881e-4
10121,4.5024803453998176e-4
10122,4.5024803453998176e-4
10123,6.214441767224344e-4
10124,4.5024803453998176e-4
10125,6.939376727677881e-4
10126,6.939376727677881e-4
10127,4.5024803453998176e-4
10128,0.001286283722583903
10129,6.939376727677881e-4
10130,6.939376727677881e-4
10131,4.5024803453998176e-4
10132,4.5024803453998176e-4
10133,9.226801795011852e-4
10134,4.5024803453998176e-4
10135,4.5024803453998176e-4
10136,4.5024803453998176e-4
10137,0.006708140491391532
10138,0.10686342149041593
10139,4.5024803453998176e-4
10140,8.147396073036362e-4
10141,6.939376727677881e-4
10142,0.01464863400440663
10143,0.08367609551176429
10144,0.021158461794257163
10145,0.005401452537626028
10146,0.05602149536833167
10147,0.017066171379992737
10148,0.008119306275621057
10149,0.017504642885178327
10150,0.023317708445247262
10151,0.07603717776946724
10152,0.038545782193541524
10153,0.04405195865780115
10154,0.04405195865780115
10155,0.008380656180670486
10156,0.008380656180670486
10157,0.008380656180670486
10158,0.008380656180670486
10159,0.05152157834731042
10160,0.006285631995997392
10161,0.0016996003850363196
10162,0.0906440925784409
10163,0.01205718013457954
10164,0.0044065567594952885
10165,0.02195057307370007
10166,0.012673607473261654
10167,0.01614238282898441
10168,0.06625135467387736
10169,0.016705044398549945
10170,0.024761198931373657
10171,0.10970938355661929
10172,0.01624881476862356
10173,0.9763325402140617
10174,0.09668206347152591
10175,0.0917780433408916
10176,0.13373266402631998
10177,0.002542615792481229
10178,0.0899660756252706
10179,0.057897154865786435
10180,0.02724977194564417
10181,0.03601974620018154
10182,0.03706086701713503
10183,0.33609833132475614
10184,0.021565132662653922
10185,0.9699089559912681
10186,0.032073248303495346
10187,0.007545094810193404
10188,0.12388560831546784
10189,0.9710914009809494
10190,0.987807048857212
10191,0.012734882140066475
10192,0.017992065858561546
10193,0.015434794535394758
10194,0.007881822271738202
10195,0.9681066882610321
10196,0.020412247620988637
10197,0.09420232240110636
10198,0.004430166779202409
10199,0.09949887726455926
10200,0.02069115059450269
10201,0.0048121876450022685
10202,0.01952697623986751
10203,0.004013375428621657
10204,0.031989160031080245
10205,0.019288704325444998
10206,0.012740461598150432
10207,0.00978415594319813
10208,0.016128541661892086
10209,0.1512589019909501
10210,0.8246166077256203
10211,0.002668166324147023
10212,0.002668166324147023
10213,0.013378031097818165
10214,0.057440373077988625
10215,0.009642058061435818
10216,0.009386846319539472
10217,0.0049646468070568515
10218,0.12297636354342104
10219,0.005607907982193865
10220,5.749120795371709e-4
10221,5.749120795371709e-4
10222,0.00746075625764206
10223,1.6868295442691307e-4
10224,2.557346807043359e-4
10225,1.6868295442691307e-4
10226,0.001929004386474844
10227,1.6715881696654833e-4
10228,3.001298057642998e-4
10229,1.6715881696654833e-4
10230,1.6715881696654833e-4
10231,3.398523169744294e-4
10232,1.6715881696654833e-4
10233,3.398523169744294e-4
10234,3.001298057642998e-4
10235,0.005561394203687087
10236,0.021641518562100826
10237,0.0013841743883676828
10238,0.020194794205017387
10239,0.020194794205017387
10240,0.006933013595407829
10241,0.5821381885558367
10242,0.01705146932741627
10243,0.006750873305136338
10244,0.003326356772449799
10245,0.003733937623328529
10246,0.009595886860042811
10247,0.0021953354103607125
10248,0.0033932293171528728
10249,0.004870247055077925
10250,0.0013412239763420076
10251,0.0879574288893491
10252,0.001442992120719282
10253,0.002321875488851219
10254,8.561771050881362e-4
10255,0.003097732317110058
10256,0.005698044572491199
10257,0.01686543127754703
10258,0.0037141354361665433
10259,5.225588534085546e-4
10260,5.225588534085546e-4
10261,5.225588534085546e-4
10262,5.225588534085546e-4
10263,0.003878313128370792
10264,0.003878313128370792
10265,0.003878313128370792
10266,0.003878313128370792
10267,0.006073851548135281
10268,0.006073851548135281
10269,0.006073851548135281
10270,0.006073851548135281
10271,0.006073851548135281
10272,0.006073851548135281
10273,0.006073851548135281
10274,0.006073851548135281
10275,0.006073851548135281
10276,0.006073851548135281
10277,0.006073851548135281
10278,0.006073851548135281
10279,5.629465789388633e-4
10280,4.1209934031940067e-4
10281,4.1209934031940067e-4
10282,4.1209934031940067e-4
10283,4.1209934031940067e-4
10284,0.0013462637978955171
10285,4.3833194868057033e-4
10286,6.530209702032152e-4
10287,0.02123045837506652
10288,4.1366646124515685e-4
10289,4.1366646124515685e-4
10290,4.1366646124515685e-4
10291,4.1366646124515685e-4
10292,4.1366646124515685e-4
10293,9.444248292129487e-4
10294,9.444248292129487e-4
10295,0.011904856933979318
10296,4.4394216827640774e-4
10297,8.483782614348457e-4
10298,8.483782614348457e-4
10299,8.483782614348457e-4
10300,8.483782614348457e-4
10301,8.483782614348457e-4
10302,8.483782614348457e-4
10303,8.483782614348457e-4
10304,8.483782614348457e-4
10305,8.483782614348457e-4
10306,8.483782614348457e-4
10307,6.76610649752547e-4
10308,6.76610649752547e-4
10309,6.76610649752547e-4
10310,6.76610649752547e-4
10311,6.76610649752547e-4
10312,8.206474473990966e-4
10313,8.206474473990966e-4
10314,8.206474473990966e-4
10315,0.00142883885971969
10316,8.206474473990966e-4
10317,0.05035244470462203
10318,0.00526134412153624
10319,0.0020170600843266583
10320,0.0017284402409859468
10321,0.010327939082635566
10322,0.0328396761091426
10323,0.09802693105302751
10324,0.007342390186386183
10325,0.005027535571716726
10326,0.0021764174176496453
10327,0.0013439872261369601
10328,8.164052716892912e-4
10329,2.1260900146444328e-4
10330,2.3242572826347895e-4
10331,1.6753493846408674e-4
10332,1.758141904429067e-4
10333,3.4618045212482686e-4
10334,7.059335076337448e-4
10335,0.00363427791337017
10336,7.661450727937336e-5
10337,9.157457865512698e-5
10338,4.4727540582243817e-4
10339,4.910486520384439e-4
10340,3.636313133029034e-4
10341,3.7802621907758295e-4
10342,1.8570670359622455e-4
10343,4.910235928400653e-4
10344,8.217901616444579e-4
10345,0.0014729461826209446
10346,3.649847471388057e-4
10347,0.001177354900573846
10348,9.429537435789825e-4
10349,0.0019759108845028095
10350,5.878562560974387e-4
10351,0.053017658563330766
10352,0.11588351268321276
10353,0.01821043552365154
10354,0.02731270028743893
10355,0.005661303885281086
10356,0.017343586336355656
10357,0.0015940871584462003
10358,2.86304270484834e-4
10359,0.013791297934949398
10360,1.957119694998255e-4
10361,0.019929802464321255
10362,0.6576844210922718
10363,0.7197572663426399
10364,0.11921124786138534
10365,0.004162057720241137
10366,0.00301973324152641
10367,0.009727054031100125
10368,0.026368644423782825
10369,0.0320329462736845
10370,0.018342873165383935
10371,0.004014656669460237
10372,0.013771564913913608
10373,0.05247887328732759
10374,0.051024787053465845
10375,0.04474036207422614
10376,0.051804613498970864
10377,0.051804613498970864
10378,0.04019271899014711
10379,0.0020818173802399542
10380,0.031059379703365267
10381,0.018521865443326534
10382,0.9323499351739883
10383,0.018936708311084658
10384,0.8490041208267212
10385,0.2842368583753705
10386,7.626929930847837e-4
10387,0.04936050944030285
10388,0.08703917710110545
10389,0.9010736989974976
10390,0.036359617686830464
10391,0.12470485446974636
10392,0.004192665462614969
10393,1.6121179363835835e-4
10394,2.024848002838553e-4
10395,3.0173404069500976e-4
10396,3.0173404069500976e-4
10397,3.283678538718959e-4
10398,0.002490805343404645
10399,3.7527799833696917e-4
10400,0.006367452003760263
10401,0.010804881346412004
10402,0.14429711818695068
10403,3.717763339955127e-4
10404,3.058771059295395e-4
10405,3.058771059295395e-4
10406,3.058771059295395e-4
10407,3.058771059295395e-4
10408,3.058771059295395e-4
10409,3.058771059295395e-4
10410,4.5091518437402557e-4
10411,3.058771059295395e-4
10412,3.058771059295395e-4
10413,3.058771059295395e-4
10414,3.058771059295395e-4
10415,3.058771059295395e-4
10416,3.058771059295395e-4
10417,3.717763339955127e-4
10418,0.07570191294886172
10419,0.002515589239192195
10420,0.0035256906464928763
10421,0.0011204066916252486
10422,0.003119732631603256
10423,0.09603373158723116
10424,0.0014735676736745518
10425,0.02620610435958952
10426,0.0011217466680682265
10427,0.0019413501046074088
10428,0.002524599716125522
10429,0.03856219571083784
10430,0.0044569931254955005
10431,0.002139981635264121
10432,0.01624507672386244
10433,0.0030964929910260253
10434,0.01752043115440756
10435,0.0032944120664615186
10436,0.03249811340123415
10437,0.003120414878067095
10438,0.009234117899322882
10439,2.1948521274680387e-4
10440,0.015211614689324051
10441,0.007162830521119759
10442,0.007498533703619614
10443,0.007749271317734383
10444,0.021945611152332276
10445,7.742924230842618e-4
10446,7.742924230842618e-4
10447,7.742924230842618e-4
10448,7.742924230842618e-4
10449,7.742924230842618e-4
10450,0.0010115505200519693
10451,0.0010212642855913145
10452,0.02179699334781617
10453,0.0022975087362283376
10454,0.015903170178644357
10455,4.364541880931938e-4
10456,2.8090541731216943e-4
10457,6.26831748704717e-4
10458,3.3650171772023894e-4
10459,0.10039488177746535
10460,0.01970256712054834
10461,6.760626299364958e-4
10462,7.786211714119418e-4
10463,0.28146508999168873
10464,0.0019277521647745744
10465,0.0035883846622891723
10466,0.0019277521647745744
10467,0.005666663571028039
10468,0.0035883846622891723
10469,0.0019277521647745744
10470,0.011494431174360215
10471,0.0019277521647745744
10472,0.0015443209079967345
10473,8.234904536948307e-4
10474,8.234904536948307e-4
10475,0.003988590973312967
10476,0.019223465372342617
10477,0.12000806719064712
10478,0.017395570755470543
10479,0.013696129309246317
10480,0.00938378895400092
10481,3.391930721045355e-4
10482,0.4386304570734501
10483,0.01620781300822273
10484,5.201598934218055e-4
10485,5.201598934218055e-4
10486,0.034988246923312545
10487,0.002399053493572865
10488,0.003443510068464093
10489,0.004501797243137844
10490,0.00768868303974159
10491,0.0050749882066156715
10492,0.01285909408936277
10493,0.036921709310263395
10494,0.10119271174073219
10495,0.001600969843857456
10496,0.016848670882172883
10497,0.012108133994042874
10498,3.9796586926968305e-4
10499,4.0101034748659005e-4
10500,4.1334731460665355e-4
10501,2.0535017973088542e-4
10502,2.045206016555312e-4
10503,1.852549735122011e-4
10504,4.584492606227286e-4
10505,0.002535529592278181
10506,0.11570569321513176
10507,0.004057658055098727
10508,0.09040484333410859
10509,0.02492859214078635
10510,0.011698693449143321
10511,0.0032236603886121886
10512,0.0032236603886121886
10513,0.05156587898731232
10514,0.12650516379624605
10515,0.027329857544973492
10516,0.001752350518509047
10517,0.0010027779993106378
10518,8.444163985404884e-4
10519,6.419946178357349e-4
10520,0.0011384259842452593
10521,0.0016813906659081113
10522,0.0019589442852884532
10523,8.477415959350765e-4
10524,4.6361002452613323e-4
10525,0.0014948723265843
10526,0.028508409950882198
10527,0.0023381406275439077
10528,0.006473806662252173
10529,0.00438907538598869
10530,0.004894663827726618
10531,0.01760456001618877
10532,0.010525435981107875
10533,0.017838062457740306
10534,0.030359626822173594
10535,0.015145326557103544
10536,0.02845485375262797
10537,0.037497159987688065
10538,0.05018798943608999
10539,0.03771956265904009
10540,0.017334057590924202
10541,2.365917369024828e-4
10542,0.0514837705809623
10543,0.0025063247157959267
10544,0.004879101205151528
10545,0.034797373958863315
10546,0.0032961913087638096
10547,0.1465767326578498
10548,0.0882651331461966
10549,0.0023940161464270204
10550,0.004400290506891906
10551,0.0031436945783207193
10552,0.0048445491591701285
10553,0.05061674415133893
10554,0.006967384258750826
10555,0.085373002178967
10556,8.885042942711152e-4
10557,9.304602198244538e-4
10558,8.435378565627616e-4
10559,0.014720176300033926
10560,5.458678222930758e-4
10561,0.00759070864354726
10562,0.004772352438885718
10563,0.01744240716798231
10564,0.014720176300033926
10565,0.0022160201080259866
10566,0.019586425805464387
10567,0.00268077722430462
10568,0.007498494603205472
10569,0.003465310830506496
10570,0.0021440229850122703
10571,0.003375589468632825
10572,0.05259854624047875
10573,6.057835687533952e-4
10574,0.001214290687785251
10575,0.0197269632993266
10576,5.377479330491042e-4
10577,7.898711396410363e-4
10578,0.0012734224309679121
10579,0.015541265630163252
10580,9.615093021420762e-4
10581,0.0010026717212167568
10582,0.002693429798819125
10583,0.0010026717212167568
10584,0.0019650843812269157
10585,7.195491282618604e-4
10586,0.014630142303649335
10587,0.0016093306994298473
10588,6.093410092580598e-4
10589,6.822728035331238e-4
10590,0.003144760861177929
10591,0.0022194289736216888
10592,0.222554814517498
10593,0.0587122563412413
10594,8.395581215154379e-4
10595,0.0036226948935654947
10596,0.003557323220302351
10597,0.009756876167375594
10598,0.0010331999280606397
10599,9.378605180245358e-4
10600,0.017017087468411775
10601,0.0033456948871025817
10602,0.012242718415800482
10603,0.05149728493764996
10604,0.019019079573918133
10605,0.057483979323878887
10606,0.004321342446492054
10607,0.004082092127064243
10608,0.036031150235794486
10609,0.04643828117288649
10610,0.006694371735211462
10611,0.012690191580913961
10612,9.931061432871503e-4
10613,0.019959924798458813
10614,7.699252526799683e-4
10615,0.08828203801065683
10616,0.014145261954981834
10617,0.012271165966521948
10618,0.002296478711941745
10619,0.020922728073783217
10620,0.02830758010270074
10621,0.002705843417788856
10622,0.03255141588393599
10623,0.001212180200673174
10624,0.001212180200673174
10625,0.0036129454319598154
10626,0.0056643555487971755
10627,0.01368581100134179
10628,0.004130431480589323
10629,0.025967827369458973
10630,0.013714805985800922
10631,0.07783623805269599
10632,0.11264012969098985
10633,0.007702361383708194
10634,0.005594633436994627
10635,0.005322546153329313
10636,0.006161949762608856
10637,0.045281530683860184
10638,0.09032102404162287
10639,0.10915285656228661
10640,0.0027179918851470575
10641,0.05688319864682853
10642,5.518479053716874e-4
10643,7.184300331573468e-4
10644,6.928701228753198e-4
10645,4.791761397063965e-4
10646,5.44805654353695e-4
10647,4.889545537298545e-4
10648,5.22009312044247e-4
10649,2.4277754633658332e-4
10650,3.276833045310923e-4
10651,1.8440935073158471e-4
10652,2.6662408614356534e-4
10653,2.1319297920854296e-4
10654,0.010738126279320567
10655,2.1949090994894505e-4
10656,3.2305484790413175e-4
10657,0.049439447773620485
10658,0.0209930211561732
10659,3.801319916237844e-4
10660,0.004272859403863549
10661,0.028383792261593044
10662,0.007112484353128821
10663,0.0012686092425428796
10664,2.8063831297913566e-4
10665,5.240246459288756e-4
10666,3.5088901269773485e-4
10667,5.097833687614184e-4
10668,0.021107862796634437
10669,0.005312967357458547
10670,0.0039990450150799006
10671,0.005312967357458547
10672,0.028364218454807997
10673,0.0039990450150799006
10674,0.0188692142884247
10675,0.0039990450150799006
10676,0.0039990450150799006
10677,0.024436814626678825
10678,0.7621501585841179
10679,0.09267906289547682
10680,6.26896623216453e-4
10681,0.013361827114131301
10682,0.03706276151817292
10683,0.017286967844702305
10684,0.012222729790955782
10685,0.0250511064263992
10686,0.09142323618754744
10687,0.017732519663404674
10688,0.024277039486914873
10689,0.005771423594560474
10690,0.04045286558102816
10691,0.0012812948622740806
10692,0.027134263557381928
10693,0.006760595478117466
10694,0.004248294506105595
10695,0.05212296503130347
10696,0.007793756827013567
10697,0.1310146909765899
10698,0.8976388397812843
10699,0.040609929971396924
10700,0.003218761840253137
10701,0.0010661851413897238
10702,0.0018311940564308315
10703,0.0034394102642545474
10704,0.0018311940564308315
10705,0.0018311940564308315
10706,0.003105113934725523
10707,9.203855357191059e-4
10708,3.945723463766626e-4
10709,2.564716001870693e-4
10710,1.6995186413623742e-4
10711,1.1617888472756021e-4
10712,9.203855357191059e-4
10713,7.430760187708075e-4
10714,0.0010439719186979347
10715,0.001504042868182296
10716,0.0016450683955918067
10717,0.0011296500547905452
10718,8.728433115174994e-4
10719,6.005278207885567e-4
10720,9.203855357191059e-4
10721,0.009183279218850657
10722,8.241745964915026e-4
10723,0.00580516055051703
10724,1.3850466430085362e-4
10725,5.026006674597738e-4
10726,0.0014783456959412433
10727,0.0019599487807136027
10728,0.025008259555324912
10729,0.0014783456959412433
10730,0.0014783456959412433
10731,0.0014783456959412433
10732,0.002052659490436781
10733,5.635426771186758e-4
10734,5.635426771186758e-4
10735,0.0023450425791088493
10736,0.06127597191371024
10737,0.0022402882637106813
10738,0.04092639053240418
10739,0.006905292706796899
10740,0.03700362325645983
10741,0.008087540870765225
10742,0.11603841371834278
10743,0.07876375849358737
10744,0.028706018421798943
10745,0.003935302422032692
10746,0.0010717058647423982
10747,5.467264079197776e-4
10748,1.8513246257498395e-4
10749,4.445312678581104e-4
10750,9.094257569813635e-4
10751,0.0010774103150470182
10752,0.005242245155968704
10753,0.018806301059667022
10754,0.0014052568312035874
10755,0.05982266732491553
10756,0.006135941847460345
10757,0.025175936557352542
10758,0.008249691639794037
10759,0.0730695781391114
10760,0.008249691639794037
10761,0.008249691639794037
10762,0.003421374151366763
10763,7.379402615333674e-4
10764,0.0015236027652281337
10765,0.0063253372849430885
10766,0.0017838645345182157
10767,0.008249691639794037
10768,0.01869576617376879
10769,0.027030917312949897
10770,0.009817095783073455
10771,0.15693663395941257
10772,0.04102211804594844
10773,0.031248809203971176
10774,6.683342684118543e-4
10775,9.474596702784766e-4
10776,0.002006846077274531
10777,9.474596702784766e-4
10778,9.474596702784766e-4
10779,9.474596702784766e-4
10780,0.005482043129159137
10781,0.03137532245833427
10782,0.03137532245833427
10783,0.014143592149484902
10784,0.015590792712755501
10785,0.0018330661693471484
10786,0.02531586525030434
10787,9.474596702784766e-4
10788,5.036630902031902e-4
10789,5.036630902031902e-4
10790,0.0014665122974838595
10791,8.335386756516528e-4
10792,8.335386756516528e-4
10793,0.0014665122974838595
10794,0.008292648494243621
10795,0.0657698167860508
10796,0.029805127098225057
10797,0.001545569550653454
10798,0.022003830610774457
10799,0.034425872704014183
10800,0.008869979820447042
10801,5.01270362001378e-4
10802,5.01270362001378e-4
10803,0.02907941264566034
10804,0.006951757358619943
10805,0.05444114287383854
10806,9.513148502446711e-4
10807,4.2045803616929333e-4
10808,4.646955805947073e-4
10809,2.4998756816785317e-4
10810,2.7248788046563277e-4
10811,5.202421329158824e-4
10812,5.326576370134717e-4
10813,6.783816101233242e-4
10814,0.03545278198551387
10815,0.00585951563087292
10816,0.0014783456959412433
10817,0.007197507682722062
10818,0.009041858303826302
10819,0.005687550841830671
10820,0.0015130757879524026
10821,0.08713921190239489
10822,9.752645046683028e-4
10823,0.004793681658338755
10824,0.01137934391037561
10825,0.030155252148397267
10826,0.012532054269686342
10827,0.007997313380474224
10828,0.0018433011265005916
10829,0.0069721079571172595
10830,0.02833254710305482
10831,0.0025276103155920282
10832,0.0013958298676880077
10833,0.0037639778899028896
10834,0.01833463107701391
10835,0.0025873712613247333
10836,0.028325489494018256
10837,0.025743430415168404
10838,0.008882541017374023
10839,0.0031024324492318557
10840,0.010900408427696675
10841,0.0022197712020715697
10842,0.0023927893143263646
10843,8.280392170854612e-4
10844,0.03712490878533572
10845,0.03712490878533572
10846,0.005789550426416099
10847,0.007620763895101845
10848,0.03924585885833949
10849,0.014662293982692063
10850,0.006541489320225083
10851,0.026243384811095893
10852,0.0014749882361502387
10853,0.015373134857509286
10854,0.022702079811133445
10855,7.248841626278591e-4
10856,0.0030442488397238775
10857,7.248841626278591e-4
10858,0.04170276536140591
10859,7.280717293906492e-4
10860,0.009909187312005088
10861,7.248841626278591e-4
10862,0.0042831288382876665
10863,0.013429104215465486
10864,0.0023927893143263646
10865,0.0023927893143263646
10866,0.004310446996823885
10867,0.005635324347531423
10868,0.007329317568801344
10869,0.001145020782132633
10870,0.012453192207030951
10871,1.40921163965686e-4
10872,0.007609344439115376
10873,0.003959743060986512
10874,0.010312410808401182
10875,0.057902737115509806
10876,0.009522374246735126
10877,0.006846324894577265
10878,0.8573493394255638
10879,0.008349812724627554
10880,0.028017007587477563
10881,0.00905274854041636
10882,0.013334100898355246
10883,0.005282601714134217
10884,0.4255594597011805
10885,0.015483401138335467
10886,0.011398200758267195
10887,0.02668273120187223
10888,0.0041753409482771535
10889,0.014872225064318628
10890,0.020958052163477986
10891,0.004861522822757251
10892,0.020958052163477986
10893,0.020958052163477986
10894,0.026291817796882243
10895,0.010166067632380872
10896,0.03041134649887681
10897,0.061992618963122366
10898,0.010756825790740549
10899,0.0022360167806618845
10900,0.7400654327869415
10901,0.03570168480277061
10902,0.03261634978000075
10903,0.006364419620949775
10904,0.05495835593901575
10905,0.9400139757990837
10906,0.037874793913215396
10907,0.012816871430259199
10908,0.6054683225601911
10909,0.11075608050450683
10910,0.010487856999970973
10911,0.11970837743952871
10912,0.01269576046965085
10913,0.01269576046965085
10914,0.01064886296633631
10915,0.04648287351243198
10916,0.6771838760375977
10917,0.0020684288628399373
10918,0.015056866151280702
10919,9.596401605813298e-4
10920,0.005934007900068536
10921,0.0059553954965667795
10922,0.0020684288628399373
10923,0.0020684288628399373
10924,0.001061940943909576
10925,0.005934007900068536
10926,0.02735039820894599
10927,0.090354388281703
10928,0.1138862643390894
10929,0.1298071072436869
10930,9.00768634310225e-4
10931,5.044472892041086e-4
10932,5.044472892041086e-4
10933,0.0018838691699784248
10934,4.041178397164913e-4
10935,7.72914808767382e-4
10936,2.1947713681583992e-4
10937,5.669757447321899e-4
10938,0.001070283178705722
10939,5.044472892041086e-4
10940,0.026324282803107054
10941,0.034408446303568783
10942,0.21451331064105034
10943,0.01109331050189212
10944,0.021609944261144848
10945,0.0013495867319579702
10946,8.875122293829918e-4
10947,0.006583646750077605
10948,0.19995774900540708
10949,0.1075312597770244
10950,0.0017700528135173954
10951,0.9567108944058418
10952,0.047633203659206626
10953,0.007658756434684619
10954,0.04875629472546279
10955,0.010187700720271095
10956,0.00923644816270098
10957,6.314407347235829e-4
10958,0.002993511532258708
10959,6.314407347235829e-4
10960,6.314407347235829e-4
10961,0.0012858804663119373
10962,4.2581611312925816e-4
10963,0.036765057113952934
10964,0.017092312837485225
10965,6.682622458902188e-4
10966,0.16191328655928372
10967,0.020812842422164978
10968,0.038714971551671626
10969,0.12061590166762472
10970,0.021884040515869854
10971,6.284958178730449e-4
10972,0.8312702196836471
10973,0.02753925632685423
10974,0.47959665693342685
10975,0.15522797926329077
10976,0.03555254006758332
10977,0.03249738526996225
10978,0.0095856450567953291
10979,9.537117465515621e-4
10980,0.0123174228600692
10981,0.0016754153749207034
10982,0.17563917651772498
10983,0.017976810778491198
10984,0.10935023872181773
10985,0.10044310168363153
10986,0.013923230688087642
10987,3.770779222395504e-4
10988,0.00446879468858242
10989,0.006879993324400857
10990,0.003361101255286485
10991,0.015654769574757664
10992,0.02560989804798737
10993,0.003987965681008063
10994,0.007738251347327605
10995,0.017807673858478666
10996,0.005887434981414117
10997,0.09468967239372432
10998,0.005887434981414117
10999,0.02768417737213895
11000,0.004383749580010771
11001,0.0016380802492494695
11002,0.023554824923630802
11003,0.005336851713364013
11004,0.01957024145871401
11005,0.022658386467956006
11006,0.015715092765167357
11007,0.11097254117950797
11008,0.020509286564774812
11009,0.0020999915050924755
11010,0.012384117207257078
11011,0.1761396960541606
11012,0.013284152026753872
11013,0.004149281904683448
11014,0.05771127717569471
11015,9.688344333699206e-4
11016,0.004716315546538681
11017,0.047834548465907574
11018,0.00646298480744008
11019,0.007125853863544762
11020,0.011053874995559454
11021,0.003889893505256623
11022,0.016886430990416555
11023,0.0336212501116097
11024,0.02486065646633506
11025,0.00622420096769929
11026,0.0027833458135137334
11027,0.004920057450653985
11028,0.006888553703902289
11029,0.006735275241080672
11030,0.3246865128725767
11031,0.02253838108154014
11032,0.02305957322008908
11033,0.01894544333219528
11034,0.016379381185397505
11035,0.006501370157347992
11036,0.03058691428974271
11037,0.03058691428974271
11038,0.013704148503020406
11039,0.003843034652527422
11040,0.007196526918560267
11041,0.006481673833914101
11042,0.02041403888259083
11043,0.048269274523481724
11044,0.018851926452480256
11045,0.052342275073751804
11046,0.004846700864145532
11047,0.006358477354515344
11048,0.003713559158495627
11049,0.0014146331771917175
11050,0.015503647123696283
11051,0.005537403911002912
11052,0.003750395163660869
11053,0.0026395226671593265
11054,0.0030231670808279886
11055,0.006878782924322877
11056,0.004113019933574833
11057,0.006191476589301601
11058,0.011460317256860435
11059,0.004049695475259796
11060,0.0024085594480857254
11061,9.664313074608799e-4
11062,0.01549120495095849
11063,0.0011186018704029265
11064,0.08993665717542171
11065,0.003853926899610087
11066,0.08700595712289214
11067,0.002016601785435341
11068,0.024300240490119904
11069,0.005827032072702422
11070,0.0024456380476476623
11071,0.0023747267344151625
11072,0.06374144278466702
11073,0.019362053826916963
11074,0.031357543123885986
11075,0.0058434749720618125
11076,0.04140349402092397
11077,0.0013744519811007194
11078,0.24189139690250158
11079,0.0035203297453699632
11080,0.0010793301140074618
11081,0.006278480523033068
11082,0.02573505836073309
11083,0.027464341847226025
11084,0.006597162653924897
11085,0.004476038871798664
11086,0.010702411715174094
11087,0.045243137776851655
11088,0.019115594152826817
11089,9.672984406643081e-4
11090,0.007846465469338
11091,0.007143605330493301
11092,0.007888621971942485
11093,0.03586391659453511
11094,0.0021272789695649407
11095,0.029274291889742017
11096,0.007826076069613918
11097,0.05682422460988164
11098,0.003909156649024225
11099,0.0029121027817018332
11100,0.010456653092987836
11101,0.0037305498332716523
11102,0.003278951031679753
11103,0.00807815724867396
11104,0.0045028040232136845
11105,0.004454396479413845
11106,0.006216929603833705
11107,0.005072107506566681
11108,0.001151811710151378
11109,5.518478554586182e-4
11110,5.306253890739754e-4
11111,0.0019553744225413536
11112,0.006748776023741811
11113,0.007995624645845965
11114,0.0010044170111359564
11115,0.00499904211901594
11116,0.005589482992654667
11117,0.001327230937895365
11118,0.005250787123804912
11119,7.755818137957248e-4
11120,0.030884232548996807
11121,0.007678118904586881
11122,0.035891897953115405
11123,7.755818137957248e-4
11124,7.755818137957248e-4
11125,7.755818137957248e-4
11126,7.755818137957248e-4
11127,7.755818137957248e-4
11128,7.755818137957248e-4
11129,7.755818137957248e-4
11130,0.002068239765649196
11131,9.14115737832617e-4
11132,6.259025605686475e-4
11133,7.755818137957248e-4
11134,8.72176659759134e-4
11135,7.755818137957248e-4
11136,7.562164957198547e-4
11137,7.755818137957248e-4
11138,7.755818137957248e-4
11139,7.755818137957248e-4
11140,9.14115737832617e-4
11141,0.004259571158327162
11142,0.003925892820698209
11143,0.038987971004098655
11144,0.008189222861547022
11145,0.0032942131836898626
11146,3.9838465963839555e-4
11147,0.011422312638023869
11148,0.016369928922504186
11149,0.005624578801216557
11150,0.001243904161674436
11151,0.001471987639379222
11152,1.6901163620786975e-4
11153,7.77678577505867e-4
11154,0.0017667968629393727
11155,0.0014643240663281176
11156,8.953474423469743e-4
11157,0.00142973020527279
11158,0.001741622554254718
11159,0.0010490668292186455
11160,0.0011737692958558909
11161,0.0013894462052849122
11162,0.001130647092941217
11163,0.006064165789284743
11164,0.0015879726102866697
11165,0.0018749264572397806
11166,0.0013894462052849122
11167,0.01054138624574989
11168,0.0010490668292186455
11169,0.007798907288815826
11170,0.1580114956200123
11171,0.020805155935231596
11172,3.6760762595804407e-4
11173,3.6760762595804407e-4
11174,0.08664593967609108
11175,0.08249306224286557
11176,0.012401584435719997
11177,0.009774223075946793
11178,0.0016102660816977733
11179,0.0014695223412127235
11180,0.009128033091546967
11181,0.08985255871899427
11182,0.03274921989068389
11183,0.011556851001223549
11184,0.001009876775497105
11185,0.004125985199934803
11186,0.36693484388291836
11187,0.0010997583149583079
11188,8.626873760658782e-4
11189,4.209130085655488e-4
11190,0.0052662928448989985
11191,0.001161949063098291
11192,0.00160921437171055
11193,0.017322137395385653
11194,0.013461813759058715
11195,0.06752673275768757
11196,0.11462624133564532
11197,0.15522524788975717
11198,0.06784325460903347
11199,0.20220776654779912
11200,0.0032669475695001893
11201,6.809369329130277e-4
11202,0.0048039669205900285
11203,0.0021798542926262598
11204,6.809369329130277e-4
11205,9.281918870692607e-4
11206,0.02101611888036132
11207,0.03133082100655884
11208,0.009986387206008657
11209,0.006757252141833306
11210,0.05680000186432153
11211,0.038915541102178396
11212,0.6506890161335468
11213,0.037340299459174275
11214,0.019740492806304247
11215,0.03836324063129723
11216,0.009695671612862498
11217,0.9402176222205162
11218,0.12594391632825136
11219,7.152928110735956e-4
11220,7.152928110735956e-4
11221,8.439186976465863e-4
11222,0.0012248823375557549
11223,5.105061542417388e-4
11224,0.001943143743847031
11225,0.12167870942503214
11226,0.9572712966799736
11227,0.03664313980843872
11228,0.029997191047295927
11229,0.017899022307246923
11230,0.002409304346656427
11231,0.24363053556531666
11232,0.019747853563167155
11233,0.24971931722015142
11234,0.1456944964081049
11235,0.022118418568279594
11236,0.07139819845557213
11237,0.07139819845557213
11238,0.003859013006440364
11239,0.017899022307246923
11240,0.10635496044531464
11241,0.12396782500669361
11242,0.0010768273631401827
11243,0.001943143743847031
11244,0.0011955942715576385
11245,7.152928110735956e-4
11246,0.0015373810855089686
11247,0.0019060031426488423
11248,0.009475464296992869
11249,0.041076008025556804
11250,0.002508631578821223
11251,8.722081501036882e-4
11252,8.722081501036882e-4
11253,0.1813769829645753
11254,0.052165620876476165
11255,0.31723178081214426
11256,0.01154450637404807
11257,0.0015360670123482122
11258,0.03637399896979332
11259,0.03637399896979332
11260,2.8784233094484077e-4
11261,9.018657046544832e-4
11262,8.248846258356934e-4
11263,0.0011195701223914512
11264,0.002370803471421823
11265,0.0068340669060125946
11266,0.007398397005163133
11267,0.011739678792655467
11268,0.005217827285523526
11269,0.0019071861513657495
11270,0.011785608999198303
11271,3.770169593917672e-4
11272,8.50555931974668e-4
11273,3.770169593917672e-4
11274,0.0012820194382220506
11275,0.0040692108240909875
11276,0.0037408408836927267
11277,0.06019648998975754
11278,0.4751917697489262
11279,8.046679996186868e-4
11280,7.604392788198311e-4
11281,7.604392788198311e-4
11282,7.604392788198311e-4
11283,9.410146849404555e-4
11284,3.3806379680754615e-4
11285,0.05934497119858861
11286,0.001948119904845953
11287,7.604392788198311e-4
11288,7.604392788198311e-4
11289,0.0951438664831221
11290,0.10735811403952539
11291,0.005552462350751739
11292,0.1885036628320813
11293,0.07105213921517134
11294,0.16834924075752497
11295,0.0013312107948877383
11296,4.2694536685303317e-4
11297,0.001871180110028945
11298,0.001871180110028945
11299,0.7473299865424633
11300,0.03122268747072667
11301,0.19289297699928284
11302,0.00577176040620543
11303,0.024774524292442947
11304,0.005795658674323931
11305,2.7653839621052614e-4
11306,5.904678273509489e-4
11307,0.5996050636470318
11308,0.015497727547772228
11309,0.023073602593503894
11310,8.617663235054351e-4
11311,0.02190829294733703
11312,4.1823506497166816e-4
11313,0.05839093768969178
11314,0.04663746922742575
11315,0.04159694204106927
11316,0.3098596578091383
11317,0.007886890714289621
11318,0.025721079534851015
11319,0.018697417315561324
11320,4.5104585609806236e-4
11321,0.011824259660206735
11322,0.011824259660206735
11323,6.403750493336702e-4
11324,0.0036186033225385473
11325,3.4805345108907204e-4
11326,0.017581436382606626
11327,0.013332863110117615
11328,0.0036475213908124717
11329,0.006947702069301159
11330,0.015401466540060938
11331,0.015398807437159122
11332,0.0065276114013977345
11333,0.03501302949618548
11334,8.413750729232561e-4
11335,6.890706931153546e-4
11336,7.295598374184919e-4
11337,5.729425000026822e-4
11338,0.059248951254412534
11339,0.01567957361228764
11340,0.00740191426826641
11341,0.032480679994914684
11342,0.014271401942241937
11343,0.04698250188492239
11344,0.12328495100140571
11345,0.0013077818420424592
11346,0.002624571080086753
11347,0.0013540842157090084
11348,0.04046703509055078
11349,0.032878353050909935
11350,0.03869844291359186
11351,0.005993706550216302
11352,0.0104404221707955
11353,0.08594844841398298
11354,0.0255759795778431
11355,0.00296248096448835
11356,0.01031443924177438
11357,0.011028244488406926
11358,0.015458246995694935
11359,0.005084280871669762
11360,0.061481531113386154
11361,0.061481531113386154
11362,0.07829349158331751
11363,0.25412388898432253
11364,0.006936549573438242
11365,0.005754476168658584
11366,0.007301057886797935
11367,4.5229112234665083e-4
11368,0.1215528904646635
11369,0.012881614146754145
11370,0.43616672545671464
11371,0.033581911544315515
11372,0.03097353728953749
11373,0.009760460478719323
11374,0.5348372349143028
11375,0.01800517285708338
11376,0.04554267312400043
11377,0.01577380798291415
11378,0.08674027018249035
11379,0.008947568483417854
11380,0.16385735362768172
11381,0.005913308644667267
11382,0.8116406989097595
11383,0.01922686893492937
11384,0.9035253083705902
11385,0.004929647444514558
11386,0.004929647444514558
11387,0.019987944564782083
11388,0.012084868303500116
11389,0.007002118073869496
11390,0.05063623795285821
11391,0.029801222374662758
11392,0.05240102905780077
11393,4.985452843538951e-4
11394,0.0017636693788517731
11395,0.006308007026091218
11396,0.0018019129650201648
11397,0.3563423527032137
11398,0.019443386087659748
11399,0.0224284596205689
11400,0.04095743181183934
11401,0.003977129940758459
11402,0.05582788754254579
11403,0.007111107634846121
11404,0.04286382922437042
11405,0.002082308352983091
11406,0.007715267346939072
11407,0.15690618213266133
11408,0.15690618213266133
11409,0.705991630256176
11410,0.17738592516630888
11411,0.04305965039879084
11412,0.9039609345793724
11413,0.05819193140603602
11414,0.02529114980250597
11415,0.018529166483785955
11416,0.2810419454053044
11417,0.0380999065656215
11418,0.9027148187160492
11419,0.13330468870699405
11420,0.06858816947788
11421,0.003088283764082007
11422,0.031882282188162206
11423,0.09734452520497143
11424,0.05151579591445625
11425,0.002171891576726921
11426,0.3084139012545347
11427,0.0070973470236640425
11428,0.041406078352592884
11429,0.002171891576726921
11430,0.005749049475416541
11431,0.02712780415546149
11432,0.02552536837756634
11433,0.015704495564568786
11434,0.0830015654489398
11435,0.012726141188759357
11436,0.09781702106818557
11437,0.08933449402451515
11438,0.0027194992755539714
11439,0.005547693513799459
11440,0.00805977899581194
11441,0.01672719408525154
11442,9.480666973104235e-4
11443,0.0017614455978036858
11444,0.012581370421685278
11445,0.01613850919296965
11446,0.001167138967939536
11447,0.0017614455978036858
11448,0.0017482570570427924
11449,0.03605150199495256
11450,0.01613850919296965
11451,8.272027989733033e-4
11452,3.6246193601982665e-4
11453,1.9744106455618749e-4
11454,1.9385259576665704e-4
11455,1.5185079138973378e-4
11456,0.005085038402467035
11457,0.0034033681626897305
11458,0.012914248472079635
11459,0.01446103930240497
11460,0.0052168438606895505
11461,0.0072652933327481154
11462,0.005723895862465724
11463,0.011030975643079729
11464,0.020019096629694103
11465,0.01598391737556085
11466,0.0022256986709544434
11467,0.0041761664825025946
11468,8.694617402215954e-4
11469,0.054530001282691955
11470,0.0024291714321589097
11471,0.001972837810171768
11472,0.001801551871612901
11473,0.006026641170610674
11474,0.002931408891745377
11475,0.03612026586662978
11476,0.015680305636487903
11477,0.012330305379582568
11478,0.001962655901152175
11479,0.00420280602935236
11480,0.019432590680662543
11481,4.001675362815149e-4
11482,4.001675362815149e-4
11483,0.005591258659260348
11484,0.06879086481407284
11485,0.0058815730240894485
11486,0.015459914398379624
11487,0.2310047160834074
11488,0.031899517960846425
11489,0.020437300596386196
11490,0.003701654079486616
11491,0.02121379930060357
11492,0.004142548000090756
11493,0.005433725132606923
11494,0.009707967409631237
11495,0.12116407427936793
11496,0.08840485818684102
11497,0.06135434099473059
11498,0.48838516674935817
11499,0.0018594796425895766
11500,0.00155036595693673
11501,0.0038013515807688238
11502,0.001973719840461854
11503,0.019355774288997055
11504,6.727381955715828e-4
11505,1.510429222616949e-4
11506,1.593859259992314e-4
11507,0.0083332060277462
11508,0.013861860681790858
11509,0.0019118072697892786
11510,0.040608767019584775
11511,0.019083414289634674
11512,0.02363755102735013
11513,0.0033753918879665433
11514,0.0015181849044165574
11515,0.0025284167550853453
11516,8.472624116984662e-4
11517,0.002055757674970664
11518,0.0053094286320265385
11519,0.03277793455403298
11520,0.005860163368051872
11521,0.02250275178346783
11522,0.0029078014055266975
11523,0.04913901916705072
11524,0.08554059140384197
11525,0.002074731302272994
11526,0.009543756619095803
11527,0.006587181537179276
11528,0.003239567714044824
11529,0.02961919049732387
11530,0.0048378567735198885
11531,0.02530431797960773
11532,0.09173868066631258
11533,0.013204522153828294
11534,0.005266957777203061
11535,0.01263142908923328
11536,0.03895530801732093
11537,0.0065505934425164015
11538,0.010062948039267211
11539,0.0044317233271431175
11540,0.016553819582331927
11541,0.016251116897910832
11542,0.001407505571260117
11543,0.0026353310141712426
11544,0.0011174797131388915
11545,0.0011174797131388915
11546,0.011091666293796152
11547,0.0011174797131388915
11548,0.0728797353990376
11549,0.011365102611016482
11550,0.04488448903430253
11551,0.018754325928166508
11552,0.0010894975742849055
11553,0.01024198036873713
11554,0.0012402900808956474
11555,0.03240792433265596
11556,0.0020471002717386
11557,0.00195519728702493
11558,0.00195519728702493
11559,0.30402381598949435
11560,8.166918366623577e-4
11561,0.009790566173614934
11562,0.017352049781475216
11563,0.002390964145597536
11564,0.03356580992229283
11565,9.27134686789941e-4
11566,0.017117066557984797
11567,8.047199896827806e-4
11568,8.047199896827806e-4
11569,8.047199896827806e-4
11570,0.0032613974844571203
11571,0.014209166622022167
11572,0.0019577869758359155
11573,0.017881318009458483
11574,0.13849706141278148
11575,0.010412781715858728
11576,0.003018101233174093
11577,0.010412781715858728
11578,0.003018101233174093
11579,0.014874530392698943
11580,0.002166376632230822
11581,0.0033061621815431864
11582,0.0020159525878261776
11583,0.0023322961395024324
11584,0.029303635261021553
11585,0.009889705311506987
11586,0.0055709511280292645
11587,6.951484056480694e-4
11588,0.013659486728720367
11589,0.006399634755798616
11590,0.08053691730834543
11591,0.049092856086790565
11592,0.009064726695651188
11593,0.011260528925340622
11594,0.003979661029297858
11595,0.005776047734543681
11596,0.5118880943953991
11597,0.030321207391098143
11598,0.018820742864627392
11599,0.004007100453018211
11600,0.3628406720608473
11601,0.005770308454521001
11602,0.005770308454521001
11603,0.8150072839856147
11604,0.4215334075689316
11605,0.006752383372513577
11606,0.09603083966299891
11607,0.018491302640177308
11608,0.01533311806851998
11609,0.1921462322771549
11610,0.379201932400465
11611,0.002341001069871709
11612,0.001151368937571533
11613,0.043091147700324656
11614,0.00803806667216122
11615,0.0567873599473387
11616,0.010440694559365511
11617,0.10597529834136367
11618,0.01624372251331806
11619,0.00312466187577229
11620,0.0066937459842301905
11621,0.0030553069745656103
11622,0.02641388723626733
11623,8.304414375015768e-4
11624,4.0957966608402786e-4
11625,0.0035776163794798777
11626,0.00564621091936715
11627,0.00397155812359415
11628,0.007497259653173387
11629,0.008392452322877943
11630,0.011522862694691867
11631,0.029188833935186266
11632,0.14480505919083952
11633,0.0011265281843952835
11634,0.008685984902549536
11635,0.013699523769319058
11636,0.010151487643597648
11637,0.008043188158189878
11638,0.0017327004240360112
11639,6.810714302264387e-4
11640,0.002669310533965472
11641,0.0013619945336540696
11642,0.0021866660442901777
11643,0.007532344798091799
11644,0.011118136497680097
11645,0.002318520286353305
11646,0.013183453904930502
11647,0.025735310334712266
11648,0.02193844304420054
11649,0.025872680824249983
11650,0.0049754256819142025
11651,0.009767451228108258
11652,0.006765884652268141
11653,0.001314954260014929
11654,0.007771979558747262
11655,0.021201358698308467
11656,0.006789158367319033
11657,0.01190249322913587
11658,0.021661605667322874
11659,0.015223216309677809
11660,0.08776809223927558
11661,0.008849729570792988
11662,0.6220130477845669
11663,0.017655832029413433
11664,0.002447077961405739
11665,0.004188738814555108
11666,0.5983073972165585
11667,0.05252103763632476
11668,0.024231484327465296
11669,0.06781934813596308
11670,0.05028462556190789
11671,0.88504025131464
11672,0.16605839205905795
11673,0.0083853619091678409
11674,0.08881840784102678
11675,0.012722068924922496
11676,0.0026546763995429503
11677,0.02594895536545664
11678,5.156797789823031e-4
11679,0.12059345204383135
11680,0.0017722914305340965
11681,0.01577085238182917
11682,5.156797789823031e-4
11683,5.156797789823031e-4
11684,5.156797789823031e-4
11685,0.001163950994668994
11686,0.0010382191421376774
11687,0.0012506367368041538
11688,0.0012506367368041538
11689,0.009621447818353772
11690,0.0032220459822565315
11691,0.43801021568477155
11692,0.01631052182521671
11693,0.11605195935815572
11694,0.012539294939488172
11695,0.017540912674739957
11696,0.014478027794975788
11697,0.001702187983028125
11698,0.018145824326202275
11699,0.05578683408908546
11700,0.04527612046338618
11701,0.015437160620931535
11702,0.0028080493124434725
11703,0.07332863666117191
11704,0.0025974520490854047
11705,0.008672892476897686
11706,0.05720815449953079
11707,0.7103722688555717
11708,0.06843214925378562
11709,0.004808632848435082
11710,0.005472876746207476
11711,0.026401761947199703
11712,0.006102124482858926
11713,0.006152476127026602
11714,0.0018874940296518617
11715,0.19442060673609377
11716,0.012261103885248304
11717,0.023670074138790367
11718,0.06094599125906825
11719,0.11122270874679088
11720,0.031997935594990846
11721,0.014321367554366589
11722,0.0728922531567514
11723,0.07354975963942706
11724,0.007463357771048323
11725,0.9270311242341995
11726,0.15477845579385757
11727,7.01547595381271e-4
11728,0.007329758703708649
11729,0.008208023841725663
11730,0.21018402626737953
11731,0.023142043803818523
11732,0.004120417254744098
11733,0.5697250798344612
11734,0.008841130539076402
11735,0.09693169677630067
11736,0.005265257538994774
11737,0.2050912746414542
11738,0.007046636597951874
11739,0.016612516506575047
11740,0.008786152109969407
11741,0.008988225855864585
11742,0.005443019091617316
11743,0.09892190830782056
11744,0.016495298631489276
11745,0.5839681982994079
11746,0.3713771118223667
11747,0.1523392997123301
11748,0.007417847957694903
11749,0.01867865199688822
11750,0.3282608926668763
11751,0.29915702566504476
11752,0.06599684042856097
11753,0.007305421887431294
11754,0.0038866331992903724
11755,0.0061274393822532145
11756,0.01716055254917592
11757,0.004846709009143524
11758,0.008076671367743983
11759,0.022386235073208808
11760,0.014400489502586425
11761,0.008807814343599603
11762,0.009332870595389977
11763,0.016736369745340197
11764,0.03996636143885553
11765,0.02562241591513157
11766,0.013268232091795652
11767,0.0041176511190133165
11768,0.16840529533103107
11769,7.021003459522035e-4
11770,0.007670419526984915
11771,0.007424253509379923
11772,0.006344468456227333
11773,0.02326970568858087
11774,0.02688741172198206
11775,0.04804995395243168
11776,0.09571045091375709
11777,0.010984750867355614
11778,0.054681328320875765
11779,0.01109928326215595
11780,0.008090548536274582
11781,0.008933344704564661
11782,0.01766583841992542
11783,0.002650864260504022
11784,0.030112371817231177
11785,0.014067967094015331
11786,0.006337980414391495
11787,0.002089501018053852
11788,0.0028148178185801952
11789,8.839571046701166e-4
11790,0.025280146072618664
11791,0.018152451873756945
11792,0.014490646366029978
11793,0.38354221876710654
11794,0.02071688395924866
11795,0.01347269722726196
11796,0.02206999152433127
11797,0.14478351797908545
11798,0.259557871222496
11799,0.025538560799323023
11800,0.018460222540888936
11801,9.016389882890507e-4
11802,9.429888370505069e-4
11803,7.908208061417099e-4
11804,9.429888370505069e-4
11805,6.218563819129486e-4
11806,9.429888370505069e-4
11807,0.0011034900858066976
11808,5.484396708197892e-4
11809,6.372684594680323e-4
11810,7.276489290234167e-4
11811,9.429888370505069e-4
11812,9.429888370505069e-4
11813,9.429888370505069e-4
11814,7.908208061417099e-4
11815,6.218563819129486e-4
11816,6.218563819129486e-4
11817,0.0037092874525114896
11818,8.270090489531867e-4
11819,9.429888370505069e-4
11820,6.218563819129486e-4
11821,7.276489290234167e-4
11822,5.999131681164727e-4
11823,0.05529874642379582
11824,9.429888370505069e-4
11825,0.014225404678145424
11826,0.005843387212371454
11827,0.9919213703274727
11828,0.19996263466775419
11829,9.429888370505069e-4
11830,0.013757979006040841
11831,0.02396261163987219
11832,0.00612409851513803
11833,0.9455741444230079
11834,0.011231862590648234
11835,0.0010331874864641577
11836,0.001006927343842108
11837,0.001006927343842108
11838,0.001006927343842108
11839,0.001006927343842108
11840,0.03085452508646995
11841,0.001617417067172937
11842,0.021822897903621196
11843,0.00793961247545667
11844,0.0434331792825833
11845,0.005822498931083828
11846,0.020289934412576257
11847,0.007895822522696107
11848,0.028821805557236076
11849,0.008526975506683812
11850,0.026541230054572224
11851,0.006645738090155646
11852,0.007105381058063358
11853,0.01034895958029665
11854,0.8641504535079002
11855,0.0052522045513615015
11856,0.023031285414472222
11857,0.026164446482434867
11858,0.007481817734660581
11859,0.01994826670270413
11860,0.019218491786159576
11861,0.041838662065565586
11862,0.0021402906742878256
11863,0.9178307354450226
11864,0.09356354461982846
11865,0.0242741067125462
11866,0.09857465716078878
11867,0.010669401579070837
11868,0.028256245707161724
11869,0.06261171237565577
11870,3.7687807103793604e-4
11871,0.008527491750428454
11872,0.004272387171513401
11873,0.14228012405335902
11874,0.016753470157273114
11875,0.10734395418316126
11876,0.014473234792239964
11877,0.006510130350943655
11878,0.0143594677047804
11879,0.027344766026362776
11880,0.002544732202659361
11881,0.009165299359010533
11882,0.9342262545228004
11883,0.009874253277666866
11884,0.007303470183396712
11885,0.0154873519949615
11886,0.004808561869431287
11887,6.319130019255681e-4
11888,9.734258242679061e-4
11889,0.36761999599635603
11890,0.15568309571594
11891,0.18534257439896465
11892,0.01882948407670483
11893,0.9550782161951065
11894,0.01685838825069368
11895,0.09098233693279326
11896,0.9578915470838547
11897,0.005883173024049029
11898,0.002553531311568804
11899,0.1454739510640502
11900,0.9722308379411697
11901,0.023068237230181695
11902,0.009340406054398044
11903,0.0186361302039586
11904,0.005696468195528723
11905,0.026786827938631175
11906,0.4477372209727764
11907,0.01862955331802368
11908,0.7656393539905548
11909,0.0047695590782677755
11910,0.038871129946783184
11911,0.005603941035224125
11912,0.010122964513720944
11913,0.004585791675490327
11914,0.0074542784981895234
11915,0.023713189160916956
11916,0.08155338454991579
11917,0.007748728065053001
11918,0.0100095006194897
11919,0.012155748757068067
11920,0.6274025835096836
11921,0.16269271545112132
11922,0.04025041147135198
11923,0.016528144504409283
11924,0.023188611138612033
11925,0.016416162669193
11926,0.06318291505798697
11927,0.049717530314810576
11928,0.027674113041721283
11929,0.02409274943638593
11930,0.13179156495258212
11931,0.0732026169449091
11932,0.03914068908430636
11933,6.010704421350965e-4
11934,0.00632758712337818
11935,0.2883231479674578
11936,0.08729233169928192
11937,0.9921582493185997
11938,0.003854517379659228
11939,0.7221292531490326
11940,0.17760127160698175
11941,0.022079195892438293
11942,0.01796788644278422
11943,0.1759123514778912
11944,0.014625332560390234
11945,0.0077438726846594365
11946,0.0014039837617019657
11947,0.0037957774434471503
11948,0.04876647491008043
11949,0.007938532028929331
11950,0.08982494692318141
11951,0.08694842129945755
11952,6.893604287324706e-4
11953,0.012908656240906567
11954,0.0026147203985601663
11955,0.010343535216525196
11956,0.003909856613609009
11957,0.0026147203985601663
11958,0.0017506806750316173
11959,0.0028037737257545813
11960,0.0172614779160358
11961,0.02153392231557518
11962,0.002685877698822878
11963,0.0035360391467111184
11964,0.06866331000812352
11965,0.006312723705777898
11966,0.0026147203985601663
11967,0.005410847024177201
11968,0.0026147203985601663
11969,0.0019309589579643216
11970,0.005114366846391931
11971,0.05944941761903465
11972,0.0068354537116829305
11973,0.0026147203985601663
11974,4.224476256786147e-4
11975,0.007474996552336961
11976,0.0026147203985601663
11977,0.0028037737257545813
11978,0.0024040145135950297
11979,0.0036029140115715562
11980,0.0026696221926249563
11981,0.02175173385301605
11982,0.0015973483168636449
11983,0.0015973483168636449
11984,0.007802215806441382
11985,5.497522773657693e-4
11986,9.088700794382021e-4
11987,0.003557542501366697
11988,0.003557542501366697
11989,0.009381051684031264
11990,0.0018427537442767062
11991,0.008868170303758234
11992,0.0038313336903229357
11993,0.0028591222033719534
11994,7.503636456385721e-4
11995,4.959083197172731e-4
11996,0.001505549512366997
11997,0.0018215773155679925
11998,0.002357461943756789
11999,0.013066218700259924
12000,5.597979536105413e-4
12001,0.001437783165165456
12002,6.925721971856547e-4
12003,0.0016850285843247547
12004,0.002357539039367111
12005,0.00149360781579162
12006,1.8404590646241558e-4
12007,9.390634852752555e-4
12008,0.003479220537119545
12009,0.0017945430253166706
12010,0.008347620396525599
12011,0.0011624177708290516
12012,0.05134698318317533
12013,0.01000406571663916
12014,0.0738865601271391
12015,0.002355477436794899
12016,0.00316092489665607
12017,0.009294955239165575
12018,0.0036128455610014497
12019,9.51465666439617e-4
12020,6.447007049428066e-4
12021,0.019330177213996647
12022,0.2224793777614832
12023,4.746542951033916e-4
12024,0.3210831559449434
12025,0.007840001864824444
12026,0.24434939447790385
12027,0.006724802550743334
12028,0.0032350613654125483
12029,0.004723023496335372
12030,0.01158559542382136
12031,0.005015617646276951
12032,0.8596242615580558
12033,0.02530296511016786
12034,0.06956640425138176
12035,6.004224308708217e-4
12036,0.00871430236264132
12037,0.0039819499448640275
12038,0.011272506236564369
12039,0.0064659077994292605
12040,0.005289394911960699
12041,0.029293752894736826
12042,0.010055722042452545
12043,0.0036183866127976216
12044,0.004639529220876284
12045,0.0023905888566514476
12046,0.01047522701905109
12047,0.005632648557657376
12048,0.060740578509867194
12049,0.00906007464393042
12050,0.007738777694175952
12051,0.0019493573036743327
12052,0.008896126097533852
12053,0.00571347922552377
12054,0.003159911803668365
12055,0.009377705234801397
12056,0.07678014638833702
12057,0.1533140106871724
12058,7.84563094493933e-4
12059,0.0016992038307944313
12060,0.02062754419632256
12061,0.004546904576709494
12062,0.1051158962212503
12063,0.090257947742939
12064,0.004734334695385769
12065,0.02124361878959462
12066,0.012718855510465801
12067,0.010543957855552434
12068,0.008877407718682662
12069,0.02149478420149535
12070,0.012297568225767464
12071,0.010702194271143526
12072,0.019138124231249096
12073,0.05576722538564354
12074,5.492920243705157e-4
12075,0.008766142992535607
12076,0.0062265926750842485
12077,0.03453528511803597
12078,0.008398227706784382
12079,0.024203283889219166
12080,0.024138692673295735
12081,0.028806038917973637
12082,0.009864278498571365
12083,0.04409698179922998
12084,0.009246100077871234
12085,0.013262724773958325
12086,0.03671931151300669
12087,0.12316964531317354
12088,9.35552530863788e-4
12089,0.005217125894851051
12090,6.826803709554951e-4
12091,0.007581393637228757
12092,0.0023611503548454493
12093,0.008224237365648151
12094,0.02634031849913299
12095,0.023965553757734598
12096,9.544879593886435e-4
12097,0.01899223055690527
12098,0.10762488801032305
12099,0.010171230289852246
12100,0.001095456599141471
12101,0.005316518767504021
12102,0.0031910432304721324
12103,0.1795326204225421
12104,0.014866399441380053
12105,3.628633259359049e-4
12106,0.0025243976607453077
12107,0.001061162307887571
12108,0.009488805355504155
12109,0.0023015065764775498
12110,0.00395266500650905
12111,0.0013758418105135207
12112,0.0010856494805193506
12113,0.001776450391189428
12114,8.986878296127543e-4
12115,0.0012532652853406035
12116,0.025375381293706596
12117,0.006180817115819082
12118,0.04971783352084458
12119,0.005442083805100992
12120,0.0024106297516846096
12121,0.027685309355147184
12122,0.0011443939644959756
12123,0.005680660799844191
12124,0.006365284448256716
12125,0.006161788918543607
12126,2.3069443421263713e-4
12127,8.813119863043539e-4
12128,0.0023440484167076645
12129,4.558852187619777e-4
12130,9.36031763048959e-4
12131,0.03431739321909845
12132,0.0038995074364356697
12133,0.0030921011028112845
12134,0.01661706017330289
12135,0.006161276791244745
12136,0.003312086895748507
12137,0.003022508012945764
12138,0.0010306425391172524
12139,0.009973061844939367
12140,0.016442190459929406
12141,0.001795769082964398
12142,0.004532173061161302
12143,0.008166983989649452
12144,0.0072691839793697
12145,0.001105114219681127
12146,0.00569088276126422
12147,0.012398366867564618
12148,5.279746478481684e-4
12149,0.0033868065610295163
12150,0.3269599062204361
12151,0.0038547974481480196
12152,0.02900894873542711
12153,0.02900894873542711
12154,0.008207685414236039
12155,0.0066428350075148045
12156,0.030991532010957598
12157,0.16514872044324874
12158,0.44805082388222217
12159,0.004658774134004489
12160,0.004142555374419317
12161,0.010617460909998044
12162,0.0047359880490694195
12163,0.010717855867696927
12164,0.0025618086956092157
12165,0.03060377290006727
12166,0.012105717544909567
12167,0.009224156191339716
12168,0.004192364169284701
12169,0.004192364169284701
12170,0.004192364169284701
12171,0.011263221253175288
12172,0.0010233259505184832
12173,0.007041555985342712
12174,0.025257407668977976
12175,0.03218338957056403
12176,0.03203616666607559
12177,0.011997839973773808
12178,0.006838597629684955
12179,0.00670769045711495
12180,0.01467701155692339
12181,0.009224156191339716
12182,0.009224156191339716
12183,0.11761355888098478
12184,0.022707847617566584
12185,0.02689698411151767
12186,0.010732096922583877
12187,0.007890104501275346
12188,0.014155090318527073
12189,0.007245726943947375
12190,0.07719503443688154
12191,0.00889545749174431
12192,0.00951997356605716
12193,0.130827097594738
12194,0.048246508054435255
12195,0.01494270670460537
12196,0.01494270670460537
12197,0.004507443143520504
12198,0.012319382396526635
12199,0.0014456990640610457
12200,0.0014456990640610457
12201,0.0014456990640610457
12202,0.0010521232715109364
12203,0.0014456990640610457
12204,0.0014456990640610457
12205,0.016312321359291674
12206,0.020424675713293254
12207,0.29179158352315426
12208,0.03305996849667281
12209,0.004734479454928078
12210,0.030395453786477445
12211,0.003948465791763738
12212,0.024484803322702645
12213,0.007326925392262638
12214,0.007592684327391908
12215,0.0067755821289028975
12216,0.006103899902664125
12217,0.005905276299454271
12218,0.005193743117852137
12219,0.004455959917395376
12220,0.016058941420633344
12221,0.03738799759186804
12222,0.013665959520731122
12223,0.00929593417677097
12224,0.007406499236822128
12225,0.007223953424254432
12226,0.011843715158756823
12227,0.006594220568658784
12228,0.06325096505694092
12229,0.009172754928003997
12230,0.002488132574653719
12231,0.018072099431883544
12232,0.02326500496827066
12233,0.014719631606712937
12234,0.028447294468060137
12235,0.1468285674788058
12236,0.005185935167828575
12237,0.13586241228505969
12238,0.006389936920022592
12239,0.014093094177078457
12240,0.02884090563515201
12241,0.02884090563515201
12242,0.004490914671914652
12243,0.0010063532427011523
12244,0.008505663520190864
12245,0.004037024913122878
12246,0.005680320920655504
12247,0.00393260357552208
12248,0.0035971729666925967
12249,0.10299306873232127
12250,0.0025402042880887164
12251,0.065641431203112
12252,0.0025402042880887164
12253,0.11024856958538294
12254,0.0025402042880887164
12255,0.01327117336448282
12256,0.18470014847815036
12257,0.007888968901825137
12258,0.03516117535997182
12259,0.0025402042880887164
12260,0.0025402042880887164
12261,0.0490652833878994
12262,0.0025884221389424057
12263,0.03399967941455543
12264,0.04271760012954474
12265,0.05258365728892386
12266,0.01325960885733366
12267,0.004045043947990053
12268,0.014186980437953025
12269,5.993880650930805e-4
12270,5.183940129063558e-4
12271,0.009234823375009001
12272,0.012992258765734732
12273,0.05817926230840385
12274,0.05817926230840385
12275,0.0860951023735106
12276,0.6161152160167694
12277,0.9625522527098656
12278,0.0012761790469812695
12279,0.03172069441992789
12280,0.03319395938888192
12281,0.003141751589719206
12282,0.003023548328492325
12283,0.007203891316894442
12284,9.465863544028252e-4
12285,0.018163293870165943
12286,0.011652408882509917
12287,0.011719767674803734
12288,0.0069904704764485355
12289,0.07483963092789053
12290,0.006405750891426578
12291,0.0013577230475493706
12292,0.001335313915333245
12293,0.003651081703719683
12294,0.001335313915333245
12295,0.001074918842932675
12296,0.001335313915333245
12297,0.001074918842932675
12298,0.001335313915333245
12299,0.0015741396063822322
12300,0.014725466310046613
12301,0.001335313915333245
12302,0.030425047939643263
12303,0.012802958420943469
12304,0.001488087879406521
12305,0.015763395421672613
12306,0.009544441289035603
12307,0.012753201308660209
12308,0.015976688015507536
12309,0.001074918842932675
12310,0.021906779776327313
12311,0.13718176446855068
12312,0.01924521875102073
12313,0.05133390883915126
12314,0.004123254946898669
12315,0.010337423315504565
12316,0.0029303415399044752
12317,0.0010344456836173777
12318,0.0020325206365669145
12319,0.06418333142064511
12320,0.3118426579236984
12321,0.00813800708623603
12322,0.012187327456194908
12323,0.005757770162308589
12324,0.0023697712025023067
12325,0.005355676759500057
12326,0.021897072999272495
12327,0.2780611664429307
12328,0.16251664232462645
12329,0.005050334528204985
12330,0.008429270116612314
12331,0.1127068697474897
12332,0.0222473550401628
12333,0.05230546979699284
12334,0.09242028746753932
12335,0.010328260038513691
12336,0.021580858351662756
12337,0.023504147336352615
12338,0.03167378081940114
12339,0.10917635703459382
12340,0.03383409144356847
12341,0.32594291754066945
12342,0.10203122744336725
12343,0.8258823525905609
12344,0.004113244325271808
12345,0.005097362999804318
12346,0.017671538591384886
12347,0.007176198101369664
12348,0.2407120079919696
12349,0.3344476193189621
12350,0.8114663580060005
12351,0.002061542734445538
12352,0.019789620945230128
12353,0.014918210717150942
12354,0.30052731662988663
12355,0.0024736101628514006
12356,0.01972202374599874
12357,0.0055781033425591885
12358,0.02628178636310622
12359,0.03221384284086525
12360,0.09237889153882861
12361,0.051570491027086975
12362,0.041534291738644244
12363,0.9321302178502083
12364,0.16496909402310847
12365,0.0124497164436616
12366,0.8503403353691101
12367,0.07092732975259423
12368,0.011927779417019337
12369,0.012005255408585071
12370,0.046716174138709904
12371,0.046942324582487344
12372,0.9846834176778794
12373,0.002422358072944917
12374,0.023864378053694964
12375,0.0045651240908773615
12376,0.11241328667849303
12377,0.021788548324257136
12378,0.046716174138709904
12379,0.003460937914205715
12380,0.18898628879338503
12381,0.027282821643166245
12382,0.0058640788710908965
12383,0.0011054557698662393
12384,0.7895653608441353
12385,0.034443133445456624
12386,0.010008353475714103
12387,0.029736212086863816
12388,0.005827058845898137
12389,0.01667463784571737
12390,0.0030609064607415347
12391,0.007491698953090236
12392,0.041362836323678494
12393,0.033808897235430777
12394,0.010469696434447541
12395,0.004545660730218515
12396,0.030297195091843605
12397,0.17183768097311258
12398,0.052446268745698035
12399,0.029720332454890013
12400,0.0183433545473963
12401,0.7212018808722496
12402,0.028503154646605255
12403,0.03681933318264782
12404,0.051852583880536256
12405,0.006472809320548549
12406,0.20749852284789086
12407,0.006131973938317969
12408,0.005114366846391931
12409,0.003976118947030045
12410,0.022995724519714714
12411,0.010668856657575816
12412,0.010607461944455282
12413,0.19607994459569456
12414,0.005382366196718067
12415,0.005382366196718067
12416,0.005382366196718067
12417,0.0018909077366697602
12418,0.0018909077366697602
12419,0.002595511653635185
12420,0.002169244519318454
12421,0.2976251708716154
12422,0.07333060566335917
12423,6.347341898072045e-4
12424,0.7734060794115066
12425,0.0038532101816963404
12426,7.792958604841261e-4
12427,3.0112713058770167e-4
12428,0.012713900234084577
12429,0.006007607396459207
12430,0.010947533971630037
12431,0.09581936452537775
12432,0.007315957362297922
12433,0.013351055652601645
12434,0.006517014648998156
12435,0.0028135510679567232
12436,0.7853781753778457
12437,0.023951024278067053
12438,0.012582899957196787
12439,0.5837746067345142
12440,0.09847367946058512
12441,0.018989364570006727
12442,0.007331095391418785
12443,0.00846310419612564
12444,0.010126854623667896
12445,0.006980129152652808
12446,0.007807222311384976
12447,0.020336785342078657
12448,0.006031720435712487
12449,0.007364434965420514
12450,0.009311073629651218
12451,0.021927577867172657
12452,0.4960035960376263
12453,0.008829868657048792
12454,0.38889424201101064
12455,0.6557922427356243
12456,0.1502102468907833
12457,0.07706773697864264
12458,0.01516301445197314
12459,0.0489924021717161
12460,0.011527339206077158
12461,0.03216831396799535
12462,0.006707457549637184
12463,9.94888563582208e-4
12464,0.0321799044450745
12465,0.013029853759799153
12466,0.027196527286432685
12467,0.03859486015513539
12468,0.005164585574530065
12469,0.004247473156428896
12470,0.03059625162743032
12471,0.004659193926490843
12472,4.368118777347263e-4
12473,4.368118777347263e-4
12474,0.12210873026400805
12475,0.026603101030923428
12476,0.009319391718599945
12477,0.003370834914967418
12478,0.00431657996668946
12479,0.009319391718599945
12480,0.0071840510820038615
12481,0.040164683223702015
12482,0.0026303036522585897
12483,7.04643165518064e-4
12484,0.039776840163394805
12485,0.006339637666242197
12486,0.006339637666242197
12487,0.00951554424362257
12488,0.038213797248899936
12489,0.001996108253079001
12490,0.024443300948478283
12491,0.015306103387847542
12492,0.03466499442234636
12493,0.0033007028320571406
12494,0.005591965090716257
12495,0.008987528530415147
12496,0.009663987111998722
12497,0.4035626032203436
12498,0.025449074804782867
12499,0.023311274375300853
12500,0.005773490893188864
12501,0.003091083616600372
12502,0.018808836087118835
12503,0.004896359834237956
12504,0.015221103474032134
12505,0.004896359834237956
12506,0.08370527256280184
12507,0.013538069946225733
12508,0.0010922509884403553
12509,0.029286544043570756
12510,0.04438632651232183
12511,0.041035307385027406
12512,0.007203544545918703
12513,0.0508709114883095
12514,0.004406911628320813
12515,0.005032491946476512
12516,0.004377507747849449
12517,0.11229687761515379
12518,0.027776032900437713
12519,0.0014545897612697446
12520,0.005929963085800409
12521,0.009932139192242175
12522,0.0031147648754995317
12523,0.023652372860815375
12524,0.1889201867952943
12525,0.04089337374083698
12526,0.14444396656006575
12527,0.11425653820857405
12528,0.29509517781436445
12529,0.0020806417969288305
12530,0.030102390153333543
12531,0.005075351020786911
12532,0.03285683387424797
12533,0.004240824537700974
12534,0.016952485425863414
12535,0.002071528304077219
12536,0.002071528304077219
12537,0.003352482370682992
12538,0.002071528304077219
12539,0.020506186038255693
12540,0.002071528304077219
12541,0.002071528304077219
12542,0.002071528304077219
12543,0.01787576685543172
12544,0.006047780194785446
12545,0.0013801856194913852
12546,0.04147915555164218
12547,0.002071528304077219
12548,0.002071528304077219
12549,0.006047780194785446
12550,0.002071528304077219
12551,0.002071528304077219
12552,0.006047780194785446
12553,0.002071528304077219
12554,0.002553604134591296
12555,0.002071528304077219
12556,0.002071528304077219
12557,0.002071528304077219
12558,0.003927680308115669
12559,0.004108066422631964
12560,0.001926497785607353
12561,0.002071528304077219
12562,0.0014226392617274542
12563,0.002071528304077219
12564,0.0024633121115039103
12565,0.009947939426638186
12566,0.012308149834861979
12567,0.0015108721939031966
12568,0.002393663315451704
12569,8.885393435775768e-4
12570,0.027740415278822185
12571,0.04792343585751951
12572,0.09902967726811766
12573,0.018406401036772876
12574,0.054723009578883645
12575,0.0029193746449891478
12576,0.021544631812721492
12577,0.03804596265312284
12578,0.03804596265312284
12579,0.7375855726003647
12580,0.01253972490085289
12581,0.05621717083267867
12582,0.4595670735836029
12583,0.012601841790601611
12584,0.00153263941523619
12585,0.0017855771709582768
12586,0.008951229741796851
12587,0.009194797341478989
12588,0.0360767962411046
12589,0.003320640390156768
12590,0.005656407471979037
12591,0.124391814712435
12592,0.9849840879440308
12593,0.010758461209479719
12594,0.003708761403686367
12595,0.0023899044177960603
12596,0.006833024518564343
12597,0.40326856274157763
12598,0.15670820502564312
12599,0.01779752961359918
12600,0.005769730120664463
12601,0.004459867527475581
12602,0.002996549278614111
12603,0.014120444774162024
12604,0.9722695723176003
12605,0.5945382963120938
12606,0.01445820665336214
12607,0.07722427038475871
12608,5.960510305158095e-4
12609,0.013161886436864733
12610,6.521014076133724e-4
12611,6.521014076133724e-4
12612,0.03476855269633233
12613,0.3477175296843052
12614,0.020475861256709322
12615,0.025710476646199822
12616,0.007672269960748963
12617,7.466137079609325e-4
12618,0.0012755199008097407
12619,0.0012755199008097407
12620,0.0012755199008097407
12621,0.0030396693118382246
12622,0.0012755199008097407
12623,0.0030396693118382246
12624,0.0030396693118382246
12625,0.0011368016099731904
12626,0.0029258466558530925
12627,9.483007255767006e-4
12628,0.004417387727298774
12629,0.005844456083141267
12630,0.0030396693118382246
12631,0.003901536238845438
12632,0.003901536238845438
12633,0.00821246045641601
12634,0.7480879969894886
12635,0.00404219955962617
12636,0.002386690663988702
12637,0.0031422829028451816
12638,0.5676762932538986
12639,0.9440153831243515
12640,0.06688892815262079
12641,0.029596840268932282
12642,0.057239935770630836
12643,0.10457996370270849
12644,0.004962448985897936
12645,0.2308502182364464
12646,1.9214042058592895e-4
12647,4.6989529437269084e-4
12648,0.08106171818450093
12649,8.713438620907254e-4
12650,0.013358632107265294
12651,0.036221268149092795
12652,0.0061394800641573965
12653,8.713438620907254e-4
12654,0.00802176172262989
12655,0.021291298801079394
12656,0.006930314851924777
12657,0.009305326619651168
12658,0.6763926553726196
12659,0.001108511661295779
12660,0.02586373668629676
12661,0.0419805374648422
12662,0.03459085885435343
12663,0.004110059418017045
12664,0.001011684024852002
12665,0.001165500416100258
12666,0.00760369100025855
12667,0.001165500416100258
12668,0.001165500416100258
12669,0.0010694535472430288
12670,0.001165500416100258
12671,0.002215121561603155
12672,0.01636473782360554
12673,0.025674917660653593
12674,0.08691147342324257
12675,0.011929464901331812
12676,0.005622301006806083
12677,9.621180230169557e-4
12678,0.010892598119098693
12679,0.04426593485288322
12680,0.011606701775453985
12681,0.0216589481360279
12682,0.01196004651254043
12683,0.009859931552782655
12684,0.017642555185593666
12685,0.017642555185593666
12686,0.006897651435574517
12687,0.051945720175281165
12688,0.001484988579468336
12689,0.03662826696177945
12690,0.03891905886121094
12691,0.19859025854617357
12692,0.03894919500220567
12693,0.012393903438933193
12694,0.0032452238455880434
12695,0.0024625326332170516
12696,0.0024625326332170516
12697,0.00113910764848697
12698,0.01301207035779953
12699,0.8277894550561905
12700,0.11668744361028076
12701,0.005228888661367819
12702,0.016154941588174553
12703,0.012991154459305107
12704,0.042980866655707356
12705,0.007458164999261499
12706,0.0028710894251707943
12707,0.9782051181793213
12708,0.010037403253372759
12709,7.968431153858546e-4
12710,0.9046625593304634
12711,0.01566252187360078
12712,0.07163644649088383
12713,0.048060207050293687
12714,0.010521727304439992
12715,0.08330746538937092
12716,0.005107152813579887
12717,0.0017237103532534092
12718,8.567199403478298e-4
12719,0.83191869109869
12720,0.017922775489278137
12721,0.006223386576166377
12722,0.09611816063523293
12723,0.0182125250576064
12724,6.846011737070512e-4
12725,0.7244198176264763
12726,0.04044495015405118
12727,0.015689146206714213
12728,6.846011737070512e-4
12729,0.04045202050358057
12730,0.002847003363422118
12731,0.26999050613492726
12732,0.018862361698411406
12733,6.846011737070512e-4
12734,0.015689146206714213
12735,0.006122238368261606
12736,6.846011737070512e-4
12737,6.846011737070512e-4
12738,0.20206439960747957
12739,0.010063563440926373
12740,0.11759087909013033
12741,0.03348990518134087
12742,0.003785262824385427
12743,0.05005903569050133
12744,0.043773605125024914
12745,0.022339010303840043
12746,0.03353162356652319
12747,0.003752401387318969
12748,0.009834241380449384
12749,0.0015231799507455434
12750,0.9386962208151818
12751,0.03453490747138858
12752,0.0032090918417088687
12753,0.018786685727536678
12754,0.013643256819341332
12755,0.014366849174257368
12756,0.6016343034803867
12757,0.014366849174257368
12758,0.008893995701801032
12759,0.0032090918417088687
12760,0.0032090918417088687
12761,0.012834774906514213
12762,0.21581571888178586
12763,0.02663048003334552
12764,0.020170655651018023
12765,0.018574113682843743
12766,0.007119290473638102
12767,0.009964081775397062
12768,0.004982340101851151
12769,0.0069843988947104665
12770,0.0851903561130166
12771,0.010244171808008105
12772,0.05327529461123049
12773,0.053139874916523694
12774,0.011210799545515328
12775,0.046098886989057064
12776,0.01755857290700078
12777,0.04295951779931784
12778,0.0075977853895165025
12779,0.013979325778782367
12780,0.003334403287153691
12781,0.730066686719656
12782,0.022856216919608416
12783,0.012618417860940099
12784,0.02382296878378838
12785,0.027324210964143277
12786,0.014072369805071504
12787,0.026824334347620608
12788,0.012793651523534209
12789,0.004939472366822883
12790,0.003902964837034233
12791,0.004570170236402191
12792,0.003902964837034233
12793,0.0049853412469383325
12794,0.022013627411797642
12795,0.005731143691809848
12796,0.0033850572124356406
12797,0.0013266421580919996
12798,0.0013266421580919996
12799,0.017947909883223475
12800,0.004501359182177112
12801,0.001088108160329284
12802,0.5050156413018704
12803,0.00279742318962235
12804,0.0161433470249176
12805,0.0161433470249176
12806,0.010866776236798614
12807,0.015413871742784977
12808,0.03189772023819387
12809,0.007973770743701607
12810,0.12833431582897903
12811,0.003927221025805921
12812,0.007192189138149843
12813,0.020205668102717025
12814,3.588446979119908e-4
12815,5.68891189104761e-4
12816,0.014780693775974215
12817,0.04353359850123525
12818,0.00900681791943498
12819,0.07846252122893929
12820,0.01880447197239846
12821,0.003917073765769601
12822,0.061335811484605075
12823,0.018480059364810585
12824,0.4116026210039854
12825,0.05968187671154737
12826,0.015149266871158034
12827,0.1456464495137334
12828,0.003934837740962394
12829,0.03738588343374431
12830,0.004847718075034209
12831,0.00401526003901381
12832,0.014659031932242215
12833,0.05574488757178187
12834,0.313187977001071
12835,0.007982272212393582
12836,0.01894662108272314
12837,0.2920580181106925
12838,0.037663817019201816
12839,0.02968431342858821
12840,0.9677231299877167
12841,0.02389018127229065
12842,0.006267675255658105
12843,0.002347822278388776
12844,0.016480508511886
12845,0.00904662095126696
12846,0.8613858166337013
12847,0.11073593908920884
12848,0.9651726794242859
12849,0.010005094010848552
12850,0.9769137012958526
12851,0.011211820109747351
12852,0.021599358622916044
12853,0.32848008010536434
12854,0.22799445141106844
12855,0.031218648296780883
12856,0.06875805188901722
12857,0.012384148135315626
12858,0.0021134930799598804
12859,0.032792662982828916
12860,0.002896435398142785
12861,0.010481004824396224
12862,0.0011769237501721363
12863,0.002896435398142785
12864,0.002703329755458981
12865,0.9810148286819458
12866,0.02842618801165372
12867,0.030325258052907884
12868,0.017111100230831653
12869,0.021459200102835894
12870,0.11487735468894243
12871,0.14355872169137002
12872,0.02572749007027596
12873,0.055575704565271736
12874,0.02552301195450127
12875,0.023080981760285793
12876,0.052793440083041786
12877,0.008366982821607962
12878,0.002189113854255993
12879,0.013226774211507291
12880,0.02714015345554799
12881,0.018091091816313565
12882,0.017724872287362813
12883,0.017724872287362813
12884,0.02714015345554799
12885,0.03771257898770273
12886,0.15607708958908917
12887,0.2904112017527223
12888,0.043300469894893466
12889,0.002402779026015196
12890,0.034487178176641466
12891,0.3437107500433922
12892,0.08074364325031638
12893,3.571975751037826e-4
12894,6.347048309544334e-4
12895,2.502754512534011e-4
12896,6.347048309544334e-4
12897,0.006101083303801716
12898,0.10771790744736791
12899,0.00918003313941881
12900,0.005259071370237507
12901,0.7567698231339455
12902,0.47104132883250716
12903,0.008319937196793034
12904,0.023903021726291628
12905,0.03600576223805547
12906,0.005888958410359919
12907,0.005548398242681287
12908,0.023006320698186755
12909,0.016730743534862993
12910,0.134230348020792
12911,0.025730255348607897
12912,0.03450941916555166
12913,0.008273847906384618
12914,0.017024004212580622
12915,0.00647924542427063
12916,0.019248736693989486
12917,0.003730826577520929
12918,0.041048517441377046
12919,0.8023828858137131
12920,0.0034737697610398755
12921,0.044275243170559406
12922,0.010397093405481428
12923,0.023903021726291628
12924,0.008135641666594893
12925,0.04356306292116642
12926,0.004396171816042624
12927,0.008852548943832517
12928,0.0064356070791836825
12929,0.013146207961253821
12930,0.002179846865037689
12931,7.163872718228959e-4
12932,0.025495936372317375
12933,0.010196958910673857
12934,0.012722940808162093
12935,0.01814603854669258
12936,9.826382338360418e-4
12937,7.163872718228959e-4
12938,9.826382338360418e-4
12939,9.826382338360418e-4
12940,0.08322950548492372
12941,0.034745932635851205
12942,0.9826648598909378
12943,0.0849914867989719
12944,0.00541240241844207
12945,0.040909027056768535
12946,0.8084733274579048
12947,0.9458763304352761
12948,0.10201656196266412
12949,0.0024738211206567938
12950,0.0012844291630608495
12951,0.05569219646975398
12952,0.06025648348964751
12953,0.011086831140564754
12954,0.1444881456717849
12955,0.005467567497398704
12956,0.00282186868309509
12957,0.0055822623602580276
12958,0.027175568281672894
12959,0.04584168070927262
12960,0.046797961182892325
12961,0.03033706085756421
12962,5.190363067958969e-4
12963,0.0014691005981876514
12964,0.03637554270680994
12965,0.017307054346892982
12966,0.0014691005981876514
12967,0.01841651561902836
12968,0.0020661197968001943
12969,0.08739613274112344
12970,0.007272987613687292
12971,0.009369459957815707
12972,0.8171694687008858
12973,0.026077296929433943
12974,0.045351442182436585
12975,0.025649537509307267
12976,0.1753990875557065
12977,8.662284493038897e-4
12978,8.662284493038897e-4
12979,5.707337689818815e-4
12980,0.023695404301397504
12981,0.0012956844344444106
12982,0.046181231243535875
12983,3.266131378040882e-4
12984,0.006123024307889864
12985,3.266131378040882e-4
12986,0.0012956844344444106
12987,0.0012956844344444106
12988,0.0012956844344444106
12989,0.0013008897412510123
12990,0.03499043047893793
12991,0.11458854522556067
12992,0.022412441088818014
12993,0.29743865251541135
12994,0.014114204493816942
12995,0.0224644292332232
12996,0.0481232625246048
12997,0.03428222949616611
12998,0.9719286444783211
12999,0.03428222949616611
13000,0.9212295180559158
13001,0.12767698276787998
13002,0.004716194435022771
13003,9.82043711701408e-4
13004,0.015289315306581557
13005,0.03377176921349019
13006,0.009783230223692953
13007,0.11242742789909244
13008,0.13803223643451928
13009,0.005294532000552863
13010,0.004885700442828238
13011,0.007916172796394677
13012,0.004878546936088242
13013,0.009299372485838831
13014,0.13240983746945859
13015,0.006806493667536415
13016,0.03561362658627331
13017,0.006401863163337112
13018,0.6600293035805226
13019,0.006968629411421717
13020,0.006388462892500684
13021,0.028961860148701817
13022,0.006496561240055598
13023,0.028961860148701817
13024,0.0025408554665045813
13025,0.0025408554665045813
13026,7.67421175551135e-4
13027,0.03309428955428302
13028,0.06071522404439747
13029,0.0045335126772988584
13030,0.012108448258368298
13031,0.015239742312114685
13032,0.003096839173522312
13033,0.028160763219930232
13034,0.005892514261358883
13035,0.023575180848129092
13036,0.003148839205969125
13037,0.15116919660940767
13038,0.07539346821140498
13039,0.005858910797978751
13040,0.08677025811746716
13041,0.004394987759878859
13042,0.29620043121278283
13043,0.024298767875880003
13044,0.02980005456134677
13045,0.0041642591124400495
13046,0.006800013588508591
13047,0.020583692565560342
13048,0.006800013588508591
13049,0.024019886273890734
13050,0.006800013588508591
13051,0.006800013588508591
13052,8.860385067237075e-4
13053,7.521643656946253e-4
13054,0.9321180659532547
13055,0.0045440845569828525
13056,0.0025887036515632646
13057,0.0025887036515632646
13058,0.0025887036515632646
13059,0.0025887036515632646
13060,0.001281424169719685
13061,0.0025887036515632646
13062,0.0025887036515632646
13063,0.04422305950894952
13064,0.02400529368314892
13065,0.0323098072456196
13066,0.021184811191633342
13067,0.06747278094291687
13068,0.06747278094291687
13069,0.009552360128145665
13070,0.006370737884426489
13071,0.019445629480760545
13072,0.10038695080205798
13073,0.0704205871373415
13074,0.010770253147929907
13075,0.001145312456501415
13076,0.24921087741851808
13077,0.0013759607865358704
13078,0.8681934887170791
13079,0.020150429606437682
13080,0.0013759607865358704
13081,0.027424350273795427
13082,0.08252581989392638
13083,0.0029720333410659804
13084,0.006233555753715337
13085,0.0020759316615294667
13086,0.012192439357750117
13087,0.007900685453787446
13088,0.014473066877108066
13089,0.003355648503638804
13090,0.011112970875110477
13091,0.019122877398040146
13092,0.019122877398040146
13093,0.017000733530148863
13094,0.017000733530148863
13095,0.03657454612664878
13096,0.004429975332459435
13097,0.05100621501915157
13098,0.002581789091345854
13099,0.00799607855733484
13100,0.018901175709906966
13101,0.0031116637773811818
13102,0.004463847813894972
13103,0.006618995778262615
13104,0.006618995778262615
13105,0.003399531550821848
13106,0.013690385150257499
13107,0.042803040673024956
13108,0.029562153443694113
13109,0.01012827998958528
13110,0.006514583817915991
13111,9.934817671455676e-4
13112,0.011668942742981017
13113,0.0015082448239263613
13114,0.004496525565045885
13115,0.014375811165664346
13116,0.008170612185494974
13117,0.0019836353987921027
13118,0.03011120555922389
13119,0.0027859973956947215
13120,0.003498947687621694
13121,0.015665712719783186
13122,0.002624514530762099
13123,0.002011421452043578
13124,0.007400994473136961
13125,0.0034231090708635747
13126,0.002931105853349436
13127,0.0024280413216911257
13128,0.011152736833319068
13129,0.04042691146954894
13130,0.026627807519398628
13131,0.026627807519398628
13132,0.002214444123674184
13133,0.0072831279027741405
13134,0.03155974271707237
13135,0.0012618891477177386
13136,0.002555932746035978
13137,0.004589642724022269
13138,0.0036377819621702654
13139,0.005238611592212692
13140,0.0951073433086276
13141,0.02312108950689435
13142,0.009527894377242774
13143,0.006493605234427377
13144,0.06068768348544836
13145,0.001800771059206454
13146,0.8252842232584954
13147,0.002214444123674184
13148,0.0038717677316162736
13149,0.0019704941552481613
13150,0.010734918669331819
13151,0.0059202246915083375
13152,0.01901239809812978
13153,0.07668291258625687
13154,0.0055952764686662704
13155,0.09422772316262126
13156,0.007192850579740479
13157,0.008598502394743263
13158,0.03526797963306308
13159,0.008152117271674798
13160,0.002207148114248412
13161,0.0010966163645207416
13162,0.0029095671081449835
13163,0.0017060236042016185
13164,0.005373218635795638
13165,0.0028889653700753114
13166,0.0020535999033018015
13167,0.006225650779088028
13168,0.0012896500906936126
13169,0.001858770006656414
13170,0.008810942417476327
13171,0.016001806175336242
13172,0.0054296282283030455
13173,0.002476807573402766
13174,0.004895990528748371
13175,7.121719291899353e-4
13176,0.0020803888724185526
13177,7.121719291899353e-4
13178,0.005606748324935324
13179,0.0055722816940397026
13180,0.010770155368372798
13181,0.018417150373570623
13182,0.0024298718382488003
13183,0.0045625944348284975
13184,0.0036595492745982484
13185,0.006915572467260062
13186,0.0021980110739241356
13187,0.011871832837350667
13188,0.004365052508655935
13189,0.004365052508655935
13190,0.0028304347686935218
13191,0.004365052508655935
13192,0.004365052508655935
13193,0.019923737575300037
13194,0.05534792699851096
13195,0.010338624496362171
13196,0.0038461370527511462
13197,0.008879759784322231
13198,0.014302980282809585
13199,0.0014350013212242629
13200,0.008878287288825958
13201,0.0018603327148593962
13202,0.05584073373116553
13203,0.02136458663735539
13204,0.13703441163524985
13205,0.007732898003887385
13206,0.008140382391866296
13207,0.002108349076588638
13208,0.0036625953775364906
13209,0.002108349076588638
13210,0.002108349076588638
13211,0.034874059492722154
13212,0.018211902163457125
13213,0.003091572509147227
13214,0.09439140398055315
13215,0.016548749611247332
13216,0.005566162217292003
13217,0.036235818583518264
13218,0.013136822620872408
13219,0.05710812243632972
13220,0.002331882072321605
13221,0.004327190675539896
13222,0.01693989603081718
13223,0.020060326857492327
13224,0.015273603482637555
13225,0.02830890871118754
13226,0.017410286418162287
13227,0.010532355871982873
13228,0.026391023765318097
13229,0.00881994645576924
13230,0.0033217956020962446
13231,0.021038507139310242
13232,0.016907176822423934
13233,0.0027584087863215243
13234,0.03713652351871133
13235,0.9216128745675087
13236,0.08511920798569918
13237,0.003152958690770902
13238,0.041428168369457126
13239,7.039677602006122e-4
13240,0.0012658327896497212
13241,0.010944724627770484
13242,0.09851050166413187
13243,0.0021340138494269924
13244,0.0023969062863034196
13245,0.0043093829398276285
13246,0.266299217492342
13247,0.6761086562275886
13248,0.07633127981796861
13249,0.03649753777775913
13250,0.025560983465984465
13251,0.0016241898728185334
13252,0.042487936969846485
13253,0.0015293058985844255
13254,0.0032454919171868825
13255,0.0014847502495103982
13256,0.013051727986894548
13257,0.20971927627921105
13258,0.017757439315319062
13259,0.003303924138308503
13260,0.0016328305154456758
13261,0.0015293058985844255
13262,0.016930003375746308
13263,0.027408098336309195
13264,0.003170947888866067
13265,0.013556590243242682
13266,0.022761896159499882
13267,0.019873151895590125
13268,0.003170947888866067
13269,0.0035359266685554757
13270,0.0033008255856111644
13271,0.024328612335957588
13272,0.003768327223369852
13273,0.020658688549883664
13274,0.002065524398640264
13275,0.002065524398640264
13276,0.002065524398640264
13277,0.060109953386709096
13278,0.003228275807341561
13279,0.006646637284429744
13280,0.006646637284429744
13281,0.006646637284429744
13282,0.006646637284429744
13283,0.006646637284429744
13284,0.00098755225772038111
13285,0.00098755225772038111
13286,0.00098755225772038111
13287,0.05443751688115299
13288,0.03309791494393721
13289,0.015193246719427407
13290,0.798256756067276
13291,0.0014444526076840703
13292,4.0395059455477166e-4
13293,2.0618916365492624e-4
13294,0.062242281222715974
13295,0.03304598525166511
13296,0.015520930194761605
13297,0.061087944498285654
13298,0.0010725871245085728
13299,0.00145652196748415
13300,0.014467787682078778
13301,8.319159224629403e-4
13302,0.0017277475231094286
13303,9.253374725813046e-4
13304,9.87591619923478e-4
13305,0.017183294577989727
13306,0.001593236040789634
13307,0.0016458641685312613
13308,0.0020401864814630242
13309,0.0442711391672492
13310,0.013755730343982578
13311,0.02370806401129812
13312,0.015642174005042763
13313,0.004797321557998657
13314,0.07468520998023451
13315,8.52659870433854e-4
13316,0.0025156636981409973
13317,0.0010295383013726677
13318,0.008918462209403516
13319,0.034275971855968236
13320,0.018337012119591236
13321,0.04767269764095545
13322,0.021917864982970058
13323,0.044037408651784064
13324,6.737896148842992e-4
13325,0.011106833026278764
13326,0.006171450011897832
13327,0.02304514508228749
13328,0.06543820097111165
13329,0.0179466759134084
13330,0.012327337751630694
13331,0.007742773498175665
13332,0.021148470458574594
13333,0.19103380952030422
13334,0.004076054169563577
13335,0.0010946614084241446
13336,0.059543850757181646
13337,0.5709956501424313
13338,7.581415217282483e-4
13339,0.001531278158945497
13340,0.058088346105068925
13341,0.019929521256126462
13342,0.03781321951188147
13343,0.0011036678974778624
13344,9.894943663675804e-4
13345,0.0014709754748037085
13346,0.0020860396228090396
13347,0.013299168649828061
13348,0.012992394325556234
13349,0.16672346379607916
13350,0.0012484264488739428
13351,2.1333036875148537e-4
13352,5.360882885725004e-4
13353,6.254969487054041e-4
13354,2.1333036875148537e-4
13355,4.868899752909783e-4
13356,5.360882885725004e-4
13357,0.0012484264488739428
13358,0.0012484264488739428
13359,0.00767591446172446
13360,0.0024169313089805657
13361,0.015341791699174791
13362,0.04497545669786632
13363,0.002167547676945105
13364,0.01561873019207269
13365,0.01561873019207269
13366,0.06377538146451116
13367,0.05832032426260412
13368,0.03580964329652488
13369,0.009304975545965134
13370,0.009304975545965134
13371,0.008921648184768856
13372,0.005431862549157813
13373,0.008122415245743468
13374,7.889769699249882e-4
13375,2.1753167202405167e-4
13376,7.889769699249882e-4
13377,2.1753167202405167e-4
13378,5.645937954250257e-4
13379,1.9299962044897257e-4
13380,0.023371537001803517
13381,0.023371537001803517
13382,1.9299962044897257e-4
13383,2.1753167202405167e-4
13384,0.31293176136910916
13385,0.0018744820120627991
13386,0.055113855274394156
13387,0.02651176752522588
13388,0.018452467368915676
13389,0.00674603168736212
13390,0.003930599380109925
13391,0.003609179572376888
13392,0.0031799596920609476
13393,0.016663150328677146
13394,0.0031799596920609476
13395,0.0011890867984038777
13396,0.0011890867984038777
13397,0.0011890867984038777
13398,0.08031584999524057
13399,0.0011890867984038777
13400,0.03817394435871393
13401,0.03651440558489412
13402,0.028322971407324076
13403,0.002735417564981617
13404,0.06566902443766594
13405,0.006796135096810758
13406,0.0011890867984038777
13407,0.022914046002551914
13408,0.008073580279015004
13409,0.008423830738756806
13410,0.00846813949290663
13411,0.022914046002551914
13412,0.04547138790600002
13413,0.0011890867984038777
13414,0.004514571299660019
13415,0.0016999035840854048
13416,0.003138412639964372
13417,0.00205368820898002
13418,0.0033420650361222215
13419,0.0025777356218895874
13420,0.003494417074834928
13421,0.005282272698241286
13422,8.643549562839326e-4
13423,0.0014703814004315063
13424,0.0464937635185197
13425,0.028175980295054616
13426,0.013877540682442487
13427,0.002035892744752346
13428,0.009535785639891402
13429,0.018319622371345757
13430,0.06525759150274098
13431,0.007965678714681417
13432,0.013819595747627318
13433,0.007679431054275483
13434,0.00935035465634428
13435,0.0037219246855238453
13436,0.004065570569364354
13437,0.06738193456083535
13438,0.030955343800596894
13439,0.01809965493157506
13440,2.806490007424145e-4
13441,0.028020779993385078
13442,0.001152341467968654
13443,0.012225038608303294
13444,0.003050330083351582
13445,0.0028956014424329625
13446,0.0022281362031935713
13447,0.001152341467968654
13448,0.026646862952038646
13449,6.923159991856665e-4
13450,0.002770501290797256
13451,0.005914036588510498
13452,0.02683909554500133
13453,0.02135257997084409
13454,0.015104394608642905
13455,0.0011137905171199236
13456,2.793260473481496e-4
13457,0.003352072535199113
13458,0.0017158206267049536
13459,0.003352072535199113
13460,2.793260473481496e-4
13461,5.944742106657941e-4
13462,2.793260473481496e-4
13463,5.447518383880378e-4
13464,0.00787452548625879
13465,0.0017158206267049536
13466,0.0022537396382540462
13467,0.0017158206267049536
13468,0.014225618683267384
13469,0.0011025414436880965
13470,0.008834981095278636
13471,0.016981237488798796
13472,0.0031771446584025398
13473,0.0019226212099601981
13474,0.0019226212099601981
13475,0.0038315346627496184
13476,0.002989961280836724
13477,0.001191498436528491
13478,0.001700775754870847
13479,0.03846981370355934
13480,0.5227016821503639
13481,0.023477344023995102
13482,0.008838448411552235
13483,0.00264371422061231
13484,0.02341787043493241
13485,0.011241476841969416
13486,0.003953818430891261
13487,0.022025664458051323
13488,0.052529629599303004
13489,0.01415776923764497
13490,0.7351446884870529
13491,0.026374143469147383
13492,0.01689218433573842
13493,0.5979076465964317
13494,0.00677568631595932
13495,0.012243455026764423
13496,0.012744036843068898
13497,0.0174150039232336
13498,0.1353022198751569
13499,0.925007836818695
13500,0.05091828108299524
13501,0.4142518253624439
13502,0.0011820392546360381
13503,0.003692027664510533
13504,0.0011820392546360381
13505,0.005171023877337575
13506,3.3298399204795715e-4
13507,3.3298399204795715e-4
13508,0.00657250256743282
13509,0.00657250256743282
13510,0.01575219669146463
13511,0.01575219669146463
13512,0.042407894134521486
13513,0.07888942677527666
13514,0.037948629860766234
13515,0.0332303134445101
13516,0.18632493127137423
13517,0.012270789721515029
13518,0.7132527413964271
13519,0.003695433491084259
13520,0.07196279743686318
13521,0.004094154563499614
13522,0.0027302304466138593
13523,0.013950608163140714
13524,0.012634712525177748
13525,0.06668090724386275
13526,0.00297697883710498
13527,0.014329012201633304
13528,0.00438892632140778
13529,0.03857519639190286
13530,0.9813914304971695
13531,0.005092138648615218
13532,0.0576724261790514
13533,0.023317956584505736
13534,0.003726769400527701
13535,0.7042429526150227
13536,0.002711441992141772
13537,7.047029053501319e-4
13538,0.002225774695689324
13539,7.047029053501319e-4
13540,0.00267995553673245
13541,6.440912522521103e-4
13542,7.047029053501319e-4
13543,0.005362253289204091
13544,0.0017978624388342724
13545,0.0241792668774724
13546,0.0038601161597762255
13547,0.0022063152090413497
13548,0.0010617397025635001
13549,0.1495046916231513
13550,5.734376930922736e-4
13551,0.004706492295954376
13552,0.0065631126251537355
13553,0.004175284480443225
13554,0.0010299710523395333
13555,0.0036915589252021165
13556,0.0011634616066294257
13557,6.231930074136471e-4
13558,0.03220065523870289
13559,0.007688865975942463
13560,0.0035869838489452376
13561,0.8832850432395936
13562,0.0012256468790292274
13563,0.02130369613878429
13564,0.0012256468790292274
13565,0.0014946077145577873
13566,6.717440281499876e-4
13567,0.004529846438090317
13568,0.004833645990001969
13569,0.006248048084089532
13570,0.011452870457433165
13571,0.05174913495779038
13572,0.1072058605030179
13573,0.020840672198683022
13574,0.9563909646868706
13575,0.09538811231032014
13576,0.030802970537915825
13577,0.21675504323095082
13578,0.012000379429664462
13579,0.021826569652184845
13580,0.0020959317733650097
13581,0.03595364650711417
13582,0.011199516814667732
13583,0.004664943371899426
13584,0.011003105256240814
13585,0.00509386292193085
13586,0.09133207991719246
13587,0.010931927843485028
13588,0.005817030703183263
13589,0.023590559968724847
13590,0.008652233693283051
13591,0.029041598015464843
13592,0.0036089429241837933
13593,0.005462989860097878
13594,0.007245489107444883
13595,0.007987628623959608
13596,0.01645685683004558
13597,0.021826569652184845
13598,0.026916601592674852
13599,0.0022831358658731917
13600,0.005072082607075572
13601,0.2105438147112727
13602,0.03719056511297822
13603,0.007325177535531111
13604,0.44924364395439625
13605,0.18082782566547395
13606,0.02531282852869481
13607,0.0031421619222965092
13608,0.0193999165087007
13609,0.9498992383480072
13610,0.022607488771900535
13611,0.024024260272271933
13612,0.020630363021045924
13613,0.0016789909487124532
13614,0.0020437830698210747
13615,0.025194395729340614
13616,0.0020437830698210747
13617,0.0020437830698210747
13618,0.0171857401705347
13619,0.012587441928917541
13620,0.021075549926608803
13621,0.0020437830698210747
13622,0.04316354381851852
13623,0.027993122255429624
13624,0.005932266834424809
13625,0.03070588266476989
13626,0.04923874856904149
13627,0.0032550792445545083
13628,0.007875904003740289
13629,0.017312347954139114
13630,0.03329679666087031
13631,0.04276534697040915
13632,0.006700218248879537
13633,0.07256568516604603
13634,0.22726374018937348
13635,0.0024916575488168747
13636,0.006285119875101373
13637,0.002703922656364739
13638,0.001745653740654234
13639,0.002703922656364739
13640,9.706240797822829e-4
13641,0.010563968133646994
13642,0.022042938503436745
13643,0.006700218248879537
13644,0.0011921184351376722
13645,0.9485264512896537
13646,0.13792214762419464
13647,0.004948971016565338
13648,0.016633898979052902
13649,0.003181880252668634
13650,0.003181880252668634
13651,0.009110502684488892
13652,0.003387618224078324
13653,0.04593920111656189
13654,0.02094885918777436
13655,0.005196259083459154
13656,0.03104894676245749
13657,0.008164298504125327
13658,0.06595548437908291
13659,0.00851225380320102
13660,0.08184165061451494
13661,0.010593400094658137
13662,0.0010791433404665441
13663,0.010593400094658137
13664,0.00851225380320102
13665,0.009026178311323747
13666,0.04639105283655226
13667,0.010593400094658137
13668,0.11457190116867423
13669,8.1269822185277e-4
13670,0.039008311093784866
13671,0.0013677185121923686
13672,0.007216549600125291
13673,8.419207682891283e-4
13674,0.0022761337057454513
13675,0.03582659463630989
13676,8.419207682891283e-4
13677,3.2156063003640155e-4
13678,0.02454633632209152
13679,0.9809022244811058
13680,0.004773610573029146
13681,0.04133795596659184
13682,0.002185340524883941
13683,0.06972600666806102
13684,0.0695540305133909
13685,8.819254300033208e-4
13686,0.0014410136091464664
13687,0.023789677177555858
13688,0.1066975124552846
13689,0.001933400043635629
13690,0.0014088390773395077
13691,0.011470154179260134
13692,0.001342174135206733
13693,0.001046165971783921
13694,0.0014088390773395077
13695,2.999676459148759e-4
13696,0.0014088390773395077
13697,3.6134397490968697e-4
13698,0.0014088390773395077
13699,5.994111081963638e-4
13700,0.005953534336294979
13701,0.0015617875105817802
13702,3.6134397490968697e-4
13703,3.6134397490968697e-4
13704,2.999676459148759e-4
13705,0.0014088390773395077
13706,0.0084644190070685
13707,3.502211566956248e-4
13708,3.6134397490968697e-4
13709,3.6134397490968697e-4
13710,0.0014088390773395077
13711,0.0047320299706188965
13712,0.0017247260743170046
13713,0.0010333183984039351
13714,0.01135399142280221
13715,0.094414929933846
13716,0.04442247658036649
13717,0.01156995987985283
13718,0.001200801894592587
13719,9.460441757983062e-4
13720,9.287356201093644e-4
13721,0.01529650850687176
13722,0.01294667714741081
13723,0.02851070014294237
13724,0.018780413079075516
13725,0.055364662054926156
13726,0.0011116387296351603
13727,9.287356201093644e-4
13728,0.0010333183984039351
13729,0.0022058495396049694
13730,0.010442463440122084
13731,0.029508819980546833
13732,0.023827094063162805
13733,0.0021730622378527188
13734,0.005334119871258735
13735,0.0018709759268676863
13736,0.00591423814650625
13737,0.020250299382023513
13738,0.020250299382023513
13739,0.0036725529440445825
13740,0.007688500905642286
13741,0.7892501309514046
13742,0.0017817857695627025
13743,0.027716710530221463
13744,0.003666101625422016
13745,0.0017817857695627025
13746,0.002544505013793241
13747,0.0982374701090157
13748,0.0023347901375382206
13749,0.05752442730590701
13750,0.0024057244340656325
13751,0.016188108003698288
13752,0.059178669089451436
13753,0.045044370191171766
13754,0.007399037646828219
13755,0.038924142625182866
13756,0.002519735012610909
13757,0.9561753731966018
13758,0.023902966124005616
13759,0.04874889045953751
13760,0.152067849971354
13761,0.002613842265272979
13762,0.004798652493627742
13763,0.09013550464063882
13764,0.0055525446881074456
13765,0.00486164691275917
13766,0.0055525446881074456
13767,0.002040889126365073
13768,0.005669531567255035
13769,0.003159905313514173
13770,0.005844874810427427
13771,0.006510044768219814
13772,0.006740489652147516
13773,0.006510044768219814
13774,0.05811732000671327
13775,0.09808632843196392
13776,0.05570387068204582
13777,0.12045574335381388
13778,0.0168159981071949
13779,0.0692670712992549
13780,0.10335568679496646
13781,0.09455537000671028
13782,0.01010704014217481
13783,0.026418971954844894
13784,0.0012907019852718804
13785,0.12628682646900416
13786,0.004806398054934107
13787,0.0013133007258875297
13788,0.0034855497628450394
13789,0.8862818503379821
13790,0.002229706069047097
13791,0.0034855497628450394
13792,0.0034855497628450394
13793,0.005925624731462449
13794,0.0034855497628450394
13795,0.016272198436781765
13796,0.02989852582802996
13797,0.01060843769228086
13798,0.036329356208443644
13799,0.026841410980559886
13800,0.025010365131311118
13801,0.01960096750408411
13802,0.016671031459700315
13803,0.020881462395191192
13804,0.0400991025287658
13805,0.005154981820960529
13806,0.039882971215993164
13807,0.0021412906039040536
13808,0.016577203809283673
13809,0.010347868821118027
13810,0.19039726186543704
13811,0.07650646701455116
13812,0.013275820901617408
13813,0.005366810073610395
13814,0.005846543096704408
13815,0.009785481973085552
13816,0.5863061454892159
13817,0.007544446703977883
13818,0.0059959508606698365
13819,0.9423709240555763
13820,0.11226774925366044
13821,0.025103805623948573
13822,0.006340776551514864
13823,0.03434874435886741
13824,0.03891875955276191
13825,0.037059821258299055
13826,0.03684899801388383
13827,0.0176085932739079
13828,0.029482104708440603
13829,0.03435996967833489
13830,0.008130150629440322
13831,0.0407076886575669
13832,0.004852273726137355
13833,0.005313180909724906
13834,0.00427651452308055
13835,0.0315637145889923
13836,0.0035346553195267916
13837,0.03190276614855975
13838,3.001442438835511e-4
13839,9.874864290759433e-4
13840,9.874864290759433e-4
13841,9.874864290759433e-4
13842,3.2497027776116737e-4
13843,0.05675125111825764
13844,3.001442438835511e-4
13845,0.24667549818754197
13846,3.001442438835511e-4
13847,0.019236772046424447
13848,0.005140212811529637
13849,3.2497027776116737e-4
13850,3.001442438835511e-4
13851,0.012356897222343833
13852,3.2497027776116737e-4
13853,3.2497027776116737e-4
13854,8.266395240207203e-4
13855,3.2497027776116737e-4
13856,3.2497027776116737e-4
13857,0.014842690974473953
13858,0.29677927065640686
13859,3.2497027776116737e-4
13860,0.006791985548916273
13861,3.2497027776116737e-4
13862,3.2497027776116737e-4
13863,3.2497027776116737e-4
13864,3.001442438835511e-4
13865,3.2497027776116737e-4
13866,3.2497027776116737e-4
13867,0.43901371493935587
13868,0.010182222810108214
13869,0.048888776577077804
13870,0.010484851624350994
13871,0.10887824360281229
13872,0.0031011554104043173
13873,0.008289787129033357
13874,0.03810674456879497
13875,0.05495894905179739
13876,0.006627995352027937
13877,0.025338584291748702
13878,0.06047735179774463
13879,0.005035870063584298
13880,0.028584980121813715
13881,0.05929698240943253
13882,0.009889368542935699
13883,0.011009777708677575
13884,0.009889368542935699
13885,0.08195067441090942
13886,0.008642783884424717
13887,0.9376822620630264
13888,0.007687212752643973
13889,0.021741305065806956
13890,0.005719465591246262
13891,0.006587189684505574
13892,0.05218350649345666
13893,0.5177702037990093
13894,0.027391366413794457
13895,0.004806736632017419
13896,0.00163770699466113
13897,6.531846217694693e-4
13898,6.531846217694693e-4
13899,0.006924632641021162
13900,0.09613213498145341
13901,7.643753710726742e-4
13902,0.005609004746656865
13903,7.643753710726742e-4
13904,5.396221183764283e-4
13905,0.026103699216619133
13906,0.0034131672873627394
13907,0.007777042208472267
13908,0.022006977759301664
13909,0.021737643289379775
13910,0.05731401744298637
13911,0.03740380173549056
13912,0.6801605062186717
13913,0.0203568356577307
13914,0.021737643289379775
13915,0.007603613582905382
13916,0.09655258054845035
13917,0.08970817156136036
13918,0.04297089989297092
13919,0.9556919255852699
13920,0.010076910698553548
13921,0.01493127997033298
13922,0.023229007439222186
13923,0.015191562758991495
13924,0.025942050165031105
13925,0.0013066887405875605
13926,0.9765390306711197
13927,8.439494459889829e-4
13928,0.29583814114332196
13929,0.05167549074627459
13930,0.00699640728184022
13931,0.0032008729153312743
13932,0.0030622551229316742
13933,0.0015131158793519717
13934,0.05062644339166582
13935,0.00352014683856396
13936,0.025161211751401423
13937,0.055318971667438745
13938,0.034784642877057195
13939,0.01796271761646494
13940,0.005473432653816417
13941,0.020656870608218015
13942,0.09464612254872919
13943,0.16743185494095086
13944,0.019517247239127754
13945,0.08574408528394997
13946,0.04288349556736648
13947,0.03499560320749879
13948,0.005271167344180867
13949,0.1041421996988356
13950,0.004585258871084079
13951,0.007332850951934233
13952,0.0072422534308861945
13953,0.0021362250109086744
13954,0.058644927321001884
13955,0.0029469983832677827
13956,0.01028640465461649
13957,0.014446336745750158
13958,0.01209479087498039
13959,0.01209479087498039
13960,0.8944017380475998
13961,0.029475713605061172
13962,0.008273305147886276
13963,0.02823803516570479
13964,0.4799448452144861
13965,0.0077928395324852314
13966,0.008481274610385298
13967,0.0027773002890171482
13968,0.028914635465480388
13969,0.045947832511737945
13970,0.007006218548049219
13971,0.0027868817030685025
13972,0.05120932194404304
13973,0.008773882314562798
13974,0.008773882314562798
13975,0.13426760813221336
13976,0.08920055118389428
13977,0.007159534273669123
13978,0.1517094367556274
13979,0.0019111924277967773
13980,0.0036187499144580216
13981,0.12449652660638094
13982,0.042189646167680624
13983,0.023718092725612223
13984,0.015999628836289047
13985,0.0034988607035484165
13986,0.032587563493289055
13987,0.017139024469070136
13988,0.03781388288363814
13989,0.0027938257018104195
13990,0.012903180876746774
13991,0.013936920915730297
13992,0.005924349655397236
13993,0.04857100798748434
13994,0.047969745052978394
13995,0.06550489427521825
13996,0.042103412528522316
13997,0.012346566929481924
13998,0.00769873050856404
13999,0.04129133683629334
14000,0.008760607510339469
14001,0.8666518393158913
14002,0.017782964762300252
14003,5.142361085745506e-4
14004,0.01624962442787364
14005,0.007240004178602249
14006,0.015368524319492281
14007,0.013037964606191964
14008,0.011411996219540015
14009,0.011409253994934261
14010,0.013738431527744979
14011,0.02673966861795634
14012,0.0073780096869450066
14013,0.06137309730052948
14014,0.019185910313390196
14015,0.030434306133538484
14016,0.003215937450877391
14017,0.037640462545678016
14018,0.0012591149416402913
14019,3.438176630879752e-4
14020,3.438176630879752e-4
14021,3.438176630879752e-4
14022,3.438176630879752e-4
14023,5.703580057161161e-4
14024,9.261908401094843e-4
14025,0.001330118700861931
14026,6.271527343051275e-4
14027,0.0013881440987461246
14028,8.463589924213011e-4
14029,3.438176630879752e-4
14030,0.0010360828164266422
14031,0.0013881440987461246
14032,0.0025510602185386234
14033,9.261908401094843e-4
14034,6.271527343051275e-4
14035,0.0013881440987461246
14036,3.438176630879752e-4
14037,8.463589924213011e-4
14038,0.6905112400650978
14039,0.0010360828164266422
14040,0.0010373205671203322
14041,0.0012679866765392944
14042,0.002957058413012419
14043,0.0016904374564182944
14044,7.61071868473664e-4
14045,0.00127763079435681
14046,0.0016748635136173108
14047,0.00127763079435681
14048,7.61071868473664e-4
14049,6.271527343051275e-4
14050,7.61071868473664e-4
14051,0.002022785243752878
14052,7.61071868473664e-4
14053,7.521147849183763e-4
14054,0.0012544239815906622
14055,0.0010360828164266422
14056,7.61071868473664e-4
14057,6.271527343051275e-4
14058,6.271527343051275e-4
14059,0.0012055622627667618
14060,9.756881903740577e-4
14061,8.410497069417034e-4
14062,0.006839378412114456
14063,0.016640069563873112
14064,7.197151303989812e-4
14065,8.356816103332676e-4
14066,0.006170024058083073
14067,0.0020879642307409085
14068,0.024586234888993204
14069,0.020562931708991528
14070,0.14495984472334386
14071,0.006477713237982244
14072,0.036605132659897205
14073,0.01184206445934251
14074,0.004810588105465285
14075,0.010929192469920962
14076,0.15235611088573933
14077,0.06949215311557054
14078,0.018970737494528295
14079,0.2140025157481432
14080,0.02487437568837777
14081,0.0031623418460367246
14082,0.008254994002636523
14083,0.006741995393531397
14084,0.0037311772163957355
14085,0.007361363069503568
14086,0.004234301813994534
14087,0.008123793201521038
14088,0.008025496155023576
14089,0.057408110783435405
14090,0.04779070911929011
14091,0.0039746710768667984
14092,0.9274784606695176
14093,0.9296118021011353
14094,0.01589356828480959
14095,0.002674321744707413
14096,0.0175921515468508
14097,0.11898700300604105
14098,0.01841705575818196
14099,0.008652682307874783
14100,0.0038626586471218615
14101,0.012669976900797337
14102,0.023655539862811565
14103,0.025201757117174567
14104,0.022960863183252512
14105,0.003479753215215169
14106,0.06918304135091603
14107,0.007685751677490771
14108,0.00934583722613752
14109,0.6469658818840981
14110,0.008258795775473117
14111,0.0032594576018163935
14112,0.0036265701445518063
14113,0.015818470432423057
14114,0.36101458959281446
14115,0.36101458959281446
14116,0.008377112277084962
14117,0.00844766985741444
14118,0.007017686991021037
14119,0.7866598159074784
14120,0.011547207429539413
14121,0.006070025057997554
14122,0.023716838574036957
14123,0.9725004783272744
14124,0.002375132298329845
14125,0.5808657394349575
14126,0.003491363217472099
14127,0.02013533068820834
14128,0.025292967404238878
14129,0.005137577951536514
14130,0.040905696293339136
14131,0.9632843697071075
14132,0.009814171519828961
14133,0.0038626586471218615
14134,0.032455042735673484
14135,0.021053192189428957
14136,0.004813687681453302
14137,0.4141234418004751
14138,0.08207433626055717
14139,0.07697685742750764
14140,0.07278324948623777
14141,0.05573822980280965
14142,0.006642842635046691
14143,0.008690242490265518
14144,0.024173172903247178
14145,0.0019315035935142078
14146,0.03511176501400769
14147,0.008490972181316465
14148,0.021183546958491208
14149,0.012099246091675014
14150,0.004886836799560115
14151,0.04760970476083457
14152,0.004658184064319357
14153,0.02341689043678343
14154,0.010090900993673131
14155,0.03093656314536929
14156,0.6421745020151138
14157,0.1006026059575379
14158,0.11447360187768936
14159,0.0011171754059614613
14160,0.019357055593281984
14161,0.012195900734513997
14162,0.00204973237705417
14163,0.00204973237705417
14164,0.030101338741369544
14165,0.001956689350481611
14166,0.010180911382194608
14167,0.007074501137249172
14168,0.343278623893857
14169,0.003631030869437382
14170,0.007074501137249172
14171,0.009117288426496088
14172,0.02632635472342372
14173,0.017776958051836118
14174,0.0018725131891551428
14175,0.31149921312928197
14176,0.005530483017209918
14177,0.04879141069017351
14178,0.005711602102965116
14179,0.282653349712491
14180,0.017751836404204368
14181,0.019443930932320653
14182,9.78462056227727e-4
14183,0.013200004769023508
14184,0.04282417514361441
14185,0.0231600623158738
14186,0.0018701754143694415
14187,0.0018701754143694415
14188,0.9778724727034569
14189,0.1856960536725819
14190,0.02879637203644961
14191,0.01055993240326643
14192,0.0037960300548002123
14193,0.0017083322233520449
14194,0.06285313265398144
14195,0.05100965728051961
14196,0.012343387926230208
14197,0.19143353702500462
14198,0.5383932228386402
14199,0.02212808419484645
14200,0.013575154987629503
14201,0.032503904569894077
14202,0.0013291463517816737
14203,0.022472346550785005
14204,0.007763037501135841
14205,0.02843708321452141
14206,0.036443082801997664
14207,0.027101849620230496
14208,0.001390622925828211
14209,0.17968844570219517
14210,0.015288527039811015
14211,0.01108687486499548
14212,0.2884239822626114
14213,0.01741131580900401
14214,0.017607055716216565
14215,0.03905270711518824
14216,0.05817313210107386
14217,0.07467328555881977
14218,0.04066071993671358
14219,0.015469730999320745
14220,0.8067991802096367
14221,0.0026035847776802257
14222,0.018660687198862432
14223,0.0035892009775852786
14224,0.9951575866341591
14225,0.0709810440428555
14226,0.009802927639102564
14227,0.9801300677657128
14228,0.9741559162735939
14229,0.15428125854581595
14230,0.023032719986513257
14231,0.049737641480751334
14232,0.04589669447392225
14233,0.07128950447775423
14234,0.007916335014160723
14235,0.08107059912756086
14236,0.005777910774340853
14237,0.006017555702710524
14238,0.9776463469862938
14239,0.01822613025549799
14240,0.003136420342780184
14241,0.030807429910637438
14242,0.011038764489348978
14243,0.0656043903529644
14244,0.07776665810495614
14245,0.001408282360935118
14246,0.010450734093319624
14247,0.18352019581943751
14248,0.7018260340392589
14249,0.05900768732652068
14250,0.037291698246262966
14251,0.034057098049670456
14252,0.07618506155908107
14253,0.01136594430427067
14254,0.03802680975757539
14255,0.0055065227253362535
14256,0.03624557085800916
14257,0.032483914061449466
14258,0.09864264898002148
14259,0.07058282583020628
14260,0.001210245267720893
14261,0.001210245267720893
14262,0.001210245267720893
14263,0.9643110018968583
14264,0.051905284244567154
14265,0.22000942766666412
14266,0.05847624428570271
14267,0.0738015774730593
14268,0.013672788140829652
14269,0.013027436163974926
14270,0.20700997345149516
14271,0.001210245267720893
14272,0.0030311087460722775
14273,0.0671938302181661
14274,0.02759695922024548
14275,0.01514119385741651
14276,0.11657610131427645
14277,0.009444778235629201
14278,0.04225845608860254
14279,0.9927518737316131
14280,0.1448724776878953
14281,0.009721678503556177
14282,0.16262822069227695
14283,0.03792463974561542
14284,0.011482966337352992
14285,0.08413301415741443
14286,0.00366478692216333
14287,0.13434893272817136
14288,0.025724312239326537
14289,0.005139733507530764
14290,0.047196503691375256
14291,0.0179200962302275
14292,0.006379847073694691
14293,0.004716653060750104
14294,0.8420221480727196
14295,0.0021032945270417257
14296,0.23013867903500795
14297,0.015507828556001186
14298,0.993598475754261
14299,0.005886583142564632
14300,0.4288598868250847
14301,0.010987174814799801
14302,0.07180411038920283
14303,0.0029133875403204003
14304,0.0242238820460625
14305,0.019379761628806592
14306,5.813614982616855e-4
14307,5.813614982616855e-4
14308,5.813614982616855e-4
14309,0.0015949051384814084
14310,0.0020810677082045005
14311,0.0019285990271600895
14312,0.16555969132110476
14313,0.0034403511614073067
14314,8.51055484090466e-4
14315,0.004027334193815477
14316,0.0015208584783249534
14317,0.0032099374043173157
14318,0.0251117890747264
14319,0.0011261648197250906
14320,0.004662985156755894
14321,0.019098616600967944
14322,0.06952406844124198
14323,9.465202903083991e-4
14324,0.0028617320136982015
14325,0.0018232334055937826
14326,0.012724600092042238
14327,0.07284415114670992
14328,0.18619419373571872
14329,0.01105761477490887
14330,0.05295201061293483
14331,0.5406967103481293
14332,0.07576547879725695
14333,0.001766233483213
14334,0.011716072019189595
14335,0.2665585695207119
14336,0.017496224904898553
14337,0.695086408406496
14338,0.6675714042782783
14339,0.02315534000750631
14340,0.9280842903256417
14341,0.05909081993624568
14342,0.011716072019189595
14343,0.028564170547761024
14344,0.0022240459694876334
14345,0.025288295820355414
14346,0.08283615997061133
14347,0.0030455119733233003
14348,0.05725695305503905
14349,0.0012999475238029846
14350,0.0012999475238029846
14351,0.0023434750523301773
14352,0.016784842771012335
14353,0.018797755665145813
14354,0.0014792910797405056
14355,5.250026316934963e-4
14356,0.51356415361166
14357,0.47580903097987176
14358,0.24385187670588493
14359,0.002852548370428849
14360,0.015861179963685572
14361,0.2869258865341544
14362,0.6841810186207294
14363,0.14784354776144026
14364,0.06382595549337566
14365,0.003090076584194321
14366,0.005232221528422088
14367,0.08953922411426901
14368,0.009072753414511681
14369,0.0022250677482225003
14370,0.0015593743494537193
14371,0.021041260305792092
14372,0.0033027147100074218
14373,0.03814178243279457
14374,0.03151355403009802
14375,0.024238867284730077
14376,0.016146345124579967
14377,0.06969578956253826
14378,0.08186241868883372
14379,0.00248437480564462
14380,0.06420076788403094
14381,0.0022747409337898717
14382,0.0022638786246534435
14383,0.6511959385871887
14384,0.0010389144855435005
14385,0.017178142834454777
14386,0.013924464744050055
14387,0.052149044992402194
14388,5.152441101381555e-4
14389,0.0010389144855435005
14390,5.29507612445741e-4
14391,0.04297422431409359
14392,0.06586395616643131
14393,0.010410853626672179
14394,0.016655687750317158
14395,0.3066642579436302
14396,0.03597273197490722
14397,0.01747331032063812
14398,0.11351054400205612
14399,0.1192030387930572
14400,0.033461583396419886
14401,0.06766061255708337
14402,0.06766061255708337
14403,0.7183979162573815
14404,0.157986427731812
14405,0.013955101339379326
14406,0.18505077790468932
14407,0.029702857490628957
14408,0.6576619364321232
14409,0.9884679621458053
14410,0.23428871504962445
14411,0.7365214663743973
14412,0.0014581820246530697
14413,0.001677928767312551
14414,0.13109747907146813
14415,0.9418462172150612
14416,0.281742185652256
14417,0.0031648754177149383
14418,0.7252559711039066
14419,0.002164973383769393
14420,0.12554774822667242
14421,0.03549941400066018
14422,0.03956443118397147
14423,0.016909012329997496
14424,0.3749695906788111
14425,0.09623566852882505
14426,0.01918908913852647
14427,0.9853876858949662
14428,0.0368455736618489
14429,0.96830476552248
14430,0.18070773679763077
14431,0.470389239564538
14432,0.13607651975005866
14433,0.1206087396480143
14434,0.027670509815216064
14435,0.05381649410352111
14436,0.03309778045862913
14437,0.1488874540105462
14438,0.41186035104095936
14439,0.004808983789407648
14440,0.985175230205059
14441,0.37092852152884004
14442,0.08153669655323029
14443,0.013844029735773802
14444,0.09053475312888622
14445,0.06570492451079189
14446,0.00326713781687431
14447,0.0028436530448379925
14448,0.012372143515385688
14449,0.0037882655480643733
14450,0.09619350796565414
14451,0.0037882655480643733
14452,0.9385639950633049
14453,0.21673865035176276
14454,0.014333295854739844
14455,0.08073842959478497
14456,0.9479207047820091
14457,0.04659187027253211
14458,0.0024689451840822583
14459,0.02308259058976546
14460,0.9406765899062157
14461,0.1326667589507997
14462,0.002014637180691352
14463,0.19368218563497067
14464,0.03166903277859092
14465,0.011039309391053393
14466,0.0030316415094421246
14467,0.12131026018410922
14468,0.0019458118896000087
14469,0.05590477286837995
14470,0.9926749110221863
14471,0.06249201339669526
14472,0.019609057118650526
14473,0.6931363126635551
14474,0.903043033182621
14475,0.07966440598480404
14476,0.08656018731184303
14477,0.020183748225681485
14478,0.0228929086541757
14479,0.21417715854942798
14480,0.02883961016777903
14481,0.08406302536837756
14482,0.059455615263432265
14483,0.019080522642470895
14484,0.9147578310966492
14485,0.0015678947404376231
14486,0.0028543699852889405
14487,0.0028543699852889405
14488,0.0031421711220173164
14489,0.0024175861512776464
14490,0.0010261759700370022
14491,0.002921320106252097
14492,0.16858334582298995
14493,0.03226247294340283
14494,0.0054254960647085685
14495,0.026015455522574484
14496,0.07966851496137678
14497,0.06777847188524902
14498,0.005165360673563555
14499,0.008664633957669138
14500,0.17345516931265592
14501,0.014934096802026033
14502,0.2890755971893668
14503,0.00830894557526335
14504,0.0034443921939237045
14505,0.010887418847996742
14506,0.03422913109883666
14507,0.009835575860925018
14508,0.2721131356805563
14509,0.07002685023471714
14510,0.013770435927435756
14511,0.06864902003668248
14512,0.9838888788223267
14513,0.016082677305676044
14514,0.005147558178287
14515,0.016082677305676044
14516,0.07162840923294425
14517,0.00165343820117414
14518,0.006334563554264605
14519,0.04493916659615934
14520,0.39554324485361575
14521,0.03622460477985442
14522,0.0016987108864123
14523,0.16113734517246484
14524,0.16113734517246484
14525,0.13233448512852192
14526,0.3138139194995165
14527,0.00539857768570073
14528,0.080594522543251515
14529,0.008761931939516217
14530,0.026108074551448226
14531,0.004879734853748232
14532,0.021921361829154194
14533,0.01479390996042639
14534,0.9887596222758294
14535,0.07004398150369524
14536,0.11172230077907443
14537,0.6640540584921837
14538,7.865461969777243e-4
14539,0.04150540363509208
14540,0.004750349212554283
14541,0.2729172398895025
14542,0.3772597859799862
14543,0.0026101115372148343
14544,0.39641963884234427
14545,0.04804672517813742
14546,0.012086265501566232
14547,0.009329758156090974
14548,0.03431624455843121
14549,0.005670147508499213
14550,0.010967595078982413
14551,0.031672106948681174
14552,4.424625017418293e-4
14553,4.424625017418293e-4
14554,4.424625017418293e-4
14555,0.041583950659260155
14556,4.424625017418293e-4
14557,4.424625017418293e-4
14558,4.424625017418293e-4
14559,4.424625017418293e-4
14560,5.881153916561743e-4
14561,0.037887122137472036
14562,0.0037738903478020803
14563,0.38578224152326585
14564,4.424625017418293e-4
14565,4.424625017418293e-4
14566,4.424625017418293e-4
14567,4.424625017418293e-4
14568,4.424625017418293e-4
14569,0.00888881232473068
14570,4.424625017418293e-4
14571,0.0020549151903833263
14572,0.0020549151903833263
14573,8.547446187731111e-4
14574,4.424625017418293e-4
14575,4.424625017418293e-4
14576,0.09049862964078784
14577,4.424625017418293e-4
14578,4.424625017418293e-4
14579,0.9746429455280304
14580,4.424625017418293e-4
14581,4.424625017418293e-4
14582,5.881153916561743e-4
14583,0.007244904485996812
14584,8.947185175202321e-4
14585,8.947185175202321e-4
14586,5.731854950136039e-4
14587,0.002722910255251918
14588,0.0012954986446129624
14589,0.0012954986446129624
14590,8.947185175202321e-4
14591,0.0013954877038486301
14592,8.947185175202321e-4
14593,8.947185175202321e-4
14594,0.7960161384940148
14595,0.0032146949548041447
14596,0.003295396443572827
14597,0.03251234429888427
14598,0.5241587622463704
14599,0.009880834501236677
14600,0.010015496113337576
14601,0.02837878907099366
14602,0.09662620968185365
14603,0.024262337679974735
14604,0.008999083229573443
14605,0.030664524012245238
14606,0.0016185555839911103
14607,0.006597559022484347
14608,0.0018824935758311766
14609,0.0489612867962569
14610,0.008195352917537093
14611,0.986419829428196
14612,0.006597559022484347
14613,0.006597559022484347
14614,0.24145029589533806
14615,0.019495620324742047
14616,0.06057349238544703
14617,0.11564315687865019
14618,0.012274356316775084
14619,0.11314198430627584
14620,0.009499432889278979
14621,0.971123358309269
14622,0.1779620346426964
14623,0.09114308489486575
14624,0.06925930025056004
14625,0.002771614557132125
14626,0.006620354003389366
14627,0.001288222564617172
14628,0.008528314505238086
14629,0.02139064811170101
14630,0.8321638694405555
14631,0.07058209972456098
14632,0.0433211497683078
14633,0.0020040742304991
14634,0.00167385418608319
14635,0.1756491219997406
14636,0.9801327702403069
14637,0.10589362027123571
14638,0.004361520681122784
14639,0.0035997868550475686
14640,0.8220843756198883
14641,0.0036947921890532597
14642,0.001966748482955154
14643,0.0020719458741950804
14644,0.017379949318710716
14645,0.027632403899915517
14646,0.012199081722646951
14647,0.05905879618600011
14648,0.04042359629413113
14649,0.8271613106131553
14650,0.005643044370808639
14651,0.12002043886110186
14652,0.014769084404688328
14653,0.19184061840176583
14654,0.0849564359523356
14655,0.8220412862300873
14656,0.03796218417584896
14657,0.014509505238384008
14658,0.09182636182755231
14659,0.00826743597513996
14660,0.08008956721052528
14661,0.015837579225189982
14662,0.06133315805345774
14663,0.13941030958667397
14664,0.028437472286168487
14665,0.5696141408383846
14666,0.09945798495784403
14667,0.5140362728387118
14668,0.0860503607429564
14669,0.0646233950741589
14670,0.9885210904479027
14671,0.00890191349433735
14672,0.5919651743769646
14673,0.02422992162872106
14674,0.00890191349433735
14675,0.018396446278784423
14676,0.0082212421647273
14677,0.008263130222912878
14678,0.01360325895715505
14679,0.01319159782724455
14680,0.009996117851696908
14681,0.8724863347411156
14682,0.007539233549032361
14683,0.010684877710882574
14684,0.0956877886876464
14685,0.01758066001581028
14686,0.009717242788756266
14687,0.01758066001581028
14688,0.02012465151725337
14689,0.006983940431382507
14690,0.01776745721232146
14691,0.031681533185765144
14692,0.1488509303703904
14693,0.03015564313158393
14694,0.004760103980079294
14695,0.13538562677800656
14696,0.6292388014495373
14697,0.01110166271449998
14698,0.5173043881356716
14699,0.03739852436818183
14700,0.09460664334706963
14701,0.005636424607364461
14702,0.0023323688251548447
14703,0.36782024458050727
14704,0.20088437259197234
14705,0.24881516095250844
14706,0.22356595020741224
14707,0.5121908325701952
14708,0.0666892884671688
14709,0.021976305143907665
14710,0.006574945793254301
14711,0.04182699117809534
14712,0.4835626554489136
14713,0.1244599395059049
14714,0.9777467304468155
14715,0.028642972400411963
14716,0.007164045929675922
14717,0.03002205515280366
14718,0.007164045929675922
14719,0.14247020455077292
14720,0.04254548942670226
14721,0.09336538067087531
14722,0.0038267609680769964
14723,0.007515054274117574
14724,7.911937691096682e-4
14725,7.911937691096682e-4
14726,0.001074048376904102
14727,0.001074048376904102
14728,0.0041585507267154756
14729,7.911937691096682e-4
14730,0.001074048376904102
14731,7.911937691096682e-4
14732,7.911937691096682e-4
14733,7.911937691096682e-4
14734,0.0010491767317580526
14735,0.40491835817694666
14736,0.0010491767317580526
14737,7.911937691096682e-4
14738,7.911937691096682e-4
14739,0.24248798917979003
14740,0.0010491767317580526
14741,0.0010491767317580526
14742,7.911937691096682e-4
14743,0.002724849262740463
14744,0.01562351745320484
14745,0.11756447535008192
14746,0.4969218258559704
14747,7.911937691096682e-4
14748,9.349799448682461e-4
14749,6.282431205909233e-4
14750,0.0023827737651299684
14751,0.0010757669601298404
14752,0.008407578878686763
14753,0.001960015767253935
14754,0.06536223715171217
14755,0.03483128109481186
14756,0.062320764139294625
14757,0.06484238864853978
14758,0.1422646924480796
14759,0.028147732734214514
14760,0.07425950642675161
14761,0.09027449209243059
14762,0.020208857459947466
14763,0.00855742500629276
14764,0.04609008815139532
14765,0.09522040795534849
14766,0.0017797797589446417
14767,0.0026368579181144016
14768,0.6283890937268733
14769,0.015842630756087602
14770,0.002184736787748989
14771,0.0014188912700046786
14772,5.675768375658662e-4
14773,0.015748318820260464
14774,0.20112478196620942
14775,0.002116990130743943
14776,0.004037612319807522
14777,0.0026729293313110247
14778,6.106035091215745e-4
14779,0.022517684395425022
14780,0.02201286300085485
14781,0.9420314392447472
14782,0.007403296577977016
14783,0.011790441153571009
14784,0.007762110626790672
14785,0.016287209794390946
14786,0.0014193902107945177
14787,0.029364855960011482
14788,0.6328984755277633
14789,0.8047308966517448
14790,0.0071156249451451
14791,0.006881529159145429
14792,0.04046821602620185
14793,0.012731005703099072
14794,0.03367584234103561
14795,0.003407464579795487
14796,0.0012403385712968884
14797,0.0015262778088799677
14798,0.0015262778088799677
14799,0.0015262778088799677
14800,0.006353713889839127
14801,0.856813742518425
14802,0.017076241890899835
14803,0.0067595478962175545
14804,0.12810550780966878
14805,0.2140877152234316
14806,0.008764266317011788
14807,0.0068523019587155435
14808,0.02403154205530882
14809,0.008727944451384246
14810,0.005251219986239448
14811,0.00296896934392862
14812,0.016466180162969978
14813,0.05461513631977141
14814,0.03053626656997949
14815,0.04155301687307656
14816,0.055186812086030844
14817,0.11275056881830096
14818,0.3602545666694641
14819,0.5879576934874058
14820,0.038184750489890576
14821,0.07300629895180463
14822,0.8563922411203384
14823,0.6787798880040645
14824,0.0658974183909595
14825,0.09916090710088611
14826,0.745484535396099
14827,0.06366006405092776
14828,0.02279018545523286
14829,0.04371131231542677
14830,0.007882669446989893
14831,0.03498651506379247
14832,0.017355533987283706
14833,0.03498651506379247
14834,0.1028365552984178
14835,0.17235058717429638
14836,0.0035638366889907047
14837,0.020907587190158665
14838,0.6287490366399289
14839,0.18711753841489553
14840,0.3910732037946582
14841,0.06222787352278829
14842,0.20551192730665208
14843,0.013897085811477155
14844,0.018174181028734894
14845,0.3280525417625904
14846,0.0018846540689992253
14847,0.8628145670890808
14848,0.013737803832627833
14849,0.9718191367387772
14850,0.0018703990944777616
14851,0.06775753147900104
14852,0.21250315047800541
14853,0.0014331183940521441
14854,0.011147097286302596
14855,0.06559938890859485
14856,0.06794115311466158
14857,0.0018564115720801056
14858,0.0024064458307111636
14859,0.002115827262750827
14860,0.10847195081412792
14861,0.37357901461422444
14862,0.06981433246284724
14863,0.9866040062904358
14864,0.015335438908077776
14865,0.41268504433333875
14866,0.0028627031212090513
14867,0.10818100914359093
14868,0.076850567124784
14869,0.06247528322041035
14870,0.0014142778514360543
14871,0.012661952418275177
14872,0.006760459751822054
14873,0.021141571239568294
14874,0.0019384055078262464
14875,0.019335798444226383
14876,0.019335798444226383
14877,0.9861203843355179
14878,0.0777738884370774
14879,0.13940480425953866
14880,0.011404374007834122
14881,0.8513205814361572
14882,0.011038534829858691
14883,0.02436797665199265
14884,0.19701215408742428
14885,0.07466534771025181
14886,0.04217903042212129
14887,0.0890917484741658
14888,0.9896481055021286
14889,0.2916323022544384
14890,0.0943951100576669
14891,0.004492779826978222
14892,0.013032133140368387
14893,0.012948122227098792
14894,0.10486502414569258
14895,0.015458801530767232
14896,0.002722205595637206
14897,7.603717273013899e-4
14898,0.0018809022009372712
14899,0.004896448088693432
14900,0.07339723102748394
14901,0.09396995283663273
14902,0.12599884992465377
14903,0.04442112233489752
14904,0.14938386388123034
14905,0.2770242493972182
14906,0.030959356161765754
14907,0.8801744344830513
14908,0.022080792621709408
14909,0.01201554473489523
14910,0.025277158555109053
14911,0.984093833565712
14912,0.00284206696349429
14913,0.7626947832107543
14914,0.10710251901298762
14915,0.002310816670942586
14916,0.002680800636007916
14917,0.003232706101844087
14918,0.18952927079051732
14919,0.42314102321863173
14920,0.11042749013751746
14921,0.01940913522616029
14922,0.04061534022912383
14923,0.1578492310643196
14924,0.00793575745774433
14925,0.010858412922825664
14926,0.2545391082391143
14927,0.010831616474315525
14928,0.9382253575325012
14929,0.08868295116350054
14930,0.007777534080669284
14931,0.7861014753580093
14932,0.6246246220171452
14933,0.20472677264362574
14934,0.352573901116848
14935,0.4713119181990624
14936,0.04202382553368807
14937,0.9827673354744911
14938,0.03616531334351748
14939,0.03616531334351748
14940,0.1038018031232059
14941,0.16320044914260506
14942,0.8778217914700508
14943,0.10181787179782986
14944,0.09782062623649836
14945,0.087947296788916
14946,0.06374064281582832
14947,0.07064530787989497
14948,0.0023916028719395397
14949,0.6282007052004337
14950,0.0010482656926615163
14951,0.11466786900535225
14952,0.10944132301956415
14953,0.12038867447525263
14954,0.013299999417504295
14955,0.002990147077071015
14956,0.0010482656926615163
14957,0.0014946341019822285
14958,0.07308022033423185
14959,0.0010482656926615163
14960,0.0010482656926615163
14961,0.024734284821897747
14962,0.024734284821897747
14963,0.007252096019219607
14964,0.5722975015640259
14965,0.042438194723799824
14966,0.001258605454058852
14967,6.400062701868591e-4
14968,0.0012600434717023746
14969,7.536292142322055e-4
14970,0.0010295425484946462
14971,0.06522010937333107
14972,0.08642905682325364
14973,0.09941532980650664
14974,0.9852477973699569
14975,0.017899736855179073
14976,0.018324855149257926
14977,0.09226335232146084
14978,0.05463363948278129
14979,0.02522862090729177
14980,0.3705086513608694
14981,0.013139435434713959
14982,0.005005523004219867
14983,0.4871507448703051
14984,0.047260559825226665
14985,0.017093077721074223
14986,0.8250069180130959
14987,0.28023360271006825
14988,0.022146949428133667
14989,0.9948674085736274
14990,0.01721313184243627
14991,0.00517892004805617
14992,0.10989621527493
14993,0.9665206557512284
14994,0.01346899434691295
14995,0.045124744684435426
14996,0.18326351851224898
14997,0.02298549160826951
14998,0.012622182529885322
14999,0.021319485006388278
15000,0.329850345030427
15001,0.013666427747812121
15002,0.305244472399354
15003,0.10657815931364895
15004,0.06891857366077601
15005,0.33455699294805524
15006,0.07561379099264741
15007,0.1325769827514887
15008,0.16952873390167952
15009,0.00715554611524567
15010,0.28261235684156416
15011,0.24226405534893275
15012,0.002200307525927201
15013,0.001841870871867286
15014,0.029878492895513774
15015,0.5989756190776825
15016,0.20185428638011216
15017,0.07340283297002316
15018,0.45180727005004884
15019,0.003288037195452489
15020,0.6284304901957511
15021,0.165475201793015
15022,0.8509222218394279
15023,0.291726540774107
15024,0.3912613090127707
15025,0.081884435582906
15026,0.04660443624481559
15027,0.07941878022626042
15028,0.22710281010717154
15029,0.8416526192426681
15030,0.006474145094398409
15031,0.14503744108602404
15032,0.07941878022626042
15033,0.33208430968225
15034,0.06487744867801666
15035,0.01205154612660408
15036,0.014973437341395765
15037,0.004037704102229327
15038,0.059948347052559255
15039,0.0360204380331561
15040,0.003711913478327915
15041,0.0016381144769547972
15042,0.988989637196064
15043,0.22482281837612392
15044,0.03942723738960922
15045,0.13338975194841624
15046,0.9841336718201638
15047,0.9799541345238686
15048,0.01595712835667655
15049,0.36228957191109656
15050,0.037705475594848395
15051,0.049169343747198585
15052,0.17049133468419314
15053,0.2238036284968257
15054,0.0034598961169831455
15055,0.2786702401936054
15056,0.029746063160710035
15057,0.005604256273363717
15058,0.298867322281003
15059,0.012196638913592324
15060,0.48212591633200647
15061,0.95237324655056
15062,0.10660671170800924
15063,0.1678902994096279
15064,0.4755571924895048
15065,0.12704015482217074
15066,0.07544141259044408
15067,0.8466763755679131
15068,0.169572218041867
15069,0.2547570527344942
15070,0.9521099305152894
15071,0.16109222922474145
15072,0.10034811447374523
15073,0.01939840495586395
15074,0.26706980604678393
15075,0.04039009950123727
15076,0.21822964239865542
15077,0.3406258165091276
15078,0.17620433237403632
15079,0.006367890823166817
15080,0.4537148687243462
15081,0.13245194086804987
15082,0.9315377393364906
15083,0.0020331531442934645
15084,0.31631431356072426
15085,0.024671883415430786
15086,0.11733123291283847
15087,0.027305932873860003
15088,0.0781007008254528
15089,0.03516335450578481
15090,0.014870028155855834
15091,0.21389875039458275
15092,0.7375608307123184
15093,0.1094631702080369
15094,0.020976160932332278
15095,0.13383621975779533
15096,0.9791524305939674
15097,0.017598284545820207
15098,0.11497283648699522
15099,0.16107563260942698
15100,0.12042461533099413
15101,0.0026960854142089375
15102,0.004567988889757544
15103,0.0012678949754626955
15104,8.104065345833078e-4
15105,0.09865471025928856
15106,0.038442457723431286
15107,0.10310314473696053
15108,0.34382037553936245
15109,0.5838904582709074
15110,0.9017143881320954
15111,0.3575455793738365
15112,0.4619118479639292
15113,0.10320576781406998
15114,0.1333681647479534
15115,0.026250760811381044
15116,0.916616843342781
15117,0.2596061024442315
15118,0.04733998891897499
15119,0.8470249965786933
15120,0.021845725588500498
15121,0.9717404153943062
15122,0.12462663367390632
15123,0.03774144313763827
15124,0.07512063562870025
15125,7.237062403146411e-4
15126,7.237062403146411e-4
15127,7.237062403146411e-4
15128,7.237062403146411e-4
15129,0.00625521520152688
15130,7.237062403146411e-4
15131,7.237062403146411e-4
15132,0.07053918223828078
15133,0.061520861275494096
15134,7.237062403146411e-4
15135,7.237062403146411e-4
15136,0.3051394315809011
15137,7.237062403146411e-4
15138,7.237062403146411e-4
15139,7.237062403146411e-4
15140,7.237062403146411e-4
15141,7.237062403146411e-4
15142,0.001110548052820377
15143,0.11169047929346561
15144,0.031283442378044125
15145,0.9493609002232551
15146,0.08732998503372073
15147,0.3584448027610779
15148,0.08588833585381508
15149,0.08588833585381508
15150,0.08588833585381508
15151,0.008934732337947934
15152,0.023814525548368694
15153,0.004887502765050158
15154,0.012109764353372156
15155,0.0750431156810373
15156,0.050224273083731535
15157,0.004726048241136596
15158,0.0221204349771142
15159,0.03524249752983451
15160,0.06808574927970767
15161,0.18384357564151288
15162,0.3691723108291626
15163,0.007377195708686486
15164,0.06003853962756693
15165,0.9861460345983505
15166,0.0814561294298619
15167,0.009131563135888428
15168,0.989821063876152
15169,0.0021752331196330486
15170,0.044722229354083536
15171,0.033129188898019496
15172,0.04360261069610715
15173,0.0017038572870660574
15174,9.601291920989752e-4
15175,0.009145629953127354
15176,0.0028127081904676743
15177,0.14139675553888081
15178,0.25250982109457254
15179,0.0024227407548460178
15180,0.008943896243581549
15181,0.015234562794212252
15182,0.0179222013335675
15183,0.00935726021649316
15184,0.09084505135193467
15185,0.025124120775144546
15186,0.28633250504732133
15187,0.8541670256853103
15188,0.3662307821214199
15189,0.10093621043488384
15190,0.024356543379835786
15191,0.1104920407384634
15192,0.24625972164794802
15193,0.5712506996840239
15194,0.07153327079489827
15195,0.30904390059411524
15196,7.057954626361607e-4
15197,0.1425597908720374
15198,0.18780872207134963
15199,0.19687192659825087
15200,0.15925480499863626
15201,0.0013075000398384872
15202,0.0038763447536621243
15203,0.1325054114870727
15204,0.06735000380314887
15205,0.009823904919903726
15206,0.09270319662988186
15207,0.08188386663794517
15208,0.0987325475923717
15209,0.0033634150406578554
15210,0.020293801743537187
15211,0.010079127014614641
15212,0.08352028097957373
15213,0.007968256885651498
15214,0.0077253032149747014
15215,0.0032713461952516808
15216,0.002459006467834115
15217,0.011082660285755991
15218,0.0025156111206160858
15219,0.535467019379139
15220,0.002254417435324285
15221,0.02395391202531755
15222,0.138023438192904
15223,0.1563649644330144
15224,0.987406093776226
15225,0.01410944604780525
15226,0.0115395940374583
15227,0.17522705618292092
15228,0.005185011437861249
15229,0.47629355132579804
15230,0.19351251624524593
15231,0.17514802437275648
15232,0.22078519280999898
15233,0.17522705618292092
15234,0.17522705618292092
15235,0.16745419647544624
15236,0.001923158461577259
15237,0.21359177775681018
15238,0.016128541661892086
15239,0.015495345774106682
15240,0.21625680398195982
15241,0.08529234636574984
15242,0.01432655480923131
15243,0.05004142291843891
15244,0.047325736987404526
15245,0.9844452461600304
15246,0.018455872763879597
15247,0.1506140377186239
15248,0.42213229641318323
15249,0.3935392051190138
15250,0.5407951129972934
15251,0.0067428636772092435
15252,0.023428073870018124
15253,0.0065718679537530985
15254,0.004731729193008505
15255,0.034962873635813595
15256,0.0019228484356426634
15257,0.0070492080331314355
15258,0.48834348931908605
15259,0.2969850732758641
15260,0.005002219717134722
15261,0.22377859361469746
15262,0.001045007953507593
15263,6.306941556977108e-4
15264,4.908291652827757e-4
15265,7.178112629480892e-4
15266,0.01962574805598706
15267,0.013964027108158916
15268,0.002784048599714879
15269,0.08284638579934836
15270,0.06150893684476614
15271,0.006269087676191703
15272,0.15107574690133332
15273,0.2983690768480301
15274,0.008453776314854621
15275,0.06527794608846307
15276,0.6844781337678433
15277,0.48997171960771085
15278,0.013985806321725249
15279,0.8463971710205078
15280,0.9771526288986206
15281,0.028560391194187105
15282,0.03224151524249464
15283,0.1736321758851409
15284,0.014141070132609457
15285,0.16191133834421634
15286,0.08988648792728782
15287,0.0025858304585563018
15288,0.001428427971259225
15289,0.004678812300553546
15290,0.04487551362253726
15291,0.36912442728877065
15292,0.06540242143906654
15293,0.04291021258570254
15294,0.019202478025108577
15295,0.05033817810937762
15296,0.4093120526894927
15297,0.004053226946271024
15298,0.24472414549440147
15299,0.00877445246791467
15300,0.002292568719421979
15301,0.0342302459012717
15302,0.07785659704357385
15303,0.017177812554873526
15304,0.08634855953976511
15305,0.0025722689367830755
15306,0.0025722689367830755
15307,0.01380520743317902
15308,0.0065948980313260104
15309,0.0025722689367830755
15310,0.05162070660851896
15311,0.0025722689367830755
15312,0.0025722689367830755
15313,7.127818690059939e-4
15314,0.0025722689367830755
15315,0.9373361465334892
15316,0.0025722689367830755
15317,0.24777694828808308
15318,0.0025722689367830755
15319,0.21951774273067712
15320,0.010771874943748117
15321,0.05140904504805803
15322,0.03646404054947197
15323,0.07045851862058043
15324,0.01082912426441908
15325,0.019925784324295818
15326,0.0944722007587552
15327,0.16236818891018628
15328,0.18628203321248293
15329,0.6719577810168267
15330,0.016306851545814426
15331,0.0011125927689136007
15332,0.05614312572404742
15333,5.919011227524607e-4
15334,0.053244775137864055
15335,0.002009405289427377
15336,0.1049231992661953
15337,0.00400285811861977
15338,0.027143287372309713
15339,0.02548761706100777
15340,0.0194383576977998
15341,0.08333285607397556
15342,0.014869004713837057
15343,0.06669820785522461
15344,0.08027342814952135
15345,0.02750735925510526
15346,0.23068549819290637
15347,0.026713690850883723
15348,0.015178461705800146
15349,0.10606979865580797
15350,0.1988083430752158
15351,0.0020589276304235683
15352,0.009165782420895994
15353,0.045788204413838685
15354,0.0010661865849397145
15355,0.8849903631210327
15356,0.005051944152219221
15357,0.08563979040831328
15358,0.038481475664302704
15359,0.26170999333262446
15360,0.004476669820141979
15361,0.08421549396589398
15362,0.03785619565285742
15363,0.2829808355867863
15364,0.034677151553332806
15365,0.02561990750255063
15366,0.005987426887149923
15367,0.014510828251950443
15368,0.0012806750080198981
15369,0.004967444208450616
15370,0.0010020481281389948
15371,0.005603456196840852
15372,0.3675788539648056
15373,0.0075626677100080995
15374,7.836007256992162e-4
15375,0.023432570737786592
15376,0.015754056128207593
15377,0.8699559280276299
15378,0.0928077919408679
15379,0.018450160790234805
15380,0.030524904653429986
15381,0.015521403830498458
15382,0.002006915149395354
15383,0.05382008023560047
15384,0.0047434260102454575
15385,0.0017191839235601947
15386,9.638298091158504e-4
15387,3.773571184137836e-4
15388,0.008243623517919331
15389,0.0024392152967629955
15390,6.171925835951697e-4
15391,0.008168837613193319
15392,0.598556013405323
15393,0.0026292362902313473
15394,0.004567988889757544
15395,0.0020030521441367455
15396,8.270936617918778e-4
15397,0.5052736945450306
15398,0.661920889467001
15399,0.03257353025954217
15400,0.02718069734517485
15401,0.002293582200363744
15402,0.012308119349181652
15403,0.006806239002617076
15404,0.09189239371567964
15405,0.3174458161741495
15406,0.012865048085805028
15407,0.002808061682153493
15408,0.024314947412349283
15409,0.01372090016491711
15410,0.002373185087053571
15411,0.07504069861024618
15412,0.21636725589632988
15413,0.16218940060585738
15414,0.9903169241547585
15415,0.2696630996838212
15416,0.0021939937479328363
15417,0.003832761738449335
15418,0.04250504114665091
15419,0.017140287219081073
15420,0.1709710805118084
15421,0.017827650154940783
15422,0.010031393631361425
15423,0.002668438596883789
15424,0.04351794401183724
15425,0.0033676906785694884
15426,0.012749270013300703
15427,0.01778912592679262
15428,0.002599672284850385
15429,0.01894908379530534
15430,0.15040670918300747
15431,0.02541539654135704
15432,0.004257665297482163
15433,0.022682736162096262
15434,0.019942135266028345
15435,0.01786401360295713
15436,0.07677597818896174
15437,0.031204228419810534
15438,0.1910583389364183
15439,0.3526019884645939
15440,0.001325031541637145
15441,0.05004825355485082
15442,0.011705093893688172
15443,0.13065474949777126
15444,0.007998535678489134
15445,0.009160949357319623
15446,0.09761992478743195
15447,0.012937281652120873
15448,0.012350579330231995
15449,0.013812655772780999
15450,0.015367721796501428
15451,0.016950668166391552
15452,0.0030158294102875516
15453,0.019360452292021366
15454,0.04778034440241754
15455,0.06031515480019152
15456,0.006530068290885538
15457,0.010309117079013958
15458,0.019422264993190764
15459,0.0055281352956080805
15460,0.016407632916234434
15461,0.15148271150887013
15462,0.1424648252874613
15463,0.0050514714082237335
15464,0.007576759275980294
15465,0.006543678574962542
15466,0.008139640497975052
15467,0.04682066294364631
15468,0.07548398101702332
15469,0.01825757183600217
15470,0.7449992796778679
15471,0.006899855404626578
15472,0.05124355686828494
15473,0.010045515609672293
15474,0.04215173358097672
15475,0.0027556894026929514
15476,0.006207026416668668
15477,0.008505347712198272
15478,0.3092009675130248
15479,0.0035130375414155423
15480,0.0067050406779162585
15481,0.015339786645490676
15482,0.09942490756511688
15483,3.08123965478444e-4
15484,0.11383807640522718
15485,8.190835011919261e-4
15486,5.2375050210685e-4
15487,3.0484757364320105e-4
15488,8.190835011919261e-4
15489,0.013917104112915695
15490,0.0015611045670812019
15491,0.021371823158115148
15492,0.01193406356498599
15493,8.185011093155481e-4
15494,0.02384764213114977
15495,0.119654680211097
15496,0.17116620488464832
15497,0.8037011823058129
15498,0.0010410755965858697
15499,0.004036474367021583
15500,7.661815549363382e-4
15501,7.661815549363382e-4
15502,0.019995026192627847
15503,0.002117625362589024
15504,0.0015524569404078647
15505,0.005343761614058167
15506,0.04230373403988778
15507,0.9563772642612457
15508,0.005700376679887995
15509,0.058523594792932274
15510,0.06617534737102687
15511,0.03856891495641321
15512,0.01573724432848394
15513,7.661815549363382e-4
15514,0.0418582659214735
15515,0.10124738593585789
15516,0.005147560952464119
15517,0.0105225344421342
15518,0.15105348395183682
15519,0.2901838715001941
15520,0.029955436089076103
15521,5.879772736807354e-4
15522,0.05347799800336361
15523,0.02991677513346076
15524,0.0017286715793306939
15525,0.009302996357437223
15526,5.879772736807354e-4
15527,0.002140325538639445
15528,0.2476873030513525
15529,0.012245850143954158
15530,0.09260274292901158
15531,0.03998060645535588
15532,0.005410449161427095
15533,0.2006829831376672
15534,0.023691076445393266
15535,0.22115574423223733
15536,0.007833204163471236
15537,0.0071926038118544965
15538,0.034057245831936596
15539,0.013395420566666871
15540,0.005052912869141437
15541,0.06741570967249572
15542,0.009520777156576515
15543,0.030045774253085255
15544,0.051172876125201584
15545,0.021125550030265002
15546,0.008689337954856456
15547,0.2417939330264926
15548,0.005742169708828442
15549,0.04868930319324136
15550,0.01838999841362238
15551,0.02181118741398677
15552,0.12173069320619107
15553,0.004912536557530984
15554,0.5270704950392247
15555,0.050555073395371436
15556,0.01665108622284606
15557,0.005013663314748555
15558,0.005333924429723993
15559,0.013625667113810778
15560,0.0075168186228256675
15561,0.09988138740882277
15562,5.258998917997815e-4
15563,0.012396268718875945
15564,0.003917526482255198
15565,0.005957577647641301
15566,0.05799604502506554
15567,0.002136952580476645
15568,0.034744595419615505
15569,0.011126938852248714
15570,8.139326541277115e-4
15571,0.03582487459294498
15572,0.030226537832058965
15573,0.023819355964660643
15574,0.07122766534797847
15575,4.18977176414046e-4
15576,0.01642596715595573
15577,0.034656379516236485
15578,0.017497522657504306
15579,0.09971348291262984
15580,0.002970268789213151
15581,0.00671311249374412
15582,0.004613237825105898
15583,0.01933823121478781
15584,0.04083144167438149
15585,0.007806424127193168
15586,0.00998430999694392
15587,0.06267249442171305
15588,0.2228283467143774
15589,0.43460025392472745
15590,0.014985801300499589
15591,0.010145841820631177
15592,0.0451495542190969
15593,0.02677697448525578
15594,0.0010937967376958113
15595,0.010416533523239195
15596,0.01617486491333693
15597,0.004815459767123684
15598,0.5688933630287647
15599,0.019041002402082084
15600,0.015996264438144864
15601,0.0034471008117543532
15602,8.871186687611043e-4
15603,0.02036900385282934
15604,4.929501369042555e-4
15605,0.006493414199212566
15606,0.012329903249628842
15607,0.0030933845590334387
15608,0.009802211030619219
15609,0.0976339385099709
15610,0.0034471008117543532
15611,0.00212771114311181
15612,0.0030933845590334387
15613,0.00212771114311181
15614,0.0030933845590334387
15615,0.05735170616768301
15616,0.002902704267180525
15617,0.006459992646705359
15618,0.0018330864585004746
15619,0.7068367917835713
15620,0.005002212723484263
15621,0.20171654883772136
15622,0.01132065907586366
15623,0.008087466754950583
15624,0.004910242707119324
15625,0.37963769808411596
15626,3.264365272843861e-4
15627,0.026933966875076293
15628,0.010472868382930756
15629,0.0011196006914542523
15630,0.0011196006914542523
15631,0.0089708116161637
15632,4.981488774137688e-4
15633,0.01747536741197109
15634,0.01132924692123197
15635,3.124224481143756e-4
15636,0.018598534730263055
15637,0.011616503864061087
15638,3.124224481143756e-4
15639,0.1141238422319293
15640,0.011684918387327343
15641,0.0015121151553466915
15642,0.009979794879909605
15643,6.589492758212145e-4
15644,0.006971210216870531
15645,0.007946539281401783
15646,0.0011373141143121756
15647,0.015583125741686672
15648,0.16268845586106181
15649,0.23212258480489253
15650,0.00767966006649658
15651,0.09003024535253644
15652,0.019731204335112124
15653,0.05731954004615545
15654,0.008743806995917112
15655,0.024886865708976982
15656,0.01256618014536798
15657,0.01615400885697454
15658,0.007394836019957438
15659,0.014035082629416138
15660,0.010384406679077075
15661,0.010383827270707115
15662,0.010383827270707115
15663,0.004412214775220491
15664,0.03597425510175526
15665,0.5615661785006523
15666,0.1748476146161556
15667,0.0095615767640993
15668,0.005732422899454832
15669,0.004312517154612578
15670,0.03660461595281959
15671,0.004453933453769423
15672,0.006472434719325975
15673,0.008116221480304376
15674,0.18666924212127925
15675,0.034084007488563654
15676,0.053131536543369294
15677,0.01821323587326333
15678,0.011360537615837529
15679,0.004033057924825698
15680,0.01989471022039652
15681,0.19451969668269156
15682,0.026537404977716506
15683,0.017388537395745515
15684,0.016022134041413665
15685,0.292822762876749
15686,0.009800617469009011
15687,0.005060392822488211
15688,0.055197096271440385
15689,0.001730659298482351
15690,0.024813564780633898
15691,0.051361413421109316
15692,0.019782028805930166
15693,0.009321128412848339
15694,0.006434275055071339
15695,0.017857747373636813
15696,0.03801449745893479
15697,0.03532772631384432
15698,0.7017786034941673
15699,0.01380338238319382
15700,0.008601990825263783
15701,0.024587145298719405
15702,0.013235292062163354
15703,0.0028908208367647605
15704,0.3217098467051983
15705,0.1821911667473614
15706,0.9727787855267525
15707,0.009536127406172455
15708,0.019498480919282885
15709,1.3809652422423822e-4
15710,1.4977879567595664e-4
15711,1.3809652422423822e-4
15712,1.3809652422423822e-4
15713,1.3809652422423822e-4
15714,0.025318496227264405
15715,0.9525482770800591
15716,1.3809652422423822e-4
15717,1.3809652422423822e-4
15718,1.3809652422423822e-4
15719,0.021940807891078294
15720,0.023804026856087148
15721,1.4977879567595664e-4
15722,1.3809652422423822e-4
15723,3.5313404452608666e-4
15724,1.3809652422423822e-4
15725,2.876507707333076e-4
15726,0.010433345397468657
15727,0.0019297345954691991
15728,6.081846515007782e-4
15729,3.5313404452608666e-4
15730,3.5313404452608666e-4
15731,3.5313404452608666e-4
15732,1.3809652422423822e-4
15733,0.9532308205962181
15734,0.006095863167429343
15735,0.0011558753860299476
15736,0.013190312485676259
15737,0.00958864005515352
15738,0.00707560153095983
15739,0.0020106175667024217
15740,0.011882312037050724
15741,0.007921202105935663
15742,0.08417472561821342
15743,0.0023371054235030897
15744,0.004477891041315161
15745,0.0017430647266155576
15746,0.004477891041315161
15747,0.02224445417523384
15748,0.011130618937313557
15749,0.020096780150197446
15750,0.0936891182139516
15751,0.011509775014128537
15752,0.013272781320847572
15753,0.41201076947152615
15754,0.11028419295325875
15755,0.01715465894434601
15756,0.00367695108812768
15757,0.08697160389274358
15758,0.008904339583823457
15759,0.00996805212344043
15760,0.0022309594281250613
15761,0.021737774261273445
15762,0.017513736221008002
15763,0.004501647117431276
15764,0.08846759571693838
15765,0.021718504049349576
15766,0.049822150943800804
15767,0.0010503713590151165
15768,0.017378662407863885
15769,0.009934287655632944
15770,0.00816158641478978
15771,0.00574418211588636
15772,0.0032226314806030132
15773,0.0016709932561207097
15774,0.0068598160310648386
15775,0.0037498429097468033
15776,0.0013938412710558623
15777,0.0030872348076081834
15778,0.2208356823399663
15779,0.029292549677193164
15780,0.059448491083458066
15781,0.7285060313344002
15782,0.008832769047003239
15783,0.001485979781136848
15784,0.042362274634651836
15785,0.011140307622263208
15786,0.03523902777582407
15787,0.0010863649345265003
15788,6.952755524253007e-4
15789,0.0010240533044998301
15790,4.065330532830558e-4
15791,0.005199841867433861
15792,4.065330532830558e-4
15793,6.314198064501398e-4
15794,2.962469361227704e-4
15795,3.4139937601139535e-4
15796,2.962469361227704e-4
15797,0.0011438550853927155
15798,5.891505068575497e-4
15799,0.0016239185113226995
15800,5.891505068575497e-4
15801,0.0010863649345265003
15802,0.012014268478378654
15803,0.001380551433103392
15804,0.04623791557736695
15805,0.018624636356253176
15806,0.03969766651745885
15807,0.004277711320319213
15808,0.00730669078999199
15809,0.011207938089501112
15810,0.0013004126749001444
15811,0.024833251470699907
15812,0.01964158673770726
15813,0.01103356011910364
15814,0.05196291300468147
15815,0.04486794645898044
15816,0.8866016572713852
15817,0.007482811333611608
15818,0.017320383347105235
15819,0.02676421632990241
15820,0.0015648814698215575
15821,0.00541049741092138
15822,0.04124087744858116
15823,0.008537967447191477
15824,9.423214139678748e-4
15825,0.023562659928575157
15826,0.014728345926851034
15827,5.922655115136877e-4
15828,5.179677811247529e-4
15829,4.3647450427670265e-4
15830,4.3647450427670265e-4
15831,0.016411456645000724
15832,0.047108364570885894
15833,0.023500150181353093
15834,0.01730748056201264
15835,6.408829637803138e-4
15836,0.011136120038572698
15837,0.018288644200656564
15838,0.005065462861675769
15839,0.017518787214066835
15840,0.04615775015205145
15841,0.011477092972490936
15842,0.004962633457034826
15843,0.02704435009509325
15844,0.03968493820168078
15845,0.004962633457034826
15846,0.004962633457034826
15847,0.026490093739703298
15848,0.0390528292953968
15849,0.011477092972490936
15850,0.17812512179836631
15851,0.004962633457034826
15852,0.004962633457034826
15853,0.0014305529443663545
15854,0.013184727081097662
15855,0.9054046201705933
15856,0.0018676357957883739
15857,0.046383654698729515
15858,0.025103988591581583
15859,9.845515815686667e-4
15860,0.08086256257258356
15861,0.05156060978770256
15862,0.10474633309990168
15863,0.13592904979363085
15864,0.05034550703130662
15865,0.5410155318677425
15866,0.011641928674653173
15867,0.0028590541222365574
15868,0.002069614139472833
15869,0.0013839255648781545
15870,0.5084982268512249
15871,0.016310246523935347
15872,0.0019337821259978226
15873,0.003534528882591985
15874,0.08449490847066045
15875,0.01924397201044485
15876,0.009095624856417999
15877,0.06367472658865153
15878,0.05516463440842927
15879,0.003742165600997396
15880,0.08025333791971206
15881,0.0013839255648781545
15882,0.020314600872807204
15883,0.0024319892638595773
15884,0.004388283676235005
15885,0.00851239234325476
15886,0.07789933672174812
15887,0.039253126680850986
15888,0.007973808404058218
15889,0.0043024361715652045
15890,0.00554020799434511
15891,0.001348696934437612
15892,0.001348696934437612
15893,0.003568388042040169
15894,0.15140763537958266
15895,0.00962594008189626
15896,0.005214416278759018
15897,0.028024452514946462
15898,0.0674039673153311
15899,0.02279411585535854
15900,0.02279411585535854
15901,0.006538519208552316
15902,0.008041110186604783
15903,0.9072474363446236
15904,0.010119397673988714
15905,0.004888052544556558
15906,0.0056395551422610875
15907,0.005877704002195969
15908,0.03916003931313753
15909,0.007080885865725577
15910,0.015555628966540098
15911,0.020208744988776742
15912,0.0053302070283098146
15913,0.8655568653345108
15914,0.03004334036260843
15915,0.0020907485904172064
15916,0.002953987752844114
15917,0.01761343519203365
15918,0.08855523119680583
15919,0.06413638505153357
15920,0.02710028109140694
15921,0.01598464113427326
15922,0.02855134481564164
15923,0.01598464113427326
15924,0.08872108018025755
15925,0.007885401063831524
15926,0.025974631202407183
15927,0.028390642888844013
15928,0.03025542376562953
15929,0.017689278461039067
15930,0.06401250745169819
15931,0.01863080178620294
15932,0.43519688621163366
15933,0.6829191268235445
15934,5.196388774493244e-4
15935,0.009970650222385302
15936,0.10223987517878413
15937,0.0034900573472259567
15938,0.11756383907049894
15939,0.01199678763980046
15940,0.021681898348033427
15941,3.9292409448535184e-4
15942,5.071985172253335e-4
15943,0.0014666957197187003
15944,0.001389748913279618
15945,0.001389748913279618
15946,6.26143540503108e-4
15947,0.09052670935168862
15948,0.006718591253156774
15949,0.013917281341273338
15950,0.036666167406365274
15951,5.517422951743356e-4
15952,0.0024198973656166345
15953,0.005528005722444504
15954,0.0036433985322946684
15955,0.003787854730326217
15956,5.517422951743356e-4
15957,0.0024198973656166345
15958,5.517422951743356e-4
15959,5.517422951743356e-4
15960,0.005988222347805276
15961,5.517422951743356e-4
15962,0.0011853599144524196
15963,5.517422951743356e-4
15964,5.517422951743356e-4
15965,5.517422951743356e-4
15966,0.0048248464195057746
15967,0.06564176585525275
15968,6.00704035095987e-4
15969,0.019941691698040814
15970,0.29140945203602314
15971,0.09094263318926096
15972,0.08224793117493391
15973,0.005027485840837471
15974,0.002374736522324383
15975,2.520226991691743e-4
15976,0.08987432464957237
15977,0.02700387441087514
15978,0.3997553880512714
15979,0.005343489723745733
15980,2.520226991691743e-4
15981,2.8302645732765087e-4
15982,0.0011712932858790736
15983,3.7824331720912594e-4
15984,4.027369225877919e-4
15985,0.28377537660300733
15986,0.04915598972700536
15987,0.034893812462687496
15988,0.016951063247397542
15989,0.0732405808288604
15990,2.9362571898673196e-4
15991,0.022477091003675013
15992,0.061357993464916945
15993,0.6747589033842086
15994,0.013352908012457192
15995,0.01330901084234938
15996,0.010501325888326392
15997,0.010631948766531422
15998,0.01330901084234938
15999,8.845900929009077e-4
16000,0.005307211338658817
16001,0.005307211338658817
16002,0.01584276429610327
16003,6.255976145985187e-4
16004,0.01425260596210137
16005,0.0026578303483256603
16006,0.01330901084234938
16007,0.009267981683369725
16008,4.7296368593379156e-4
16009,0.038736049626022576
16010,0.03606708945706487
16011,0.0168619274138473
16012,0.01330901084234938
16013,0.04275843823328614
16014,0.02881550952093676
16015,0.017725986605510117
16016,0.010127203483134508
16017,0.013528194138780236
16018,0.001829784674628172
16019,0.39191497951745985
16020,0.00311351095122518
16021,0.006368615844403394
16022,0.01902168774046004
16023,0.03322052199393511
16024,0.03485808121040464
16025,6.882587673317176e-4
16026,0.025613045406062157
16027,0.1724486680701375
16028,0.027068024026229976
16029,0.07370751949027181
16030,0.07370751949027181
16031,0.03167072099167854
16032,0.0444549011066556
16033,6.981043027190026e-4
16034,0.020464555020444097
16035,0.012805161331780255
16036,0.015155828131828458
16037,0.004241629067109898
16038,0.015166292230132968
16039,0.08003058615140617
16040,0.022490124176256357
16041,0.018193680020049216
16042,0.007462588791968301
16043,0.008763791336677968
16044,0.2802101284638047
16045,0.03154504634905606
16046,0.020312066341284664
16047,0.041894293231889604
16048,0.026263652169145644
16049,0.012808067835867404
16050,0.010541931675979867
16051,0.020631772964261472
16052,0.009287465555826203
16053,3.611909022947657e-4
16054,0.05237103195860982
16055,0.0045658121834276245
16056,2.1580193169938865e-4
16057,2.1580193169938865e-4
16058,4.057454276335193e-4
16059,0.01444963559275493
16060,0.012817649750504643
16061,0.0172283280803822
16062,0.024993738187476994
16063,0.03996095321141183
16064,0.12421280585229397
16065,0.015545623374637217
16066,0.088165083527565
16067,0.009870055980281905
16068,0.0074862360977567734
16069,0.693985118418932
16070,0.3030268144980073
16071,0.015183800596278161
16072,0.0030267901357728987
16073,0.2180710493400693
16074,0.03877648486290127
16075,0.1815781293436885
16076,0.314051485657692
16077,0.26153655745089055
16078,0.006850109917577356
16079,0.014389393506571651
16080,0.020740167072508486
16081,0.00286825007526204
16082,0.10704559011384845
16083,0.007722931489115581
16084,0.054679271960631014
16085,4.373683979792986e-4
16086,4.373683979792986e-4
16087,0.010934639933984726
16088,0.018239371643867342
16089,0.006533095946069807
16090,0.00726924067363143
16091,0.04238933331333101
16092,0.010885294172912835
16093,0.025891735539771615
16094,0.01720028662821278
16095,0.050185270225629214
16096,0.9352948847413063
16097,0.06635594075080008
16098,0.009264582634204998
16099,0.06738538712728769
16100,0.05643479448743165
16101,0.02446515712887049
16102,0.005936440417426639
16103,5.062168324366212e-4
16104,1.743217625153193e-4
16105,0.002058438120584469
16106,0.015108105326071382
16107,0.01647172001306899
16108,0.02783841534052044
16109,0.007230059412540868
16110,0.0251657433854416
16111,0.028438695464283226
16112,9.999313281150535e-4
16113,0.04991525336634368
16114,0.025699279853142798
16115,0.8113619658350945
16116,0.0020066712121479214
16117,0.0010166774954996072
16118,0.043668273012153806
16119,0.03166250087786466
16120,5.45467227420886e-4
16121,0.037116710608825085
16122,0.006020684788818471
16123,0.003317937840183731
16124,0.006020684788818471
16125,0.006020684788818471
16126,0.006020684788818471
16127,0.003317937840183731
16128,0.006020684788818471
16129,0.006020684788818471
16130,5.45467227420886e-4
16131,5.45467227420886e-4
16132,0.006298810093430802
16133,5.45467227420886e-4
16134,0.0011930679218494333
16135,5.45467227420886e-4
16136,0.0011110749360523186
16137,4.854925200925209e-4
16138,5.45467227420886e-4
16139,0.0015914255064853932
16140,5.45467227420886e-4
16141,5.45467227420886e-4
16142,0.0464696648158133
16143,0.007928499585250392
16144,0.021404083587694914
16145,0.014773626937530935
16146,0.016504951156675815
16147,0.0018095092321163974
16148,0.011598298619501292
16149,0.006147050587460398
16150,0.014773626937530935
16151,0.014773626937530935
16152,0.014773626937530935
16153,0.005666496495250612
16154,0.015636908027809114
16155,0.011859834160422906
16156,0.003667956946301274
16157,0.0026055279790307396
16158,0.0010637691279407591
16159,0.0010637691279407591
16160,0.0010637691279407591
16161,0.0010637691279407591
16162,6.479348146240227e-4
16163,0.001419668138405541
16164,0.0010637691279407591
16165,0.011417916690697893
16166,0.012020686310715973
16167,9.438857503118925e-4
16168,0.001489869494107552
16169,3.334512504261511e-4
16170,0.002285490584326908
16171,0.2376076043024659
16172,0.1284069100394845
16173,0.4575355120748281
16174,0.42115169711411
16175,0.06713425578549505
16176,0.03217856989242136
16177,0.01993533557280898
16178,4.499330532416934e-4
16179,0.031913168621249495
16180,0.020124719601590187
16181,0.16100065922364593
16182,0.0791308427695185
16183,0.0697815118264407
16184,0.008453888386720792
16185,0.006625500274822116
16186,0.01972221602220088
16187,0.006625500274822116
16188,0.01959768743487075
16189,0.07034359599463641
16190,0.17651566883549094
16191,0.0014274475841375533
16192,0.0683306160196662
16193,0.056570763187482956
16194,0.046551623824052514
16195,0.0011744088810519315
16196,0.011179093176033349
16197,0.008580404146341607
16198,0.8743283206224441
16199,0.15760776035487653
16200,0.03559007198549807
16201,0.007760931454831734
16202,0.04358990963548422
16203,0.05243566764518619
16204,0.03795575767755508
16205,0.01581782744266093
16206,0.2692595084384084
16207,0.0053856918937526645
16208,0.39578860156238077
16209,0.6210259328782558
16210,0.03215149010065943
16211,0.016906833115499467
16212,0.026785344644449652
16213,0.006118669235147536
16214,0.020410564756020905
16215,0.04992300433572382
16216,0.13610100092366337
16217,0.037613228168338536
16218,0.026878524916246534
16219,0.006970795405795798
16220,0.012112790913088247
16221,0.1078369114920497
16222,0.010915833627805113
16223,0.024874199316836893
16224,0.008377329293871298
16225,0.30983927242457865
16226,0.1087982571683824
16227,0.017690047505311668
16228,0.0050603373919148
16229,0.01672439620597288
16230,0.057017163131386044
16231,0.04705354485660791
16232,0.5728973725438118
16233,0.011579060921212659
16234,0.002284018229111098
16235,0.044011157876811924
16236,0.02425354825798422
16237,0.229397367015481
16238,0.06504243843257428
16239,0.021708807069808246
16240,0.03750703561119735
16241,0.019337995047681033
16242,0.008272663105744869
16243,0.0268824008340016
16244,0.010702772648073733
16245,0.03700324343051761
16246,0.03135639073327184
16247,0.028587331264279783
16248,0.059490252984687686
16249,0.0014358228800119832
16250,0.059490252984687686
16251,0.059490252984687686
16252,0.059490252984687686
16253,0.07042749498039484
16254,0.059490252984687686
16255,0.05842833958566189
16256,0.012022429190110415
16257,0.0018370130828407128
16258,0.026553375707007946
16259,0.04299256946891546
16260,0.013887780094519258
16261,0.04141948414035142
16262,0.005290167534258217
16263,0.0817305023688823
16264,0.0030681550712324678
16265,0.06743457386270166
16266,0.002526789906260092
16267,0.11588657839223743
16268,7.265520859800745e-4
16269,0.032417017333209515
16270,0.10807917760685086
16271,0.009544008909724653
16272,0.011067502344958484
16273,0.0020238507150497752
16274,0.014525056701386348
16275,0.012901243146043271
16276,0.3574267666041851
16277,0.15172182232141496
16278,0.5431577783823013
16279,0.05633021950721741
16280,0.01070249882293865
16281,0.017114231060259045
16282,0.05865486096590757
16283,9.547291237686295e-4
16284,0.09011635241098702
16285,0.15686880201101303
16286,0.04041945770848542
16287,0.07257367556914687
16288,0.004532375499838964
16289,0.004532375499838964
16290,0.08397401328198612
16291,0.008519338780315593
16292,0.007906822398072109
16293,0.004532375499838964
16294,0.0035000667592976244
16295,0.144252049010247
16296,0.004532375499838964
16297,0.23428263187408446
16298,0.12663794011808932
16299,0.07568645712919533
16300,0.00898774437024258
16301,0.023038707082159816
16302,0.047150338971987366
16303,0.0017037358041852712
16304,0.33063086446374657
16305,0.0019427009046194144
16306,0.012452417213935404
16307,0.013719194484874606
16308,0.0012635550340928602
16309,0.024662204384803772
16310,0.006888249081093818
16311,0.02270087675191462
16312,0.19682350236922502
16313,0.6894524228572846
16314,0.0036979327397421
16315,0.0011460902293038088
16316,0.13339544646441936
16317,0.08537137533538043
16318,0.03165015510283411
16319,0.10519462242722512
16320,0.004694780450954568
16321,0.008688631136901676
16322,0.19929887894541026
16323,0.0069495772564550865
16324,0.10519462242722512
16325,0.022211688510142266
16326,0.06610307117924094
16327,0.0857718475908041
16328,0.08426425016485155
16329,0.11181662932038307
16330,0.0388810029765591
16331,0.024840093315578998
16332,0.04591432882472873
16333,0.9314798694849015
16334,0.2048761148750782
16335,0.04577982231974602
16336,5.099404416250763e-4
16337,0.1816409191302955
16338,0.1257387127354741
16339,0.002786120038363151
16340,0.008875336316414177
16341,0.040747847044840455
16342,0.02168913729256019
16343,0.39580829210579394
16344,0.14225644893944264
16345,0.005119259165367112
16346,0.0067856230109464375
16347,0.07460570678114892
16348,0.002898643229273148
16349,0.002011604210711084
16350,0.004025730985449627
16351,0.004639070111443289
16352,0.08075828052591533
16353,0.36642781279981135
16354,0.002011604210711084
16355,0.004025730985449627
16356,0.002011604210711084
16357,0.009421232235617936
16358,0.002234216344950255
16359,0.024631532495841383
16360,0.06847711832262576
16361,0.09245872233062982
16362,0.17923609485849737
16363,0.005627413572510704
16364,0.16501658610999584
16365,0.002011604210711084
16366,0.002011604210711084
16367,0.002011604210711084
16368,0.03245745873078704
16369,0.010283286848571152
16370,0.0030457587775890717
16371,0.007092469463823363
16372,0.008350558548700064
16373,0.002507308050408028
16374,0.0029391591477906332
16375,0.0014339030149858444
16376,0.025900021987035872
16377,0.015785287010949105
16378,0.0030457587775890717
16379,0.001213838802941609
16380,0.003983468207879923
16381,0.006719212537864223
16382,0.001192584185191663
16383,0.05216225578449667
16384,0.012297780318185687
16385,6.768684492999455e-4
16386,6.090923941519577e-4
16387,0.008191780800698325
16388,0.01537069454556331
16389,0.017067200646270066
16390,0.001541608574334532
16391,0.05952267048880458
16392,0.003103828182211146
16393,0.0019660875271074476
16394,9.245765161176678e-4
16395,4.633825973360217e-4
16396,0.01704226915491745
16397,0.0031973043963080274
16398,0.0035018053828389383
16399,0.0071874153602402655
16400,0.0022128339653136207
16401,0.0030017181707080454
16402,0.02911107682157308
16403,0.13924252845346927
16404,0.02165792913176119
16405,0.04349328842014075
16406,0.925506554543972
16407,0.4986378939449787
16408,0.005394218056462705
16409,0.06580601716414095
16410,9.038849751232192e-4
16411,0.12326557595282793
16412,9.038849751232192e-4
16413,9.909655520459637e-4
16414,0.0037520549635519274
16415,0.011494962550932542
16416,0.0015391311777057126
16417,0.0015391311777057126
16418,0.0015391311777057126
16419,0.0015391311777057126
16420,0.0010340420446300414
16421,0.004490114643122069
16422,0.0015391311777057126
16423,0.007224418585537933
16424,0.004555383640690707
16425,0.004555383640690707
16426,0.21726236280053854
16427,0.24333160277456045
16428,0.004555383640690707
16429,5.510788277024403e-4
16430,0.03079801079351455
16431,0.5236211690306664
16432,0.013254149537533521
16433,0.07369773343205452
16434,0.01893995313439518
16435,0.01893995313439518
16436,7.565599977533566e-4
16437,0.0015159288608992938
16438,0.0015159288608992938
16439,0.0015159288608992938
16440,0.0014311212571919895
16441,0.002745357137173414
16442,0.0015159288608992938
16443,0.023458530597854407
16444,2.6955866458592935e-4
16445,0.022380228261463343
16446,0.0015159288608992938
16447,0.017422088249586524
16448,0.02672564478125423
16449,2.6955866458592935e-4
16450,2.6955866458592935e-4
16451,2.6955866458592935e-4
16452,2.6955866458592935e-4
16453,2.6955866458592935e-4
16454,2.6955866458592935e-4
16455,2.6955866458592935e-4
16456,3.1509951728367016e-4
16457,2.6955866458592935e-4
16458,0.8661023533344269
16459,2.6955866458592935e-4
16460,2.6955866458592935e-4
16461,2.6955866458592935e-4
16462,3.1509951728367016e-4
16463,2.6955866458592935e-4
16464,2.6955866458592935e-4
16465,2.6955866458592935e-4
16466,3.1509951728367016e-4
16467,2.6955866458592935e-4
16468,3.1509951728367016e-4
16469,0.0045009855442913246
16470,2.6955866458592935e-4
16471,7.167790647508809e-4
16472,0.0015159288608992938
16473,0.08018978799693287
16474,0.13406791631132364
16475,4.90401857168763e-4
16476,0.9431681683659554
16477,0.12178586540743709
16478,0.002825272620539181
16479,0.026246044996660202
16480,0.008089694465743378
16481,0.026011489927768708
16482,0.024777088868431746
16483,0.0065640116506256166
16484,0.03910970831289887
16485,0.07564673681743443
16486,0.024865667163394393
16487,0.025132061243057252
16488,0.028672314658761026
16489,0.01198411256307736
16490,0.08106556843034923
16491,0.10874687196686864
16492,0.004732091061305255
16493,0.054492109855636954
16494,0.04058236263692379
16495,0.001412346052529756
16496,0.001191443471761886
16497,0.0012052099597349298
16498,0.0012052099597349298
16499,0.01953532478539273
16500,0.025146977978292854
16501,0.004753812204580754
16502,0.03812683231662959
16503,0.0012052099597349298
16504,0.09742476340383291
16505,0.002804679802793544
16506,0.09755165631882846
16507,0.00512754546944052
16508,0.058652666471898554
16509,0.0032872281596064566
16510,0.004718771250918507
16511,0.002717485812609084
16512,0.001963804454135243
16513,9.08175482036313e-4
16514,0.012850511546712368
16515,0.08887190086767077
16516,0.11199657440185547
16517,0.006115106764482335
16518,0.004688628385483753
16519,0.02637318386696279
16520,0.0091466974071227
16521,0.11460262082517148
16522,0.0013451297358551529
16523,0.0635887095797807
16524,0.005025681620463729
16525,0.03929784928448498
16526,0.02637318386696279
16527,0.012896918365731836
16528,0.09202214332297444
16529,0.013167825411073864
16530,0.09821920081973076
16531,5.863593967660563e-4
16532,0.023513614553958177
16533,0.026217704531736673
16534,6.128535979951266e-4
16535,0.04506379642523825
16536,0.007716325088404119
16537,0.0533388939127326
16538,0.02631459343712777
16539,0.26993197850883005
16540,0.03315300701651722
16541,0.013464041822589933
16542,4.2818725407414607e-4
16543,0.0043300593510502946
16544,0.9690831696987152
16545,0.02650238781236112
16546,4.2818725407414607e-4
16547,0.07511846413835883
16548,0.016994485333561897
16549,0.02952443647198379
16550,0.10853427289985121
16551,8.058442917536013e-4
16552,0.03255227249115705
16553,0.03599550288636237
16554,0.05376726131886244
16555,0.07526197586208581
16556,0.900613175034523
16557,0.07003389993682503
16558,0.9614754939079284
16559,0.034288891647011044
16560,0.04778106151148677
16561,0.007423195124138146
16562,0.8613398888707161
16563,0.010929695861414075
16564,0.023761095707304777
16565,0.9598821389675141
16566,0.05628700234927237
16567,0.06172950092703104
16568,0.05807695519644767
16569,0.04264352047815919
16570,0.0322554587922059
16571,0.0010342982319707518
16572,0.2427108669653535
16573,0.0010342982319707518
16574,0.014880460253916681
16575,0.017269393673632293
16576,0.008751583091216162
16577,0.10194020930677652
16578,0.009260034394683316
16579,0.05466033371165395
16580,0.03700262220576406
16581,0.07760504964739084
16582,0.1968867084942758
16583,0.012859167710412294
16584,0.01441343002486974
16585,0.0010342982319707518
16586,0.149244914278388
16587,0.007253220152342692
16588,0.006391243705875241
16589,0.03813679655082524
16590,0.008688290213467554
16591,0.008403363378020003
16592,0.1242606457322836
16593,0.9253911453485489
16594,0.04153889263980091
16595,0.05479142159689218
16596,0.05479142159689218
16597,0.05312618704512715
16598,0.02000674843788147
16599,9.981725743273273e-4
16600,5.784262162342201e-4
16601,5.784262162342201e-4
16602,5.784262162342201e-4
16603,5.784262162342201e-4
16604,5.784262162342201e-4
16605,5.784262162342201e-4
16606,5.784262162342201e-4
16607,5.784262162342201e-4
16608,5.784262162342201e-4
16609,5.784262162342201e-4
16610,5.784262162342201e-4
16611,5.784262162342201e-4
16612,0.055319743119180205
16613,5.784262162342201e-4
16614,5.784262162342201e-4
16615,5.784262162342201e-4
16616,0.002036571459029801
16617,5.784262162342201e-4
16618,0.003546083795663435
16619,0.002036571459029801
16620,0.002590865309757646
16621,0.001354129336104961
16622,5.784262162342201e-4
16623,0.02179979112232104
16624,0.0024291661256575026
16625,0.032586393584497275
16626,0.00799849964911118
16627,0.020917712650261818
16628,0.020917712650261818
16629,0.19102888587862255
16630,0.010047931615263224
16631,0.014742204272188246
16632,0.007069476407486945
16633,0.0022451184870442373
16634,0.014835773687809705
16635,0.08706182359717786
16636,0.010085737992776558
16637,0.0032667517900699748
16638,0.0023997169360518455
16639,0.0079863197094528
16640,0.008133531019557267
16641,0.008273505386896432
16642,0.008273505386896432
16643,0.10255990708246827
16644,0.2674858505278826
16645,0.008127884028945119
16646,0.060652498109266165
16647,0.020141660852823408
16648,0.018768119905143977
16649,0.011827892381697893
16650,0.745620205104351
16651,0.16718227736651897
16652,0.04566573801450431
16653,0.019450813834555446
16654,0.8365233919024467
16655,0.012575125498697161
16656,7.568664143764181e-4
16657,0.010485380687750876
16658,0.010687760675791651
16659,0.019175658284220843
16660,0.03272250977810472
16661,0.014501306852325797
16662,0.022619663167279213
16663,0.005817092900397256
16664,0.010900003460701555
16665,0.01621619122568518
16666,0.01182365116197616
16667,0.002842708974494599
16668,0.08890948638319969
16669,0.06729641730897129
16670,0.2172328984737396
16671,0.0014628778398036958
16672,0.014538869799580426
16673,0.016527899345383047
16674,0.08781063098460436
16675,0.1286878197826445
16676,0.0191167964739725
16677,0.007729661833727732
16678,0.030425257286988198
16679,0.027335908678360284
16680,0.008746441098628566
16681,0.9874142432212829
16682,0.008454302452737466
16683,0.06196424334309995
16684,0.04721096344292164
16685,0.1288524755835533
16686,0.04700653249397874
16687,0.3182721017301083
16688,0.09169826408848167
16689,0.008454302452737466
16690,0.08781063098460436
16691,0.08313509766012431
16692,0.01032815471990034
16693,0.011717262093443424
16694,0.005961628027143888
16695,0.028747778949327767
16696,0.08825125645846128
16697,0.017974190157838167
16698,0.0011384914594236761
16699,0.9358366960287094
16700,0.018532046058680862
16701,0.015324465327430516
16702,0.008424639112781733
16703,0.8164783659577369
16704,0.011209333678707481
16705,0.22593310922384263
16706,0.0013848468645301182
16707,0.018538163423072546
16708,0.016620687679387628
16709,0.0052015138231217865
16710,0.013896654688287526
16711,0.0024362455744994806
16712,7.710251524986234e-4
16713,0.05518116743303835
16714,0.01762134661199525
16715,0.34058609418570995
16716,0.6414014504849911
16717,0.010022421234752983
16718,0.004698439662461169
16719,0.0013848468645301182
16720,0.002631632572156377
16721,0.15245362441986798
16722,0.017787570003420114
16723,0.48398321323096755
16724,0.007442276044748723
16725,0.055329236099496484
16726,0.03502668508328497
16727,0.013014186073560268
16728,0.1141652718372643
16729,0.010721870013512672
16730,0.04474720925092697
16731,0.01581358368275687
16732,0.006482845064019784
16733,0.059502554899081586
16734,0.0061039481952320784
16735,0.010619681755779311
16736,0.016070379784796387
16737,0.015153780090622604
16738,0.9186559450626374
16739,0.22010423198342324
16740,0.026194235207512975
16741,0.08454661543481051
16742,0.025632724603638052
16743,0.009728064143564552
16744,0.016983822607435285
16745,0.08686386515386403
16746,0.0038099312089616435
16747,0.009839885740075261
16748,0.38477392099797725
16749,0.023242519644554704
16750,0.004743350639473647
16751,8.946873139211675e-4
16752,0.9688194194436073
16753,0.010767527151620016
16754,0.02267656194511801
16755,0.005994957949733362
16756,0.013607514656614512
16757,0.08361153408885003
16758,0.011469071423634887
16759,0.0014438712257833686
16760,0.0021380367831443435
16761,0.06920387535355985
16762,0.009083051101770252
16763,0.012330253603868186
16764,0.03484324046876282
16765,0.019529791423119603
16766,0.0051940476836171
16767,0.0051940476836171
16768,0.016867235561367124
16769,0.01017020822269842
16770,0.015908548447769136
16771,0.04251842554658651
16772,0.01736785829765722
16773,0.03615331749431789
16774,0.03658879816532135
16775,0.0057670656859409065
16776,0.2994217632710934
16777,0.9488269355893135
16778,0.047856568284332754
16779,0.009186101831728593
16780,0.013542035899590701
16781,0.032935785818845036
16782,0.004309943692642264
16783,0.0025400832749437542
16784,0.0021204774983925746
16785,0.007755244148429483
16786,0.011774373687803746
16787,0.05033827573992312
16788,0.003942115678801201
16789,0.028433924997225402
16790,0.0027053621198865584
16791,0.0010157863750646357
16792,0.01251236345851794
16793,0.9437393483519554
16794,0.017228340725414456
16795,0.02860062721185386
16796,0.018025606060400604
16797,0.04816284745000303
16798,0.004648775159148499
16799,0.019478702296037226
16800,0.01856067943852395
16801,0.027746434919536114
16802,0.016162873855791987
16803,0.02939545358531177
16804,0.02467625110410154
16805,0.003041468800220173
16806,0.013218002318171784
16807,0.019316221391782164
16808,0.03373507814016193
16809,0.07374430293217302
16810,0.03373507814016193
16811,0.020106574883684517
16812,0.009218996112467721
16813,0.009399648592807352
16814,0.026132472329773008
16815,0.04073888206388801
16816,0.015350034448783845
16817,0.01182040746556595
16818,0.01889319124398753
16819,0.0718817484471947
16820,0.1166123822517693
16821,0.010654926444403827
16822,0.020767357428558172
16823,0.010654926444403827
16824,0.00411018269136548
16825,0.014553902400657535
16826,0.014553902400657535
16827,0.014227451568003743
16828,0.008941377814626322
16829,0.03728196346666664
16830,0.02505953154992312
16831,0.011945323015097528
16832,0.025014747264795006
16833,0.010662798639386892
16834,0.09432596830651165
16835,0.12551950968801975
16836,0.004714930763002485
16837,0.0029423677554586904
16838,0.029755826848559083
16839,0.004995761925238184
16840,0.0057399186468683186
16841,0.0015642277692677453
16842,0.0172140265093185
16843,0.0035109710617689414
16844,0.0035109710617689414
16845,0.00960894756950438
16846,0.06711686555296183
16847,0.006416636327048764
16848,0.020318476338870822
16849,0.006759119679918513
16850,0.00477121259784326
16851,0.00477121259784326
16852,0.00477121259784326
16853,0.00477121259784326
16854,0.8772463223338127
16855,0.012419360924977809
16856,0.012419360924977809
16857,0.005734016572823748
16858,0.023153113569132983
16859,0.029192967265844347
16860,0.003097649037372321
16861,0.0025851510517532006
16862,0.014736273437738418
16863,0.025265303966589273
16864,0.0032674456457607447
16865,0.4475860022008419
16866,0.0015570966922678054
16867,0.012248069490306079
16868,0.06385021516121923
16869,0.00690889009507373
16870,0.016876773722469807
16871,0.11871405092999339
16872,0.055556032489985224
16873,0.003614297866006382
16874,0.029753485526889563
16875,0.09566367113962769
16876,0.22436643950641155
16877,0.013408045540563763
16878,0.040323455967009064
16879,0.011939579411409796
16880,0.016544311069883407
16881,0.002425231394881848
16882,0.005164836007752456
16883,0.2019099225103855
16884,0.029946647929027678
16885,0.08856143290176988
16886,0.003975983980926685
16887,0.030697213234379888
16888,0.035574041213840245
16889,0.04663708378560841
16890,0.11446136778220534
16891,0.007154103196226061
16892,0.014019421974662691
16893,0.0029673553729662673
16894,0.00995814808877185
16895,0.044127778550609946
16896,0.0034380130987847223
16897,0.0069673255132511255
16898,0.00850090702995658
16899,0.009895134118851274
16900,0.014548983792774379
16901,0.009978663282236084
16902,0.016672987780766563
16903,0.018683520634658633
16904,0.04391391220502555
16905,0.015185181323904545
16906,0.10434054780751467
16907,0.05738629549741745
16908,0.015477433926425874
16909,0.027418032605201006
16910,0.016369265883695333
16911,0.013378032378386705
16912,0.046688407165929674
16913,0.046688407165929674
16914,0.008155147968791425
16915,0.026587984599173067
16916,0.062434053076431156
16917,0.008532636790769176
16918,0.009958795752609148
16919,0.00757821379287634
16920,0.01731602675281465
16921,0.004108383263810538
16922,0.014290889182593674
16923,0.041075318125076594
16924,0.08580079391598701
16925,0.08580079391598701
16926,0.030157000892795622
16927,0.1968128039315343
16928,0.011688435615506023
16929,0.04262886157259345
16930,0.005028932064305991
16931,0.020381419663317503
16932,0.01517430946463719
16933,0.04558443063404411
16934,0.04361298306845129
16935,0.011340489501599223
16936,0.015530297136865556
16937,0.005068186492426321
16938,0.004005318887648173
16939,0.003609188210684806
16940,0.0026192506874212996
16941,0.015212133635068313
16942,0.003535100389854051
16943,0.003535100389854051
16944,0.002421566400153097
16945,0.003535100389854051
16946,0.003535100389854051
16947,0.02036051223287359
16948,0.0048848926677601415
16949,0.10639734818600118
16950,0.11388252794742584
16951,0.006005860683508217
16952,0.017929634246975183
16953,0.014940683702006937
16954,0.01592131574638188
16955,0.012485322779975832
16956,0.02197343381587416
16957,0.02037795267999172
16958,0.4269431897997856
16959,0.005895299425465055
16960,0.002533850742620416
16961,0.06807567397132516
16962,0.04679891866631806
16963,0.01366040256805718
16964,0.022402724218554795
16965,0.0036179168702801688
16966,0.003246568562462926
16967,0.028374494053423405
16968,0.028374494053423405
16969,0.058854614021256565
16970,0.08335484886541962
16971,0.3757867179811001
16972,0.010523838547524065
16973,0.1285765228047967
16974,0.018360904748551548
16975,0.013683861340396106
16976,0.011256369203329087
16977,0.012986760013736784
16978,0.02745107386261225
16979,0.004107923298724927
16980,0.004591732346452773
16981,0.007139820525189862
16982,0.022307936125434934
16983,0.00618649575393647
16984,0.004694662886904553
16985,0.006285851814900525
16986,0.002079845896514598
16987,0.014448369746096432
16988,0.3911968398839235
16989,0.01032203838811256
16990,0.006192470627138391
16991,0.009321376105071976
16992,0.008745753279654309
16993,0.015383919284213335
16994,0.018222210677340627
16995,0.01206846556859091
16996,0.006714479606598616
16997,0.005456442108261399
16998,0.05328075017780066
16999,0.004112492222338915
17000,0.011971282452577725
17001,0.07730630012229085
17002,0.0034836865990655495
17003,0.011595204607583582
17004,0.003931823020684533
17005,0.003931823020684533
17006,0.009832418739097192
17007,0.005516324314521625
17008,0.00917094221804291
17009,0.007230291897431016
17010,0.004025919108535163
17011,0.003901700626593083
17012,0.0037261938763549552
17013,0.019784046579152347
17014,0.010202078956644982
17015,0.016008543828502298
17016,0.0048872738284990195
17017,0.007081973359454423
17018,0.02401504042558372
17019,0.037219354417175055
17020,0.003767327870009467
17021,6.980200138059445e-4
17022,0.06229562697000802
17023,0.004924944458180107
17024,0.011767115371767431
17025,0.035478683160617946
17026,0.013649754435755312
17027,0.01659115754067898
17028,0.05024825436063111
17029,0.01091522972797975
17030,0.004692296476569027
17031,0.016749415965750813
17032,0.00803053193492815
17033,0.013103342184331268
17034,0.00644299449515529
17035,0.0028724381120991895
17036,0.060484223100356754
17037,0.0016295269192778505
17038,0.024250131845474244
17039,0.006949608323629945
17040,0.007828262142138555
17041,0.007006932116346434
17042,0.006121146919904277
17043,0.019001787658780814
17044,0.02233778825495392
17045,0.003512988067232072
17046,0.02373007795307785
17047,0.006682833562372252
17048,0.20080970268696546
17049,0.14579767080023884
17050,0.029427234381437302
17051,0.007860653657699003
17052,0.017724241018295287
17053,0.03705587927252054
17054,0.037392807165160774
17055,0.004381225197575987
17056,0.006618209956213832
17057,0.002167447003594134
17058,0.013526078255381435
17059,0.006864746734499931
17060,0.004071559644071385
17061,0.006194604965858161
17062,0.0033813672262476757
17063,0.007238397186156363
17064,0.03193975219503045
17065,0.014617711729370058
17066,0.012874750657938422
17067,0.23995628785341977
17068,0.008107906035147607
17069,0.03193975219503045
17070,0.04412535248324275
17071,0.003564905557432212
17072,0.11542971756309271
17073,0.15061688585206867
17074,0.015157555856276303
17075,0.012027792328735814
17076,9.027812030399219e-4
17077,0.8573038876056671
17078,0.02154157303273678
17079,0.0744503704085946
17080,0.008229639761848375
17081,0.005601127861300483
17082,0.0033792880934197457
17083,6.398561969399452e-4
17084,0.003908824251266196
17085,0.008399308690568432
17086,0.006933053876273334
17087,0.01811802830081433
17088,0.02245945346541703
17089,0.01699708660133183
17090,0.07257982425391674
17091,0.003908824251266196
17092,0.014752660135272891
17093,0.0010100857602083125
17094,0.26364055696874855
17095,0.032735974085517226
17096,0.1673513239994645
17097,0.0012011286670167464
17098,0.05026792978867888
17099,0.008062878085765987
17100,0.0582936701644212
17101,0.015480708424001932
17102,0.002342040955845732
17103,0.010891834542853758
17104,0.09619236797094345
17105,0.10524808030575514
17106,0.007006932116346434
17107,0.0023358926948276347
17108,0.0025805920781567693
17109,0.01157288753427565
17110,0.05543788720853627
17111,0.01072652037255466
17112,0.006058883611112833
17113,0.0010896536501240916
17114,0.0011307215757551602
17115,0.026496802719775586
17116,0.0760911550745368
17117,0.0055174169212114064
17118,0.0018518427675007843
17119,9.993104177556233e-4
17120,6.406493684335146e-4
17121,0.0017617266468005254
17122,0.010369501159875654
17123,0.0019648681426770054
17124,7.619585763313807e-4
17125,0.0017617266468005254
17126,0.025423957710154356
17127,0.007627336667501368
17128,0.0028762846009340137
17129,0.001655533858720446
17130,0.02789963473798707
17131,6.406493684335146e-4
17132,0.003215339494345244
17133,6.406493684335146e-4
17134,0.0018561691790819168
17135,0.009927711992058903
17136,0.005699318955885246
17137,0.0055238103272859
17138,0.002869036048068665
17139,0.007351890398422256
17140,0.006390365731203928
17141,0.010845970892114564
17142,0.0037223990354686974
17143,0.026878933561965822
17144,0.00474039772641845
17145,0.02909176663029939
17146,0.00903622935526073
17147,0.008179775894386693
17148,5.770896283502225e-4
17149,0.0027831258915830405
17150,0.00903622935526073
17151,0.003487017957959324
17152,0.008780500332359225
17153,0.008852826067013667
17154,0.0026348393893567846
17155,9.27275872672908e-4
17156,6.583819728984963e-4
17157,0.003686800406430848
17158,0.005699445080244914
17159,0.005801106359576806
17160,0.010323153476929293
17161,0.0037613859720295297
17162,8.378863890538923e-4
17163,0.0025778430205537005
17164,0.0014325655842549168
17165,0.17126735601574183
17166,0.023946054787375035
17167,0.007596128426957876
17168,0.004651317250682041
17169,0.013124551945365966
17170,5.471119992580498e-4
17171,0.03992456850595772
17172,0.018709669080562888
17173,0.04372993507422507
17174,0.03712995161768049
17175,0.014940683702006937
17176,6.365300506877247e-4
17177,0.05608679108321667
17178,0.019536351547576488
17179,0.006864547321456484
17180,0.00486868153209798
17181,0.0035573984461370854
17182,0.005292910472489893
17183,0.01156270935665816
17184,0.014969819968100637
17185,0.021955476268194617
17186,0.021955476268194617
17187,0.006818142223637551
17188,0.0030430395109578966
17189,0.007912846871186048
17190,0.13571574045345186
17191,0.010567780532874167
17192,0.019221290447749197
17193,0.014046783621888609
17194,0.009495993241434917
17195,0.10275158056989313
17196,0.005157781788147986
17197,0.006240914018126205
17198,0.050476892376318576
17199,0.05975071503780782
17200,0.008384370589628815
17201,0.20706987246870995
17202,0.008600265257991851
17203,0.015421250613871961
17204,0.002316480952722486
17205,0.00818246737588197
17206,0.010508388972375542
17207,0.0037564579484751447
17208,0.001706792479089927
17209,0.0017956341785611584
17210,0.008702182399574668
17211,0.006505701853893697
17212,0.006704304789891467
17213,0.04343445700593293
17214,0.01601154764415696
17215,0.001706792479089927
17216,0.011798302796669304
17217,0.038204940212890504
17218,0.6247093650698662
17219,6.546865985001205e-4
17220,0.004130124612129293
17221,0.009038396573159843
17222,6.546865985001205e-4
17223,0.0033973793062614275
17224,0.004358252358506434
17225,0.04639627244789153
17226,9.791824460262432e-4
17227,0.0021626151871168985
17228,0.06753731610253454
17229,0.0012852897796256002
17230,0.0073566539527382705
17231,0.0014433882449520752
17232,0.041833318807184695
17233,0.00362632465781644
17234,0.008153801176231355
17235,3.8475240180559924e-4
17236,0.025651091374456883
17237,5.810416550230002e-4
17238,0.008499530440894887
17239,0.003437893076916225
17240,0.00632552414550446
17241,0.004574435336980969
17242,0.0644551713950932
17243,0.0048788228229386735
17244,0.3838286294043064
17245,5.853242096054601e-4
17246,3.316288058704231e-4
17247,3.316288058704231e-4
17248,0.007135145807405934
17249,0.012996182872448116
17250,0.04552777983248234
17251,0.27678226716816423
17252,0.0025885432196082548
17253,0.0049395079456735404
17254,0.0014923887481563724
17255,0.04924037907272577
17256,9.891927633725573e-4
17257,0.008697797792265191
17258,0.01705861372407526
17259,0.1279271459951997
17260,0.8654004380106926
17261,0.3795875778049231
17262,0.9030876705050468
17263,0.9420747721195221
17264,0.004661995716160164
17265,0.03639437017962337
17266,0.00248150201048702
17267,0.0020047921425430104
17268,0.0026214251283090562
17269,0.0030393703235313298
17270,0.00893782019848004
17271,0.022590667963959275
17272,0.01944583002012223
17273,0.5466251702606678
17274,0.0023736997490050272
17275,0.0023736997490050272
17276,0.0023736997490050272
17277,0.009662866892758757
17278,0.004305876969592646
17279,0.0015719088463811205
17280,0.0023736997490050272
17281,0.002155266153276898
17282,0.0030393703235313298
17283,0.012987729019951075
17284,0.013942804688122123
17285,0.03560092748142779
17286,0.011544580787885934
17287,0.014765878599137068
17288,0.00906546879792586
17289,0.02838708954397589
17290,0.014062756148632616
17291,0.014062756148632616
17292,0.03085037653334439
17293,0.0028068813058780505
17294,0.014365986734628678
17295,0.02166411785176024
17296,0.0048675741255283355
17297,0.08537807922810316
17298,0.03696725049056113
17299,0.0012777029498829506
17300,0.052996094208210706
17301,0.11285681070759893
17302,0.004147152101504617
17303,0.004147152101504617
17304,0.004147152101504617
17305,0.004147152101504617
17306,0.026355018813628703
17307,0.0516563993319869
17308,0.18218489501625298
17309,0.9568659317493439
17310,0.04788168346043676
17311,0.048456593742594124
17312,0.7459334909915925
17313,0.030065261241979897
17314,0.008726317615946754
17315,0.1161379573121667
17316,0.007557060791878029
17317,0.00676782667869702
17318,0.0051303222781280055
17319,0.013821505256928504
17320,0.1128954971767962
17321,0.013535141258034854
17322,0.00904845522949472
17323,0.0367560255061835
17324,0.00416999155189842
17325,0.0032979178777895867
17326,0.014995601840782911
17327,0.013518505012616516
17328,0.026003637411631645
17329,0.04621188591234386
17330,0.008152354587800802
17331,0.9797673532366753
17332,0.06405665638856589
17333,0.007841022912180052
17334,0.005804340237518773
17335,0.009563000248745084
17336,0.0041929432947654275
17337,0.0052610061020823195
17338,0.06114792205393314
17339,0.002268618108937517
17340,0.027695697085000574
17341,0.921655978858471
17342,0.017756637735292315
17343,0.004243717927602119
17344,0.05558666327036917
17345,0.21324623409658672
17346,0.007202952055959031
17347,0.0037051341263577343
17348,0.12617809686809778
17349,0.15109159834682942
17350,0.022698808871209623
17351,0.014834497263655067
17352,0.0031666099920403213
17353,0.015219379013869912
17354,0.03800725410692394
17355,0.012629691273905336
17356,0.01595805400516838
17357,0.014696509691420943
17358,0.07693820199929177
17359,0.165539119169116
17360,0.07157607389613986
17361,0.07677619741298258
17362,0.9560141667723656
17363,0.0012052275345195084
17364,0.024378993175923826
17365,0.004113079204689712
17366,0.049572648890316484
17367,0.005695836422964931
17368,0.06388885903172195
17369,0.009366502647753804
17370,0.009366502647753804
17371,0.02729586314409971
17372,0.016900168547872452
17373,0.003783250968554057
17374,0.08503036020323634
17375,0.9474991717934609
17376,0.03870907217264175
17377,0.017790010604076086
17378,0.034022491327486935
17379,0.04219319004565478
17380,0.019563841158524154
17381,0.013937437031418086
17382,0.006594235253287479
17383,0.157455319724977
17384,0.10417777072638273
17385,0.02032960890326649
17386,0.016999183853622524
17387,0.05359842348843813
17388,0.01168541104067117
17389,0.011324801314622164
17390,0.03107778089120984
17391,0.016748153406661005
17392,0.013154626116156578
17393,0.13144923074170947
17394,0.1317221925780177
17395,0.14472069846466185
17396,0.005972654159413651
17397,0.00470249337493442
17398,0.02360905775334686
17399,0.047661602068692445
17400,0.0436862544901669
17401,0.0031139302236260847
17402,0.07520289581269025
17403,0.07520289581269025
17404,0.32268739864230156
17405,0.014410336446017026
17406,0.02372309986036271
17407,0.02002394039183855
17408,0.003999089086428285
17409,0.0050040621520020066
17410,0.006252600432489998
17411,0.015752574123907834
17412,0.017693708557635544
17413,0.02225599267985672
17414,0.011798298365902156
17415,0.042185977790504696
17416,0.03936766211874783
17417,0.01492220742860809
17418,0.00695085488492623
17419,0.003984763387124985
17420,0.0014349896513158455
17421,0.002459355144237634
17422,0.12952262172475457
17423,0.023705252055078743
17424,0.004906255100504495
17425,0.0012523308231902775
17426,0.003913036469602957
17427,0.001054500316386111
17428,0.007002401041099802
17429,0.0037125019036466254
17430,0.0033664224279345944
17431,0.014541905168443918
17432,0.022448266218416394
17433,0.006899368981830776
17434,0.0057291890727356075
17435,0.016426704849582165
17436,0.010420757660176605
17437,0.0076781791378743944
17438,0.011010137307457625
17439,0.010630891227629035
17440,0.014342641555704177
17441,0.0023730564629659058
17442,7.897302570927423e-4
17443,7.897302570927423e-4
17444,7.897302570927423e-4
17445,7.897302570927423e-4
17446,0.009599864105693997
17447,0.025338696097023786
17448,0.004297025453997776
17449,0.014489481761120259
17450,0.03271530360914767
17451,0.009023325727321207
17452,0.0032886660523945466
17453,0.0019791984336916357
17454,0.0353262594062835
17455,0.884007630944252
17456,0.11032680844888092
17457,0.02459357741754502
17458,0.16267254078760743
17459,0.04994145761243999
17460,0.011923906800802797
17461,0.055048585059121254
17462,0.32711861487478017
17463,0.05274708622135222
17464,0.00903247564798221
17465,0.00813185513485223
17466,0.005285531113040634
17467,0.01080771187087521
17468,0.0023300428956281394
17469,0.01139582650968805
17470,0.006375850166659802
17471,0.0032975076843285932
17472,0.017122932132333516
17473,0.021149948070524262
17474,0.022822821936570106
17475,0.015068145494442433
17476,0.016698319278657437
17477,0.0017797974473796785
17478,0.4123915955424309
17479,0.19940277319401503
17480,0.040982143161818384
17481,0.011652106837136671
17482,0.9915524926781655
17483,0.012974148069042712
17484,0.19364976104348897
17485,0.3832158539444208
17486,0.0018537318540620617
17487,0.0024497364863054825
17488,0.007657595307100564
17489,0.183103842549026
17490,0.00822927879402414
17491,0.07923035079613328
17492,0.012857143362052738
17493,0.010052280048839748
17494,0.025306631317362188
17495,0.7132951989769936
17496,0.01064107361715287
17497,0.009713050507707521
17498,0.0050019014475401495
17499,0.007939717816188931
17500,0.004523545021074824
17501,0.026410707398317756
17502,0.011309658887330442
17503,0.007532449278514832
17504,0.002857239743170794
17505,0.0022365029429784046
17506,0.007953494829125702
17507,0.705724581182003
17508,0.005092066422221251
17509,0.003292497498332523
17510,0.03218781435512938
17511,0.03724770297296345
17512,0.07545654736924917
17513,0.07352808113209904
17514,0.021368454680778085
17515,0.016766766249202193
17516,0.023521909499540927
17517,0.06545401806011795
17518,0.023191099532414227
17519,0.5806169298291206
17520,0.03578619932290167
17521,0.0020695810514735056
17522,0.30072830848395826
17523,0.0016876029851846397
17524,0.0346980786556378
17525,0.022356993397697807
17526,0.20521175369620323
17527,0.09702113412320613
17528,0.0494781778473407
17529,0.2179150443524122
17530,0.057704051677137616
17531,0.0035867351823253555
17532,0.033604490393772724
17533,0.003455199663294479
17534,0.011325953030027449
17535,0.02179932679515332
17536,0.016426913881441577
17537,0.06753805645741523
17538,0.8700519749522209
17539,0.07977666798979044
17540,0.002022618858027272
17541,0.34100473038852214
17542,0.011832357929088176
17543,0.0035867351823253555
17544,0.003455199663294479
17545,0.003455199663294479
17546,0.16384894389659166
17547,0.08543575171381235
17548,0.0035867351823253555
17549,0.037165422076359395
17550,0.04804515453055501
17551,6.375698754709447e-4
17552,0.0527456921339035
17553,0.01108934694668278
17554,0.034577273055911066
17555,0.026659630024805665
17556,0.0011310805042739958
17557,0.01887926714029163
17558,0.002635075699654408
17559,0.06332425521686673
17560,0.0011310805042739958
17561,0.05498288929462433
17562,0.26189533654600383
17563,0.11853974284604192
17564,0.037165422076359395
17565,0.0320278656296432
17566,0.01743580901995301
17567,0.0828220042027533
17568,0.04550036481115967
17569,0.04693689786829054
17570,0.01515760033391416
17571,0.014659703484503551
17572,0.025919199730269613
17573,0.22231570176780224
17574,0.16989175973460077
17575,0.010188151798211038
17576,0.19222338750958443
17577,0.004557973069313448
17578,0.3502713957801461
17579,0.13873203590512276
17580,0.0035166122403461485
17581,0.26444108989089726
17582,0.12335042599588633
17583,0.1791140165552497
17584,0.1320735151693225
17585,0.951154730618
17586,0.6490218125283718
17587,0.009063125159591436
17588,0.008066145140910521
17589,0.02713618385605514
17590,0.0021321625265409237
17591,0.028785639554262162
17592,0.013707407568581402
17593,0.8529243874549866
17594,0.01882083578966558
17595,0.0327367422170937
17596,0.1497920267470181
17597,0.9264277029037475
17598,0.16949841748923064
17599,0.16949841748923064
17600,0.005858746512094512
17601,0.09620197024196386
17602,0.006322163031436503
17603,0.007554221149766818
17604,0.9113661202788353
17605,0.04140791086480022
17606,0.044185755224898454
17607,0.014620485510677099
17608,0.0026381655706791208
17609,0.0026381655706791208
17610,8.668331692751963e-4
17611,0.00350288769666804
17612,9.94058612122899e-4
17613,0.007911047916859388
17614,9.94058612122899e-4
17615,0.02541777355596423
17616,0.00799818618921563
17617,0.004684144398197532
17618,0.003568688307132106
17619,0.0065686488477513195
17620,0.052203934099525215
17621,0.0032967246693442575
17622,0.007909123813733458
17623,0.12061360947787762
17624,0.8216497847437858
17625,0.688107490837574
17626,0.0600656421482563
17627,0.02938604490365833
17628,0.04702354548498988
17629,9.94058612122899e-4
17630,0.03657057285308838
17631,0.02549111094325781
17632,0.018541365212295203
17633,0.04325400964356959
17634,0.020121341766789556
17635,0.023955360944382845
17636,0.013963603746378794
17637,0.01791011431487277
17638,0.0077549085067585115
17639,0.00392051366972737
17640,0.0014908634609309957
17641,0.006961937653250061
17642,0.00392051366972737
17643,9.935122278693599e-4
17644,0.021531846770085395
17645,0.4595754818618298
17646,0.07438256261870264
17647,0.002170256605895702
17648,0.0022871479607420044
17649,0.12895819963887334
17650,0.9364526638388634
17651,0.03835331134498119
17652,0.002170256605895702
17653,0.002170256605895702
17654,0.03055868106894195
17655,0.24997392620891332
17656,0.010871419524773955
17657,0.07783222898840904
17658,0.1236254857480526
17659,9.919894505583215e-4
17660,3.563036492050742e-4
17661,0.0532431316934526
17662,0.0010710242837376426
17663,0.0959931259136647
17664,0.0012659874696691986
17665,0.6266943569481372
17666,0.005798311721300706
17667,0.008819740598555654
17668,0.04891636108979583
17669,0.008612766208825633
17670,0.030975892818532885
17671,0.0017712087774998508
17672,0.004236472035991028
17673,0.06036216584034264
17674,0.2704104042425752
17675,0.09368498379364609
17676,0.0794665855821222
17677,0.03631973915733397
17678,0.4370515490323305
17679,0.021451815660111607
17680,0.051973434006795285
17681,0.00380163544556126
17682,0.007346080137649551
17683,0.005982179860584438
17684,0.05805838162545115
17685,0.13859574627131224
17686,0.6404346244037151
17687,0.021970492908731102
17688,0.004411577997962013
17689,0.06315441232174634
17690,0.09655094646848739
17691,0.07618644976988435
17692,0.004207241983385757
17693,0.06894509670324624
17694,0.002746761189773679
17695,0.0897212679311633
17696,0.030797295370139182
17697,0.08411246858537197
17698,0.15055891185998915
17699,0.0019326870344229974
17700,0.11749923368915915
17701,0.050401373254135254
17702,0.9907029923796654
17703,0.021813910524360835
17704,0.008181964145042003
17705,0.07029573261737823
17706,0.02002648021094501
17707,0.057790676429867745
17708,0.0032470057311002167
17709,0.03859971115365624
17710,0.05821153832599521
17711,0.008965588592691347
17712,0.00459473323833663
17713,0.08074878772720695
17714,0.028048927502240986
17715,0.2657118028402328
17716,0.09726417198777199
17717,0.0033091379102552308
17718,0.0304563615238294
17719,0.006304044513963163
17720,0.08070481976494193
17721,0.012825767772737891
17722,0.00551364577608183
17723,0.009491903686430304
17724,0.1553882609307766
17725,0.042717236494645476
17726,0.005035280691809021
17727,0.1658179402165115
17728,0.048641658490523695
17729,0.00790338746504858
17730,0.007039217764977366
17731,0.005671231306623667
17732,0.047692534290254114
17733,0.006836124078836292
17734,0.021666686376556756
17735,0.05584947386756539
17736,0.018474820021074267
17737,0.9665968012809754
17738,0.0181659515039064
17739,0.06643106418661773
17740,0.004200380810652859
17741,0.009448999627493323
17742,0.004098927484592423
17743,0.0076308983436319975
17744,0.07086208519525826
17745,0.019214124688878655
17746,0.004038246981217526
17747,0.007510492289438844
17748,0.0011629641307808925
17749,0.8845355334877968
17750,0.004038246981217526
17751,0.00947035760851577
17752,0.02810493962606415
17753,0.01121846460038796
17754,0.03452861572150141
17755,0.003267754180706106
17756,0.020742608020082116
17757,0.07488596424460411
17758,0.053259280854836104
17759,0.015905892844311893
17760,0.0017156108834024053
17761,0.27076387040317057
17762,0.13811728158965708
17763,3.0277373974968213e-4
17764,0.033837389256805184
17765,3.0277373974968213e-4
17766,3.2017130848544184e-4
17767,0.02608799305278808
17768,4.829597898788052e-4
17769,3.2017130848544184e-4
17770,4.829597898788052e-4
17771,3.2017130848544184e-4
17772,0.015905892844311893
17773,0.029020940819755196
17774,0.6543034052848816
17775,0.010928897098638117
17776,0.009406005433993414
17777,0.1691110346466303
17778,0.6277246731519699
17779,0.022873044847510755
17780,0.013216356666525826
17781,0.006133743847021833
17782,0.007523440219229087
17783,0.005503772833617404
17784,0.25377923861145973
17785,0.08640220976434648
17786,0.01207467733649537
17787,0.1819965868629515
17788,0.058931655203923586
17789,0.6551860149204731
17790,0.0061659059696830805
17791,0.08054069308564067
17792,0.003911881652311422
17793,0.03515166479162872
17794,0.07483226593583822
17795,0.0429906265437603
17796,2.5462842830165756e-4
17797,0.08579336581751704
17798,0.016307318471372127
17799,0.00950500969425775
17800,0.023445180533453822
17801,0.01460313495947048
17802,0.018996629561297596
17803,0.04445471817627549
17804,0.10616670064628124
17805,0.007602680696872994
17806,0.031859060297720135
17807,0.7303967198729515
17808,0.006183971650898457
17809,0.012649762772489338
17810,0.008608693339629098
17811,0.013283613715320825
17812,0.0032063344173366205
17813,0.02963599112816155
17814,0.002602987446880434
17815,0.028245971193537115
17816,0.008653730961377733
17817,0.0023449888968025334
17818,0.004505842077196576
17819,0.006944369615521282
17820,0.0029542230104561895
17821,0.03481935169082135
17822,0.22113268960267304
17823,0.9577216619253158
17824,0.002346063986478839
17825,0.004669751492911018
17826,0.015924700486939402
17827,0.010183760893996805
17828,0.01489257272798568
17829,0.12327011587098241
17830,0.03375211647711694
17831,0.004761032840469852
17832,0.07635495593771338
17833,0.05643874256871641
17834,0.058772176317870614
17835,0.0011861909966683014
17836,0.2171138160303235
17837,0.003074265657924116
17838,0.00954162324895151
17839,2.746409551764373e-4
17840,2.482197541030473e-4
17841,2.82812648692925e-4
17842,3.7760676896141375e-4
17843,2.82812648692925e-4
17844,2.482197541030473e-4
17845,0.001158849780476885
17846,0.0020185439111082815
17847,0.009955796824069694
17848,2.482197541030473e-4
17849,0.024388532787561416
17850,0.004475549011258409
17851,2.82812648692925e-4
17852,2.82812648692925e-4
17853,6.799299393605906e-4
17854,0.033491435991600156
17855,0.001455683554522693
17856,0.0017690931554534472
17857,0.0013887361811066512
17858,5.986752989701927e-4
17859,0.002641785743180662
17860,0.06611468739807606
17861,0.173298391290009
17862,0.009966453918023034
17863,3.940942368717515e-4
17864,0.04941144535318017
17865,3.857300819072407e-4
17866,3.36262669734424e-4
17867,3.522021981552825e-4
17868,0.0013195597579760943
17869,3.522021981552825e-4
17870,3.522021981552825e-4
17871,0.01276368874590844
17872,3.522021981552825e-4
17873,0.009097416148288176
17874,5.833900199650088e-4
17875,0.07533446095883846
17876,0.04488709679804742
17877,0.0016069495226838626
17878,0.01390830886317417
17879,0.0019407014761236496
17880,0.0034702640608884395
17881,0.0977512026950717
17882,9.114448151376565e-4
17883,0.04733201125636697
17884,0.0438769115973264
17885,0.9345322650671005
17886,0.0012152601697016506
17887,0.014007867102045567
17888,0.10260837964713573
17889,0.7161752307415008
17890,0.04216300276108086
17891,0.082379101626575
17892,0.007136756964027882
17893,0.013896179129369557
17894,0.03685897663468495
17895,6.768180132348789e-4
17896,0.6338233734667301
17897,0.01247221236815676
17898,0.7576129199564456
17899,0.01717389627592638
17900,0.09994838122278452
17901,0.028689462267793717
17902,0.8814783290028572
17903,0.0057540478830924256
17904,0.003740968639031053
17905,0.017060532509349288
17906,0.10728229499422014
17907,0.05886504284106195
17908,0.014230918479152024
17909,0.006391211494337768
17910,0.007819711628835649
17911,0.005651048299623654
17912,0.006775361431064084
17913,0.004862509410595521
17914,0.0038569788562017493
17915,0.00877711353241466
17916,0.0077256569254677745
17917,0.00674008994246833
17918,0.019085303423926236
17919,0.0077256569254677745
17920,0.0026014286806457674
17921,0.01600203800480813
17922,0.08411911100149155
17923,0.08174646643921733
17924,0.08174646643921733
17925,0.08174646643921733
17926,0.008849948097486049
17927,0.0077256569254677745
17928,0.002491233512701001
17929,0.002864641855703667
17930,0.0025799659959739075
17931,0.002286424383346457
17932,0.0032016162684885786
17933,0.0035913997865282
17934,0.10891715221107007
17935,0.38623850367963314
17936,0.0038036082102917133
17937,0.009092249621171505
17938,0.0010004816637956538
17939,0.02977575216908008
17940,0.0023600044200429693
17941,0.005476699987775646
17942,0.008184987208805979
17943,0.09704571900889278
17944,0.012162905144505203
17945,4.5481211902369977e-4
17946,4.459497817515512e-4
17947,0.0017654699672129937
17948,0.018725813694763928
17949,0.010624365017283708
17950,0.10698305757716298
17951,0.01597524863900617
17952,0.179270312320441
17953,0.055200885613448915
17954,0.059642560798674825
17955,0.008981902052182704
17956,0.02599279165500775
17957,0.33258284099400043
17958,0.005308253688854165
17959,0.001392413095018128
17960,0.001392413095018128
17961,0.001392413095018128
17962,0.0027436729913461024
17963,0.03742398452013731
17964,0.006899249297566712
17965,0.004499332566047088
17966,0.2146808948740363
17967,0.18372798059135675
17968,0.06716464530210942
17969,0.004298879377893172
17970,0.640754841119051
17971,0.019634202292654664
17972,0.006894181978423148
17973,0.007356947064399719
17974,0.02641527121886611
17975,0.046492062229663136
17976,0.024405229757539927
17977,0.03356290992349386
17978,0.012881499663926661
17979,0.003961885502794757
17980,0.016590520618483425
17981,0.012881499663926661
17982,0.012881499663926661
17983,0.05969634768553078
17984,0.0030476393981371075
17985,0.0125445846747607
17986,0.015134198628365993
17987,0.016215833162423223
17988,0.007782356588868424
17989,0.2040397210046649
17990,0.017074054463300854
17991,0.02504743084311485
17992,0.06574540445581079
17993,0.017210777648724616
17994,0.007253607858438045
17995,0.017835486663971098
17996,0.03433625390287489
17997,0.11901983894407749
17998,0.009276368846185505
17999,0.006857381586451083
18000,7.526939124363707e-4
18001,0.02504419411532581
18002,0.011998718567192555
18003,0.0028690494695911184
18004,0.0036926077672978863
18005,0.035332427208777516
18006,0.018273654009681194
18007,0.10739869253709912
18008,0.009950529348570854
18009,0.009529054962331428
18010,0.0141620281804353
18011,0.027409824915230273
18012,0.0315956985973753
18013,0.1902699477225542
18014,0.026710276026278734
18015,0.9753754150867462
18016,0.043937515327706934
18017,0.012782343828584999
18018,0.006787854249123484
18019,0.012026191347977146
18020,0.006126296782167628
18021,0.020918553955852986
18022,0.012501757824793458
18023,0.01206511871656403
18024,0.2890774043649435
18025,0.005852224176051095
18026,0.1052132761105895
18027,0.005015207669348456
18028,0.004143907531397417
18029,0.08817631211131811
18030,0.008296471562935039
18031,8.587015671946574e-4
18032,0.014710379575844854
18033,0.006193811483681202
18034,0.007852534055709839
18035,0.004954039329313673
18036,0.011748832266312093
18037,0.007519079586490989
18038,0.004667432135320269
18039,0.024739345898851753
18040,0.10922141877934337
18041,0.06130107033997774
18042,0.03835935806389898
18043,0.030796912065707147
18044,0.004685710672056302
18045,0.006643519150093198
18046,0.017283421442843973
18047,0.013222783550154417
18048,0.007203651976305991
18049,0.15121475314721466
18050,0.010211087270872667
18051,0.00645860891439952
18052,0.041491073514334856
18053,0.009052140095736832
18054,0.005974560981849208
18055,0.024334849203005434
18056,0.0012556858225434553
18057,0.0022171424538828433
18058,0.028981063817627727
18059,0.02135688661132008
18060,0.010837943556252868
18061,0.01577119342982769
18062,0.01782842244254425
18063,0.1338008773326874
18064,0.012811114985961467
18065,0.01613902356941253
18066,0.061710507227107886
18067,0.17074069306254386
18068,0.1476728486828506
18069,0.02513170551043004
18070,0.006452249529538676
18071,0.2437558275088668
18072,0.07334418291226029
18073,0.010599115777295083
18074,0.0032878939987858757
18075,0.06945299563929438
18076,0.013054580215830357
18077,0.0253202622407116
18078,0.04296620079316199
18079,0.17391696631908415
18080,0.8197262313961983
18081,0.033348076003603636
18082,0.18135932695120574
18083,0.017148464682977645
18084,0.017148464682977645
18085,0.009202654235996305
18086,0.06552662754431367
18087,0.010386103452183305
18088,0.007910234236624092
18089,0.016341165497433394
18090,0.10555290395393968
18091,0.09900551045313477
18092,0.024110373738221825
18093,0.0013224809561506845
18094,0.006309916190803051
18095,0.005150355122750625
18096,0.13383566323667764
18097,0.0020799883415747898
18098,0.002183415584731847
18099,0.02232938609784469
18100,0.8867812383174897
18101,0.16278260473161935
18102,0.10303004506975412
18103,0.3593640187382698
18104,0.025371339484117926
18105,0.08405449436977505
18106,0.003670056487317197
18107,0.002142903459898662
18108,0.030675100828520954
18109,0.022879151958040893
18110,0.002368665252579376
18111,0.027906858255155386
18112,0.14114741563796998
18113,0.047250955388881265
18114,0.005580404981737956
18115,0.016240134128020146
18116,0.057398112444207075
18117,0.011610366858076305
18118,0.001655855267017614
18119,0.001655855267017614
18120,0.10242647221311926
18121,0.001655855267017614
18122,0.001655855267017614
18123,0.001655855267017614
18124,0.02470616704551503
18125,0.001829410848149564
18126,0.010076415926450864
18127,0.01603941694367677
18128,0.1347060157544911
18129,0.004064649944775738
18130,0.022031113039702177
18131,0.010144513554405422
18132,0.03857391219586134
18133,0.6384218895435333
18134,0.18734120327979326
18135,0.021081593306735157
18136,0.0017791723945993
18137,0.02293407987803221
18138,0.0017791723945993
18139,0.1347910238057375
18140,0.012459841964300722
18141,0.01597600826295093
18142,0.3339955221116543
18143,0.015283044532407076
18144,0.023728169822134076
18145,0.02293407987803221
18146,0.32454080797731877
18147,0.025210508876480162
18148,0.33700228821486233
18149,0.03394593826495111
18150,0.06563880456611514
18151,0.006955656899372116
18152,0.005604598774225451
18153,0.0535876883007586
18154,0.003833890729001723
18155,0.03562894909642637
18156,0.03158402740955353
18157,0.12764144910499453
18158,0.014153740524780006
18159,0.015151155476924033
18160,0.014322915149386972
18161,0.0050184352463111285
18162,0.028841825760900976
18163,0.011140316773671657
18164,0.005048030147445388
18165,0.003788309119991027
18166,0.0010645158763509244
18167,0.041311366483569145
18168,0.04905318816192448
18169,0.0160885229264386
18170,0.2194436388090253
18171,0.029149601315148176
18172,0.026886167186312378
18173,0.12770999532192945
18174,0.0330400895467028
18175,0.019427483789622783
18176,0.00368261453055311
18177,0.0047590169939212505
18178,0.028204363151453436
18179,0.2144537136144936
18180,0.1255456334538758
18181,0.003230874032014981
18182,0.03264896673150361
18183,0.06717271668836475
18184,0.09789585268124938
18185,0.009535625155549496
18186,0.00680935189826414
18187,0.0025821766463923266
18188,0.008199752635555342
18189,0.9682981315255165
18190,0.06137327417731285
18191,0.014918174708727748
18192,0.08563570860773324
18193,0.9396156534552574
18194,0.0069090778415557
18195,0.03309922442771494
18196,0.0035571231716312467
18197,0.09362171091139317
18198,0.005121190849458799
18199,0.7121895599365234
18200,0.025511208651587368
18201,0.04619446056894958
18202,0.7430226105451584
18203,0.0149319589859806
18204,0.2519162390381098
18205,0.5202238517999649
18206,0.027594870459288358
18207,0.004894124662387185
18208,0.031821187026798724
18209,0.22419366970658303
18210,0.13653277022764088
18211,0.01694847791455686
18212,0.010553184720920398
18213,0.00692454059724696
18214,0.1520142463222146
18215,0.01886844295077026
18216,0.5357710459083319
18217,0.10532238544896246
18218,0.02842094294261187
18219,0.0076596037426497786
18220,0.01836673474404961
18221,0.007860051854513585
18222,0.0035971529938979073
18223,9.798186947591603e-4
18224,0.009449728744802996
18225,9.798186947591603e-4
18226,9.798186947591603e-4
18227,0.001569506488594925
18228,9.798186947591603e-4
18229,9.798186947591603e-4
18230,0.0012078173199552111
18231,0.003166589200263843
18232,0.0013209655760147143
18233,9.798186947591603e-4
18234,0.0013209655760147143
18235,0.0013209655760147143
18236,9.798186947591603e-4
18237,9.798186947591603e-4
18238,9.798186947591603e-4
18239,0.010187400305294431
18240,0.017671226863749324
18241,0.0065941177925560625
18242,0.336162124350667
18243,0.5074493911862373
18244,0.02048664419678971
18245,0.11626215558499098
18246,0.029697230234742165
18247,0.2210073298215866
18248,0.27879038084298374
18249,0.07520564471371471
18250,0.15265011139214038
18251,0.03884684552904218
18252,0.9705188110470772
18253,0.3061838755756617
18254,0.5316844926774502
18255,0.00551381737808697
18256,0.024857735857367516
18257,0.13555388793349266
18258,0.015353161660023033
18259,0.01369528251932934
18260,0.060259009636938574
18261,0.40107038035988807
18262,0.01197943559847772
18263,0.02523033000063151
18264,0.13426234265789389
18265,0.005936441860976629
18266,0.14550677750259638
18267,0.0028102098032832144
18268,0.0028102098032832144
18269,0.9118648472428322
18270,0.006834005387499929
18271,0.052271305252797905
18272,0.6434707373380661
18273,0.16689285181462765
18274,0.0414574476191774
18275,0.02932518654037267
18276,0.06172835648991168
18277,0.0047388172801584
18278,0.002095385002612602
18279,0.027562405259814113
18280,0.004265215990017168
18281,0.005426904166815802
18282,0.014322270893026144
18283,0.0704829384200275
18284,0.06944123135879636
18285,0.013334218603558838
18286,0.015960684239398688
18287,0.13180367393419146
18288,0.031757009872235356
18289,0.015960684239398688
18290,0.015341633447678759
18291,0.004282643485348672
18292,0.37501125410199165
18293,0.0286812691250816
18294,0.013960635848343372
18295,0.03920924668200314
18296,0.03177713899873197
18297,0.022001399539876728
18298,0.019817264101002364
18299,0.015755759289022536
18300,0.04464782555121929
18301,0.016760078077204525
18302,5.504230632504914e-4
18303,0.0011695960903307422
18304,0.24039937529712915
18305,0.03393799486104399
18306,0.004859770109178498
18307,0.009317270652391017
18308,0.15883704010397195
18309,0.010249144128756597
18310,0.013023110076319426
18311,0.02441246825037524
18312,0.0465250875428319
18313,0.0019429522834252565
18314,0.06666378694586456
18315,0.00258350548800081
18316,0.013795224474743009
18317,8.601081330562011e-4
18318,0.01003723720787093
18319,8.601081330562011e-4
18320,8.601081330562011e-4
18321,0.00939786475384608
18322,8.601081330562011e-4
18323,8.601081330562011e-4
18324,0.03298585799522698
18325,0.028287463705055416
18326,8.601081330562011e-4
18327,0.026680506002157926
18328,8.601081330562011e-4
18329,8.601081330562011e-4
18330,8.601081330562011e-4
18331,8.601081330562011e-4
18332,8.601081330562011e-4
18333,8.601081330562011e-4
18334,0.0029133101616753265
18335,0.024232706096954645
18336,0.01751515484182164
18337,0.014399026350583882
18338,0.0032890690752537923
18339,0.004827406886033714
18340,0.03619467018172145
18341,0.0032890690752537923
18342,0.5576929694414139
18343,8.601081330562011e-4
18344,0.10685964815318584
18345,0.05095811618492007
18346,0.4840731334686279
18347,0.05889167065732181
18348,8.601081330562011e-4
18349,0.006817383015877567
18350,0.09699994601309299
18351,0.018793654264882206
18352,8.601081330562011e-4
18353,0.10884764359332622
18354,0.07143138436600566
18355,0.005037191555020399
18356,0.8212686982750893
18357,0.017366413187701255
18358,0.0660218196734786
18359,0.021441370844841004
18360,0.016965129959862678
18361,0.04020094780717045
18362,0.006499271504580974
18363,0.018970837946981192
18364,0.5571273659169674
18365,0.09876775475218892
18366,0.0033234627929050477
18367,0.013899811533046886
18368,0.9296233820915222
18369,0.04667415592819452
18370,0.5216883059591055
18371,0.025244353120215238
18372,0.06038419619202614
18373,0.31351587384939195
18374,5.890614601230482e-4
18375,5.890614601230482e-4
18376,5.890614601230482e-4
18377,4.90906669801916e-4
18378,0.04523495330475271
18379,5.890614601230482e-4
18380,5.890614601230482e-4
18381,5.890614601230482e-4
18382,5.890614601230482e-4
18383,5.890614601230482e-4
18384,5.890614601230482e-4
18385,5.890614601230482e-4
18386,5.890614601230482e-4
18387,5.890614601230482e-4
18388,5.890614601230482e-4
18389,5.890614601230482e-4
18390,0.058304188940674066
18391,0.07390218554064631
18392,0.0625098289269954
18393,5.890614601230482e-4
18394,5.890614601230482e-4
18395,0.10650975925847889
18396,0.0032783474927418864
18397,0.10626725478097797
18398,0.0056694667681586
18399,0.04112775397021323
18400,0.6624137108027935
18401,0.06579898378811777
18402,0.017419073008932175
18403,0.02693996442947537
18404,0.0028416355862282217
18405,0.006565392567426898
18406,0.009437506609829142
18407,0.009646518025547265
18408,0.005467770539689809
18409,0.004726199995493516
18410,0.04113140548579395
18411,0.07757759439758956
18412,0.1746551931090653
18413,0.03960252912715077
18414,0.029608597895130515
18415,0.04980638772714883
18416,0.4008831200748682
18417,0.007093854037811979
18418,0.17373707385733725
18419,0.2650346887484193
18420,0.005696875753346831
18421,0.002650587886746507
18422,0.1659326604939997
18423,0.3459067541360855
18424,0.16406720841303468
18425,0.03154757611453533
18426,0.7967618751525879
18427,0.9247737541794777
18428,0.009691508538089692
18429,0.0654726747982204
18430,0.01995330662932247
18431,0.01938546745106578
18432,0.021740713145118207
18433,0.010476203927537427
18434,0.4732858520746231
18435,0.1629281723126769
18436,0.8278981032967567
18437,0.03795047665014863
18438,0.06661578035913408
18439,0.20284699209034443
18440,0.039952533850446344
18441,8.398141167708672e-4
18442,0.0018366737062751781
18443,8.398141167708672e-4
18444,0.00212960272008786
18445,0.07794676302932203
18446,0.22954742483794688
18447,0.005814815496560186
18448,0.03137353845406324
18449,0.14195485591888427
18450,0.11217088432982564
18451,0.0022178973277914337
18452,0.0034704967308789494
18453,0.08503433665260672
18454,0.04085898860357702
18455,0.016469121471745892
18456,0.022559006107039748
18457,0.022559006107039748
18458,0.013019545648712666
18459,0.006391899032751098
18460,0.01296046147821471
18461,0.04847563020884991
18462,0.008477443462470546
18463,0.04430462701246143
18464,0.00651820874074474
18465,0.021974541458766907
18466,0.003265501067508012
18467,0.0087492545414716
18468,0.18839959481731058
18469,0.004276700890623033
18470,0.014622451025061309
18471,0.6546678388118744
18472,0.02094473790144548
18473,0.07123546334914863
18474,0.06977522598579526
18475,0.005171171540860086
18476,0.9634281045198441
18477,0.12725086523219942
18478,0.0014976761674915906
18479,0.0025696717045502735
18480,0.054487324673682454
18481,0.024132762942463158
18482,0.03994381587021053
18483,0.03301879004575312
18484,0.056929750028066335
18485,0.023439991101622582
18486,0.005723653890891
18487,0.2788873498514295
18488,0.035995724191889164
18489,0.001695900720951613
18490,0.04025251764804125
18491,0.0277072957996279
18492,0.009142527346266433
18493,0.0028395243544946424
18494,0.0033948218385921793
18495,0.044856594344601035
18496,0.012354738696012646
18497,0.02177194933174178
18498,0.004412848778883927
18499,0.00610755181289278
18500,0.005301641827682033
18501,0.0015761785442009568
18502,0.015058678570203482
18503,0.02306714022997767
18504,0.11756189135834574
18505,0.0022116507787723096
18506,0.0693850408680737
18507,0.056811950886622074
18508,0.06269094426184893
18509,0.24378875251859428
18510,0.0024321621435228736
18511,0.013761417469941079
18512,0.021040321039035918
18513,0.003687231181538664
18514,0.05988023841753602
18515,0.02796257010195404
18516,0.0016013237336301245
18517,0.036725099962204695
18518,0.002360514237661846
18519,0.00754767470061779
18520,0.002648232240753714
18521,0.0022684402007143944
18522,0.044288317253813145
18523,0.1682690216600895
18524,0.0058483508427161724
18525,0.0022116507787723096
18526,0.006865982069866732
18527,0.03697225071489811
18528,0.20636271685361862
18529,0.024768259874545038
18530,0.027217498826794327
18531,0.04297750475816429
18532,0.02998167279176414
18533,0.012444732319563627
18534,0.0652482676692307
18535,0.03364400033839047
18536,0.005873640537029132
18537,0.01179079039953649
18538,0.0082882596843410275
18539,0.17883150791749358
18540,0.002229166206670925
18541,0.0022152234430541286
18542,0.021203132281079888
18543,0.005080685173161328
18544,0.0016657546415808611
18545,0.007189676330890507
18546,0.005021023875451646
18547,0.002987921567400917
18548,0.010729698515497148
18549,0.02872343755327165
18550,0.007523292655823752
18551,0.1727800851687789
18552,0.01821941655129194
18553,0.004991443337057717
18554,0.010816340774763376
18555,0.0032812387525336818
18556,0.0014291822965606115
18557,0.00875664570601657
18558,0.0024485167069360613
18559,0.0024653933229274116
18560,0.031041318401694298
18561,0.02963563869241625
18562,0.006264329634141177
18563,0.8279085209965706
18564,7.242363411933183e-4
18565,7.242363411933183e-4
18566,7.242363411933183e-4
18567,7.242363411933183e-4
18568,7.242363411933183e-4
18569,0.0021706517896382138
18570,0.0010573549455148168
18571,0.0021706517896382138
18572,0.00858796261716634
18573,0.0022696912157698533
18574,0.0046421917108818885
18575,0.03923780455254018
18576,0.004306460733059794
18577,0.008434677787590772
18578,0.02771553228609264
18579,0.004981215571751818
18580,0.010512259781826287
18581,0.001496864015061874
18582,0.001496864015061874
18583,0.01773401871789247
18584,0.1916160636767745
18585,0.029217881904914974
18586,0.024648611308075486
18587,0.016821026308462023
18588,0.3382878775894642
18589,0.014060680342372506
18590,0.04745515841990709
18591,0.0019097513923770747
18592,0.026733063724823296
18593,0.07508175523951649
18594,0.002606259923777543
18595,0.026853264844976365
18596,0.004869572488241829
18597,0.006685830733040347
18598,7.954607060673879e-4
18599,0.0015204480131797028
18600,0.024737901457119734
18601,4.1256913675169927e-4
18602,0.020365754985250534
18603,0.04635558978654444
18604,0.00772697723004967
18605,0.04965914895758033
18606,0.01232227825326845
18607,0.031980324033647776
18608,0.008879796024411917
18609,0.23472645577043294
18610,0.0037830738321645184
18611,0.02048950067255646
18612,0.027288587712682784
18613,0.008234250543173402
18614,0.012833856015931814
18615,0.045847624046728014
18616,0.5424209477007389
18617,0.015278585941996426
18618,0.008253669824916869
18619,0.002289113197475672
18620,0.0666785132419318
18621,0.03652270538732409
18622,0.018519306951202453
18623,0.03605417607352138
18624,0.0719977000914514
18625,0.0525123443827033
18626,0.0056604653038084506
18627,0.11026508806273341
18628,0.021804553465917708
18629,0.0030686507682548838
18630,0.0028401045853388494
18631,0.023281102497130633
18632,0.4166002836078405
18633,0.006087497922126203
18634,0.016438532003667204
18635,0.035604554498568176
18636,0.060016737217083574
18637,0.004756270891521126
18638,0.023130526947788894
18639,0.0034994275594362988
18640,0.10888846000656485
18641,0.03187098673544824
18642,0.10756380157545209
18643,0.03617822675034404
18644,0.013688003809656948
18645,0.0024543289956636726
18646,0.0020779385513742454
18647,0.013556447091978042
18648,0.033526100171729925
18649,0.0014419286632619333
18650,0.02856404851656407
18651,0.027287236489355562
18652,0.016789360884577036
18653,0.0023547592741670086
18654,0.0959487581346184
18655,0.061137035954743624
18656,0.05013619545381516
18657,0.008626828535925597
18658,0.03046418323647231
18659,0.004433726691058837
18660,0.005918505525914952
18661,4.4516794398077766e-4
18662,0.05559149327687919
18663,6.985815200459911e-4
18664,0.04941396592184901
18665,0.027048516375944017
18666,0.027048516375944017
18667,0.0031732017267495395
18668,0.027048516375944017
18669,0.018691778499633074
18670,0.027048516375944017
18671,0.010085623336490244
18672,0.0013162625464610755
18673,0.09639469806104899
18674,0.05626431312412024
18675,6.985815200459911e-4
18676,0.09639469806104899
18677,0.06647745871916413
18678,6.985815200459911e-4
18679,0.009527234829729423
18680,6.985815200459911e-4
18681,6.985815200459911e-4
18682,6.985815200459911e-4
18683,0.0031449053782853296
18684,6.985815200459911e-4
18685,0.017155814999714494
18686,0.0023085217663901857
18687,0.01871518511790782
18688,0.0010684044448134955
18689,0.057588094221428035
18690,0.010085623336490244
18691,0.001853622623020783
18692,0.02179899421520531
18693,0.015551040035206824
18694,0.02179899421520531
18695,0.9513145190477371
18696,0.04605029557831585
18697,0.020162046407349407
18698,0.00910263627069071
18699,0.014870106999296695
18700,7.604584312502993e-4
18701,0.012087701729033142
18702,0.0020050413673743605
18703,0.006245092166354879
18704,0.01708292145980522
18705,0.01080343731911853
18706,0.0020661040864069944
18707,0.0026791392953600733
18708,0.012626317800022662
18709,0.0037516081077046694
18710,0.014009640951408074
18711,0.013828183135483414
18712,0.002033442229148932
18713,0.024295049412176015
18714,0.03832828384824097
18715,0.015654089273884893
18716,0.014563179519027471
18717,0.003444367131451145
18718,0.002103474762116093
18719,0.0027277356071863323
18720,0.059928000308573245
18721,0.06829457150772214
18722,0.019539002024102956
18723,0.004809140664292499
18724,0.016434406521730126
18725,0.016434406521730126
18726,0.016434406521730126
18727,9.577481658197939e-4
18728,0.0018299814729834908
18729,0.01895159725099802
18730,0.02800381918437779
18731,0.024767287778668105
18732,0.005266808938467875
18733,0.010200633849017322
18734,0.018207676163874566
18735,0.017360130380839108
18736,0.005148986750864424
18737,0.015245561245828867
18738,0.0026230484555708243
18739,0.024767287778668105
18740,0.001195787714677863
18741,0.002333610241767019
18742,0.037039907667785886
18743,0.001756447962252423
18744,0.0012037667361437343
18745,0.05209521695971489
18746,0.003129474742745515
18747,0.021568493298254908
18748,0.03023841682355851
18749,0.0327364694699645
18750,0.0011079460318433121
18751,0.007204607245512307
18752,0.03941809128038585
18753,0.002193954445538111
18754,0.020459777573123575
18755,0.004902962353080511
18756,0.03732913143001497
18757,0.02852598230820149
18758,0.010691993981599807
18759,0.007204607245512307
18760,0.05082772127352655
18761,0.057959919646382335
18762,0.012553367430809885
18763,0.0340510942786932
18764,0.01047686931444332
18765,0.0038574727351078763
18766,0.03123561174143106
18767,0.10762212038040161
18768,0.014083752743899822
18769,0.012376018834766
18770,0.060670381281524896
18771,0.0032409455120796338
18772,0.0164710517693311
18773,0.020230230956804006
18774,0.004802327272482216
18775,0.002551206654170528
18776,0.01976074148900807
18777,0.00536789617035538
18778,0.05424667145591229
18779,0.006829233366297558
18780,0.022291221357882023
18781,0.04993612221442163
18782,0.023076749579049646
18783,0.00577636873931624
18784,0.018694001575931908
18785,0.023442278397269548
18786,0.013049168577417732
18787,0.0010773869072727394
18788,0.04203406586311757
18789,0.9736174112558365
18790,0.10454476518556476
18791,0.021344908042810858
18792,0.016306593627668918
18793,0.05840612431056798
18794,0.001769961881072959
18795,0.04480000851675868
18796,0.00823352055856958
18797,0.0029701250907965006
18798,0.0026608504820615055
18799,7.901567227963824e-4
18800,7.901567227963824e-4
18801,7.901567227963824e-4
18802,0.0015477310345158911
18803,0.0015477310345158911
18804,0.0015477310345158911
18805,0.46660722225904466
18806,0.047306698551401495
18807,0.0042097234062384815
18808,0.0028280451183672994
18809,0.0030081809480907397
18810,0.0015633483088458887
18811,0.25935846589505673
18812,0.027837326121516525
18813,0.005128330020816065
18814,0.009278072211891412
18815,0.009278072211891412
18816,0.041205482240766284
18817,0.05025093634612858
18818,0.02349660428240895
18819,0.002620101761131082
18820,0.01656092292862013
18821,0.8801572179794311
18822,0.007846566207008436
18823,0.005411626472487115
18824,0.041323963813483716
18825,0.030970505860168487
18826,4.4891702811582945e-4
18827,0.027294611886609345
18828,0.008676464401651174
18829,0.02209716896060854
18830,0.04022441173903644
18831,0.04065256608184427
18832,0.04022441173903644
18833,0.015933465459384025
18834,0.004417350795993116
18835,0.011968414832372218
18836,0.03617607380263507
18837,0.015868665454909205
18838,0.11498426528647542
18839,0.0016807846835581585
18840,0.001141253186215181
18841,0.001141253186215181
18842,0.009829545700922608
18843,0.001141253186215181
18844,0.0012631330697331577
18845,0.0012631330697331577
18846,0.0012631330697331577
18847,0.0014529729018977378
18848,0.007140618833946064
18849,0.004992844466469251
18850,0.033329400476068256
18851,0.007398680439218879
18852,0.0012865497838356532
18853,0.04285377760417759
18854,0.009634216756094247
18855,0.06357466058805585
18856,0.02875830909702927
18857,0.031320905247703194
18858,0.31832239277660845
18859,0.020593033409677445
18860,0.025271737989969553
18861,0.03625439500436187
18862,0.10939832942560315
18863,0.04021802073344588
18864,0.5719918163120746
18865,0.005780661624157801
18866,0.014149913708679377
18867,0.04951721234247088
18868,0.03170964183285832
18869,0.017537379439454527
18870,7.54302536151954e-4
18871,0.010060983845032751
18872,0.002907234103186056
18873,0.009557393558789045
18874,0.008257398867281154
18875,0.005242941331816837
18876,0.02162244027480483
18877,0.001572950414265506
18878,0.02562991195358336
18879,0.02637526816688478
18880,0.002831558565958403
18881,0.010358722517266869
18882,0.008660158045822755
18883,0.1511147405952215
18884,0.012430154882604256
18885,0.012160764497239143
18886,0.0033884481419227085
18887,0.011538283037953078
18888,0.0015510999159596395
18889,0.0012092554503760767
18890,0.004072967275278643
18891,0.046081223106011746
18892,0.002737381387851201
18893,0.008415236787404865
18894,0.0016830767921055666
18895,0.01461123286280781
18896,0.0036168944597011433
18897,0.001343261945876293
18898,0.0059676178614608945
18899,0.07553350977599621
18900,0.0012410102009016554
18901,0.001135749591194326
18902,5.49382652679924e-4
18903,0.0015510999159596395
18904,0.009656299732159822
18905,5.49382652679924e-4
18906,0.001135749591194326
18907,0.001135749591194326
18908,0.0015870420818100684
18909,5.49382652679924e-4
18910,4.2388192920043364e-4
18911,0.03401340795680881
18912,0.005003276978968642
18913,0.0015510999159596395
18914,0.0016821655492822174
18915,0.001135749591194326
18916,0.0015510999159596395
18917,0.001135749591194326
18918,0.001135749591194326
18919,0.001135749591194326
18920,0.0015510999159596395
18921,0.003141919811896514
18922,0.007458788931835443
18923,0.01779055901337415
18924,0.002258565954398364
18925,0.009656299732159822
18926,0.0015510999159596395
18927,0.0016821655492822174
18928,0.009656299732159822
18929,5.49382652679924e-4
18930,0.009656299732159822
18931,0.009656299732159822
18932,5.49382652679924e-4
18933,0.007458788931835443
18934,0.0025057020217354874
18935,0.057992768213152884
18936,0.13724961739033462
18937,0.0064388231781777
18938,0.03477386223617941
18939,0.0031570033211028204
18940,0.015411802250891924
18941,0.20007742788642646
18942,0.006145816014613956
18943,0.001719100090849679
18944,0.00890100876800716
18945,0.004835713290376588
18946,0.0018092699450789952
18947,0.0018092699450789952
18948,0.0018092699450789952
18949,0.003861146590206772
18950,0.12469356022775173
18951,0.020240977816283704
18952,0.005992115911794826
18953,0.005992115911794826
18954,0.16475714679807424
18955,0.015120707526803017
18956,0.08599011052399874
18957,0.9590578508377076
18958,0.004461474194540642
18959,0.004461474194540642
18960,0.02703102646395564
18961,0.030740591599605977
18962,0.004808709259377792
18963,0.08087636228650809
18964,0.002242580681340769
18965,3.194982877539587e-4
18966,3.194982877539587e-4
18967,0.02582457338925451
18968,0.021072098845615984
18969,0.0013473370295832864
18970,0.013561222922289744
18971,0.015437163794413209
18972,0.005846069797407836
18973,0.0011309721748693847
18974,0.0011309721748693847
18975,0.0011309721748693847
18976,0.0011309721748693847
18977,0.002665841993293725
18978,0.0019905308520537803
18979,8.835188424563967e-4
18980,0.04567801298573613
18981,0.10776184340938925
18982,0.7727810660004616
18983,0.00728555190959014
18984,0.04276648020371795
18985,0.0369646018743515
18986,1.6152611484358204e-4
18987,3.194982877539587e-4
18988,0.0017465928875026293
18989,0.05323412043042481
18990,0.0020873433697852304
18991,0.001941520828404464
18992,0.003930450838524848
18993,0.021481501488015056
18994,0.00791803839034401
18995,0.008512380090542138
18996,0.03276520327664912
18997,0.0016759181595989504
18998,0.07055710449814796
18999,0.01701651609968394
19000,0.0763078312203288
19001,0.018304884650278838
19002,0.002458537855709437
19003,0.033773152148351075
19004,0.22216537162661554
19005,0.022088565740268677
19006,0.0024042496591573583
19007,0.3001173041015863
19008,0.001581574615847785
19009,0.0012970097744255326
19010,0.061685692695900796
19011,0.061685692695900796
19012,0.06287530834786594
19013,0.008801355161704123
19014,0.011341883814893663
19015,0.010883717206306756
19016,0.0038057898363331333
19017,0.0019064083741977811
19018,0.0042000579967862
19019,0.008787028391379863
19020,0.007088814486050979
19021,0.007784028826281428
19022,0.08990923754870891
19023,0.041523851864039896
19024,0.0014710859292245005
19025,0.014263013119343668
19026,0.10603379569016397
19027,0.08524142045527697
19028,0.0019898502092109993
19029,0.03458179690875113
19030,0.1881370345875621
19031,0.09490843564271927
19032,0.0024386046594008803
19033,0.00216473131760722
19034,0.009586575735593215
19035,0.02086209208704531
19036,0.008697107350453735
19037,0.0014112930634291843
19038,0.008653444848023354
19039,0.0056103076145518575
19040,0.026489139832556248
19041,0.016923327408730985
19042,0.002449342917825561
19043,0.018701404638122768
19044,0.03455806596437469
19045,0.00430349565227516
19046,0.054378335243090985
19047,0.7340582001209259
19048,0.003470569244818762
19049,0.008231407540733926
19050,0.02617527120746672
19051,0.005092825259198435
19052,0.01137034107465297
19053,0.0051875204080715775
19054,0.009938676579622552
19055,0.003132781019085087
19056,0.00847167965490371
19057,0.04012126288376749
19058,0.011349253812804818
19059,0.018012325735762714
19060,0.08741580768488348
19061,0.04063495081383735
19062,0.021622617030516267
19063,0.01979445463977754
19064,0.010696328235790134
19065,0.020937882815487682
19066,0.01979445463977754
19067,0.0010489755851449444
19068,0.0010489755851449444
19069,0.025777438869699836
19070,0.02235628118738532
19071,0.01582641005748883
19072,0.025777438869699836
19073,0.010179386085364967
19074,0.016794531052000822
19075,0.012635381107684225
19076,0.014914573770947754
19077,0.20760681074112652
19078,0.20760681074112652
19079,0.003213169873924926
19080,0.020850945049896836
19081,0.027888085022568704
19082,8.089320843282621e-4
19083,0.049079786697402594
19084,0.11059409558773041
19085,0.0022145426899078304
19086,0.0015342720967601053
19087,0.021851389887742698
19088,0.05674846287816763
19089,0.02804164214991033
19090,0.001613598107069265
19091,0.00300987716880627
19092,0.1591568209975958
19093,0.1591568209975958
19094,0.006046146180015057
19095,0.006046146180015057
19096,0.04092368585057557
19097,0.005129132635775022
19098,0.0037993994873249904
19099,0.022749100541695953
19100,0.01428521860158071
19101,0.020049036513082683
19102,0.0023346118250628933
19103,0.002302015496243257
19104,0.02266600807895884
19105,0.1591568209975958
19106,8.509879658231512e-4
19107,0.0016590796568198129
19108,0.023672166345641017
19109,0.09223647000268102
19110,0.0018561937812773977
19111,0.014257870765868574
19112,0.37521627262234686
19113,0.0762349091283977
19114,0.03164303364232182
19115,0.0882131489738822
19116,0.01514293255051598
19117,0.019713188926689326
19118,0.07957251047715545
19119,0.07674305833876133
19120,0.01557032751152292
19121,0.035389706883579494
19122,0.002535492636670824
19123,0.22733993131667377
19124,0.007584388254908845
19125,9.317397621634881e-4
19126,9.317397621634881e-4
19127,9.317397621634881e-4
19128,9.317397621634881e-4
19129,9.317397621634881e-4
19130,2.596221187559422e-4
19131,0.0011520618514623492
19132,9.317397621634881e-4
19133,9.317397621634881e-4
19134,9.317397621634881e-4
19135,9.317397621634881e-4
19136,9.317397621634881e-4
19137,9.317397621634881e-4
19138,9.317397621634881e-4
19139,9.317397621634881e-4
19140,0.02013475587591529
19141,0.07435453580692411
19142,0.0031829706821008587
19143,0.12846032243221997
19144,0.005227684082929045
19145,0.06185220073908568
19146,0.005358858496183529
19147,0.014377782919909805
19148,0.10633564528077841
19149,0.8379092445969581
19150,0.2048978887498379
19151,0.02544854217674583
19152,0.030417087972164154
19153,0.007378492496209219
19154,0.004611063265474513
19155,0.0389224274456501
19156,0.05101711224764585
19157,0.01670669066719711
19158,0.007891706483205781
19159,0.018340045223012566
19160,0.0389224274456501
19161,0.011154623413458466
19162,0.05101711224764585
19163,0.0027126100310124455
19164,0.005656241877586581
19165,0.030428420449607075
19166,0.0016515880035876762
19167,0.0037543571952846832
19168,0.0492454397585243
19169,0.07013738269917667
19170,0.05122552714310587
19171,0.0037003335350891575
19172,0.016617119912989437
19173,0.026179708447307347
19174,0.0022176365336054006
19175,0.01333869919879362
19176,0.009480781812453643
19177,0.015618437097873538
19178,0.005298198550008237
19179,0.015437182949390262
19180,0.0016473333872272632
19181,0.004707102657994256
19182,0.9502581164240838
19183,0.035507490667514505
19184,0.0024440906482050195
19185,0.11475562430918217
19186,0.0696194708906114
19187,0.03486703366972506
19188,0.16707363430410624
19189,0.04723496066406369
19190,0.059477414432913066
19191,0.06509438539855182
19192,0.4439539773017168
19193,0.0022274070064304398
19194,0.0026135644334135577
19195,0.0026002573358709924
19196,8.284913121315185e-4
19197,0.022506802049465476
19198,0.007311021980131045
19199,0.13420292757451535
19200,0.0012006900827691424
19201,0.026981565412133934
19202,0.07227380061522126
19203,0.9489984294772148
19204,0.00435343606164679
19205,0.0011424269873532467
19206,0.0011424269873532467
19207,0.001124259027565131
19208,0.003155764685361646
19209,0.030866358210332692
19210,0.05748404059559107
19211,0.04785009401850402
19212,0.04785009401850402
19213,0.33353804275393484
19214,0.905511104464531
19215,0.0011424269873532467
19216,0.061639874326065186
19217,0.01888298271689564
19218,0.5054291066527367
19219,0.003304470670409501
19220,0.03726092644035816
19221,0.00252227626304375
19222,0.002899587124993559
19223,0.022948944685049356
19224,0.14726181261241436
19225,0.019022694863379
19226,0.05748404059559107
19227,0.02352248806040734
19228,0.10454630315303802
19229,0.005455136019736529
19230,0.026164816007949412
19231,0.020540454497095198
19232,0.005284072485519573
19233,0.0019210988056147472
19234,0.006412280666991137
19235,9.30622761225095e-4
19236,0.003729749320191331
19237,0.01062798677245155
19238,0.002855971928220242
19239,0.12980313530191778
19240,0.015663284943439066
19241,0.41188205510377884
19242,0.002849050080112647
19243,0.9094432932138443
19244,0.176039375141263
19245,0.013908060234971344
19246,0.0077520894503686575
19247,0.0013921549590304493
19248,0.002238385520176962
19249,0.0013921549590304493
19250,0.004789744161535055
19251,0.006901153963990509
19252,0.0029115162091329695
19253,5.20524799649138e-4
19254,5.20524799649138e-4
19255,0.0363552890624851
19256,0.007769881903659553
19257,0.003225645222119056
19258,5.20524799649138e-4
19259,0.0037123400752898305
19260,0.25752177849411967
19261,0.17783884417265652
19262,0.008054243298247457
19263,0.13444333981722592
19264,0.008730646837502718
19265,5.20524799649138e-4
19266,0.1317211651429534
19267,0.015588699667714536
19268,0.04731788837350905
19269,0.006303951534791849
19270,0.04688726798631251
19271,0.9521128836274148
19272,7.032953704037936e-4
19273,0.028027221849188207
19274,0.9799435728788376
19275,0.04565724626649171
19276,0.0072047178354114295
19277,0.060403775023296476
19278,0.9908046221733093
19279,0.0018400860705878586
19280,0.08203679280355573
19281,0.0737089178711176
19282,0.0013887302049261053
19283,0.35220736168324945
19284,0.029442865066230298
19285,0.8225179541110993
19286,0.007496654001297429
19287,0.10772160010412335
19288,0.007995322943897917
19289,0.01812044777907431
19290,0.005204142034635879
19291,0.0031825302864308467
19292,8.452707719698082e-4
19293,0.06662732221186161
19294,0.06837234751321375
19295,0.0018954252611729317
19296,0.0022339723563345616
19297,0.27829729549586774
19298,0.003234807136468589
19299,0.11908047802746297
19300,0.09191705884411931
19301,0.09715122481808067
19302,0.2714047858119011
19303,0.3751590991020203
19304,0.0011735375333228148
19305,0.9084046760201454
19306,0.0012429819098906591
19307,0.01722447563195601
19308,0.0694946213811636
19309,0.007154599361820146
19310,0.002042028060532175
19311,0.05314535278826952
19312,0.003309482535114512
19313,0.009930988331325353
19314,0.521217847019434
19315,0.003585481879999861
19316,0.028421146585606037
19317,0.005327292946749367
19318,0.11785293634980917
19319,0.004335812897188589
19320,0.004335812897188589
19321,0.004335812897188589
19322,0.004335812897188589
19323,0.016784841178450735
19324,0.005308461308595724
19325,0.005308461308595724
19326,0.9290720304846763
19327,0.19634994339197875
19328,0.015106330276466906
19329,0.09061897188425064
19330,0.1738897913135588
19331,0.058518224768340586
19332,0.16101513896137476
19333,0.05630664013326168
19334,0.10944600246846675
19335,0.048688446739688515
19336,0.023944729522336273
19337,0.04678392371162772
19338,0.05543803170323372
19339,0.29188003025949
19340,0.5542185251414776
19341,0.007505690876860172
19342,0.012886717841029167
19343,0.019642066108062864
19344,0.006676579363411293
19345,0.021625491322483866
19346,0.17913762241601944
19347,0.4097718194872141
19348,0.21677229918539523
19349,0.015585701400414109
19350,0.024453728995285928
19351,0.0055015196534805
19352,0.03050892991013825
19353,0.004174845999805257
19354,0.0012165791522420477
19355,0.1618239783681929
19356,0.09267155718058348
19357,0.9839013421535492
19358,0.021475944840349256
19359,0.001342437459534267
19360,0.0028416789812035857
19361,0.03698780837468803
19362,0.052052607256919146
19363,0.004266375993611291
19364,0.006011172625003383
19365,0.059408736154437064
19366,0.004342532597947865
19367,0.07461250282824039
19368,0.007029707805486396
19369,0.010451948205009103
19370,0.0017638590864953584
19371,0.011052562991390005
19372,0.9392882120609284
19373,0.6748830877244473
19374,0.00724208282190375
19375,0.004897491857409477
19376,0.003744412242085673
19377,0.0022990452448721044
19378,0.005476944808615372
19379,0.005476944808615372
19380,0.048627169756218794
19381,0.0022990452448721044
19382,0.001481066489504883
19383,0.0020612415976938793
19384,0.45492837876081466
19385,0.3025824838131666
19386,0.0033249025483382865
19387,0.0030843855132116006
19388,0.00235328238341026
19389,0.08795168852433562
19390,0.002620284738659393
19391,0.006394905206980184
19392,0.9191202855110169
19393,0.09200212092138826
19394,0.10635833662003279
19395,0.07604963053017855
19396,0.0914678230136633
19397,0.0018337189572048373
19398,0.9757203143835068
19399,0.08969646073877811
19400,0.0013848239897924941
19401,0.0025689137648441827
19402,0.009559313808567822
19403,0.020773726450279355
19404,0.08809844514355064
19405,0.005721246557077393
19406,0.0015924209797231015
19407,0.014076657919213175
19408,0.003028634621296078
19409,0.00550466773158405
19410,0.005816097093047574
19411,0.01805746879661456
19412,0.002709236966329627
19413,0.0026815927523421122
19414,0.1653866684064269
19415,0.0013683681623660958
19416,0.016640157219953836
19417,0.002476724623993505
19418,0.022832407425157727
19419,0.005046495128772222
19420,0.0476482826191932
19421,0.0306146881589666
19422,0.0306146881589666
19423,0.005011066649458371
19424,0.003781209499575198
19425,0.0035775547503726557
19426,0.003781209499575198
19427,0.9746923026442528
19428,0.0016886630811495705
19429,0.015929999912623317
19430,0.023205840378068388
19431,0.0031107125885318967
19432,0.0018955640352214687
19433,0.17069245176389813
19434,0.010890648900531232
19435,0.5018146296590567
19436,0.0973539306782186
19437,0.04140880234539509
19438,0.025154775846749543
19439,0.004730690155993216
19440,8.446364521660143e-4
19441,0.07573863426223397
19442,0.12820034481585027
19443,0.10419707065448165
19444,0.0760984661988914
19445,0.06192179270088673
19446,0.1342715977691114
19447,0.9840269494056701
19448,0.012376232070382685
19449,0.002636043592938222
19450,0.010890648900531232
19451,0.02373777301516384
19452,0.024159983545541764
19453,0.043217203048989176
19454,0.024812033767811954
19455,0.004504416475538164
19456,0.029950663312338293
19457,0.029950663312338293
19458,0.07322882412001491
19459,0.02227392381755635
19460,0.020510100359097123
19461,0.10541140159592033
19462,0.0907689781486988
19463,0.09332729225978255
19464,0.004595849032048136
19465,0.004528160053305328
19466,0.015562407143879681
19467,0.004595849032048136
19468,0.11328693542629481
19469,0.004595849032048136
19470,0.05576059276238084
19471,0.015562407143879681
19472,0.0051382939575705675
19473,0.05601761360652745
19474,0.0051382939575705675
19475,0.010227603670209647
19476,0.0051382939575705675
19477,0.0019399875498493202
19478,0.0051382939575705675
19479,0.0051382939575705675
19480,0.0051382939575705675
19481,0.017614616909995676
19482,0.07507100312039255
19483,0.005647562342928723
19484,0.005647562342928723
19485,0.026669148809742183
19486,0.04155741977505386
19487,0.041131842844188214
19488,0.0051382939575705675
19489,0.01000182365765795
19490,0.0051382939575705675
19491,0.0035160862002521754
19492,0.0051382939575705675
19493,0.13068093828856944
19494,0.13659666372463108
19495,0.04504045063629746
19496,0.08386150335893035
19497,0.05164690896868706
19498,0.01610368909081444
19499,0.03383609496522695
19500,0.016956790674012154
19501,0.0033734902588184925
19502,9.958622009435202e-4
19503,0.034748987648636105
19504,0.015743276623543353
19505,0.001519893474469427
19506,0.003147353035164997
19507,9.958622009435202e-4
19508,9.958622009435202e-4
19509,0.007585977973649278
19510,7.349853203777457e-4
19511,9.958622009435202e-4
19512,0.010621610834496096
19513,0.010621610834496096
19514,0.010621610834496096
19515,0.13170397086068988
19516,0.0058304854924790565
19517,0.049607937186956406
19518,0.21943538323044776
19519,0.1319185905903578
19520,0.0022959527649800294
19521,0.11190305612981319
19522,0.10995706683024764
19523,0.1388140425272286
19524,0.6654606902599335
19525,0.3328835029527545
19526,0.0896880901325494
19527,0.006766454808530398
19528,0.0013130250562971924
19529,0.039242723397910594
19530,0.0038608364466927014
19531,0.0012798427329107653
19532,0.03498398393392563
19533,0.23955150064080954
19534,0.017527523988392205
19535,0.0014421402814332395
19536,0.05102362211793661
19537,0.345158574283123
19538,0.10469610607251525
19539,0.055976596903055904
19540,0.055976596903055904
19541,0.028656664853915572
19542,0.002290946289722342
19543,0.003701343283173628
19544,0.005239056399441324
19545,0.0022826403108774686
19546,0.030962277608923613
19547,0.43502829268574716
19548,0.3394538773596287
19549,0.031952858762815596
19550,0.031952858762815596
19551,0.01197215161519125
19552,0.020065751411020755
19553,0.0036006568308221175
19554,0.002391266218619421
19555,0.003660837191855535
19556,0.021663106367923318
19557,0.07294721975922584
19558,0.17459235090762376
19559,0.04685600896365941
19560,0.0022315147472545503
19561,0.005274870991706848
19562,0.0018426091753644869
19563,0.013967764927074314
19564,0.44012965440750124
19565,0.011468355965334923
19566,0.0015844003148959018
19567,0.2569136817380786
19568,0.004098135576350614
19569,0.0023729595058830455
19570,0.006641146818874404
19571,0.0023729595058830455
19572,0.034066811138764024
19573,0.0023729595058830455
19574,0.07698624853044748
19575,0.9397453740239143
19576,0.004758314220816828
19577,0.004954771237680689
19578,0.09973416725173592
19579,0.0023729595058830455
19580,0.021207252596504987
19581,0.052857818715274334
19582,0.1618279235996306
19583,0.018341257181018592
19584,0.0036917223484488203
19585,0.0018374963517999276
19586,0.060489594228565695
19587,0.9595444640517234
19588,0.002538446563994512
19589,0.030485144397243858
19590,0.003476280742906965
19591,0.05346861919388175
19592,0.03798940963111818
19593,0.05281943538226187
19594,0.01087234000908211
19595,0.025498586357571185
19596,0.010189130543731153
19597,0.0038881679601036013
19598,0.043723437553271655
19599,0.025038597024977207
19600,0.027106383563950658
19601,0.09722502803429961
19602,0.023684635385870935
19603,0.0025468162732431663
19604,0.1700251017510891
19605,0.3117608065903187
19606,0.031467971885576845
19607,0.002178252546582371
19608,0.008839013224933296
19609,0.051077291509136556
19610,0.0019403766334289685
19611,0.0063632471673190595
19612,0.05844058407470584
19613,0.002583867688663304
19614,0.0017421489991829731
19615,0.9724504259228707
19616,0.012156466355081648
19617,0.009514859148766845
19618,0.004781598616973497
19619,0.024246670531574636
19620,0.043201118754222986
19621,0.023278867015615105
19622,0.003092604172998108
19623,7.388079189695418e-4
19624,0.040482455929741264
19625,0.07263009668327867
19626,0.0017841278051491827
19627,0.0019006350982817821
19628,0.002397902874508873
19629,0.07674706236459315
19630,0.003050343093345873
19631,0.0066087150608655065
19632,0.004344703940441832
19633,0.12995568569749594
19634,0.008714932751609013
19635,0.0023986088647507133
19636,0.0074545556970406325
19637,0.030417223549447953
19638,0.02263838204788044
19639,0.12532844426110387
19640,0.0020882209163391964
19641,0.11336185991764068
19642,0.014286268246360123
19643,0.004047947638900951
19644,0.004553291609627194
19645,0.07287597799673677
19646,0.08050734360702336
19647,0.017997610247693956
19648,0.04455705368425697
19649,0.0940183824300766
19650,0.0038666056253714486
19651,0.028154785693623126
19652,0.01480512046488002
19653,0.0012452753077377566
19654,0.5542807928472757
19655,0.010640319905942306
19656,0.0025371325691230595
19657,0.002108654825569829
19658,0.06298719170503318
19659,0.005019600286032073
19660,0.007733590648276731
19661,0.047370170764625075
19662,0.017948376857675613
19663,0.0063395242637488995
19664,0.11074232779443265
19665,0.011585187122691423
19666,0.026621590652503073
19667,0.00848164967726916
19668,0.027559004751965405
19669,0.00848164967726916
19670,0.015570005010813475
19671,0.025420182007364928
19672,0.00848164967726916
19673,0.00848164967726916
19674,0.14938318671658635
19675,0.00848164967726916
19676,0.13310873810201884
19677,0.022687862261664124
19678,0.01310142053756863
19679,0.1346148282662034
19680,0.0027991747614578345
19681,0.0012237580367946066
19682,0.00261750845820643
19683,0.007568730314960703
19684,0.10001548038795591
19685,0.21247196648269892
19686,0.013162069646641612
19687,0.020965328132733704
19688,0.0015383044295595027
19689,0.023174598086625336
19690,0.0034390704485122115
19691,0.3253920030593872
19692,0.034037904185242954
19693,0.00860905637498945
19694,0.006331453224411234
19695,0.01788679720601067
19696,0.04398391067050397
19697,0.0018627091503003613
19698,0.21181470084935428
19699,0.06074963414110243
19700,0.00181443971421686
19701,0.032954281349666416
19702,0.808266396522522
19703,9.617337175586726e-4
19704,0.0021468532615108414
19705,0.033074453617446126
19706,0.04887261918745935
19707,0.041232744920998814
19708,0.03533057018648833
19709,0.006613375024171546
19710,0.0018555418745381759
19711,0.00234236908814637
19712,0.028705829326063394
19713,0.0023171967692906035
19714,0.002846716877829749
19715,0.013007760674227029
19716,0.0010136722585593816
19717,0.0355229333601892
19718,0.023608851791359485
19719,0.14151381190866233
19720,0.03151589338667691
19721,0.010246923223603517
19722,0.020652095302939415
19723,0.01623640013160184
19724,0.0034443778241984545
19725,6.792607696843333e-4
19726,0.003157979864627123
19727,0.00967352968873456
19728,8.777248328988207e-4
19729,0.03147833805531263
19730,6.294378241000231e-4
19731,0.003932054496835917
19732,0.0211725747352466
19733,0.004109428458032198
19734,0.011167446621693672
19735,0.07169917053543032
19736,0.013903874987736344
19737,0.1293980130366981
19738,0.16834467351436616
19739,0.006352059128694236
19740,0.6921328398585319
19741,0.003181910910352599
19742,0.009246220169588924
19743,0.016377078217919915
19744,0.05926915370859206
19745,0.047113280734047296
19746,0.04025157336145639
19747,0.0023543542603147215
19748,0.008516431897878646
19749,0.006678517683176324
19750,0.10045127693563699
19751,9.153700730530545e-4
19752,0.03459361678920686
19753,7.891862497490365e-4
19754,0.09670539123006165
19755,0.004892785123665817
19756,0.02231057973578572
19757,0.016204229544382543
19758,0.03601159477606416
19759,0.037781948270276186
19760,0.0036403700697701423
19761,0.131882956456393
19762,0.0017139886022778227
19763,9.765642612183e-4
19764,0.1491943119838834
19765,0.012752505750395358
19766,0.0817425075545907
19767,0.001543321114149876
19768,0.024186439900659024
19769,0.022043720385991037
19770,0.005329080350929871
19771,0.010011469257296995
19772,0.03153316458687186
19773,0.0010566547702183017
19774,0.07528900216333569
19775,0.005181093153660186
19776,0.010364374569617212
19777,0.3126352348178625
19778,0.011679007303901017
19779,0.009242414406035095
19780,0.08011070482432842
19781,0.01684477023081854
19782,0.3212568900734186
19783,0.0012698243629711214
19784,0.003499425147892907
19785,0.004795359626878053
19786,0.011785278569441289
19787,0.007533042418072
19788,0.0031117098868708127
19789,0.007285922355949878
19790,0.015444669593125581
19791,0.01752968520973809
19792,0.002426673152949661
19793,0.014504470282699912
19794,0.029667610400356353
19795,0.013213371830061079
19796,0.012514177123084664
19797,0.005073835981311277
19798,0.0026435986981960015
19799,0.012412965577095748
19800,0.02555208859499544
19801,0.006715968856588006
19802,0.8885842335224151
19803,0.03292904930189252
19804,0.008885750797344372
19805,0.6860188703238964
19806,0.009890143845696002
19807,0.020648488595616073
19808,0.029885899205692113
19809,0.011011739128734916
19810,0.002593365999055095
19811,0.27165923431515693
19812,0.002593365999055095
19813,0.002593365999055095
19814,0.015727891646092756
19815,0.002593365999055095
19816,0.0041277265461394565
19817,0.01732112526660785
19818,0.009899610078427941
19819,0.011198666377458722
19820,0.013225348617415875
19821,4.551165820521419e-4
19822,0.0019364697228593285
19823,0.003945850661257282
19824,0.00827890531742014
19825,0.004212660659104586
19826,0.009249274129979312
19827,0.04290065195411444
19828,0.005904193000169471
19829,0.012761937039904296
19830,0.011485259495675564
19831,0.06915498317219317
19832,0.015996713540516794
19833,0.026453090105205773
19834,0.004981556774582714
19835,0.020320522591937333
19836,0.0017835796222789213
19837,0.0019174781744368374
19838,8.388940369331977e-4
19839,0.002284576989768539
19840,0.009975759440567344
19841,0.028920959574170412
19842,0.01229315847856924
19843,0.04028625559061766
19844,0.00356178394111339
19845,0.03797607661690563
19846,0.02845651890616864
19847,7.111173657176551e-4
19848,0.01757770693860948
19849,0.009253206801367923
19850,0.11418590730056166
19851,0.03706975274719298
19852,0.0016911296464968474
19853,0.001020806533342693
19854,0.01096875722752884
19855,0.002291704810340889
19856,0.007383880146080628
19857,0.0016541314203641377
19858,0.024981557726860046
19859,0.042389258933253585
19860,0.02676706592552364
19861,0.00420025234343484
19862,0.0023541809886228294
19863,0.016694998054299505
19864,0.0073810350988060235
19865,0.09065146969631314
19866,0.07207498551346361
19867,0.020595986009575427
19868,0.2138632497563958
19869,0.006343711836379952
19870,0.023304387824609876
19871,0.1478200508840382
19872,0.023694220623001458
19873,0.020186264810618013
19874,0.05067266419529915
19875,0.002026516205223743
19876,0.06585429947823286
19877,0.022438466912135482
19878,0.0012896110910514836
19879,0.006345366174355149
19880,0.18445709463208915
19881,0.002026516205223743
19882,0.02200010693166405
19883,0.01199762052274309
19884,0.03012877011206001
19885,0.004091652298229747
19886,0.004091652298229747
19887,0.004091652298229747
19888,0.03911848624236882
19889,0.0020816775894491003
19890,0.013663871872704476
19891,0.004656924731098116
19892,0.0012796572683146223
19893,0.003116903497138992
19894,0.10883913429453969
19895,0.039470142237842086
19896,0.006778888987610116
19897,0.03783172149211168
19898,0.014124715575017035
19899,0.17254809476435184
19900,0.012885029898025096
19901,0.07295378133654594
19902,0.012885029898025096
19903,0.05007515754085034
19904,0.05007515754085034
19905,0.008377597533399238
19906,0.008377597533399238
19907,0.008377597533399238
19908,0.01430920829065144
19909,0.004958658488758374
19910,0.033165591764263806
19911,0.033165591764263806
19912,0.033165591764263806
19913,0.0724410239327699
19914,0.07096449694596231
19915,0.05365044250153005
19916,0.07649650725536049
19917,0.002075112927414011
19918,0.0043829373724292965
19919,0.004141674616839737
19920,0.002127035708690528
19921,0.07737038977444172
19922,0.07737038977444172
19923,0.004141674616839737
19924,0.0018760852262494155
19925,0.016743851152714342
19926,0.010866562766022981
19927,0.022465649382211267
19928,0.0043829373724292965
19929,0.0043829373724292965
19930,0.02465269495733082
19931,0.07067405628040432
19932,0.13968645045533776
19933,0.01017132651526481
19934,0.00470567261276301
19935,0.011506523108109831
19936,0.02408999311737716
19937,0.01673227414255962
19938,0.004231564631918445
19939,0.07450153300538659
19940,0.0027969938633032143
19941,0.005216811464051716
19942,0.22960309110581875
19943,0.09575147090479731
19944,0.010065063157817349
19945,0.2992883762717247
19946,0.06241708057001233
19947,0.0012072976994386409
19948,0.0010785061889328062
19949,8.738290145265637e-4
19950,4.0677467186469587e-4
19951,3.960792329598917e-4
19952,5.157025880907895e-4
19953,0.01696435096906498
19954,0.0014089306391542778
19955,0.0019737313693622125
19956,0.0017028214322635904
19957,0.05035605172626674
19958,0.030034439391456544
19959,0.0016054817399708554
19960,6.997621998743853e-4
19961,0.030642279093153774
19962,9.876409557182343e-4
19963,0.018522409463766962
19964,0.843546322286129
19965,0.02084258647635579
19966,3.969282770776772e-4
19967,4.4968920723476914e-4
19968,0.023412377503700555
19969,0.034915225645527244
19970,3.646490771279787e-4
19971,0.005844391173741315
19972,0.021141661002766342
19973,0.053860856164246795
19974,0.03649553841445595
19975,0.01764680424705148
19976,0.01895115619408898
19977,0.0019750617159297688
19978,0.05906126665882766
19979,0.003024105685763061
19980,0.01350239285849966
19981,0.017141097709536552
19982,0.005494166112039238
19983,0.0023664307329454458
19984,0.009882319631287828
19985,0.14468069119378923
19986,0.03984850606415421
19987,0.2475546594336629
19988,0.020316847963258625
19989,0.040465594856068494
19990,0.001970235746121034
19991,0.04509217271115631
19992,0.054058986753225326
19993,0.01164681559894234
19994,0.0042290426016552375
19995,0.01276970270788297
19996,0.00272058648057282
19997,0.0014190906252770218
19998,0.1511477678641677
19999,0.02479089895263314
20000,0.07987244208343328
20001,5.377178557682782e-4
20002,0.00895863315789029
20003,0.04869725001044571
20004,0.003424067078158259
20005,0.03533755560405552
20006,0.0013041782434447668
20007,0.030636302470229568
20008,0.03543427214026451
20009,0.01979148355778307
20010,0.036291145491413775
20011,0.01158166238805279
20012,0.0018562438772642053
20013,6.819118948624236e-4
20014,0.031101653161458673
20015,0.020137891620397568
20016,5.297391770000103e-4
20017,0.012890043610241264
20018,0.012890043610241264
20019,0.001249670386168873
20020,0.005634341463446617
20021,0.002750095890951343
20022,0.009613078427501023
20023,0.017717036532703786
20024,0.003427197042037733
20025,0.002795203068526462
20026,0.0022637340138317087
20027,0.009207961929496378
20028,0.010203352478565648
20029,0.002795203068526462
20030,7.537906069046585e-4
20031,0.028464907561428845
20032,0.023697313610464333
20033,0.027640380361117423
20034,0.0014113186877511908
20035,0.07503258613869548
20036,0.16288495978340506
20037,0.16600428834557535
20038,0.0061715542303863915
20039,0.001661446368379984
20040,0.02013573157135397
20041,0.10660659397020936
20042,0.11436956251040101
20043,0.02347240443341434
20044,0.005404203662183135
20045,0.03889505397062749
20046,0.012706487253308297
20047,0.01520659549976699
20048,0.12098677216097713
20049,0.02286390591878444
20050,0.0017712171736638993
20051,0.16658449532464148
20052,0.3356621341779828
20053,0.0013705882594513242
20054,0.007831728957826271
20055,0.014224572731181979
20056,0.0019218291784636676
20057,0.026523294430226087
20058,0.005211801360128447
20059,0.015170062521938234
20060,0.010891326293349267
20061,0.010891326293349267
20062,0.08633234234526753
20063,0.010891326293349267
20064,0.0045690680999541655
20065,0.03528811329510063
20066,0.020317290225066245
20067,0.015179395938757808
20068,0.022277564282994718
20069,0.005564503045752645
20070,0.14186852792277932
20071,0.009553019267041236
20072,0.19778345238417386
20073,0.025207406338304282
20074,0.06559882261790335
20075,0.03211772557813674
20076,0.06519036615267396
20077,0.002193367045256309
20078,0.015813500513322653
20079,0.003001720093889162
20080,0.0028456516537698918
20081,0.023233618224039673
20082,0.06562115916982293
20083,0.023233618224039673
20084,8.601713244570419e-4
20085,0.002912435206817463
20086,0.14469763984903694
20087,0.013265918472316117
20088,0.015955854242201896
20089,0.015905628723558038
20090,0.13965461330488324
20091,0.04062227661255747
20092,0.002350830613868311
20093,0.0021065985318273308
20094,0.0019555741269141435
20095,0.011186517062596976
20096,0.057494032392278314
20097,7.555891996889841e-4
20098,0.0019310657723690383
20099,0.014130984512157739
20100,0.00278425163065549
20101,0.053139647003263235
20102,0.016992264555301517
20103,0.030028760200366378
20104,0.3097038535773754
20105,0.0614223441015929
20106,0.0011239512640167958
20107,0.0679398582316935
20108,0.001105629794037668
20109,0.0015107980874017812
20110,0.0013146735736518167
20111,0.0015107980874017812
20112,0.23969576824456454
20113,0.0036757391644641757
20114,0.0036757391644641757
20115,0.06416506106965243
20116,0.6452407437562943
20117,9.42443598760292e-4
20118,0.0013146735736518167
20119,0.019999801970552653
20120,0.0016193127876613289
20121,0.022947807651944457
20122,0.025779755064286293
20123,0.010683340036775917
20124,0.036822879901155826
20125,0.00410471462411806
20126,0.03958852957002819
20127,0.0016193127876613289
20128,0.0013146735736518167
20129,0.0016193127876613289
20130,0.012347421261947602
20131,0.0013146735736518167
20132,0.20880308471620082
20133,0.01744070541812107
20134,0.0013146735736518167
20135,0.023912867801263928
20136,0.0013146735736518167
20137,0.0013146735736518167
20138,0.0013146735736518167
20139,0.01503497460624203
20140,0.0015107980874017812
20141,0.0018331921481876635
20142,0.6173898188769817
20143,0.023018881571479143
20144,0.00844234081567265
20145,0.029200738570652904
20146,0.019031990370713174
20147,0.0027835279470309615
20148,0.0036475595511728898
20149,0.002379054480261402
20150,0.0032637891586637124
20151,0.08832288237288594
20152,0.0012604981497861445
20153,0.01994048950728029
20154,0.04108854812104255
20155,0.012377125511411577
20156,0.008719821317354217
20157,0.059235127912834286
20158,0.013176381883677096
20159,0.0028650092231691814
20160,0.06400885704904795
20161,0.5071843534708023
20162,0.22959282338619233
20163,0.07722192382439971
20164,0.015025587533600629
20165,0.11326157229021191
20166,0.003406773419701494
20167,0.05552822287194431
20168,0.0022056657815119254
20169,0.007084026150405407
20170,0.035309981582686306
20171,0.14698153890669347
20172,2.850548970673117e-4
20173,8.037264599988703e-4
20174,0.03679386360570788
20175,0.00632732586353086
20176,2.850548970673117e-4
20177,2.850548970673117e-4
20178,8.037264599988703e-4
20179,0.04391782509163022
20180,2.850548970673117e-4
20181,0.1321025988832116
20182,0.10673720421269536
20183,0.05480951463803649
20184,8.037264599988703e-4
20185,0.02551164405886084
20186,0.05057015648111701
20187,0.05250310574658215
20188,0.018824654642958193
20189,2.850548970673117e-4
20190,0.026739672920666636
20191,2.850548970673117e-4
20192,0.0013433236803393812
20193,0.001846387242549099
20194,0.003816751096746884
20195,9.443182144605089e-4
20196,0.008849724375177176
20197,0.003485965846921317
20198,0.003485965846921317
20199,0.004955675784731284
20200,0.30264390345662834
20201,0.061297148102894425
20202,0.11049750614911318
20203,0.0028209889837307856
20204,0.006186282570124604
20205,0.0051881573459832
20206,0.2208043212071061
20207,0.025374159957282247
20208,0.9058077132701874
20209,0.007348952918546274
20210,0.0033225232307449917
20211,0.02080835240893066
20212,0.020296618337742985
20213,0.02818390174768865
20214,0.06570929413661361
20215,0.01327356425812468
20216,0.01434398791519925
20217,0.06097171274013817
20218,0.01434398791519925
20219,0.0023090858504292554
20220,0.034497304218821224
20221,0.254371542558074
20222,0.019583678040653467
20223,0.07127974947914481
20224,0.005480442754342221
20225,0.19053095389157534
20226,0.01434342422755435
20227,0.005770384849165566
20228,0.0156068355566822
20229,0.04411683201789856
20230,0.004998140728566795
20231,0.0010385539120761678
20232,0.13730395757593214
20233,0.020313954858575015
20234,0.005710286773974076
20235,0.95934052079916
20236,0.0031586770032299683
20237,0.015649320158408954
20238,0.010149613912217319
20239,0.036719917370937764
20240,0.3766934394836426
20241,0.022134631504304707
20242,0.14700112584978342
20243,0.022134631504304707
20244,0.10127732692286372
20245,0.00913507940247655
20246,0.0016917568825010677
20247,0.04646012621931732
20248,0.0048860358755337075
20249,0.0016430744927492923
20250,0.0024820458935573696
20251,0.0024820458935573696
20252,0.0024820458935573696
20253,0.004541343789314851
20254,0.027783280718140305
20255,0.006802600900409743
20256,0.023765264595858752
20257,0.003022156488732435
20258,5.698853180365404e-4
20259,0.002127590664604213
20260,0.0031497148191556336
20261,0.018811784866265953
20262,0.002833983919699676
20263,0.0031497148191556336
20264,0.027451727017760278
20265,0.01670789684401825
20266,0.3649097924679518
20267,0.004164835843839683
20268,0.009437767174676991
20269,0.055499323229305446
20270,0.003950189396855422
20271,0.004786517072934657
20272,0.10006990683265031
20273,0.003082916067214683
20274,0.010405712022911757
20275,0.003430920846876688
20276,0.030019546449184416
20277,0.030019546449184416
20278,0.83428927659988406
20279,0.010855500749312342
20280,0.004793200963176787
20281,0.0021368387006805278
20282,0.001423136426601559
20283,0.03726269142702222
20284,0.023525703931227326
20285,0.10322962997481228
20286,0.10360282443463803
20287,0.0013460997468791901
20288,0.00201068191207014
20289,0.014189140661619604
20290,0.007403382651973516
20291,0.07424394833855331
20292,0.801363099515438
20293,0.09638558024540543
20294,0.0013714074561721645
20295,0.0019718747727165463
20296,0.9521023535728455
20297,0.026739462595432997
20298,0.004031582757015713
20299,0.004031582757015713
20300,0.019446306978352368
20301,0.02022475280566141
20302,0.004454918156261556
20303,0.02134832712356001
20304,0.005094545184983872
20305,0.0026115455804392694
20306,0.0015361652613501064
20307,0.01576908417744562
20308,0.07986259184777737
20309,0.009523993390612304
20310,0.06444220444187522
20311,0.0391955703869462
20312,0.002960601673112251
20313,0.0030852828529896216
20314,0.0020338639279361814
20315,0.01284322822233662
20316,0.0022215927595971153
20317,0.012637627575313672
20318,0.0153589920187369
20319,0.04136649467982352
20320,0.027995473723858594
20321,0.0048457083594985306
20322,0.010711842812597752
20323,0.005740787081886083
20324,0.006347921913838945
20325,0.06429722367785871
20326,0.04990611398592591
20327,0.149670334123075
20328,0.01631990575697273
20329,0.009538414961425587
20330,0.01041712673380971
20331,0.0024835290724877267
20332,0.003349180502700619
20333,0.045361682679504155
20334,0.0019107839473872445
20335,0.9052213808894157
20336,0.0539331142231822
20337,0.0539331142231822
20338,0.0027200016693677753
20339,6.99815274347202e-4
20340,6.99815274347202e-4
20341,9.616083826404065e-4
20342,5.117349279316841e-4
20343,6.99815274347202e-4
20344,0.009389768212568015
20345,6.99815274347202e-4
20346,0.021107868887484074
20347,0.008774879041593521
20348,0.04668774902820587
20349,0.006715638448949904
20350,0.017934894917998462
20351,0.011767103134188802
20352,0.0022945110430009664
20353,0.0235305074416101
20354,0.014381140125915409
20355,0.003559304655645974
20356,0.026334718270227313
20357,0.0035779541940428317
20358,0.15012347569689155
20359,0.0020388846381683835
20360,0.1968780152872205
20361,0.022490792311728
20362,0.026748593747615814
20363,0.016961479149758815
20364,0.02463831362314522
20365,0.32474168241024015
20366,0.005398319254745729
20367,0.05349078646861017
20368,0.11785984566435218
20369,0.0036103155475575477
20370,0.08212813447229564
20371,0.0021814900610479526
20372,0.0021814900610479526
20373,0.03407981470692903
20374,0.0029853023239411413
20375,0.0021814900610479526
20376,0.10016446515917778
20377,0.003128597104805522
20378,0.011152934022247792
20379,0.005822431606939063
20380,0.0032621670590015127
20381,0.014504257068037986
20382,0.0024381549397367052
20383,0.07510741164907814
20384,0.003989639192004688
20385,0.018718664271291346
20386,0.007280452386476099
20387,0.11230403229594231
20388,0.0023089779989095404
20389,0.0027101029478944836
20390,0.07045552607625723
20391,0.0048068526992574336
20392,0.017682684080209583
20393,0.03932682645972818
20394,0.006116283000446856
20395,0.0015942610475758556
20396,0.010115772895514965
20397,0.15050534170120955
20398,0.0904872021637857
20399,0.0011435442864603828
20400,0.0035712215711828322
20401,0.1995364191196859
20402,0.0011435442864603828
20403,0.0011435442864603828
20404,0.05737106097862124
20405,0.11781564412638545
20406,0.0011435442864603828
20407,0.12216416301205754
20408,0.07921693065203726
20409,0.19048921367153526
20410,0.001325930780149065
20411,0.038221773407422006
20412,0.003635372794815339
20413,0.003635372794815339
20414,0.07421257864683867
20415,0.03524122022092342
20416,0.022825110885314644
20417,0.017114688886795192
20418,0.0011435442864603828
20419,0.007956514555262402
20420,0.011134755234234035
20421,0.0029733792168553917
20422,0.14138863284140826
20423,0.01148893661564216
20424,0.0029978725413093345
20425,0.007832212613429874
20426,0.47468135356903074
20427,0.0016129938562517055
20428,0.035483238261658695
20429,0.3014090041816235
20430,0.040014159376733006
20431,0.2531100293248892
20432,0.026482515730895103
20433,0.26132127329707144
20434,0.0017165568692144007
20435,0.006156017215689644
20436,0.003748847970855422
20437,0.26239635307341813
20438,0.0013924962119199337
20439,9.961828636005522e-4
20440,0.0013924962119199337
20441,9.961828636005522e-4
20442,0.06269539324566722
20443,0.10449943859130144
20444,0.0733127939235419
20445,0.17469292076304554
20446,0.06472431864589452
20447,0.00178844357986236
20448,0.02910036570392549
20449,0.03778601444326341
20450,0.0022595079272286966
20451,0.05790660247206688
20452,0.012354258085833862
20453,0.6435951480269432
20454,0.008722755858907477
20455,0.0520826561935246
20456,0.05102058907970786
20457,0.004490766072412953
20458,0.0017665830391342752
20459,0.020021361691178755
20460,0.048967922497540714
20461,0.007390675595961511
20462,0.1281006665341556
20463,0.004839705501217395
20464,0.012278153272345662
20465,0.010450487390626222
20466,0.6598558835685253
20467,0.019151765680871905
20468,0.010484890434890986
20469,0.057681585056707264
20470,0.005186393426847644
20471,0.0016947237504064106
20472,0.0035864742688136177
20473,0.08155037637799978
20474,0.8715389895439148
20475,0.028303808397613466
20476,0.3788494825363159
20477,0.0016947237504064106
20478,0.01228251683176495
20479,0.02124474604614079
20480,0.013851958180312067
20481,0.013851958180312067
20482,0.00604208615841344
20483,0.0054871015623211864
20484,0.05153652798384428
20485,0.023574459557421504
20486,0.04082497838884592
20487,0.020703473719768228
20488,0.036373215559870005
20489,0.06340992907062173
20490,0.005094526227330789
20491,0.06742760503664613
20492,0.11268720842897892
20493,0.032110501429997385
20494,0.05237085495144129
20495,0.041309881433844564
20496,0.045346702793613074
20497,0.08876955611631274
20498,0.0820531188417226
20499,0.005412377836182714
20500,0.9672639012336731
20501,0.08459589859470724
20502,0.002851349347620271
20503,0.014111700251232833
20504,0.015300526572391391
20505,0.01136323323706165
20506,0.0027962009236216544
20507,0.19218584407120942
20508,0.024641812124755233
20509,0.0027962009236216544
20510,0.0024659348087152466
20511,0.195015487447381
20512,0.3268056873977184
20513,0.10345989437773824
20514,0.004351754413219169
20515,0.001634123196854489
20516,0.04184233587235212
20517,0.008960350789129734
20518,0.1213467974960804
20519,0.0018356600019615143
20520,0.08102743027731776
20521,0.0027962009236216544
20522,0.0027962009236216544
20523,0.183802323192358
20524,0.0012634550164511893
20525,0.0018356600019615143
20526,0.0023930945759639143
20527,0.0011222014694067183
20528,0.0027962009236216544
20529,0.06310085585340858
20530,0.05860140360891819
20531,0.0010047701256917208
20532,0.010597758509684354
20533,0.0429500668309629
20534,0.009036848024697975
20535,0.003464356198091991
20536,0.0622078897152096
20537,0.09899468883872033
20538,0.024280555262230337
20539,0.004138002803083509
20540,0.0076643754192627965
20541,0.031533917770721016
20542,0.036573776858858764
20543,0.005108727035112679
20544,0.029639965943060814
20545,0.017210592639166862
20546,0.061627824949100615
20547,0.022853629970923064
20548,0.01511642027529888
20549,0.01382188759627752
20550,0.1431664527952671
20551,0.007369064103695564
20552,0.010324715469032526
20553,0.06366660214960575
20554,0.010497295031091198
20555,0.06767620258033276
20556,0.007924005003878846
20557,0.003930585874477401
20558,0.04630641245283187
20559,0.006010879780515097
20560,0.011077584327431396
20561,0.23449574287980796
20562,0.02987253385595977
20563,0.03864763743709773
20564,0.030682332734577357
20565,0.028030743054114283
20566,0.0053665940603241325
20567,0.8186708325147629
20568,0.004293688737088814
20569,0.09839842025190591
20570,0.004243537029251457
20571,0.017201276640407742
20572,0.010043782497523352
20573,0.05570325256325304
20574,0.014055543669965118
20575,0.020253875614143907
20576,0.0032820295123383403
20577,0.007295158581109717
20578,0.03991341758519411
20579,0.05479970311746001
20580,0.05292399169877172
20581,0.022100108969025315
20582,0.001776198412408121
20583,0.021201949883252382
20584,0.019998995561618358
20585,0.19407686039805414
20586,0.018295539447572083
20587,0.215540079921484
20588,0.04975433111190796
20589,0.013303806784097105
20590,0.053935608081519607
20591,0.005160567495040596
20592,0.012334342133253812
20593,0.1176004479266703
20594,0.04655779826454818
20595,0.005200269487686455
20596,0.0014167796954279764
20597,0.01801992431981489
20598,0.033065051715821026
20599,0.9538589704036713
20600,0.1578863404504955
20601,0.15285100284963846
20602,0.18387160938233138
20603,0.0061413110257126395
20604,0.030555572360754013
20605,0.065313330153003335
20606,0.005207617007545196
20607,0.01705283175222576
20608,0.16421394947916268
20609,0.011976575234439225
20610,0.003352294864016585
20611,0.4131576546281576
20612,0.046448458479717375
20613,0.06992786260321736
20614,0.3375065769255161
20615,0.10464597031474114
20616,0.053467142367735504
20617,0.0027189261169405653
20618,0.012346530458889901
20619,0.05870970303658396
20620,0.0047187884856248275
20621,0.0025745015579741446
20622,0.03415389967150986
20623,0.019639189736917615
20624,0.03169220765586942
20625,0.0013220018683932722
20626,0.01227127562277019
20627,0.022774962591938674
20628,0.0013220018683932722
20629,0.001550968266092241
20630,0.02684243405237794
20631,0.0013220018683932722
20632,0.0013220018683932722
20633,0.0013220018683932722
20634,0.03745935152284801
20635,0.0010229158820584416
20636,0.02143618097528815
20637,0.15966532923281193
20638,0.12226712443865835
20639,0.03962291107513011
20640,0.03511220378801227
20641,0.0865613729134202
20642,0.6549838864803315
20643,0.0046513014833908526
20644,0.0518905727379024
20645,0.17133537381887437
20646,0.05463595993816853
20647,0.003152607681695372
20648,0.014932723068632185
20649,0.014932723068632185
20650,0.0026471245044376703
20651,0.014932723068632185
20652,0.03396134183509275
20653,0.01883424228988588
20654,0.020248385868035255
20655,0.0431296512298286
20656,0.019081084332428874
20657,0.07096952030435205
20658,0.01024655530694872
20659,0.008124352665618062
20660,0.012960369379725308
20661,0.012960369379725308
20662,0.040571359167806804
20663,0.027563193133100867
20664,0.04661858221516013
20665,0.036048216857016084
20666,0.10568800700828433
20667,0.002539819495868869
20668,0.029735909388400615
20669,0.04529867992736399
20670,0.02034185252152383
20671,0.0021305315676727332
20672,0.05338445242494345
20673,0.13393210843205453
20674,0.03689789669122547
20675,0.013120499369688333
20676,7.555537444568473e-4
20677,0.045408875071443616
20678,0.013120499369688333
20679,0.020788260316476227
20680,0.13580432144924998
20681,0.16478771075606347
20682,0.0225213634269312
20683,0.009510684144916013
20684,0.005704894459340721
20685,0.02831202788511291
20686,0.0011435442864603828
20687,0.0011435442864603828
20688,0.0031584519147872924
20689,0.044283520178869364
20690,4.306155809172196e-4
20691,0.01482944008661434
20692,0.0011435442864603828
20693,0.009515788338612765
20694,0.01482944008661434
20695,0.0011435442864603828
20696,0.006917716200114228
20697,0.0011435442864603828
20698,0.2235341652482748
20699,0.0011435442864603828
20700,0.0035712215711828322
20701,0.013134161818306893
20702,0.02333364523947239
20703,0.007058003632118925
20704,0.01674514339771122
20705,0.021277556899003684
20706,0.11688477644696832
20707,0.007152671264484525
20708,0.005369940958917141
20709,0.0023370921911555344
20710,0.0023370921911555344
20711,0.026206602738238872
20712,0.005179703198373318
20713,0.0024002638744423164
20714,0.03358463913667947
20715,0.3794258922338486
20716,0.01790833993582055
20717,0.0022369596108910627
20718,0.05000271841883659
20719,0.019568538018502293
20720,0.07406435013748705
20721,0.06479808109812439
20722,0.014013412408530712
20723,0.028225748613476754
20724,0.005257105827331543
20725,0.005257105827331543
20726,0.11858915388584138
20727,0.003904161044629291
20728,0.07632668299600481
20729,0.004015973552595824
20730,0.020508408034220337
20731,0.01230671485653147
20732,0.05506783716380596
20733,0.01378705533919856
20734,0.011955919379834085
20735,0.07405146645382046
20736,0.015208876145770774
20737,0.06603006908670067
20738,0.12455847531557084
20739,0.024688005833886563
20740,0.012344918202143163
20741,0.3862480305880308
20742,0.025458543237764388
20743,0.0038994275002914944
20744,0.004345325986505486
20745,0.0196826073131524
20746,0.056399643011391165
20747,0.28517980948090554
20748,0.0603199362847954
20749,0.04463098555803299
20750,0.029213561923243106
20751,0.2788078298419714
20752,0.04220738040283322
20753,0.003456903530168347
20754,0.07987650482915341
20755,0.0102493440231774
20756,0.030183692700229584
20757,0.0441745114326477
20758,0.03012887101620436
20759,0.009933526122476905
20760,0.0016737465033656918
20761,0.006813955113175325
20762,0.011564730766694993
20763,0.012334969576913863
20764,0.414363105148077
20765,0.021126895463094115
20766,0.0646349522843957
20767,0.0034364866430405525
20768,0.002196604004711844
20769,0.028957083341665565
20770,0.007383099088910967
20771,0.009341639368794858
20772,0.37465629287064073
20773,0.43289868980646135
20774,0.0034986397414468228
20775,6.770369185687741e-4
20776,0.1029155690409243
20777,0.011605787391308695
20778,0.11882565138861537
20779,0.01785999177256599
20780,0.005981235876679421
20781,0.23677363760769368
20782,0.6236767281591892
20783,0.001682294224447105
20784,0.003322120658995118
20785,0.0034643791947746648
20786,0.01805880426429212
20787,0.003947057111654431
20788,0.07759320296347141
20789,0.015810127954464407
20790,0.01914858220843598
20791,0.029451147154904902
20792,0.029451147154904902
20793,0.011192323842551559
20794,0.02203532150015235
20795,0.9824469569325447
20796,0.05375262577086687
20797,0.23972406323999165
20798,0.008684779922477901
20799,0.0039038785186130552
20800,0.019018795925658197
20801,0.045949036311358216
20802,0.08516961485147476
20803,0.007899530313443393
20804,0.0782298825867474
20805,0.010975209845928474
20806,0.005582588603720069
20807,0.06665259159170091
20808,0.004565597746986896
20809,0.0077244277612771835
20810,0.0012401397465146146
20811,0.15010568156838416
20812,0.45665432162582875
20813,0.0028455337299965323
20814,0.02289309548214078
20815,0.021344178803265095
20816,0.036711064619012176
20817,0.02878875351510942
20818,0.9433339706063271
20819,0.0399036692455411
20820,0.08524304116144776
20821,0.0011149686251883395
20822,0.0016257328377105296
20823,0.30144961792975666
20824,0.0013135918599436992
20825,0.0017371340742101892
20826,0.0016257328377105296
20827,0.0016257328377105296
20828,6.83517996003502e-4
20829,0.0024896592120057905
20830,6.83517996003502e-4
20831,6.83517996003502e-4
20832,6.83517996003502e-4
20833,6.83517996003502e-4
20834,0.0013135918599436992
20835,6.83517996003502e-4
20836,6.83517996003502e-4
20837,6.83517996003502e-4
20838,0.0013135918599436992
20839,6.83517996003502e-4
20840,0.008417547350400128
20841,6.83517996003502e-4
20842,0.023047039471566676
20843,6.83517996003502e-4
20844,0.0013135918599436992
20845,6.83517996003502e-4
20846,6.83517996003502e-4
20847,6.83517996003502e-4
20848,0.0016257328377105296
20849,0.0016257328377105296
20850,4.667730213259347e-4
20851,4.667730213259347e-4
20852,0.040489635388366876
20853,6.83517996003502e-4
20854,0.0015798823435034138
20855,4.667730213259347e-4
20856,0.029628876838833095
20857,0.028132620276883246
20858,0.07843123693950474
20859,0.0037020232796203343
20860,0.014748000755207612
20861,0.014748000755207612
20862,0.005232685195514932
20863,0.005067451028735377
20864,0.0115093327104114
20865,0.0030774986709002404
20866,0.028276566420681774
20867,0.004368707129615359
20868,0.028132620276883246
20869,0.010138973293360323
20870,0.019170710345497353
20871,0.001478773145354353
20872,0.0030581339503987694
20873,0.028132620276883246
20874,0.004368707129615359
20875,0.11567388171330094
20876,0.006465709983604029
20877,0.0053713633061852305
20878,0.005344303833553567
20879,0.0013154885184485465
20880,0.002697845198272262
20881,0.0032931817998178305
20882,0.0032931817998178305
20883,0.0019011044324724934
20884,0.02105016083223745
20885,0.05456040131859481
20886,0.0029608766501769425
20887,0.008769600170198828
20888,0.10891402876004577
20889,0.07628798007965087
20890,0.0028467642058967613
20891,0.0028467642058967613
20892,0.052914802581071854
20893,0.014923235743772238
20894,0.0028467642058967613
20895,0.04187262593768537
20896,0.007855584702920169
20897,0.00523978597309906
20898,0.016983099854551254
20899,0.003641379074542783
20900,0.13337394328787922
20901,0.010268549077445642
20902,0.03939945408143103
20903,0.02598245825152844
20904,0.07397161290980875
20905,0.00951583075686358
20906,0.024326232499442994
20907,0.012782318047247826
20908,0.018438427657820285
20909,0.02895046254619956
20910,0.07095307131297886
20911,0.01319544117199257
20912,0.08968378398567438
20913,0.016834078666288405
20914,0.0018499571437132546
20915,0.13409779813140632
20916,0.018048492970410734
20917,0.0034247963881352916
20918,0.0034247963881352916
20919,0.0054378882329911
20920,0.0011811644709086976
20921,0.017108233203180133
20922,0.0032784224452916534
20923,0.04603576242923737
20924,0.025977334072813392
20925,0.8514112797379494
20926,0.023753329911269248
20927,0.005037424544570968
20928,0.09088621806353331
20929,0.01767856551101431
20930,0.07191542564891279
20931,0.00876108299009502
20932,0.0277301141875796
20933,0.0031536911230068652
20934,0.002459897993248887
20935,0.0164008669112809
20936,0.005525598025415092
20937,0.07802586116828024
20938,0.054018261292949316
20939,0.005771764605306089
20940,0.015097066431771965
20941,0.03051092565525323
20942,0.06684796159155666
20943,0.009139655088074506
20944,0.0054184559622081
20945,0.05935718356631696
20946,0.05935718356631696
20947,0.8928177806735039
20948,0.05935718356631696
20949,0.0059405577811412515
20950,0.019488504133187236
20951,0.04603825726546347
20952,0.0022418883777572773
20953,0.1332710927352309
20954,0.004025656342855654
20955,8.750390878412873e-4
20956,0.9324045342206955
20957,0.008378698212327436
20958,0.047327253557741644
20959,0.012310207656119019
20960,0.006723898457130418
20961,0.014567982295993716
20962,0.016077610042411834
20963,0.016077610042411834
20964,0.018489649491384624
20965,0.06346926390193403
20966,0.0015529877986409702
20967,0.0019645456830039622
20968,0.03850288859102875
20969,0.027181171379052103
20970,0.037149893548339606
20971,0.037149893548339606
20972,0.05083952195942402
20973,0.01154382033739239
20974,0.9464551794528961
20975,0.1306985199637711
20976,0.19076637513935565
20977,0.028487058230675755
20978,0.9399679109454155
20979,0.008905534212244675
20980,0.019084583295043558
20981,0.2520742240920663
20982,0.05796106046065688
20983,0.02821895046159625
20984,0.0013133353524608538
20985,0.0013133353524608538
20986,0.1601727158203721
20987,0.005338440535124392
20988,0.0022273241862421854
20989,0.0026310149926575834
20990,0.03165723267942667
20991,0.002815554615226574
20992,0.021227886457927524
20993,0.9707623332738876
20994,0.0013133353524608538
20995,0.0064269106078427285
20996,0.0018057908440823668
20997,0.004626237702323124
20998,0.10621389569714665
20999,0.0031493911490542816
21000,0.0018443681631470099
21001,0.03549002808984369
21002,0.18887386478483678
21003,0.007081755881663412
21004,0.08575407842174172
21005,0.2539460907876492
21006,0.04977944836951792
21007,0.048760659042745826
21008,0.002666932108695619
21009,0.248673124499619
21010,0.1814900090545416
21011,0.0036145712033612653
21012,0.0830478047952056
21013,0.0013133353524608538
21014,0.023130524954758584
21015,0.05444931945763529
21016,0.13455855732783675
21017,0.21660621233284474
21018,0.08777214620262384
21019,0.012026422580238432
21020,0.0034958352730609476
21021,0.26073796931654214
21022,0.7512223444879055
21023,0.05115501035936177
21024,0.0968916323967278
21025,0.027886076415888965
21026,0.08865899424999953
21027,0.22653504204005004
21028,0.06332644773647189
21029,0.010104526556096971
21030,0.019278881498612465
21031,0.06638381996192039
21032,0.007763377006631345
21033,0.9398318442702294
21034,4.3301360274199395e-4
21035,0.0014461261009273585
21036,4.3301360274199395e-4
21037,7.93408242170699e-4
21038,4.3301360274199395e-4
21039,0.8314240118861198
21040,4.3301360274199395e-4
21041,4.3301360274199395e-4
21042,4.3301360274199395e-4
21043,4.3301360274199395e-4
21044,5.729273307952099e-4
21045,0.1826900437474251
21046,4.3301360274199395e-4
21047,4.3301360274199395e-4
21048,0.87932756960392
21049,0.13831035923212767
21050,0.02807818581815809
21051,4.3301360274199395e-4
21052,4.3301360274199395e-4
21053,4.3301360274199395e-4
21054,4.3301360274199395e-4
21055,4.3301360274199395e-4
21056,4.3301360274199395e-4
21057,4.3301360274199395e-4
21058,0.001165895502199419
21059,4.3301360274199395e-4
21060,4.3301360274199395e-4
21061,8.159331233764533e-4
21062,4.3301360274199395e-4
21063,0.09512743528932333
21064,7.93408242170699e-4
21065,7.93408242170699e-4
21066,0.014395418416243047
21067,0.009330370005918666
21068,0.01178836313658394
21069,0.7875542965531349
21070,0.0026481385092483834
21071,0.10883288472890854
21072,0.043239863272756335
21073,0.029367412142455578
21074,0.0012172648479463533
21075,0.0012172648479463533
21076,0.0012172648479463533
21077,0.0012172648479463533
21078,0.0664747628942132
21079,0.6310779847204685
21080,0.02314641841687262
21081,0.06731054965406656
21082,0.08353627944365144
21083,0.0017620353068923578
21084,0.0012172648479463533
21085,0.00816022141952999
21086,0.043551489152014254
21087,0.0037152573477942496
21088,0.005425197812146507
21089,0.004688589081633836
21090,0.0020592877123272045
21091,0.011984305781079457
21092,0.0023717899675830267
21093,0.005474691386334598
21094,0.06745333630591631
21095,0.00712930564652197
21096,0.0018624078467837535
21097,0.016626254215370864
21098,0.051410301439464096
21099,0.00393324579927139
21100,0.007257478919345885
21101,0.19569518290460108
21102,0.11728447169065476
21103,0.036147239133715627
21104,0.0013330015397514216
21105,0.025443926388397813
21106,0.004691872451803647
21107,0.16236417910084128
21108,0.19932953000068665
21109,0.10736952506005765
21110,0.038419504263438285
21111,0.06703683456405997
21112,0.003550736022880301
21113,0.982470290362835
21114,0.025229263417422772
21115,0.027692217680159958
21116,0.0066251222428400066
21117,0.01433176624472253
21118,0.6831836540997028
21119,0.26174333330243826
21120,0.002274402660259511
21121,0.048101910268887875
21122,0.12173081023618579
21123,0.12034092543646693
21124,0.0014036684506572783
21125,0.0023883434268645943
21126,0.006647432494210079
21127,0.10803196382708848
21128,0.16048145093023777
21129,0.06605809656903147
21130,0.07093821102753281
21131,0.5601510551571846
21132,0.1906258147954941
21133,0.9711329218745232
21134,0.6531008003652096
21135,0.02690874826628715
21136,0.02690874826628715
21137,0.002935035573318601
21138,0.13088666390627623
21139,0.02690874826628715
21140,0.008970316966297106
21141,0.013682150265667587
21142,0.005266331591992639
21143,0.01261813732329756
21144,0.28550957098603247
21145,0.002585237264574971
21146,0.004755285817664117
21147,0.03654177641030401
21148,0.7823429813981057
21149,0.010920172212645412
21150,0.00814245049492456
21151,0.38579220429062844
21152,0.009536441549425945
21153,0.006398440239136108
21154,0.3671424632519484
21155,0.04696789202280342
21156,0.9550928398966789
21157,0.002871933621354401
21158,0.13593274392187596
21159,0.002501519171055406
21160,0.02447846797294915
21161,0.061967802811414
21162,0.9666696226596833
21163,0.01248166584293358
21164,0.09777423543855548
21165,0.02370823672041297
21166,0.0011286888558970532
21167,0.025393226952292024
21168,0.0066072723979596045
21169,0.02570225600618869
21170,0.8928484004735947
21171,0.1609852308779955
21172,0.7302229073643685
21173,0.01844501300016418
21174,0.006081955851987004
21175,0.5906306439638138
21176,0.1719623104482889
21177,0.004222606536350213
21178,0.008438879491295665
21179,0.002149183494329918
21180,0.001522890800551977
21181,0.0950178262218833
21182,0.024835675321519375
21183,0.848017255961895
21184,0.17789959944784642
21185,0.0076687740534543995
21186,0.2099170234799385
21187,0.08880964992567897
21188,0.003887152299284935
21189,0.03067086168564856
21190,0.01256336848018691
21191,0.008014228092506528
21192,0.019387989297974854
21193,0.0023729289168841206
21194,0.08330848656594753
21195,0.055173505144193766
21196,0.07053782808594405
21197,0.0025643676816252993
21198,0.17930077183991672
21199,0.05274699836038053
21200,0.09829233556985856
21201,0.02285339217633009
21202,0.004941356641356833
21203,0.01265359400305897
21204,0.0018421405542176216
21205,0.0031494449311867357
21206,0.13929647356271743
21207,0.6351543870568276
21208,0.09250983122736216
21209,0.9901590543985367
21210,0.0018405976553913207
21211,0.03446616707369685
21212,0.04682752271182835
21213,0.002841071623552125
21214,0.0054959760559722785
21215,0.0036010365351103247
21216,0.06322768973186613
21217,0.9909850293397904
21218,0.005809111336711794
21219,0.014041300083044916
21220,0.013910974084865302
21221,0.2750162256881595
21222,0.17949842859059573
21223,0.03432049009948969
21224,0.03456824054010212
21225,0.11028179745189845
21226,0.021114437645301222
21227,0.09289193352684379
21228,0.0031960847129812466
21229,0.010365187561837956
21230,0.004786053006537259
21231,0.004339747921330854
21232,0.6910008580982685
21233,0.07352181427180766
21234,0.1291936588846147
21235,0.31240663938224317
21236,0.011974328842479736
21237,0.9299818512797355
21238,0.03858596186619252
21239,7.519468091777526e-4
21240,6.50377795973327e-4
21241,0.004241089778370224
21242,0.0021420763854985126
21243,5.610593441815581e-4
21244,0.00609859116259031
21245,7.519468091777526e-4
21246,7.519468091777526e-4
21247,0.0012472218908078502
21248,0.0012472218908078502
21249,0.0013504508027108386
21250,0.0012472218908078502
21251,7.519468091777526e-4
21252,0.00722118086356204
21253,0.029289939044974744
21254,7.519468091777526e-4
21255,7.519468091777526e-4
21256,7.519468091777526e-4
21257,6.50377795973327e-4
21258,7.519468091777526e-4
21259,7.519468091777526e-4
21260,6.50377795973327e-4
21261,7.519468091777526e-4
21262,7.519468091777526e-4
21263,3.400646557201981e-4
21264,7.519468091777526e-4
21265,0.002962249952543061
21266,0.0028051499792491087
21267,0.008458768805721774
21268,7.519468091777526e-4
21269,0.013510631462559104
21270,0.16333837511017918
21271,0.5067307758331299
21272,7.519468091777526e-4
21273,7.519468091777526e-4
21274,7.519468091777526e-4
21275,0.03286500552669167
21276,0.009777620550012215
21277,0.10589703109115362
21278,0.01751610800623894
21279,0.03298534337431192
21280,0.0021622743210173213
21281,0.023948345207609235
21282,0.02426869832444936
21283,0.03298534337431192
21284,0.46157599285244943
21285,0.06661122435703874
21286,0.002927750344388187
21287,0.009196622564923018
21288,0.002927750344388187
21289,0.0010071501480706502
21290,0.036382535048760475
21291,0.03280819618143141
21292,0.002486274547409266
21293,0.06724357521161436
21294,0.8207370203733444
21295,0.03623287099413574
21296,0.003364794386434369
21297,0.008626019791699946
21298,0.046494476227089764
21299,0.057195937987416984
21300,0.0032626805966719987
21301,0.006501560774049722
21302,0.1284531819820404
21303,0.0040969066839898005
21304,0.4921613622456789
21305,0.029659034246578814
21306,0.10725415892899036
21307,0.9921881836652756
21308,0.02969540955964476
21309,0.3446348954737186
21310,0.10482416840270162
21311,0.011528629104141146
21312,0.047627271013334395
21313,0.008131991282571107
21314,0.060722710927948356
21315,0.010934590332908556
21316,0.0015645848881104029
21317,0.25845287963747976
21318,0.004680549404583872
21319,0.013849951748270542
21320,0.3069086620956659
21321,0.004661391490371898
21322,0.0026219527411740274
21323,0.013849951748270542
21324,0.03305911522358656
21325,0.0029973908618558197
21326,0.9845028749108314
21327,0.004862901433371008
21328,0.0021725423660245726
21329,0.0027215814986266194
21330,0.01319233360234648
21331,0.02777746911160648
21332,0.004761519779567607
21333,0.161834583459422
21334,0.47716233775019645
21335,0.9737776646018028
21336,0.004879900080850348
21337,0.04776294647715986
21338,0.08289316932670772
21339,0.7928106167912483
21340,0.047970900805667044
21341,0.012157439382281154
21342,0.049870430938899514
21343,0.004678257726482116
21344,0.0037321665155468507
21345,0.06493161293677986
21346,0.02979837516322732
21347,0.020160767142660917
21348,0.023043516902253033
21349,7.953719198121689e-4
21350,0.0723367649037391
21351,0.01625164949800819
21352,0.3760069749504328
21353,0.017238629553467034
21354,0.08041405137628317
21355,0.02373418137896806
21356,0.026074581656139344
21357,0.010285141612403095
21358,0.92550497144460675
21359,0.09703860817477107
21360,0.0038190512254368514
21361,0.0035246482788352297
21362,0.025007784957997502
21363,0.8237659206986427
21364,0.0018450087998644448
21365,0.03853757721371949
21366,0.20979467619210482
21367,0.0027708919759606944
21368,0.10038392595946789
21369,0.1364926976710558
21370,0.002793511843192391
21371,0.0012104804786213209
21372,0.01748985704034567
21373,0.03755141984671354
21374,0.7108270287513733
21375,0.014511064374819398
21376,0.059218708341941234
21377,0.01706268373411149
21378,0.4946719891577959
21379,0.028716890504583717
21380,0.1139967367425561
21381,0.08598751544952393
21382,0.6513313791155815
21383,0.028214469314552845
21384,0.015741662150248886
21385,0.3218217410892248
21386,0.1693359901383519
21387,0.0026301654282724486
21388,0.22671529244631528
21389,0.3100455470383167
21390,0.02134386952733621
21391,0.005630118938279338
21392,0.06170776756480336
21393,0.055852891243994236
21394,0.5706536933034658
21395,0.03290249964222312
21396,0.011973559011239558
21397,0.030791689436882735
21398,0.08814968101680279
21399,0.1993955154530704
21400,0.20240427138283848
21401,0.028298939415253698
21402,0.023330127927474676
21403,0.2595205591619015
21404,0.5610599498450756
21405,0.06244276830926537
21406,0.05709445749409497
21407,0.00330769827531185
21408,0.02478214480448514
21409,0.0017305828319513238
21410,0.009145786685403437
21411,0.018617379025090485
21412,0.23008849151432514
21413,0.07298874422907829
21414,0.00449563123867847
21415,0.00581298038479872
21416,0.028731077732518314
21417,0.14717062961310148
21418,0.10718098506331444
21419,0.040473304633051155
21420,0.0548860161472112
21421,0.07408569770865142
21422,0.13345779765397311
21423,0.015766642845701426
21424,0.00917002250207588
21425,0.10164613397791981
21426,0.9824652370810508
21427,0.0890933707356453
21428,0.0010079849901376292
21429,0.0010079849901376292
21430,0.003021837778505869
21431,0.031138025699183346
21432,0.6091987663507461
21433,0.0010079849901376292
21434,0.0010106752366118598
21435,0.15172424597665668
21436,0.003367122646304779
21437,0.0010079849901376292
21438,4.6244863653555513e-4
21439,0.0010079849901376292
21440,0.0010079849901376292
21441,0.013524209258612245
21442,0.0010106752366118598
21443,0.0010106752366118598
21444,4.6244863653555513e-4
21445,0.0010079849901376292
21446,0.0010079849901376292
21447,0.0020618029826437122
21448,0.015866005499847232
21449,0.004530497128143907
21450,0.03430082724429667
21451,0.0010106752366118598
21452,0.0010079849901376292
21453,0.0010079849901376292
21454,0.0010079849901376292
21455,0.0010106752366118598
21456,0.14590011589229107
21457,0.09527947776019573
21458,0.8220055305957794
21459,0.8116322058439255
21460,0.6496475355327129
21461,0.6578179551661014
21462,0.0010079849901376292
21463,0.009025999311124905
21464,0.016937295091338456
21465,0.018662682517897336
21466,0.003297552989097312
21467,0.018650669252965598
21468,0.003590686243842356
21469,0.6016639576852322
21470,0.013503935686312616
21471,0.026141308220103382
21472,0.07127467941492796
21473,0.08183755891397596
21474,0.04001178864389658
21475,0.23736031729727983
21476,0.26594229966402055
21477,0.898423758149147
21478,0.025354547947645186
21479,0.0027527479716809465
21480,0.05724400743842125
21481,0.013044509761966765
21482,0.08675493245944381
21483,0.017443352180998774
21484,0.27299018390476704
21485,0.06071920028887689
21486,0.32973416574299336
21487,0.10375581918284298
21488,0.005537109617143869
21489,0.004086268009268678
21490,0.002975481831235811
21491,0.004497033938532695
21492,0.010809743527788669
21493,0.01379138584015891
21494,0.005020329551189207
21495,0.023315592880826443
21496,0.06941827953793109
21497,0.12298311710357666
21498,9.749726388690761e-4
21499,0.21178542762994768
21500,0.24656435437500476
21501,0.12298311710357666
21502,0.010991890603909269
21503,0.013550112259108573
21504,0.7426758348941803
21505,0.09868412133306265
21506,0.0018582070447155275
21507,0.0158933739294298
21508,0.013496386490296573
21509,0.9938314408063889
21510,0.3660306281596422
21511,0.0015508550600497983
21512,0.4474265110492706
21513,0.09157608998939396
21514,0.1505114483833313
21515,0.03976152796298266
21516,0.9955215921998024
21517,0.13590450946241617
21518,0.1738749467395246
21519,0.03502553270664066
21520,0.014391995733603835
21521,0.0017915466614067555
21522,0.1252157115191221
21523,0.00593095866497606
21524,0.006232400719891302
21525,0.07302506245672703
21526,0.8676287645101547
21527,0.3039661483466625
21528,0.09224320869892835
21529,0.0024751257110619917
21530,0.15165514055639506
21531,0.008230079010827467
21532,0.01055334127973765
21533,0.06390550611540675
21534,0.3989337736368179
21535,0.0014202058900264092
21536,0.12295002335682512
21537,0.10514189321547747
21538,0.0017693915602285414
21539,0.006319823451340198
21540,0.0019267230047262274
21541,0.09015981506556273
21542,0.002006822628027294
21543,0.010348577596014366
21544,0.023713018742855637
21545,0.0020114762580487875
21546,0.18866833098232746
21547,0.02014483398757875
21548,0.6491907384991645
21549,0.005995487405452877
21550,0.050376509074121716
21551,0.07914242373779416
21552,0.005354793358128518
21553,0.004251536568044684
21554,0.0027645131535246037
21555,0.007715220351237804
21556,0.06701958062127232
21557,0.5291890218853951
21558,0.0907270292378962
21559,0.22138571437448262
21560,0.4418077855557203
21561,0.01463665054528974
21562,0.022276549683883786
21563,0.048132752799428996
21564,0.0042221128416713325
21565,0.07225389515049756
21566,0.9880777794122696
21567,0.03228325224015862
21568,0.06509747419506312
21569,0.05204302226193249
21570,0.1556295519694686
21571,0.1330501983873546
21572,0.05804314786568284
21573,0.1574848382920027
21574,0.10892415527254343
21575,0.009145650033606217
21576,0.9653119757771492
21577,0.1914115434512496
21578,0.020395566248334943
21579,0.966845126748085
21580,0.01238891082815826
21581,0.30058487705886366
21582,0.12512472750619053
21583,0.054833811102434994
21584,0.45133492946624754
21585,0.008058001823956147
21586,0.7616868102550507
21587,0.39431116357445717
21588,0.001953441245568683
21589,0.001969063429860398
21590,0.05801074082963169
21591,0.0022522129034041427
21592,0.021675709742121397
21593,0.02618898298125714
21594,0.0037376810747082345
21595,0.003309275148785673
21596,0.25087669387459754
21597,0.0026219527411740274
21598,0.012342446739785374
21599,0.1045832071825862
21600,0.04012817818671465
21601,0.05936197725124657
21602,0.008492367790313437
21603,0.0026219527411740274
21604,0.00152550526894629
21605,0.02025227032136172
21606,0.042262453408911826
21607,0.9962201556563377
21608,0.16503042310476304
21609,0.043392292223870754
21610,0.09912579519674182
21611,0.0026219527411740274
21612,0.005463803523452953
21613,0.0038259448646567763
21614,0.01477191086858511
21615,0.9725776982307434
21616,0.005282409585779533
21617,0.9354232180118561
21618,0.034052698593586686
21619,0.007008685810724273
21620,0.012409859022591263
21621,0.004200568675296381
21622,0.09851335046812892
21623,0.00879565468756482
21624,0.7911872360110282
21625,0.00479706717072986
21626,0.19916047409176826
21627,0.17018533002585173
21628,0.004282517526298761
21629,0.10188566844910384
21630,0.0014762678745319135
21631,0.008342000363627448
21632,0.008410995493177325
21633,0.015081947844009846
21634,0.008410995493177325
21635,0.008410995493177325
21636,0.008410995493177325
21637,0.008410995493177325
21638,0.8940230068564415
21639,0.10779842818155885
21640,0.13927235659211873
21641,0.04134451910853386
21642,0.26506478324532506
21643,0.011111290117260069
21644,0.0052619699644856155
21645,0.17921702340245246
21646,0.0018117435090243817
21647,0.03354662424884736
21648,0.4827661878615618
21649,0.9842110523581504
21650,0.9825133866071701
21651,0.007544266189215705
21652,0.004569690835778601
21653,0.35640250526368616
21654,0.002094020910153631
21655,0.0028433368235710075
21656,0.09765704602003097
21657,0.13544855765998365
21658,0.06347571450285613
21659,0.22624322008341552
21660,0.40222630843520163
21661,0.014893925804644824
21662,0.03496295587159693
21663,0.007735542737646028
21664,0.030201656869612636
21665,0.04532318773213774
21666,0.09355280581861734
21667,0.010352244328241795
21668,0.974598050415516
21669,0.32456557482481
21670,0.07677136297337711
21671,0.24034518741071223
21672,0.01067363836336881
21673,0.21112462159246206
21674,0.08130583855323494
21675,0.07919691887684166
21676,0.05370994644239545
21677,0.005042467794846743
21678,0.03536593910306692
21679,0.0018801363656530156
21680,0.008615829286864028
21681,0.06720156791619956
21682,0.003806040771305561
21683,0.004522196992766112
21684,0.6235688865184784
21685,0.0044837751536397265
21686,0.43394756071269514
21687,0.08337641895748675
21688,0.043945017522200945
21689,0.004532928827102296
21690,0.020912307687103747
21691,0.030431474912911653
21692,0.028376485235057772
21693,0.001235620792140253
21694,0.0013388179907633457
21695,0.0023798312337021343
21696,0.0023798312337021343
21697,0.0031249810746521688
21698,0.010521599622443319
21699,0.348666665405035
21700,0.9849342676997185
21701,0.1369584298878908
21702,0.1603821584582329
21703,0.06898062730208039
21704,0.042366977548226714
21705,0.5613323610275984
21706,0.04580887821502984
21707,0.004089629278460052
21708,0.007670579293044284
21709,0.030124398646876216
21710,0.0216806886671111
21711,0.005475283155101351
21712,0.005758644471643493
21713,0.003190287779434584
21714,0.003110643351683393
21715,0.05606044584419578
21716,0.027229344733059407
21717,0.04957601357251406
21718,0.0031636128149693833
21719,0.2191565962508321
21720,0.22616940531879665
21721,0.011368514598580078
21722,0.06301235457882286
21723,0.09795654930174351
21724,0.03396534879691899
21725,0.007451680584345013
21726,0.006114339233608917
21727,0.06987733200192452
21728,0.0040156927047064524
21729,0.025330478521063925
21730,0.13485561536625026
21731,0.37908637307584286
21732,0.21415650594979524
21733,0.022489785219077022
21734,0.13293150268495083
21735,0.007000924687599763
21736,0.017669548112899065
21737,0.007110741774085909
21738,0.33087759036570785
21739,0.035502614029683174
21740,0.0056670363759621974
21741,0.03353703184053302
21742,0.03353703184053302
21743,0.45012079149484635
21744,0.0015675952291348948
21745,0.21415650594979524
21746,0.04218456462491304
21747,0.004668002048856579
21748,0.04413429194130004
21749,0.037226471584290266
21750,0.00733454642817378
21751,0.12366902995854616
21752,0.012587274787947536
21753,0.002624789021501783
21754,0.06409948792308569
21755,0.13062780229374765
21756,0.0035310526605462655
21757,0.08738255450502037
21758,0.027785641057416797
21759,0.0021397151428391224
21760,0.19083190001547337
21761,0.27976393278688194
21762,0.24729266464710237
21763,0.051855645021423695
21764,0.20941303472965955
21765,0.1744393480569124
21766,0.0752019620500505
21767,0.0041606292076176036
21768,0.0020274178494582885
21769,0.057010764935985205
21770,0.0020274178494582885
21771,0.0048603134346194565
21772,0.0020274178494582885
21773,0.0020274178494582885
21774,0.0010980359294626397
21775,0.5211956490576267
21776,0.07453555701300502
21777,0.3421564892679453
21778,0.5570981328934431
21779,0.012155358977615834
21780,0.004894547854783013
21781,0.8829158070683479
21782,0.007769281606888398
21783,0.09129929596558213
21784,0.0136746232281439
21785,0.015488589140586555
21786,0.0579813555534929
21787,0.07381317162886263
21788,0.89589083850383755
21789,0.03134638891555369
21790,0.14485327254980804
21791,0.0017599237628746778
21792,0.01237575960229151
21793,0.09477049490436912
21794,0.012900658494327217
21795,0.08500646227970719
21796,0.002400621507840697
21797,0.9534587469696999
21798,0.003130743971269112
21799,0.47438725143671034
21800,0.12043098821304739
21801,0.13296475108712913
21802,0.019023600690998135
21803,0.653461545407772
21804,0.004725720107089728
21805,0.037191508277319374
21806,0.0015661297153565102
21807,0.17891988947987555
21808,0.14186102740466594
21809,0.030136925196275116
21810,0.006863009205553681
21811,0.006228159368038178
21812,0.002522186985879671
21813,0.32503875620663164
21814,0.07943295078352093
21815,0.07943295078352093
21816,0.012311068300623446
21817,0.39721668340265753
21818,0.014693481500726193
21819,0.01451254996471107
21820,0.8309097307920456
21821,0.012186900146771222
21822,0.006442733199801296
21823,0.058452776074409483
21824,0.0046578925417270515
21825,0.02498742116848007
21826,0.02715760528575629
21827,0.002297391747124493
21828,0.009305502200732008
21829,0.026784230712801217
21830,0.054724162900820376
21831,0.0076899636816233395
21832,0.4693872007727623
21833,0.003031635533552617
21834,0.11100413234904409
21835,0.0036727125351899304
21836,0.13344616958871483
21837,0.46873717695474626
21838,0.8316051113605499
21839,0.054987675845623016
21840,0.8373036339879036
21841,0.013160250617656856
21842,0.005324815577478148
21843,0.9656417855620384
21844,0.00164275103728869
21845,0.02168444988084957
21846,0.00626513194758445
21847,0.9925598791241645
21848,0.00786094149108976
21849,0.0032347425760235636
21850,0.27942469377070667
21851,0.984397155046463
21852,0.29116124138236044
21853,0.05154902067035436
21854,0.010960347021464258
21855,0.1459662938863039
21856,0.005453806361183524
21857,0.0069305490865372125
21858,0.1270786762982607
21859,0.001968381339975167
21860,0.0022513425900251606
21861,0.01983108731918037
21862,0.0024735445500118657
21863,0.476458837389946
21864,0.11586183801293373
21865,0.11586183801293373
21866,0.11586183801293373
21867,0.07649501622188837
21868,0.3046539725363255
21869,0.0017612717124575283
21870,0.9442355865240097
21871,0.476458837389946
21872,0.9208875593543052
21873,0.07165698890574276
21874,0.10558288965374231
21875,0.0797700047492981
21876,0.1385649713128805
21877,0.0024800210999092087
21878,0.15055872085504235
21879,0.001597233484062599
21880,0.044300224790349604
21881,0.0026871526119066403
21882,0.6013864351809025
21883,0.013024982020724565
21884,0.4108393986523151
21885,0.007947644601808862
21886,0.0058034563990077
21887,0.29627278678119184
21888,0.06423724049702287
21889,0.02544730979716405
21890,0.002060490109724924
21891,0.003916093012085184
21892,0.08207561237737536
21893,0.6115862268209458
21894,0.02376378480810672
21895,0.11458311893045903
21896,0.0014691945517552084
21897,0.04647606513462961
21898,0.08347327971830965
21899,0.014959283355856313
21900,0.9247715640068054
21901,0.07039804960601032
21902,0.016617428236640988
21903,0.9782428684830665
21904,0.07812518894672393
21905,0.037767802574671806
21906,0.0043078285589581355
21907,0.9331722825765609
21908,0.11646265916526317
21909,0.1557065125182271
21910,0.10292897250503302
21911,0.007974583295872435
21912,0.284529996663332
21913,0.00872662129928358
21914,0.5211889670789241
21915,0.04358898828271776
21916,0.21772453390061855
21917,0.020834684656001627
21918,0.028601269950158895
21919,0.20563989851623773
21920,0.12855089280754328
21921,0.1009922507405281
21922,0.2556652005016804
21923,0.215506760366261
21924,0.019340279935859142
21925,0.06183692798018456
21926,0.13952747967094184
21927,0.002575269840308465
21928,0.025884030177257954
21929,0.001484394725994207
21930,0.009449938618345186
21931,0.08132952592335642
21932,0.3322159218788147
21933,0.9560018709301948
21934,0.017859710084740073
21935,0.02054268599487841
21936,0.020991835084278137
21937,0.2573521999642253
21938,0.002753562935104128
21939,0.0034879989130422472
21940,0.16060786321759224
21941,0.005662616193876602
21942,0.00874324696836993
21943,0.03797836611047387
21944,0.0022177004787954503
21945,0.004366888715303503
21946,0.004338702668901533
21947,0.397910413518548
21948,0.10632612647488714
21949,0.6791643767058849
21950,0.010618219333700836
21951,0.01956553511088714
21952,0.008821413835976273
21953,0.1116414200887084
21954,0.017084410034585745
21955,0.04367151248268783
21956,0.5345515862107277
21957,0.0042757890350185335
21958,0.005623436181922443
21959,0.6763189928233624
21960,0.003581891222856939
21961,0.005371363937156275
21962,0.0013638464947871398
21963,0.1024012260325253
21964,0.04181327071040869
21965,0.012765348209068179
21966,0.9805216065049172
21967,0.005332631458877586
21968,0.007707625877810642
21969,0.01798714887816459
21970,0.11251354983076453
21971,0.0033750630245776847
21972,0.13812766334041954
21973,0.8015973588824272
21974,0.007915327864466234
21975,0.035160173806361855
21976,0.08438830588944256
21977,0.22877769455313682
21978,0.001441574106720509
21979,0.0013963551609776914
21980,0.00712636443960946
21981,0.15404874237254262
21982,0.016831599501892926
21983,0.24027048338204623
21984,0.09436204509809613
21985,0.003208176982589066
21986,0.004357765806489624
21987,0.06402331665158272
21988,0.026050232383422554
21989,0.004374036953377072
21990,0.033073136652819815
21991,0.17678753472864628
21992,0.9390628784894943
21993,0.026792545863427223
21994,0.08480651785619557
21995,0.05839957192540169
21996,0.13018185272812843
21997,0.0020335413693101144
21998,0.05816943353973329
21999,0.2463554359227419
22000,0.002291528794739861
22001,0.04475095834583044
22002,0.006368138096295297
22003,0.005053723661694676
22004,0.006097362269647419
22005,0.005187412021914497
22006,0.008391494386596605
22007,0.0030493190462584606
22008,0.005187412021914497
22009,0.25027885776013137
22010,0.046519696228206155
22011,0.021613748129457235
22012,0.14779256669804453
22013,0.015011877415236085
22014,0.08434692483395338
22015,0.5398692482709885
22016,0.9815765383839608
22017,0.5784183000028134
22018,0.008338813445298
22019,0.08434692483395338
22020,0.09336821679025889
22021,0.08434692483395338
22022,0.15467409677803517
22023,0.007340815698262304
22024,0.12132191676646471
22025,0.00536821665125899
22026,0.4687741344422102
22027,0.009552892569918186
22028,0.1692885646224022
22029,0.00258769055333687
22030,0.11323243400081992
22031,0.012101738897617906
22032,0.23601370640099048
22033,0.007873085169121623
22034,0.016951843984425067
22035,0.0027241693303221835
22036,0.5775611846148968
22037,0.09993893558159471
22038,0.013743923553265631
22039,0.008817245629616081
22040,0.0024843589903321118
22041,0.01034479986759834
22042,0.06833209521137178
22043,0.009478383713867515
22044,9.978326341661158e-4
22045,0.0026027237882954067
22046,0.03274980254005641
22047,0.12675839342176914
22048,0.0077768880862277
22049,0.0011249977417173795
22050,9.978326341661158e-4
22051,0.0011249977417173795
22052,0.0011249977417173795
22053,0.001998131425352767
22054,0.05872302697040141
22055,0.0011249977417173795
22056,9.978326341661158e-4
22057,0.28013648875057695
22058,0.9666946133971215
22059,0.0035190326924202965
22060,0.014310177038423718
22061,0.0011249977417173795
22062,9.978326341661158e-4
22063,9.978326341661158e-4
22064,0.045085348468273875
22065,0.0068320045142900195
22066,0.5529093785583973
22067,0.0011249977417173795
22068,9.978326341661158e-4
22069,0.0015865559622761794
22070,0.006394710545428097
22071,0.006373962567304261
22072,0.8164346459507942
22073,0.18231753051280974
22074,0.01160351951024495
22075,9.978326341661158e-4
22076,0.05067686976864934
22077,0.07203956784680486
22078,0.04249146229587495
22079,0.0034868658852064984
22080,0.024957450637593866
22081,0.0010170978469250258
22082,0.0015130898950155825
22083,0.017377678484190254
22084,0.23929826624691486
22085,0.049458443764597175
22086,0.006889772911090403
22087,0.031991392667405305
22088,0.10986132178455592
22089,0.05995785403996706
22090,0.001176707069389522
22091,0.06229005479253828
22092,0.07203956784680486
22093,0.028753570234403013
22094,0.29618402615189554
22095,0.0012086956611892675
22096,0.011622689568903298
22097,0.010988103084964678
22098,0.004032029152731411
22099,0.9822251555323601
22100,0.10360346499830485
22101,0.0016236830921843649
22102,0.003801357958000153
22103,0.0065788613993208855
22104,0.0017420613739523106
22105,0.053061934020370245
22106,0.991589202284813
22107,0.0017420613739523106
22108,0.009214038926875218
22109,0.0017420613739523106
22110,0.17313575983047486
22111,0.0017420613739523106
22112,0.0016322690987726673
22113,0.0017420613739523106
22114,0.0017420613739523106
22115,0.027400354514829816
22116,0.004573324196971953
22117,0.06603616815060377
22118,0.003801357958000153
22119,0.0022410747534013353
22120,0.0383050248818472
22121,0.017201960319653153
22122,9.301725632394664e-4
22123,0.8816151824593544
22124,0.24685708407312631
22125,0.04854165967553854
22126,0.010197128993459046
22127,0.004648898349842057
22128,0.19157164435833693
22129,0.004321372811682522
22130,0.016793408640660347
22131,0.08839842054061592
22132,0.004478071930352598
22133,0.0015130898950155825
22134,0.0015130898950155825
22135,0.0015130898950155825
22136,0.0015130898950155825
22137,0.008735278039821423
22138,0.0015130898950155825
22139,0.0147741818591021
22140,0.0015130898950155825
22141,0.7336034867167472
22142,0.039396279160864654
22143,0.0015130898950155825
22144,0.0015130898950155825
22145,0.21859161354601384
22146,0.012268136516213416
22147,0.0015130898950155825
22148,0.0015130898950155825
22149,0.0640142794046551
22150,0.0015130898950155825
22151,0.0015130898950155825
22152,0.0637367048766464
22153,0.0015130898950155825
22154,0.18995172396302223
22155,0.7003094108402729
22156,0.11580090802162886
22157,0.9857693812251092
22158,0.031237881695851684
22159,0.09767402725294233
22160,0.2902147323265672
22161,0.009078504340723157
22162,0.0027567745387204923
22163,0.25041089970618485
22164,0.006835703313117847
22165,0.1503767042607069
22166,0.017317679470870644
22167,0.01879562875023112
22168,0.07425282708369195
22169,0.07029044670052827
22170,0.05942185530439019
22171,0.08291699380613864
22172,0.0084156592405634
22173,0.16335299724712968
22174,0.0011099868471501394
22175,0.0011099868471501394
22176,0.08694753268733621
22177,0.02376381231704727
22178,0.08621124844998121
22179,0.28247754588723184
22180,0.09271218940615654
22181,0.04205947439186275
22182,0.09307189984247088
22183,0.005225023544044234
22184,0.007558292344911024
22185,0.00800644100178033
